課次	泰文	舊拼音(Sheet)	新拼音(目的達)	中文	來源	備註
初 1	สวัสดี ค่ะ / ครับ	sawatdee kha / khrap	saˇ watˇ dhī kaˋ / krap~	你好	derived	
初 1	เชิญ	cheun	chə̄n	請	derived	
初 1	ขอบคุณ ค่ะ/ครับ	khop khun kha/khrap	kɔ̄pˇ kun kaˋ/krap~	謝謝你	derived	
初 1	ไม่ต้องเกรงใจ	mai tong kreng jai	maiˋ dɔ̄ngˋ grēng jai	不用掛心、不客氣	engine-auto	
初 1	ขอโทษ	kho thot	kɔ̄ˊ tōtˋ	對不起	engine-auto	
初 1	ไม่เป็นไร	mai pen rai	maiˋ ben rai	沒關係	engine-auto	
初 1	ไม่รู้	mai ru	maiˋ rū~	不知道	derived	
初 1	บ๊ายบาย	bai bai	bhāi~ bhāi	再見	derived	
初 1	สู้ ๆ	suu suu	sūˋ sūˋ	加油	book-exact	
初 1	โชคดีนะ	chok dee na	chōkˋ dhī na~	祝好運	derived	
初 1	ขอบคุณ ค่ะ/ครับ	khop khun kha/khrap	kɔ̄pˇ kun kaˋ/krap~	謝謝你	derived	
初 1	ขอบคุณ มาก	khop khun mak	kɔ̄pˇ kun mākˋ	很謝謝你	derived	
初 1	ขอโทษ ค่ะ/ครับ	kho thot kha/khrap	kɔ̄ˊ tōtˋ kaˋ/krap~	對不起	derived	
初 1	ขอโทษจริง ๆ	kho thot jing jing	kɔ̄ˊ tōtˋ jing kɔ̄ˊ tōtˋ jing	真是對不起	derived	
初 1	ดี ค่ะ/ครับ	dee kha/khrap	dhī kaˋ/krap~	好	derived	
初 1	ดีมาก ค่ะ/ครับ	dee mak kha/khrap	dhī mākˋ kaˋ/krap~	很好	derived	
初 1	สวย	suay	sūayˊ	美	derived	
初 1	สวยมาก	suay mak	sūayˊ mākˋ	很美	derived	
初 1	เก่ง	keng	gēngˇ	棒	engine-auto	
初 1	เก่งมาก	keng mak	gēngˇ mākˋ	很棒	engine-auto	
初 1	สนุก	sanuk	saˇ nuk~	有趣、好玩	derived	
初 1	สนุกมาก	sanuk mak	saˇ nuk~ mākˋ	很有趣、很好玩	derived	
初 1	อร่อย	aroi	aˇ rɔ̄iˋ	好吃	derived	
初 1	อร่อยมาก	aroi mak	aˇ rɔ̄iˋ mākˋ	很好吃	engine-auto	
初 1	แล้วเจอกันนะ	laew jer gan na	lɛ̄u~ jə̄ gan na~	待會兒見	derived	
初 1	สบายดีไหม	sabai dee mai	saˇ bhāi dhī maiˊ	舒服嗎？/好嗎？	derived	
初 1	สบายดี	sabai dee	saˇ bhāi dhī	好	derived	
初 1	ดีไหม	dee mai	dhī maiˊ	好嗎？	derived	
初 1	ดี	dee	dhī	好	derived	
初 1	ดีมาก	dee mak	dhī mākˋ	很好	derived	
初 1	ไม่ดี	mai dee	maiˋ dhī	不好	engine-auto	
初 1	ไม่ค่อยดี	mai khoi dee	maiˋ kɔ̄iˋ dhī	不太好	derived	
初 1	สนุกไหม	sanuk mai	saˇ nuk~ maiˊ	好玩嗎？	derived	
初 1	สนุก	sanuk	saˇ nuk~	好玩	derived	
初 1	สนุกมาก	sanuk mak	saˇ nuk~ mākˋ	很好玩	derived	
初 1	ไม่สนุก	mai sanuk	maiˋ saˇ nuk~	不好玩	derived	
初 1	ไม่ค่อยสนุก	mai khoi sanuk	maiˋ kɔ̄iˋ saˇ nuk~	不太好玩	derived	
初 1	หิวไหม	hiu mai	hiwˊ maiˊ	餓嗎？	derived	
初 1	หิว	hiu	hiwˊ	餓	derived	
初 1	หิวมาก	hiu mak	hiwˊ mākˋ	很餓	derived	
初 1	ไม่หิว	mai hiu	maiˋ hiwˊ	不餓	derived	
初 1	ไม่ค่อยหิว	mai khoi hiu	maiˋ kɔ̄iˋ hiwˊ	不太餓	derived	
初 1	หิวน้ำนิดหน่อย	hiu nam nit noi	hiwˊ nām~ nit~ nɔ̄iˇ	有一點點口渴	derived	
初 1	เวลากินข้าว	wela gin khao	wē lā gin kāuˋ	吃飯時	engine-auto	
初 1	เครื่องดื่ม	kruang duem	krɯ̄angˋ dhɯ̄mˇ	飲料	derived	
初 1	เผ็ดไหม	pet mai	petˇ maiˊ	辣嗎？	derived	
初 1	เปรี้ยว	briau	brīauˋ	酸	derived	
初 1	เค็ม	kem	kem	鹹	derived	
初 1	หวาน	wan	wānˊ	甜	derived	
初 1	หอม	hom	hɔ̄mˊ	香	derived	
初 1	สด	sot	sotˇ	新鮮	engine-auto	
初 1	อร่อย	aroi	aˇ rɔ̄iˋ	好吃	derived	
初 1	น้ำร้อน	nam ron	nām~ rɔ̄n~	熱水	derived	
初 1	น้ำเย็น	nam yen	nām~ yen	冷水	derived	
初 1	ชา	cha	chā	茶	derived	
初 1	กาแฟ	gafe	gā fɛ̄	咖啡	derived	
初 1	โกโก้	gogo	gō gōˋ	可可	derived	
初 1	โค้ก	kok	kōk~	可樂	derived	
初 1	เป๊ปซี่	pepsi	bēp~ sīˋ	百事可樂	derived	
初 1	เบียร์	bia	bhīa	啤酒	derived	
初 1	โค้กเย็น	kok yen	kōk~ yen	冰可樂	derived	
初 1	โค้กไม่เย็น	kok mai yen	kōk~ maiˋ yen	不冰的可樂	derived	
初 1	เมืองไทยไกลไหม	muang thai glai mai	mɯ̄ang tai glai maiˊ	泰國遠嗎？	derived	
初 1	เมืองจีนใหญ่ไหม	muang jin yai mai	mɯ̄ang jīn yaiˇ maiˊ	中國大嗎？	derived	
初 1	เกาหลีหนาวไหม	gao-li nao mai	gāu līˊ nāuˊ maiˊ	韓國冷嗎？	derived	
初 1	ภาษาไทยยากไหม	phasa thai yaak mai	pā sāˊ tai yākˋ maiˊ	泰語難嗎？	derived	
初 1	ไทย	thai	tai	泰國	derived	
初 1	จีน	jin	jīn	中國	derived	
初 1	ลาว	lao	lāu	寮國	derived	
初 1	พม่า	pa ma	pa~ māˋ	緬甸	derived	
初 1	อินเดีย	india	in dhīa	印度	derived	
初 1	ญี่ปุ่น	yi bun	yīˋ bunˇ	日本	derived	
初 1	เกาหลี	gaoli	gāu līˊ	韓國	derived	
初 1	ไต้หวัน	dai wan	daiˋ wanˊ	台灣	derived	
初 1	เวียดนาม	viat nam	wīatˋ nām	越南	derived	
初 1	กัมพูชา	gam pu cha	gam pū chā	柬埔寨	derived	
初 1	มาเลเซีย	malesia	mā lē sīa	馬來西亞	derived	
初 1	สิงคโปร์	sing kabo	singˊ kaˇ bō	新加坡	derived	
初 1	ฟิลิปปินส์	filippin	fi~ lip~ bin	菲律賓	derived	
初 1	อินโดนีเซีย	indonesia	in dhō nī sīa	印尼	derived	
初 1	อิตาลี	itali	iˇ dā lī	義大利	derived	
初 1	ฝรั่งเศส	farang set	faˇ rangˋ sētˇ	法國	derived	
初 1	เยอรมัน	yerman	yə̄ ra~ man	德國	derived	
初 1	อังกฤษ	angkrit	ang gritˇ	英國	derived	
初 1	อเมริกา	ameriga	aˇ mē ri~ gā	美國	derived	
初 1	สเปน	sa ben	saˇ bēn	西班牙	derived	
初 1	แคนาดา	kenada	kɛ̄ nā dhā	加拿大	derived	
初 1	ยุโรป	yu rop	yu~ rōpˋ	歐洲	derived	
初 1	แอฟริกา	afrika	ɛ̄pˇ ri~ gā	非洲	derived	
初 1	เอเชีย	echia	ē chīa	亞洲	derived	
初 1	เอา...ไหม	au ... mai	au...maiˊ	要……嗎？	derived	
初 1	เอา / ไม่เอา	au / mai au	au / maiˋ au	要 / 不要	derived	
初 1	เอาอะไร	au arai	au aˇ rai	要甚麼？	derived	
初 1	กินไหม	gin mai	gin maiˊ	吃嗎？	derived	
初 1	กิน / ไม่กิน	gin / mai gin	gin / maiˋ gin	吃 / 不吃	derived	
初 1	กินอะไร	gin arai	gin aˇ rai	吃甚麼？	derived	
初 1	เอาได้ไหม	au dai mai	au dhaiˋ maiˊ	要（拿）得嗎？	derived	
初 1	เอาได้	au dai	au dhaiˋ	要（拿）得	derived	
初 1	เอาไม่ได้	au mai dai	au maiˋ dhaiˋ	不要（拿）得	derived	
初 1	กินได้ไหม	gin dai mai	gin dhaiˋ maiˊ	吃得嗎？	derived	
初 1	กินได้	gin dai	gin dhaiˋ	可以吃	derived	
初 1	กินไม่ได้	gin mai dai	gin maiˋ dhaiˋ	吃不得	derived	
初 1	ชอบ...ไหม	chop ... mai	chɔ̄pˋ...maiˊ	喜歡……嗎？	derived	
初 1	ชอบ / ไม่ชอบ	chop / mai chop	chɔ̄pˋ / maiˋ chɔ̄pˋ	喜歡 / 不喜歡	derived	
初 1	อยาก...ไหม	yaak ... mai	yākˋ...maiˊ	想要……嗎？	derived	
初 1	อยาก / ไม่อยาก	yaak / mai yaak	yākˋ / maiˋ yākˋ	想 / 不想	derived	
初 1	อยู่ไหม	yu mai	yūˋ maiˊ	在嗎？	derived	
初 1	ไปไหม	bai mai	bai maiˊ	去嗎？	derived	
初 1	มาไหม	maa mai	mā maiˊ	來嗎？	derived	
初 1	เดินไหม	dern mai	dhə̄n maiˊ	走嗎？	derived	
初 1	ดื่มไหม	duem mai	dhɯ̄mˇ maiˊ	喝嗎？	derived	
初 1	นั่งไหม	nang mai	nangˋ maiˊ	坐嗎？	derived	
初 1	นอนไหม	non mai	nɔ̄n maiˊ	睡嗎？	derived	
初 1	ซื้อไหม	seu mai	sɯ̄~ maiˊ	買嗎？	derived	
初 1	ทำไหม	tam mai	tam maiˊ	做嗎？	derived	
初 1	เรียนไหม	rian mai	rīan maiˊ	學嗎？	derived	
初 1	ฟังไหม	fang mai	fang maiˊ	聽嗎？	derived	
初 1	พูดไหม	phut mai	pūtˋ maiˊ	說嗎？	derived	
初 1	อ่านไหม	aan mai	ānˇ maiˊ	讀嗎？	derived	
初 1	เขียนไหม	kian mai	kīanˊ maiˊ	寫嗎？	derived	
初 1	อยู่ที่ไหน	yuu thi nai	yūˋ tīˋ naiˊ	在哪？	derived	
初 1	อยู่ตรงไหน	yuu trong nai	yūˋ drong naiˊ	在哪裡啊？（確切位置）	engine-auto	
初 1	อยู่ไหน	yu nai	yūˋ naiˊ	在哪裡？	derived	
初 1	ไปไหน	pai nai	bai naiˊ	去哪？	derived	
初 1	มาจากไหน	maa jak nai	mā jākˇ naiˊ	從哪來？	derived	
初 1	เดินไปไหน	dern pai nai	dhə̄n bai naiˊ	走去哪？	engine-auto	
初 1	ดื่มอะไร	duem arai	dhɯ̄mˇ aˇ rai	喝什麼？	derived	
初 1	นั่งที่ไหน	nang ti nai	nangˋ tīˋ naiˊ	坐在哪？	derived	
初 1	นอนที่ไหน	non ti nai	nɔ̄n tīˋ naiˊ	睡在哪？	derived	
初 1	ซื้อที่ไหน	seu ti nai	sɯ̄~ tīˋ naiˊ	在哪買？	derived	
初 1	ทำที่ไหน	tam ti nai	tam tīˋ naiˊ	在哪做？	derived	
初 1	เรียนที่ไหน	rian ti nai	rīan tīˋ naiˊ	在哪學？	derived	
初 1	ฟังจากไหน	fang jak nai	fang jākˇ naiˊ	從哪聽？	derived	
初 1	พูดได้ไหม	phut dai mai	pūtˋ dhaiˋ maiˊ	能說嗎？	derived	
初 1	อ่านได้ไหม	aan dai mai	ānˇ dhaiˋ maiˊ	能讀嗎？	derived	
初 1	เขียนที่ไหน	kian ti nai	kīanˊ tīˋ naiˊ	寫在哪？	derived	
初 1	อยู่ไกลไหม	yu glai mai	yūˋ glai maiˊ	在很遠嗎？	derived	
初 1	ไปนานไหม	pai nan mai	bai nān maiˊ	去很久嗎？	derived	
初 1	มานานไหม	maa nan mai	mā nān maiˊ	來很久嗎？	derived	
初 1	เดินนานไหม	dern nan mai	dhə̄n nān maiˊ	走很久嗎？	derived	
初 1	ดื่มนานไหม	duem nan mai	dhɯ̄mˇ nān maiˊ	喝很久嗎？	derived	
初 1	นั่งต่อไหม	nang to mai	nangˋ dɔ̄ˇ maiˊ	繼續坐嗎？	derived	
初 1	นอนพอไหม	non por mai	nɔ̄n pɔ̄ maiˊ	睡夠嗎？	derived	
初 1	ซื้อแพงไหม	sue phaeng mai	sɯ̄~ pɛ̄ng maiˊ	買貴嗎？	derived	
初 1	ทำยากไหม	tam yaak mai	tam yākˋ maiˊ	難做嗎？	derived	
初 1	เรียนยากไหม	rian yaak mai	rīan yākˋ maiˊ	難學嗎？	derived	
初 1	บางคน	fang tor mai	bhāng kon	繼續聽嗎？	derived	
初 1	พูดนานไหม	phut nan mai	pūtˋ nān maiˊ	講很久嗎？	derived	
初 1	อ่านออกไหม	aan ok mai	ānˇ ɔ̄kˇ maiˊ	讀得出來嗎？	engine-auto	
初 1	เขียนเป็นไหม	kian pen mai	kīanˊ ben maiˊ	會寫嗎？	derived	
初 1	ใจร้อน	jai ron	jai rɔ̄n~	性急	derived	
初 1	ใจเย็น	jai yen	jai yen	冷靜	derived	
初 1	ใจดี	jai dee	jai dhī	心地好	derived	
初 1	ใจร้าย	jai rai	jai rāi~	壞心	derived	
初 1	พอใจ	phor jai	pɔ̄ jai	滿意	engine-auto	
初 1	ดีใจ	dee jai	dhī jai	開心	derived	
初 1	สบายใจ	sabai jai	saˇ bhāi jai	心裡舒服	engine-auto	
初 1	เข้าใจ	khao jai	kāuˋ jai	了解	engine-auto	
初 1	มีเวลาไหม	mii we-laa mai	mī - wē lā maiˊ	有時間嗎？	book-assisted	
初 1	ข้าว	khao	kāuˋ	飯	engine-auto	
初 1	น้ำ	nam	nām~	水	engine-auto	
初 1	ชา	cha	chā	茶	derived	
初 1	หมี่	mii	mīˇ	麵	derived	
初 1	เส้นหมี่	sen mii	sēnˋ mīˇ	米粉	derived	
初 1	ก๋วยเตี๋ยว	kuay tiao	gūayˊ dīauˊ	粿條	derived	
初 1	วุ้นเส้น	wun sen	wun~ sēnˋ	粉絲	derived	
初 1	ข้าวเปล่า	khao plao	kāuˋ blāuˇ	白飯	engine-auto	
初 1	น้ำเปล่า	nam plao	nām~ blāuˇ	白開水	engine-auto	
初 1	ชาร้อน	cha ron	chā rɔ̄n~	熱茶	derived	
初 1	หมี่ผัด	mii phat	mīˇ patˇ	炒麵	derived	
初 1	เส้นหมี่ผัด	sen mii phat	sēnˋ mīˇ patˇ	炒米粉	derived	
初 1	ก๋วยเตี๋ยวผัด	kuay tiao phat	gūayˊ dīauˊ patˇ	炒粿條	derived	
初 1	วุ้นเส้นผัด	wun sen phat	wun~ sēnˋ patˇ	炒粉絲	derived	
初 1	ข้าวเหนียว	khao nio	kāuˋ nīauˊ	糯米飯	derived	
初 1	น้ำแข็ง	nam khaeng	nām~ kɛngˊ	冰塊	engine-auto	
初 1	ชาเย็น	cha yen	chā yen	冰茶	derived	
初 1	หมี่แห้ง	mii haeng	mīˇ hɛ̄ngˋ	乾麵	derived	
初 1	เส้นหมี่แห้ง	sen mii haeng	sēnˋ mīˇ hɛ̄ngˋ	乾米粉	derived	
初 1	ก๋วยเตี๋ยวแห้ง	kuay tiao haeng	gūayˊ dīauˊ hɛ̄ngˋ	乾粿條	derived	
初 1	วุ้นเส้นแห้ง	wun sen haeng	wun~ sēnˋ hɛ̄ngˋ	乾粉絲	derived	
初 1	ข้าวต้ม	khao tom	kāuˋ domˋ	燉飯	derived	
初 1	น้ำจิ้ม	nam jim	nām~ jimˋ	沾醬	derived	
初 1	ชานม	cha nom	chā nom	奶茶	derived	
初 1	หมี่น้ำ	mii nam	mīˇ nām~	湯麵	derived	
初 1	เส้นหมี่น้ำ	sen mii nam	sēnˋ mīˇ nām~	米粉湯麵	derived	
初 1	ก๋วยเตี๋ยวน้ำ	kuay tiao nam	gūayˊ dīauˊ nām~	粿條湯麵	derived	
初 1	วุ้นเส้นน้ำ	wun sen nam	wun~ sēnˋ nām~	粉絲湯麵	derived	
初 1	ตลาด	talat	daˇ lātˋ	市場	book-exact	(book-exact已用引擎重新驗證)
初 1	ตลาดน้ำ	talat nam	daˇ lātˋ nām~	水上市場	derived	
初 1	ตลาดสด	talat sot	daˇ lātˋ sotˇ	傳統市場	derived	
初 1	ตลาดหุ้น	talat hun	daˇ lātˋ hunˋ	股票市場	derived	
初 1	วัดพระแก้ว	wat phra kaeo	wat~ pra~ gɛ̄uˋ	玉佛寺	derived	
初 1	วัดโพธิ์	wat pho	wat~ pōtˋ	臥佛寺	derived	
初 1	วัดอรุณ	wat arun	wat~ aˇ run	鄭王廟	derived	
初 1	ศาลพระพรหม	san phra phrom	sānˊ pra~ pom	四面佛	derived	
初 1	สถานี	sathani	saˇ tāˊ nī	車站	engine-auto	
初 1	สถานีรถไฟ	sathani rot fai	saˇ tāˊ nī rot~ fai	火車站	engine-auto	
初 1	สถานีรถไฟฟ้า	sathani rot fai faa	saˇ tāˊ nī rot~ fai fā~	電車站	derived	
初 1	สถานีรถไฟฟ้าใต้ดิน	sathani rot fai faa tai din	saˇ tāˊ nī rot~ fai fā~ daiˋ dhin	地鐵站	derived	
初 1	ร้านอาหาร	raan aahaan	rān~ ā hānˊ	餐廳	engine-auto	
初 1	ร้านกาแฟ	raan ga-fae	rān~ gā fɛ̄	咖啡店	derived	
初 1	ร้านขายยา	raan khai ya	rān~ kāiˊ yā	藥局	derived	
初 1	ตลาดนัดจตุจักร	talat nat jatujak	daˇ lātˋ nat~ jaˇ duˇ jakˇ	洽圖洽市場	derived	
初 1	สวนลุมพินี	suan lumpini	sūanˊ lum pi~ nī	隆比尼公園	derived	
初 1	สุขุมวิท	sukhumwit	suˇ kumˊ wit~	蘇坤威	derived	
初 1	รถทัวร์	rot thua	rot~ tūa	長途巴士	derived	
初 1	ป้ายรถเมล์	pai rot mue	bāiˋ rot~ mē	公車站	derived	
初 1	เครื่องบิน	khrueng bin	krɯ̄angˋ bhin	飛機	derived	
初 1	สนามบิน	sanam bin	saˇ nām bhin	飛機場	derived	
初 1	เรือ	ruea	rɯ̄a	船	derived	
初 1	ท่าเรือ	tha ruea	tāˋ rɯ̄a	船碼頭	engine-auto	
初 1	นี่อะไร	ni arai	nīˋ aˇ rai	這是什麼？	derived	
初 1	คุณอยากกินอะไร	khun yak gin arai	kun yākˋ gin aˇ rai	你要吃什麼？	derived	
初 1	มีผัดไทยไหม	mi phat thai mai	mī - patˇ tai maiˊ	有炒泰麵嗎？	book-assisted	
初 1	เอาส้มตำไหม	ao som tam mai	au somˋ dam maiˊ	要不要青木瓜沙拉？	derived	
初 1	ฉัน/ผมเอา...	chan/pom ao ...	chanˊ/pomˊ au...	我要……	derived	
初 1	แล้วคุณล่ะ	laeo khun la	lɛ̄u~ kun laˋ	你呢？	derived	
初 1	ปูอบวุ้นเส้น	puu op wun sen	bū opˇ wun~ sēnˋ	蟹粉絲煲	derived	
初 1	ผัดผักบุ้ง	phat phak bung	patˇ pakˇ bhungˋ	炒空心菜	derived	
初 1	ผัดผักรวมมิตร	phat phak ruam mit	patˇ pakˇ rūam mit~	炒綜合蔬菜	derived	
初 1	ไก่เจียวหมูสับ	kai jiao muu sap	gaiˇ jīau mūˊ sapˇ	豬肉末煎蛋	derived	
初 1	ข้าวมันไก่	khao man gai	kāuˋ man gaiˇ	海南雞飯	engine-auto	
初 1	เป็ดย่าง	pet yang	betˇ yāngˋ	烤鴨	derived	
初 1	ข้าวขาหมู	khao kha muu	kāuˋ kāˊ mūˊ	豬腳飯	engine-auto	
初 1	เนื้อสด	nuea sot	nɯ̄a~ sotˇ	鮮牛肉	derived	
初 1	ต้มยำกุ้ง	tom yam goong	domˋ yam gungˋ	酸辣蝦湯	derived	
初 1	ข้าวผัดปู	khao phat puu	kāuˋ patˇ bū	蟹肉炒飯	derived	
初 1	น้ำปลา	nam pla	nām~ blā	魚露	derived	
初 1	ปลาหมึกย่าง	pla muek yang	blā mɯkˇ yāngˋ	烤花枝	derived	
初 1	อาหารทะเล	aahan thale	ā hānˊ ta~ lē	海鮮	derived	
初 1	หอยลวก	hoi luak	hɔ̄iˊ lūakˋ	燙血蛤	derived	
初 1	ผัด	phat / pha	patˇ	炒	derived	
初 1	ทอด	thot	tɔ̄tˋ	炸	derived	
初 1	ปิ้ง	ping	bingˋ	烤（小火）	derived	
初 1	ย่าง	yang	yāngˋ	烤（中火）	engine-auto	
初 1	เผา	phao	pāuˊ	烤（有殼）	derived	
初 1	นึ่ง	nueng	nɯngˋ	蒸	derived	
初 1	กะเพรา	kaphrao	gaˇ prāu	打拋	derived	
初 1	กระเทียม	kra thiam	graˇ tīam	蒜頭	derived	
初 1	มะนาว	ma nao	ma~ nāu	檸檬	engine-auto	
初 1	ผงกะหรี่	phong ga ri	pōngˊ gaˇ rīˇ	泰式咖哩	derived	
初 1	ปูผัดผงกะหรี่	puu phat phong ga ri	bū patˇ pōngˊ gaˇ rīˇ	泰式螃蟹咖哩炒	derived	
初 1	กุ้งผัดผงกะหรี่	kung phat phong ga ri	gungˋ patˇ pōngˊ gaˇ rīˇ	泰式咖哩炒蝦	derived	
初 1	ปลาหมึกทอดกระเทียม	pla muek thot kra thiam	blā mɯkˇ tɔ̄tˋ graˇ tīam	蒜頭炸花枝	derived	
初 1	หอยผัดเผ็ด	hoi phat phed	hɔ̄iˊ patˇ petˇ	辣炒蛤	derived	
初 1	ข้าวผัดกะเพราหมูไข่ดาว	khao phat kaprao muu khai dao	kāuˋ patˇ gaˇ prāu mūˊ kaiˇ dhāu	打拋豬飯＋荷包蛋	derived	
初 1	ข้าวผัดกะเพราไก่ไข่ดาว	khao phat kaprao gai khai dao	kāuˋ patˇ gaˇ prāu gaiˇ kaiˇ dhāu	打拋雞飯＋荷包蛋	derived	
初 1	ข้าวผัดกะเพราเนื้อไข่ดาว	khao phat kaprao nuea khai dao	kāuˋ patˇ gaˇ prāu nɯ̄a~ kaiˇ dhāu	打拋牛飯＋荷包蛋	derived	
初 1	ข้าวผัดกะเพราทะเลไข่ดาว	khao phat kaprao thale khai dao	kāuˋ patˇ gaˇ prāu ta~ lē kaiˇ dhāu	打拋海鮮飯＋荷包蛋	derived	
初 1	ข้าวผัดกะเพรากุ้งไข่ดาว	khao phat kaprao kung khai dao	kāuˋ patˇ gaˇ prāu gungˋ kaiˇ dhāu	打拋蝦飯＋荷包蛋	derived	
初 1	ข้าวผัดกะเพราปลาหมึกไข่ดาว	khao phat kaprao plaa muek khai dao	kāuˋ patˇ gaˇ prāu blā mɯkˇ kaiˇ dhāu	打拋魷魚飯＋荷包蛋	derived	
初 1	ไข่ไก่	khai gai	kaiˇ gaiˇ	雞蛋	derived	
初 1	ไข่เป็ด	khai pet	kaiˇ betˇ	鴨蛋	derived	
初 1	ไข่ปลา	khai plaa	kaiˇ blā	魚卵	derived	
初 1	ไข่ปู	khai puu	kaiˇ bū	蟹黃	derived	
初 1	ไข่เจียว	khai jiao	kaiˇ jīau	煎蛋	derived	
初 1	ไข่ดาว	khai dao	kaiˇ dhāu	荷包蛋	engine-auto	
初 1	ไข่นึ่ง	khai nueng	kaiˇ nɯngˋ	蒸蛋	derived	
初 1	ไข่ต้ม	khai tom	kaiˇ domˋ	白煮蛋	engine-auto	
初 1	ไข่เค็ม	khai khem	kaiˇ kem	鹹蛋	derived	
初 1	ไข่เยี่ยวม้า	khai yiao maa	kaiˇ yīauˋ mā~	皮蛋	derived	
初 1	เอาน้ำอะไรดี	ao nam arai dii	au nām~ aˇ rai dhī	要什麼飲料好？	derived	
初 1	เอาชาเย็นดีไหม	ao cha-yen dii mai	au chā yen dhī maiˊ	要泰奶好嗎？	derived	
初 1	เอาอะไรอีก	ao arai iik	au aˇ rai īkˇ	還要什麼？	derived	
初 1	มีกุ้งทอดมันหรือเปล่า	mii kung thot man rʉʉ plao	mī gungˋ tɔ̄tˋ man rɯ̄ˊ blāuˇ	有沒有炸蝦餅？	book-assisted	
初 1	มีทอดมันปลาหรือเปล่า	mii thot man plaa rʉʉ plao	mī tɔ̄tˋ man blā rɯ̄ˊ blāuˇ	有沒有炸魚餅？	book-assisted	
初 1	ฉันกินเจ	chan kin je	chanˊ gin jē	我吃素	derived	
初 1	มีอาหารเจไหม	mi aahan je mai	mī - ā hānˊ jē maiˊ	有素食嗎？	book-assisted	
初 1	ขอเมนูหน่อยค่ะ	kho menu noi ka	kɔ̄ˊ mē nū nɔ̄iˇ kaˋ	請給我菜單（禮貌）	derived	
初 1	เก็บเงิน	kep ngoen	gepˇ ngə̄n	收錢！（偏直接）	derived	
初 1	เก็บเงินด้วย	kep ngoen duai	gepˇ ngə̄n dhūayˋ	請收錢（較有禮貌）	derived	
初 1	เก็บตังค์	kep dang	gepˇ dang	收錢（口語、隨便講）	derived	
初 1	เช็คบิล	chek bin	chek~ bhin	check bill（最常用，誰都懂）	derived	
初 1	ยำไก่ทอด	yam gai thot	yam gaiˇ tɔ̄tˋ	泰式炸雞拌辣味酸甜沙拉	derived	
初 1	แกงไก่	kaeng gai	gɛ̄ng gaiˇ	泰式咖喱雞	derived	
初 1	แกงเขียวหวานไก่	kaeng khiao waan gai	gɛ̄ng kīauˊ wānˊ gaiˇ	綠咖哩雞	derived	
初 1	แกงแดงไก่	kaeng daeng gai	gɛ̄ng dhɛ̄ng gaiˇ	紅咖哩雞	derived	
初 1	แกงจืดไก่	kaeng juut / kaeng jued gai	gɛ̄ng jɯ̄tˇ gaiˇ	清雞湯	derived	
初 1	แกงจืดหมูสับ	kaeng juut muu sap	gɛ̄ng jɯ̄tˇ mūˊ sapˇ	豬肉末清湯	derived	
初 1	แกงจืดเต้าหู้หมูสับ	kaeng juut tao hu muu sap	gɛ̄ng jɯ̄tˇ dāuˋ hūˋ mūˊ sapˇ	豆腐豬肉末清湯	derived	
初 1	แกงจืดเต้าหู้สาหร่าย	kaeng juut tao hu saa rai	gɛ̄ng jɯ̄tˇ dāuˋ hūˋ sāˊ rāiˇ	豆腐紫菜清湯	derived	
初 1	ขนม	ka nom	kaˇ nom	點心	derived	
初 1	ขนมปัง	ka nom bang	kaˇ nom bang	麵包	derived	外來語/中式借詞：按拼字規則機械推導，信心較低，建議請 Nalin 用耳朵核對聲調
初 1	ขนมเค้ก	ka nom kek	kaˇ nom kēk~	蛋糕	derived	外來語/中式借詞：按拼字規則機械推導，信心較低，建議請 Nalin 用耳朵核對聲調
初 1	ขนมเปี๊ยะ	ka nom bia	kaˇ nom bīa~	中式餅	derived	外來語/中式借詞：按拼字規則機械推導，信心較低，建議請 Nalin 用耳朵核對聲調
初 1	ชีส	chit	chītˋ	起士	derived	外來語/中式借詞：按拼字規則機械推導，信心較低，建議請 Nalin 用耳朵核對聲調
初 1	ชีสเค้ก	chit kek	chītˋ kēk~	起士蛋糕	derived	外來語/中式借詞：按拼字規則機械推導，信心較低，建議請 Nalin 用耳朵核對聲調
初 1	คุกกี้	kuk gi	kuk~ gīˋ	餅乾	derived	外來語/中式借詞：按拼字規則機械推導，信心較低，建議請 Nalin 用耳朵核對聲調
初 1	ไอศกรีม	ai dim	ai saˇ grīm	冰淇淋	derived	外來語/中式借詞：按拼字規則機械推導，信心較低，建議請 Nalin 用耳朵核對聲調
初 1	พุดดิ้ง	put ding	put~ dhingˋ	布丁	derived	外來語/中式借詞：按拼字規則機械推導，信心較低，建議請 Nalin 用耳朵核對聲調
初 1	โยเกิร์ต	yogat	yō gə̄tˇ	優格	derived	外來語/中式借詞：按拼字規則機械推導，信心較低，建議請 Nalin 用耳朵核對聲調
初 1	แยม	yem	yɛ̄m	果醬	derived	外來語/中式借詞：按拼字規則機械推導，信心較低，建議請 Nalin 用耳朵核對聲調
初 1	เยลลี่	yen li	yēn līˋ	果凍	derived	外來語/中式借詞：按拼字規則機械推導，信心較低，建議請 Nalin 用耳朵核對聲調
初 1	พายแอปเปิ้ล	pai ep pen	pāi ɛ̄pˇ bə̄nˋ	蘋果派	derived	外來語/中式借詞：按拼字規則機械推導，信心較低，建議請 Nalin 用耳朵核對聲調
初 1	ป๊อปคอร์น	pop kon	bɔ̄p~ kɔ̄n	爆米花	derived	外來語/中式借詞：按拼字規則機械推導，信心較低，建議請 Nalin 用耳朵核對聲調
初 1	ช็อกโกแลต	chok go let	chɔk~ gō lɛ̄tˋ	巧克力	derived	外來語/中式借詞：按拼字規則機械推導，信心較低，建議請 Nalin 用耳朵核對聲調
初 1	เบคอน	be kon	bhē kɔ̄n	培根	derived	外來語/中式借詞：按拼字規則機械推導，信心較低，建議請 Nalin 用耳朵核對聲調
初 1	เฟรนช์ฟราย	fren frai	frēn frāi	薯條	derived	外來語/中式借詞：按拼字規則機械推導，信心較低，建議請 Nalin 用耳朵核對聲調
初 1	สลัด	sa lat	saˇ latˇ	沙拉	derived	外來語/中式借詞：按拼字規則機械推導，信心較低，建議請 Nalin 用耳朵核對聲調
初 1	สุกี้	suki	suˇ gīˋ	泰式火鍋（一人一鍋）	derived	外來語/中式借詞：按拼字規則機械推導，信心較低，建議請 Nalin 用耳朵核對聲調
初 1	หม้อไฟ	mo fai	mɔ̄ˋ fai	傳統火鍋（共鍋）	derived	
初 1	หม้อ	mo	mɔ̄ˋ	鍋子	derived	
初 1	ไฟ	fai	fai	火	engine-auto	
初 1	ขนมจีน	ka nom jin	kaˇ nom jīn	泰式米線	derived	
初 1	ขนมจีบ	ka nom jip	kaˇ nom jīpˇ	燒賣	derived	外來語/中式借詞：按拼字規則機械推導，信心較低，建議請 Nalin 用耳朵核對聲調
初 1	ซาลาเปา	sa la bao	sā lā bāu	包子	derived	外來語/中式借詞：按拼字規則機械推導，信心較低，建議請 Nalin 用耳朵核對聲調
初 1	มันทอด	man tho	man tɔ̄tˋ	馬鈴薯	derived	
初 1	ติ่มซำ	dim sam	dimˇ sam	點心（港式）	derived	外來語/中式借詞：按拼字規則機械推導，信心較低，建議請 Nalin 用耳朵核對聲調
初 1	เกี๊ยว	giau	gīau~	餃子	derived	外來語/中式借詞：按拼字規則機械推導，信心較低，建議請 Nalin 用耳朵核對聲調
初 1	เกี๊ยวน้ำ	giau nam	gīau~ nām~	餛飩湯	derived	外來語/中式借詞：按拼字規則機械推導，信心較低，建議請 Nalin 用耳朵核對聲調
初 1	ปอเปี๊ยะทอด	por pia thot	bɔ̄ bīa~ tɔ̄tˋ	炸春卷	derived	外來語/中式借詞：按拼字規則機械推導，信心較低，建議請 Nalin 用耳朵核對聲調
初 1	ปอเปี๊ยะสด	por pia sot	bɔ̄ bīa~ sotˇ	潤餅	derived	外來語/中式借詞：按拼字規則機械推導，信心較低，建議請 Nalin 用耳朵核對聲調
初 1	คะน้า	ka na	ka~ nā~	芥蘭	derived	
初 1	น้ำมันหอย	nam man hoi	nām~ man hɔ̄iˊ	蠔油	engine-auto	
初 1	พะโล้	pa lo	pa~ lō~	滷	derived	
初 1	ตุ๋น	dun	dunˊ	燉	derived	
初 1	มาม่า	mama	mā māˋ	泡麵	derived	外來語/中式借詞：按拼字規則機械推導，信心較低，建議請 Nalin 用耳朵核對聲調
初 1	เฉาก๊วย	chao guei	chāuˊ gūay~	仙草	derived	外來語/中式借詞：按拼字規則機械推導，信心較低，建議請 Nalin 用耳朵核對聲調
初 1	เต้าหู้ยี้	dau huei	dāuˋ hūˋ yī~	豆花	derived	外來語/中式借詞：按拼字規則機械推導，信心較低，建議請 Nalin 用耳朵核對聲調
初 1	เต้าหู้	dau hu	dāuˋ hūˋ	豆腐	derived	
初 1	น้ำเต้าหู้	nam dau hu	nām~ dāuˋ hūˋ	豆漿	derived	
初 1	น้ำเก๊กฮวย	nam gek huei	nām~ gēk~ hūay	菊花茶	derived	外來語/中式借詞：按拼字規則機械推導，信心較低，建議請 Nalin 用耳朵核對聲調
初 1	กุยช่าย	gui chai	gui chāiˋ	韭菜	derived	外來語/中式借詞：按拼字規則機械推導，信心較低，建議請 Nalin 用耳朵核對聲調
初 1	ไช้เท้า	chai tau	chai~ tāu~	菜頭（蘿蔔）	derived	外來語/中式借詞：按拼字規則機械推導，信心較低，建議請 Nalin 用耳朵核對聲調
初 1	ไชโป๊	chai bo	chai bō~	菜脯	derived	外來語/中式借詞：按拼字規則機械推導，信心較低，建議請 Nalin 用耳朵核對聲調
初 1	โรตี	roti	rō dī	泰式煎餅（甜）	engine-auto	
初 1	เครป	crepe	krēpˇ	可麗餅	derived	外來語/中式借詞：按拼字規則機械推導，信心較低，建議請 Nalin 用耳朵核對聲調
初 1	เท่าไหร่	thao rai	tāuˋ raiˇ	多少	derived	
初 1	ราคาเท่าไหร่	rakha thao rai	rā kā tāuˋ raiˇ	價錢多少	derived	
初 1	อายุเท่าไหร่	ayu thao rai	ā yu~ tāuˋ raiˇ	年紀多少？	derived	
初 1	นานเท่าไหร่	nan thao rai	nān tāuˋ raiˇ	多久？	derived	
初 1	มีกี่เท่าไหร่	mi thao rai	mī - gīˇ tāuˋ raiˇ	有多少？	book-assisted	
初 1	วันที่เท่าไหร่	wan thi thao rai	wan - tīˋ tāuˋ raiˇ	第幾日？	book-assisted	
初 1	ซอยที่เท่าไหร่	soi thi thao rai	sɔ̄i tīˋ tāuˋ raiˇ	第幾巷？	derived	
初 1	หน้ที่เท่าไหร่	na thi thao rai	nāˋ tīˋ tāuˋ raiˇ	第幾頁？	derived	
初 1	ถูกหน่อยได้ไหม	thuk noi dai mai	tūkˇ nɔ̄iˇ dhaiˋ maiˊ	便宜點可以嗎？	derived	
初 1	ลดหน่อยได้ไหม	lot noi dai mai	lot~ nɔ̄iˇ dhaiˋ maiˊ	可以打折嗎？（較好的說法）	derived	
初 1	เก้าแสนล้าน	kao saen laan	gāuˋ sɛ̄nˊ lān~	九百億	derived	
初 1	แปดสิบล้าน	paet sip laan	bɛ̄tˇ sipˇ lān~	八十億	derived	
初 1	เจ็ดร้อยล้าน	chet roi laan	jetˇ rɔ̄i~ lān~	七億	derived	
初 1	หกสิบล้าน	hok sip laan	hokˇ sipˇ lān~	六千萬	derived	
初 1	ห้าล้าน	ha laan	hāˋ lān~	五百萬	derived	
初 1	สี่แสน	si saen	sīˇ sɛ̄nˊ	四十萬	derived	
初 1	สามหมื่น	saam meuun	sāmˊ mɯ̄nˇ	三萬	derived	
初 1	สองพัน	song phan	sɔ̄ngˊ pan	兩千	derived	
初 1	หนึ่งร้อย	neung roi	nɯngˇ rɔ̄i~	一百	derived	
初 1	หกสิบ	hok sip	hokˇ sipˇ	六十	derived	
初 1	ศูนย์	soon	sūnˊ	0	derived	
初 1	หนึ่ง	neung	nɯngˇ	1	derived	
初 1	สอง	song	sɔ̄ngˊ	2	derived	
初 1	สาม	saam	sāmˊ	3	derived	
初 1	สี่	si	sīˇ	4	derived	
初 1	ห้า	ha	hāˋ	5	derived	
初 1	หก	hok	hokˇ	6	derived	
初 1	เจ็ด	chet	jetˇ	7	derived	
初 1	แปด	paet	bɛ̄tˇ	8	engine-auto	
初 1	เก้า	kao	gāuˋ	9	derived	
初 1	สิบ	sip	sipˇ	10	derived	
初 1	สิบเอ็ด	sip et	sipˇ etˇ	11	derived	
初 1	สิบสอง	sip song	sipˇ sɔ̄ngˊ	12	derived	
初 1	สิบสาม	sip saam	sipˇ sāmˊ	13	derived	
初 1	สิบสี่	sip si	sipˇ sīˇ	14	derived	
初 1	สิบห้า	sip ha	sipˇ hāˋ	15	derived	
初 1	สิบหก	sip hok	sipˇ hokˇ	16	derived	
初 1	สิบเจ็ด	sip chet	sipˇ jetˇ	17	derived	
初 1	สิบแปด	sip paet	sipˇ bɛ̄tˇ	18	derived	
初 1	สิบเก้า	sip kao	sipˇ gāuˋ	19	derived	
初 1	ยี่สิบ	yi sip	yīˋ sipˇ	20	derived	
初 1	ยี่สิบเอ็ด	yi sip et	yīˋ sipˇ etˇ	21	derived	
初 1	ยี่สิบสอง	yi sip song	yīˋ sipˇ sɔ̄ngˊ	22	derived	
初 1	ยี่สิบสาม	yi sip saam	yīˋ sipˇ sāmˊ	23	derived	
初 1	ยี่สิบสี่	yi sip si	yīˋ sipˇ sīˇ	24	derived	
初 1	ยี่สิบห้า	yi sip ha	yīˋ sipˇ hāˋ	25	derived	
初 1	ยี่สิบหก	yi sip hok	yīˋ sipˇ hokˇ	26	derived	
初 1	ยี่สิบเจ็ด	yi sip chet	yīˋ sipˇ jetˇ	27	derived	
初 1	ยี่สิบแปด	yi sip paet	yīˋ sipˇ bɛtˇ	28	derived	
初 1	ยี่สิบเก้า	yi sip kao	yīˋ sipˇ gāuˋ	29	derived	
初 1	สามสิบ	saam sip	sāmˊ sipˇ	30	derived	
初 1	หนึ่งร้อยเอ็ด	neung roi et	nɯngˇ rɔ̄i~ etˇ	101	derived	
初 1	หนึ่งร้อยสอง	neung roi song	nɯngˇ rɔ̄i~ sɔ̄ngˊ	102	derived	
初 1	หนึ่งร้อยสาม	neung roi saam	nɯngˇ rɔ̄i~ sāmˊ	103	derived	
初 1	หนึ่งร้อยสี่	neung roi si	nɯngˇ rɔ̄i~ sīˇ	104	derived	
初 1	หนึ่งร้อยห้า	neung roi ha	nɯngˇ rɔ̄i~ hāˋ	105	derived	
初 1	หนึ่งร้อยหก	neung roi hok	nɯngˇ rɔ̄i~ hokˇ	106	derived	
初 1	หนึ่งร้อยเจ็ด	neung roi chet	nɯngˇ rɔ̄i~ jetˇ	107	derived	
初 1	หนึ่งร้อยแปด	neung roi paet	nɯngˇ rɔ̄i~ bɛ̄tˇ	108	derived	
初 1	หนึ่งร้อยเก้า	neung roi kao	nɯngˇ rɔ̄i~ gāuˋ	109	derived	
初 1	หนึ่งร้อยสิบ	neung roi sip	nɯngˇ rɔ̄i~ sipˇ	110	derived	
初 1	หนึ่งร้อยสิบเอ็ด	neung roi sip et	nɯngˇ rɔ̄i~ sipˇ etˇ	111	derived	
初 1	หนึ่งร้อยสิบสอง	neung roi sip song	nɯngˇ rɔ̄i~ sipˇ sɔ̄ngˊ	112	derived	
初 1	หนึ่งร้อยสิบสาม	neung roi sip saam	nɯngˇ rɔ̄i~ sipˇ sāmˊ	113	derived	
初 1	หนึ่งร้อยสิบสี่	neung roi sip si	nɯngˇ rɔ̄i~ sipˇ sīˇ	114	derived	
初 1	หนึ่งร้อยสิบห้า	neung roi sip ha	nɯngˇ rɔ̄i~ sipˇ hāˋ	115	derived	
初 1	หนึ่งร้อยสิบหก	neung roi sip hok	nɯngˇ rɔ̄i~ sipˇ hokˇ	116	derived	
初 1	หนึ่งร้อยสิบเจ็ด	neung roi sip chet	nɯngˇ rɔ̄i~ sipˇ jetˇ	117	derived	
初 1	หนึ่งร้อยสิบแปด	neung roi sip paet	nɯngˇ rɔ̄i~ sipˇ bɛ̄tˇ	118	derived	
初 1	หนึ่งร้อยสิบเก้า	neung roi sip kao	nɯngˇ rɔ̄i~ sipˇ gāuˋ	119	derived	
初 1	หนึ่งร้อยยี่สิบ	neung roi yi sip	nɯngˇ rɔ̄i~ yīˋ sipˇ	120	derived	
初 1	หนึ่งร้อยสิบ	neung roi sip	nɯngˇ rɔ̄i~ sipˇ	110	derived	
初 1	หนึ่งร้อยยี่สิบ	neung roi yi sip	nɯngˇ rɔ̄i~ yīˋ sipˇ	120	derived	
初 1	หนึ่งร้อยสามสิบ	neung roi saam sip	nɯngˇ rɔ̄i~ sāmˊ sipˇ	130	derived	
初 1	หนึ่งร้อยสี่สิบ	neung roi si sip	nɯngˇ rɔ̄i~ sīˇ sipˇ	140	derived	
初 1	หนึ่งร้อยห้าสิบ	neung roi ha sip	nɯngˇ rɔ̄i~ hāˋ sipˇ	150	derived	
初 1	หนึ่งร้อยหกสิบ	neung roi hok sip	nɯngˇ rɔ̄i~ hokˇ sipˇ	160	derived	
初 1	หนึ่งร้อยเจ็ดสิบ	neung roi chet sip	nɯngˇ rɔ̄i~ jetˇ sipˇ	170	derived	
初 1	หนึ่งร้อยแปดสิบ	neung roi paet sip	nɯngˇ rɔ̄i~ bɛ̄tˇ sipˇ	180	derived	
初 1	หนึ่งร้อยเก้าสิบ	neung roi kao sip	nɯngˇ rɔ̄i~ gāuˋ sipˇ	190	derived	
初 1	สองร้อย	song roi	sɔ̄ngˊ rɔ̄i~	200	derived	
初 1	พ.ศ. 2568	pho so song phan haa roi hok sip paet	pɔ̄ sɔ̄ˊ sɔ̄ngˊ pan hāˋ rɔ̄i~ hokˇ sipˇ bɛ̄tˋ	佛曆2568	derived	พ.ศ. 唸法（唸字母名 pɔ̄-sɔ̄ˊ 還是唸全稱 phutthasakkarat）請 Nalin 確認慣用方式，這裡先照唸字母名處理
初 1	อันนี้ใช่ไหม	an ni chai mai	an nī~ chaiˋ maiˊ	這個是嗎？	derived	
初 1	คนนี้ใช่ไหม	khon ni chai mai	kon nī~ chaiˋ maiˊ	這個人是嗎？	derived	
初 1	คนนั้นใช่ไหม	khon nan chai mai	kon nan~ chaiˋ maiˊ	那個人是嗎？	derived	
初 1	ชื่ออะไร	chue arai	chɯ̄ˋ aˇ rai	名字是什麼？	engine-auto	
初 1	ซอยอะไร	soi arai	sɔ̄i aˇ rai	什麼巷？	derived	
初 1	เบอร์โทรศัพท์อะไร	ber thor-asap arai	bhə̄ tō ra~ sapˇ aˇ rai	電話號碼？	derived	
初 1	มีเงินเท่าไหร่	mi ngoen thao rai	mī - ngə̄n tāuˋ raiˇ	有多少錢？	book-assisted	
初 1	มีเวลาเท่าไหร่	mi wela thao rai	mī - wē lā tāuˋ raiˇ	有多少時間？	book-assisted	
初 1	ใช้เงินเท่าไหร่	chai ngoen thao rai	chai~ ngə̄n tāuˋ raiˇ	花多少錢？	derived	
初 1	ใช้เวลาเท่าไหร่	chai wela thao rai	chai~ wē lā tāuˋ raiˇ	花多少時間？	derived	
初 1	เสียเวลาเท่าไหร่	sia wela thao rai	sīaˊ wē lā tāuˋ raiˇ	浪費多少時間？	derived	
初 1	เสียเงินเท่าไหร่	sia ngoen thao rai	sīaˊ ngə̄n tāuˋ raiˇ	浪費多少錢？	derived	
初 1	ใส่	sai	saiˇ	穿/戴/裝	engine-auto	
初 1	กินที่นี่หรือใส่ถุง	kin thi ni rue sai thung	gin tīˋ nīˋ rɯ̄ˊ saiˇ tungˊ	在這吃或打包帶走？	derived	
初 1	กินที่นี่หรือกลับบ้าน	kin thi ni rue glap ban	gin tīˋ nīˋ rɯ̄ˊ glapˇ bhānˋ	在這吃或外帶（帶回家）？	derived	
初 1	คนละเท่าไหร่	khon la thao rai	kon la~ tāuˋ raiˇ	每人多少？	derived	
初 1	กิโลละเท่าไหร่	kilo la thao rai	giˇ lō la~ tāuˋ raiˇ	每公斤多少？	derived	
初 1	ตั๋วใบละเท่าไหร่	tua bai la thao rai	dūaˊ bhai la~ tāuˋ raiˇ	票每張多少？	engine-auto	
初 1	น้ำส้มขวดละเท่าไหร่	nam som khuat la thao rai	nām~ somˋ kūatˇ la~ tāuˋ raiˇ	橙汁每瓶多少？	derived	
初 1	เอาอย่างละจาน	ao yang la jan	au yāngˋ la~ jān	每樣來一盤	derived	
初 1	เอาอย่างละแก้ว	ao yang la kaew	au yāngˋ la~ gɛ̄uˋ	每樣來一杯	derived	
初 1	อย่าง	yang	yāngˋ	樣子、情況、狀態	derived	
初 1	ทำไมเป็นอย่างนี้	thammai pen yang nii	tam mai ben yāngˋ nī~	為什麼會變成這樣？	derived	
初 1	วินาที	wi naa thee	wi~ nā tī	秒	derived	
初 1	นาที	naa thee	nā tī	分鐘	derived	
初 1	ชั่วโมง	chua mong	chūaˋ mōng	小時	derived	
初 1	สัปดาห์	sap daa	sapˇ dhā	星期	derived	
初 1	อาทิตย์	a thit	ā tit~	星期	derived	
初 1	วัน	wan	wan	日	book-exact	(book-exact已用引擎重新驗證)
初 1	เดือน	duean	dhɯ̄an	月	derived	
初 1	ปี	pii	bī	年	engine-auto	
初 1	คืน	kheun	kɯ̄n	晚	derived	
初 1	กล่อง	klong	glɔ̄ngˇ	盒	derived	
初 1	ลูก	luk	lūkˋ	子（櫻桃、冰淇淋）	book-exact	(book-exact已用引擎重新驗證)
初 1	แผ่น	phaen	pɛ̄nˇ	片（片狀、扁平的東西）	derived	
初 1	ชิ้น	chin	chin~	件／塊 / slice（某個部分）	derived	
初 1	กระดาษห้าแผ่น	gra-daat haa phaen	graˇ dhātˇ hāˋ pɛ̄nˇ	五張紙	derived	
初 1	พิซซ่าหกชิ้น	pizza hok chín	pit~ sāˋ hokˇ chin~	六片披薩	derived	
初 1	ลูกชิ้น	luk chin	lūkˋ chin~	丸子	derived	
初 1	ไม้ลูกชิ้นปิ้ง	maai luk chin ping	mai~ lūkˋ chin~ bingˋ	烤丸子串	derived	
初 1	กิโลกรัม	kilo kram	giˇ lō gram	公斤	derived	
初 1	กรัม	kram	gram	公克	derived	
初 1	เมตร	met	mētˋ	公尺	derived	
初 1	เซนติเมตร	sen ti met	sēn diˇ mētˋ	公分	derived	
初 1	ลิตร	lit	lit~	公升	derived	
初 1	มิเตอร์	meter	mi~ də̄	跳表 / 計費錶	derived	
初 1	กดมิเตอร์	got meter	gotˇ mi~ də̄	按跳表	derived	
初 2-1	ร้าน	raan	rān~	店	book-exact	(book-exact已用引擎重新驗證)
初 2-1	ร้านอาหาร	raan aahaan	rān~ ā hānˊ	餐廳	engine-auto	
初 2-1	ร้านกาแฟ	raan gaafae	rān~ gā fɛ̄	咖啡店	engine-auto	
初 2-1	ยา	yaa	yā	藥	book-exact	(book-exact已用引擎重新驗證)
初 2-1	ร้านยา	raan yaa	rān~ yā	藥局	engine-auto	
初 2-1	ร้านนี้	raan ni	rān~ nī~	這家店	engine-auto	
初 2-1	ชื่ออะไร	chue arai	chɯ̄ˋ aˇ rai	叫什麼名字	engine-auto	
初 2-1	เดิน	dern	dhə̄n	走路	engine-auto	
初 2-1	เดินไปไหน	dern pai nai	dhə̄n bai naiˊ	走到哪裡	engine-auto	
初 2-1	เดินไปตลาด	dern pai talat	dhə̄n bai daˇ lātˋ	走去市場	engine-auto	
初 2-1	ตลาด	talat	daˇ lātˋ	市場	book-exact	(book-exact已用引擎重新驗證)
初 2-1	เดินไปร้านยา	dern pai raan yaa	dhə̄n bai rān~ yā	走去藥局	engine-auto	
初 2-1	ยา	yaa	yā	藥	book-exact	(book-exact已用引擎重新驗證)
初 2-1	เดินไปสถานีรถไฟฟ้า	dern pai sathani rot fai fa	dhə̄n bai saˇ tāˊ nī rot~ fai fā~	走去捷運站	engine-auto	
初 2-1	สถานีรถไฟฟ้า	sathani rot fai fa	saˇ tāˊ nī rot~ fai fā~	捷運站	engine-auto	
初 2-1	สถานี BTS	sathani BTS	saˇ tāˊ nī BTS	BTS 站	engine-auto	
初 2-1	สถานี MRT	sathani MRT	saˇ tāˊ nī MRT	MRT 站	engine-auto	
初 2-1	ท่าเรือ	tha ruea	tāˋ rɯ̄a	碼頭	engine-auto	
初 2-1	เดินไปท่าเรือ	dern pai tha ruea	dhə̄n bai tāˋ rɯ̄a	走去碼頭	engine-auto	
初 2-1	เดินไปป้ายรถเมล์	dern pai paai rot mae	dhə̄n bai bāiˋ rot~ mē	走去公車站牌	engine-auto	
初 2-1	ป้ายรถเมล์	paai rot mae	bāiˋ rot~ mē	公車站牌	engine-auto	
初 2-1	เดินไปป้ายรถเมล์	dern pai paai rot mae	dhə̄n bai bāiˋ rot~ mē	走去公車站牌	engine-auto	
初 2-1	เดินไปแปดนาที	dern pai paet natee	dhə̄n bai bɛ̄tˇ nā tī	走八分鐘	engine-auto	
初 2-1	แปด	paet	bɛ̄tˇ	八	engine-auto	
初 2-1	นาที	natee	nā tī	分鐘	engine-auto	
初 2-1	เรียน	rian	rīan	學、上課	book-exact	(book-exact已用引擎重新驗證)
初 2-1	ภาษา	pasa	pā sāˊ	語言	engine-auto	
初 2-1	ภาษาไทย	pasa thai	pā sāˊ tai	泰文	engine-auto	
初 2-1	เรียนภาษาไทย	rian pasa thai	rīan pā sāˊ tai	學泰文	engine-auto	
初 2-1	เรียนภาษาอังกฤษ	rian pasa angkrit	rīan pā sāˊ ang gritˇ	學英文	derived	
初 2-1	เรียนเก่ง	rian keng	rīan gēngˇ	很會讀書	engine-auto	
初 2-1	เก่ง	keng	gēngˇ	厲害、棒	engine-auto	
初 2-1	เรียนเก่ง	rian keng	rīan gēngˇ	很會讀書	engine-auto	
初 2-1	เรียนทำอาหาร	rian tam aahaan	rīan tam ā hānˊ	學做菜	engine-auto	
初 2-1	อาหาร	aahaan	ā hānˊ	食物、菜	book-exact	(book-exact已用引擎重新驗證)
初 2-1	ทำอาหาร	tam aahaan	tam ā hānˊ	做菜	engine-auto	
初 2-1	เรียนทำอาหาร	rian tam aahaan	rīan tam ā hānˊ	學做菜	engine-auto	
初 2-1	ฟัง	fang	fang	聽	book-exact	(book-exact已用引擎重新驗證)
初 2-1	ฟังอะไร	fang arai	fang aˇ rai	聽什麼	engine-auto	
初 2-1	ฟังเข้าใจไหม	fang khao jai mai	fang kāuˋ jai maiˊ	聽得懂嗎	engine-auto	
初 2-1	เข้าใจ	khao jai	kāuˋ jai	懂、了解	engine-auto	
初 2-1	ไหม	mai	maiˊ	嗎	engine-auto	
初 2-1	ฟังเข้าใจไหม	fang khao jai mai	fang kāuˋ jai maiˊ	聽得懂嗎	engine-auto	
初 2-1	ฉันฟังเข้าใจแล้ว	chan fang khao jai laew	chanˊ fang kāuˋ jai lɛ̄u~	我聽懂了	engine-auto	
初 2-1	ฟังฉันพูด	fang chan pood	fang chanˊ pūtˋ	聽我說	engine-auto	
初 2-1	ฟังผมพูด	fang pom pood	fang pomˊ pūtˋ	聽我說（男）	engine-auto	
初 2-1	ฟังดีๆนะ	fang dii dii na	fang dhī dhī na~	認真聽喔	engine-auto	
初 2-1	ดี	dii	dhī	好	engine-auto	
初 2-1	ฟังดีๆนะ	fang dii dii na	fang dhī dhī na~	認真聽喔	engine-auto	
初 2-1	พูด	pood	pūtˋ	說	book-exact	(book-exact已用引擎重新驗證)
初 2-1	พูดภาษาจีน	pood pasa jeen	pūtˋ pā sāˊ jīn	說中文	engine-auto	
初 2-1	เป็น	pen	ben	會、是	book-exact	(book-exact已用引擎重新驗證)
初 2-1	ไหม	mai	maiˊ	嗎	engine-auto	
初 2-1	พูดภาษาจีนเป็นไหม	pood pasa jeen pen mai	pūtˋ pā sāˊ jīn ben maiˊ	會說中文嗎	engine-auto	
初 2-1	เป็นนิดหน่อย	pen nit noi	ben nit~ nɔ̄iˇ	會一點點	engine-auto	
初 2-1	พูดภาษาอังกฤษ	pood pasa angkrit	pūtˋ pā sāˊ ang gritˇ	說英文	derived	
初 2-1	เป็นไหม	pen mai	ben maiˊ	會嗎	engine-auto	
初 2-1	พูดภาษาอังกฤษเป็นไหม	pood pasa angkrit pen mai	pūtˋ pā sāˊ ang gritˇ ben maiˊ	會說英文嗎	derived	
初 2-1	ฉันพูด คุณฟังเข้าใจไหม	chan pood khun fang khao jai mai	chanˊ pūtˋ kun fang kāuˋ jai maiˊ	我說，你聽得懂嗎	engine-auto	
初 2-1	ไม่ค่อยเข้าใจ	mai khoi khao jai	maiˋ kɔ̄iˋ kāuˋ jai	不太懂	engine-auto	
初 2-1	อ่าน	aan	ānˇ	讀	engine-auto	
初 2-1	อ่านภาษาไทย	aan pasa thai	ānˇ pā sāˊ tai	讀泰文	engine-auto	
初 2-1	อ่านออกไหม	aan ok mai	ānˇ ɔ̄kˇ maiˊ	讀得出來嗎	engine-auto	
初 2-1	ออก	ok	ɔ̄kˇ	出、出來	engine-auto	
初 2-1	อ่านออกไหม	aan ok mai	ānˇ ɔ̄kˇ maiˊ	讀得出來嗎	engine-auto	
初 2-1	อ่านไม่ออก	aan mai ok	ānˇ maiˋ ɔ̄kˇ	讀不出來	engine-auto	
初 2-1	อ่านไม่เป็น	aan mai pen	ānˇ maiˋ ben	不會讀	engine-auto	
初 2-1	เป็น	pen	ben	會、是	book-exact	(book-exact已用引擎重新驗證)
初 2-1	อ่านไม่เป็น	aan mai pen	ānˇ maiˋ ben	不會讀	engine-auto	
初 2-1	เขียน	khian	kīanˊ	寫	engine-auto	
初 2-1	เขียนสวย	khian suay	kīanˊ sūayˊ	寫得漂亮	engine-auto	
初 2-1	เขียนไม่สวย	khian mai suay	kīanˊ maiˋ sūayˊ	寫得不漂亮	engine-auto	
初 2-1	ยาก	yaak	yākˋ	難	engine-auto	
初 2-1	เขียนยาก	khian yaak	kīanˊ yākˋ	很難寫	engine-auto	
初 2-1	เขียนไม่เป็น	khian mai pen	kīanˊ maiˋ ben	不會寫	engine-auto	
初 2-1	เขียนได้ไหม	khian dai mai	kīanˊ dhaiˋ maiˊ	可以寫嗎	engine-auto	
初 2-1	ได้	dai	dhaiˋ	可以、得到	engine-auto	
初 2-1	เขียนได้ไหม	khian dai mai	kīanˊ dhaiˋ maiˊ	可以寫嗎	engine-auto	
初 2-1	เขียนชื่อ	khian chue	kīanˊ chɯ̄ˋ	寫名字	engine-auto	
初 2-1	ทำ	tam	tam	做、弄	engine-auto	
初 2-1	ชอบ	chop	chɔ̄pˋ	喜歡	engine-auto	
初 2-1	ทำ	tam	tam	做、弄	engine-auto	
初 2-1	อะไร	arai	aˇ rai	什麼	engine-auto	
初 2-1	ชอบทำอะไร	chop tam arai	chɔ̄pˋ tam aˇ rai	喜歡做什麼	engine-auto	
初 2-1	อยาก	yaak	yākˋ	想要	engine-auto	
初 2-1	อยากทำอะไร	yaak tam arai	yākˋ tam aˇ rai	想做什麼	engine-auto	
初 2-1	ทำเป็นไหม	tam pen mai	tam ben maiˊ	會做嗎	engine-auto	
初 2-1	ไข่เจียว	kai jiao	kaiˇ jīau	泰式煎蛋	engine-auto	
初 2-1	ทำไข่เจียวเป็นไหม	tam kai jiao pen mai	tam kaiˇ jīau ben maiˊ	會做泰式煎蛋嗎	engine-auto	
初 2-1	เป็นค่ะ	pen kha	ben kaˋ	會／是（女）	engine-auto	
初 2-1	ทำไม่เป็น	tam mai pen	tam maiˋ ben	不會做	engine-auto	
初 2-1	ใช้เวลา	chai welaa	chai~ wē lā	花時間	engine-auto	
初 2-1	ใช้	chai	chai~	用、使用	engine-auto	
初 2-1	เวลา	welaa	wē lā	時間	engine-auto	
初 2-1	ทำ	tam	tam	做、弄	engine-auto	
初 2-1	นานเท่าไหร่	naan thao rai	nān tāuˋ raiˇ	多久	engine-auto	
初 2-1	ใช้เวลาทำนานเท่าไหร่	chai welaa tam naan thao rai	chai~ wē lā tam nān tāuˋ raiˇ	做這個要多久	engine-auto	
初 2-1	ห้านาที	haa natee	hāˋ nā tī	五分鐘	engine-auto	
初 2-1	ใช้เวลาทำห้านาที	chai welaa tam haa natee	chai~ wē lā tam hāˋ nā tī	做要五分鐘	engine-auto	
初 2-1	ซื้อ	seu	sɯ̄~	買	engine-auto	
初 2-1	ซื้อยา	seu yaa	sɯ̄~ yā	買藥	engine-auto	
初 2-1	ซื้อน้ำ	seu nam	sɯ̄~ nām~	買水	engine-auto	
初 2-1	น้ำ	nam	nām~	水	engine-auto	
初 2-1	ซื้อน้ำ	seu nam	sɯ̄~ nām~	買水	engine-auto	
初 2-1	ขนม	khanom	kaˇ nom	點心、零食	engine-auto	
初 2-1	ซื้อขนม	seu khanom	sɯ̄~ kaˇ nom	買點心	engine-auto	
初 2-1	ซื้อ	seu	sɯ̄~	買	engine-auto	
初 2-1	ต่อ	tor	dɔ̄ˇ	繼續	engine-auto	
初 2-1	เดินต่อ	dern tor	dhə̄n dɔ̄ˇ	繼續走	engine-auto	
初 2-1	นอน	non	nɔ̄n	睡覺	book-exact	(book-exact已用引擎重新驗證)
初 2-1	นอนต่อ	non tor	nɔ̄n dɔ̄ˇ	繼續睡	engine-auto	
初 2-1	นอนต่อได้ไหม	non tor dai mai	nɔ̄n dɔ̄ˇ dhaiˋ maiˊ	可以繼續睡嗎	engine-auto	
初 2-1	ไม่ได้แล้ว	mai dai laew	maiˋ dhaiˋ lɛ̄u~	不行了	engine-auto	
初 2-1	กินต่อ	gin tor	gin dɔ̄ˇ	繼續吃	engine-auto	
初 2-1	อยากกินต่อ	yaak gin tor	yākˋ gin dɔ̄ˇ	想繼續吃	engine-auto	
初 2-1	หรือ	reu	rɯ̄ˊ	或	engine-auto	
初 2-1	กาแฟร้อนหรือกาแฟเย็น	gaafae ron reu gaafae yen	gā fɛ̄ rɔ̄n~ rɯ̄ˊ gā fɛ̄ yen	熱咖啡還是冰咖啡	engine-auto	
初 2-1	ไก่ทอด	gai tod	gaiˇ tɔ̄tˋ	炸雞	book-exact	(book-exact已用引擎重新驗證)
初 2-1	ทอด	tod	tɔ̄tˋ	炸	engine-auto	
初 2-1	ไก่ย่าง	gai yang	gaiˇ yāngˋ	烤雞	engine-auto	
初 2-1	ย่าง	yang	yāngˋ	烤	engine-auto	
初 2-1	ไก่ทอดหรือไก่ย่าง	gai tod reu gai yang	gaiˇ tɔ̄tˋ rɯ̄ˊ gaiˇ yāngˋ	炸雞還是烤雞	engine-auto	
初 2-1	นั่งแท็กซี่หรือนั่งรถไฟฟ้า	nang taxi reu nang rot fai fa	nangˋ tɛk~ sīˋ rɯ̄ˊ nangˋ rot~ fai fā~	搭計程車還是坐捷運	engine-auto	
初 2-1	หรือ	reu	rɯ̄ˊ	或	engine-auto	
初 2-1	หรือ	reu	rɯ̄ˊ	或	engine-auto	
初 2-1	หรือเปล่า	reu plao	rɯ̄ˊ blāuˇ	嗎	engine-auto	
初 2-1	หิว	hiw	hiwˊ	餓	engine-auto	
初 2-1	หิวหรือเปล่า	hiw reu plao	hiwˊ rɯ̄ˊ blāuˇ	餓嗎	engine-auto	
初 2-1	สดหรือเปล่า	sot reu plao	sotˇ rɯ̄ˊ blāuˇ	新鮮嗎	engine-auto	
初 2-1	สด	sot	sotˇ	新鮮	engine-auto	
初 2-1	น้ำหอม	nam hom	nām~ hɔ̄mˊ	香水	engine-auto	
初 2-1	หอมหรือเปล่า	hom reu plao	hɔ̄mˊ rɯ̄ˊ blāuˇ	香嗎	engine-auto	
初 2-1	เหนื่อย	nueai	nɯ̄aiˇ	累	engine-auto	
初 2-1	เหนื่อยหรือเปล่า	nueai reu plao	nɯ̄aiˇ rɯ̄ˊ blāuˇ	累嗎	engine-auto	
初 2-1	เหนื่อยไหม	nueai mai	nɯ̄aiˇ maiˊ	累嗎	engine-auto	
初 2-1	หนาว	nao	nāuˊ	冷、寒冷	engine-auto	
初 2-1	หนาวหรือเปล่า	nao reu plao	nāuˊ rɯ̄ˊ blāuˇ	冷嗎	engine-auto	
初 2-1	หนาวไหม	nao mai	nāuˊ maiˊ	冷嗎	engine-auto	
初 2-1	เหนื่อยไหม	nueai mai	nɯ̄aiˇ maiˊ	累嗎	engine-auto	
初 2-1	หิวไหม	hiw mai	hiwˊ maiˊ	餓嗎	engine-auto	
初 2-1	ไกลหรือเปล่า	glai reu plao	glai rɯ̄ˊ blāuˇ	遠嗎	engine-auto	
初 2-1	ไกล	glai	glai	遠	engine-auto	
初 2-1	ขอ	kho	kɔ̄ˊ	請、要	engine-auto	
初 2-1	ขอเมนูหน่อยค่ะ	kho menu noi kha	kɔ̄ˊ mē nū nɔ̄iˇ kaˋ	請給我菜單（女）	engine-auto	
初 2-1	ขอเมนูหน่อยครับ	kho menu noi krap	kɔ̄ˊ mē nū nɔ̄iˇ krap~	請給我菜單（男）	engine-auto	
初 2-1	ขอน้ำหน่อยค่ะ	kho nam noi kha	kɔ̄ˊ nām~ nɔ̄iˇ kaˋ	請給我水（女）	engine-auto	
初 2-1	หน่อย	noi	nɔ̄iˇ	一下、一下下	engine-auto	
初 2-1	ขอไลน์ได้ไหม	kho line dai mai	kɔ̄ˊ lai dhaiˋ maiˊ	可以加你 LINE 嗎	engine-auto	
初 2-1	ได้ไหม	dai mai	dhaiˋ maiˊ	可以嗎	engine-auto	
初 2-1	ขอไลน์ได้ไหม	kho line dai mai	kɔ̄ˊ lai dhaiˋ maiˊ	可以加你 LINE 嗎	engine-auto	
初 2-1	ขอเบอร์ได้ไหม	kho ber dai mai	kɔ̄ˊ bhə̄ dhaiˋ maiˊ	可以要電話嗎	engine-auto	
初 2-1	เบอร์	ber	bhə̄	號碼	engine-auto	
初 2-1	ขอเบอร์ได้ไหม	kho ber dai mai	kɔ̄ˊ bhə̄ dhaiˋ maiˊ	可以要電話嗎	engine-auto	
初 2-1	ขอ	kho	kɔ̄ˊ	請、要	engine-auto	
初 2-1	คุณมาจากไหน	khun maa jak nai	kun mā jākˇ naiˊ	你從哪裡來	engine-auto	
初 2-1	คุณมาจากประเทศไหน	khun maa jak prathet nai	kun mā jākˇ braˇ tētˋ naiˊ	你來自哪個國家	engine-auto	
初 2-1	ประเทศ	prathet	braˇ tētˋ	國家	engine-auto	
初 2-1	มาจากไต้หวัน	maa jak taiwan	mā jākˇ daiˋ wanˊ	來自台灣	engine-auto	
初 2-1	มาจากอินเดีย	maa jak india	mā jākˇ in dhīa	來自印度	engine-auto	
初 2-1	มาจากเกาหลี	maa jak kao-lee	mā jākˇ gāu līˊ	來自韓國	engine-auto	
初 2-1	มาจากอิตาลี	maa jak italii	mā jākˇ iˇ dā lī	來自義大利	engine-auto	
初 2-1	อิตาลี	italii	iˇ dā lī	義大利	engine-auto	
初 2-1	มาจากอิตาลี	maa jak italii	mā jākˇ iˇ dā lī	來自義大利	engine-auto	
初 2-1	泰文原文	泰式karaoke拼音	泰文原文	正體中文翻譯	engine-auto	
初 2-1	ใคร	khrai	krai	誰	engine-auto	
初 2-1	ใครเอาโค้ก	khrai ao coke	krai au kōk~	誰要可樂	engine-auto	
初 2-1	ใครเอากาแฟร้อน	khrai ao gaa-fae rorn	krai au gā fɛ̄ rɔ̄n~	誰要熱咖啡	engine-auto	
初 2-1	ใครเอาชาเย็น	khrai ao chaa yen	krai au chā yen	誰要冰茶	engine-auto	
初 2-1	ใครเอาข้าวผัดปู	khrai ao khaao phat puu	krai au kāuˋ patˇ bū	誰要蟹肉炒飯	engine-auto	
初 2-1	ใครเอาซาลาเปา	khrai ao sa-la-bao	krai au sā lā bāu	誰要包子	engine-auto	
初 2-1	ใครทำสุกี้	khrai tham suki	krai tam suˇ gīˋ	是誰做火鍋	engine-auto	
初 2-1	ใครทำเค้ก	khrai tham cake	krai tam kēk~	誰做蛋糕	engine-auto	
初 2-1	ฉันทำ	chan tham	chanˊ tam	我做	engine-auto	
初 2-1	ไม่มีคน	mai mii khon	maiˋ mī kon	沒有人	engine-auto	
初 2-1	ไม่มีใคร	mai mii khrai	maiˋ mī krai	沒有人／沒有誰	engine-auto	
初 2-1	ไม่มีใครกินเผ็ด	mai mii khrai kin phet	maiˋ mī krai gin petˇ	沒有人吃辣	engine-auto	
初 2-1	ไม่มีใครเอาชาร้อน	mai mii khrai ao chaa rorn	maiˋ mī krai au chā rɔ̄n~	沒有人要熱茶	engine-auto	
初 2-1	ชอบ	chop	chɔ̄pˋ	喜歡	engine-auto	
初 2-1	ไม่มีใครชอบ	mai mii khrai chop	maiˋ mī krai chɔ̄pˋ	沒有人喜歡	engine-auto	
初 2-1	ไม่มีใครพูดภาษาไทยเป็น	mai mii khrai phuut phasaa thai pen	maiˋ mī krai pūtˋ pā sāˊ tai ben	沒有人會說泰文	engine-auto	
初 2-1	พูดภาษาไทยเป็น	phuut phasaa thai pen	pūtˋ pā sāˊ tai ben	會說泰文	engine-auto	
初 2-1	ไม่มีใครไปเมืองไทย	mai mii khrai pai mueang thai	maiˋ mī krai bai mɯ̄ang tai	沒有人去泰國	engine-auto	
初 2-1	ไม่มีใครไปประเทศไทย	mai mii khrai pai prathet thai	maiˋ mī krai bai braˇ tētˋ tai	沒有人去泰國	engine-auto	
初 2-1	เมืองไทย	mueang thai	mɯ̄ang tai	泰國	engine-auto	
初 2-1	ไม่มีใครพูดภาษาอังกฤษ	mai mii khrai phuut phasaa ang-grit	maiˋ mī krai pūtˋ pā sāˊ ang gritˇ	沒有人說英文	derived	
初 2-1	ของ	khong	kɔ̄ngˊ	的	engine-auto	
初 2-1	ของใคร	khong khrai	kɔ̄ngˊ krai	誰的	engine-auto	
初 2-1	สเต็กของใคร	sa-tek khong khrai	saˇ dekˇ kɔ̄ngˊ krai	牛排是誰的	derived	
初 2-1	เบียร์ของใคร	bia khong khrai	bhīa kɔ̄ngˊ krai	啤酒是誰的	engine-auto	
初 2-1	ของผม	khong phom	kɔ̄ngˊ pomˊ	我的 (男性)	engine-auto	
初 2-1	ของฉัน	khong chan	kɔ̄ngˊ chanˊ	我的 (女性)	engine-auto	
初 2-1	ผัดไทยของผม	phat thai khong phom	patˇ tai kɔ̄ngˊ pomˊ	泰式炒河粉是我的 (男性)	engine-auto	
初 2-1	ผัดไทยของฉัน	phat thai khong chan	patˇ tai kɔ̄ngˊ chanˊ	泰式炒河粉是我的 (女性)	engine-auto	
初 2-1	ต้มยำกุ้งของฉัน	tom yam kung khong chan	domˋ yam gungˋ kɔ̄ngˊ chanˊ	酸辣蝦湯是我的 (女性)	engine-auto	
初 2-1	ของผมไม่เอาเผ็ด	khong phom mai ao phet	kɔ̄ngˊ pomˊ maiˋ au petˇ	我的不要辣 (男性)	engine-auto	
初 2-1	ไม่เอา	mai ao	maiˋ au	不要	engine-auto	
初 2-1	เผ็ด	phet	petˇ	辣	engine-auto	
初 2-1	ของผมไม่เอาน้ำแข็ง	khong phom mai ao nam khaeng	kɔ̄ngˊ pomˊ maiˋ au nām~ kɛngˊ	我的不要冰塊 (男性)	engine-auto	
初 2-1	ไม่ใส่น้ำแข็ง	mai sai nam khaeng	maiˋ saiˇ nām~ kɛngˊ	不加冰塊	engine-auto	
初 2-1	ของผมไม่ใส่น้ำแข็ง	khong phom mai sai nam khaeng	kɔ̄ngˊ pomˊ maiˋ saiˇ nām~ kɛngˊ	我的不加冰塊 (男性)	engine-auto	
初 2-1	ของ	khong	kɔ̄ngˊ	的；東西、物品	engine-auto	
初 2-1	ของเผ็ด	khong phet	kɔ̄ngˊ petˇ	辣的食物	engine-auto	
初 2-1	กินของเผ็ดไม่ได้	kin khong phet mai dai	gin kɔ̄ngˊ petˇ maiˋ dhaiˋ	不能吃辣的食物	engine-auto	
初 2-1	ของทอด	khong thot	kɔ̄ngˊ tɔ̄tˋ	炸物	engine-auto	
初 2-1	ชอบกินของทอดไหม	chop kin khong thot mai	chɔ̄pˋ gin kɔ̄ngˊ tɔ̄tˋ maiˊ	喜歡吃炸物嗎？	engine-auto	
初 2-1	ชอบมาก	chop maak	chɔ̄pˋ mākˋ	非常喜歡	engine-auto	
初 2-1	ของหวาน	khong waan	kɔ̄ngˊ wānˊ	甜食	engine-auto	
初 2-1	กินของหวาน	kin khong waan	gin kɔ̄ngˊ wānˊ	吃甜食	engine-auto	
初 2-1	ของญี่ปุ่น	khong yiipun	kɔ̄ngˊ yīˋ bunˇ	日本貨	engine-auto	
初 2-1	ของไทย	khong thai	kɔ̄ngˊ tai	泰國貨	engine-auto	
初 2-1	ของเยอรมัน	khong yoe-ra-man	kɔ̄ngˊ yə̄n man	德國貨	engine-auto	
初 2-1	ของกิน	khong kin	kɔ̄ngˊ gin	吃的東西	engine-auto	
初 2-1	กิน	kin	gin	吃	book-exact	(book-exact已用引擎重新驗證)
初 2-1	ของใช้	khong chai	kɔ̄ngˊ chai~	用的東西	engine-auto	
初 2-1	ใช้	chai	chai~	用	engine-auto	
初 2-1	กี่ที่คะ	gii thii kha	gīˇ tīˋ ka~	幾位？	engine-auto	
初 2-1	ผู้ใหญ่	phuu yai	pūˋ yaiˇ	大人	engine-auto	
初 2-1	ผู้ใหญ่สาม	phuu yai saam	pūˋ yaiˇ sāmˊ	大人三位	engine-auto	
初 2-1	เด็ก	dek	dhekˇ	小孩	engine-auto	
初 2-1	เด็กสอง	dek song	dhekˇ sɔ̄ngˊ	小孩兩位	engine-auto	
初 2-1	ผู้ใหญ่สาม เด็กสอง	phuu yai saam dek song	pūˋ yaiˇ sāmˊ dhekˇ sɔ̄ngˊ	三大兩小	engine-auto	
初 2-1	ผู้ใหญ่สี่ เด็กสาม	phuu yai sii dek saam	pūˋ yaiˇ sīˇ dhekˇ sāmˊ	四大三小	engine-auto	
初 2-1	ปู่	puu	būˇ	爺爺	engine-auto	
初 2-1	ย่า	yaa	yāˋ	奶奶	engine-auto	
初 2-1	ปู่ย่า	puu yaa	būˇ yāˋ	爺爺奶奶	engine-auto	
初 2-1	ปู่ย่าอายุเท่าไหร่	puu yaa aa-yu thao-rai	būˇ yāˋ ā yu~ tāuˋ raiˇ	爺爺奶奶幾歲了？	engine-auto	
初 2-1	ตา	taa	dā	外公	engine-auto	
初 2-1	ยาย	yaai	yāi	外婆	engine-auto	
初 2-1	ตายาย	taa yaai	dā yāi	外公外婆	engine-auto	
初 2-1	ปู่ย่าตายาย	puu yaa taa yaai	būˇ yāˋ dā yāi	爺爺奶奶外公外婆	engine-auto	
初 2-1	ตายายมาจากเมืองจีน	taa yaai maa jaak mueang jiin	dā yāi mā jākˇ mɯ̄ang jīn	外公外婆來自中國	engine-auto	
初 2-1	พ่อ	phor	pɔ̄ˋ	爸爸	book-exact	(book-exact已用引擎重新驗證)
初 2-1	แม่	mae	mɛ̄ˋ	媽媽	book-exact	(book-exact已用引擎重新驗證)
初 2-1	พ่อแม่	phor mae	pɔ̄ˋ mɛ̄ˋ	父母	engine-auto	
初 2-1	ผม	phom	pomˊ	我 (男性)	engine-auto	
初 2-1	ฉัน	chan	chanˊ	我 (女性)	engine-auto	
初 2-1	แม่น้ำ	mae naam	mɛ̄ˋ nām~	河	engine-auto	
初 2-1	แม่น้ำเจ้าพระยา	mae naam jao phra yaa	mɛ̄ˋ nām~ jāuˋ pra~ yā	昭披耶河	engine-auto	
初 2-1	นี่แม่น้ำอะไร	nii mae naam a-rai	nīˋ mɛ̄ˋ nām~ aˇ rai	這是什麼河？	engine-auto	
初 2-1	แม่น้ำนี้ชื่ออะไร	mae naam nii chue a-rai	mɛ̄ˋ nām~ nī~ chɯ̄ˋ aˇ rai	這條河叫什麼名字？	engine-auto	
初 2-1	แม่น้ำปิง	mae naam ping	mɛ̄ˋ nām~ bing	屏河	engine-auto	
初 2-1	บ้าน	baan	bhānˋ	房子、家	engine-auto	
初 2-1	บ้านของคุณ	baan khong khun	bhānˋ kɔ̄ngˊ kun	你的家	engine-auto	
初 2-1	บ้านของคุณอยู่ที่ไหน	baan khong khun yuu thii nai	bhānˋ kɔ̄ngˊ kun yūˋ tīˋ naiˊ	你家在哪裡？	engine-auto	
初 2-1	แม่บ้าน	mae baan	mɛ̄ˋ bhānˋ	女傭、家庭主婦	book-exact	(book-exact已用引擎重新驗證)
初 2-1	ฉันเป็นแม่บ้าน	chan pen mae baan	chanˊ ben mɛ̄ˋ bhānˋ	我是家庭主婦	engine-auto	
初 2-1	พ่อตา	phor taa	pɔ̄ˋ dā	岳父	engine-auto	
初 2-1	แม่ยาย	mae yaai	mɛ̄ˋ yāi	岳母	engine-auto	
初 2-1	สามี	saa mii	sāˊ mī	丈夫	engine-auto	
初 2-1	สามีของฉัน	saa mii khong chan	sāˊ mī kɔ̄ngˊ chanˊ	我的先生	engine-auto	
初 2-1	สามีฉัน	saa mii chan	sāˊ mī chanˊ	我先生	engine-auto	
初 2-1	ภรรยา	phan-ra-yaa	pan yā	妻子	derived	
初 2-1	สามีภรรยา	saa mii phan-ra-yaa	sāˊ mī pan yā	夫妻	derived	
初 2-1	ลูกชาย	luuk chaai	lūkˋ chāi	兒子	engine-auto	
初 2-1	ลูก	luuk	lūkˋ	孩子、(量詞)顆	book-exact	(book-exact已用引擎重新驗證)
初 2-1	ลูกละเท่าไหร่	luuk la thao-rai	lūkˋ la~ tāuˋ raiˇ	一顆多少錢？	engine-auto	
初 2-1	ชาย	chaai	chāi	男	engine-auto	
初 2-1	ลูกสาว	luuk saao	lūkˋ sāuˊ	女兒	engine-auto	
初 2-1	สาว	saao	sāuˊ	女	engine-auto	
初 2-1	เมีย	mia	mīa	老婆 (口語)	engine-auto	
初 2-1	เมียหลวง	mia luang	mīa lūangˊ	大老婆	engine-auto	
初 2-1	หลวง	luang	lūangˊ	皇家、大的	engine-auto	
初 2-1	ในหลวง	nai luang	nai lūangˊ	國王	engine-auto	
初 2-1	เมียน้อย	mia noi	mīa nɔ̄i~	小老婆	engine-auto	
初 2-1	น้อย	noi	nɔ̄i~	小、少	engine-auto	
初 2-1	เมียเช่า	mia chao	mīa chāuˋ	租妻	engine-auto	
初 2-1	เช่า	chao	chāuˋ	租	engine-auto	
初 2-1	เช่ารถ	chao rot	chāuˋ rot~	租車	engine-auto	
初 2-1	หวานน้อย	waan noi	wānˊ nɔ̄i~	少糖	engine-auto	
初 2-1	ชาเย็นหวานน้อย	chaa yen waan noi	chā yen wānˊ nɔ̄i~	冰茶少糖	engine-auto	
初 2-1	เผ็ดน้อย	phet noi	petˇ nɔ̄i~	小辣	engine-auto	
初 2-1	กะเพราหมู	ga-phrao muu	gaˇ prāu mūˊ	打拋豬	engine-auto	
初 2-1	กะเพราหมูเผ็ดน้อย	ga-phrao muu phet noi	gaˇ prāu mūˊ petˇ nɔ̄i~	打拋豬小辣	engine-auto	
初 2-1	คนน้อย	khon noi	kon nɔ̄i~	人少	engine-auto	
初 2-1	กินน้อย	kin noi	gin nɔ̄i~	吃得少	engine-auto	
初 2-1	นอนน้อย	non noi	nɔ̄n nɔ̄i~	睡得少	engine-auto	
初 2-1	เช่าบ้าน	chao baan	chāuˋ bhānˋ	租房子	engine-auto	
初 2-1	ห้อง	hong	hɔ̄ngˋ	房間	book-exact	(book-exact已用引擎重新驗證)
初 2-1	เช่าห้อง	chao hong	chāuˋ hɔ̄ngˋ	租房間	engine-auto	
初 2-1	เช่ามอเตอร์ไซค์	chao motor-sai	chāuˋ mɔ̄ də̄ sai	租摩托車	engine-auto	
初 2-1	泰文	泰式karaoke拼音	泰文	中文	engine-auto	
初 2-1	แม่	mae	mɛ̄ˋ	媽媽	book-exact	(book-exact已用引擎重新驗證)
初 2-1	พ่อ	phor	pɔ̄ˋ	爸爸	book-exact	(book-exact已用引擎重新驗證)
初 2-1	ลูกสาว	luuk saao	lūkˋ sāuˊ	女兒	engine-auto	
初 2-1	ลูกชาย	luuk chaai	lūkˋ chāi	兒子	engine-auto	
初 2-1	หลาน	laan	lānˊ	孫子/孫女/外甥/外甥女	engine-auto	
初 2-1	หลานสาว	laan saao	lānˊ sāuˊ	孫女/外甥女	engine-auto	
初 2-1	หลานชาย	laan chaai	lānˊ chāi	孫子/外甥	engine-auto	
初 2-1	ล้าน	laan	lān~	百萬	engine-auto	
初 2-1	ร้าน	raan	rān~	商店	book-exact	(book-exact已用引擎重新驗證)
初 2-1	พี่	phii	pīˋ	哥哥/姐姐	engine-auto	
初 2-1	พี่สาว	phii saao	pīˋ sāuˊ	姐姐	engine-auto	
初 2-1	พี่ชาย	phii chaai	pīˋ chāi	哥哥	engine-auto	
初 2-1	พี่	phii	pīˋ	（稱呼）大哥/大姐	engine-auto	
初 2-1	พี่คะ / พี่ครับ	phii kha / phii krap	pīˋ ka~ / pīˋ krap~	大哥/大姐（稱呼語氣詞）	engine-auto	
初 2-1	ขอเมนูหน่อย	kho menu noi	kɔ̄ˊ mē nū nɔ̄iˇ	請給我菜單	engine-auto	
初 2-1	พี่ๆ	phii phii	pīˋ pīˋ	（重複呼叫）大哥/大姐	engine-auto	
初 2-1	เจ๊	jeh	jē~	姐（來自潮州話）	engine-auto	
初 2-1	เจ๊หนู	jeh nu	jē~ nūˊ	奴姐	engine-auto	
初 2-1	เจ๊หนูเล็ก	jeh nu lek	jē~ nūˊ lek~	小奴姐	engine-auto	
初 2-1	น้อง	nong	nɔ̄ng~	弟弟/妹妹	engine-auto	
初 2-1	น้องสาว	nong saao	nɔ̄ng~ sāuˊ	妹妹	engine-auto	
初 2-1	น้องชาย	nong chaai	nɔ̄ng~ chāi	弟弟	engine-auto	
初 2-1	น้อง เก็บตังค์	nong kep tang	nɔ̄ng~ gepˇ dang	小弟/小妹，結帳	engine-auto	
初 2-1	น้องๆ เก็บตังค์	nong nong kep tang	nɔ̄ng~ nɔ̄ng~ gepˇ dang	（重複呼叫）小弟/小妹，結帳	engine-auto	
初 2-1	น้อง เท่าไหร่คะ	nong thao-rai kha	nɔ̄ng~ tāuˋ raiˇ ka~	小弟/小妹，多少錢？	engine-auto	
初 2-1	พี่ เท่าไหร่คะ	phii thao-rai kha	pīˋ tāuˋ raiˇ ka~	大哥/大姐，多少錢？	engine-auto	
初 2-1	พี่น้อง	phii nong	pīˋ nɔ̄ng~	兄弟姐妹	engine-auto	
初 2-1	มีพี่น้องไหม	mii phii nong mai	mī pīˋ nɔ̄ng~ maiˊ	有兄弟姐妹嗎？	engine-auto	
初 2-1	มีพี่น้องกี่คน	mii phii nong gii khon	mī pīˋ nɔ̄ng~ gīˇ kon	有幾個兄弟姐妹？	engine-auto	
初 2-1	ชาย	chaai	chāi	男	engine-auto	
初 2-1	ผู้ชาย	phu chaai	pūˋ chāi	男生	engine-auto	
初 2-1	ผู้ใหญ่	phu yai	pūˋ yaiˇ	大人	engine-auto	
初 2-1	ผู้หญิง	phu ying	pūˋ yingˊ	女生	engine-auto	
初 2-1	สาว	saao	sāuˊ	年輕女子	engine-auto	
初 2-1	หญิง	ying	yingˊ	女	engine-auto	
初 2-1	ผู้ชายไทย	phu chaai thai	pūˋ chāi tai	泰國男生	engine-auto	
初 2-1	ผู้ชายไต้หวัน	phu chaai taiwan	pūˋ chāi daiˋ wanˊ	台灣男生	engine-auto	
初 2-1	ผู้ชายญี่ปุ่น	phu chaai yiipun	pūˋ chāi yīˋ bunˇ	日本男生	engine-auto	
初 2-1	ผู้หญิงจีน	phu ying jiin	pūˋ yingˊ jīn	中國女生	engine-auto	
初 2-1	ผู้หญิงเกาหลี	phu ying gaoli	pūˋ yingˊ gāu līˊ	韓國女生	engine-auto	
初 2-1	ผู้หญิงเวียดนาม	phu ying wiatnaam	pūˋ yingˊ wīatˋ nām	越南女生	engine-auto	
初 2-1	ห้องน้ำ	hong nam	hɔ̄ngˋ nām~	廁所	engine-auto	
初 2-1	ห้องน้ำหญิง	hong nam ying	hɔ̄ngˋ nām~ yingˊ	女廁	engine-auto	
初 2-1	ห้องน้ำผู้หญิง	hong nam phu ying	hɔ̄ngˋ nām~ pūˋ yingˊ	女廁	engine-auto	
初 2-1	ห้องน้ำชาย	hong nam chaai	hɔ̄ngˋ nām~ chāi	男廁	engine-auto	
初 2-1	ห้องน้ำผู้ชาย	hong nam phu chaai	hɔ̄ngˋ nām~ pūˋ chāi	男廁	engine-auto	
初 2-1	เด็ก	dek	dhekˇ	小孩	engine-auto	
初 2-1	เด็กผู้ชาย	dek phu chaai	dhekˇ pūˋ chāi	小男孩	engine-auto	
初 2-1	เด็กผู้หญิง	dek phu ying	dhekˇ pūˋ yingˊ	小女孩	engine-auto	
初 2-1	ผู้ใหญ่สาม เด็กสอง	phu yai saam dek song	pūˋ yaiˇ sāmˊ dhekˇ sɔ̄ngˊ	大人三位，小孩兩位	engine-auto	
初 2-1	เพื่อน	phuean	pɯ̄anˋ	朋友	engine-auto	
初 2-1	มีเพื่อน	mii phuean	mī pɯ̄anˋ	有朋友	engine-auto	
初 2-1	เพื่อนคนไทย	phuean khon thai	pɯ̄anˋ kon tai	泰國朋友	engine-auto	
初 2-1	เพื่อนมาไต้หวัน	phuean maa taiwan	pɯ̄anˋ mā daiˋ wanˊ	朋友來台灣	engine-auto	
初 2-1	แฟน	faen	fɛ̄n	情人/男女朋友	engine-auto	
初 2-1	มีแฟนแล้ว	mii faen laew	mī fɛ̄n lɛ̄u~	有情人了	engine-auto	
初 2-1	แฟนเป็นคนไทย	faen pen khon thai	fɛ̄n ben kon tai	情人是泰國人	engine-auto	
初 2-1	สามี	saa mii	sāˊ mī	丈夫	engine-auto	
初 2-1	ภรรยา	phan ra yaa	pan yā	妻子	derived	
初 2-1	ครู	khruu	krū	老師	engine-auto	
初 2-1	อาจารย์	aajaan	ā jān	教授/師傅	engine-auto	
初 2-1	ครูภาษาไทย	khruu phasaa thai	krū pā sāˊ tai	泰文老師	engine-auto	
初 2-1	อาจารย์ภาษาไทย	aajaan phasaa thai	ā jān pā sāˊ tai	泰文教授	engine-auto	
初 2-1	ครูภาษาอังกฤษ	khruu phasaa anggrit	krū pā sāˊ ang gritˇ	英文老師	derived	
初 2-1	ครูภาษาจีน	khruu phasaa jiin	krū pā sāˊ jīn	中文老師	engine-auto	
初 2-1	ครูภาษาญี่ปุ่น	khruu phasaa yiipun	krū pā sāˊ yīˋ bunˇ	日文老師	engine-auto	
初 2-1	โยคะ	yoo kha	yō ka~	瑜珈	engine-auto	
初 2-1	ครูโยคะ	khruu yoo kha	krū yō ka~	瑜珈老師	engine-auto	
初 2-1	ครูเปียโน	khruu pia no	krū bīa nō	鋼琴老師	engine-auto	
初 2-1	เปียโน	pia no	bīa nō	鋼琴	engine-auto	
初 2-1	นักเรียน	nak rian	nak~ rīan	學生（中小學）	engine-auto	
初 2-1	นักศึกษา	nak seuk saa	nak~ sɯkˇ sāˊ	大學生	engine-auto	
初 2-1	ฉัน	chan	chanˊ	我 (女性)	engine-auto	
初 2-1	ผม	phom	pomˊ	我 (男性)	engine-auto	
初 2-1	พวกเรา	phuak rao	pūakˋ rāu	我們	engine-auto	
初 2-1	เรา	rao	rāu	我/我們	engine-auto	
初 2-1	พวกผม	phuak phom	pūakˋ pomˊ	我們 (全部是男性時)	engine-auto	
初 2-1	พวกฉัน	phuak chan	pūakˋ chanˊ	我們 (全部是女性時)	engine-auto	
初 2-1	พวกเรามาจากไต้หวัน	phuak rao maa jaak taiwan	pūakˋ rāu mā jākˇ daiˋ wanˊ	我們來自台灣	engine-auto	
初 2-1	คุณ	khun	kun	你	engine-auto	
初 2-1	พวกคุณ	phuak khun	pūakˋ kun	你們	engine-auto	
初 2-1	เธอ	thoe	tə̄	你 (用於平輩或晚輩)	engine-auto	
初 2-1	เธอชื่ออะไร	thoe chue a-rai	tə̄ chɯ̄ˋ aˇ rai	你叫什麼名字？	engine-auto	
初 2-1	คุณปู่	khun puu	kun būˇ	(稱呼) 爺爺	engine-auto	
初 2-1	คุณย่า	khun yaa	kun yāˋ	(稱呼) 奶奶	engine-auto	
初 2-1	คุณยาย	khun yaai	kun yāi	(稱呼) 外婆	engine-auto	
初 2-1	เขา	khao	kāuˊ	他 / 她	engine-auto	
初 2-1	ท่าน	than	tānˋ	他 / 她 (尊敬的用法)	engine-auto	
初 2-1	วันนี้ท่านไม่มา	wan nii than mai maa	wan nī~ tānˋ maiˋ mā	今天他沒來。	engine-auto	
初 2-1	ท่านไปไหน	than pai nai	tānˋ bai naiˊ	他去哪裡？	engine-auto	
初 2-1	พวกเขา	phuak khao	pūakˋ kāuˊ	他們	engine-auto	
初 2-1	มัน	man	man	它	engine-auto	
初 2-1	วันนี้มันไม่มา	wan nii man mai maa	wan nī~ man maiˋ mā	今天它不來。	engine-auto	
初 2-1	พวกมัน	phuak man	pūakˋ man	牠們 / 他們 (朋友間口語)	engine-auto	
初 2-1	มีไหมคะ	mii mai kha	mī maiˊ ka~	有問題嗎？	engine-auto	
初 2-1	พ่อสามี	phor saa mii	pɔ̄ˋ sāˊ mī	公公	engine-auto	
初 2-1	สามี	saa mii	sāˊ mī	先生/丈夫	engine-auto	
初 2-1	พ่อ	phor	pɔ̄ˋ	爸爸	book-exact	(book-exact已用引擎重新驗證)
初 2-1	แม่สามี	mae saa mii	mɛ̄ˋ sāˊ mī	婆婆	engine-auto	
初 2-1	พ่อตา	phor taa	pɔ̄ˋ dā	岳父	engine-auto	
初 2-1	แม่ยาย	mae yaai	mɛ̄ˋ yāi	岳母	engine-auto	
初 2-1	ขอบคุณค่ะ	khop khun kha	kɔ̄pˇ kun kaˋ	謝謝	engine-auto	
初 2-1	ขนมจีน	khanom jiin	kaˇ nom jīn	米線	engine-auto	
初 2-1	อยากกินขนมจีน	yaak kin khanom jiin	yākˋ gin kaˇ nom jīn	想吃米線	engine-auto	
初 2-1	เจอกันอาทิตย์หน้า	joe kan a-thit naa	jə̄ gan ā tit~ nāˋ	下個禮拜見	engine-auto	
初 2-1	วันนี้ขอบคุณค่ะ	wan nii khop khun kha	wan nī~ kɔ̄pˇ kun kaˋ	今天謝謝大家	engine-auto	
初 2-1	บ๊ายบายค่ะ	baai baai kha	bhāi~ bhāi kaˋ	拜拜	engine-auto	
初 2-2	ของ	kong	kɔ̄ngˊ	的、東西	engine-auto	
初 2-2	ชาเย็นของใคร	cha yen kong krai	chā yen kɔ̄ngˊ krai	泰式奶茶是誰的？	engine-auto	
初 2-2	ใคร	krai	krai	誰	engine-auto	
初 2-2	ชาเย็นของผม	cha yen kong phom	chā yen kɔ̄ngˊ pomˊ	（我的）泰式奶茶（男性用）	engine-auto	
初 2-2	ของผม	kong phom	kɔ̄ngˊ pomˊ	我的（男性用）	engine-auto	
初 2-2	ของฉัน	kong chan	kɔ̄ngˊ chanˊ	我的（女性用）	engine-auto	
初 2-2	ชาเย็นของฉัน	cha yen kong chan	chā yen kɔ̄ngˊ chanˊ	（我的）泰式奶茶（女性用）	engine-auto	
初 2-2	กาแฟร้อนของใคร	gaa fae ron kong krai	gā fɛ̄ rɔ̄n~ kɔ̄ngˊ krai	熱咖啡是誰的？	engine-auto	
初 2-2	เขา	kao	kāuˊ	他	engine-auto	
初 2-2	ของเขา	kong kao	kɔ̄ngˊ kāuˊ	他的	engine-auto	
初 2-2	กาแฟร้อนของเขา	gaa fae ron kong kao	gā fɛ̄ rɔ̄n~ kɔ̄ngˊ kāuˊ	他的熱咖啡	engine-auto	
初 2-2	แม่ของฉัน	mae kong chan	mɛ̄ˋ kɔ̄ngˊ chanˊ	我的媽媽	engine-auto	
初 2-2	แม่ฉัน	mae chan	mɛ̄ˋ chanˊ	我媽	engine-auto	
初 2-2	ทำอาหาร	tam a-han	tam ā hānˊ	做菜	engine-auto	
初 2-2	เก่ง	geng	gēngˇ	厲害、很棒	engine-auto	
初 2-2	คุณทำอาหารเก่ง	khun tam a-han geng	kun tam ā hānˊ gēngˇ	你很會做菜	engine-auto	
初 2-2	พูดเก่ง	pood geng	pūtˋ gēngˇ	很會說	engine-auto	
初 2-2	กินเก่ง	gin geng	gin gēngˇ	很會吃	engine-auto	
初 2-2	ทำอาหารเก่ง	tam a-han geng	tam ā hānˊ gēngˇ	很會做菜	engine-auto	
初 2-2	แม่ของฉันทำอาหารเก่ง	mae kong chan tam a-han geng	mɛ̄ˋ kɔ̄ngˊ chanˊ tam ā hānˊ gēngˇ	我媽媽很會做菜	engine-auto	
初 2-2	บ้านของเขา	baan kong kao	bhānˋ kɔ̄ngˊ kāuˊ	他的家	engine-auto	
初 2-2	บ้าน	baan	bhānˋ	家、房子	engine-auto	
初 2-2	ใหญ่มาก	yai mak	yaiˇ mākˋ	非常大	engine-auto	
初 2-2	บ้านของเขาใหญ่มาก	baan kong kao yai mak	bhānˋ kɔ̄ngˊ kāuˊ yaiˇ mākˋ	他的家非常大	engine-auto	
初 2-2	ของทอด	kong thot	kɔ̄ngˊ tɔ̄tˋ	炸物	engine-auto	
初 2-2	กินมากไม่ดี	gin mak mai dee	gin mākˋ maiˋ dhī	吃很多不好	engine-auto	
初 2-2	ไม่ดี	mai dee	maiˋ dhī	不好	engine-auto	
初 2-2	ของทอดกินมากไม่ดี	kong thot gin mak mai dee	kɔ̄ngˊ tɔ̄tˋ gin mākˋ maiˋ dhī	炸物吃多了不好	engine-auto	
初 2-2	ของเผ็ด	kong phet	kɔ̄ngˊ petˇ	辣的東西	engine-auto	
初 2-2	ผมกินของเผ็ดไม่ได้	phom gin kong phet mai dai	pomˊ gin kɔ̄ngˊ petˇ maiˋ dhaiˋ	我不能吃辣的東西（男性用）	engine-auto	
初 2-2	ของปิ้งย่าง	kong ping yang	kɔ̄ngˊ bingˋ yāngˋ	烤的東西	engine-auto	
初 2-2	ของย่าง	kong yang	kɔ̄ngˊ yāngˋ	烤的東西	engine-auto	
初 2-2	ปิ้งย่าง	ping yang	bingˋ yāngˋ	燒烤	engine-auto	
初 2-2	ฉันชอบกินของปิ้งย่าง	chan chop gin kong ping yang	chanˊ chɔ̄pˋ gin kɔ̄ngˊ bingˋ yāngˋ	我喜歡吃烤的東西	engine-auto	
初 2-2	ใครเอา	krai ao	krai au	誰要？	engine-auto	
初 2-2	ใครเอาผัดไทย	krai ao phad thai	krai au patˇ tai	誰要泰式炒河粉？	engine-auto	
初 2-2	ใครทำผัดไทย	krai tam phad thai	krai tam patˇ tai	誰做泰式炒河粉？	engine-auto	
初 2-2	ใครมา	krai ma	krai mā	誰來？	engine-auto	
初 2-2	มา	ma	mā	來	engine-auto	
初 2-2	ใครพูด	krai pood	krai pūtˋ	誰說？	engine-auto	
初 2-2	พูด	pood	pūtˋ	說	book-exact	(book-exact已用引擎重新驗證)
初 2-2	มีใครไหม	mee krai mai	mī krai maiˊ	有人嗎？	engine-auto	
初 2-2	ไม่มีใคร	mai mee krai	maiˋ mī krai	沒有人	engine-auto	
初 2-2	มีใครอยู่ไหม	mee krai yuu mai	mī krai yūˋ maiˊ	有人在嗎？	engine-auto	
初 2-2	มีคนอยู่ไหม	mee khon yuu mai	mī kon yūˋ maiˊ	有人在嗎？	engine-auto	
初 2-2	มีคนไหม	mee khon mai	mī kon maiˊ	有人嗎？	engine-auto	
初 2-2	ไม่มีใครอยู่	mai mee krai yuu	maiˋ mī krai yūˋ	沒有人在	engine-auto	
初 2-2	มีใครเอาไหม	mee krai ao mai	mī krai au maiˊ	有人要嗎？	engine-auto	
初 2-2	ส้มตำ	som tam	somˋ dam	涼拌青木瓜絲	engine-auto	
初 2-2	ไม่มีใครเอา	mai mee krai ao	maiˋ mī krai au	沒有人要	engine-auto	
初 2-2	มีใครชอบไหม	mee krai chop mai	mī krai chɔ̄pˋ maiˊ	有人喜歡嗎？	engine-auto	
初 2-2	ไม่มีใครชอบ	mai mee krai chop	maiˋ mī krai chɔ̄pˋ	沒有人喜歡	engine-auto	
初 2-2	มีใครรู้ไหม	mee krai ru mai	mī krai rū~ maiˊ	有人知道嗎？	engine-auto	
初 2-2	รู้	ru	rū~	知道	engine-auto	
初 2-2	ไม่มีใครรู้	mai mee krai ru	maiˋ mī krai rū~	沒有人知道	engine-auto	
初 2-2	ปู่	puu	būˇ	爺爺（父親的父親）	engine-auto	
初 2-2	ย่า	yaa	yāˋ	奶奶（父親的母親）	engine-auto	
初 2-2	ปู่ย่า	puu yaa	būˇ yāˋ	爺爺奶奶（父系）	engine-auto	
初 2-2	ตา	taa	dā	外公	engine-auto	
初 2-2	ยาย	yaai	yāi	外婆	engine-auto	
初 2-2	ปู่ย่าตายาย	puu yaa taa yaai	būˇ yāˋ dā yāi	（外）祖父母	engine-auto	
初 2-2	พ่อ	por	pɔ̄ˋ	爸爸	book-exact	(book-exact已用引擎重新驗證)
初 2-2	วัน	wan	wan	日、天	book-exact	(book-exact已用引擎重新驗證)
初 2-2	วันพ่อ	wan por	wan pɔ̄ˋ	父親節	engine-auto	
初 2-2	สุขสันต์วันพ่อ	suk san wan por	sukˇ sanˊ wan pɔ̄ˋ	父親節快樂	engine-auto	
初 2-2	สุขสันต์วันเกิด	suk san wan gued	sukˇ sanˊ wan gə̄tˇ	生日快樂	engine-auto	
初 2-2	แม่	mae	mɛ̄ˋ	媽媽	book-exact	(book-exact已用引擎重新驗證)
初 2-2	พ่อแม่	por mae	pɔ̄ˋ mɛ̄ˋ	父母	engine-auto	
初 2-2	ลูก	look	lūkˋ	孩子、…顆（量詞）	book-exact	(book-exact已用引擎重新驗證)
初 2-2	พ่อแม่ลูก	por mae look	pɔ̄ˋ mɛ̄ˋ lūkˋ	父母與孩子	engine-auto	
初 2-2	คุณปู่	khun puu	kun būˇ	爺爺（尊稱）	engine-auto	
初 2-2	คุณย่า	khun yaa	kun yāˋ	奶奶（尊稱）	engine-auto	
初 2-2	คุณยาย	khun yaai	kun yāi	外婆（尊稱）	engine-auto	
初 2-2	คุณตา	khun taa	kun dā	外公（尊稱）	engine-auto	
初 2-2	คุณพ่อ	khun por	kun pɔ̄ˋ	爸爸（尊稱）	engine-auto	
初 2-2	คุณแม่	khun mae	kun mɛ̄ˋ	媽媽（尊稱）	engine-auto	
初 2-2	ปู่ชอบกินปู	puu chop gin puu	būˇ chɔ̄pˋ gin bū	爺爺喜歡吃螃蟹	engine-auto	
初 2-2	คุณปู่ชอบกินปู	khun puu chop gin puu	kun būˇ chɔ̄pˋ gin bū	爺爺喜歡吃螃蟹（尊稱）	engine-auto	
初 2-2	คุณย่าไม่ค่อยสบาย	khun yaa mai koi sabai	kun yāˋ maiˋ kɔ̄iˋ saˇ bhāi	奶奶不太舒服（尊稱）	engine-auto	
初 2-2	ไม่ค่อยสบาย	mai koi sabai	maiˋ kɔ̄iˋ saˇ bhāi	不太舒服	engine-auto	
初 2-2	ตายายของฉัน	taa yaai kong chan	dā yāi kɔ̄ngˊ chanˊ	我的外公外婆	engine-auto	
初 2-2	คุณตาคุณยาย	khun taa khun yaai	kun dā kun yāi	外公外婆（尊稱）	engine-auto	
初 2-2	มาจากเมืองจีน	maa jaak mueang jeen	mā jākˇ mɯ̄ang jīn	來自中國	engine-auto	
初 2-2	มาจาก	maa jaak	mā jākˇ	來自	engine-auto	
初 2-2	เมืองจีน	mueang jeen	mɯ̄ang jīn	中國	engine-auto	
初 2-2	ตายายของฉันมาจากเมืองจีน	taa yaai kong chan maa jaak mueang jeen	dā yāi kɔ̄ngˊ chanˊ mā jākˇ mɯ̄ang jīn	我的外公外婆來自中國	engine-auto	
初 2-2	พ่อแม่ไม่อยู่	por mae mai yuu	pɔ̄ˋ mɛ̄ˋ maiˋ yūˋ	父母不在	engine-auto	
初 2-2	วันนี้	wan nii	wan nī~	今天	engine-auto	
初 2-2	วันนี้พ่อแม่ไม่อยู่	wan nii por mae mai yuu	wan nī~ pɔ̄ˋ mɛ̄ˋ maiˋ yūˋ	今天父母不在	engine-auto	
初 2-2	บ้าน	baan	bhānˋ	家	engine-auto	
初 2-2	วันนี้พ่อแม่ไม่อยู่บ้าน	wan nii por mae mai yuu baan	wan nī~ pɔ̄ˋ mɛ̄ˋ maiˋ yūˋ bhānˋ	今天父母不在家	engine-auto	
初 2-2	ลูกสาว	look saao	lūkˋ sāuˊ	女兒	engine-auto	
初 2-2	อายุเท่าไหร่	aa-yu tao rai	ā yu~ tāuˋ raiˇ	幾歲？	engine-auto	
初 2-2	ลูกสาวอายุ 3 ปี	look saao aa-yu saam bpii	lūkˋ sāuˊ ā yu~ 3 bī	女兒三歲了	engine-auto	
初 2-2	อายุ 3 ปี	aa-yu saam bpii	ā yu~ 3 bī	三歲	engine-auto	
初 2-2	ลูกชาย	look chaai	lūkˋ chāi	兒子	engine-auto	
初 2-2	เรียนเก่ง	rian geng	rīan gēngˇ	會讀書、學習很好	engine-auto	
初 2-2	ลูกชายเรียนเก่ง	look chaai rian geng	lūkˋ chāi rīan gēngˇ	兒子學習很好	engine-auto	
初 2-2	ลูกละเท่าไหร่	look la tao rai	lūkˋ la~ tāuˋ raiˇ	一顆多少錢？	engine-auto	
初 2-2	พี่น้อง	phii nong	pīˋ nɔ̄ng~	兄弟姐妹	engine-auto	
初 2-2	มีพี่น้อง 5 คน	mii phii nong haa khon	mī pīˋ nɔ̄ng~ 5 kon	有五個兄弟姐妹	engine-auto	
初 2-2	พี่ชาย	phii chaai	pīˋ chāi	哥哥	engine-auto	
初 2-2	พี่สาว	phii saao	pīˋ sāuˊ	姐姐	engine-auto	
初 2-2	มี	mii	mī	有	book-exact	(book-exact已用引擎重新驗證)
初 2-2	น้องชาย	nong chaai	nɔ̄ng~ chāi	弟弟	engine-auto	
初 2-2	ไม่มีพี่ชาย มีน้องสาว	mai mii phii chaai mii nong saao	maiˋ mī pīˋ chāi mī nɔ̄ng~ sāuˊ	沒有哥哥，有妹妹	engine-auto	
初 2-2	พี่น้อง	phii nong	pīˋ nɔ̄ng~	兄弟姐妹	engine-auto	
初 2-2	มีพี่น้องกี่คน	mii phii nong gii khon	mī pīˋ nɔ̄ng~ gīˇ kon	有幾個兄弟姐妹？	engine-auto	
初 2-2	ทั้งหมด	thang mot	tang~ motˇ	全部、總共	derived	
初 2-2	มีพี่น้องทั้งหมดกี่คน	mii phii nong thang mot gii khon	mī pīˋ nɔ̄ng~ tang~ motˇ gīˇ kon	總共有幾個兄弟姐妹？	derived	
初 2-2	คุณมีพี่น้องทั้งหมดกี่คน	khun mii phii nong thang mot gii khon	kun mī pīˋ nɔ̄ng~ tang~ motˇ gīˇ kon	你總共有幾個兄弟姐妹？	derived	
初 2-2	พี่	phii	pīˋ	哥哥/姐姐（稱呼較年長者）	engine-auto	
初 2-2	พี่ๆ	phii phii	pīˋ pīˋ	哥哥們/姐姐們	engine-auto	
初 2-2	น้อง	nong	nɔ̄ng~	弟弟/妹妹（稱呼較年輕者）	engine-auto	
初 2-2	น้องๆ	nong nong	nɔ̄ng~ nɔ̄ng~	弟弟們/妹妹們	engine-auto	
初 2-2	พี่คะ ขอเมนูหน่อยค่ะ	phii kha kho menu noi kha	pīˋ ka~ kɔ̄ˊ mē nū nɔ̄iˇ kaˋ	(女) 姐/哥，請給我菜單	engine-auto	
初 2-2	ขอเมนูหน่อย	kho menu noi	kɔ̄ˊ mē nū nɔ̄iˇ	請給我菜單	engine-auto	
初 2-2	น้องคะ เท่าไหร่ครับ	nong kha thao rai khrab	nɔ̄ng~ ka~ tāuˋ raiˇ krap~	(男) 弟/妹，多少錢？	engine-auto	
初 2-2	เท่าไหร่คะ	thao rai kha	tāuˋ raiˇ ka~	(女) 多少錢？	engine-auto	
初 2-2	พี่คะ เท่าไหร่คะ	phii kha thao rai kha	pīˋ ka~ tāuˋ raiˇ ka~	(女) 姐/哥，多少錢？	engine-auto	
初 2-2	ผู้ใหญ่	phu yai	pūˋ yaiˇ	大人、成年人	engine-auto	
初 2-2	ตั๋วผู้ใหญ่	tua phu yai	dūaˊ pūˋ yaiˇ	成人票	engine-auto	
初 2-2	ตั๋ว	tua	dūaˊ	票	engine-auto	
初 2-2	ตั๋วผู้ใหญ่ใบละเท่าไหร่	tua phu yai bai la thao rai	dūaˊ pūˋ yaiˇ bhai la~ tāuˋ raiˇ	成人票一張多少錢？	engine-auto	
初 2-2	ใบละเท่าไหร่	bai la thao rai	bhai la~ tāuˋ raiˇ	一張多少錢？	engine-auto	
初 2-2	ตั๋วผู้ใหญ่ใบละ 30 บาท	tua phu yai bai la 30 baht	dūaˊ pūˋ yaiˇ bhai la~ 30 bhātˇ	成人票一張30泰銖	engine-auto	
初 2-2	บาท	baht	bhātˇ	泰銖	engine-auto	
初 2-2	ใบละ 30 บาท	bai la 30 baht	bhai la~ 30 bhātˇ	一張30泰銖	engine-auto	
初 2-2	คนไทย	khon thai	kon tai	泰國人	engine-auto	
初 2-2	30 บาท	30 baht	30 bhātˇ	30泰銖	engine-auto	
初 2-2	50 บาท	50 baht	50 bhātˇ	50泰銖	engine-auto	
初 2-2	เด็ก	dek	dhekˇ	小孩、兒童	engine-auto	
初 2-2	ตั๋วเด็ก	tua dek	dūaˊ dhekˇ	兒童票	engine-auto	
初 2-2	วันเด็ก	wan dek	wan dhekˇ	兒童節	engine-auto	
初 2-2	วัน	wan	wan	日子、天	book-exact	(book-exact已用引擎重新驗證)
初 2-2	เด็ก	dek	dhekˇ	小孩	engine-auto	
初 2-2	เด็กชอบกินขนม	dek chop kin khanom	dhekˇ chɔ̄pˋ gin kaˇ nom	小孩喜歡吃零食	engine-auto	
初 2-2	ผู้ใหญ่	phu yai	pūˋ yaiˇ	大人	engine-auto	
初 2-2	ผู้ชาย	phu chaai	pūˋ chāi	男人、男生	engine-auto	
初 2-2	ชาย	chaai	chāi	男	engine-auto	
初 2-2	ห้องน้ำผู้ชาย	hong nam phu chaai	hɔ̄ngˋ nām~ pūˋ chāi	男生廁所	engine-auto	
初 2-2	ห้องน้ำชาย	hong nam chaai	hɔ̄ngˋ nām~ chāi	男廁	engine-auto	
初 2-2	ห้องน้ำชายอยู่ที่ไหน	hong nam chaai yuu thi nai	hɔ̄ngˋ nām~ chāi yūˋ tīˋ naiˊ	男廁在哪裡？	engine-auto	
初 2-2	ครับ	khrab	krap~	(男) 語氣助詞	engine-auto	
初 2-2	ผู้หญิง	phu ying	pūˋ yingˊ	女人、女生	engine-auto	
初 2-2	ห้องน้ำผู้หญิง	hong nam phu ying	hɔ̄ngˋ nām~ pūˋ yingˊ	女生廁所	engine-auto	
初 2-2	ห้องน้ำหญิง	hong nam ying	hɔ̄ngˋ nām~ yingˊ	女廁	engine-auto	
初 2-2	อยู่ตรงไหน	yuu trong nai	yūˋ drong naiˊ	在哪個位置？	engine-auto	
初 2-2	ห้องน้ำหญิงอยู่ตรงไหน	hong nam ying yuu trong nai	hɔ̄ngˋ nām~ yingˊ yūˋ drong naiˊ	女廁在哪個位置？	engine-auto	
初 2-2	อยู่ตรงไหนคะ	yuu trong nai kha	yūˋ drong naiˊ ka~	(女) 在哪個位置呢？	engine-auto	
初 2-2	คะ	kha	ka~	(女) 語氣助詞	engine-auto	
初 2-2	ขอโทษค่ะ	kho thot kha	kɔ̄ˊ tōtˋ kaˋ	(女) 不好意思、對不起	engine-auto	
初 2-2	ขอโทษค่ะ ห้องน้ำหญิงอยู่ตรงไหนคะ	kho thot kha hong nam ying yuu trong nai kha	kɔ̄ˊ tōtˋ kaˋ hɔ̄ngˋ nām~ yingˊ yūˋ drong naiˊ ka~	(女) 不好意思，女廁在哪個位置呢？	engine-auto	
初 2-2	แฟน	faen	fɛ̄n	情人、男朋友、女朋友	engine-auto	
初 2-2	แล้ว	laeo	lɛ̄u~	了	book-exact	(book-exact已用引擎重新驗證)
初 2-2	มีแฟนแล้ว	mii faen laeo	mī fɛ̄n lɛ̄u~	有情人了	engine-auto	
初 2-2	เขามีแฟนแล้ว	khao mii faen laeo	kāuˊ mī fɛ̄n lɛ̄u~	他有情人了	engine-auto	
初 2-2	แฟนคลับ	faen club	fɛ̄n klap~	粉絲俱樂部、粉絲	engine-auto	
初 2-2	คลับ	club	klap~	俱樂部 (Club)	engine-auto	
初 2-2	แฟนของเขา	faen khong khao	fɛ̄n kɔ̄ngˊ kāuˊ	他的情人	engine-auto	
初 2-2	เค้า	khao	kāu~	他（口語，較高音）	engine-auto	
初 2-2	แฟนของเค้า	faen khong khao	fɛ̄n kɔ̄ngˊ kāu~	他的情人（口語）	engine-auto	
初 2-2	เป็นคนไทย	pen khon thai	ben kon tai	是泰國人	engine-auto	
初 2-2	แฟนของเขาเป็นคนไทย	faen khong khao pen khon thai	fɛ̄n kɔ̄ngˊ kāuˊ ben kon tai	他的情人是泰國人	engine-auto	
初 2-2	สามี	sa mii	sāˊ mī	丈夫	engine-auto	
初 2-2	สามีไปญี่ปุ่น	sa mii pai yiipun	sāˊ mī bai yīˋ bunˇ	丈夫去日本	engine-auto	
初 2-2	2 อาทิตย์	song a-thit	2 ā tit~	兩個禮拜	engine-auto	
初 2-2	สามีไปญี่ปุ่น 2 อาทิตย์	sa mii pai yiipun song a-thit	sāˊ mī bai yīˋ bunˇ 2 ā tit~	丈夫去日本兩個禮拜	engine-auto	
初 2-2	ภรรยา	phan ra yaa	pan yā	妻子	derived	
初 2-2	ไปตลาด	pai ta lad	bai daˇ lātˋ	去市場	engine-auto	
初 2-2	ภรรยาไปตลาด	phan ra yaa pai ta lad	pan yā bai daˇ lātˋ	妻子去市場	derived	
初 2-2	ซื้อผัก	seu phak	sɯ̄~ pakˇ	買菜	engine-auto	
初 2-2	ภรรยาไปตลาดซื้อผัก	phan ra yaa pai ta lad seu phak	pan yā bai daˇ lātˋ sɯ̄~ pakˇ	妻子去市場買菜	derived	
初 2-2	เมีย	mia	mīa	老婆（口語）	engine-auto	
初 2-2	เมียหลวง	mia luang	mīa lūangˊ	大老婆、元配	engine-auto	
初 2-2	เมียน้อย	mia noi	mīa nɔ̄i~	小老婆、小三	engine-auto	
初 2-2	สามีมีเมียน้อย	sa mii mii mia noi	sāˊ mī mī mīa nɔ̄i~	丈夫有小老婆	engine-auto	
初 2-2	สามีของเขามีเมียน้อย	sa mii khong khao mii mia noi	sāˊ mī kɔ̄ngˊ kāuˊ mī mīa nɔ̄i~	他的丈夫有小老婆	engine-auto	
初 2-2	ครู	khruu	krū	老師（一般用法）	engine-auto	
初 2-2	อาจารย์	a jaan	ā jān	老師、教授、師傅	engine-auto	
初 2-2	พวกคุณ	phuak khun	pūakˋ kun	你們	engine-auto	
初 2-2	ครูของพวกคุณ	khruu khong phuak khun	krū kɔ̄ngˊ pūakˋ kun	你們的老師	engine-auto	
初 2-2	อาจารย์ของพวกคุณ	a jaan khong phuak khun	ā jān kɔ̄ngˊ pūakˋ kun	你們的老師	engine-auto	
初 2-2	ชื่ออะไร	chue a rai	chɯ̄ˋ aˇ rai	叫什麼名字？	engine-auto	
初 2-2	ฉันชื่อหนูเล็ก	chan chue Nu Lek	chanˊ chɯ̄ˋ nūˊ lek~	我叫NuLek	engine-auto	
初 2-2	นักเรียน	nak rian	nak~ rīan	學生（指中小學生）	engine-auto	
初 2-2	มีนักเรียนกี่คน	mii nak rian gii khon	mī nak~ rīan gīˇ kon	有幾個學生？	engine-auto	
初 2-2	มีนักเรียนทั้งหมดกี่คน	mii nak rian thang mot gii khon	mī nak~ rīan tang~ motˇ gīˇ kon	總共有幾個學生？	derived	
初 2-2	มีนักเรียนทั้งหมด 19 คน	mii nak rian thang mot sip kao khon	mī nak~ rīan tang~ motˇ 19 kon	總共有19個學生	derived	
初 2-2	นักศึกษา	nak seuk saa	nak~ sɯkˇ sāˊ	大學生	engine-auto	
初 2-2	นักศึกษาหญิง	nak seuk saa ying	nak~ sɯkˇ sāˊ yingˊ	女大學生	engine-auto	
初 2-2	นักศึกษาชาย	nak seuk saa chaai	nak~ sɯkˇ sāˊ chāi	男大學生	engine-auto	
初 2-2	พวก	phuak	pūakˋ	…們（用於組成複數代名詞）	engine-auto	
初 2-2	พวกคุณ	phuak khun	pūakˋ kun	你們	engine-auto	
初 2-2	มาจากไหน	maa jaak nai	mā jākˇ naiˊ	來自哪裡？	engine-auto	
初 2-2	พวกคุณมาจากไหน	phuak khun maa jaak nai	pūakˋ kun mā jākˇ naiˊ	你們來自哪裡？	engine-auto	
初 2-2	พวกคุณมาจากไหนคะ	phuak khun maa jaak nai kha		(女) 你們來自哪裡？	unresolved	英文外來語/正式縮寫/原始資料異常，見全課-仍不確定清單.tsv
初 2-2	พวกเรา	phuak rao	pūakˋ rāu	我們	engine-auto	
初 2-2	มาจากไต้หวัน	maa jaak tai wan	mā jākˇ daiˋ wanˊ	來自台灣	engine-auto	
初 2-2	พวกเรามาจากไต้หวัน	phuak rao maa jaak tai wan	pūakˋ rāu mā jākˇ daiˋ wanˊ	我們來自台灣	engine-auto	
初 2-2	พวกเราอยากเช่ารถ	phuak rao yaak chao rot	pūakˋ rāu yākˋ chāuˋ rot~	我們想租車	engine-auto	
初 2-2	พวกเราอยากเช่ารถค่ะ	phuak rao yaak chao rot kha	pūakˋ rāu yākˋ chāuˋ rot~ kaˋ	(女) 我們想租車	engine-auto	
初 2-2	พวกเขา	phuak khao	pūakˋ kāuˊ	他們	engine-auto	
初 2-2	พวกเขาเป็นใคร	phuak khao pen krai	pūakˋ kāuˊ ben krai	他們是誰？	engine-auto	
初 2-2	เป็น	pen	ben	是	book-exact	(book-exact已用引擎重新驗證)
初 2-2	เช่ารถ	chao rot	chāuˋ rot~	租車	engine-auto	
初 2-2	เช่าห้อง	chao hong	chāuˋ hɔ̄ngˋ	租房間	engine-auto	
初 2-2	เช่าบ้าน	chao baan	chāuˋ bhānˋ	租房子	engine-auto	
初 2-2	ไปทะเล	pai ta lay	bai ta~ lē	去海邊	engine-auto	
初 2-2	เช่าเรือ	chao ruea	chāuˋ rɯ̄a	租船	engine-auto	
初 2-2	น้อย	noi	nɔ̄i~	少、小	engine-auto	
初 2-2	เถ้าแก่น้อย	tao gae noi	tāuˋ gɛ̄ˇ nɔ̄i~	小老闆	engine-auto	
初 2-2	สาหร่าย	sa rai	sāˊ rāiˇ	海苔、海藻	engine-auto	
初 2-2	สาหร่ายเถ้าแก่น้อย	sa rai tao gae noi	sāˊ rāiˇ tāuˋ gɛ̄ˇ nɔ̄i~	小老闆海苔	engine-auto	
初 2-2	นอนน้อย	non noi	nɔ̄n nɔ̄i~	睡得少	engine-auto	
初 2-2	กินน้อย	gin noi	gin nɔ̄i~	吃得少	engine-auto	
初 2-2	คนมาน้อย	khon maa noi	kon mā nɔ̄i~	來的人很少	engine-auto	
初 2-2	หวานน้อย	waan noi	wānˊ nɔ̄i~	少糖	engine-auto	
初 2-2	เผ็ดน้อย	phet noi	petˇ nɔ̄i~	少辣、小辣	engine-auto	
初 2-2	มีไหมคะ	mii mai kha	mī maiˊ ka~	(女) 有嗎？	engine-auto	
初 2-2	เผ็ดหน่อย	phet noi	petˇ nɔ̄iˇ	辣一點	engine-auto	
初 2-2	เผ็ดนิดหน่อย	phet nit noi	petˇ nit~ nɔ̄iˇ	辣一點點	engine-auto	
初 2-2	ขอบคุณค่ะ	khop khun kha	kɔ̄pˇ kun kaˋ	(女) 謝謝	engine-auto	
初 2-2	คุณ	khun	kun	你（夫妻間尊稱）	engine-auto	
初 2-2	เรา	rao	rāu	我、我們（情侶或夫妻間自稱）	engine-auto	
初 2-2	พี่	phii	pīˋ	哥/姐（稱呼較年長的伴侶）	engine-auto	
初 2-2	น้อง	nong	nɔ̄ng~	弟/妹（稱呼較年輕的伴侶）	engine-auto	
初 2-2	เดี๋ยวเจอกันค่ะ	diao jer gan kha	dhīauˊ jə̄ gan kaˋ	(女) 等會兒見	engine-auto	
初 2-2	เดี๋ยวเจอกันนะ	diao jer gan na	dhīauˊ jə̄ gan na~	等會兒見喔	engine-auto	
初 2-2	พวกเรา	phuak rao	pūakˋ rāu	我們	engine-auto	
初 2-2	ไปเที่ยว	pai thiao	bai tīauˋ	去玩、去旅行	book-exact	(book-exact已用引擎重新驗證)
初 2-2	เที่ยว	thiao	tīauˋ	玩、旅行	engine-auto	
初 2-2	ไปเที่ยวเมืองไทย	pai thiao mueang thai	bai tīauˋ mɯ̄ang tai	去泰國玩	engine-auto	
初 2-2	บ่อยๆ	boi boi	bhɔ̄iˇ bhɔ̄iˇ	常常	engine-auto	
初 2-2	ไปเที่ยวเมืองไทยบ่อยๆ	pai thiao mueang thai boi boi	bai tīauˋ mɯ̄ang tai bhɔ̄iˇ bhɔ̄iˇ	常常去泰國玩	engine-auto	
初 2-2	คุณย่าไม่สบายบ่อยๆ	khun yaa mai sabai boi boi	kun yāˋ maiˋ saˇ bhāi bhɔ̄iˇ bhɔ̄iˇ	奶奶常常不舒服	engine-auto	
初 2-2	พวกเราเจอกันบ่อยๆ	phuak rao jer gan boi boi	pūakˋ rāu jə̄ gan bhɔ̄iˇ bhɔ̄iˇ	我們常常見面	engine-auto	
初 2-2	อยู่เมืองไทยนานๆ	yuu mueang thai nan nan	yūˋ mɯ̄ang tai nān nān	在泰國待久一點	engine-auto	
初 2-2	นานๆ	nan nan	nān nān	長久地	engine-auto	
初 2-2	อยู่เมืองไทยนานๆได้ไหม	yuu mueang thai nan nan dai mai	yūˋ mɯ̄ang tai nān nān dhaiˋ maiˊ	可以在泰國待久一點嗎？	engine-auto	
初 2-2	ผมอยากอยู่เมืองไทยนานๆ	phom yaak yuu mueang thai nan nan	pomˊ yākˋ yūˋ mɯ̄ang tai nān nān	(男) 我想在泰國待久一點	engine-auto	
初 2-2	หรือ	reu	rɯ̄ˊ	或是、還是	engine-auto	
初 2-2	พี่หรือน้อง	phii reu nong	pīˋ rɯ̄ˊ nɔ̄ng~	哥哥/姐姐還是弟弟/妹妹？	engine-auto	
初 2-2	เพื่อนหรือแฟน	phuean reu faen	pɯ̄anˋ rɯ̄ˊ fɛ̄n	朋友還是情人？	engine-auto	
初 2-2	เพื่อน	phuean	pɯ̄anˋ	朋友	engine-auto	
初 2-2	ไม่ใช่แฟน	mai chai faen	maiˋ chaiˋ fɛ̄n	不是情人	engine-auto	
初 2-2	ชื่อเล่นหรือชื่อจริง	chue len reu chue jing	chɯ̄ˋ lēnˋ rɯ̄ˊ chɯ̄ˋ jing	小名還是真名？	derived	
初 2-2	ชื่ออะไร	chue a rai	chɯ̄ˋ aˇ rai	叫什麼名字？	engine-auto	
初 2-2	ชื่อเล่น	chue len	chɯ̄ˋ lēnˋ	小名、綽號	engine-auto	
初 2-2	เล่น	len	lēnˋ	玩	engine-auto	
初 2-2	เล่นเกม	len game	lēnˋ gēm	玩遊戲	engine-auto	
初 2-2	เล่นน้ำ	len nam	lēnˋ nām~	玩水	engine-auto	
初 2-2	เที่ยว	thiao	tīauˋ	旅行、遊玩	engine-auto	
初 2-2	ชื่อจริง	chue jing	chɯ̄ˋ jing	真名	derived	
初 2-2	จริง	jing	jing	真的	derived	
初 2-2	มีชื่อเล่นไหม	mii chue len mai	mī chɯ̄ˋ lēnˋ maiˊ	有小名嗎？	engine-auto	
初 2-2	คุณเฉินหรือคุณหลิน	khun chen reu khun lin		陳先生/小姐或是林先生/小姐？	unresolved	英文外來語/正式縮寫/原始資料異常，見全課-仍不確定清單.tsv
初 2-2	หรือเปล่า	reu plao	rɯ̄ˊ blāuˇ	...嗎？（用於句末，形成是非問句）	engine-auto	
初 2-2	มีทอดมันกุ้งหรือเปล่า	mii thod man goong reu plao	mī tɔ̄tˋ man gungˋ rɯ̄ˊ blāuˇ	有泰式蝦餅嗎？	engine-auto	
初 2-2	ชอบเค้กหรือเปล่า	chop cake reu plao	chɔ̄pˋ kēk~ rɯ̄ˊ blāuˇ	喜歡蛋糕嗎？	engine-auto	
初 2-2	ชอบเมืองไทยหรือเปล่า	chop mueang thai reu plao	chɔ̄pˋ mɯ̄ang tai rɯ̄ˊ blāuˇ	喜歡泰國嗎？	engine-auto	
初 2-2	พอ	phor	pɔ̄	夠	engine-auto	
初 2-2	พอหรือเปล่า	phor reu plao	pɔ̄ rɯ̄ˊ blāuˇ	夠不夠？	engine-auto	
初 2-2	ไม่พอ	mai phor	maiˋ pɔ̄	不夠	engine-auto	
初 2-2	พอแล้ว	phor laeo	pɔ̄ lɛ̄u~	夠了	engine-auto	
初 2-2	พอใจ	phor jai	pɔ̄ jai	滿意	engine-auto	
初 2-2	ไม่พอใจ	mai phor jai	maiˋ pɔ̄ jai	不滿意	engine-auto	
初 2-2	ไม่พอใจหรือเปล่า	mai phor jai reu plao	maiˋ pɔ̄ jai rɯ̄ˊ blāuˇ	是不滿意嗎？	engine-auto	
初 2-2	จำได้	jam dai	jam dhaiˋ	記得	engine-auto	
初 2-2	จำ	jam	jam	記	engine-auto	
初 2-2	จำได้หรือเปล่า	jam dai reu plao	jam dhaiˋ rɯ̄ˊ blāuˇ	記得嗎？	engine-auto	
初 2-2	จำไม่ได้	jam mai dai	jam maiˋ dhaiˋ	不記得、記不得	engine-auto	
初 2-2	กรุงเทพ	krung thep	grung tēpˋ	曼谷	engine-auto	
初 2-2	จำได้ไหม	jam dai mai	jam dhaiˋ maiˊ	記得嗎？	engine-auto	
初 2-2	กับ	kap	gapˇ	和、跟、與	engine-auto	
初 2-2	ครูกับนักเรียน	khru kap nak rian	krū gapˇ nak~ rīan	老師和學生	engine-auto	
初 2-2	คุณพ่อกับคุณแม่	khun phor kap khun mae	kun pɔ̄ˋ gapˇ kun mɛ̄ˋ	爸爸和媽媽	engine-auto	
初 2-2	พี่ชายกับน้องชาย	phii chaai kap nong chaai	pīˋ chāi gapˇ nɔ̄ng~ chāi	哥哥和弟弟	engine-auto	
初 2-2	ลูกชายกับลูกสาว	luk chaai kap luk saao	lūkˋ chāi gapˇ lūkˋ sāuˊ	兒子和女兒	engine-auto	
初 2-2	อยู่กับพ่อแม่	yuu kap phor mae	yūˋ gapˇ pɔ̄ˋ mɛ̄ˋ	跟父母住	engine-auto	
初 2-2	อยู่กับภรรยา	yuu kap phan ra yaa	yūˋ gapˇ pan yā	跟妻子住	derived	
初 2-2	มากับเพื่อน	maa kap phuean	mā gapˇ pɯ̄anˋ	跟朋友來	engine-auto	
初 2-2	มากับใคร	maa kap krai	mā gapˇ krai	跟誰來？	engine-auto	
初 2-2	เรียนกับใคร	rian kap krai	rīan gapˇ krai	跟誰學？	engine-auto	
初 2-2	ก็	ko	gɔ̄ˋ	也、就	engine-auto	
初 2-2	ก็ดี	ko dii	gɔ̄ˋ dhī	也好、也好啊	engine-auto	
初 2-2	ก็ได้	ko dai	gɔ̄ˋ dhaiˋ	也可以	engine-auto	
初 2-2	เป๊ปซี่ก็ได้	pepsi ko dai	bēp~ sīˋ gɔ̄ˋ dhaiˋ	百事可樂也可以	engine-auto	
初 2-2	ไม่มีไก่ทอด หมูทอดก็ได้	mai mii gai thot mu thot ko dai	maiˋ mī gaiˇ tɔ̄tˋ mūˊ tɔ̄tˋ gɔ̄ˋ dhaiˋ	沒有炸雞，炸豬肉也可以	engine-auto	
初 2-2	เซเว่นไม่ไกล เดินไปก็ได้	7 eleven mai glai dern pai ko dai	sē wēnˋ maiˋ glai dhə̄n bai gɔ̄ˋ dhaiˋ	7-11不遠，走路去也可以	engine-auto	
初 2-2	ไม่ไปก็ไม่รู้	mai pai ko mai ru	maiˋ bai gɔ̄ˋ maiˋ rū~	不去就不知道	engine-auto	
初 2-2	ไปก็ไป	pai ko pai	bai gɔ̄ˋ bai	去就去！	engine-auto	
初 2-2	กินอะไรก็ได้	gin arai ko dai	gin aˇ rai gɔ̄ˋ dhaiˋ	吃什麼都可以	engine-auto	
初 2-2	ร้านนี้อะไรก็อร่อย	raan nii arai ko a roi	rān~ nī~ aˇ rai gɔ̄ˋ aˇ rɔ̄iˋ	這家店什麼都好吃	engine-auto	
初 2-2	ไปที่ไหนก็ได้	pai thi nai ko dai	bai tīˋ naiˊ gɔ̄ˋ dhaiˋ	去哪裡都可以	engine-auto	
初 2-2	ใครก็ทำได้	krai ko tham dai	krai gɔ̄ˋ tam dhaiˋ	誰都會做	engine-auto	
初 2-2	ด้วยกัน	duay gan	dhūayˋ gan	一起	engine-auto	
初 2-2	กัน	gan	gan	一起（口語用法）	engine-auto	
初 2-2	แชร์	chaer	chɛ̄	分享 (Share)	engine-auto	
初 2-2	เราแชร์กันนะ	rao chaer gan na	rāu chɛ̄ gan na~	我們一起分享喔	engine-auto	
初 2-2	ไปกินข้าวด้วยกันไหม	pai gin khao duay gan mai	bai gin kāuˋ dhūayˋ gan maiˊ	一起去吃飯嗎？	engine-auto	
初 2-2	ไปกินข้าวกันไหม	pai gin khao gan mai	bai gin kāuˋ gan maiˊ	(口語) 一起去吃飯嗎？	engine-auto	
初 2-2	กัน	gan	gan	互相	engine-auto	
初 2-2	เขาสองคนชอบกัน	khao song khon chop gan	kāuˊ sɔ̄ngˊ kon chɔ̄pˋ gan	他們兩個人互相喜歡	engine-auto	
初 2-2	พวกเขาชอบกัน	phuak khao chop gan	pūakˋ kāuˊ chɔ̄pˋ gan	他們互相喜歡	engine-auto	
初 2-2	ไปไหนไปด้วย	pai nai pai duay	bai naiˊ bai dhūayˋ	去哪兒我也要跟	engine-auto	
初 2-2	ไปด้วย	pai duay	bai dhūayˋ	我也要去、我也要跟	engine-auto	
初 2-2	ไปด้วยกันไหม	pai duay gan mai	bai dhūayˋ gan maiˊ	一起去嗎？	engine-auto	
初 2-2	เขาสองคนเป็นแฟนกัน	khao song khon pen faen gan	kāuˊ sɔ̄ngˊ kon ben fɛ̄n gan	他們兩個人是情侶	engine-auto	
初 2-2	เราเป็นเพื่อนกัน	rao pen phuean gan	rāu ben pɯ̄anˋ gan	我們是朋友	engine-auto	
初 2-2	พวกเราเป็นเพื่อนกัน	phuak rao pen phuean gan	pūakˋ rāu ben pɯ̄anˋ gan	我們是朋友	engine-auto	
初 2-2	เพื่อนร่วมงาน	phuean ruam ngaan	pɯ̄anˋ rūamˋ ngān	同事	engine-auto	
初 2-2	ร่วม	ruam	rūamˋ	同、共同	engine-auto	
初 2-2	งาน	ngaan	ngān	工作、事情 (名詞)	book-exact	(book-exact已用引擎重新驗證)
初 2-2	เป็นเพื่อนร่วมงานกัน	pen phuean ruam ngaan gan	ben pɯ̄anˋ rūamˋ ngān gan	（互相）是同事關係	engine-auto	
初 2-2	ทำงาน	tham ngaan	tam ngān	工作 (動詞)	engine-auto	
初 2-2	วันนี้ต้องทำงาน	wan nii tong tham ngaan	wan nī~ dɔ̄ngˋ tam ngān	今天必須工作	engine-auto	
初 2-2	เป็นสามีภรรยากัน	pen sa mii phan ra yaa gan	ben sāˊ mī pan yā gan	（互相）是夫妻關係	derived	
初 2-2	ต้อง	tong	dɔ̄ngˋ	必須、得	engine-auto	
初 2-2	ไม่ต้องเกรงใจ	mai tong kreng jai	maiˋ dɔ̄ngˋ grēng jai	不用客氣	engine-auto	
初 2-2	ต้องกินยาไหม	tong gin ya mai	dɔ̄ngˋ gin yā maiˊ	需要吃藥嗎？	engine-auto	
初 2-2	ไม่ต้องกินยาก็ได้	mai tong gin ya ko dai	maiˋ dɔ̄ngˋ gin yā gɔ̄ˋ dhaiˋ	不用吃藥也可以	engine-auto	
初 2-2	วันนี้ต้องอยู่บ้าน	wan nii tong yuu baan	wan nī~ dɔ̄ngˋ yūˋ bhānˋ	今天必須待在家	engine-auto	
初 2-2	วันนี้ต้องเรียนภาษาไทย	wan nii tong rian phasa thai	wan nī~ dɔ̄ngˋ rīan pā sāˊ tai	今天必須學泰語	engine-auto	
初 2-2	พอดีต้องไปซื้อของ	phodi tong pai seu khong	pɔ̄ dhī dɔ̄ngˋ bai sɯ̄~ kɔ̄ngˊ	剛好要去買東西	engine-auto	
初 2-2	พอดี	phodi	pɔ̄ dhī	剛好、正好	engine-auto	
初 2-2	พอดีไปเมืองไทย ไปด้วยกันไหม	phodi pai mueang thai pai duay gan mai	pɔ̄ dhī bai mɯ̄ang tai bai dhūayˋ gan maiˊ	剛好要去泰國，一起去嗎？	engine-auto	
初 2-2	ซื้อของ	seu khong	sɯ̄~ kɔ̄ngˊ	買東西	engine-auto	
初 2-2	อยาก	yaak	yākˋ	想	engine-auto	
初 2-2	อยากมีแฟนคนไทย	yaak mii faen khon thai	yākˋ mī fɛ̄n kon tai	想要有泰國情人	engine-auto	
初 2-2	อยากมีแฟนคนไทยไหม	yaak mii faen khon thai mai	yākˋ mī fɛ̄n kon tai maiˊ	想要有泰國情人嗎？	engine-auto	
初 2-2	มีแล้ว	mii laeo	mī lɛ̄u~	已經有了	engine-auto	
初 2-2	อยากซื้ออะไรก็ซื้อ	yaak seu arai ko seu	yākˋ sɯ̄~ aˇ rai gɔ̄ˋ sɯ̄~	想買什麼就買什麼	engine-auto	
初 2-2	มีเงิน มีเวลา	mii ngern mii wela	mī ngə̄n mī wē lā	有錢，有時間	engine-auto	
初 2-2	อยากไปเที่ยวก็ไปเที่ยว	yaak pai thiao ko pai thiao	yākˋ bai tīauˋ gɔ̄ˋ bai tīauˋ	想去玩就去玩	engine-auto	
初 2-2	แต่งงาน	taeng ngaan	dɛ̄ngˇ ngān	結婚	engine-auto	
初 2-2	งาน	ngaan	ngān	工作（名詞）	book-exact	(book-exact已用引擎重新驗證)
初 2-2	เพื่อนร่วมงาน	phuean ruam ngaan	pɯ̄anˋ rūamˋ ngān	同事	engine-auto	
初 2-2	ไม่อยากแต่งงาน	mai yaak taeng ngaan	maiˋ yākˋ dɛ̄ngˇ ngān	不想結婚	engine-auto	
初 2-2	อยากแต่งงานไหม	yaak taeng ngaan mai	yākˋ dɛ̄ngˇ ngān maiˊ	想結婚嗎？	engine-auto	
初 2-2	แต่งงานแล้ว	taeng ngaan laeo	dɛ̄ngˇ ngān lɛ̄u~	結婚了	engine-auto	
初 2-2	รัก	rak	rak~	愛	engine-auto	
初 2-2	ฉันรักเธอ	chan rak ter	chanˊ rak~ tə̄	我愛你（女→男/女）	engine-auto	
初 2-2	ผมรักคุณ	phom rak khun	pomˊ rak~ kun	我愛你（男→男/女，較正式）	engine-auto	
初 2-2	คุณรักฉันไหม	khun rak chan mai	kun rak~ chanˊ maiˊ	你愛我嗎？	engine-auto	
初 2-2	ฉันรักเขา	chan rak khao	chanˊ rak~ kāuˊ	我愛他/她	engine-auto	
初 2-2	พูดยาก	phuut yaak	pūtˋ yākˋ	難說	engine-auto	
初 2-2	พ่อแม่รักลูก	phor mae rak look	pɔ̄ˋ mɛ̄ˋ rak~ lūkˋ	父母愛孩子	engine-auto	
初 2-2	คุณรักใคร	khun rak krai	kun rak~ krai	你愛誰？	engine-auto	
初 2-2	น่ารัก	na rak	nāˋ rak~	可愛	engine-auto	
初 2-2	แมว	maew	mɛ̄u	貓	engine-auto	
初 2-2	แมวน่ารัก	maew na rak	mɛ̄u nāˋ rak~	貓很可愛	engine-auto	
初 2-2	หมา	maa	māˊ	狗	engine-auto	
初 2-2	หมาน่ารัก	maa na rak	māˊ nāˋ rak~	狗很可愛	engine-auto	
初 2-2	น่ารักมากๆ	na rak mak mak	nāˋ rak~ mākˋ mākˋ	非常可愛／真的很可愛	engine-auto	
初 2-2	ยิ่ง	ying	yingˋ	越…	engine-auto	
初 2-2	ยิ่ง...ยิ่ง...	ying...ying...	yingˋ...yingˋ...	越…越…	engine-auto	
初 2-2	ยิ่งกินยิ่งอร่อย	ying gin ying aroi	yingˋ gin yingˋ aˇ rɔ̄iˋ	越吃越好吃	engine-auto	
初 2-2	ยิ่งกินยิ่งอ้วน	ying gin ying uan	yingˋ gin yingˋ ūanˋ	越吃越胖	engine-auto	
初 2-2	อ้วน	uan	ūanˋ	胖	engine-auto	
初 2-2	คุณไม่อ้วน	khun mai uan	kun maiˋ ūanˋ	你不胖	engine-auto	
初 2-2	ฉันอ้วนมาก	chan uan mak	chanˊ ūanˋ mākˋ	我很胖	engine-auto	
初 2-2	ยิ่งถูกยิ่งดี	ying thook ying dii	yingˋ tūkˇ yingˋ dhī	越便宜越好	engine-auto	
初 2-2	ยิ่งเรียนยิ่งเก่ง	ying rian ying geng	yingˋ rīan yingˋ gēngˇ	越學越厲害	engine-auto	
初 2-2	ยิ่งพูดยิ่งจำได้	ying phuut ying jam dai	yingˋ pūtˋ yingˋ jam dhaiˋ	越說越記得住	engine-auto	
初 2-2	ยิ่งซื้อยิ่งอยากซื้อ	ying seu ying yaak seu	yingˋ sɯ̄~ yingˋ yākˋ sɯ̄~	越買越想買	engine-auto	
初 2-2	เพื่อนร่วมงาน	phuean ruam ngaan	pɯ̄anˋ rūamˋ ngān	同事	engine-auto	
初 2-2	ร่วม	ruam	rūamˋ	共同	engine-auto	
初 2-2	งาน	ngaan	ngān	工作（名詞）	book-exact	(book-exact已用引擎重新驗證)
初 2-2	ทำงาน	tham ngaan	tam ngān	工作（動詞）	engine-auto	
初 2-3	เที่ยว	thiao	tīauˋ	去玩	engine-auto	
初 2-3	ไปเที่ยว	pai thiao	bai tīauˋ	去玩	book-exact	(book-exact已用引擎重新驗證)
初 2-3	อยากไปเที่ยว	yaak pai thiao	yākˋ bai tīauˋ	想去玩	engine-auto	
初 2-3	ที่ไหน	thi nai	tīˋ naiˊ	哪裡	engine-auto	
初 2-3	อยากไปเที่ยวที่ไหน	yaak pai thiao thi nai	yākˋ bai tīauˋ tīˋ naiˊ	想去哪裡玩？	engine-auto	
初 2-3	อยากไปเที่ยวเมืองไทย	yaak pai thiao mueang thai	yākˋ bai tīauˋ mɯ̄ang tai	想去泰國玩	engine-auto	
初 2-3	เล่น	len	lēnˋ	玩	engine-auto	
初 2-3	เล่นน้ำ	len nam	lēnˋ nām~	玩水	engine-auto	
初 2-3	ชอบเล่นน้ำ	chop len nam	chɔ̄pˋ lēnˋ nām~	喜歡玩水	engine-auto	
初 2-3	เด็ก	dek	dhekˇ	小孩、小朋友	engine-auto	
初 2-3	เด็กๆ	dek dek	dhekˇ dhekˇ	小朋友們	engine-auto	
初 2-3	เด็กๆ ชอบเล่นน้ำ	dek dek chop len nam	dhekˇ dhekˇ chɔ̄pˋ lēnˋ nām~	小朋友們喜歡玩水	engine-auto	
初 2-3	มาก	mak	mākˋ	非常	engine-auto	
初 2-3	เด็กๆ ชอบเล่นน้ำมากๆ	dek dek chop len nam mak mak	dhekˇ dhekˇ chɔ̄pˋ lēnˋ nām~ mākˋ mākˋ	小朋友們非常喜歡玩水	engine-auto	
初 2-3	พวกคุณ	phuak khun	pūakˋ kun	你們	engine-auto	
初 2-3	พวกคุณชอบเล่นอะไร	phuak khun chop len arai	pūakˋ kun chɔ̄pˋ lēnˋ aˇ rai	你們喜歡玩什麼？	engine-auto	
初 2-3	ชอบเล่นโยคะ	chop len yoka	chɔ̄pˋ lēnˋ yō ka~	喜歡玩瑜珈	engine-auto	
初 2-3	บ่อย	boi	bhɔ̄iˇ	常	engine-auto	
初 2-3	มาบ่อย	maa boi	mā bhɔ̄iˇ	常來	engine-auto	
初 2-3	มาบ่อยไหม	maa boi mai	mā bhɔ̄iˇ maiˊ	常來嗎？	engine-auto	
初 2-3	มาไม่บ่อย	maa mai boi	mā maiˋ bhɔ̄iˇ	不常來	engine-auto	
初 2-3	พวกคุณมาบ่อยไหม	phuak khun maa boi mai	pūakˋ kun mā bhɔ̄iˇ maiˊ	你們常來嗎？	engine-auto	
初 2-3	พวกเรา / เรา	phuak rao / rao	pūakˋ rāu / rāu	我們	engine-auto	
初 2-3	พวกเรามาไม่บ่อย	phuak rao maa mai boi	pūakˋ rāu mā maiˋ bhɔ̄iˇ	我們不常來	engine-auto	
初 2-3	บ่อยๆ	boi boi	bhɔ̄iˇ bhɔ̄iˇ	常常	engine-auto	
初 2-3	พวกเรามาบ่อยๆ ค่ะ	phuak rao maa boi boi kha	pūakˋ rāu mā bhɔ̄iˇ bhɔ̄iˇ kaˋ	我們常常來啊	engine-auto	
初 2-3	ชื่อ	chue	chɯ̄ˋ	名字	engine-auto	
初 2-3	คุณชื่ออะไร	khun chue arai	kun chɯ̄ˋ aˇ rai	你叫什麼名字？	engine-auto	
初 2-3	คุณชื่ออะไรคะ	khun chue arai kha	kun chɯ̄ˋ aˇ rai ka~	你叫什麼名字呢？	engine-auto	
初 2-3	ฉันชื่อสุพิตตา	chan chue Supitta	chanˊ chɯ̄ˋ suˇ pit~ dā	我叫 Supitta	engine-auto	
初 2-3	สุพิตตาเป็นชื่อเล่นหรือชื่อจริง	Supitta pen chue len reu chue jing	suˇ pit~ dā ben chɯ̄ˋ lēnˋ rɯ̄ˊ chɯ̄ˋ jing	Supitta 是小名還是真名？	derived	
初 2-3	เป็นชื่อจริง	pen chue jing	ben chɯ̄ˋ jing	是真名	derived	
初 2-3	คุณมีชื่อเล่นไหม	khun mii chue len mai	kun mī chɯ̄ˋ lēnˋ maiˊ	你有小名嗎？	engine-auto	
初 2-3	ฉันชื่อเค้กค่ะ	chan chue Cake kha	chanˊ chɯ̄ˋ kēk~ kaˋ	我叫 Cake	engine-auto	
初 2-3	มีชื่อภาษาไทยไหม	mii chue phasa thai mai	mī chɯ̄ˋ pā sāˊ tai maiˊ	有泰文名字嗎？	engine-auto	
初 2-3	จำได้	jam dai	jam dhaiˋ	記得	engine-auto	
初 2-3	จำได้ไหม	jam dai mai	jam dhaiˋ maiˊ	記得嗎？	engine-auto	
初 2-3	คุณจำฉันได้ไหม	khun jam chan dai mai	kun jam chanˊ dhaiˋ maiˊ	你記得我嗎？	engine-auto	
初 2-3	คุณจำผมได้ไหม	khun jam phom dai mai	kun jam pomˊ dhaiˋ maiˊ	你記得我嗎？ (男性)	engine-auto	
初 2-3	ผมจำคุณได้	phom jam khun dai	pomˊ jam kun dhaiˋ	我記得你 (男性)	engine-auto	
初 2-3	ฉันจำคุณได้	chan jam khun dai	chanˊ jam kun dhaiˋ	我記得你	engine-auto	
初 2-3	ขอโทษ	kho thot	kɔ̄ˊ tōtˋ	對不起	engine-auto	
初 2-3	ฉันจำไม่ได้	chan jam mai dai	chanˊ jam maiˋ dhaiˋ	我不記得了	engine-auto	
初 2-3	ขอโทษค่ะ ฉันจำไม่ได้	kho thot kha chan jam mai dai	kɔ̄ˊ tōtˋ kaˋ chanˊ jam maiˋ dhaiˋ	對不起，我不記得了	engine-auto	
初 2-3	กับ	kap	gapˇ	和、跟	engine-auto	
初 2-3	เส้นหมี่น้ำ	sen mee nam	sēnˋ mīˇ nām~	米粉湯	engine-auto	
初 2-3	ของผมเอาเส้นหมี่น้ำ	khong phom ao sen mee nam	kɔ̄ngˊ pomˊ au sēnˋ mīˇ nām~	我的要米粉湯 (男性)	engine-auto	
初 2-3	ของฉันเอาเส้นหมี่น้ำ	khong chan ao sen mee nam	kɔ̄ngˊ chanˊ au sēnˋ mīˇ nām~	我的要米粉湯 (女性)	engine-auto	
初 2-3	ของฉันเอาเส้นหมี่น้ำกับชาเย็น	khong chan ao sen mee nam kap cha yen	kɔ̄ngˊ chanˊ au sēnˋ mīˇ nām~ gapˇ chā yen	我的要米粉湯和泰式奶茶	engine-auto	
初 2-3	เอาเส้นหมี่น้ำกับชาเย็น	ao sen mee nam kap cha yen	au sēnˋ mīˇ nām~ gapˇ chā yen	要米粉湯和泰式奶茶	engine-auto	
初 2-3	ของฉันเอาผัดไทยกับชาเย็น	khong chan ao phad thai kap cha yen	kɔ̄ngˊ chanˊ au patˇ tai gapˇ chā yen	我的要泰式炒河粉和泰式奶茶	engine-auto	
初 2-3	ไปเที่ยวเมืองไทย	pai thiao mueang thai	bai tīauˋ mɯ̄ang tai	去泰國玩	engine-auto	
初 2-3	ไปกับใคร	pai kap krai	bai gapˇ krai	跟誰去？	engine-auto	
初 2-3	ไปกับเพื่อน	pai kap phuean	bai gapˇ pɯ̄anˋ	跟朋友去	engine-auto	
初 2-3	อยู่กับใคร	yuu kap krai	yūˋ gapˇ krai	跟誰住？	engine-auto	
初 2-3	อยู่กับแฟน	yuu kap faen	yūˋ gapˇ fɛ̄n	跟另一半住	engine-auto	
初 2-3	กินข้าวกับพ่อแม่	kin khao kap phor mae	gin kāuˋ gapˇ pɔ̄ˋ mɛ̄ˋ	跟父母吃飯	engine-auto	
初 2-3	ก็	ko	gɔ̄ˋ	就	engine-auto	
初 2-3	มีเวลาก็ไปเที่ยว	mii wela ko pai thiao	mī wē lā gɔ̄ˋ bai tīauˋ	有時間就去玩	engine-auto	
初 2-3	มีเงินก็ทำได้	mii ngern ko tham dai	mī ngə̄n gɔ̄ˋ tam dhaiˋ	有錢就可以做	engine-auto	
初 2-3	ไม่เป็นไร	mai pen rai	maiˋ ben rai	沒關係	engine-auto	
初 2-3	ไม่มีเวลาก็ไม่เป็นไร	mai mii wela ko mai pen rai	maiˋ mī wē lā gɔ̄ˋ maiˋ ben rai	沒時間就沒關係	engine-auto	
初 2-3	อะไรก็	arai ko	aˇ rai gɔ̄ˋ	什麼都	engine-auto	
初 2-3	อะไรก็แพง	arai ko paeng	aˇ rai gɔ̄ˋ pɛ̄ng	什麼都貴	engine-auto	
初 2-3	อะไรก็ถูก	arai ko thook	aˇ rai gɔ̄ˋ tūkˇ	什麼都便宜	engine-auto	
初 2-3	สด	sod	sotˇ	新鮮	engine-auto	
初 2-3	อะไรก็สด	arai ko sod	aˇ rai gɔ̄ˋ sotˇ	什麼都新鮮	engine-auto	
初 2-3	อะไรก็ดี	arai ko dii	aˇ rai gɔ̄ˋ dhī	什麼都好	engine-auto	
初 2-3	อะไรก็กิน	arai ko gin	aˇ rai gɔ̄ˋ gin	什麼都吃	engine-auto	
初 2-3	อะไรก็ไม่มี	arai ko mai mii	aˇ rai gɔ̄ˋ maiˋ mī	什麼都沒有	engine-auto	
初 2-3	ที่ไหนก็	thi nai ko	tīˋ naiˊ gɔ̄ˋ	哪裡都	engine-auto	
初 2-3	ที่ไหนก็ร้อน	thi nai ko ron	tīˋ naiˊ gɔ̄ˋ rɔ̄n~	哪裡都熱	engine-auto	
初 2-3	เย็นสบาย	yen sabai	yen saˇ bhāi	涼爽	engine-auto	
初 2-3	ที่ไหนก็เย็นสบาย	thi nai ko yen sabai	tīˋ naiˊ gɔ̄ˋ yen saˇ bhāi	哪裡都涼爽	engine-auto	
初 2-3	สนุก	sa nuk	saˇ nuk~	好玩、有趣	engine-auto	
初 2-3	ที่ไหนก็สนุก	thi nai ko sa nuk	tīˋ naiˊ gɔ̄ˋ saˇ nuk~	哪裡都好玩	engine-auto	
初 2-3	มีขาย	mii khai	mī kāiˊ	有賣	engine-auto	
初 2-3	ที่ไหนก็มีขาย	thi nai ko mii khai	tīˋ naiˊ gɔ̄ˋ mī kāiˊ	哪裡都有賣	engine-auto	
初 2-3	อยากไปเที่ยวที่ไหน	yaak pai thiao thi nai	yākˋ bai tīauˋ tīˋ naiˊ	想去哪裡玩？	engine-auto	
初 2-3	ที่ไหนก็ได้	thi nai ko dai	tīˋ naiˊ gɔ̄ˋ dhaiˋ	哪裡都可以	engine-auto	
初 2-3	ที่ไหนก็สวย	thi nai ko suai	tīˋ naiˊ gɔ̄ˋ sūayˊ	哪裡都漂亮	engine-auto	
初 2-3	ใครก็	krai ko	krai gɔ̄ˋ	誰都	engine-auto	
初 2-3	ไม่ยาก	mai yaak	maiˋ yākˋ	不難	engine-auto	
初 2-3	ใครก็ทำเป็น	krai ko tham pen	krai gɔ̄ˋ tam ben	誰都會做	engine-auto	
初 2-3	ราคาถูก	ra kha thook	rā kā tūkˇ	價格便宜	engine-auto	
初 2-3	ใครก็อยากซื้อ	krai ko yaak seu	krai gɔ̄ˋ yākˋ sɯ̄~	誰都想買	engine-auto	
初 2-3	ด้วยกัน	duay gan	dhūayˋ gan	一起	engine-auto	
初 2-3	ไปเที่ยวด้วยกัน	pai thiao duay gan	bai tīauˋ dhūayˋ gan	一起去玩	engine-auto	
初 2-3	ไปเที่ยวกัน	pai thiao gan	bai tīauˋ gan	去玩吧	engine-auto	
初 2-3	ทะเล	tha lay	ta~ lē	海、海邊	engine-auto	
初 2-3	ไปเที่ยวทะเลกัน	pai thiao tha lay gan	bai tīauˋ ta~ lē gan	一起去海邊玩吧	engine-auto	
初 2-3	พวกเราไปเที่ยวทะเลด้วยกันไหม	phuak rao pai thiao tha lay duay gan mai	pūakˋ rāu bai tīauˋ ta~ lē dhūayˋ gan maiˊ	我們一起去海邊玩好嗎？	engine-auto	
初 2-3	พวกเราไปเที่ยวทะเลกันไหม	phuak rao pai thiao tha lay gan mai	pūakˋ rāu bai tīauˋ ta~ lē gan maiˊ	我們一起去海邊玩好嗎？	engine-auto	
初 2-3	เป็น...กัน	pen...gan	ben...gan	互為...關係	engine-auto	
初 2-3	พวกเขาเป็นเพื่อนบ้านกัน	phuak khao pen phuean baan gan	pūakˋ kāuˊ ben pɯ̄anˋ bhānˋ gan	他們互為鄰居	engine-auto	
初 2-3	เพื่อนนักเรียน	phuean nak rian	pɯ̄anˋ nak~ rīan	同學	engine-auto	
初 2-3	พวกเขาเป็นเพื่อนนักเรียนกัน	phuak khao pen phuean nak rian gan	pūakˋ kāuˊ ben pɯ̄anˋ nak~ rīan gan	他們是同學	engine-auto	
初 2-3	เพื่อนร่วมงาน	phuean ruam ngaan	pɯ̄anˋ rūamˋ ngān	同事	engine-auto	
初 2-3	พวกเขาเป็นเพื่อนร่วมงานกัน	phuak khao pen phuean ruam ngaan gan	pūakˋ kāuˊ ben pɯ̄anˋ rūamˋ ngān gan	他們是同事	engine-auto	
初 2-3	พวกเขาเป็นพี่น้องกัน	phuak khao pen phii nong gan	pūakˋ kāuˊ ben pīˋ nɔ̄ng~ gan	他們是兄弟姊妹	engine-auto	
初 2-3	แต่งงาน	taeng ngaan	dɛ̄ngˇ ngān	結婚	engine-auto	
初 2-3	ไม่อยากแต่งงาน	mai yaak taeng ngaan	maiˋ yākˋ dɛ̄ngˇ ngān	不想結婚	engine-auto	
初 2-3	อยากแต่งงานไหม	yaak taeng ngaan mai	yākˋ dɛ̄ngˇ ngān maiˊ	想結婚嗎？	engine-auto	
初 2-3	ไม่อยากแต่งงานกับเขา	mai yaak taeng ngaan kap khao	maiˋ yākˋ dɛ̄ngˇ ngān gapˇ kāuˊ	不想跟他結婚	engine-auto	
初 2-3	ฉันไม่อยากแต่งงานกับเขา	chan mai yaak taeng ngaan kap khao	chanˊ maiˋ yākˋ dɛ̄ngˇ ngān gapˇ kāuˊ	我不想跟他結婚	engine-auto	
初 2-3	ฉันแต่งงานแล้ว	chan taeng ngaan laeo	chanˊ dɛ̄ngˇ ngān lɛ̄u~	我結婚了	engine-auto	
初 2-3	พอดี	phodi	pɔ̄ dhī	剛好	engine-auto	
初 2-3	พอดีต้องไปซื้อของ	phodi tong pai seu khong	pɔ̄ dhī dɔ̄ngˋ bai sɯ̄~ kɔ̄ngˊ	剛好要去買東西	engine-auto	
初 2-3	พอดีเขามา	phodi khao maa	pɔ̄ dhī kāuˊ mā	他剛好來了	engine-auto	
初 2-3	พอดีต้องไปแล้ว	phodi tong pai laeo	pɔ̄ dhī dɔ̄ngˋ bai lɛ̄u~	剛好該走了	engine-auto	
初 2-3	พอดีแล้ว	phodi laeo	pɔ̄ dhī lɛ̄u~	剛好了	engine-auto	
初 2-3	ไม่ต้องใส่อะไรแล้ว	mai tong sai arai laeo	maiˋ dɔ̄ngˋ saiˇ aˇ rai lɛ̄u~	不用再加什麼了	engine-auto	
初 2-3	พอดีแล้ว ไม่ต้องใส่อะไรแล้ว	phodi laeo mai tong sai arai laeo	pɔ̄ dhī lɛ̄u~ maiˋ dɔ̄ngˋ saiˇ aˇ rai lɛ̄u~	剛好了，不用再加什麼了	engine-auto	
初 2-3	รัก	rak	rak~	愛	engine-auto	
初 2-3	ฉันรักเขา	chan rak khao	chanˊ rak~ kāuˊ	我愛他	engine-auto	
初 2-3	เขาไม่รักฉัน	khao mai rak chan	kāuˊ maiˋ rak~ chanˊ	他不愛我	engine-auto	
初 2-3	เขารักใคร	khao rak krai	kāuˊ rak~ krai	他愛誰？	engine-auto	
初 2-3	รู้ไหมเขารักใคร	ruu mai khao rak krai	rū~ maiˊ kāuˊ rak~ krai	知道他愛誰嗎？	engine-auto	
初 2-3	คุณรักฉันไหม	khun rak chan mai	kun rak~ chanˊ maiˊ	你愛我嗎？	engine-auto	
初 2-3	ฉันรักคุณมากๆ	chan rak khun mak mak	chanˊ rak~ kun mākˋ mākˋ	我非常非常愛你	engine-auto	
初 2-3	น่ารัก	na rak	nāˋ rak~	可愛	engine-auto	
初 2-3	เด็กๆ น่ารัก	dek dek na rak	dhekˇ dhekˇ nāˋ rak~	小朋友們很可愛	engine-auto	
初 2-3	ปู่ย่าก็น่ารัก	puu yaa ko na rak	būˇ yāˋ gɔ̄ˋ nāˋ rak~	爺爺奶奶也可愛	engine-auto	
初 2-3	หมูน่ารักไหม	moo na rak mai	mūˊ nāˋ rak~ maiˊ	豬可愛嗎？	engine-auto	
初 2-3	ต้อง	tong	dɔ̄ngˋ	必須、得	engine-auto	
初 2-3	ต้องเรียน	tong rian	dɔ̄ngˋ rīan	得學	engine-auto	
初 2-3	ต้องเรียนภาษาไทย	tong rian phasa thai	dɔ̄ngˋ rīan pā sāˊ tai	得學泰文	engine-auto	
初 2-3	ต้องกิน	tong gin	dɔ̄ngˋ gin	得吃	engine-auto	
初 2-3	ต้องนอน	tong non	dɔ̄ngˋ nɔ̄n	得睡	engine-auto	
初 2-3	แปดชั่วโมง	paet chua mong	bɛ̄tˇ chūaˋ mōng	八個小時	engine-auto	
初 2-3	ต้องนอนแปดชั่วโมง	tong non paet chua mong	dɔ̄ngˋ nɔ̄n bɛ̄tˇ chūaˋ mōng	得睡八個小時	engine-auto	
初 2-3	ต้องพูด	tong phut	dɔ̄ngˋ pūtˋ	得說	engine-auto	
初 2-3	ต้องพูดออกมา	tong phut ok ma	dɔ̄ngˋ pūtˋ ɔ̄kˇ mā	得說出來	engine-auto	
初 2-3	ต้องฟัง	tong fang	dɔ̄ngˋ fang	得聽	engine-auto	
初 2-3	ต้องอ่าน	tong aan	dɔ̄ngˋ ānˇ	得看、得讀	engine-auto	
初 2-3	ต้องซื้อ	tong seu	dɔ̄ngˋ sɯ̄~	得買	engine-auto	
初 2-3	ต้องนั่งรถไฟฟ้า	tong nang rot fai faa	dɔ̄ngˋ nangˋ rot~ fai fā~	得搭捷運	engine-auto	
初 2-3	ยิ่ง...ยิ่ง...	ying...ying...	yingˋ...yingˋ...	越...越...	engine-auto	
初 2-3	ยิ่งกินยิ่งอ้วน	ying gin ying uan	yingˋ gin yingˋ ūanˋ	越吃越胖	engine-auto	
初 2-3	ยิ่งเล่นยิ่งสนุก	ying len ying sa nuk	yingˋ lēnˋ yingˋ saˇ nuk~	越玩越好玩	engine-auto	
初 2-3	เข้าใจ	khao jai	kāuˋ jai	明白、理解	engine-auto	
初 2-3	ยิ่งฟังยิ่งเข้าใจ	ying fang ying khao jai	yingˋ fang yingˋ kāuˋ jai	越聽越明白	engine-auto	
初 2-3	ยิ่งอ่านยิ่งจำได้	ying aan ying jam dai	yingˋ ānˇ yingˋ jam dhaiˋ	越讀越記得	engine-auto	
初 2-3	ยิ่งกินยิ่งเผ็ด	ying gin ying phet	yingˋ gin yingˋ petˇ	越吃越辣	engine-auto	
初 2-3	ยิ่งถูกยิ่งดี	ying thook ying dii	yingˋ tūkˇ yingˋ dhī	越便宜越好	engine-auto	
初 2-3	ยิ่งทำยิ่งเก่ง	ying tham ying geng	yingˋ tam yingˋ gēngˇ	越做越厲害	engine-auto	
初 2-3	ยิ่งเจอกันยิ่งชอบ	ying jer gan ying chop	yingˋ jə̄ gan yingˋ chɔ̄pˋ	越見面越喜歡	engine-auto	
初 2-3	เดี๋ยวเจอกันค่ะ	diao jer gan kha	dhīauˊ jə̄ gan kaˋ	等等見	engine-auto	
初 2-3	แต่	tae	dɛ̄ˇ	但是	engine-auto	
初 2-3	ตา	taa	dā	眼睛、外公	engine-auto	
初 2-3	โต	toh	dō	大 (用於形容身體部位)	engine-auto	
初 2-3	ใหญ่	yai	yaiˇ	大 (用於形容尺寸、大小)	engine-auto	
初 2-3	แก้วใหญ่	kaew yai	gɛ̄uˋ yaiˇ	大杯	engine-auto	
初 2-3	ผิว	phiu	piwˊ	皮膚	engine-auto	
初 2-3	ดำ	dam	dham	黑色、黑	engine-auto	
初 2-3	ตาโตแต่ผิวดำ	taa toh tae phiu dam	dā dō dɛ̄ˇ piwˊ dham	眼睛大但是皮膚黑	engine-auto	
初 2-3	อร่อยแต่แพง	aroi tae paeng	aˇ rɔ̄iˋ dɛ̄ˇ pɛ̄ng	好吃但是貴	engine-auto	
初 2-3	ชอบแต่กินไม่ได้	chop tae gin mai dai	chɔ̄pˋ dɛ̄ˇ gin maiˋ dhaiˋ	喜歡但是不能吃	engine-auto	
初 2-3	ถ้า	tha	tāˋ	如果	engine-auto	
初 2-3	ถ้า...หน่อย ก็จะ...	tha...noi ko ja...	tāˋ...nɔ̄iˇ gɔ̄ˋ jaˇ...	如果...一點，就會...	engine-auto	
初 2-3	เปรี้ยว	bpriaw	brīauˋ	酸	engine-auto	
初 2-3	ถ้าเปรี้ยวหน่อยก็จะอร่อย	tha briaw noi ko ja aroi	tāˋ brīauˋ nɔ̄iˇ gɔ̄ˋ jaˇ aˇ rɔ̄iˋ	如果酸一點就會好吃	engine-auto	
初 2-3	ถูก	thook	tūkˇ	便宜	engine-auto	
初 2-3	ถ้าถูกหน่อยก็จะซื้อ	tha thook noi ko ja seu	tāˋ tūkˇ nɔ̄iˇ gɔ̄ˋ jaˇ sɯ̄~	如果便宜一點就會買	engine-auto	
初 2-3	ทำไม	tham mai	tam mai	為什麼、幹嘛	engine-auto	
初 2-3	ทำไมมาเรียนภาษาไทย	tham mai maa rian phasa thai	tam mai mā rīan pā sāˊ tai	為什麼來學泰文	engine-auto	
初 2-3	ต้องไปทำงานที่เมืองไทย	tong pai tham ngaan thi mueang thai	dɔ̄ngˋ bai tam ngān tīˋ mɯ̄ang tai	得去泰國工作	engine-auto	
初 2-3	มีแฟนคนไทย	mii faen khon thai	mī fɛ̄n kon tai	有泰國的另一半	engine-auto	
初 2-3	ทำไม...อย่างนี้	tham mai...yang nii	tam mai...yāngˋ nī~	為什麼這麼...	engine-auto	
初 2-3	อย่างนี้	yang nii	yāngˋ nī~	這樣	engine-auto	
初 2-3	ร้อน	ron	rɔ̄n~	熱	engine-auto	
初 2-3	ทำไมร้อนอย่างนี้	tham mai ron yang nii	tam mai rɔ̄n~ yāngˋ nī~	為什麼這麼熱	engine-auto	
初 2-3	เผ็ด	phet	petˇ	辣	engine-auto	
初 2-3	ทำไมเผ็ดอย่างนี้	tham mai phet yang nii	tam mai petˇ yāngˋ nī~	為什麼這麼辣	engine-auto	
初 2-3	สวย	suai	sūayˊ	漂亮	engine-auto	
初 2-3	ทำไมสวยอย่างนี้	tham mai suai yang nii	tam mai sūayˊ yāngˋ nī~	為什麼這麼漂亮	engine-auto	
初 2-3	เรียนภาษาไทยทำไม	rian phasa thai tham mai	rīan pā sāˊ tai tam mai	幹嘛學泰文	engine-auto	
初 2-3	แต่งงานทำไม	taeng ngaan tham mai	dɛ̄ngˇ ngān tam mai	幹嘛結婚	engine-auto	
初 2-3	ตาโต	taa toh	dā dō	眼睛大	engine-auto	
初 2-3	เล็ก	lek	lek~	小	engine-auto	
初 2-3	แก้วเล็ก	kaew lek	gɛ̄uˋ lek~	小杯	engine-auto	
初 2-3	จานเล็ก	jaan lek	jān lek~	小盤	engine-auto	
初 2-3	ตาเล็ก	taa lek	dā lek~	眼睛小	engine-auto	
初 2-3	แต่น่ารัก	tae na rak	dɛ̄ˇ nāˋ rak~	但是很可愛	engine-auto	
初 2-3	ตาเล็ก แต่น่ารัก	taa lek tae na rak	dā lek~ dɛ̄ˇ nāˋ rak~	眼睛小，但是很可愛	engine-auto	
初 2-3	เด็กผู้ชาย	dek phu chaai	dhekˇ pūˋ chāi	男孩	engine-auto	
初 2-3	ตาหวาน	taa waan	dā wānˊ	眼睛甜美	engine-auto	
初 2-3	เด็กผู้ชายตาหวาน	dek phu chaai taa waan	dhekˇ pūˋ chāi dā wānˊ	眼睛甜美的男孩	engine-auto	
初 2-3	เด็กผู้ชายคนนี้ตาหวาน	dek phu chaai khon nii taa waan	dhekˇ pūˋ chāi kon nī~ dā wānˊ	這個男孩眼睛很甜美	engine-auto	
初 2-3	ตา	taa	dā	眼睛	engine-auto	
初 2-3	หู	hu	hūˊ	耳朵	engine-auto	
初 2-3	หูดี	hu dii	hūˊ dhī	耳朵靈、聽力好	engine-auto	
初 2-3	หูฟัง	hu fang	hūˊ fang	耳機	engine-auto	
初 2-3	ฟัง	fang	fang	聽	book-exact	(book-exact已用引擎重新驗證)
初 2-3	ใส่หูฟัง	sai hu fang	saiˇ hūˊ fang	戴耳機	engine-auto	
初 2-3	หูฉลาม	hu cha laam	hūˊ chaˇ lāˊ	魚翅	derived	
初 2-3	ฉลาม	cha laam	chaˇ lāˊ	鯊魚	derived	
初 2-3	หูฉลาม อร่อยแต่แพง	hu cha laam aroi tae paeng	hūˊ chaˇ lāˊ aˇ rɔ̄iˋ dɛ̄ˇ pɛ̄ng	魚翅好吃但貴	derived	
初 2-3	จมูก	ja mook	jaˇ mūkˋ	鼻子	derived	
初 2-3	จมูกใหญ่	ja mook yai	jaˇ mūkˋ yaiˇ	鼻子大	derived	
初 2-3	จมูกเล็ก	ja mook lek	jaˇ mūkˋ lek~	鼻子小	derived	
初 2-3	จมูกเล็ก แต่น่ารัก	ja mook lek tae na rak	jaˇ mūkˋ lek~ dɛ̄ˇ nāˋ rak~	鼻子小，但是很可愛	derived	
初 2-3	จมูกแบน	ja mook baen	jaˇ mūkˋ bhɛ̄n	塌鼻子	derived	
初 2-3	แบน	baen	bhɛ̄n	扁	engine-auto	
初 2-3	ปาก	paak	bākˇ	嘴巴	engine-auto	
初 2-3	ปากหวาน	paak waan	bākˇ wānˊ	嘴甜	engine-auto	
初 2-3	คุณปากหวานมาก	khun paak waan mak	kun bākˇ wānˊ mākˋ	你嘴巴很甜	engine-auto	
初 2-3	ผู้ชายปากหวาน	phu chaai paak waan	pūˋ chāi bākˇ wānˊ	嘴甜的男人	engine-auto	
初 2-3	ปากแข็ง	paak khaeng	bākˇ kɛngˊ	嘴硬	engine-auto	
初 2-3	รักเขาแต่ไม่พูด	rak khao tae mai phut	rak~ kāuˊ dɛ̄ˇ maiˋ pūtˋ	愛他但是不說	engine-auto	
初 2-3	ปากซอย	paak soi	bākˇ sɔ̄i	巷口	engine-auto	
初 2-3	ซอย	soi	sɔ̄i	巷子	engine-auto	
初 2-3	ร้านยาอยู่ปากซอย	raan ya yuu paak soi	rān~ yā yūˋ bākˇ sɔ̄i	藥局在巷口	engine-auto	
初 2-3	ฟัน	fan	fan	牙齒	engine-auto	
初 2-3	ฟันสวย	fan suai	fan sūayˊ	牙齒美	engine-auto	
初 2-3	ฟันขาว	fan khaao	fan kāuˊ	牙齒白	engine-auto	
初 2-3	ขาว	khaao	kāuˊ	白色	engine-auto	
初 2-3	ใช้ฟันกัด	chai fan gat	chai~ fan gatˇ	用牙齒咬	engine-auto	
初 2-3	ใช้	chai	chai~	用	engine-auto	
初 2-3	กัด	gat	gatˇ	咬	engine-auto	
初 2-3	หมา	maa	māˊ	狗	engine-auto	
初 2-3	หมากัด	maa gat	māˊ gatˇ	狗咬	engine-auto	
初 2-3	นิ้ว	niu	niw~	手指、寸	engine-auto	
初 2-3	นิ้วมือ	niu mue	niw~ mɯ̄	手指	engine-auto	
初 2-3	มือ	mue	mɯ̄	手	engine-auto	
初 2-3	ไม่มีนิ้ว	mai mii niu	maiˋ mī niw~	沒有手指	engine-auto	
初 2-3	โดราเอมอนไม่มีนิ้ว	doraemon mai mii niu	dhō rā ē mɔ̄n maiˋ mī niw~	多啦A夢沒有手指	engine-auto	
初 2-3	26 นิ้ว	yi sip hok niu	26 niw~	26吋	engine-auto	
初 2-3	นิ้วเท้า	niu thao	niw~ tāu~	腳趾	engine-auto	
初 2-3	เท้า	thao	tāu~	腳	engine-auto	
初 2-3	นิ้วมือ นิ้วเท้า	niu mue niu thao	niw~ mɯ̄ niw~ tāu~	手指、腳趾	engine-auto	
初 2-3	ใช้นิ้วกด	chai niu god	chai~ niw~ gotˇ	用手指按	derived	
初 2-3	กด	god	gotˇ	按	derived	
初 2-3	กดลิฟต์	god lift	gotˇ lip~	按電梯	derived	
初 2-3	กดมือถือ	god mue thue	gotˇ mɯ̄ tɯ̄ˊ	按手機	derived	
初 2-3	กดไอแพด	god ipad	gotˇ ai pɛ̄tˋ	按iPad	derived	
初 2-3	ลิ้น	lin	lin~	舌頭	engine-auto	
初 2-3	ลิ้นแข็ง	lin khaeng	lin~ kɛngˊ	大舌頭、發音不標準	engine-auto	
初 2-3	ลิ้นหมู	lin muu	lin~ mūˊ	豬舌	engine-auto	
初 2-3	หมู	muu	mūˊ	豬	engine-auto	
初 2-3	ลิ้นหมูย่าง	lin muu yang	lin~ mūˊ yāngˋ	烤豬舌	engine-auto	
初 2-3	ลิ้นเป็ด	lin ped	lin~ betˇ	鴨舌	engine-auto	
初 2-3	เป็ด	ped	betˇ	鴨子	engine-auto	
初 2-3	ลิ้นเป็ดทอด	lin ped thot	lin~ betˇ tɔ̄tˋ	炸鴨舌	engine-auto	
初 2-3	ผม	phom	pomˊ	頭髮	engine-auto	
初 2-3	ผมยาว	phom yao	pomˊ yāu	長髮	engine-auto	
初 2-3	ผมสั้น	phom san	pomˊ sanˋ	短髮	engine-auto	
初 2-3	ผมขาว	phom khao	pomˊ kāuˊ	白髮	engine-auto	
初 2-3	หัว	hua	hūaˊ	頭	engine-auto	
初 2-3	หัวแข็ง	hua khaeng	hūaˊ kɛngˊ	頑固、固執	engine-auto	
初 2-3	ลูกหัวแข็ง	luk hua khaeng	lūkˋ hūaˊ kɛngˊ	孩子很頑固	engine-auto	
初 2-3	หัวอ่อน	hua on	hūaˊ ɔ̄nˇ	容易受影響、聽話	engine-auto	
初 2-3	อ่อน	on	ɔ̄nˇ	軟、弱	engine-auto	
初 2-3	แข็ง	khaeng	kɛngˊ	硬	engine-auto	
初 2-3	หัวดี	hua dii	hūaˊ dhī	頭腦好	engine-auto	
初 2-3	เรียนเก่ง	rian geng	rīan gēngˇ	很會學習	engine-auto	
初 2-3	จำได้	jam dai	jam dhaiˋ	記得	engine-auto	
初 2-3	หน้า	naa	nāˋ	臉	engine-auto	
初 2-3	หน้าแดง	naa daeng	nāˋ dhɛ̄ng	臉紅	engine-auto	
初 2-3	แดง	daeng	dhɛ̄ng	紅色	engine-auto	
初 2-3	หน้าอ่อน	naa on	nāˋ ɔ̄nˇ	看起來年輕	engine-auto	
初 2-3	อายุ 50 ปี	aa-yu haa sip pii	ā yu~ 50 bī	50歲	engine-auto	
初 2-3	หน้าตาดี	naa taa dii	nāˋ dā dhī	面貌長得好看	engine-auto	
初 2-3	คอ	kho	kɔ̄	脖子、喉嚨	engine-auto	
初 2-3	คอแข็ง	kho khaeng	kɔ̄ kɛngˊ	酒量好	engine-auto	
初 2-3	คอแข็งไหม	kho khaeng mai	kɔ̄ kɛngˊ maiˊ	你酒量好嗎？	engine-auto	
初 2-3	คออ่อน	kho on	kɔ̄ ɔ̄nˇ	酒量不好	engine-auto	
初 2-3	คอหมูย่าง	kho muu yang	kɔ̄ mūˊ yāngˋ	烤松阪豬	engine-auto	
初 2-3	เอาคอหมูย่างไหมคะ	ao kho muu yang mai kha	au kɔ̄ mūˊ yāngˋ maiˊ ka~	要烤松阪豬嗎？	engine-auto	
初 2-3	เอาคอหมูย่าง 1 จาน	ao kho muu yang nueng jaan	au kɔ̄ mūˊ yāngˋ 1 jān	我要一份烤松阪豬	engine-auto	
初 2-3	หน้าอก	naa ok	nāˋ okˇ	胸部	derived	
初 2-3	อก	ok	okˇ	胸部（可單獨使用）	derived	
初 2-3	หน้าอกแบน	naa ok baen	nāˋ okˇ bhɛ̄n	胸部很平	derived	
初 2-3	ไข่ดาว	khai dao	kaiˇ dhāu	荷包蛋	engine-auto	
初 2-3	หน้าอกไข่ดาว	naa ok khai dao	nāˋ okˇ kaiˇ dhāu	胸部像荷包蛋	derived	
初 2-3	อกไก่	ok gai	okˇ gaiˇ	雞胸	derived	
初 2-3	ชอบกินอกไก่มากๆ	chop gin ok gai mak mak	chɔ̄pˋ gin okˇ gaiˇ mākˋ mākˋ	很喜歡吃雞胸肉	derived	
初 2-3	ไม่เอาอกไก่	mai ao ok gai	maiˋ au okˇ gaiˇ	不要雞胸肉	derived	
初 2-3	อกหัก	ok hak	okˇ hakˇ	失戀	derived	
初 2-3	หัก	hak	hakˇ	折斷	engine-auto	
初 2-3	เขาไม่รักผม	khao mai rak phom	kāuˊ maiˋ rak~ pomˊ	他不愛我	engine-auto	
初 2-3	ฉันอกหัก	chan ok hak	chanˊ okˇ hakˇ	我失戀了	derived	
初 2-3	ไม่เป็นไร	mai pen rai	maiˋ ben rai	沒關係	engine-auto	
初 2-3	ท้อง	thong	tɔ̄ng~	肚子	engine-auto	
初 2-3	ท้องเสีย	thong sia	tɔ̄ng~ sīaˊ	拉肚子	engine-auto	
初 2-3	เสีย	sia	sīaˊ	壞掉	engine-auto	
初 2-3	เสียเงิน	sia ngern	sīaˊ ngə̄n	浪費錢	engine-auto	
初 2-3	เสียเวลา	sia wela	sīaˊ wē lā	浪費時間	engine-auto	
初 2-3	ทำไมท้องเสีย	tham mai thong sia	tam mai tɔ̄ng~ sīaˊ	為什麼拉肚子？	engine-auto	
初 2-3	ไม่รู้ทำไมท้องเสีย	mai ruu tham mai thong sia	maiˋ rū~ tam mai tɔ̄ng~ sīaˊ	不知道為什麼拉肚子	engine-auto	
初 2-3	ทำไม	tham mai	tam mai	為什麼	engine-auto	
初 2-3	ท้องไม่ดี	thong mai dii	tɔ̄ng~ maiˋ dhī	肚子不舒服	engine-auto	
初 2-3	ไม่รู้ทำไมท้องไม่ดี	mai ruu tham mai thong mai dii	maiˋ rū~ tam mai tɔ̄ng~ maiˋ dhī	不知道為什麼肚子不舒服	engine-auto	
初 2-3	มีท้อง	mii thong	mī tɔ̄ng~	懷孕	engine-auto	
初 2-3	ท้องแล้ว	thong laeo	tɔ̄ng~ lɛ̄u~	懷孕了	engine-auto	
初 2-3	ท้องกี่เดือนแล้ว	thong gii deuan laeo	tɔ̄ng~ gīˇ dhɯ̄an lɛ̄u~	懷孕幾個月了？	engine-auto	
初 2-3	ท้อง 5 เดือนแล้ว	thong haa deuan laeo	tɔ̄ng~ 5 dhɯ̄an lɛ̄u~	懷孕五個月了	engine-auto	
初 2-3	มีท้องกับใคร	mii thong kap krai	mī tɔ̄ng~ gapˇ krai	跟誰懷孕？	engine-auto	
初 2-3	กับ	kap	gapˇ	跟	engine-auto	
初 2-3	ถุง	thung	tungˊ	袋子	engine-auto	
初 2-3	ผิวดำ	phiu dam	piwˊ dham	皮膚黑	engine-auto	
初 2-3	ผิว	phiu	piwˊ	皮膚	engine-auto	
初 2-3	ผิวขาว	phiu khao	piwˊ kāuˊ	皮膚白	engine-auto	
初 2-3	ผิวสวย	phiu suai	piwˊ sūayˊ	皮膚很漂亮	engine-auto	
初 2-3	ผู้หญิงไต้หวันผิวสวย	phu ying taiwan phiu suai	pūˋ yingˊ daiˋ wanˊ piwˊ sūayˊ	台灣女生皮膚很漂亮	engine-auto	
初 2-3	หลัง	lang	langˊ	背、後面	engine-auto	
初 2-3	หลังแข็ง	lang khaeng	langˊ kɛngˊ	背很僵硬	engine-auto	
初 2-3	คันหลัง	khan lang	kan langˊ	背癢	engine-auto	
初 2-3	คัน	khan	kan	癢	engine-auto	
初 2-3	คันหน้า	khan naa	kan nāˋ	臉癢	engine-auto	
初 2-3	คันปาก	khan paak	kan bākˇ	嘴巴癢	engine-auto	
初 2-3	หลังบ้าน	lang baan	langˊ bhānˋ	家的後面	engine-auto	
初 2-3	มือ	mue	mɯ̄	手	engine-auto	
初 2-3	นิ้วมือ	niu mue	niw~ mɯ̄	手指	engine-auto	
初 2-3	มือถือ	mue thue	mɯ̄ tɯ̄ˊ	手機	engine-auto	
初 2-3	ถือ	theu	tɯ̄ˊ	提、拿	engine-auto	
初 2-3	ถืออะไร	theu arai	tɯ̄ˊ aˇ rai	拿什麼？	engine-auto	
初 2-3	โทรศัพท์	thoo ra sap	tō ra~ sapˇ	電話	engine-auto	
初 2-3	โทรศัพท์มือถือ	thoo ra sap mue thue	tō ra~ sapˇ mɯ̄ tɯ̄ˊ	手機 (正式說法)	engine-auto	
初 2-3	โทรศัพท์บ้าน	thoo ra sap baan	tō ra~ sapˇ bhānˋ	家用電話	engine-auto	
初 2-3	มือสอง	mue song	mɯ̄ sɔ̄ngˊ	二手	engine-auto	
初 2-3	มือสองถูกมาก	mue song thook mak	mɯ̄ sɔ̄ngˊ tūkˇ mākˋ	二手很便宜	engine-auto	
初 2-3	รถมือสอง	rot mue song	rot~ mɯ̄ sɔ̄ngˊ	二手車	engine-auto	
初 2-3	รถ	rot	rot~	車子	book-exact	(book-exact已用引擎重新驗證)
初 2-3	คอนโดมือสอง	khon do mue song	kɔ̄n dhō mɯ̄ sɔ̄ngˊ	二手公寓	engine-auto	
初 2-3	ยกมือไหว้	yok mue wai	yok~ mɯ̄ waiˋ	舉手合十行禮	derived	
初 2-3	ยก	yok	yok~	舉	derived	
初 2-3	ยกมือ	yok mue	yok~ mɯ̄	舉手	derived	
初 2-3	ไหว้	wai	waiˋ	拜（合十）	engine-auto	
初 2-3	แขน	khaen	kɛ̄nˊ	手臂	engine-auto	
初 2-3	แขนยาว	khaen yao	kɛ̄nˊ yāu	長袖	engine-auto	
初 2-3	แขนสั้น	khaen san	kɛ̄nˊ sanˋ	短袖	engine-auto	
初 2-3	ใส่	sai	saiˇ	穿	engine-auto	
初 2-3	ใส่แขนสั้น	sai khaen san	saiˇ kɛ̄nˊ sanˋ	穿短袖	engine-auto	
初 2-3	ขา	kha	kāˊ	腿、腳	engine-auto	
初 2-3	ข้าวขาหมู	khao kha muu	kāuˋ kāˊ mūˊ	豬腳飯	engine-auto	
初 2-3	ขายาว	kha yao	kāˊ yāu	長褲	engine-auto	
初 2-3	ขาสั้น	kha san	kāˊ sanˋ	短褲	engine-auto	
初 2-3	ใส่ขาสั้น	sai kha san	saiˇ kāˊ sanˋ	穿短褲	engine-auto	
初 2-3	เท้า	thao	tāu~	腳（足部）	engine-auto	
初 2-3	รองเท้า	rong thao	rɔ̄ng tāu~	鞋子	engine-auto	
初 2-3	ใส่รองเท้า	sai rong thao	saiˇ rɔ̄ng tāu~	穿鞋子	engine-auto	
初 2-3	ข้อเท้า	kho thao	kɔ̄ˋ tāu~	腳踝	engine-auto	
初 2-3	ข้อ	kho	kɔ̄ˋ	關節	book-exact	(book-exact已用引擎重新驗證)
初 2-3	ข้อมือ	kho mue	kɔ̄ˋ mɯ̄	手腕	engine-auto	
初 2-3	สร้อยข้อเท้า	soi kho thao	srɔ̄iˋ kɔ̄ˋ tāu~	腳鍊	engine-auto	
初 2-3	สร้อย	soi	srɔ̄iˋ	鍊子	engine-auto	
初 2-3	สร้อยคอ	soi kho	srɔ̄iˋ kɔ̄	項鍊	engine-auto	
初 2-3	ใจ	jai	jai	心	engine-auto	
初 2-3	หัวใจ	hua jai	hūaˊ jai	心臟	engine-auto	
初 2-3	ใจแข็ง	jai khaeng	jai kɛngˊ	心腸硬	engine-auto	
初 2-3	ไม่ให้	mai hai	maiˋ haiˋ	不給	engine-auto	
初 2-3	ใจอ่อน	jai on	jai ɔ̄nˇ	心軟	engine-auto	
初 2-3	ใจสั่น	jai san	jai sanˇ	心悸	engine-auto	
初 2-3	กินกาแฟ	gin ga fe	gin gā fɛ̄	喝咖啡	engine-auto	
初 2-3	เยอะมาก	yuh mak	yə~ mākˋ	很多	engine-auto	
初 2-3	สั่น	san	sanˇ	發抖、震動	engine-auto	
初 2-3	มีไหมคะ	mii mai kha	mī maiˊ ka~	有問題想問嗎？	engine-auto	
初 2-3	ถ้าไม่มี	tha mai mii	tāˋ maiˋ mī	如果沒有	engine-auto	
初 2-3	ถ้า	tha	tāˋ	如果	engine-auto	
初 2-3	วันนี้ขอบคุณนะคะ	wan nii khop khun na kha	wan nī~ kɔ̄pˇ kun na~ ka~	今天謝謝大家	engine-auto	
初 2-4	เจ็บ	jeb	jepˇ	痛	engine-auto	
初 2-4	เบา ๆ	bao bao	bhāu bhāu	輕輕的	engine-auto	
初 2-4	นวด	nuat	nūatˋ	按摩	engine-auto	
初 2-4	นวดเบา ๆ หน่อยครับ	nuat bao bao noi khrab	nūatˋ bhāu bhāu nɔ̄iˇ krap~	請按摩輕一點	engine-auto	
初 2-4	มาแล้ว	maa laew	mā lɛ̄u~	來了	engine-auto	
初 2-4	แต่	tae	dɛ̄ˇ	但是	engine-auto	
初 2-4	อร่อย แต่ เผ็ด	aroi tae phet	aˇ rɔ̄iˋ dɛ̄ˇ petˇ	好吃，但是很辣	engine-auto	
初 2-4	ใช้ดี แต่ แพง	chai dii tae paeng	chai~ dhī dɛ̄ˇ pɛ̄ng	好用，但是很貴	engine-auto	
初 2-4	ใช้	chai	chai~	使用	engine-auto	
初 2-4	ใช้ดี	chai dii	chai~ dhī	好用	engine-auto	
初 2-4	อยากซื้อ แต่ ไม่มีเงิน	yaak seu tae mai mii ngern	yākˋ sɯ̄~ dɛ̄ˇ maiˋ mī ngə̄n	想買，但是沒有錢	engine-auto	
初 2-4	อยากไปเที่ยว แต่ ไม่มีเวลา	yaak pai thiao tae mai mii wela	yākˋ bai tīauˋ dɛ̄ˇ maiˋ mī wē lā	想去玩，但是沒有時間	engine-auto	
初 2-4	เที่ยว	thiao	tīauˋ	玩、去旅行	engine-auto	
初 2-4	อยากไปเที่ยว	yaak pai thiao	yākˋ bai tīauˋ	想去玩	engine-auto	
初 2-4	รักเขา แต่ เขามีแฟนแล้ว	rak khao tae khao mii faen laew	rak~ kāuˊ dɛ̄ˇ kāuˊ mī fɛ̄n lɛ̄u~	愛他，但是他有女友了	engine-auto	
初 2-4	ถ้า...ก็...	tha...ko...	tāˋ...gɔ̄ˋ...	如果...就...	engine-auto	
初 2-4	ถ้าหิว ก็กิน	tha hiu ko gin	tāˋ hiwˊ gɔ̄ˋ gin	如果餓，就吃	engine-auto	
初 2-4	ถ้าไกล ก็ไม่ไป	tha glai ko mai pai	tāˋ glai gɔ̄ˋ maiˋ bai	如果很遠，就不去	engine-auto	
初 2-4	ถ้าแพง ก็ไม่ซื้อ	tha paeng ko mai seu	tāˋ pɛ̄ng gɔ̄ˋ maiˋ sɯ̄~	如果貴，就不買	engine-auto	
初 2-4	ไม่ซื้อ	mai seu	maiˋ sɯ̄~	不買	engine-auto	
初 2-4	ถ้าเผ็ด ก็กินนม	tha phet ko gin nom	tāˋ petˇ gɔ̄ˋ gin nom	如果辣，就喝牛奶	engine-auto	
初 2-4	นม	nom	nom	牛奶	engine-auto	
初 2-4	...จะ...ก็ จะ...	...ja...ko ja...	...jaˇ...gɔ̄ˋ jaˇ...	(如果)...就會...	engine-auto	
初 2-4	ถ้าถูกหน่อย ก็จะซื้อ	tha thook noi ko ja seu	tāˋ tūkˇ nɔ̄iˇ gɔ̄ˋ jaˇ sɯ̄~	如果便宜一點，就會買	engine-auto	
初 2-4	ถ้ามีเวลา ก็จะไปเที่ยว	tha mii wela ko ja pai thiao	tāˋ mī wē lā gɔ̄ˋ jaˇ bai tīauˋ	如果有時間，就會去玩	engine-auto	
初 2-4	ถ้าอ่านบ่อย ๆ ก็จะจำได้	tha aan boi boi ko ja jam dai	tāˋ ānˇ bhɔ̄iˇ bhɔ̄iˇ gɔ̄ˋ jaˇ jam dhaiˋ	如果常常讀，就會記得	engine-auto	
初 2-4	ทำไม	tham mai	tam mai	為什麼	engine-auto	
初 2-4	ทำไมไม่พูด	tham mai mai phut	tam mai maiˋ pūtˋ	為什麼不說？	engine-auto	
初 2-4	ทำไมไม่ไป	tham mai mai pai	tam mai maiˋ bai	為什麼不去？	engine-auto	
初 2-4	ทำไมแต่งงาน	tham mai taeng ngaan	tam mai dɛ̄ngˇ ngān	為什麼結婚？	engine-auto	
初 2-4	ทำไมแต่งงานกับเขา	tham mai taeng ngaan kap khao	tam mai dɛ̄ngˇ ngān gapˇ kāuˊ	為什麼跟他結婚？	engine-auto	
初 2-4	เค้า	khao	kāu~	他 (口語)	engine-auto	
初 2-4	ทำไมเค้าไม่มา	tham mai khao mai maa	tam mai kāu~ maiˋ mā	他為什麼沒來？	engine-auto	
初 2-4	ใช้ไม่ดี	chai mai dii	chai~ maiˋ dhī	不好用	engine-auto	
初 2-4	ซื้อทำไม	seu tham mai	sɯ̄~ tam mai	幹嘛買？	engine-auto	
初 2-4	ใช้ไม่ดี ซื้อทำไม	chai mai dii seu tham mai	chai~ maiˋ dhī sɯ̄~ tam mai	不好用，幹嘛買？	engine-auto	
初 2-4	ขายทำไม	kai tham mai	kāiˊ tam mai	幹嘛賣？	engine-auto	
初 2-4	ราคาดี	ra kha dii	rā kā dhī	價格很好	engine-auto	
初 2-4	ราคาดี ขายทำไม	ra kha dii kai tham mai	rā kā dhī kāiˊ tam mai	價格很好，幹嘛賣？	engine-auto	
初 2-4	ทำไม...อย่างนี้	tham mai...yang nii	tam mai...yāngˋ nī~	為什麼這麼...	engine-auto	
初 2-4	ทำไมคอแข็งอย่างนี้	tham mai kho khaeng yang nii	tam mai kɔ̄ kɛngˊ yāngˋ nī~	為什麼酒量這麼好？	engine-auto	
初 2-4	ทำไมคออ่อนอย่างนี้	tham mai kho on yang nii	tam mai kɔ̄ ɔ̄nˇ yāngˋ nī~	為什麼酒量這麼差？	engine-auto	
初 2-4	ทำไมปากหวานอย่างนี้	tham mai paak waan yang nii	tam mai bākˇ wānˊ yāngˋ nī~	為什麼嘴巴這麼甜？	engine-auto	
初 2-4	ทำไมหน้าแดงอย่างนี้	tham mai naa daeng yang nii	tam mai nāˋ dhɛ̄ng yāngˋ nī~	為什麼臉這麼紅？	engine-auto	
初 2-4	ตา	taa	dā	眼睛、外公	engine-auto	
初 2-4	สามีตาเล็ก	saa mii taa lek	sāˊ mī dā lek~	先生的眼睛很小	engine-auto	
初 2-4	ลูกชายตาโต	luk chaai taa toh	lūkˋ chāi dā dō	兒子的眼睛很大	engine-auto	
初 2-4	ตาของคุณสวยมาก	taa khong khun suai mak	dā kɔ̄ngˊ kun sūayˊ mākˋ	你的眼睛很美	engine-auto	
初 2-4	หู	hu	hūˊ	耳朵	engine-auto	
初 2-4	หูฟัง	hu fang	hūˊ fang	耳機	engine-auto	
初 2-4	เธอต้องใส่หูฟัง	thoe tong sai hu fang	tə̄ dɔ̄ngˋ saiˇ hūˊ fang	你必須戴耳機	engine-auto	
初 2-4	เธอ	thoe	tə̄	你 (對平輩或晚輩說)	engine-auto	
初 2-4	หูฉลาม	hu cha laam	hūˊ chaˇ lāˊ	魚翅	derived	
初 2-4	คุณกินหูฉลามไหม	khun gin hu cha laam mai	kun gin hūˊ chaˇ lāˊ maiˊ	你吃魚翅嗎？	derived	
初 2-4	จมูก	ja mook	jaˇ mūkˋ	鼻子	derived	
初 2-4	จมูกโต	ja mook toh	jaˇ mūkˋ dō	鼻子很大	derived	
初 2-4	คุณตาจมูกโต	khun taa ja mook toh	kun dā jaˇ mūkˋ dō	外公鼻子很大	derived	
初 2-4	เขาจมูกโตหรือจมูกเล็ก	khao ja mook toh reu ja mook lek	kāuˊ jaˇ mūkˋ dō rɯ̄ˊ jaˇ mūkˋ lek~	他鼻子大還是鼻子小？	derived	
初 2-4	จมูกแบน	ja mook baen	jaˇ mūkˋ bhɛ̄n	扁鼻子	derived	
初 2-4	ยาว	yao	yāu	長的	engine-auto	
初 2-4	จมูกยาว	ja mook yao	jaˇ mūkˋ yāu	鼻子很長	derived	
初 2-4	ปาก	paak	bākˇ	嘴巴、口	engine-auto	
初 2-4	ปากหวาน	paak waan	bākˇ wānˊ	嘴巴很甜	engine-auto	
初 2-4	ปากซอย	paak soi	bākˇ sɔ̄i	巷口	engine-auto	
初 2-4	ปากซอยมีร้านอาหาร	paak soi mii raan aahaan	bākˇ sɔ̄i mī rān~ ā hānˊ	巷口有餐廳	engine-auto	
初 2-4	ร้านยาอยู่ปากซอย	raan ya yuu paak soi	rān~ yā yūˋ bākˇ sɔ̄i	藥局在巷口	engine-auto	
初 2-4	เดินไปปากซอย	dern pai paak soi	dhə̄n bai bākˇ sɔ̄i	走去巷口	engine-auto	
初 2-4	ฟัน	fan	fan	牙齒	engine-auto	
初 2-4	ฟันไม่ค่อยดี	fan mai khoi dii	fan maiˋ kɔ̄iˋ dhī	牙齒不太好	engine-auto	
初 2-4	ปู่ย่าตายาย	puu yaa taa yaai	būˇ yāˋ dā yāi	(外)祖父母、爺爺奶奶	engine-auto	
初 2-4	ปู่ย่าตายายฟันไม่ค่อยดี	puu yaa taa yaai fan mai khoi dii	būˇ yāˋ dā yāi fan maiˋ kɔ̄iˋ dhī	(外)祖父母牙齒不太好	engine-auto	
初 2-4	ฟันไม่ค่อยดีแล้ว	fan mai khoi dii laew	fan maiˋ kɔ̄iˋ dhī lɛ̄u~	牙齒不太好了	engine-auto	
初 2-4	นิ้ว	niu	niw~	手指、腳趾	engine-auto	
初 2-4	ทำไมนิ้วสวยอย่างนี้	tham mai niu suai yang nii	tam mai niw~ sūayˊ yāngˋ nī~	為什麼手指這麼漂亮？	engine-auto	
初 2-4	ทำไมนิ้วยาวอย่างนี้	tham mai niu yao yang nii	tam mai niw~ yāu yāngˋ nī~	為什麼手指這麼長？	engine-auto	
初 2-4	ผม	phom	pomˊ	頭髮、我 (男性)	engine-auto	
初 2-4	ชอบผมยาว	chop phom yao	chɔ̄pˋ pomˊ yāu	喜歡長髮	engine-auto	
初 2-4	ชอบผมสั้น	chop phom san	chɔ̄pˋ pomˊ sanˋ	喜歡短髮	engine-auto	
初 2-4	คุณชอบผมยาวหรือผมสั้น	khun chop phom yao reu phom san	kun chɔ̄pˋ pomˊ yāu rɯ̄ˊ pomˊ sanˋ	你喜歡長髮還是短髮？	engine-auto	
初 2-4	หัว	hua	hūaˊ	頭	engine-auto	
初 2-4	เขาเป็นคนหัวดี	khao pen khon hua dii	kāuˊ ben kon hūaˊ dhī	他是個聰明的人	engine-auto	
初 2-4	หัวดี	hua dii	hūaˊ dhī	聰明 (腦袋好)	engine-auto	
初 2-4	หัวแข็ง	hua khaeng	hūaˊ kɛngˊ	固執 (頭很硬)	engine-auto	
初 2-4	ปู่หัวแข็ง	puu hua khaeng	būˇ hūaˊ kɛngˊ	爺爺很固執	engine-auto	
初 2-4	หน้า	naa	nāˋ	臉	engine-auto	
初 2-4	หน้าอ่อน	naa on	nāˋ ɔ̄nˇ	童顏、看起來年輕	engine-auto	
初 2-4	อายุมากแล้ว	aa-yu mak laew	ā yu~ mākˋ lɛ̄u~	年紀大了	engine-auto	
初 2-4	อายุมากแล้ว แต่น่าอ่อน	aa-yu mak laew tae naa on	ā yu~ mākˋ lɛ̄u~ dɛ̄ˇ nāˋ ɔ̄nˇ	年紀大了，但看起來很年輕	engine-auto	
初 2-4	คอ	kho	kɔ̄	脖子	engine-auto	
初 2-4	เขาคอแข็ง	khao kho khaeng	kāuˊ kɔ̄ kɛngˊ	他酒量很好	engine-auto	
初 2-4	เขาคออ่อน	khao kho on	kāuˊ kɔ̄ ɔ̄nˇ	他酒量很差	engine-auto	
初 2-4	เขาคอยาว	khao kho yao	kāuˊ kɔ̄ yāu	他的脖子很長	engine-auto	
初 2-4	หน้าอก	naa ok	nāˋ okˇ	胸部	derived	
初 2-4	เนื้ออก	nuea ok	nɯ̄a~ okˇ	胸肉	derived	
初 2-4	ไม่เอาเนื้ออก	mai ao nuea ok	maiˋ au nɯ̄a~ okˇ	不要胸肉	derived	
初 2-4	เอาข้าวมันไก่ ไม่เอาเนื้ออก	ao khao man gai mai ao nuea ok	au kāuˋ man gaiˇ maiˋ au nɯ̄a~ okˇ	要海南雞飯，不要胸肉	derived	
初 2-4	หน้าอกแบน	naa ok baen	nāˋ okˇ bhɛ̄n	平胸	derived	
初 2-4	อกแบน	ok baen	okˇ bhɛ̄n	平胸 (簡稱)	derived	
初 2-4	ท้อง	thong	tɔ̄ng~	肚子、懷孕	engine-auto	
初 2-4	ท้องเสีย	thong sia	tɔ̄ng~ sīaˊ	拉肚子	engine-auto	
初 2-4	ทำไมท้องเสีย	tham mai thong sia	tam mai tɔ̄ng~ sīaˊ	為什麼拉肚子？	engine-auto	
初 2-4	ไม่รู้ทำไมท้องเสีย	mai ruu tham mai thong sia	maiˋ rū~ tam mai tɔ̄ng~ sīaˊ	不知道為什麼拉肚子	engine-auto	
初 2-4	ท้องแล้ว	thong laew	tɔ̄ng~ lɛ̄u~	懷孕了	engine-auto	
初 2-4	ท้องกี่เดือนแล้ว	thong gii deuan laew	tɔ̄ng~ gīˇ dhɯ̄an lɛ̄u~	懷孕幾個月了？	engine-auto	
初 2-4	ท้องเจ็ดเดือนแล้ว	thong jet deuan laew	tɔ̄ng~ jetˇ dhɯ̄an lɛ̄u~	懷孕七個月了	engine-auto	
初 2-4	ผิว	phiu	piwˊ	皮膚	engine-auto	
初 2-4	ผิวขาวสวยมาก	phiu khao suai mak	piwˊ kāuˊ sūayˊ mākˋ	皮膚白皙，非常漂亮	engine-auto	
初 2-4	แต่ผิวคำ	tae phiu kham	dɛ̄ˇ piwˊ kam	但皮膚黑	engine-auto	
初 2-4	ก็น่ารัก	ko na rak	gɔ̄ˋ nāˋ rak~	也可愛	engine-auto	
初 2-4	ผิวขาวสวยมาก แต่ผิวคำ ก็น่ารัก	phiu khao suai mak tae phiu kham ko na rak	piwˊ kāuˊ sūayˊ mākˋ dɛ̄ˇ piwˊ kam gɔ̄ˋ nāˋ rak~	皮膚白皙很美，但皮膚黑也可愛	engine-auto	
初 2-4	หลัง	lang	langˊ	背、後面	engine-auto	
初 2-4	หลังแข็ง	lang khaeng	langˊ kɛngˊ	背部僵硬	engine-auto	
初 2-4	นั่งนาน	nang nan	nangˋ nān	坐很久	engine-auto	
初 2-4	นั่งนานหลังแข็ง	nang nan lang khaeng	nangˋ nān langˊ kɛngˊ	坐很久，背部僵硬	engine-auto	
初 2-4	หลังบ้าน	lang baan	langˊ bhānˋ	房子後面	engine-auto	
初 2-4	หลังรถ	lang rot	langˊ rot~	車子後面	engine-auto	
初 2-4	ของอยู่หลังรถ	khong yuu lang rot	kɔ̄ngˊ yūˋ langˊ rot~	東西在車子後面	engine-auto	
初 2-4	มือ	mue	mɯ̄	手	engine-auto	
初 2-4	มือถือ	mue thue	mɯ̄ tɯ̄ˊ	手機	engine-auto	
初 2-4	มือถือคุณ	mue thue khun	mɯ̄ tɯ̄ˊ kun	你的手機	engine-auto	
初 2-4	มือถือคุณเบอร์อะไร	mue thue khun ber arai	mɯ̄ tɯ̄ˊ kun bhə̄ aˇ rai	你的手機號碼是幾號？	engine-auto	
初 2-4	มือถือฉันเบอร์...	mue thue chan ber ...	mɯ̄ tɯ̄ˊ chanˊ bhə̄...	我的手機號碼是...	engine-auto	
初 2-4	ศูนย์เก้าสามสองหนึ่งสี่เจ็ดแปดหกห้า	sun kao sam song neung si jed paet hok ha	sūnˊ gāuˋ sāmˊ sɔ̄ngˊ nɯngˇ sīˇ jetˇ bɛ̄tˇ hokˇ hāˋ	0932-147-865	engine-auto	
初 2-4	มือสอง	mue song	mɯ̄ sɔ̄ngˊ	二手	engine-auto	
初 2-4	รถมือสอง	rot mue song	rot~ mɯ̄ sɔ̄ngˊ	二手車	engine-auto	
初 2-4	มือถือมือสอง	mue thue mue song	mɯ̄ tɯ̄ˊ mɯ̄ sɔ̄ngˊ	二手手機	engine-auto	
初 2-4	บ้านมือสอง	baan mue song	bhānˋ mɯ̄ sɔ̄ngˊ	二手房	engine-auto	
初 2-4	แขน	khaen	kɛ̄nˊ	手臂	engine-auto	
初 2-4	แขนยาว	khaen yao	kɛ̄nˊ yāu	長袖	engine-auto	
初 2-4	แขนสั้น	khaen san	kɛ̄nˊ sanˋ	短袖	engine-auto	
初 2-4	ร้อนมาก	ron mak	rɔ̄n~ mākˋ	很熱	engine-auto	
初 2-4	ไม่อยากใส่แขนยาว	mai yaak sai khaen yao	maiˋ yākˋ saiˇ kɛ̄nˊ yāu	不想穿長袖	engine-auto	
初 2-4	ขา	kha	kāˊ	腿、褲管	engine-auto	
初 2-4	ขายาว	kha yao	kāˊ yāu	長褲	engine-auto	
初 2-4	ขาสั้น	kha san	kāˊ sanˋ	短褲	engine-auto	
初 2-4	ใส่ขาสั้น	sai kha san	saiˇ kāˊ sanˋ	穿短褲	engine-auto	
初 2-4	ไปเที่ยวทะเล	pai thiao tha lay	bai tīauˋ ta~ lē	去海邊玩	engine-auto	
初 2-4	เท้า	thao	tāu~	腳 (足部)	engine-auto	
初 2-4	รองเท้า	rong thao	rɔ̄ng tāu~	鞋子	engine-auto	
初 2-4	คนไทยชอบมาไต้หวัน	khon thai chop maa taiwan	kon tai chɔ̄pˋ mā daiˋ wanˊ	泰國人喜歡來台灣	engine-auto	
初 2-4	ซื้อรองเท้า	seu rong thao	sɯ̄~ rɔ̄ng tāu~	買鞋子	engine-auto	
初 2-4	มาไต้หวันซื้อรองเท้า	maa taiwan seu rong thao	mā daiˋ wanˊ sɯ̄~ rɔ̄ng tāu~	來台灣買鞋子	engine-auto	
初 2-4	หัวใจ	hua jai	hūaˊ jai	心臟、心	engine-auto	
初 2-4	หัวใจของคุณ	hua jai khong khun	hūaˊ jai kɔ̄ngˊ kun	你的心	engine-auto	
初 2-4	ใจคุณ	jai khun	jai kun	你的心 (口語)	engine-auto	
初 2-4	ใจคุณมีฉันไหม	jai khun mii chan mai	jai kun mī chanˊ maiˊ	你的心裡有我嗎？	engine-auto	
初 2-4	มีฉันหรือเปล่า	mii chan reu plao	mī chanˊ rɯ̄ˊ blāuˇ	有沒有我？	engine-auto	
初 2-4	หัวใจของคุณมีฉันหรือเปล่า	hua jai khong khun mii chan reu plao	hūaˊ jai kɔ̄ngˊ kun mī chanˊ rɯ̄ˊ blāuˇ	你的心裡有沒有我？	engine-auto	
初 2-4	มีไหมคะ	mii mai kha	mī maiˊ ka~	有嗎？ (疑問句)	engine-auto	
初 2-4	มีหรือเปล่า	mii reu plao	mī rɯ̄ˊ blāuˇ	有沒有？	engine-auto	
初 2-4	อะไร	arai	aˇ rai	什麼？/ 什麼事？	engine-auto	
初 2-4	อะไรคะ	arai kha	aˇ rai ka~	什麼事呢？ (客氣用法)	engine-auto	
初 2-4	ให้	hai	haiˋ	給	engine-auto	
初 2-4	ให้เงิน	hai ngern	haiˋ ngə̄n	給錢	engine-auto	
初 2-4	กินให้อิ่ม	gin hai im	gin haiˋ imˇ	吃飽	engine-auto	
初 2-4	กินให้อิ่ม ไม่ต้องเกรงใจ	gin hai im mai tong kreng jai	gin haiˋ imˇ maiˋ dɔ̄ngˋ grēng jai	吃飽，不用客氣	engine-auto	
初 2-4	นอนให้พอ	non hai pho	nɔ̄n haiˋ pɔ̄	睡夠	engine-auto	
初 2-4	เรียนให้เก่ง	rian hai geng	rīan haiˋ gēngˇ	好好學習	engine-auto	
初 2-4	ต้องเรียนให้เก่ง	tong rian hai geng	dɔ̄ngˋ rīan haiˋ gēngˇ	要好好學習	engine-auto	
初 2-4	นั่งให้สบาย	nang hai sabai	nangˋ haiˋ saˇ bhāi	坐得舒服點	engine-auto	
初 2-4	เที่ยวให้สนุก	thiao hai sa-nuk	tīauˋ haiˋ saˇ nuk~	玩得開心	engine-auto	
初 2-4	สนุก	sa-nuk	saˇ nuk~	好玩、開心	engine-auto	
初 2-4	ทำให้	tham hai	tam haiˋ	使得、令人、讓	engine-auto	
初 2-4	คุณทำให้ฉันเจ็บ	khun tham hai chan jeb	kun tam haiˋ chanˊ jepˇ	你讓我痛	engine-auto	
初 2-4	คุณทำให้ฉันปวดหัว	khun tham hai chan puat hua	kun tam haiˋ chanˊ būatˇ hūaˊ	你讓我頭痛	engine-auto	
初 2-4	เขาทำให้ฉันปวดหัว	khao tham hai chan puat hua	kāuˊ tam haiˋ chanˊ būatˇ hūaˊ	他讓我頭痛	engine-auto	
初 2-4	ทำให้พ่อแม่ไม่สบายใจ	tham hai phor mae mai sabai jai	tam haiˋ pɔ̄ˋ mɛ̄ˋ maiˋ saˇ bhāi jai	讓爸媽不舒心 (擔心)	engine-auto	
初 2-4	ไม่สบายใจ	mai sabai jai	maiˋ saˇ bhāi jai	不舒心、擔心	engine-auto	
初 2-4	ขอ	kho	kɔ̄ˊ	請、要	engine-auto	
初 2-4	ขอเมนู	kho menu	kɔ̄ˊ mē nū	要菜單	engine-auto	
初 2-4	ขอไลน์	kho line	kɔ̄ˊ lai	要Line	engine-auto	
初 2-4	ขอเบอร์โทร	kho ber thoo	kɔ̄ˊ bhə̄ tō	要電話號碼	engine-auto	
初 2-4	ขอให้	kho hai	kɔ̄ˊ haiˋ	祝、祝福	engine-auto	
初 2-4	ขอให้โชคดี	kho hai chok dii	kɔ̄ˊ haiˋ chō ka~ dhī	祝你好運	derived	
初 2-4	ขอให้มีแฟนสวยๆ	kho hai mii faen suai suai	kɔ̄ˊ haiˋ mī fɛ̄n sūayˊ sūayˊ	祝你有漂亮的女朋友	engine-auto	
初 2-4	ขอให้มีแฟนหล่อๆ	kho hai mii faen lor lor	kɔ̄ˊ haiˋ mī fɛ̄n lɔ̄ˇ lɔ̄ˇ	祝你有帥氣的男朋友	engine-auto	
初 2-4	หล่อ	lor	lɔ̄ˇ	帥	engine-auto	
初 2-4	เขาหล่อมาก	khao lor mak	kāuˊ lɔ̄ˇ mākˋ	他很帥	engine-auto	
初 2-4	สวยมาก	suai mak	sūayˊ mākˋ	很漂亮	engine-auto	
初 2-4	ขอให้มีเงินเยอะๆ	kho hai mii ngern yuh yuh	kɔ̄ˊ haiˋ mī ngə̄n yə~ yə~	祝你有很多很多的錢	engine-auto	
初 2-4	เยอะ	yuh	yə~	多 (口語)	engine-auto	
初 2-4	กินเยอะ	gin yuh	gin yə~	吃很多	engine-auto	
初 2-4	นอนเยอะ	non yuh	nɔ̄n yə~	睡很多	engine-auto	
初 2-4	ความสุข	khwam suk	kwām sukˇ	快樂、幸福 (名詞)	engine-auto	
初 2-4	สุข	suk	sukˇ	快樂 (形容詞)	engine-auto	
初 2-4	ขอให้มีความสุขมากๆ	kho hai mii khwam suk mak mak	kɔ̄ˊ haiˋ mī kwām sukˇ mākˋ mākˋ	祝你非常快樂	engine-auto	
初 2-4	ขอให้สุขกายสบายใจ	kho hai suk kai sabai jai	kɔ̄ˊ haiˋ sukˇ gāi saˇ bhāi jai	祝你身心愉快	engine-auto	
初 2-4	กาย	kai	gāi	身體 (文言)	engine-auto	
初 2-4	สบายใจ	sabai jai	saˇ bhāi jai	心情愉快、舒心	engine-auto	
初 2-4	ขอให้สุขภาพแข็งแรง	kho hai suk phap khaeng raeng	kɔ̄ˊ haiˋ sukˇ pāpˋ kɛngˊ rɛ̄ng	祝你身體健康	engine-auto	
初 2-4	สุขภาพ	suk phap	sukˇ pāpˋ	健康、身體	book-exact	(book-exact已用引擎重新驗證)
初 2-4	แข็งแรง	khaeng raeng	kɛngˊ rɛ̄ng	健康、強壯	engine-auto	
初 2-4	หา	haa	hāˊ	找	engine-auto	
初 2-4	หาอะไร	haa arai	hāˊ aˇ rai	找什麼?	engine-auto	
初 2-4	เขาหาอะไร	khao haa arai	kāuˊ hāˊ aˇ rai	他找什麼?	engine-auto	
初 2-4	มาหาใคร	maa haa khrai	mā hāˊ krai	來找誰?	engine-auto	
初 2-4	คุณมาหาใคร	khun maa haa khrai	kun mā hāˊ krai	你來找誰?	engine-auto	
初 2-4	ฉันมาหาคุณ	chan maa haa khun	chanˊ mā hāˊ kun	我來找你	engine-auto	
初 2-4	หาเพื่อนคนไทย	haa phuean khon thai	hāˊ pɯ̄anˋ kon tai	找泰國朋友	engine-auto	
初 2-4	หาไม่เจอ	haa mai jer	hāˊ maiˋ jə̄	找不到	engine-auto	
初 2-4	เจอ	jer	jə̄	遇到、見面	engine-auto	
初 2-4	แล้วเจอกันนะ	laew jer kan na	lɛ̄u~ jə̄ gan na~	待會見喔	engine-auto	
初 2-4	เดี๋ยวเจอกันนะ	diao jer kan na	dhīauˊ jə̄ gan na~	等一下見喔	engine-auto	
初 2-4	หามือถือไม่เจอ	haa mue thue mai jer	hāˊ mɯ̄ tɯ̄ˊ maiˋ jə̄	找不到手機	engine-auto	
初 2-4	ไปหาหมอ	pai haa mor	bai hāˊ mɔ̄ˊ	去看醫生	engine-auto	
初 2-4	ไปหาหมอฟัน	pai haa mor fan	bai hāˊ mɔ̄ˊ fan	去看牙醫	engine-auto	
初 2-4	หมอดู	mor duu	mɔ̄ˊ dhū	算命師	engine-auto	
初 2-4	ดู	duu	dhū	看	engine-auto	
初 2-4	ดูทีวี	duu tii wii	dhū tī wī	看電視	engine-auto	
初 2-4	ไปหาหมอดู	pai haa mor duu	bai hāˊ mɔ̄ˊ dhū	去找算命師	engine-auto	
初 2-4	โชคไม่ดี	chok mai dii	chōkˋ maiˋ dhī	運氣不好	engine-auto	
初 2-4	โทร	thoo	tō	打電話	engine-auto	
初 2-4	โทรไปจอง	thoo pai jong	tō bai jɔ̄ng	打電話去預約/訂	engine-auto	
初 2-4	จอง	jong	jɔ̄ng	訂、預約	engine-auto	
初 2-4	หมอนวด	mor nuat	mɔ̄ˊ nūatˋ	按摩師	engine-auto	
初 2-4	โทรไปจองหมอนวด	thoo pai jong mor nuat	tō bai jɔ̄ng mɔ̄ˊ nūatˋ	打電話去預約按摩師	engine-auto	
初 2-4	ยินดี	yin dii	yin dhī	高興	engine-auto	
初 2-4	ยินดีด้วย	yin dii duay	yin dhī dhūayˋ	恭喜	engine-auto	
初 2-4	ยินดีด้วย ยินดีด้วย	yin dii duay yin dii duay	yin dhī dhūayˋ yin dhī dhūayˋ	恭喜恭喜	engine-auto	
初 2-4	ยินดีต้อนรับ	yin dii ton rap	yin dhī dɔ̄nˋ rap~	歡迎光臨	engine-auto	
初 2-4	ต้อนรับ	ton rap	dɔ̄nˋ rap~	接待、歡迎	engine-auto	
初 2-4	ยินดีที่ได้รู้จัก	yin dii thii dai ruu jak	yin dhī tīˋ dhaiˋ rū~ jakˇ	很高興認識你	engine-auto	
初 2-4	รู้จัก	ruu jak	rū~ jakˇ	認識	engine-auto	
初 2-4	วันนี้วันเกิดใคร	wan nii wan koet khrai	wan nī~ wan gə̄tˇ krai	今天是誰的生日?	engine-auto	
初 2-4	วันเกิด	wan koet	wan gə̄tˇ	生日	engine-auto	
初 2-4	เกิด	koet	gə̄tˇ	出生	engine-auto	
初 2-4	คุณเกิดวันที่เท่าไหร่	khun koet wan thii thao rai	kun gə̄tˇ wan tīˋ tāuˋ raiˇ	你是幾號出生的?	engine-auto	
初 2-4	คุณเกิดเดือนไหน	khun koet duean nai	kun gə̄tˇ dhɯ̄an naiˊ	你是哪個月份出生的?	engine-auto	
初 2-4	สุขสันต์วันเกิด	suk san wan koet	sukˇ sanˊ wan gə̄tˇ	生日快樂	engine-auto	
初 2-4	แฮปปี้เบิร์ธเดย์ (Happy Birthday)	haep pi boet de	hɛ̄pˋ bīˋ bhə̄tˇ dhē (Happy Birthday)	生日快樂 (英文音譯)	engine-auto	
初 2-4	เป็นห่วง	pen huang	ben hūangˇ	擔心	derived	
初 2-4	ผมเป็นห่วงคุณนะ	phom pen huang khun na	pomˊ ben hūangˇ kun na~	我很擔心你喔	derived	
初 2-4	ทำหน้า	tham naa	tam nāˋ	做臉	engine-auto	
初 2-4	ปวดใจ	puat jai	būatˇ jai	心痛	engine-auto	
初 2-4	เจ็บใจ	jeb jai	jepˇ jai	心痛 (帶有生氣)	engine-auto	
初 2-4	เจ็บหัวใจ	jeb hua jai	jepˇ hūaˊ jai	心痛 (生理)	engine-auto	
初 2-4	ยินดีต้อนรับสู่เมืองไทย	yin dii ton rap suu mueang thai	yin dhī dɔ̄nˋ rap~ sūˇ mɯ̄ang tai	歡迎來到泰國	engine-auto	
初 2-4	สู่	suu	sūˇ	到、往 (to)	engine-auto	
初 2-4	ยินดีต้อนรับสู่ไต้หวัน	yin dii ton rap suu taiwan	yin dhī dɔ̄nˋ rap~ sūˇ daiˋ wanˊ	歡迎來到台灣	engine-auto	
初 2-4	มีอีกไหมคะ	mii ik mai kha	mī īkˇ maiˊ ka~	還有嗎?	engine-auto	
初 2-4	อีก	ik	īkˇ	還、再	engine-auto	
初 2-4	ถ้าไม่มีแล้ว	tha mai mii laew	tāˋ maiˋ mī lɛ̄u~	如果沒有了	engine-auto	
初 2-5	เพราะว่า	prowa	prɔ~ wāˋ	因為	engine-auto	
初 2-5	ก็เลย	gloeey	gɔ̄ˋ lə̄i	所以	engine-auto	
初 2-5	ปวดหัว	puat hua	būatˇ hūaˊ	頭痛	engine-auto	
初 2-5	เพราะว่าปวดหัว	prowa puat hua	prɔ~ wāˋ būatˇ hūaˊ	因為頭痛	engine-auto	
初 2-5	ก็เลยไปซื้อยา	gloeey bpai sue ya	gɔ̄ˋ lə̄i bai sɯ̄~ yā	所以去買藥	engine-auto	
初 2-5	เพราะว่าปวดหัว ก็เลยไปซื้อยา	prowa puat hua gloeey bpai sue ya	prɔ~ wāˋ būatˇ hūaˊ gɔ̄ˋ lə̄i bai sɯ̄~ yā	因為頭痛，所以去買藥	engine-auto	
初 2-5	เพราะว่าชอบเมืองไทย	prowa chop muang thai	prɔ~ wāˋ chɔ̄pˋ mɯ̄ang tai	因為喜歡泰國	engine-auto	
初 2-5	ก็เลยมาเรียนภาษาไทย	gloeey maa rian pasa thai	gɔ̄ˋ lə̄i mā rīan pā sāˊ tai	所以來學泰文	engine-auto	
初 2-5	เพราะว่าชอบคนไทย	prowa chop khon thai	prɔ~ wāˋ chɔ̄pˋ kon tai	因為喜歡泰國人	engine-auto	
初 2-5	ก็เลยมาเรียนภาษาไทย	gloeey maa rian pasa thai	gɔ̄ˋ lə̄i mā rīan pā sāˊ tai	所以來學泰文	engine-auto	
初 2-5	มีโควิด-19	mee covid	mī kō wit~-19	有 Covid-19	engine-auto	
初 2-5	โควิด-19	covid	kō wit~-19	Covid-19	engine-auto	
初 2-5	เพราะว่ามีโควิด-19	prowa mee covid	prɔ~ wāˋ mī kō wit~-19	因為有 Covid-19	engine-auto	
初 2-5	ก็เลยต้องล้างมือบ่อย ๆ	gloeey tong lang mue boi boi	gɔ̄ˋ lə̄i dɔ̄ngˋ lāng~ mɯ̄ bhɔ̄iˇ bhɔ̄iˇ	所以要常常洗手	engine-auto	
初 2-5	ทำ	tham	tam	做	engine-auto	
初 2-5	ตา 2 ชั้น	dta 2 chan	dā 2 chan~	雙眼皮	engine-auto	
初 2-5	ทำตา 2 ชั้น	tham dta 2 chan	tam dā 2 chan~	做雙眼皮	engine-auto	
初 2-5	เขาทำตา 2 ชั้น	kao tham dta 2 chan	kāuˊ tam dā 2 chan~	他/她做雙眼皮	engine-auto	
初 2-5	จำไม่ได้	jam mai dai	jam maiˋ dhaiˋ	記不得	engine-auto	
初 2-5	ก็เลยจำไม่ได้	gloeey jam mai dai	gɔ̄ˋ lə̄i jam maiˋ dhaiˋ	所以記不得了	engine-auto	
初 2-5	เพื่อนก็เลยจำไม่ได้	pheuan gloeey jam mai dai	pɯ̄anˋ gɔ̄ˋ lə̄i jam maiˋ dhaiˋ	朋友所以記不得了	engine-auto	
初 2-5	ตัด	dtat	datˇ	剪、切	engine-auto	
初 2-5	ตัดผม	dtat pom	datˇ pomˊ	剪頭髮	engine-auto	
初 2-5	เพราะว่าผมยาว ก็เลยไปตัดผม	prowa pom yaao gloeey bpai dtat pom	prɔ~ wāˋ pomˊ yāu gɔ̄ˋ lə̄i bai datˇ pomˊ	因為頭髮長，所以去剪頭髮	engine-auto	
初 2-5	ตัดเล็บ	dtat lep	datˇ lep~	剪指甲	engine-auto	
初 2-5	ตัดแว่น	dtat waen	datˇ wɛ̄nˋ	配眼鏡	engine-auto	
初 2-5	ตัดเสื้อ	dtat seua	datˇ sɯ̄aˋ	訂做衣服	engine-auto	
初 2-5	ตัดใจ	dtat jai	datˇ jai	死心、放下	engine-auto	
初 2-5	ทำไมต้องตัดใจ	tammai tong dtat jai	tam mai dɔ̄ngˋ datˇ jai	為什麼要死心？	engine-auto	
初 2-5	รักเขา แต่เขาไม่รักเรา	rak kao dtae kao mai rak rao	rak~ kāuˊ dɛ̄ˇ kāuˊ maiˋ rak~ rāu	愛他，但他不愛我	engine-auto	
初 2-5	ก็เลยต้องตัดใจ	gloeey tong dtat jai	gɔ̄ˋ lə̄i dɔ̄ngˋ datˇ jai	所以得死心	engine-auto	
初 2-5	แว่นอันนี้	waen an ni	wɛ̄nˋ an nī~	這副眼鏡	engine-auto	
初 2-5	ดูดี	du dee	dhū dhī	好看	engine-auto	
初 2-5	แว่นอันนี้ดูดี	waen an ni du dee	wɛ̄nˋ an nī~ dhū dhī	這副眼鏡很好看	engine-auto	
初 2-5	คุณตัดแว่นที่ไหน	khun dtat waen ti nai	kun datˇ wɛ̄nˋ tīˋ naiˊ	你在哪裡配眼鏡？	engine-auto	
初 2-5	เธอต้องตัดใจ	thoe tong dtat jai	tə̄ dɔ̄ngˋ datˇ jai	你要死心	engine-auto	
初 2-5	ถ้าเขาไม่รักคุณ	tha kao mai rak khun	tāˋ kāuˊ maiˋ rak~ kun	如果他不愛你	engine-auto	
初 2-5	เธอก็ตัดใจ	thoe go dtat jai	tə̄ gɔ̄ˋ datˇ jai	你就死心	engine-auto	
初 2-5	เธอก็ต้องตัดใจป่ะ	thoe go tong dtat jai pa	tə̄ gɔ̄ˋ dɔ̄ngˋ datˇ jai baˇ	你就得死心啊	engine-auto	
初 2-5	ถ้าเขาไม่รักเธอ เธอก็ต้องตัดใจป่ะ	tha kao mai rak thoe thoe go tong dtat jai pa	tāˋ kāuˊ maiˋ rak~ tə̄ tə̄ gɔ̄ˋ dɔ̄ngˋ datˇ jai baˇ	如果他不愛你，你就得死心啊	engine-auto	
初 2-5	ล้าง	lang	lāng~	洗	engine-auto	
初 2-5	พ่อล้างรถ	por lang rot	pɔ̄ˋ lāng~ rot~	爸爸洗車	engine-auto	
初 2-5	แม่ล้างผัก	mae lang phak	mɛ̄ˋ lāng~ pakˇ	媽媽洗菜	engine-auto	
初 2-5	ล้างจาน	lang jaan	lāng~ jān	洗碗	engine-auto	
初 2-5	น้องชายล้างจาน	nong chai lang jaan	nɔ̄ng~ chāi lāng~ jān	弟弟洗碗	engine-auto	
初 2-5	น้องสาวล้างห้องน้ำ	nong sao lang hong nam	nɔ̄ng~ sāuˊ lāng~ hɔ̄ngˋ nām~	妹妹洗廁所	engine-auto	
初 2-5	ไม่ต้องล้างอะไร	mai tong lang a-rai	maiˋ dɔ̄ngˋ lāng~ aˇ rai	不用洗任何東西	engine-auto	
初 2-5	นวด	nuat	nūatˋ	按摩	engine-auto	
初 2-5	นวดไทย	nuat thai	nūatˋ tai	泰式按摩	engine-auto	
初 2-5	ชอบนวดไทยไหมคะ	chop nuat thai mai ka	chɔ̄pˋ nūatˋ tai maiˊ ka~	喜歡泰式按摩嗎？	engine-auto	
初 2-5	นวดเท้า	nuat thao	nūatˋ tāu~	腳底按摩	engine-auto	
初 2-5	นวดน้ำมัน	nuat nam man	nūatˋ nām~ man	油壓	engine-auto	
初 2-5	นวดตัว	nuat tua	nūatˋ dūa	身體按摩	engine-auto	
初 2-5	นวดหลัง	nuat lang	nūatˋ langˊ	背部按摩	engine-auto	
初 2-5	ไหล่	lai	laiˇ	肩膀	engine-auto	
初 2-5	นวดไหล่	nuat lai	nūatˋ laiˇ	肩膀按摩	engine-auto	
初 2-5	ร้านนวด	ran nuat	rān~ nūatˋ	按摩店	engine-auto	
初 2-5	ไปร้านนวด	bpai ran nuat	bai rān~ nūatˋ	去按摩店	engine-auto	
初 2-5	คุณอยากนวดอะไร	khun yaak nuat a-rai	kun yākˋ nūatˋ aˇ rai	你想按什麼？	engine-auto	
初 2-5	คุณอยากนวดกี่ชั่วโมง	khun yaak nuat gii chua mong	kun yākˋ nūatˋ gīˇ chūaˋ mōng	你想按幾個小時？	engine-auto	
初 2-5	ฉันอยากนวด 3 ชั่วโมง	chan yaak nuat saam chua mong	chanˊ yākˋ nūatˋ 3 chūaˋ mōng	我想按三個小時	engine-auto	
初 2-5	ปวด	puat	būatˇ	痠痛	engine-auto	
初 2-5	ฟัน	fan	fan	牙齒	engine-auto	
初 2-5	ปวดฟัน	puat fan	būatˇ fan	牙齒痛	engine-auto	
初 2-5	ทำไมปวดฟัน	tammai puat fan	tam mai būatˇ fan	為什麼牙齒痛？	engine-auto	
初 2-5	ปวดตา	puat dta	būatˇ dā	眼睛痠	engine-auto	
初 2-5	เจ็บตา	jep dta	jepˇ dā	眼睛痛 (受傷)	engine-auto	
初 2-5	ปวดหัว	puat hua	būatˇ hūaˊ	頭痛 (內部不適)	engine-auto	
初 2-5	เจ็บหัว	jep hua	jepˇ hūaˊ	頭痛 (被撞到)	engine-auto	
初 2-5	รู้แล้ว	ru laew	rū~ lɛ̄u~	知道了	engine-auto	
初 2-5	ไม่รู้ทำไมปวดตา	mai ru tammai puat dta	maiˋ rū~ tam mai būatˇ dā	不知道為什麼眼睛痠	engine-auto	
初 2-5	เจ็บ	jep	jepˇ	痛 (較表面的、受傷的痛)	engine-auto	
初 2-5	เจ็บขา	jep kha	jepˇ kāˊ	腳痛	engine-auto	
初 2-5	เจ็บคอ	jep khor	jepˇ kɔ̄	喉嚨痛	engine-auto	
初 2-5	ทำไมเจ็บคออย่างนี้	tammai jep khor yang nii	tam mai jepˇ kɔ̄ yāngˋ nī~	為什麼喉嚨這麼痛？	engine-auto	
初 2-5	เพราะว่ากินของทอดเยอะ	prowa gin khong thot yer	prɔ~ wāˋ gin kɔ̄ngˊ tɔ̄tˋ yə~	因為吃很多炸物	engine-auto	
初 2-5	เยอะ	yer	yə~	多	engine-auto	
初 2-5	ขอให้มีเงินเยอะ ๆ	kho hai mee ngern yer yer	kɔ̄ˊ haiˋ mī ngə̄n yə~ yə~	祝你有很多錢	engine-auto	
初 2-5	ก็เลยเจ็บคอ	gloeey jep khor	gɔ̄ˋ lə̄i jepˇ kɔ̄	所以喉嚨痛	engine-auto	
初 2-5	เมื่อย	muey	mɯ̄aiˋ	痠 (肌肉疲勞的痠)	engine-auto	
初 2-5	เมื่อยขา	muey kha	mɯ̄aiˋ kāˊ	腳痠	engine-auto	
初 2-5	เดินเยอะ	dern yer	dhə̄n yə~	走很多路	engine-auto	
初 2-5	ก็เลยเมื่อยขา	gloeey muey kha	gɔ̄ˋ lə̄i mɯ̄aiˋ kāˊ	所以腳痠	engine-auto	
初 2-5	เดินเยอะ ก็เลยเมื่อยขา	dern yer gloeey muey kha	dhə̄n yə~ gɔ̄ˋ lə̄i mɯ̄aiˋ kāˊ	走很多路，所以腳痠	engine-auto	
初 2-5	เขียนเยอะ	khian yer	kīanˊ yə~	寫很多	engine-auto	
初 2-5	เมื่อยมือ	muey mue	mɯ̄aiˋ mɯ̄	手痠	engine-auto	
初 2-5	ก็เลยเมื่อยมือ	gloeey muey mue	gɔ̄ˋ lə̄i mɯ̄aiˋ mɯ̄	所以手痠	engine-auto	
初 2-5	นั่งนาน	nang naan	nangˋ nān	坐很久	engine-auto	
初 2-5	เมื่อยหลัง	muey lang	mɯ̄aiˋ langˊ	背痠	engine-auto	
初 2-5	ก็เลยเมื่อยหลัง	gloeey muey lang	gɔ̄ˋ lə̄i mɯ̄aiˋ langˊ	所以背痠	engine-auto	
初 2-5	ถ้าเมื่อยก็ไปนวด	tha muey go bpai nuat	tāˋ mɯ̄aiˋ gɔ̄ˋ bai nūatˋ	如果痠就去按摩	engine-auto	
初 2-5	ให้	hai	haiˋ	給	engine-auto	
初 2-5	ซื้อโทรศัพท์มือถือให้แฟน	seu torasap mue thue hai faen	sɯ̄~ tō ra~ sapˇ mɯ̄ tɯ̄ˊ haiˋ fɛ̄n	買手機給男/女朋友	engine-auto	
初 2-5	วันเกิดของเขา	wan geurt khong kao	wan gə̄tˇ kɔ̄ngˊ kāuˊ	他的生日	engine-auto	
初 2-5	ซื้อรถให้เมีย	seu rot hai mia	sɯ̄~ rot~ haiˋ mīa	買車給老婆	engine-auto	
初 2-5	เอาเงินให้แม่	ao ngern hai mae	au ngə̄n haiˋ mɛ̄ˋ	拿錢給媽媽	engine-auto	
初 2-5	เอาข้าวให้ลูกกิน	ao khao hai luk gin	au kāuˋ haiˋ lūkˋ gin	拿飯給孩子吃	engine-auto	
初 2-5	นั่งให้สบาย	nang hai sabai	nangˋ haiˋ saˇ bhāi	坐得舒服	engine-auto	
初 2-5	เที่ยวให้สนุก	tiao hai sanuk	tīauˋ haiˋ saˇ nuk~	玩得開心	engine-auto	
初 2-5	กินให้อิ่ม	gin hai im	gin haiˋ imˇ	吃飽	engine-auto	
初 2-5	ไม่ต้องเกรงใจ	mai tong kreng jai	maiˋ dɔ̄ngˋ grēng jai	不用客氣	engine-auto	
初 2-5	กินให้อิ่ม ไม่ต้องเกรงใจ	gin hai im mai tong kreng jai	gin haiˋ imˇ maiˋ dɔ̄ngˋ grēng jai	吃飽，不用客氣	engine-auto	
初 2-5	ทำให้	tham hai	tam haiˋ	使、讓	engine-auto	
初 2-5	เขาทำให้ผมปวดหัว	kao tham hai pom puat hua	kāuˊ tam haiˋ pomˊ būatˇ hūaˊ	他讓我頭痛	engine-auto	
初 2-5	เขาทำให้ฉันปวดหัว	kao tham hai chan puat hua	kāuˊ tam haiˋ chanˊ būatˇ hūaˊ	他/她讓我頭痛	engine-auto	
初 2-5	กินผัก	gin phak	gin pakˇ	吃菜	engine-auto	
初 2-5	แข็งแรง	khaeng raeng	kɛngˊ rɛ̄ng	健康、強壯	engine-auto	
初 2-5	ขอให้สุขภาพแข็งแรง	kho hai suk kapap khaeng raeng	kɔ̄ˊ haiˋ sukˇ pāpˋ kɛngˊ rɛ̄ng	祝你身體健康	engine-auto	
初 2-5	กินผักทำให้แข็งแรง	gin phak tham hai khaeng raeng	gin pakˇ tam haiˋ kɛngˊ rɛ̄ng	吃菜讓人健康	engine-auto	
初 2-5	เขาไม่ค่อยแข็งแรง	kao mai khoi khaeng raeng	kāuˊ maiˋ kɔ̄iˋ kɛngˊ rɛ̄ng	他/她不太健康	engine-auto	
初 2-5	เขาแข็งแรงมาก ๆ	kao khaeng raeng mak mak	kāuˊ kɛngˊ rɛ̄ng mākˋ mākˋ	他/她非常強壯	engine-auto	
初 2-5	ขอให้	kho hai	kɔ̄ˊ haiˋ	祝	engine-auto	
初 2-5	สุขสันต์วันเกิด	suk san wan geurt	sukˇ sanˊ wan gə̄tˇ	生日快樂	engine-auto	
初 2-5	ขอให้มีเงินเยอะ ๆ	kho hai mee ngern yer yer	kɔ̄ˊ haiˋ mī ngə̄n yə~ yə~	祝你有很多錢	engine-auto	
初 2-5	ขอให้มีความสุขมาก ๆ	kho hai mee khwam suk mak mak	kɔ̄ˊ haiˋ mī kwām sukˇ mākˋ mākˋ	祝你非常快樂	engine-auto	
初 2-5	สุขสันต์วันเกิด ขอให้มีความสุขมาก ๆ	suk san wan geurt kho hai mee khwam suk mak mak	sukˇ sanˊ wan gə̄tˇ kɔ̄ˊ haiˋ mī kwām sukˇ mākˋ mākˋ	生日快樂，祝你非常快樂	engine-auto	
初 2-5	ขอให้สุขกายสบายใจ	kho hai suk gai sabai jai	kɔ̄ˊ haiˋ sukˇ gāi saˇ bhāi jai	祝你身心愉快	engine-auto	
初 2-5	สุขสันต์วันเกิด ขอให้สุขภาพแข็งแรง	suk san wan geurt kho hai suk kapap khaeng raeng	sukˇ sanˊ wan gə̄tˇ kɔ̄ˊ haiˋ sukˇ pāpˋ kɛngˊ rɛ̄ng	生日快樂，祝你身體健康	engine-auto	
初 2-5	ขอให้แข็งแรง	kho hai khaeng raeng	kɔ̄ˊ haiˋ kɛngˊ rɛ̄ng	祝你健康	engine-auto	
初 2-5	เกิด	geurt	gə̄tˇ	出生	engine-auto	
初 2-5	คุณเกิดวันที่เท่าไหร่	khun geurt wan thi tao rai	kun gə̄tˇ wan tīˋ tāuˋ raiˇ	你是幾號出生的？	engine-auto	
初 2-5	ฉันเกิดวันที่ 12	chan geurt wan thi sip song	chanˊ gə̄tˇ wan tīˋ 12	我是12號出生的	engine-auto	
初 2-5	ฉันเกิดวันที่ 21	chan geurt wan thi yee sip et	chanˊ gə̄tˇ wan tīˋ 21	我是21號出生的	engine-auto	
初 2-5	เดือนไหน	duan nai	dhɯ̄an naiˊ	幾月	engine-auto	
初 2-5	คุณเกิดเดือนไหน	khun geurt duan nai	kun gə̄tˇ dhɯ̄an naiˊ	你是幾月出生的？	engine-auto	
初 2-5	เดือน 3	duan saam	dhɯ̄an 3	三月	engine-auto	
初 2-5	ผมเกิดเดือน 3	pom geurt duan saam	pomˊ gə̄tˇ dhɯ̄an 3	我是三月出生的	engine-auto	
初 2-5	ฉันเกิดเดือน 12	chan geurt duan sip song	chanˊ gə̄tˇ dhɯ̄an 12	我是十二月出生的	engine-auto	
初 2-5	ปีไหน	pi nai	bī naiˊ	哪一年	engine-auto	
初 2-5	คุณเกิดปีไหน	khun geurt pi nai	kun gə̄tˇ bī naiˊ	你是哪一年出生的？	engine-auto	
初 2-5	ผมเกิดปี 1991	pom geurt pi 1991	pomˊ gə̄tˇ bī 1991	我是1991年出生的	engine-auto	
初 2-5	ฉันเกิดปีหมู	chan geurt pi muu	chanˊ gə̄tˇ bī mūˊ	我是豬年出生的	engine-auto	
初 2-5	ปีเสือ	pi seua	bī sɯ̄aˊ	虎年	engine-auto	
初 2-5	เสือ	seua	sɯ̄aˊ	老虎	engine-auto	
初 2-5	เกิดปีไก่	geurt pi gai	gə̄tˇ bī gaiˇ	雞年出生	engine-auto	
初 2-5	หา	ha	hāˊ	找	engine-auto	
初 2-5	เขาหาของ	kao ha khong	kāuˊ hāˊ kɔ̄ngˊ	他/她在找東西	engine-auto	
初 2-5	หาเจอ	ha jer	hāˊ jə̄	找到	engine-auto	
初 2-5	เขาหาเจอไหม	kao ha jer mai	kāuˊ hāˊ jə̄ maiˊ	他/她找到了嗎？	engine-auto	
初 2-5	หาเจอไหม	ha jer mai	hāˊ jə̄ maiˊ	找到了嗎？	engine-auto	
初 2-5	เขาหานานแล้ว	kao ha nan laew	kāuˊ hāˊ nān lɛ̄u~	他/她找很久了	engine-auto	
初 2-5	หาไม่เจอ	ha mai jer	hāˊ maiˋ jə̄	找不到	engine-auto	
初 2-5	แต่หาไม่เจอ	tae ha mai jer	dɛ̄ˇ hāˊ maiˋ jə̄	但是找不到	engine-auto	
初 2-5	เขาหานานแล้ว แต่หาไม่เจอ	kao ha nan laew tae ha mai jer	kāuˊ hāˊ nān lɛ̄u~ dɛ̄ˇ hāˊ maiˋ jə̄	他找很久了，但是找不到	engine-auto	
初 2-5	หาหมอ	ha mor	hāˊ mɔ̄ˊ	看醫生	engine-auto	
初 2-5	ปู่ไปหาหมอ	pu bpai ha mor	būˇ bai hāˊ mɔ̄ˊ	爺爺去看醫生	engine-auto	
初 2-5	เพราะว่าปู่ไม่สบาย	prowa pu mai sabai	prɔ~ wāˋ būˇ maiˋ saˇ bhāi	因為爺爺不舒服	engine-auto	
初 2-5	ก็เลยไปหาหมอ	gloeey bpai ha mor	gɔ̄ˋ lə̄i bai hāˊ mɔ̄ˊ	所以去看醫生	engine-auto	
初 2-5	เพราะว่าปู่ไม่สบาย ก็เลยไปหาหมอ	prowa pu mai sabai gloeey bpai ha mor	prɔ~ wāˋ būˇ maiˋ saˇ bhāi gɔ̄ˋ lə̄i bai hāˊ mɔ̄ˊ	因為爺爺不舒服，所以去看醫生	engine-auto	
初 2-5	ดู	du	dhū	看	engine-auto	
初 2-5	ดูมือถือ	du mue thue	dhū mɯ̄ tɯ̄ˊ	看手機	engine-auto	
初 2-5	ถ้าดูมือถือนาน	tha du mue thue nan	tāˋ dhū mɯ̄ tɯ̄ˊ nān	如果看手機很久	engine-auto	
初 2-5	ก็จะเมื่อยตา	go ja muey dta	gɔ̄ˋ jaˇ mɯ̄aiˋ dā	眼睛就會痠	engine-auto	
初 2-5	ดูทีวี	du tv	dhū tī wī	看電視	engine-auto	
初 2-5	ดูหมอ	du mor	dhū mɔ̄ˊ	算命	engine-auto	
初 2-5	ไปดูหมอ	bpai du mor	bai dhū mɔ̄ˊ	去算命	engine-auto	
初 2-5	โชคไม่ดี	chok mai dee	chōkˋ maiˋ dhī	運氣不好	engine-auto	
初 2-5	ก็เลยไปดูหมอ	gloeey bpai du mor	gɔ̄ˋ lə̄i bai dhū mɔ̄ˊ	所以去算命	engine-auto	
初 2-5	โชคไม่ดี ก็เลยไปดูหมอ	chok mai dee gloeey bpai du mor	chōkˋ maiˋ dhī gɔ̄ˋ lə̄i bai dhū mɔ̄ˊ	運氣不好，所以去算命	engine-auto	
初 2-5	หมอดู	mor du	mɔ̄ˊ dhū	算命師	engine-auto	
初 2-5	เก่งมาก	geng mak	gēngˇ mākˋ	很厲害	engine-auto	
初 2-5	หมอดูเก่งมาก	mor du geng mak	mɔ̄ˊ dhū gēngˇ mākˋ	算命師很厲害	engine-auto	
初 2-5	หมอดูคนนี้	mor du khon ni	mɔ̄ˊ dhū kon nī~	這位算命師	engine-auto	
初 2-5	หมอดูคนนี้เก่งมาก	mor du khon ni geng mak	mɔ̄ˊ dhū kon nī~ gēngˇ mākˋ	這位算命師很厲害	engine-auto	
初 2-5	โทร	tho	tō	打電話	engine-auto	
初 2-5	จอง	jong	jɔ̄ng	訂位、預約	engine-auto	
初 2-5	โทรไปจองร้านอาหาร	tho bpai jong ran a-han	tō bai jɔ̄ng rān~ ā hānˊ	打電話去訂餐廳	engine-auto	
初 2-5	ที่นั่ง	thi nang	tīˋ nangˋ	座位	engine-auto	
初 2-5	โทรไปจองที่นั่ง	tho bpai jong thi nang	tō bai jɔ̄ng tīˋ nangˋ	打電話去訂位	engine-auto	
初 2-5	โทรไปหาเพื่อน	tho bpai ha pheuan	tō bai hāˊ pɯ̄anˋ	打電話給朋友	engine-auto	
初 2-5	โทรมาทำไม	tho ma tam mai	tō mā tam mai	打來幹嘛？	engine-auto	
初 2-5	ยินดีต้อนรับ	yin dee ton rap	yin dhī dɔ̄nˋ rap~	歡迎光臨	engine-auto	
初 2-5	ยินดีที่ได้รู้จัก	yin dee thi dai ru jak	yin dhī tīˋ dhaiˋ rū~ jakˇ	很高興認識你	engine-auto	
初 2-5	สวัสดีค่ะ ฉันชื่อกุ้ง	sa wat dee kha chan chue gung	saˇ watˇ dhī kaˋ chanˊ chɯ̄ˋ gungˋ	你好，我叫Gung	derived	
初 2-5	ผมชื่อเบียร์	pom chue beer	pomˊ chɯ̄ˋ bhīa	我叫Beer	engine-auto	
初 2-5	ต่อ	to	dɔ̄ˇ	繼續	engine-auto	
初 2-5	บ้าน	ban	bhānˋ	家	engine-auto	
初 2-5	แม่บ้าน	mae ban	mɛ̄ˋ bhānˋ	家庭主婦	book-exact	(book-exact已用引擎重新驗證)
初 2-5	บ้านเพื่อน	ban pheuan	bhānˋ pɯ̄anˋ	朋友家	engine-auto	
初 2-5	ไปบ้านเพื่อน	bpai ban pheuan	bai bhānˋ pɯ̄anˋ	去朋友家	engine-auto	
初 2-5	ไปนอนบ้านเพื่อน	bpai non ban pheuan	bai nɔ̄n bhānˋ pɯ̄anˋ	去朋友家睡覺	engine-auto	
初 2-5	บ้านผม / บ้านฉัน	ban pom / ban chan	bhānˋ pomˊ / bhānˋ chanˊ	我的家	engine-auto	
初 2-5	บ้านคุณ	ban khun	bhānˋ kun	你家	engine-auto	
初 2-5	บ้านคุณใหญ่มาก	ban khun yai mak	bhānˋ kun yaiˇ mākˋ	你家好大	engine-auto	
初 2-5	บ้านคุณสวยมาก	ban khun suay mak	bhānˋ kun sūayˊ mākˋ	你家好漂亮	engine-auto	
初 2-5	สร้าง	saang	srāngˋ	蓋	engine-auto	
初 2-5	สร้างบ้าน	saang ban	srāngˋ bhānˋ	蓋房子	engine-auto	
初 2-5	สร้างสถานีรถไฟฟ้า	saang sathani rot fai fa	srāngˋ saˇ tāˊ nī rot~ fai fā~	蓋捷運站	engine-auto	
初 2-5	สร้างสนามบิน	saang sanam bin	srāngˋ saˇ nām bhin	蓋新機場	derived	
初 2-5	ที่	thi	tīˋ	地方	engine-auto	
初 2-5	ที่ฝากของ	thi fak khong	tīˋ fākˇ kɔ̄ngˊ	寄物處	engine-auto	
初 2-5	ที่นั่ง	thi nang	tīˋ nangˋ	座位	engine-auto	
初 2-5	คนท้อง	khon thong	kon tɔ̄ng~	孕婦	engine-auto	
初 2-5	ที่นั่งคนท้อง	thi nang khon thong	tīˋ nangˋ kon tɔ̄ng~	孕婦的座位	engine-auto	
初 2-5	ที่อยู่	thi yuu	tīˋ yūˋ	住址	engine-auto	
初 2-5	คุณอยู่ที่ไหน	khun yuu thi nai	kun yūˋ tīˋ naiˊ	你住在哪裡？	engine-auto	
初 2-5	ต้องมีที่อยู่	tong mee thi yuu	dɔ̄ngˋ mī tīˋ yūˋ	必須有住址	engine-auto	
初 2-5	ขอที่อยู่หน่อย	kho thi yuu noi	kɔ̄ˊ tīˋ yūˋ nɔ̄iˇ	請給我你的地址	engine-auto	
初 2-5	ที่ดิน	thi din	tīˋ dhin	土地	engine-auto	
初 2-5	ซื้อที่ดิน	seu thi din	sɯ̄~ tīˋ dhin	買土地	engine-auto	
初 2-5	ซื้อที่ดินไม่ได้	seu thi din mai dai	sɯ̄~ tīˋ dhin maiˋ dhaiˋ	不能買土地	engine-auto	
初 2-5	แล้วก็	laew go	lɛ̄u~ gɔ̄ˋ	然後	engine-auto	
初 2-5	แล้วก็ต้มยำกุ้ง	laew go tom yam gung	lɛ̄u~ gɔ̄ˋ domˋ yam gungˋ	然後是冬蔭功	engine-auto	
初 2-5	แล้วก็ไปเชียงใหม่	laew go bpai chiang mai	lɛ̄u~ gɔ̄ˋ bai chīang maiˇ	然後去清邁	engine-auto	
初 2-5	แล้วก็ไปพัทยา	laew go bpai pattaya	lɛ̄u~ gɔ̄ˋ bai pat~ yā	然後去芭達雅	engine-auto	
初 2-5	แล้วก็ไปห้องน้ำ	laew go bpai hong nam	lɛ̄u~ gɔ̄ˋ bai hɔ̄ngˋ nām~	然後去洗手間	engine-auto	
初 2-5	ใช้บ่อย	chai boi	chai~ bhɔ̄iˇ	常用	engine-auto	
初 2-5	เสียดาย	sia dai	sīaˊ dhāi	可惜	engine-auto	
初 2-5	กินข้าวด้วยกัน	gin khao duay kan	gin kāuˋ dhūayˋ gan	一起吃飯	engine-auto	
初 2-5	แต่งงานแล้ว	taeng ngaan laew	dɛ̄ngˇ ngān lɛ̄u~	結婚了	engine-auto	
初 2-5	ไปไม่ได้	bpai mai dai	bai maiˋ dhaiˋ	去不了	engine-auto	
初 2-5	เสียดาย	sia dai	sīaˊ dhāi	可惜	engine-auto	
初 2-5	เสียดาย ไปไม่ได้	sia dai bpai mai dai	sīaˊ dhāi bai maiˋ dhaiˋ	可惜，不能去	engine-auto	
初 2-5	เล่นเกม	len game	lēnˋ gēm	玩遊戲	engine-auto	
初 2-5	มาจากภาษาอังกฤษ	maa jak phasa angkrit	mā jākˇ pā sāˊ ang gritˇ	來自英文	derived	
初 2-5	เล่นเกมออนไลน์	len game online	lēnˋ gēm ɔ̄n lai	玩線上遊戲	engine-auto	
初 2-5	เราซื่อก็เล่นเกมออนไลน์	rao sue go len game online	rāu sɯ̄ˋ gɔ̄ˋ lēnˋ gēm ɔ̄n lai	老師也玩線上遊戲	engine-auto	
初 2-5	ซื้อของออนไลน์	seu khong online	sɯ̄~ kɔ̄ngˊ ɔ̄n lai	線上買東西	engine-auto	
初 2-5	ไปเที่ยว	bpai tiao	bai tīauˋ	去玩	book-exact	(book-exact已用引擎重新驗證)
初 2-5	ฝาก	fak	fākˇ	寄	engine-auto	
初 2-5	กระเป๋า	gra pao	graˇ bāuˊ	包包、行李	engine-auto	
初 2-5	ฝากกระเป๋า	fak gra pao	fākˇ graˇ bāuˊ	寄行李	engine-auto	
初 2-5	ขอฝากกระเป๋าได้ไหมคะ	kho fak gra pao dai mai kha	kɔ̄ˊ fākˇ graˇ bāuˊ dhaiˋ maiˊ ka~	可以寄放行李嗎？	engine-auto	
初 2-5	ฝากกระเป๋าหน่อยได้ไหมคะ	fak gra pao noi dai mai kha	fākˇ graˇ bāuˊ nɔ̄iˇ dhaiˋ maiˊ ka~	寄放一下行李	engine-auto	
初 2-5	ที่ฝากของ	thi fak khong	tīˋ fākˇ kɔ̄ngˊ	寄物處	engine-auto	
初 2-5	เงิน	ngern	ngə̄n	錢	engine-auto	
初 2-5	มีเงิน	mee ngern	mī ngə̄n	有錢	engine-auto	
初 2-5	ใช้เงิน	chai ngern	chai~ ngə̄n	花錢	engine-auto	
初 2-5	เสียเงิน	sia ngern	sīaˊ ngə̄n	浪費錢	engine-auto	
初 2-5	อาหารทะเลสดไหม	a han thale sot mai	ā hānˊ ta~ lē sotˇ maiˊ	海鮮新鮮嗎？	engine-auto	
初 2-5	ตลาดสด	talad sot	daˇ lātˋ sotˇ	菜市場	engine-auto	
初 2-5	เงินสด	ngern sot	ngə̄n sotˇ	現金	engine-auto	
初 2-5	เงินบาท	ngern baht	ngə̄n bhātˇ	泰銖	engine-auto	
初 2-5	เงินเยน	ngern yen	ngə̄n yēn	日幣	engine-auto	
初 2-5	เงินดอลลาร์ไต้หวัน	ngern dollar taiwan	ngə̄n dhɔ̄n lā daiˋ wanˊ	台幣	engine-auto	
初 2-5	US ดอลลาร์	US dollar	US dhɔ̄n lā	美金	engine-auto	
初 2-5	ทอง	thong	tɔ̄ng	黃金	engine-auto	
初 2-5	ต้องซื้อทอง	tong seu thong	dɔ̄ngˋ sɯ̄~ tɔ̄ng	要買黃金	engine-auto	
初 2-5	ทองคำ	thong kham	tɔ̄ng kam	金子	engine-auto	
初 2-5	ทองแดง	thong daeng	tɔ̄ng dhɛ̄ng	銅	engine-auto	
初 2-5	หน้าแดง	na daeng	nāˋ dhɛ̄ng	臉紅	engine-auto	
初 2-5	ปากแดง	pak daeng	bākˇ dhɛ̄ng	嘴巴紅	engine-auto	
初 2-5	แดง	daeng	dhɛ̄ng	紅色	engine-auto	
初 2-5	ทองแดง	thong daeng	tɔ̄ng dhɛ̄ng	銅（陛下愛犬的名字）	engine-auto	
初 2-5	คุณทองแดง	khun thong daeng	kun tɔ̄ng dhɛ̄ng	（尊稱）	engine-auto	
初 2-5	ร้านทอง	ran thong	rān~ tɔ̄ng	金飾店	engine-auto	
初 2-5	เหรียญ	rien	rīanˊ	硬幣	engine-auto	
初 2-5	เหรียญทอง	rien thong	rīanˊ tɔ̄ng	金牌	engine-auto	
初 2-5	เหรียญเงิน	rien ngern	rīanˊ ngə̄n	銀牌	engine-auto	
初 2-5	เงิน	ngern	ngə̄n	錢、銀	engine-auto	
初 2-5	เหรียญทองแดง	rien thong daeng	rīanˊ tɔ̄ng dhɛ̄ng	銅牌	engine-auto	
初 2-5	เหรียญสิบ	rien sip	rīanˊ sipˇ	十元硬幣	engine-auto	
初 2-5	เหรียญห้า	rien ha	rīanˊ hāˋ	五元硬幣	engine-auto	
初 2-5	เหรียญบาท	rien baht	rīanˊ bhātˇ	一元硬幣	engine-auto	
初 2-5	เหรียญห้าสิบ	rien ha sip	rīanˊ hāˋ sipˇ	五十元硬幣（台幣）	engine-auto	
初 2-5	แบงค์	baeng	bhɛ̄ng	紙鈔（口語）	engine-auto	
初 2-5	แบงค์ยี่สิบ	baeng yee sip	bhɛ̄ng yīˋ sipˇ	二十元紙鈔	engine-auto	
初 2-5	แบงค์ห้าสิบ	baeng ha sip	bhɛ̄ng hāˋ sipˇ	五十元紙鈔	engine-auto	
初 2-5	แบงค์ร้อย	baeng roi	bhɛ̄ng rɔ̄i~	一百元紙鈔	engine-auto	
初 2-5	แบงค์ห้าร้อย	baeng ha roi	bhɛ̄ng hāˋ rɔ̄i~	五百元紙鈔	engine-auto	
初 2-5	แบงค์พัน	baeng phan	bhɛ̄ng pan	一千元紙鈔	engine-auto	
初 2-5	โต๊ะ	to	do~	桌子	engine-auto	
初 2-5	โต๊ะอาหาร	to a-han	do~ ā hānˊ	餐桌	engine-auto	
初 2-5	ทำงาน	tham ngaan	tam ngān	工作	engine-auto	
初 2-5	ทำงานที่ไหน	tham ngaan thi nai	tam ngān tīˋ naiˊ	在哪裡工作？	engine-auto	
初 2-5	ทำงานที่เมืองไทย	tham ngaan thi mueang thai	tam ngān tīˋ mɯ̄ang tai	在泰國工作	engine-auto	
初 2-5	เพื่อนร่วมงาน	pheuan ruam ngaan	pɯ̄anˋ rūamˋ ngān	同事	engine-auto	
初 2-5	แต่งงาน	taeng ngaan	dɛ̄ngˇ ngān	結婚	engine-auto	
初 2-5	โต๊ะทำงาน	to tham ngaan	do~ tam ngān	辦公桌；書桌	engine-auto	
初 2-5	โต๊ะจีน	to jeen	do~ jīn	中式辦桌	engine-auto	
初 2-5	เก้าอี้	kao ii	gāuˋ īˋ	椅子	engine-auto	
初 2-5	เก้าอี้ไม้	kao ii mai	gāuˋ īˋ mai~	木椅	engine-auto	
初 2-5	ไม้	mai	mai~	木頭；串	engine-auto	
初 2-5	หมูปิ้งไม้ละเท่าไหร่	moo ping mai la thao rai	mūˊ bingˋ mai~ la~ tāuˋ raiˇ	烤豬肉一串多少錢？	engine-auto	
初 2-5	ขอเก้าอี้เด็ก	kho kao ii dek	kɔ̄ˊ gāuˋ īˋ dhekˇ	我想要一張兒童椅	engine-auto	
初 2-5	มีเก้าอี้เด็กไหม	mee kao ii dek mai	mī gāuˋ īˋ dhekˇ maiˊ	有兒童椅嗎？	engine-auto	
初 2-5	ตัว	tua	dūa	（張、個、隻）	engine-auto	
初 2-5	เก้าอี้ตัวนี้	kao ii tua ni	gāuˋ īˋ dūa nī~	這張椅子	engine-auto	
初 2-5	ขอเก้าอี้ 2 ตัว	kho kao ii song tua	kɔ̄ˊ gāuˋ īˋ 2 dūa	我想要兩張椅子	engine-auto	
初 2-5	หนัง	nang	nangˊ	皮；電影	book-exact	(book-exact已用引擎重新驗證)
初 2-5	หนังหมู	nang moo	nangˊ mūˊ	豬皮	engine-auto	
初 2-5	ชอบกินหนังหมู	chop gin nang moo	chɔ̄pˋ gin nangˊ mūˊ	喜歡吃豬皮	engine-auto	
初 2-5	ชอบกินหนังหมูไหมคะ	chop gin nang moo mai kha	chɔ̄pˋ gin nangˊ mūˊ maiˊ ka~	喜歡吃豬皮嗎？	engine-auto	
初 2-5	ฉันไม่ชอบกินหนังหมู	chan mai chop gin nang moo	chanˊ maiˋ chɔ̄pˋ gin nangˊ mūˊ	我不喜歡吃豬皮	engine-auto	
初 2-5	หนังไก่	nang gai	nangˊ gaiˇ	雞皮	engine-auto	
初 2-5	หนังเป็ด	nang pet	nangˊ betˇ	鴨皮	engine-auto	
初 2-5	ไปดูหนังด้วยกัน	bpai du nang duay kan	bai dhū nangˊ dhūayˋ gan	一起去看電影	engine-auto	
初 2-5	หนังอะไร	nang a-rai	nangˊ aˇ rai	什麼電影？	engine-auto	
初 2-5	หนังผี	nang phee	nangˊ pīˊ	鬼片	engine-auto	
初 2-5	ผี	phee	pīˊ	鬼	engine-auto	
初 2-5	ชอบดูหนังผีไหมคะ	chop du nang phee mai kha	chɔ̄pˋ dhū nangˊ pīˊ maiˊ ka~	喜歡看鬼片嗎？	engine-auto	
初 2-5	ไม่ดูหนังผี	mai du nang phee	maiˋ dhū nangˊ pīˊ	不看鬼片	engine-auto	
初 2-5	ไปดูหนัง	bpai du nang	bai dhū nangˊ	去看電影	engine-auto	
初 2-5	ชอบไปดูหนังไหมคะ	chop bpai du nang mai kha	chɔ̄pˋ bai dhū nangˊ maiˊ ka~	喜歡去看電影嗎？	engine-auto	
初 2-5	หนังสือ	nang sue	nangˊ sɯ̄ˊ	書	engine-auto	
初 2-5	หนังสือไทย	nang sue thai	nangˊ sɯ̄ˊ tai	泰文書	engine-auto	
初 2-5	การ์ตูน	cartoon	gā dūn	卡通	engine-auto	
初 2-5	หนังสือการ์ตูน	nang sue cartoon	nangˊ sɯ̄ˊ gā dūn	漫畫	engine-auto	
初 2-5	เด็กๆ ชอบอ่านหนังสือการ์ตูน	dek dek chop aan nang sue cartoon	dhekˇ dhekˇ chɔ̄pˋ ānˇ nangˊ sɯ̄ˊ gā dūn	小孩子喜歡看漫畫	engine-auto	
初 2-5	ชอบอ่านหนังสือไหม	chop aan nang sue mai	chɔ̄pˋ ānˇ nangˊ sɯ̄ˊ maiˊ	喜歡看書嗎？	engine-auto	
初 2-5	เฉยๆ	choey choey	chə̄iˊ chə̄iˊ	還好；普普通通	engine-auto	
初 2-5	อ่านหนังสือ	aan nang sue	ānˇ nangˊ sɯ̄ˊ	看書	engine-auto	
初 2-5	หนังสือพิมพ์	nang sue phim	nangˊ sɯ̄ˊ pim	報紙	engine-auto	
初 2-5	หนังสือพิมพ์อังกฤษ	nang sue phim angkrit	nangˊ sɯ̄ˊ pim ang gritˇ	英文報紙	derived	
初 2-5	หนังสือพิมพ์จีน	nang sue phim jeen	nangˊ sɯ̄ˊ pim jīn	中文報紙	engine-auto	
初 2-5	ปากกา	pak ga	bākˇ gā	筆	engine-auto	
初 2-5	ปาก	pak	bākˇ	嘴巴	engine-auto	
初 2-5	กา	ga	gā	烏鴉	engine-auto	
初 2-5	มีปากกาไหม	mee pak ga mai	mī bākˇ gā maiˊ	有筆嗎？	engine-auto	
初 2-5	ปากกาแดง	pak ga daeng	bākˇ gā dhɛ̄ng	紅筆	engine-auto	
初 2-5	ปากกาดำ	pak ga dam	bākˇ gā dham	黑筆	engine-auto	
初 2-5	ดินสอ	din sor	dhin sɔ̄ˊ	鉛筆	engine-auto	
初 2-5	ที่ดิน	thi din	tīˋ dhin	土地	engine-auto	
初 2-5	ดิน	din	dhin	土	engine-auto	
初 2-5	ดินสอสี	din sor see	dhin sɔ̄ˊ sīˊ	彩色筆	engine-auto	
初 2-5	สี	see	sīˊ	顏色	engine-auto	
初 2-5	ผมขาว	phom khaow	pomˊ kāuˊ	白頭髮	engine-auto	
初 2-5	สีขาว	see khaow	sīˊ kāuˊ	白色	engine-auto	
初 2-5	สีแดง	see daeng	sīˊ dhɛ̄ng	紅色	engine-auto	
初 2-5	สีดำ	see dam	sīˊ dham	黑色	engine-auto	
初 2-5	กล่องดินสอ	glong din sor	glɔ̄ngˇ dhin sɔ̄ˊ	鉛筆盒	engine-auto	
初 2-5	กล่อง	glong	glɔ̄ngˇ	盒子	engine-auto	
初 2-5	กระดาษ	gra daat	graˇ dhātˇ	紙	engine-auto	
初 2-5	กระดาษเปล่า	gra daat plao	graˇ dhātˇ blāuˇ	白紙	engine-auto	
初 2-5	ข้าวเปล่า	khao plao	kāuˋ blāuˇ	白飯	engine-auto	
初 2-5	น้ำเปล่า	nam plao	nām~ blāuˇ	白開水	engine-auto	
初 2-5	ทิชชู่	tissue	tit~ chūˋ	衛生紙	engine-auto	
初 2-5	กระดาษทิชชู่	gra daat tissue	graˇ dhātˇ tit~ chūˋ	衛生紙	engine-auto	
初 2-5	ในห้องน้ำมีทิชชู่ไหม	nai hong nam mee tissue mai	nai hɔ̄ngˋ nām~ mī tit~ chūˋ maiˊ	廁所有衛生紙嗎？	engine-auto	
初 2-5	รีไซเคิล	recycle	rī sai kə̄n	回收	engine-auto	
初 2-5	กระดาษรีไซเคิล	gra daat recycle	graˇ dhātˇ rī sai kə̄n	回收紙	engine-auto	
初 2-5	เอาไปรีไซเคิล	ao bpai recycle	au bai rī sai kə̄n	拿去回收	engine-auto	
初 2-5	ฝากกระเป๋า	fak gra pao	fākˇ graˇ bāuˊ	寄放行李	engine-auto	
初 2-5	กระเป๋า	gra pao	graˇ bāuˊ	包包	engine-auto	
初 2-5	เงิน	ngern	ngə̄n	錢	engine-auto	
初 2-5	กระเป๋าเงิน	gra pao ngern	graˇ bāuˊ ngə̄n	錢包	engine-auto	
初 2-5	หนังสือ	nang sue	nangˊ sɯ̄ˊ	書	engine-auto	
初 2-5	กระเป๋าหนังสือ	gra pao nang sue	graˇ bāuˊ nangˊ sɯ̄ˊ	書包	engine-auto	
初 2-5	ใบ	bai	bhai	（個、張、片）	engine-auto	
初 2-5	ตั๋วใบละเท่าไหร่	tua bai la thao rai	dūaˊ bhai la~ tāuˋ raiˇ	一張票多少錢？	engine-auto	
初 2-5	กระเป๋าใบนี้	gra pao bai ni	graˇ bāuˊ bhai nī~	這個包包	engine-auto	
初 2-5	เป้	bpai	bēˋ	背包	engine-auto	
初 2-5	กระเป๋าเป้	gra pao bpai	graˇ bāuˊ bēˋ	背包	engine-auto	
初 2-5	เป้ใบนี้สวยไหม	bpai bai ni suay mai	bēˋ bhai nī~ sūayˊ maiˊ	這個背包好看嗎？	engine-auto	
初 2-5	กระเป๋าเดินทาง	gra pao dern thang	graˇ bāuˊ dhə̄n tāng	行李箱	engine-auto	
初 2-5	เดินทาง	dern thang	dhə̄n tāng	旅行；通行	engine-auto	
初 2-5	เดิน	dern	dhə̄n	走路	engine-auto	
初 2-5	ทาง	thang	tāng	路	engine-auto	
初 2-5	ทำไมไม่ออกมา	tam mai mai ok ma	tam mai maiˋ ɔ̄kˇ mā	為什麼不出來？	engine-auto	
初 2-5	เก็บกระเป๋า	geb gra pao	gepˇ graˇ bāuˊ	收拾行李	engine-auto	
初 2-5	เก็บตังค์	geb tang	gepˇ dang	結帳；買單	engine-auto	
初 2-5	เก็บกระเป๋าไปเที่ยว	geb gra pao bpai tiao	gepˇ graˇ bāuˊ bai tīauˋ	收拾行李去玩	engine-auto	
初 2-5	มือถือ	mue thue	mɯ̄ tɯ̄ˊ	手機	engine-auto	
初 2-5	ถือ	thue	tɯ̄ˊ	拿；提	engine-auto	
初 2-5	กระเป๋าถือ	gra pao thue	graˇ bāuˊ tɯ̄ˊ	手提包	engine-auto	
初 2-5	ถือกระเป๋า	thue gra pao	tɯ̄ˊ graˇ bāuˊ	提著包包	engine-auto	
初 2-5	ปลอม	plom	blɔ̄m	假的	engine-auto	
初 2-5	กระเป๋าหลุยส์ปลอม	gra pao louis plom	graˇ bāuˊ luiˊ blɔ̄m	假的LV包	engine-auto	
初 2-5	หลุยส์ปลอม	louis plom	luiˊ blɔ̄m	假的LV	engine-auto	
初 2-5	ฟันปลอม	fan plom	fan blɔ̄m	假牙	engine-auto	
初 2-5	ของปลอม	khong plom	kɔ̄ngˊ blɔ̄m	假貨	engine-auto	
初 2-5	ใส่	sai	saiˇ	放進；穿	engine-auto	
初 2-5	ใส่กระเป๋า	sai gra pao	saiˇ graˇ bāuˊ	放進包包	engine-auto	
初 2-5	ใส่ถุงหรือกินที่นี่	sai toong rue gin thi ni	saiˇ tungˊ rɯ̄ˊ gin tīˋ nīˋ	內用還是外帶？	engine-auto	
初 2-5	ถุงพลาสติก	toong plastic	tungˊ plā saˇ dikˇ	塑膠袋	derived	
初 2-5	ถุงมือ	toong mue	tungˊ mɯ̄	手套	engine-auto	
初 2-5	มือ	mue	mɯ̄	手	engine-auto	
初 2-5	ใส่ถุงมือ	sai toong mue	saiˇ tungˊ mɯ̄	戴手套	engine-auto	
初 2-5	ถุงกระดาษ	toong gra daat	tungˊ graˇ dhātˇ	紙袋	engine-auto	
初 2-5	ไม่ใช้ถุงพลาสติก	mai chai toong plastic	maiˋ chai~ tungˊ plā saˇ dikˇ	不用塑膠袋	derived	
初 2-5	ถุงเท้า	toong thao	tungˊ tāu~	襪子	engine-auto	
初 2-5	เท้า	thao	tāu~	腳	engine-auto	
初 2-5	ใส่ถุงเท้า	sai toong thao	saiˇ tungˊ tāu~	穿襪子	engine-auto	
初 2-5	รองเท้า	rong thao	rɔ̄ng tāu~	鞋子	engine-auto	
初 2-5	รองเท้าหนัง	rong thao nang	rɔ̄ng tāu~ nangˊ	皮鞋	engine-auto	
初 2-5	รองเท้าหนังสีดำ	rong thao nang see dam	rɔ̄ng tāu~ nangˊ sīˊ dham	黑色皮鞋	engine-auto	
初 2-5	ถอด	tot	tɔ̄tˇ	脫	engine-auto	
初 2-5	ถอดรองเท้า	tot rong thao	tɔ̄tˇ rɔ̄ng tāu~	脫鞋	engine-auto	
初 2-5	ถอดเสื้อ	tot seua	tɔ̄tˇ sɯ̄aˋ	脫衣服	engine-auto	
初 2-5	คอนโด	condo	kɔ̄n dhō	公寓	engine-auto	
初 2-5	ซื้อคอนโด	seu condo	sɯ̄~ kɔ̄n dhō	買公寓	engine-auto	
初 2-5	ซื้อคอนโดที่เมืองไทย	seu condo thi mueang thai	sɯ̄~ kɔ̄n dhō tīˋ mɯ̄ang tai	在泰國買公寓	engine-auto	
初 2-5	อพาร์ทเม้นท์	apartment		公寓；套房	unresolved	英文外來語/正式縮寫/原始資料異常，見全課-仍不確定清單.tsv
初 2-5	อยู่อพาร์ทเม้นท์	yuu apartment		住套房	unresolved	英文外來語/正式縮寫/原始資料異常，見全課-仍不確定清單.tsv
初 2-5	นักศึกษา	nak suk sa	nak~ sɯkˇ sāˊ	大學生	engine-auto	
初 2-5	นักศึกษาชอบอยู่อพาร์ทเม้นท์	nak suk sa chop yuu apartment		大學生喜歡住套房	unresolved	英文外來語/正式縮寫/原始資料異常，見全課-仍不確定清單.tsv
初 2-5	เช่า	chao	chāuˋ	租	engine-auto	
初 2-5	เช่าคอนโด	chao condo	chāuˋ kɔ̄n dhō	租公寓	engine-auto	
初 2-5	แอร์	air	ɛ̄	冷氣	engine-auto	
初 2-5	ห้องแอร์	hong air	hɔ̄ngˋ ɛ̄	冷氣房	engine-auto	
初 2-5	มีห้องแอร์ไหม	mee hong air mai	mī hɔ̄ngˋ ɛ̄ maiˊ	有冷氣房嗎？	engine-auto	
初 2-5	ฉันอยากนั่งห้องแอร์ค่ะ	chan yaak nang hong air kha	chanˊ yākˋ nangˋ hɔ̄ngˋ ɛ̄ kaˋ	我想坐冷氣房	engine-auto	
初 2-5	รถเมล์	rot me	rot~ mē	公車	engine-auto	
初 2-5	รถแอร์	rot air	rot~ ɛ̄	冷氣公車	engine-auto	
初 2-5	ไม่มีแอร์	mai mee air	maiˋ mī ɛ̄	沒有冷氣	engine-auto	
初 2-5	ผมอยากนั่งรถแอร์	pom yaak nang rot air	pomˊ yākˋ nangˋ rot~ ɛ̄	我想坐冷氣公車	engine-auto	
初 2-5	เปิด	bpeut	bə̄tˇ	開；打開	book-exact	(book-exact已用引擎重新驗證)
初 2-5	เปิดแอร์	bpeut air	bə̄tˇ ɛ̄	開冷氣	engine-auto	
初 2-5	ร้อนมาก เปิดแอร์ได้ไหมคะ	ron mak bpeut air dai mai kha	rɔ̄n~ mākˋ bə̄tˇ ɛ̄ dhaiˋ maiˊ ka~	好熱，可以開冷氣嗎？	engine-auto	
初 2-5	คอมพิวเตอร์	kom piew ter	kɔ̄m piw də̄	電腦	engine-auto	
初 2-5	เปิดคอมพิวเตอร์	bpeut kom piew ter	bə̄tˇ kɔ̄m piw də̄	開電腦	engine-auto	
初 2-5	เปิดไฟ	bpeut fai	bə̄tˇ fai	開燈	engine-auto	
初 2-5	เล่นอินเทอร์เน็ต	len internet	lēnˋ in tə̄ net~	上網	engine-auto	
初 2-5	ดาวน์โหลด	download	dhāu lōtˇ	下載	engine-auto	
初 2-5	กด	god	gotˇ	按	derived	
初 2-5	ใช้มือกด	chai mue god	chai~ mɯ̄ gotˇ	用手按	derived	
初 2-5	กดไลค์	god like	gotˇ lai	按讚	derived	
初 2-5	ช่วยกดไลค์ กด subscribe	chuay god like god subscribe	chūayˋ gotˇ lai gotˇ subscribe	請幫我按讚、訂閱	derived	
初 2-5	กดไลค์ให้ฉันหน่อย	god like hai chan noi	gotˇ lai haiˋ chanˊ nɔ̄iˇ	幫我按個讚	derived	
初 2-5	มอเตอร์ไซค์	motorcycle	mɔ̄ də̄ sai	摩托車	engine-auto	
初 2-5	วินมอเตอร์ไซค์	win motorcycle	win mɔ̄ də̄ sai	摩托計程車	engine-auto	
初 2-5	ขี่มอเตอร์ไซค์	khee motorcycle	kīˇ mɔ̄ də̄ sai	騎摩托車	engine-auto	
初 2-5	ขี่มอเตอร์ไซค์เป็นไหม	khee motorcycle pen mai	kīˇ mɔ̄ də̄ sai ben maiˊ	你會騎摩托車嗎？	engine-auto	
初 2-5	ขี่เป็น	khee pen	kīˇ ben	會騎	engine-auto	
初 2-5	ขี่มอเตอร์ไซค์ไม่เป็น	khee motorcycle mai pen	kīˇ mɔ̄ də̄ sai maiˋ ben	不會騎摩托車	engine-auto	
初 2-5	ยี่ห้อ	yee hor	yīˋ hɔ̄ˋ	品牌	engine-auto	
初 2-5	ยี่ห้ออะไร	yee hor a-rai	yīˋ hɔ̄ˋ aˇ rai	什麼品牌？	engine-auto	
初 2-5	เหนื่อยไหมคะ	neuy mai kha	nɯ̄aiˇ maiˊ ka~	累嗎？	engine-auto	
初 2-5	ทำงานเหนื่อย	tham ngaan neuy	tam ngān nɯ̄aiˇ	工作很累	engine-auto	
初 2-5	เรียนไม่เหนื่อย	rian mai neuy	rīan maiˋ nɯ̄aiˇ	上課不累	engine-auto	
初 2-6	แล้วก็	laew ko	lɛ̄u~ gɔ̄ˋ	然後	engine-auto	
初 2-6	กินข้าวแล้วก็ไปทำงาน	kin khao laew ko pai tham ngaan	gin kāuˋ lɛ̄u~ gɔ̄ˋ bai tam ngān	吃飯然後去工作	engine-auto	
初 2-6	ทำเล็บแล้วก็ไปนวด	tham lep laew ko pai nuad	tam lep~ lɛ̄u~ gɔ̄ˋ bai nūatˋ	做指甲然後去按摩	engine-auto	
初 2-6	เสียดาย	sia daai	sīaˊ dhāi	可惜	engine-auto	
初 2-6	เสียดายจริงๆ	sia daai jing jing	sīaˊ dhāi jing jing	真可惜	derived	
初 2-6	ไม่มีเวลาไปเที่ยว	mai mii welaa pai thiao	maiˋ mī wē lā bai tīauˋ	沒有時間去玩	engine-auto	
初 2-6	ออนไลน์	on-line	ɔ̄n lai	線上	engine-auto	
初 2-6	เล่นเกมออนไลน์	len game on-line	lēnˋ gēm ɔ̄n lai	玩線上遊戲	engine-auto	
初 2-6	สนุกจริงๆ	sa-nook jing jing	saˇ nuk~ jing jing	真好玩	derived	
初 2-6	ช้อปปิ้งออนไลน์	chopping on-line	chɔ̄p~ bingˋ ɔ̄n lai	線上購物	engine-auto	
初 2-6	ซื้อของออนไลน์	seu khong on-line	sɯ̄~ kɔ̄ngˊ ɔ̄n lai	線上買東西	engine-auto	
初 2-6	เรียนออนไลน์	rian on-line	rīan ɔ̄n lai	線上上課	engine-auto	
初 2-6	เรียนภาษาไทยออนไลน์	rian phasaa thai on-line	rīan pā sāˊ tai ɔ̄n lai	線上學泰文	engine-auto	
初 2-6	ฝาก	faak	fākˇ	寄、放	engine-auto	
初 2-6	ฝากกระเป๋า	faak kra-pao	fākˇ graˇ bāuˊ	寄放行李	engine-auto	
初 2-6	กระเป๋าเดินทาง	kra-pao deun thang	graˇ bāuˊ dhə̄n tāng	行李	engine-auto	
初 2-6	ฝากกระเป๋าเดินทางได้ไหมครับ	faak kra-pao deun thang dai mai krap	fākˇ graˇ bāuˊ dhə̄n tāng dhaiˋ maiˊ krap~	可以寄放行李嗎？(男生)	engine-auto	
初 2-6	ฝากกระเป๋าได้ไหมครับ	faak kra-pao dai mai krap	fākˇ graˇ bāuˊ dhaiˋ maiˊ krap~	可以寄放行李嗎？(男生/口語)	engine-auto	
初 2-6	ฝากกระเป๋าได้ไหมคะ	faak kra-pao dai mai kha	fākˇ graˇ bāuˊ dhaiˋ maiˊ ka~	可以寄放行李嗎？(女生)	engine-auto	
初 2-6	ได้ค่ะ	dai kha	dhaiˋ kaˋ	可以的	engine-auto	
初 2-6	ฝากของ	faak khong	fākˇ kɔ̄ngˊ	寄放東西	engine-auto	
初 2-6	ฝากของได้ไหมครับ	faak khong dai mai krap	fākˇ kɔ̄ngˊ dhaiˋ maiˊ krap~	可以寄放東西嗎？(男生)	engine-auto	
初 2-6	บ้าน	baan	bhānˋ	家	engine-auto	
初 2-6	บ้านเพื่อน	baan phuean	bhānˋ pɯ̄anˋ	朋友家	engine-auto	
初 2-6	อยู่ซอย 29	yuu soi 29	yūˋ sɔ̄i 29	在29巷	engine-auto	
初 2-6	บ้านแฟน	baan faen	bhānˋ fɛ̄n	男/女朋友家	engine-auto	
初 2-6	อยู่ไกลมาก	yuu glai maak	yūˋ glai mākˋ	很遠	engine-auto	
初 2-6	ที่อยู่	thii yuu	tīˋ yūˋ	地址	engine-auto	
初 2-6	มีที่อยู่ไหม	mii thii yuu mai	mī tīˋ yūˋ maiˊ	有地址嗎？	engine-auto	
初 2-6	มีที่อยู่ร้านอาหารไหม	mii thii yuu raan aahaan mai	mī tīˋ yūˋ rān~ ā hānˊ maiˊ	有餐廳地址嗎？	engine-auto	
初 2-6	ขอที่อยู่หน่อย	kho thii yuu noi	kɔ̄ˊ tīˋ yūˋ nɔ̄iˇ	請給我地址	engine-auto	
初 2-6	ที่ดิน	thii din	tīˋ dhin	土地	engine-auto	
初 2-6	ซื้อที่ดิน	seu thii din	sɯ̄~ tīˋ dhin	買土地	engine-auto	
初 2-6	ซื้อที่ดินไม่ได้	seu thii din mai dai	sɯ̄~ tīˋ dhin maiˋ dhaiˋ	不能買土地	engine-auto	
初 2-6	ซื้อที่ดินที่เมืองไทยไม่ได้	seu thii din thii mueang thai mai dai	sɯ̄~ tīˋ dhin tīˋ mɯ̄ang tai maiˋ dhaiˋ	在泰國不能買土地	engine-auto	
初 2-6	เงินสด	ngoen sot	ngə̄n sotˇ	現金	engine-auto	
初 2-6	ใช้เงินสด	chai ngoen sot	chai~ ngə̄n sotˇ	用現金	engine-auto	
初 2-6	ไม่ต้องใช้เงินสด	mai tong chai ngoen sot	maiˋ dɔ̄ngˋ chai~ ngə̄n sotˇ	不必用現金	engine-auto	
初 2-6	ก็ได้	ko dai	gɔ̄ˋ dhaiˋ	也可以	engine-auto	
初 2-6	ไม่ต้องใช้เงินสดก็ได้	mai tong chai ngoen sot ko dai	maiˋ dɔ̄ngˋ chai~ ngə̄n sotˇ gɔ̄ˋ dhaiˋ	不必用現金也可以	engine-auto	
初 2-6	ทอง	thong	tɔ̄ng	黃金	engine-auto	
初 2-6	ราคาทอง	rakha thong	rā kā tɔ̄ng	金價	engine-auto	
初 2-6	ราคาทองเท่าไหร่	rakha thong thao-rai	rā kā tɔ̄ng tāuˋ raiˇ	金價多少？	engine-auto	
初 2-6	วันนี้ราคาทองเท่าไหร่	wan nii rakha thong thao-rai	wan nī~ rā kā tɔ̄ng tāuˋ raiˇ	今天金價多少？	engine-auto	
初 2-6	แบงค์	baeng	bhɛ̄ng	紙鈔	engine-auto	
初 2-6	ใช้แบงค์ได้ไหม	chai baeng dai mai	chai~ bhɛ̄ng dhaiˋ maiˊ	可以用紙鈔嗎？	engine-auto	
初 2-6	แบงค์ร้อย	baeng roi	bhɛ̄ng rɔ̄i~	100元紙鈔	engine-auto	
初 2-6	ใช้แบงค์ร้อยได้ไหม	chai baeng roi dai mai	chai~ bhɛ̄ng rɔ̄i~ dhaiˋ maiˊ	可以用100元紙鈔嗎？	engine-auto	
初 2-6	แบงค์ห้าร้อย	baeng ha roi	bhɛ̄ng hāˋ rɔ̄i~	500元紙鈔	engine-auto	
初 2-6	แบงค์พัน	baeng phan	bhɛ̄ng pan	1000元紙鈔	engine-auto	
初 2-6	ใช้ไม่ได้	chai mai dai	chai~ maiˋ dhaiˋ	不能用	engine-auto	
初 2-6	แบงค์ห้าร้อยกับแบงค์พันใช้ไม่ได้	baeng ha roi gap baeng phan chai mai dai	bhɛ̄ng hāˋ rɔ̄i~ gapˇ bhɛ̄ng pan chai~ maiˋ dhaiˋ	500元和1000元紙鈔不能用	engine-auto	
初 2-6	โต๊ะ	to	do~	桌子	engine-auto	
初 2-6	มีโต๊ะไหม	mii to mai	mī do~ maiˊ	有桌子嗎？	engine-auto	
初 2-6	ขอโทษค่ะ	kho thot kha	kɔ̄ˊ tōtˋ kaˋ	對不起	engine-auto	
初 2-6	ไม่มีโต๊ะแล้ว	mai mii to laew	maiˋ mī do~ lɛ̄u~	沒有桌子了	engine-auto	
初 2-6	ขอโทษค่ะ ไม่มีโต๊ะแล้วค่ะ	kho thot kha mai mii to laew kha	kɔ̄ˊ tōtˋ kaˋ maiˋ mī do~ lɛ̄u~ kaˋ	對不起，沒有桌子了	engine-auto	
初 2-6	เก้าอี้	kao ii	gāuˋ īˋ	椅子	engine-auto	
初 2-6	ไม่มีเก้าอี้	mai mii kao ii	maiˋ mī gāuˋ īˋ	沒有椅子	engine-auto	
初 2-6	ไม่พอ	mai phor	maiˋ pɔ̄	不夠	engine-auto	
初 2-6	เก้าอี้ไม่พอ	kao ii mai phor	gāuˋ īˋ maiˋ pɔ̄	椅子不夠	engine-auto	
初 2-6	ขอเก้าอี้สองตัวค่ะ/ครับ	kho kao ii song tua kha/krap	kɔ̄ˊ gāuˋ īˋ sɔ̄ngˊ dūa kaˋ/krap~	請給我兩張椅子	engine-auto	
初 2-6	ขอเก้าอี้สองตัวหน่อย	kho kao ii song tua noi	kɔ̄ˊ gāuˋ īˋ sɔ̄ngˊ dūa nɔ̄iˇ	請給我兩張椅子 (客氣)	engine-auto	
初 2-6	หนัง	nang	nangˊ	皮	book-exact	(book-exact已用引擎重新驗證)
初 2-6	หนังไก่ทอด	nang gai thot	nangˊ gaiˇ tɔ̄tˋ	炸雞皮	engine-auto	
初 2-6	หนังหมู	nang muu	nangˊ mūˊ	豬皮	engine-auto	
初 2-6	กินแล้วสวย	kin laew suay	gin lɛ̄u~ sūayˊ	吃了會漂亮	engine-auto	
初 2-6	แต่ยิ่งกินยิ่งอ้วน	tae ying kin ying uan	dɛ̄ˇ yingˋ gin yingˋ ūanˋ	但是越吃越胖	engine-auto	
初 2-6	หนัง	nang	nangˊ	電影	book-exact	(book-exact已用引擎重新驗證)
初 2-6	ไปดูหนังกัน	pai du nang kan	bai dhū nangˊ gan	一起去看電影	engine-auto	
初 2-6	หนังอะไร	nang a-rai	nangˊ aˇ rai	什麼電影？	engine-auto	
初 2-6	ถ้าเป็นหนังผี	tha pen nang phi	tāˋ ben nangˊ pīˊ	如果是鬼片	engine-auto	
初 2-6	ฉันไม่ดู	chan mai du	chanˊ maiˋ dhū	我不看	engine-auto	
初 2-6	หนังสือ	nang sue	nangˊ sɯ̄ˊ	書	engine-auto	
初 2-6	อ่านหนังสือ	an nang sue	ānˇ nangˊ sɯ̄ˊ	看書	engine-auto	
初 2-6	หนังสือการ์ตูน	nang sue cartoon	nangˊ sɯ̄ˊ gā dūn	漫畫	engine-auto	
初 2-6	เด็กๆชอบอ่านหนังสือการ์ตูน	dek dek chop an nang sue cartoon	dhekˇ dhekˇ chɔ̄pˋ ānˇ nangˊ sɯ̄ˊ gā dūn	小朋友喜歡看漫畫書	engine-auto	
初 2-6	หนังสือเรียน	nang sue rian	nangˊ sɯ̄ˊ rīan	課本	engine-auto	
初 2-6	หนังสือพิมพ์	nang sue phim	nangˊ sɯ̄ˊ pim	報紙	engine-auto	
初 2-6	หนังสือพิมพ์ออนไลน์	nang sue phim on-line	nangˊ sɯ̄ˊ pim ɔ̄n lai	線上報紙	engine-auto	
初 2-6	คุณปู่ชอบอ่านหนังสือพิมพ์	khun puu chop an nang sue phim	kun būˇ chɔ̄pˋ ānˇ nangˊ sɯ̄ˊ pim	爺爺喜歡看報紙	engine-auto	
初 2-6	ปากกา	pakka	bākˇ gā	筆	engine-auto	
初 2-6	ปากกาดำ	pakka dam	bākˇ gā dham	黑色的筆	engine-auto	
初 2-6	ปากกาแดง	pakka daeng	bākˇ gā dhɛ̄ng	紅色的筆	engine-auto	
初 2-6	มีปากกาแดงไหมคะ	mii pakka daeng mai kha	mī bākˇ gā dhɛ̄ng maiˊ ka~	有紅色的筆嗎？	engine-auto	
初 2-6	ปากกา iPad	pakka iPad	bākˇ gā iPad	Apple Pencil	engine-auto	
初 2-6	ใช้ปากกา iPad ไหม	chai pakka iPad mai	chai~ bākˇ gā iPad maiˊ	用Apple Pencil嗎？	engine-auto	
初 2-6	แอร์	air	ɛ̄	冷氣	engine-auto	
初 2-6	เปิดแอร์	poet air	bə̄tˇ ɛ̄	開冷氣	engine-auto	
初 2-6	เปิดแอร์ได้ไหม	poet air dai mai	bə̄tˇ ɛ̄ dhaiˋ maiˊ	可以開冷氣嗎？	engine-auto	
初 2-6	หู	huu	hūˊ	耳朵	engine-auto	
初 2-6	ตา	taa	dā	眼睛	engine-auto	
初 2-6	เปิดหูเปิดตา	poet huu poet taa	bə̄tˇ hūˊ bə̄tˇ dā	開開眼界	engine-auto	
初 2-6	ไปเปิดหูเปิดตา	pai poet huu poet taa	bai bə̄tˇ hūˊ bə̄tˇ dā	去開開眼界	engine-auto	
初 2-6	เปิดไฟ	poet fai	bə̄tˇ fai	開燈	engine-auto	
初 2-6	เปิดใจ	poet jai	bə̄tˇ jai	打開心房/敞開心房	engine-auto	
初 2-6	ดินสอ	din so	dhin sɔ̄ˊ	鉛筆	engine-auto	
初 2-6	ใช้ดินสอเขียน	chai din so khian	chai~ dhin sɔ̄ˊ kīanˊ	用鉛筆寫字	engine-auto	
初 2-6	ใช้ดินสอเขียนไม่ได้	chai din so khian mai dai	chai~ dhin sɔ̄ˊ kīanˊ maiˋ dhaiˋ	不能用鉛筆寫	engine-auto	
初 2-6	ต้องใช้ปากกาเขียน	tong chai pakka khian	dɔ̄ngˋ chai~ bākˇ gā kīanˊ	得用原子筆/鋼筆寫	engine-auto	
初 2-6	กระดาษ	kra-daat	graˇ dhātˇ	紙	engine-auto	
初 2-6	ถุงกระดาษ	thung kra-daat	tungˊ graˇ dhātˇ	紙袋	engine-auto	
初 2-6	กระดาษเปล่า	kra-daat plao	graˇ dhātˇ blāuˇ	空白的紙	engine-auto	
初 2-6	กล่องกระดาษ	glong kra-daat	glɔ̄ngˇ graˇ dhātˇ	紙盒	engine-auto	
初 2-6	กระดาษทิชชู	kra-daat tissue	graˇ dhātˇ tit~ chū	衛生紙 (正式)	engine-auto	
初 2-6	มีทิชชูไหม	mii tissue mai	mī tit~ chū maiˊ	有衛生紙嗎？(口語)	engine-auto	
初 2-6	ห้องน้ำมีทิชชูไหม	hong nam mii tissue mai	hɔ̄ngˋ nām~ mī tit~ chū maiˊ	廁所有衛生紙嗎？	engine-auto	
初 2-6	กระเป๋าเงิน	kra-pao ngern	graˇ bāuˊ ngə̄n	錢包	engine-auto	
初 2-6	กระเป๋าสตางค์	kra-pao sa-taang	graˇ bāuˊ saˇ dāng	錢包 (另稱)	derived	
初 2-6	กระเป๋าเงินของใคร	kra-pao ngern khong khrai	graˇ bāuˊ ngə̄n kɔ̄ngˊ krai	誰的錢包？	engine-auto	
初 2-6	นี่กระเป๋าเงินของใคร	nii kra-pao ngern khong khrai	nīˋ graˇ bāuˊ ngə̄n kɔ̄ngˊ krai	這是誰的錢包？	engine-auto	
初 2-6	ไม่รู้ของใคร	mai ruu khong khrai	maiˋ rū~ kɔ̄ngˊ krai	不知道是誰的	engine-auto	
初 2-6	กระเป๋าหนังสือ	kra-pao nang-sue	graˇ bāuˊ nangˊ sɯ̄ˊ	書包	engine-auto	
初 2-6	ใบ	bai	bhai	(行李的量詞)	engine-auto	
初 2-6	มีกระเป๋าเดินทางกี่ใบ	mii kra-pao deun-thang gii bai	mī graˇ bāuˊ dhə̄n tāng gīˇ bhai	有幾個行李？	engine-auto	
初 2-6	มีกระเป๋าเดินทางหกใบ	mii kra-pao deun-thang hok bai	mī graˇ bāuˊ dhə̄n tāng hokˇ bhai	有六個行李	engine-auto	
初 2-6	ทั้งหมด	thang mot	tang~ motˇ	總共	derived	
初 2-6	ทั้งหมดมีกระเป๋าเดินทางกี่ใบ	thang mot mii kra-pao deun-thang gii bai	tang~ motˇ mī graˇ bāuˊ dhə̄n tāng gīˇ bhai	總共有幾個行李？	derived	
初 2-6	ปลอม	plom	blɔ̄m	假的	engine-auto	
初 2-6	ของปลอม	khong plom	kɔ̄ngˊ blɔ̄m	假貨	engine-auto	
初 2-6	ไม่ซื้อของปลอม	mai seu khong plom	maiˋ sɯ̄~ kɔ̄ngˊ blɔ̄m	不買假貨	engine-auto	
初 2-6	พวกเรา	phuak rao	pūakˋ rāu	我們	engine-auto	
初 2-6	พวกเราไม่ซื้อของปลอม	phuak rao mai seu khong plom	pūakˋ rāu maiˋ sɯ̄~ kɔ̄ngˊ blɔ̄m	我們不買假貨	engine-auto	
初 2-6	ฟันปลอม	fan plom	fan blɔ̄m	假牙	engine-auto	
初 2-6	คุณยายใส่ฟันปลอม	khun yaai sai fan plom	kun yāi saiˇ fan blɔ̄m	外婆戴假牙	engine-auto	
初 2-6	แบงค์ปลอม	baeng plom	bhɛ̄ng blɔ̄m	假鈔	engine-auto	
初 2-6	ทำไมมีแบงค์ปลอม	thammai mii baeng plom	tam mai mī bhɛ̄ng blɔ̄m	為什麼有假鈔？	engine-auto	
初 2-6	ถุง	thung	tungˊ	袋子	engine-auto	
初 2-6	ถุงพลาสติก	thung phlaas-tik	tungˊ plā saˇ dikˇ	塑膠袋	derived	
初 2-6	เอาถุงพลาสติกไหมคะ	ao thung phlaas-tik mai kha	au tungˊ plā saˇ dikˇ maiˊ ka~	要塑膠袋嗎？	derived	
初 2-6	ต้องเสียเงิน	tong sia ngern	dɔ̄ngˋ sīaˊ ngə̄n	要付錢	engine-auto	
初 2-6	ถุงมือ	thung mue	tungˊ mɯ̄	手套	engine-auto	
初 2-6	ใส่ถุงมือ	sai thung mue	saiˇ tungˊ mɯ̄	戴手套	engine-auto	
初 2-6	ถุงเท้า	thung thao	tungˊ tāu~	襪子	engine-auto	
初 2-6	ใส่ถุงเท้า	sai thung thao	saiˇ tungˊ tāu~	穿襪子	engine-auto	
初 2-6	ถอด	thot	tɔ̄tˇ	脫	engine-auto	
初 2-6	ถอดเสื้อ	thot seua	tɔ̄tˇ sɯ̄aˋ	脫衣服	engine-auto	
初 2-6	ถอดกางเกง	thot kaang keng	tɔ̄tˇ gāng gēng	脫褲子	engine-auto	
初 2-6	ถอดรองเท้า	thot rong thao	tɔ̄tˇ rɔ̄ng tāu~	脫鞋	engine-auto	
初 2-6	ถอดแว่นตา	thot waen taa	tɔ̄tˇ wɛ̄nˋ dā	脫眼鏡	engine-auto	
初 2-6	ยี่ห้อ	yii hor	yīˋ hɔ̄ˋ	牌子	engine-auto	
初 2-6	ยี่ห้อนี้	yii hor nii	yīˋ hɔ̄ˋ nī~	這個牌子	engine-auto	
初 2-6	รองเท้ายี่ห้อนี้	rong thao yii hor nii	rɔ̄ng tāu~ yīˋ hɔ̄ˋ nī~	這個牌子的鞋子	engine-auto	
初 2-6	ใช้ดี	chai dee	chai~ dhī	好用	engine-auto	
初 2-6	แต่แพง	tae phaeng	dɛ̄ˇ pɛ̄ng	但是很貴	engine-auto	
初 2-6	ยี่ห้อนี้ใช้ดีแต่แพง	yii hor nii chai dee tae phaeng	yīˋ hɔ̄ˋ nī~ chai~ dhī dɛ̄ˇ pɛ̄ng	這個牌子很好用，但是很貴	engine-auto	
初 2-6	ยี่ห้ออะไร	yii hor a-rai	yīˋ hɔ̄ˋ aˇ rai	什麼牌子？	engine-auto	
初 2-6	มอเตอร์ไซค์	moh ter sai	mɔ̄ də̄ sai	摩托車	engine-auto	
初 2-6	ขี่มอเตอร์ไซค์	khee moh ter sai	kīˇ mɔ̄ də̄ sai	騎摩托車	engine-auto	
初 2-6	วินมอเตอร์ไซค์	win moh ter sai	win mɔ̄ də̄ sai	摩托車計程車站	engine-auto	
初 2-6	ปากซอยมีวินมอเตอร์ไซค์ไหม	pak soi mii win moh ter sai mai	bākˇ sɔ̄i mī win mɔ̄ də̄ sai maiˊ	巷口有摩托車計程車站嗎？	engine-auto	
初 2-6	ดาวน์โหลด	daao load	dhāu lōtˇ	下載	engine-auto	
初 2-6	กดไลค์	got like	gotˇ lai	按讚	derived	
初 2-6	คอมพิวเตอร์	khom phiw ter	kɔ̄m piw də̄	電腦	engine-auto	
初 2-6	...ไป...ไป	...pai...pai	...bai...bai	一邊...一邊...	engine-auto	
初 2-6	เดินไปดูไป	deun pai du pai	dhə̄n bai dhū bai	一邊走一邊看	engine-auto	
初 2-6	กินไปดูมือถือไป	kin pai du mue-thue pai	gin bai dhū mɯ̄ tɯ̄ˊ bai	一邊吃一邊看手機	engine-auto	
初 2-6	กินมาม่าไปดูมือถือไป	kin mama pai du mue-thue pai	gin mā māˋ bai dhū mɯ̄ tɯ̄ˊ bai	一邊吃泡麵一邊看手機	engine-auto	
初 2-6	คุยกันไม่รู้เรื่อง	khui kan mai ruu rueang	kui gan maiˋ rū~ rɯ̄angˋ	雞同鴨講	engine-auto	
初 2-6	คุย	khui	kui	聊天	engine-auto	
初 2-6	เรื่อง	reuang	rɯ̄angˋ	事情	book-exact	(book-exact已用引擎重新驗證)
初 2-6	เสียง	siang	sīangˊ	聲音	book-exact	(book-exact已用引擎重新驗證)
初 2-6	วันนี้ไม่มีเสียง	wan nii mai mii siang	wan nī~ maiˋ mī sīangˊ	今天沒有聲音	engine-auto	
初 2-6	เสียงดัง	siang dang	sīangˊ dhang	大聲	engine-auto	
初 2-6	ดัง	dang	dhang	很紅、很夯	engine-auto	
初 2-6	ร้านนี้ดัง	raan nii dang	rān~ nī~ dhang	這間店很紅	engine-auto	
初 2-6	เสียงดังหน่อยได้ไหมคะ	siang dang noi dai mai kha	sīangˊ dhang nɔ̄iˇ dhaiˋ maiˊ ka~	可以大聲一點嗎？	engine-auto	
初 2-6	เสียงเบา	siang bao	sīangˊ bhāu	小聲	engine-auto	
初 2-6	เบา	bao	bhāu	輕、輕輕的	engine-auto	
初 2-6	เสียงเบาหน่อยได้ไหมครับ	siang bao noi dai mai krap	sīangˊ bhāu nɔ̄iˇ dhaiˋ maiˊ krap~	可以小聲一點嗎？	engine-auto	
初 2-6	ฝน	fon	fonˊ	雨	derived	
初 2-6	ตก	tok	dokˇ	掉下來	engine-auto	
初 2-6	ฝนตก	fon tok	fonˊ dokˇ	下雨	derived	
初 2-6	เครื่องบินตก	khrueang bin tok	krɯ̄angˋ bhin dokˇ	墜機	engine-auto	
初 2-6	ตกน้ำ	tok nam	dokˇ nām~	掉在水裡	engine-auto	
初 2-6	ถ้าฝนตกก็ไม่ไปว่ายน้ำ	tha fon tok ko mai pai wai nam	tāˋ fonˊ dokˇ gɔ̄ˋ maiˋ bai wāiˋ nām~	如果下雨，就不去游泳	derived	
初 2-6	ว่ายน้ำเป็นไหม	wai nam pen mai	wāiˋ nām~ ben maiˊ	會游泳嗎？	engine-auto	
初 2-6	ฉันว่ายน้ำเป็นค่ะ	chan wai nam pen kha	chanˊ wāiˋ nām~ ben kaˋ	我會游泳	engine-auto	
初 2-6	ว่ายน้ำไม่เป็น	wai nam mai pen	wāiˋ nām~ maiˋ ben	我不會游泳	engine-auto	
初 2-6	ก็ไม่ไปว่ายน้ำ	ko mai pai wai nam	gɔ̄ˋ maiˋ bai wāiˋ nām~	就不去游泳	engine-auto	
初 2-6	(e.g., เบาๆ)	(e.g., bao bao)	(e.g., bhāu bhāu)	(形容詞重複表加強語氣)	engine-auto	
初 2-6	พูดเสียงดัง	phut siang dang	pūtˋ sīangˊ dhang	說話很大聲	engine-auto	
初 2-6	พูดเบาๆ	phut bao bao	pūtˋ bhāu bhāu	小聲說	engine-auto	
初 2-6	หนัก	nak	nakˇ	重	engine-auto	
初 2-6	ของหนัก	khong nak	kɔ̄ngˊ nakˇ	重的東西	engine-auto	
初 2-6	กระเป๋าหนังสือหนัก	kra-pao nang-sue nak	graˇ bāuˊ nangˊ sɯ̄ˊ nakˇ	書包很重	engine-auto	
初 2-6	นวดหนักๆหน่อย	nuat nak nak noi	nūatˋ nakˇ nakˇ nɔ̄iˇ	按重一點	engine-auto	
初 2-6	นวดเบาๆหน่อย	nuat bao bao noi	nūatˋ bhāu bhāu nɔ̄iˇ	按輕一點	engine-auto	
初 2-6	หนักเท่าไหร่	nak thao-rai	nakˇ tāuˋ raiˇ	多重？	engine-auto	
初 2-6	คุณหนักเท่าไหร่คะ	khun nak thao-rai kha	kun nakˇ tāuˋ raiˇ ka~	你多重？	engine-auto	
初 2-6	ผมหนัก 55 กิโล	phom nak ha-sip ha ki-lo	pomˊ nakˇ 55 giˇ lō	我重55公斤	engine-auto	
初 2-6	กระเป๋าเดินทางหนักเท่าไหร่	kra-pao deun-thang nak thao-rai	graˇ bāuˊ dhə̄n tāng nakˇ tāuˋ raiˇ	行李多重？	engine-auto	
初 2-6	โต	toh	dō	大 (形容人或成長)	engine-auto	
初 2-6	คนโต	khon toh	kon dō	老大	engine-auto	
初 2-6	ลูกชายคนโต	luuk chaai khon toh	lūkˋ chāi kon dō	大兒子	engine-auto	
初 2-6	ลูกคนโต	luuk khon toh	lūkˋ kon dō	老大 (不分性別)	engine-auto	
初 2-6	ลูกสาวคนโต	luuk saao khon toh	lūkˋ sāuˊ kon dō	大女兒	engine-auto	
初 2-6	เป็นลูกคนโตไหม	pen luuk khon toh mai	ben lūkˋ kon dō maiˊ	是老大嗎？	engine-auto	
初 2-6	เล็ก	lek	lek~	小	engine-auto	
初 2-6	คนเล็ก	khon lek	kon lek~	老么	engine-auto	
初 2-6	ลูกสาวคนเล็ก	luuk saao khon lek	lūkˋ sāuˊ kon lek~	小女兒	engine-auto	
初 2-6	เส้น	sen	sēnˋ	線、條	engine-auto	
初 2-6	เส้นใหญ่	sen yai	sēnˋ yaiˇ	粗的(麵條)	engine-auto	
初 2-6	เส้นเล็ก	sen lek	sēnˋ lek~	細的(麵條)	engine-auto	
初 2-6	เอาเส้นใหญ่หรือเส้นเล็ก	ao sen yai rue sen lek	au sēnˋ yaiˇ rɯ̄ˊ sēnˋ lek~	要粗的還是細的？	engine-auto	
初 2-6	ไซส์ใหญ่	size yai	sai yaiˇ	大號	engine-auto	
初 2-6	ตัว	tua	dūa	(件/隻/張的量詞)	engine-auto	
初 2-6	ตัวใหญ่	tua yai	dūa yaiˇ	大件(衣服)	engine-auto	
初 2-6	ไซส์เล็ก	size lek	sai lek~	小號	engine-auto	
初 2-6	ตัวเล็ก	tua lek	dūa lek~	小件(衣服)	engine-auto	
初 2-6	ใส่ไซส์อะไร	sai size a-rai	saiˇ sai aˇ rai	穿什麼尺寸？	engine-auto	
初 2-6	ยาว	yao	yāu	長	engine-auto	
初 2-6	สั้น	san	sanˋ	短	engine-auto	
初 2-6	ผมยาว	phom yao	pomˊ yāu	長髮	engine-auto	
初 2-6	ผมสั้น	phom san	pomˊ sanˋ	短髮	engine-auto	
初 2-6	เสื้อแขนยาว	seua khaen yao	sɯ̄aˋ kɛ̄nˊ yāu	長袖(上衣)	engine-auto	
初 2-6	เสื้อแขนสั้น	seua khaen san	sɯ̄aˋ kɛ̄nˊ sanˋ	短袖(上衣)	engine-auto	
初 2-6	กางเกงขายาว	kaang keng kha yao	gāng gēng kāˊ yāu	長褲	engine-auto	
初 2-6	กางเกงขาสั้น	kaang keng kha san	gāng gēng kāˊ sanˋ	短褲	engine-auto	
初 2-6	ใหม่	mai	maiˇ	新的	book-exact	(book-exact已用引擎重新驗證)
初 2-6	ดารา	da-ra	dhā rā	明星	engine-auto	
初 2-6	ดาราใหม่	da-ra mai	dhā rā maiˇ	新明星	engine-auto	
初 2-6	มีแฟนใหม่แล้ว	mii faen mai laew	mī fɛ̄n maiˇ lɛ̄u~	有新情人了	engine-auto	
初 2-6	รถใหม่	rot mai	rot~ maiˇ	新車	engine-auto	
初 2-6	ซื้อรถใหม่	seu rot mai	sɯ̄~ rot~ maiˇ	買新車	engine-auto	
初 2-6	บ้านใหม่	baan mai	bhānˋ maiˇ	新房子	engine-auto	
初 2-6	หางานใหม่	haa ngaan mai	hāˊ ngān maiˇ	找新工作	engine-auto	
初 2-6	ออฟฟิศใหม่	office mai	ɔ̄pˇ fit~ maiˇ	新辦公室	engine-auto	
初 2-6	รุ่น	run	runˋ	代、款、型號	engine-auto	
初 2-6	รุ่นใหม่	run mai	runˋ maiˇ	新一代、新款	engine-auto	
初 2-6	เก่า	kao	gāuˇ	舊的	engine-auto	
初 2-6	เพื่อนเก่า	phuean kao	pɯ̄anˋ gāuˇ	老朋友	engine-auto	
初 2-6	สามีเก่า	saa mii kao	sāˊ mī gāuˇ	前夫	engine-auto	
初 2-6	ภรรยาเก่า / เมียเก่า	phan ra yaa kao / mia kao	pan yā gāuˇ / mīa gāuˇ	前妻	derived	
初 2-6	รองเท้าเก่าใส่สบาย	rong thao kao sai sabai	rɔ̄ng tāu~ gāuˇ saiˇ saˇ bhāi	舊鞋好穿	engine-auto	
初 2-6	เก่าไม่ไปใหม่ไม่มา	kao mai pai mai mai maa	gāuˇ maiˋ bai maiˇ maiˋ mā	舊的不去，新的不來	engine-auto	
初 2-6	ถือ	thue	tɯ̄ˊ	提、拿	engine-auto	
初 2-6	แม่ถือของ	mae thue khong	mɛ̄ˋ tɯ̄ˊ kɔ̄ngˊ	媽媽在提東西	engine-auto	
初 2-6	ถือของหนัก	thue khong nak	tɯ̄ˊ kɔ̄ngˊ nakˇ	提重的東西	engine-auto	
初 2-6	ถือกระเป๋า	thue kra-pao	tɯ̄ˊ graˇ bāuˊ	提包包	engine-auto	
初 2-6	กระเป๋าถือ	kra-pao thue	graˇ bāuˊ tɯ̄ˊ	提包、手提包	engine-auto	
初 2-6	ถือขนมกลับไต้หวัน	thue khanom glap taiwan	tɯ̄ˊ kaˇ nom glapˇ daiˋ wanˊ	拿點心回台灣	engine-auto	
初 2-6	ถือเนื้อหมูกลับไต้หวันได้ไหม	thue nuea muu glap taiwan dai mai	tɯ̄ˊ nɯ̄a~ mūˊ glapˇ daiˋ wanˊ dhaiˋ maiˊ	可以拿豬肉回台灣嗎？	engine-auto	
初 2-6	ถือกลับไต้หวันไม่ได้	thue glap taiwan mai dai	tɯ̄ˊ glapˇ daiˋ wanˊ maiˋ dhaiˋ	不能拿回台灣	engine-auto	
初 2-6	กลับบ้าน	glap baan	glapˇ bhānˋ	回家	engine-auto	
初 2-6	รับ	rap	rap~	接、收	engine-auto	
初 2-6	ไปรับลูก	pai rap luuk	bai rap~ lūkˋ	去接小孩	engine-auto	
初 2-6	ไปรับเพื่อน	pai rap phuean	bai rap~ pɯ̄anˋ	去接朋友	engine-auto	
初 2-6	ไปรับแฟน	pai rap faen	bai rap~ fɛ̄n	去接男/女朋友	engine-auto	
初 2-6	มารับโทรศัพท์	maa rap thor-ra-sap	mā rap~ tō ra~ sapˇ	來接電話	engine-auto	
初 2-6	โทรหาใคร	tho ha khrai	tō hāˊ krai	打電話給誰？	engine-auto	
初 2-6	เงินเดือน	ngern deuan	ngə̄n dhɯ̄an	薪水	engine-auto	
初 2-6	รับเงินเดือน	rap ngern deuan	rap~ ngə̄n dhɯ̄an	領薪水	engine-auto	
初 2-6	รับส่ง	rap song	rap~ songˇ	接送	derived	
初 2-6	รถรับส่ง	rot rap song	rot~ rap~ songˇ	接駁車	derived	
初 2-6	มีรถรับส่งไหม	mii rot rap song mai	mī rot~ rap~ songˇ maiˊ	有接駁車嗎？	derived	
初 2-6	ทำงาน	tham ngaan	tam ngān	工作	engine-auto	
初 2-6	ทำงานอะไรคะ/ครับ	tham ngaan a-rai kha/krap	tam ngān aˇ rai ka~/krap~	做什麼工作？	engine-auto	
初 2-6	ทำงานที่ไหน	tham ngaan thii nai	tam ngān tīˋ naiˊ	在哪裡工作？	engine-auto	
初 2-6	ทำงานที่บ้าน	tham ngaan thii baan	tam ngān tīˋ bhānˋ	在家工作	engine-auto	
初 2-6	งานหนักไหม	ngaan nak mai	ngān nakˇ maiˊ	工作繁重嗎？	engine-auto	
初 2-6	งานเบา / งานสบาย	ngaan bao / ngaan sabai	ngān bhāu / ngān saˇ bhāi	工作輕鬆	engine-auto	
初 2-6	บริษัท	baw-ri-sat	bhɔ̄ ri~ satˇ	公司	derived	
初 2-6	ทำงานที่บริษัทอะไร	tham ngaan thii baw-ri-sat a-rai	tam ngān tīˋ bhɔ̄ ri~ satˇ aˇ rai	在哪間公司工作？	derived	
初 2-6	บริษัทไต้หวัน	baw-ri-sat taiwan	bhɔ̄ ri~ satˇ daiˋ wanˊ	台灣公司	derived	
初 2-6	บริษัทไทย	baw-ri-sat thai	bhɔ̄ ri~ satˇ tai	泰國公司	derived	
初 2-6	ดูถูก	duu thuk	dhū tūkˇ	看不起、看輕	engine-auto	
初 2-6	ไม่ดูถูกเขา	mai duu thuk khao	maiˋ dhū tūkˇ kāuˊ	不要看輕他	engine-auto	
初 2-6	ดูไม่ออก	duu mai ok	dhū maiˋ ɔ̄kˇ	看不出來	engine-auto	
初 2-6	โทรทัศน์	tho ra that	tō ra~ tat~	電視 (正式)	engine-auto	
初 2-6	ดูโทรทัศน์นาน	duu tho ra that naan	dhū tō ra~ tat~ nān	看電視看很久	engine-auto	
初 2-6	ละคร	la khon	la~ kɔ̄n	劇	derived	
初 2-6	ละครไทย	la khon thai	la~ kɔ̄n tai	泰劇	derived	
初 2-6	ดูละครไทย	duu la khon thai	dhū la~ kɔ̄n tai	看泰劇	derived	
初 2-6	คุยโทรศัพท์	khui tho ra sap	kui tō ra~ sapˇ	講電話	engine-auto	
初 2-6	คุยกับใคร	khui gap khrai	kui gapˇ krai	跟誰講話？	engine-auto	
初 2-6	หัวหน้า	hua na	hūaˊ nāˋ	上司	engine-auto	
初 2-6	คุยกับหัวหน้า	khui gap hua na	kui gapˇ hūaˊ nāˋ	跟上司講話	engine-auto	
初 2-6	คุยเรื่องอะไร	khui rueang a-rai	kui rɯ̄angˋ aˇ rai	聊什麼事情？	engine-auto	
初 2-6	คุยกันดีๆ	khui kan di di	kui gan dhī dhī	好好講話	engine-auto	
初 2-6	เล่นน้ำ	len nam	lēnˋ nām~	玩水	engine-auto	
初 2-6	เล่นหุ้น	len hun	lēnˋ hunˋ	玩股票	engine-auto	
初 2-6	เล่นกับหมา	len gap maa	lēnˋ gapˇ māˊ	跟狗玩	engine-auto	
初 2-6	หลาน	laan	lānˊ	孫子、孫女	engine-auto	
初 2-6	เล่นกับหลาน	len gap laan	lēnˋ gapˇ lānˊ	跟孫子/孫女玩	engine-auto	
初 2-6	เล่นอินเทอร์เน็ต	len internet	lēnˋ in tə̄ net~	上網	engine-auto	
初 2-6	เล่นกีตาร์	len gee taa	lēnˋ gī dā	彈吉他	engine-auto	
初 2-6	เล่นเปียโน	len pia no	lēnˋ bīa nō	彈鋼琴	engine-auto	
初 2-6	เล่นกอล์ฟ	len golf	lēnˋ gɔ̄pˇ	打高爾夫球	engine-auto	
初 2-6	เล่นเทนนิส	len tennis	lēnˋ tēn nit~	打網球	engine-auto	
初 2-6	ฝันดี	fan dee	fanˊ dhī	祝你好夢	engine-auto	
初 2-6	ขอบคุณมากค่ะ	khop khun mak kha	kɔ̄pˇ kun mākˋ kaˋ	非常謝謝	engine-auto	
初 2-7	เดินไป คุยไป	deun bpai kui bpai	dhə̄n bai kui bai	一邊走一邊聊	engine-auto	
初 2-7	เล่นไป กินไป	len bpai gin bpai	lēnˋ bai gin bai	一邊玩一邊吃	engine-auto	
初 2-7	ฟังไป เขียนไป	fang bpai khian bpai	fang bai kīanˊ bai	一邊聽一邊寫	engine-auto	
初 2-7	ทำงานไป เล่นมือถือไป	tam ngaan bpai len mue thue bpai	tam ngān bai lēnˋ mɯ̄ tɯ̄ˊ bai	一邊工作一邊玩手機	engine-auto	
初 2-7	เรียนไป เล่นมือถือไป	rian bpai len mue thue bpai	rīan bai lēnˋ mɯ̄ tɯ̄ˊ bai	一邊上課一邊玩手機	engine-auto	
初 2-7	ฝนตก	fon tok	fonˊ dokˇ	下雨	derived	
初 2-7	วันนี้ฝนตก	wan nee fon tok	wan nī~ fonˊ dokˇ	今天下雨	derived	
初 2-7	ฝนตกก็ต้องไปทำงาน	fon tok gor dtong bpai tam ngaan	fonˊ dokˇ gɔ̄ˋ dɔ̄ngˋ bai tam ngān	下雨也得去工作	derived	
初 2-7	ที่ไทยฝนตกไหม	tee thai fon tok mai	tīˋ tai fonˊ dokˇ maiˊ	泰國下雨嗎？	derived	
初 2-7	ฝนตกไหม	fon tok mai	fonˊ dokˇ maiˊ	下雨嗎？	derived	
初 2-7	ฝนไม่ตก	fon mai tok	fonˊ maiˋ dokˇ	沒下雨	derived	
初 2-7	ฝนตกหนัก	fon tok nak	fonˊ dokˇ nakˇ	下大雨	derived	
初 2-7	คุณว่ายน้ำเป็นไหม	khun wai naam bpen mai	kun wāiˋ nām~ ben maiˊ	你會游泳嗎？	engine-auto	
初 2-7	ฉันว่ายน้ำไม่เป็น	chan wai naam mai bpen	chanˊ wāiˋ nām~ maiˋ ben	我不會游泳	engine-auto	
初 2-7	ว่ายน้ำเก่ง	wai naam geng	wāiˋ nām~ gēngˇ	很會游泳	engine-auto	
初 2-7	เสียง	siang	sīangˊ	聲音	book-exact	(book-exact已用引擎重新驗證)
初 2-7	เสียงดัง	siang dang	sīangˊ dhang	大聲	engine-auto	
初 2-7	เสียงเบา	siang bao	sīangˊ bhāu	小聲	engine-auto	
初 2-7	เสียงดังหรือเสียงเบาคะ	siang dang rue siang bao kha	sīangˊ dhang rɯ̄ˊ sīangˊ bhāu ka~	大聲還是小聲？	engine-auto	
初 2-7	ไม่มีเสียง	mai mee siang	maiˋ mī sīangˊ	沒有聲音	engine-auto	
初 2-7	ไม่ค่อยมีเสียง	mai koi mee siang	maiˋ kɔ̄iˋ mī sīangˊ	不太有聲音	engine-auto	
初 2-7	เสียงอะไร	siang a-rai	sīangˊ aˇ rai	什麼聲音？	engine-auto	
初 2-7	เสียงของเด็ก	siang khong dek	sīangˊ kɔ̄ngˊ dhekˇ	小孩的聲音	engine-auto	
初 2-7	ทำไมเสียงดัง	tam-mai siang dang	tam mai sīangˊ dhang	為什麼大聲？	engine-auto	
初 2-7	ทำไมเสียงดังอย่างนี้	tam-mai siang dang yang nee	tam mai sīangˊ dhang yāngˋ nī~	為什麼這麼大聲？	engine-auto	
初 2-7	เสียงเบาหน่อย	siang bao noi	sīangˊ bhāu nɔ̄iˇ	小聲一點	engine-auto	
初 2-7	เสียงเบาๆ หน่อย	siang bao bao noi	sīangˊ bhāu bhāu nɔ̄iˇ	小聲一點	engine-auto	
初 2-7	ทิชชู่หนักหรือเบา	tichu nak rue bao	tit~ chūˋ nakˇ rɯ̄ˊ bhāu	衛生紙重還是輕？	engine-auto	
初 2-7	กระเป๋าหนังสือของเขาหนักหรือเบาคะ	gra-bpao nang-seu khong khao nak rue bao kha	graˇ bāuˊ nangˊ sɯ̄ˊ kɔ̄ngˊ kāuˊ nakˇ rɯ̄ˊ bhāu ka~	他的書包重還是輕？	engine-auto	
初 2-7	นวดหนักหน่อย	nuat nak noi	nūatˋ nakˇ nɔ̄iˇ	按重一點	engine-auto	
初 2-7	นวดหนักๆ หน่อย	nuat nak nak noi	nūatˋ nakˇ nakˇ nɔ̄iˇ	按重一點	engine-auto	
初 2-7	หมอนวด	mor nuat	mɔ̄ˊ nūatˋ	按摩師	engine-auto	
初 2-7	นวดเบาๆ หน่อย	nuat bao bao noi	nūatˋ bhāu bhāu nɔ̄iˇ	按輕一點	engine-auto	
初 2-7	งานหนัก	ngaan nak	ngān nakˇ	工作很重／辛苦	engine-auto	
初 2-7	งานเบา	ngaan bao	ngān bhāu	工作很輕／少	engine-auto	
初 2-7	งานสบาย	ngaan sa-bai	ngān saˇ bhāi	工作輕鬆	engine-auto	
初 2-7	โต	dto	dō	大	engine-auto	
初 2-7	ลูกคนโต	look khon dto	lūkˋ kon dō	老大（年紀最大的孩子）	engine-auto	
初 2-7	ลูกคนโตอายุเท่าไหร่	look khon dto aa-yu tao-rai	lūkˋ kon dō ā yu~ tāuˋ raiˇ	老大多大年紀？	engine-auto	
初 2-7	ปีนี้ลูกคนโตอายุเท่าไหร่	bpi nee look khon dto aa-yu tao-rai	bī nī~ lūkˋ kon dō ā yu~ tāuˋ raiˇ	今年老大多大？	engine-auto	
初 2-7	ปีนี้ลูกคนโตอายุ 5 ปี	bpi nee look khon dto aa-yu ha bpi	bī nī~ lūkˋ kon dō ā yu~ 5 bī	今年老大五歲	engine-auto	
初 2-7	เล็ก	lek	lek~	小	engine-auto	
初 2-7	เอาแก้วเล็ก	ao kaew lek	au gɛ̄uˋ lek~	我要小杯	engine-auto	
初 2-7	ขวดเล็ก	kuad lek	kūatˇ lek~	小瓶	derived	
初 2-7	ขวดเล็กเท่าไหร่	kuad lek tao-rai	kūatˇ lek~ tāuˋ raiˇ	小瓶多少錢？	derived	
初 2-7	ตาเล็ก	dta lek	dā lek~	小眼睛	engine-auto	
初 2-7	ตาโต	dta dto	dā dō	大眼睛	engine-auto	
初 2-7	ลูกคนเล็ก	look khon lek	lūkˋ kon lek~	老么	engine-auto	
初 2-7	ลูกคนเล็กชอบว่ายน้ำ	look khon lek chop wai naam	lūkˋ kon lek~ chɔ̄pˋ wāiˋ nām~	老么喜歡游泳	engine-auto	
初 2-7	คุณใส่ไซส์อะไร	khun sai size a-rai	kun saiˇ sai aˇ rai	你穿什麼尺寸？	engine-auto	
初 2-7	ฉันใส่ไซส์ M	chan sai size M	chanˊ saiˇ sai M	我穿M號	engine-auto	
初 2-7	ฉันใส่ไซส์ 8	chan sai size 8	chanˊ saiˇ sai 8	我穿8號	engine-auto	
初 2-7	เบอร์ 8	ber 8	bhə̄ 8	8號	engine-auto	
初 2-7	มีไซส์ 8 ไหม	mee size 8 mai	mī sai 8 maiˊ	有8號嗎？	engine-auto	
初 2-7	มีเบอร์ 8 ไหม	mee ber 8 mai	mī bhə̄ 8 maiˊ	有8號嗎？	engine-auto	
初 2-7	ตัวใหญ่	tua yai	dūa yaiˇ	大件／大號	engine-auto	
初 2-7	คุณใส่ตัวใหญ่ไม่สวย	khun sai tua yai mai suay	kun saiˇ dūa yaiˇ maiˋ sūayˊ	你穿大號不好看	engine-auto	
初 2-7	เธอใส่ตัวใหญ่ไม่สวย	ther sai tua yai mai suay	tə̄ saiˇ dūa yaiˇ maiˋ sūayˊ	你／她穿大號不好看	engine-auto	
初 2-7	คุณต้องใส่ตัวเล็ก	khun dtong sai tua lek	kun dɔ̄ngˋ saiˇ dūa lek~	你得穿小號	engine-auto	
初 2-7	ตัวเล็ก ตัวใหญ่	tua lek tua yai	dūa lek~ dūa yaiˇ	小號，大號	engine-auto	
初 2-7	กางเกง 1 ตัว	gaang-geng 1 tua	gāng gēng 1 dūa	一件褲子	engine-auto	
初 2-7	ตัวละเท่าไหร่	tua la tao-rai	dūa la~ tāuˋ raiˇ	一件／一個多少錢？	engine-auto	
初 2-7	กางเกงตัวละเท่าไหร่คะ	gaang-geng tua la tao-rai kha	gāng gēng dūa la~ tāuˋ raiˇ ka~	褲子一件多少錢？	engine-auto	
初 2-7	เก้าอี้ 2 ตัว	gao-ee 2 tua	gāuˋ īˋ 2 dūa	兩張椅子	engine-auto	
初 2-7	ขอเก้าอี้ 2 ตัวค่ะ	kho gao-ee 2 tua kha	kɔ̄ˊ gāuˋ īˋ 2 dūa kaˋ	請給我兩張椅子	engine-auto	
初 2-7	ขอเก้าอี้ 2 ตัวครับ	kho gao-ee 2 tua krap	kɔ̄ˊ gāuˋ īˋ 2 dūa krap~	請給我兩張椅子	engine-auto	
初 2-7	หมู 3 ตัว	moo 3 tua	mūˊ 3 dūa	三隻豬	engine-auto	
初 2-7	ปลา 2 ตัว	bplaa 2 tua	blā 2 dūa	兩條魚	engine-auto	
初 2-7	บ้านฉันมีหมู 3 ตัว	baan chan mee moo 3 tua	bhānˋ chanˊ mī mūˊ 3 dūa	我家有三隻豬	engine-auto	
初 2-7	ยาว	yaao	yāu	長	engine-auto	
初 2-7	ผมยาว	pom yaao	pomˊ yāu	長頭髮	engine-auto	
初 2-7	ผู้หญิงผมยาว	phu-ying pom yaao	pūˋ yingˊ pomˊ yāu	長頭髮的女生	engine-auto	
初 2-7	กางเกงขายาว	gaang-geng kaa-yaao	gāng gēng kāˊ yāu	長褲	engine-auto	
初 2-7	เสื้อแขนยาว	seua khaen yaao	sɯ̄aˋ kɛ̄nˊ yāu	長袖（衣服）	engine-auto	
初 2-7	สั้น	san	sanˋ	短	engine-auto	
初 2-7	กางเกงขาสั้น	gaang-geng kaa-san	gāng gēng kāˊ sanˋ	短褲	engine-auto	
初 2-7	ใส่ขาสั้น	sai kaa-san	saiˇ kāˊ sanˋ	穿短褲	engine-auto	
初 2-7	ชอบใส่ขาสั้น	chop sai kaa-san	chɔ̄pˋ saiˇ kāˊ sanˋ	喜歡穿短褲	engine-auto	
初 2-7	ใส่ขาสั้นไม่ได้	sai kaa-san mai dai	saiˇ kāˊ sanˋ maiˋ dhaiˋ	不能穿短褲	engine-auto	
初 2-7	ไปวัดใส่ขาสั้นไม่ได้	bpai wat sai kaa-san mai dai	bai wat~ saiˇ kāˊ sanˋ maiˋ dhaiˋ	去寺廟不能穿短褲	engine-auto	
初 2-7	ใหม่	mai	maiˇ	新	book-exact	(book-exact已用引擎重新驗證)
初 2-7	บ้านใหม่	baan mai	bhānˋ maiˇ	新房子	engine-auto	
初 2-7	พ่อซื้อบ้านใหม่	phor sue baan mai	pɔ̄ˋ sɯ̄~ bhānˋ maiˇ	爸爸買新房子	engine-auto	
初 2-7	กระเป๋าใหม่	gra-bpao mai	graˇ bāuˊ maiˇ	新包包	engine-auto	
初 2-7	แม่มีกระเป๋าใหม่	mae mee gra-bpao mai	mɛ̄ˋ mī graˇ bāuˊ maiˇ	媽媽有新包包	engine-auto	
初 2-7	มือถือใหม่	mue-thue mai	mɯ̄ tɯ̄ˊ maiˇ	新手機	engine-auto	
初 2-7	ฉันอยากซื้อมือถือใหม่	chan yaak sue mue-thue mai	chanˊ yākˋ sɯ̄~ mɯ̄ tɯ̄ˊ maiˇ	我想買新手機	engine-auto	
初 2-7	เก่า	gao	gāuˇ	舊、老	engine-auto	
初 2-7	หนังเก่า	nang gao	nangˊ gāuˇ	老電影	engine-auto	
初 2-7	เคย	koey	kə̄i	曾經	engine-auto	
初 2-7	เคยดู	koey duu	kə̄i dhū	看過	engine-auto	
初 2-7	ฉันเคยดู	chan koey duu	chanˊ kə̄i dhū	我看過	engine-auto	
初 2-7	เคยไปประเทศไทยไหม	koey bpai prathet thai mai	kə̄i bai braˇ tētˋ tai maiˊ	去過泰國嗎？	engine-auto	
初 2-7	เคยไป	koey bpai	kə̄i bai	去過	engine-auto	
初 2-7	เคยกิน	koey gin	kə̄i gin	吃過	engine-auto	
初 2-7	หนังสือเก่า	nang-seu gao	nangˊ sɯ̄ˊ gāuˇ	舊書	engine-auto	
初 2-7	ละคร	la-korn	la~ kɔ̄n	戲劇	derived	
初 2-7	ละครเก่า	la-korn gao	la~ kɔ̄n gāuˇ	舊的戲劇	derived	
初 2-7	เปาบุ้นจิ้น	pao bun jin	bāu bhunˋ jinˋ	包青天	engine-auto	
初 2-7	เพื่อนเก่า	phuean gao	pɯ̄anˋ gāuˇ	老朋友	engine-auto	
初 2-7	เพื่อนเก่าของฉัน	phuean gao khong chan	pɯ̄anˋ gāuˇ kɔ̄ngˊ chanˊ	我的老朋友	engine-auto	
初 2-7	เขาเป็นเพื่อนเก่าของผม	khao bpen phuean gao khong phom	kāuˊ ben pɯ̄anˋ gāuˇ kɔ̄ngˊ pomˊ	他是我的老朋友	engine-auto	
初 2-7	รุ่น	run	runˋ	代、輩、型號、屆	engine-auto	
初 2-7	รุ่นเก่า	run gao	runˋ gāuˇ	舊款／舊代	engine-auto	
初 2-7	รุ่นใหม่	run mai	runˋ maiˇ	新款／新代	engine-auto	
初 2-7	คนรุ่นใหม่	khon run mai	kon runˋ maiˇ	新一代的人	engine-auto	
初 2-7	รุ่นพี่	run pee	runˋ pīˋ	學長／學姊	engine-auto	
初 2-7	รุ่นน้อง	run nong	runˋ nɔ̄ng~	學弟／學妹	engine-auto	
初 2-7	นี่มือถือรุ่นไหน	ni mue-thue run nai	nīˋ mɯ̄ tɯ̄ˊ runˋ naiˊ	這是哪一款手機？	engine-auto	
初 2-7	ถือ	thue	tɯ̄ˊ	提、拿	engine-auto	
初 2-7	คุณถืออะไร	khun thue a-rai	kun tɯ̄ˊ aˇ rai	你在提什麼？	engine-auto	
初 2-7	ถือของหนัก	thue khong nak	tɯ̄ˊ kɔ̄ngˊ nakˇ	提重的東西	engine-auto	
初 2-7	ถือของเยอะ	thue khong yuh	tɯ̄ˊ kɔ̄ngˊ yə~	提很多東西	engine-auto	
初 2-7	รับ	rap	rap~	接、收取、領取	engine-auto	
初 2-7	เพื่อนคนไทย	phuean khon thai	pɯ̄anˋ kon tai	泰國朋友	engine-auto	
初 2-7	มาไต้หวัน	ma tai-wan	mā daiˋ wanˊ	來台灣	engine-auto	
初 2-7	ฉันไปรับคุณ	chan bpai rap khun	chanˊ bai rap~ kun	我去接你	engine-auto	
初 2-7	ฉันไปรับคุณที่สนามบิน	chan bpai rap khun tee sa-naam-bin	chanˊ bai rap~ kun tīˋ saˇ nām bhin	我去機場接你	derived	
初 2-7	ขอบคุณมากค่ะ	khop khun mak kha	kɔ̄pˇ kun mākˋ kaˋ	非常謝謝	engine-auto	
初 2-7	ขอบคุณนะ	khop khun na	kɔ̄pˇ kun na~	謝謝喔	engine-auto	
初 2-7	ไม่ต้อง	mai dtong	maiˋ dɔ̄ngˋ	不用	engine-auto	
初 2-7	เกรงใจ	kreng jai	grēng jai	不好意思、客氣	engine-auto	
初 2-7	มีรถรับส่งไหม	mee rot rap song mai	mī rot~ rap~ songˇ maiˊ	有接駁車嗎？	derived	
初 2-7	มีรถรับส่งสนามบินไหม	mee rot rap song sa-naam-bin mai	mī rot~ rap~ songˇ saˇ nām bhin maiˊ	有機場接駁車嗎？	derived	
初 2-7	มีรถรับส่งตลาดน้ำไหม	mee rot rap song talaat nam mai	mī rot~ rap~ songˇ daˇ lātˋ nām~ maiˊ	有水上市場的接駁車嗎？	derived	
初 2-7	มารับ	maa rap	mā rap~	來接	engine-auto	
初 2-7	รับโทรศัพท์	rap tho-ra-sap	rap~ tō ra~ sapˇ	接電話	engine-auto	
初 2-7	ไปรับลูก	bpai rap look	bai rap~ lūkˋ	去接小孩	engine-auto	
初 2-7	รับเงินเดือน	rap ngern deuan	rap~ ngə̄n dhɯ̄an	領薪水	engine-auto	
初 2-7	บริษัท	baw-ri-sat	bhɔ̄ ri~ satˇ	公司	derived	
初 2-7	บริษัทใหญ่	baw-ri-sat yai	bhɔ̄ ri~ satˇ yaiˇ	大公司	derived	
初 2-7	คุณทำงานบริษัทอะไร	khun tam-ngaan baw-ri-sat a-rai	kun tam ngān bhɔ̄ ri~ satˇ aˇ rai	你在哪家(什麼)公司工作？	derived	
初 2-7	คุณทำงานบริษัทไหน	khun tam-ngaan baw-ri-sat nai	kun tam ngān bhɔ̄ ri~ satˇ naiˊ	你在哪家公司工作？	derived	
初 2-7	บริษัทชื่ออะไร	baw-ri-sat chue a-rai	bhɔ̄ ri~ satˇ chɯ̄ˋ aˇ rai	公司叫什麼名字？	derived	
初 2-7	ละคร	la-korn	la~ kɔ̄n	戲劇	derived	
初 2-7	ละครผู้ใหญ่	la-korn phu yai	la~ kɔ̄n pūˋ yaiˇ	成人戲劇	derived	
初 2-7	ละครเด็ก	la-korn dek	la~ kɔ̄n dhekˇ	兒童戲劇	derived	
初 2-7	เพราะว่าชอบดูละครไทย ก็เลยมาเรียนภาษาไทย	phro-wa chop du la-korn thai gor loey maa rian phasa thai	prɔ~ wāˋ chɔ̄pˋ dhū la~ kɔ̄n tai gɔ̄ˋ lə̄i mā rīan pā sāˊ tai	因為喜歡看泰劇，所以就來學泰文	derived	
初 2-7	เรื่อง	reuang	rɯ̄angˋ	事情、部(量詞)	book-exact	(book-exact已用引擎重新驗證)
初 2-7	มีเรื่องอะไร	mee reuang a-rai	mī rɯ̄angˋ aˇ rai	有什麼事？	engine-auto	
初 2-7	ละครเรื่องนี้	la-korn reuang nee	la~ kɔ̄n rɯ̄angˋ nī~	這部戲劇	derived	
初 2-7	ละครเรื่องนี้สนุกมาก	la-korn reuang nee sa-nuk mak	la~ kɔ̄n rɯ̄angˋ nī~ saˇ nuk~ mākˋ	這部戲劇很好看	derived	
初 2-7	ชอบดูเรื่องไหน	chop du reuang nai	chɔ̄pˋ dhū rɯ̄angˋ naiˊ	喜歡看哪一部？	engine-auto	
初 2-7	ดารา	da-ra	dhā rā	明星	engine-auto	
初 2-7	ดาราไทย	da-ra thai	dhā rā tai	泰國明星	engine-auto	
初 2-7	พวกเขาเป็นดาราไทย	phuak khao bpen da-ra thai	pūakˋ kāuˊ ben dhā rā tai	他們是泰國明星	engine-auto	
初 2-7	คุย	kui	kui	聊、談	engine-auto	
初 2-7	คุยกับใคร	kui gap krai	kui gapˇ krai	跟誰聊天？	engine-auto	
初 2-7	คุยกับแฟน	kui gap faen	kui gapˇ fɛ̄n	跟情人聊天	engine-auto	
初 2-7	คุยไลน์กับแฟน	kui line gap faen	kui lai gapˇ fɛ̄n	用Line跟情人聊天	engine-auto	
初 2-7	ใช้ไลน์คุยกับแฟน	chai line kui gap faen	chai~ lai kui gapˇ fɛ̄n	用Line跟情人聊天	engine-auto	
初 2-7	เล่นกีตาร์เป็นไหม	len gee-ta bpen mai	lēnˋ gī dā ben maiˊ	會彈吉他嗎？	engine-auto	
初 2-7	เล่นไม่เป็น	len mai bpen	lēnˋ maiˋ ben	不會玩／彈／打	engine-auto	
初 2-7	เล่นกอล์ฟเป็นไหม	len golf bpen mai	lēnˋ gɔ̄pˇ ben maiˊ	會打高爾夫球嗎？	engine-auto	
初 2-7	คุณชอบเล่นอะไร	khun chop len a-rai	kun chɔ̄pˋ lēnˋ aˇ rai	你喜歡玩什麼？	engine-auto	
初 2-7	ฉันชอบเล่นเกม	chan chop len game	chanˊ chɔ̄pˋ lēnˋ gēm	我喜歡玩遊戲	engine-auto	
初 2-7	ล้อเล่น	lor len	lɔ̄~ lēnˋ	開玩笑	engine-auto	
初 2-7	สี	see	sīˊ	顏色	engine-auto	
初 2-7	มี สี อื่น ไหม	mee see eun mai	mī sīˊ ɯ̄nˇ maiˊ	有其他顏色嗎？	engine-auto	
初 2-7	อื่น	eun	ɯ̄nˇ	其他	engine-auto	
初 2-7	คน อื่น	khon eun	kon ɯ̄nˇ	其他人	engine-auto	
初 2-7	วัน อื่น	wan eun	wan ɯ̄nˇ	其他天	engine-auto	
初 2-7	อัน อื่น	an eun	an ɯ̄nˇ	其他的(東西)	engine-auto	
初 2-7	แก้ว อื่น	kaew eun	gɛ̄uˋ ɯ̄nˇ	其他的杯子	engine-auto	
初 2-7	มี สี อื่น ไหม	mee see eun mai	mī sīˊ ɯ̄nˇ maiˊ	有其他顏色嗎？	engine-auto	
初 2-7	มี สี อื่น ไหม คะ	mee see eun mai kha	mī sīˊ ɯ̄nˇ maiˊ ka~	有其他顏色嗎？(女/ค่ะ)	engine-auto	
初 2-7	นี้ สวย กว่า	nee suay gwa	nī~ sūayˊ gwāˇ	這個比較漂亮	engine-auto	
初 2-7	ตัว นี้ สวย กว่า	tua nee suay gwa	dūa nī~ sūayˊ gwāˇ	這件比較漂亮	engine-auto	
初 2-7	ร้าน นี้ อร่อย กว่า	raan nee aroi gwa	rān~ nī~ aˇ rɔ̄iˋ gwāˇ	這間店比較好吃	engine-auto	
初 2-7	สี นี้ สวย กว่า	see nee suay gwa	sīˊ nī~ sūayˊ gwāˇ	這個顏色比較漂亮	engine-auto	
初 2-7	ร้าน นี้ ถูก กว่า	raan nee took gwa	rān~ nī~ tūkˇ gwāˇ	這間店比較便宜	engine-auto	
初 2-7	ลาย	laai	lāi	花紋	book-exact	(book-exact已用引擎重新驗證)
初 2-7	ลาย นี้ สวย ที่สุด	laai nee suay tee sut	lāi nī~ sūayˊ tīˋ sutˇ	這個花紋最漂亮	engine-auto	
初 2-7	ที่สุด	tee sut	tīˋ sutˇ	最	engine-auto	
初 2-7	ลาย นี้ สวย ที่สุด	laai nee suay tee sut	lāi nī~ sūayˊ tīˋ sutˇ	這個花紋最漂亮	engine-auto	
初 2-7	ที่สุด	tee sut	tīˋ sutˇ	最	engine-auto	
初 2-7	เดือน นี้ ร้อน ที่สุด	deuan nee ron tee sut	dhɯ̄an nī~ rɔ̄n~ tīˋ sutˇ	這個月最熱	engine-auto	
初 2-7	เดือน สี่ ร้อน ที่สุด	deuan see ron tee sut	dhɯ̄an sīˇ rɔ̄n~ tīˋ sutˇ	四月最熱	engine-auto	
初 2-7	สีเขียว	see khieow	sīˊ kīauˊ	綠色	engine-auto	
初 2-7	ไฟเขียว	fai khieow	fai kīauˊ	綠燈	engine-auto	
初 2-7	ไฟเขียว ไปได้	fai khieow bpai dai	fai kīauˊ bai dhaiˋ	綠燈，可以走	engine-auto	
初 2-7	ถั่วเขียว	thua khieow	tūaˇ kīauˊ	綠豆	engine-auto	
初 2-7	ชอบกินถั่วเขียวไหมคะ	chop gin thua khieow mai kha	chɔ̄pˋ gin tūaˇ kīauˊ maiˊ ka~	喜歡吃綠豆嗎？(女/ค่ะ)	engine-auto	
初 2-7	สีแดง	see daeng	sīˊ dhɛ̄ng	紅色	engine-auto	
初 2-7	ชอบสีอะไรที่สุด	chop see a-rai tee sut	chɔ̄pˋ sīˊ aˇ rai tīˋ sutˇ	最喜歡什麼顏色？	engine-auto	
初 2-7	ไฟแดง ไปไม่ได้	fai daeng bpai mai dai	fai dhɛ̄ng bai maiˋ dhaiˋ	紅燈，不能走	engine-auto	
初 2-7	ถั่วแดง	thua daeng	tūaˇ dhɛ̄ng	紅豆	engine-auto	
初 2-7	ชอบกินถั่วแดงไหมคะ	chop gin thua daeng mai kha	chɔ̄pˋ gin tūaˇ dhɛ̄ng maiˊ ka~	喜歡吃紅豆嗎？(女/ค่ะ)	engine-auto	
初 2-7	สีเหลือง	see lueang	sīˊ lɯ̄angˊ	黃色	engine-auto	
初 2-7	ชอบสีเหลืองไหมคะ	chop see lueang mai kha	chɔ̄pˋ sīˊ lɯ̄angˊ maiˊ ka~	喜歡黃色嗎？(女/ค่ะ)	engine-auto	
初 2-7	ไฟเหลือง	fai lueang	fai lɯ̄angˊ	黃燈	engine-auto	
初 2-7	ถั่วเหลือง	thua lueang	tūaˇ lɯ̄angˊ	黃豆	engine-auto	
初 2-7	สีขาว	see khaw	sīˊ kāuˊ	白色	engine-auto	
初 2-7	คุณยามีผมขาว	khun ya mee phom khaw	kun yā mī pomˊ kāuˊ	外婆有白頭髮	engine-auto	
初 2-7	เขาผิวขาวมาก	khao phiw khaw mak	kāuˊ piwˊ kāuˊ mākˋ	他/她皮膚很白	engine-auto	
初 2-7	สีดำ	see dam	sīˊ dham	黑色	engine-auto	
初 2-7	แมวดำ	maeo dam	mɛ̄u dham	黑貓	engine-auto	
初 2-7	แมว	maeo	mɛ̄u	貓	engine-auto	
初 2-7	ใช้แมวดำ	chai maeo dam	chai~ mɛ̄u dham	使用黑貓(快遞)	engine-auto	
初 2-7	เสื้อดำ	seua dam	sɯ̄aˋ dham	黑色的衣服 / 髒衣服	engine-auto	
初 2-7	ผิวดำ	phiw dam	piwˊ dham	皮膚黑	engine-auto	
初 2-7	ผู้ชายคนนี้ผิวดำ	phu chai khon nee phiw dam	pūˋ chāi kon nī~ piwˊ dham	這個男生皮膚很黑	engine-auto	
初 2-7	สีเทา	see thao	sīˊ tāu	灰色	engine-auto	
初 2-7	สีขาวกับสีดำ	see khaw gap see dam	sīˊ kāuˊ gapˇ sīˊ dham	白色和黑色	engine-auto	
初 2-7	รวมกัน	ruam kan	rūam gan	混在一起	engine-auto	
初 2-7	รวม	ruam	rūam	混合	engine-auto	
初 2-7	กัน	kan	gan	一起	engine-auto	
初 2-7	ผัดผักรวมมิตร	phat phak ruam mit	patˇ pakˇ rūam mit~	什錦炒菜	derived	
初 2-7	สีขาวกับสีดำ รวมกันเป็นสีเทา	see khaw gap see dam ruam kan bpen see thao	sīˊ kāuˊ gapˇ sīˊ dham rūam gan ben sīˊ tāu	白色和黑色混在一起變成灰色	engine-auto	
初 2-7	สีฟ้า	see fa	sīˊ fā~	天藍色	engine-auto	
初 2-7	ฟ้า	fa	fā~	天空	engine-auto	
初 2-7	ฟ้าสีฟ้า	fa see fa	fā~ sīˊ fā~	天空是藍色的	engine-auto	
初 2-7	ปลาสิฟ้า	bplaa see fa	blā siˇ fā~	藍色的魚	engine-auto	
初 2-7	น้ำทะเลก็สีฟ้า	nam tha-le gor see fa		海水也是藍色的	unresolved	英文外來語/正式縮寫/原始資料異常，見全課-仍不確定清單.tsv
初 2-7	ฟ้าสวย	fa suay	fā~ sūayˊ	天空很美	engine-auto	
初 2-7	สีส้ม	see som	sīˊ somˋ	橘色	engine-auto	
初 2-7	ส้ม	som	somˋ	橘子	engine-auto	
初 2-7	ส้มสีส้ม	som see som	somˋ sīˊ somˋ	橘子是橘色的	engine-auto	
初 2-7	สีม่วง	see muang	sīˊ mūangˋ	紫色	engine-auto	
初 2-7	ม่วง	muang	mūangˋ	紫	engine-auto	
初 2-7	องุ่น	a-ngun	aˇ ngunˋ	葡萄	derived	
初 2-7	องุ่นสีม่วง	a-ngun see muang	aˇ ngunˋ sīˊ mūangˋ	紫葡萄	derived	
初 2-7	องุ่นสีเขียว	a-ngun see khieow	aˇ ngunˋ sīˊ kīauˊ	綠葡萄	derived	
初 2-7	องุ่นสีแดง	a-ngun see daeng	aˇ ngunˋ sīˊ dhɛ̄ng	紅葡萄	derived	
初 2-7	องุ่นสีดำ	a-ngun see dam	aˇ ngunˋ sīˊ dham	黑葡萄	derived	
初 2-7	กากี	ga-kee	gā gī	卡其色	engine-auto	
初 2-7	สีกากี	see ga-kee	sīˊ gā gī	卡其色	engine-auto	
初 2-7	ตำรวจ	tam-ruat	dam rūatˋ	警察	engine-auto	
初 2-7	สีน้ำตาล	see nam dtaan	sīˊ nām~ dān	棕色、咖啡色	engine-auto	
初 2-7	น้ำตาล	nam dtaan	nām~ dān	糖	engine-auto	
初 2-7	ไม่ใส่น้ำตาล	mai sai nam dtaan	maiˋ saiˇ nām~ dān	不加糖	engine-auto	
初 2-7	สีกาแฟ	see ga-fae	sīˊ gā fɛ̄	咖啡色	engine-auto	
初 2-7	สีน้ำเงิน	see nam ngern	sīˊ nām~ ngə̄n	深藍色	engine-auto	
初 2-7	น้ำ	nam	nām~	水	engine-auto	
初 2-7	เงิน	ngern	ngə̄n	銀、錢	engine-auto	
初 2-7	มีเงิน	mee ngern	mī ngə̄n	有錢	engine-auto	
初 2-7	ฉันชอบสีน้ำเงิน	chan chop see nam ngern	chanˊ chɔ̄pˋ sīˊ nām~ ngə̄n	我喜歡深藍色	engine-auto	
初 2-7	สีชมพู	see chomphoo	sīˊ chom pū	粉紅色	derived	
初 2-7	เฮลโลคิตตี้สีชมพู	hello kitty see chomphoo		Hello Kitty 是粉紅色的	unresolved	英文外來語/正式縮寫/原始資料異常，見全課-仍不確定清單.tsv
初 2-7	ชอบสีเทามากกว่า	chop see thao mak gwa	chɔ̄pˋ sīˊ tāu mākˋ gwāˇ	比較喜歡灰色	engine-auto	
初 2-7	สีทอง	see thong	sīˊ tɔ̄ng	金色	engine-auto	
初 2-7	พระ	phra	pra~	佛像、僧侶	engine-auto	
初 2-7	พระสีทอง	phra see thong	pra~ sīˊ tɔ̄ng	金色的佛像	engine-auto	
初 2-7	เงิน	ngern	ngə̄n	銀、錢	engine-auto	
初 2-7	สีเงิน	see ngern	sīˊ ngə̄n	銀色	engine-auto	
初 2-7	กระเป๋าสีเงิน	gra-bpao see ngern	graˇ bāuˊ sīˊ ngə̄n	銀色的包包	engine-auto	
初 2-7	สีรุ้ง	see rung	sīˊ rung~	彩虹色	engine-auto	
初 2-7	รุ้ง	rung	rung~	彩虹	engine-auto	
初 2-7	ธง	thong	tong	旗子	derived	
初 2-7	ธงสีรุ้ง	thong see rung	tong sīˊ rung~	彩虹旗	derived	
初 2-8	เดินไป คุยไป	deun bpai kui bpai	dhə̄n bai kui bai	一邊走一邊聊	engine-auto	
初 2-8	เล่นไป กินไป	len bpai gin bpai	lēnˋ bai gin bai	一邊玩一邊吃	engine-auto	
初 2-8	ฟังไป เขียนไป	fang bpai khian bpai	fang bai kīanˊ bai	一邊聽一邊寫	engine-auto	
初 2-8	ทำงานไป เล่นมือถือไป	tam ngaan bpai len mue thue bpai	tam ngān bai lēnˋ mɯ̄ tɯ̄ˊ bai	一邊工作一邊玩手機	engine-auto	
初 2-8	เรียนไป เล่นมือถือไป	rian bpai len mue thue bpai	rīan bai lēnˋ mɯ̄ tɯ̄ˊ bai	一邊上課一邊玩手機	engine-auto	
初 2-8	ฝนตก	fon tok	fonˊ dokˇ	下雨	derived	
初 2-8	วันนี้ฝนตก	wan nee fon tok	wan nī~ fonˊ dokˇ	今天下雨	derived	
初 2-8	ฝนตกก็ต้องไปทำงาน	fon tok gor dtong bpai tam ngaan	fonˊ dokˇ gɔ̄ˋ dɔ̄ngˋ bai tam ngān	下雨也得去工作	derived	
初 2-8	ที่ไทยฝนตกไหม	tee thai fon tok mai	tīˋ tai fonˊ dokˇ maiˊ	泰國下雨嗎？	derived	
初 2-8	ฝนตกไหม	fon tok mai	fonˊ dokˇ maiˊ	下雨嗎？	derived	
初 2-8	ฝนไม่ตก	fon mai tok	fonˊ maiˋ dokˇ	沒下雨	derived	
初 2-8	ฝนตกหนัก	fon tok nak	fonˊ dokˇ nakˇ	下大雨	derived	
初 2-8	คุณว่ายน้ำเป็นไหม	khun wai naam bpen mai	kun wāiˋ nām~ ben maiˊ	你會游泳嗎？	engine-auto	
初 2-8	ฉันว่ายน้ำไม่เป็น	chan wai naam mai bpen	chanˊ wāiˋ nām~ maiˋ ben	我不會游泳	engine-auto	
初 2-8	ว่ายน้ำเก่ง	wai naam geng	wāiˋ nām~ gēngˇ	很會游泳	engine-auto	
初 2-8	เสียง	siang	sīangˊ	聲音	book-exact	(book-exact已用引擎重新驗證)
初 2-8	เสียงดัง	siang dang	sīangˊ dhang	大聲	engine-auto	
初 2-8	เสียงเบา	siang bao	sīangˊ bhāu	小聲	engine-auto	
初 2-8	เสียงดังหรือเสียงเบาคะ	siang dang rue siang bao kha	sīangˊ dhang rɯ̄ˊ sīangˊ bhāu ka~	大聲還是小聲？	engine-auto	
初 2-8	ไม่มีเสียง	mai mee siang	maiˋ mī sīangˊ	沒有聲音	engine-auto	
初 2-8	ไม่ค่อยมีเสียง	mai koi mee siang	maiˋ kɔ̄iˋ mī sīangˊ	不太有聲音	engine-auto	
初 2-8	เสียงอะไร	siang a-rai	sīangˊ aˇ rai	什麼聲音？	engine-auto	
初 2-8	เสียงของเด็ก	siang khong dek	sīangˊ kɔ̄ngˊ dhekˇ	小孩的聲音	engine-auto	
初 2-8	ทำไมเสียงดัง	tam-mai siang dang	tam mai sīangˊ dhang	為什麼大聲？	engine-auto	
初 2-8	ทำไมเสียงดังอย่างนี้	tam-mai siang dang yang nee	tam mai sīangˊ dhang yāngˋ nī~	為什麼這麼大聲？	engine-auto	
初 2-8	เสียงเบาหน่อย	siang bao noi	sīangˊ bhāu nɔ̄iˇ	小聲一點	engine-auto	
初 2-8	เสียงเบาๆ หน่อย	siang bao bao noi	sīangˊ bhāu bhāu nɔ̄iˇ	小聲一點	engine-auto	
初 2-8	ทิชชู่หนักหรือเบา	tichu nak rue bao	tit~ chūˋ nakˇ rɯ̄ˊ bhāu	衛生紙重還是輕？	engine-auto	
初 2-8	กระเป๋าหนังสือของเขาหนักหรือเบาคะ	gra-bpao nang-seu khong khao nak rue bao kha	graˇ bāuˊ nangˊ sɯ̄ˊ kɔ̄ngˊ kāuˊ nakˇ rɯ̄ˊ bhāu ka~	他的書包重還是輕？	engine-auto	
初 2-8	นวดหนักหน่อย	nuat nak noi	nūatˋ nakˇ nɔ̄iˇ	按重一點	engine-auto	
初 2-8	นวดหนักๆ หน่อย	nuat nak nak noi	nūatˋ nakˇ nakˇ nɔ̄iˇ	按重一點	engine-auto	
初 2-8	หมอนวด	mor nuat	mɔ̄ˊ nūatˋ	按摩師	engine-auto	
初 2-8	นวดเบาๆ หน่อย	nuat bao bao noi	nūatˋ bhāu bhāu nɔ̄iˇ	按輕一點	engine-auto	
初 2-8	งานหนัก	ngaan nak	ngān nakˇ	工作很重／辛苦	engine-auto	
初 2-8	งานเบา	ngaan bao	ngān bhāu	工作很輕／少	engine-auto	
初 2-8	งานสบาย	ngaan sa-bai	ngān saˇ bhāi	工作輕鬆	engine-auto	
初 2-8	โต	dto	dō	大	engine-auto	
初 2-8	ลูกคนโต	look khon dto	lūkˋ kon dō	老大（年紀最大的孩子）	engine-auto	
初 2-8	ลูกคนโตอายุเท่าไหร่	look khon dto aa-yu tao-rai	lūkˋ kon dō ā yu~ tāuˋ raiˇ	老大多大年紀？	engine-auto	
初 2-8	ปีนี้ลูกคนโตอายุเท่าไหร่	bpi nee look khon dto aa-yu tao-rai	bī nī~ lūkˋ kon dō ā yu~ tāuˋ raiˇ	今年老大多大？	engine-auto	
初 2-8	ปีนี้ลูกคนโตอายุ 5 ปี	bpi nee look khon dto aa-yu ha bpi	bī nī~ lūkˋ kon dō ā yu~ 5 bī	今年老大五歲	engine-auto	
初 2-8	เล็ก	lek	lek~	小	engine-auto	
初 2-8	เอาแก้วเล็ก	ao kaew lek	au gɛ̄uˋ lek~	我要小杯	engine-auto	
初 2-8	ขวดเล็ก	kuad lek	kūatˇ lek~	小瓶	derived	
初 2-8	ขวดเล็กเท่าไหร่	kuad lek tao-rai	kūatˇ lek~ tāuˋ raiˇ	小瓶多少錢？	derived	
初 2-8	ตาเล็ก	dta lek	dā lek~	小眼睛	engine-auto	
初 2-8	ตาโต	dta dto	dā dō	大眼睛	engine-auto	
初 2-8	ลูกคนเล็ก	look khon lek	lūkˋ kon lek~	老么	engine-auto	
初 2-8	ลูกคนเล็กชอบว่ายน้ำ	look khon lek chop wai naam	lūkˋ kon lek~ chɔ̄pˋ wāiˋ nām~	老么喜歡游泳	engine-auto	
初 2-8	คุณใส่ไซส์อะไร	khun sai size a-rai	kun saiˇ sai aˇ rai	你穿什麼尺寸？	engine-auto	
初 2-8	ฉันใส่ไซส์ M	chan sai size M	chanˊ saiˇ sai M	我穿M號	engine-auto	
初 2-8	ฉันใส่ไซส์ 8	chan sai size 8	chanˊ saiˇ sai 8	我穿8號	engine-auto	
初 2-8	เบอร์ 8	ber 8	bhə̄ 8	8號	engine-auto	
初 2-8	มีไซส์ 8 ไหม	mee size 8 mai	mī sai 8 maiˊ	有8號嗎？	engine-auto	
初 2-8	มีเบอร์ 8 ไหม	mee ber 8 mai	mī bhə̄ 8 maiˊ	有8號嗎？	engine-auto	
初 2-8	ตัวใหญ่	tua yai	dūa yaiˇ	大件／大號	engine-auto	
初 2-8	คุณใส่ตัวใหญ่ไม่สวย	khun sai tua yai mai suay	kun saiˇ dūa yaiˇ maiˋ sūayˊ	你穿大號不好看	engine-auto	
初 2-8	เธอใส่ตัวใหญ่ไม่สวย	ther sai tua yai mai suay	tə̄ saiˇ dūa yaiˇ maiˋ sūayˊ	你／她穿大號不好看	engine-auto	
初 2-8	คุณต้องใส่ตัวเล็ก	khun dtong sai tua lek	kun dɔ̄ngˋ saiˇ dūa lek~	你得穿小號	engine-auto	
初 2-8	ตัวเล็ก ตัวใหญ่	tua lek tua yai	dūa lek~ dūa yaiˇ	小號，大號	engine-auto	
初 2-8	กางเกง 1 ตัว	gaang-geng 1 tua	gāng gēng 1 dūa	一件褲子	engine-auto	
初 2-8	ตัวละเท่าไหร่	tua la tao-rai	dūa la~ tāuˋ raiˇ	一件／一個多少錢？	engine-auto	
初 2-8	กางเกงตัวละเท่าไหร่คะ	gaang-geng tua la tao-rai kha	gāng gēng dūa la~ tāuˋ raiˇ ka~	褲子一件多少錢？	engine-auto	
初 2-8	เก้าอี้ 2 ตัว	gao-ee 2 tua	gāuˋ īˋ 2 dūa	兩張椅子	engine-auto	
初 2-8	ขอเก้าอี้ 2 ตัวค่ะ	kho gao-ee 2 tua kha	kɔ̄ˊ gāuˋ īˋ 2 dūa kaˋ	請給我兩張椅子	engine-auto	
初 2-8	ขอเก้าอี้ 2 ตัวครับ	kho gao-ee 2 tua krap	kɔ̄ˊ gāuˋ īˋ 2 dūa krap~	請給我兩張椅子	engine-auto	
初 2-8	หมู 3 ตัว	moo 3 tua	mūˊ 3 dūa	三隻豬	engine-auto	
初 2-8	ปลา 2 ตัว	bplaa 2 tua	blā 2 dūa	兩條魚	engine-auto	
初 2-8	บ้านฉันมีหมู 3 ตัว	baan chan mee moo 3 tua	bhānˋ chanˊ mī mūˊ 3 dūa	我家有三隻豬	engine-auto	
初 2-8	ยาว	yaao	yāu	長	engine-auto	
初 2-8	ผมยาว	pom yaao	pomˊ yāu	長頭髮	engine-auto	
初 2-8	ผู้หญิงผมยาว	phu-ying pom yaao	pūˋ yingˊ pomˊ yāu	長頭髮的女生	engine-auto	
初 2-8	กางเกงขายาว	gaang-geng kaa-yaao	gāng gēng kāˊ yāu	長褲	engine-auto	
初 2-8	เสื้อแขนยาว	seua khaen yaao	sɯ̄aˋ kɛ̄nˊ yāu	長袖（衣服）	engine-auto	
初 2-8	สั้น	san	sanˋ	短	engine-auto	
初 2-8	กางเกงขาสั้น	gaang-geng kaa-san	gāng gēng kāˊ sanˋ	短褲	engine-auto	
初 2-8	ใส่ขาสั้น	sai kaa-san	saiˇ kāˊ sanˋ	穿短褲	engine-auto	
初 2-8	ชอบใส่ขาสั้น	chop sai kaa-san	chɔ̄pˋ saiˇ kāˊ sanˋ	喜歡穿短褲	engine-auto	
初 2-8	ใส่ขาสั้นไม่ได้	sai kaa-san mai dai	saiˇ kāˊ sanˋ maiˋ dhaiˋ	不能穿短褲	engine-auto	
初 2-8	ไปวัดใส่ขาสั้นไม่ได้	bpai wat sai kaa-san mai dai	bai wat~ saiˇ kāˊ sanˋ maiˋ dhaiˋ	去寺廟不能穿短褲	engine-auto	
初 2-8	ใหม่	mai	maiˇ	新	book-exact	(book-exact已用引擎重新驗證)
初 2-8	บ้านใหม่	baan mai	bhānˋ maiˇ	新房子	engine-auto	
初 2-8	พ่อซื้อบ้านใหม่	phor sue baan mai	pɔ̄ˋ sɯ̄~ bhānˋ maiˇ	爸爸買新房子	engine-auto	
初 2-8	กระเป๋าใหม่	gra-bpao mai	graˇ bāuˊ maiˇ	新包包	engine-auto	
初 2-8	แม่มีกระเป๋าใหม่	mae mee gra-bpao mai	mɛ̄ˋ mī graˇ bāuˊ maiˇ	媽媽有新包包	engine-auto	
初 2-8	มือถือใหม่	mue-thue mai	mɯ̄ tɯ̄ˊ maiˇ	新手機	engine-auto	
初 2-8	ฉันอยากซื้อมือถือใหม่	chan yaak sue mue-thue mai	chanˊ yākˋ sɯ̄~ mɯ̄ tɯ̄ˊ maiˇ	我想買新手機	engine-auto	
初 2-8	เก่า	gao	gāuˇ	舊、老	engine-auto	
初 2-8	หนังเก่า	nang gao	nangˊ gāuˇ	老電影	engine-auto	
初 2-8	เคย	koey	kə̄i	曾經	engine-auto	
初 2-8	เคยดู	koey duu	kə̄i dhū	看過	engine-auto	
初 2-8	ฉันเคยดู	chan koey duu	chanˊ kə̄i dhū	我看過	engine-auto	
初 2-8	เคยไปประเทศไทยไหม	koey bpai prathet thai mai	kə̄i bai braˇ tētˋ tai maiˊ	去過泰國嗎？	engine-auto	
初 2-8	เคยไป	koey bpai	kə̄i bai	去過	engine-auto	
初 2-8	เคยกิน	koey gin	kə̄i gin	吃過	engine-auto	
初 2-8	หนังสือเก่า	nang-seu gao	nangˊ sɯ̄ˊ gāuˇ	舊書	engine-auto	
初 2-8	ละคร	la-korn	la~ kɔ̄n	戲劇	derived	
初 2-8	ละครเก่า	la-korn gao	la~ kɔ̄n gāuˇ	舊的戲劇	derived	
初 2-8	เปาบุ้นจิ้น	pao bun jin	bāu bhunˋ jinˋ	包青天	engine-auto	
初 2-8	เพื่อนเก่า	phuean gao	pɯ̄anˋ gāuˇ	老朋友	engine-auto	
初 2-8	เพื่อนเก่าของฉัน	phuean gao khong chan	pɯ̄anˋ gāuˇ kɔ̄ngˊ chanˊ	我的老朋友	engine-auto	
初 2-8	เขาเป็นเพื่อนเก่าของผม	khao bpen phuean gao khong phom	kāuˊ ben pɯ̄anˋ gāuˇ kɔ̄ngˊ pomˊ	他是我的老朋友	engine-auto	
初 2-8	รุ่น	run	runˋ	代、輩、型號、屆	engine-auto	
初 2-8	รุ่นเก่า	run gao	runˋ gāuˇ	舊款／舊代	engine-auto	
初 2-8	รุ่นใหม่	run mai	runˋ maiˇ	新款／新代	engine-auto	
初 2-8	คนรุ่นใหม่	khon run mai	kon runˋ maiˇ	新一代的人	engine-auto	
初 2-8	รุ่นพี่	run pee	runˋ pīˋ	學長／學姊	engine-auto	
初 2-8	รุ่นน้อง	run nong	runˋ nɔ̄ng~	學弟／學妹	engine-auto	
初 2-8	นี่มือถือรุ่นไหน	ni mue-thue run nai	nīˋ mɯ̄ tɯ̄ˊ runˋ naiˊ	這是哪一款手機？	engine-auto	
初 2-8	ถือ	thue	tɯ̄ˊ	提、拿	engine-auto	
初 2-8	คุณถืออะไร	khun thue a-rai	kun tɯ̄ˊ aˇ rai	你在提什麼？	engine-auto	
初 2-8	ถือของหนัก	thue khong nak	tɯ̄ˊ kɔ̄ngˊ nakˇ	提重的東西	engine-auto	
初 2-8	ถือของเยอะ	thue khong yuh	tɯ̄ˊ kɔ̄ngˊ yə~	提很多東西	engine-auto	
初 2-8	รับ	rap	rap~	接、收取、領取	engine-auto	
初 2-8	เพื่อนคนไทย	phuean khon thai	pɯ̄anˋ kon tai	泰國朋友	engine-auto	
初 2-8	มาไต้หวัน	ma tai-wan	mā daiˋ wanˊ	來台灣	engine-auto	
初 2-8	ฉันไปรับคุณ	chan bpai rap khun	chanˊ bai rap~ kun	我去接你	engine-auto	
初 2-8	ฉันไปรับคุณที่สนามบิน	chan bpai rap khun tee sa-naam-bin	chanˊ bai rap~ kun tīˋ saˇ nām bhin	我去機場接你	derived	
初 2-8	ขอบคุณมากค่ะ	khop khun mak kha	kɔ̄pˇ kun mākˋ kaˋ	非常謝謝	engine-auto	
初 2-8	ขอบคุณนะ	khop khun na	kɔ̄pˇ kun na~	謝謝喔	engine-auto	
初 2-8	ไม่ต้อง	mai dtong	maiˋ dɔ̄ngˋ	不用	engine-auto	
初 2-8	เกรงใจ	kreng jai	grēng jai	不好意思、客氣	engine-auto	
初 2-8	มีรถรับส่งไหม	mee rot rap song mai	mī rot~ rap~ songˇ maiˊ	有接駁車嗎？	derived	
初 2-8	มีรถรับส่งสนามบินไหม	mee rot rap song sa-naam-bin mai	mī rot~ rap~ songˇ saˇ nām bhin maiˊ	有機場接駁車嗎？	derived	
初 2-8	มีรถรับส่งตลาดน้ำไหม	mee rot rap song talaat nam mai	mī rot~ rap~ songˇ daˇ lātˋ nām~ maiˊ	有水上市場的接駁車嗎？	derived	
初 2-8	มารับ	maa rap	mā rap~	來接	engine-auto	
初 2-8	รับโทรศัพท์	rap tho-ra-sap	rap~ tō ra~ sapˇ	接電話	engine-auto	
初 2-8	ไปรับลูก	bpai rap look	bai rap~ lūkˋ	去接小孩	engine-auto	
初 2-8	รับเงินเดือน	rap ngern deuan	rap~ ngə̄n dhɯ̄an	領薪水	engine-auto	
初 2-8	บริษัท	baw-ri-sat	bhɔ̄ ri~ satˇ	公司	derived	
初 2-8	บริษัทใหญ่	baw-ri-sat yai	bhɔ̄ ri~ satˇ yaiˇ	大公司	derived	
初 2-8	คุณทำงานบริษัทอะไร	khun tam-ngaan baw-ri-sat a-rai	kun tam ngān bhɔ̄ ri~ satˇ aˇ rai	你在哪家(什麼)公司工作？	derived	
初 2-8	คุณทำงานบริษัทไหน	khun tam-ngaan baw-ri-sat nai	kun tam ngān bhɔ̄ ri~ satˇ naiˊ	你在哪家公司工作？	derived	
初 2-8	บริษัทชื่ออะไร	baw-ri-sat chue a-rai	bhɔ̄ ri~ satˇ chɯ̄ˋ aˇ rai	公司叫什麼名字？	derived	
初 2-8	ละคร	la-korn	la~ kɔ̄n	戲劇	derived	
初 2-8	ละครผู้ใหญ่	la-korn phu yai	la~ kɔ̄n pūˋ yaiˇ	成人戲劇	derived	
初 2-8	ละครเด็ก	la-korn dek	la~ kɔ̄n dhekˇ	兒童戲劇	derived	
初 2-8	เพราะว่าชอบดูละครไทย ก็เลยมาเรียนภาษาไทย	phro-wa chop du la-korn thai gor loey maa rian phasa thai	prɔ~ wāˋ chɔ̄pˋ dhū la~ kɔ̄n tai gɔ̄ˋ lə̄i mā rīan pā sāˊ tai	因為喜歡看泰劇，所以就來學泰文	derived	
初 2-8	เรื่อง	reuang	rɯ̄angˋ	事情、部(量詞)	book-exact	(book-exact已用引擎重新驗證)
初 2-8	มีเรื่องอะไร	mee reuang a-rai	mī rɯ̄angˋ aˇ rai	有什麼事？	engine-auto	
初 2-8	ละครเรื่องนี้	la-korn reuang nee	la~ kɔ̄n rɯ̄angˋ nī~	這部戲劇	derived	
初 2-8	ละครเรื่องนี้สนุกมาก	la-korn reuang nee sa-nuk mak	la~ kɔ̄n rɯ̄angˋ nī~ saˇ nuk~ mākˋ	這部戲劇很好看	derived	
初 2-8	ชอบดูเรื่องไหน	chop du reuang nai	chɔ̄pˋ dhū rɯ̄angˋ naiˊ	喜歡看哪一部？	engine-auto	
初 2-8	ดารา	da-ra	dhā rā	明星	engine-auto	
初 2-8	ดาราไทย	da-ra thai	dhā rā tai	泰國明星	engine-auto	
初 2-8	พวกเขาเป็นดาราไทย	phuak khao bpen da-ra thai	pūakˋ kāuˊ ben dhā rā tai	他們是泰國明星	engine-auto	
初 2-8	คุย	kui	kui	聊、談	engine-auto	
初 2-8	คุยกับใคร	kui gap krai	kui gapˇ krai	跟誰聊天？	engine-auto	
初 2-8	คุยกับแฟน	kui gap faen	kui gapˇ fɛ̄n	跟情人聊天	engine-auto	
初 2-8	คุยไลน์กับแฟน	kui line gap faen	kui lai gapˇ fɛ̄n	用Line跟情人聊天	engine-auto	
初 2-8	ใช้ไลน์คุยกับแฟน	chai line kui gap faen	chai~ lai kui gapˇ fɛ̄n	用Line跟情人聊天	engine-auto	
初 2-8	เล่นกีตาร์เป็นไหม	len gee-ta bpen mai	lēnˋ gī dā ben maiˊ	會彈吉他嗎？	engine-auto	
初 2-8	เล่นไม่เป็น	len mai bpen	lēnˋ maiˋ ben	不會玩／彈／打	engine-auto	
初 2-8	เล่นกอล์ฟเป็นไหม	len golf bpen mai	lēnˋ gɔ̄pˇ ben maiˊ	會打高爾夫球嗎？	engine-auto	
初 2-8	คุณชอบเล่นอะไร	khun chop len a-rai	kun chɔ̄pˋ lēnˋ aˇ rai	你喜歡玩什麼？	engine-auto	
初 2-8	ฉันชอบเล่นเกม	chan chop len game	chanˊ chɔ̄pˋ lēnˋ gēm	我喜歡玩遊戲	engine-auto	
初 2-8	ล้อเล่น	lor len	lɔ̄~ lēnˋ	開玩笑	engine-auto	
初 2-8	สี	see	sīˊ	顏色	engine-auto	
初 2-8	มี สี อื่น ไหม	mee see eun mai	mī sīˊ ɯ̄nˇ maiˊ	有其他顏色嗎？	engine-auto	
初 2-8	อื่น	eun	ɯ̄nˇ	其他	engine-auto	
初 2-8	คน อื่น	khon eun	kon ɯ̄nˇ	其他人	engine-auto	
初 2-8	วัน อื่น	wan eun	wan ɯ̄nˇ	其他天	engine-auto	
初 2-8	อัน อื่น	an eun	an ɯ̄nˇ	其他的(東西)	engine-auto	
初 2-8	แก้ว อื่น	kaew eun	gɛ̄uˋ ɯ̄nˇ	其他的杯子	engine-auto	
初 2-8	มี สี อื่น ไหม	mee see eun mai	mī sīˊ ɯ̄nˇ maiˊ	有其他顏色嗎？	engine-auto	
初 2-8	มี สี อื่น ไหม คะ	mee see eun mai kha	mī sīˊ ɯ̄nˇ maiˊ ka~	有其他顏色嗎？(女/ค่ะ)	engine-auto	
初 2-8	นี้ สวย กว่า	nee suay gwa	nī~ sūayˊ gwāˇ	這個比較漂亮	engine-auto	
初 2-8	ตัว นี้ สวย กว่า	tua nee suay gwa	dūa nī~ sūayˊ gwāˇ	這件比較漂亮	engine-auto	
初 2-8	ร้าน นี้ อร่อย กว่า	raan nee aroi gwa	rān~ nī~ aˇ rɔ̄iˋ gwāˇ	這間店比較好吃	engine-auto	
初 2-8	สี นี้ สวย กว่า	see nee suay gwa	sīˊ nī~ sūayˊ gwāˇ	這個顏色比較漂亮	engine-auto	
初 2-8	ร้าน นี้ ถูก กว่า	raan nee took gwa	rān~ nī~ tūkˇ gwāˇ	這間店比較便宜	engine-auto	
初 2-8	ลาย	laai	lāi	花紋	book-exact	(book-exact已用引擎重新驗證)
初 2-8	ลาย นี้ สวย ที่สุด	laai nee suay tee sut	lāi nī~ sūayˊ tīˋ sutˇ	這個花紋最漂亮	engine-auto	
初 2-8	ที่สุด	tee sut	tīˋ sutˇ	最	engine-auto	
初 2-8	ลาย นี้ สวย ที่สุด	laai nee suay tee sut	lāi nī~ sūayˊ tīˋ sutˇ	這個花紋最漂亮	engine-auto	
初 2-8	ที่สุด	tee sut	tīˋ sutˇ	最	engine-auto	
初 2-8	เดือน นี้ ร้อน ที่สุด	deuan nee ron tee sut	dhɯ̄an nī~ rɔ̄n~ tīˋ sutˇ	這個月最熱	engine-auto	
初 2-8	เดือน สี่ ร้อน ที่สุด	deuan see ron tee sut	dhɯ̄an sīˇ rɔ̄n~ tīˋ sutˇ	四月最熱	engine-auto	
初 2-8	สีเขียว	see khieow	sīˊ kīauˊ	綠色	engine-auto	
初 2-8	ไฟเขียว	fai khieow	fai kīauˊ	綠燈	engine-auto	
初 2-8	ไฟเขียว ไปได้	fai khieow bpai dai	fai kīauˊ bai dhaiˋ	綠燈，可以走	engine-auto	
初 2-8	ถั่วเขียว	thua khieow	tūaˇ kīauˊ	綠豆	engine-auto	
初 2-8	ชอบกินถั่วเขียวไหมคะ	chop gin thua khieow mai kha	chɔ̄pˋ gin tūaˇ kīauˊ maiˊ ka~	喜歡吃綠豆嗎？(女/ค่ะ)	engine-auto	
初 2-8	สีแดง	see daeng	sīˊ dhɛ̄ng	紅色	engine-auto	
初 2-8	ชอบสีอะไรที่สุด	chop see a-rai tee sut	chɔ̄pˋ sīˊ aˇ rai tīˋ sutˇ	最喜歡什麼顏色？	engine-auto	
初 2-8	ไฟแดง ไปไม่ได้	fai daeng bpai mai dai	fai dhɛ̄ng bai maiˋ dhaiˋ	紅燈，不能走	engine-auto	
初 2-8	ถั่วแดง	thua daeng	tūaˇ dhɛ̄ng	紅豆	engine-auto	
初 2-8	ชอบกินถั่วแดงไหมคะ	chop gin thua daeng mai kha	chɔ̄pˋ gin tūaˇ dhɛ̄ng maiˊ ka~	喜歡吃紅豆嗎？(女/ค่ะ)	engine-auto	
初 2-8	สีเหลือง	see lueang	sīˊ lɯ̄angˊ	黃色	engine-auto	
初 2-8	ชอบสีเหลืองไหมคะ	chop see lueang mai kha	chɔ̄pˋ sīˊ lɯ̄angˊ maiˊ ka~	喜歡黃色嗎？(女/ค่ะ)	engine-auto	
初 2-8	ไฟเหลือง	fai lueang	fai lɯ̄angˊ	黃燈	engine-auto	
初 2-8	ถั่วเหลือง	thua lueang	tūaˇ lɯ̄angˊ	黃豆	engine-auto	
初 2-8	สีขาว	see khaw	sīˊ kāuˊ	白色	engine-auto	
初 2-8	คุณยามีผมขาว	khun ya mee phom khaw	kun yā mī pomˊ kāuˊ	外婆有白頭髮	engine-auto	
初 2-8	เขาผิวขาวมาก	khao phiw khaw mak	kāuˊ piwˊ kāuˊ mākˋ	他/她皮膚很白	engine-auto	
初 2-8	สีดำ	see dam	sīˊ dham	黑色	engine-auto	
初 2-8	แมวดำ	maeo dam	mɛ̄u dham	黑貓	engine-auto	
初 2-8	แมว	maeo	mɛ̄u	貓	engine-auto	
初 2-8	ใช้แมวดำ	chai maeo dam	chai~ mɛ̄u dham	使用黑貓(快遞)	engine-auto	
初 2-8	เสื้อดำ	seua dam	sɯ̄aˋ dham	黑色的衣服 / 髒衣服	engine-auto	
初 2-8	ผิวดำ	phiw dam	piwˊ dham	皮膚黑	engine-auto	
初 2-8	ผู้ชายคนนี้ผิวดำ	phu chai khon nee phiw dam	pūˋ chāi kon nī~ piwˊ dham	這個男生皮膚很黑	engine-auto	
初 2-8	สีเทา	see thao	sīˊ tāu	灰色	engine-auto	
初 2-8	สีขาวกับสีดำ	see khaw gap see dam	sīˊ kāuˊ gapˇ sīˊ dham	白色和黑色	engine-auto	
初 2-8	รวมกัน	ruam kan	rūam gan	混在一起	engine-auto	
初 2-8	รวม	ruam	rūam	混合	engine-auto	
初 2-8	กัน	kan	gan	一起	engine-auto	
初 2-8	ผัดผักรวมมิตร	phat phak ruam mit	patˇ pakˇ rūam mit~	什錦炒菜	derived	
初 2-8	สีขาวกับสีดำ รวมกันเป็นสีเทา	see khaw gap see dam ruam kan bpen see thao	sīˊ kāuˊ gapˇ sīˊ dham rūam gan ben sīˊ tāu	白色和黑色混在一起變成灰色	engine-auto	
初 2-8	สีฟ้า	see fa	sīˊ fā~	天藍色	engine-auto	
初 2-8	ฟ้า	fa	fā~	天空	engine-auto	
初 2-8	ฟ้าสีฟ้า	fa see fa	fā~ sīˊ fā~	天空是藍色的	engine-auto	
初 2-8	ปลาสิฟ้า	bplaa see fa	blā siˇ fā~	藍色的魚	engine-auto	
初 2-8	น้ำทะเลก็สีฟ้า	nam tha-le gor see fa		海水也是藍色的	unresolved	英文外來語/正式縮寫/原始資料異常，見全課-仍不確定清單.tsv
初 2-8	ฟ้าสวย	fa suay	fā~ sūayˊ	天空很美	engine-auto	
初 2-8	สีส้ม	see som	sīˊ somˋ	橘色	engine-auto	
初 2-8	ส้ม	som	somˋ	橘子	engine-auto	
初 2-8	ส้มสีส้ม	som see som	somˋ sīˊ somˋ	橘子是橘色的	engine-auto	
初 2-8	สีม่วง	see muang	sīˊ mūangˋ	紫色	engine-auto	
初 2-8	ม่วง	muang	mūangˋ	紫	engine-auto	
初 2-8	องุ่น	a-ngun	aˇ ngunˋ	葡萄	derived	
初 2-8	องุ่นสีม่วง	a-ngun see muang	aˇ ngunˋ sīˊ mūangˋ	紫葡萄	derived	
初 2-8	องุ่นสีเขียว	a-ngun see khieow	aˇ ngunˋ sīˊ kīauˊ	綠葡萄	derived	
初 2-8	องุ่นสีแดง	a-ngun see daeng	aˇ ngunˋ sīˊ dhɛ̄ng	紅葡萄	derived	
初 2-8	องุ่นสีดำ	a-ngun see dam	aˇ ngunˋ sīˊ dham	黑葡萄	derived	
初 2-8	กากี	ga-kee	gā gī	卡其色	engine-auto	
初 2-8	สีกากี	see ga-kee	sīˊ gā gī	卡其色	engine-auto	
初 2-8	ตำรวจ	tam-ruat	dam rūatˋ	警察	engine-auto	
初 2-8	สีน้ำตาล	see nam dtaan	sīˊ nām~ dān	棕色、咖啡色	engine-auto	
初 2-8	น้ำตาล	nam dtaan	nām~ dān	糖	engine-auto	
初 2-8	ไม่ใส่น้ำตาล	mai sai nam dtaan	maiˋ saiˇ nām~ dān	不加糖	engine-auto	
初 2-8	สีกาแฟ	see ga-fae	sīˊ gā fɛ̄	咖啡色	engine-auto	
初 2-8	สีน้ำเงิน	see nam ngern	sīˊ nām~ ngə̄n	深藍色	engine-auto	
初 2-8	น้ำ	nam	nām~	水	engine-auto	
初 2-8	เงิน	ngern	ngə̄n	銀、錢	engine-auto	
初 2-8	มีเงิน	mee ngern	mī ngə̄n	有錢	engine-auto	
初 2-8	ฉันชอบสีน้ำเงิน	chan chop see nam ngern	chanˊ chɔ̄pˋ sīˊ nām~ ngə̄n	我喜歡深藍色	engine-auto	
初 2-8	สีชมพู	see chomphoo	sīˊ chom pū	粉紅色	derived	
初 2-8	เฮลโลคิตตี้สีชมพู	hello kitty see chomphoo		Hello Kitty 是粉紅色的	unresolved	英文外來語/正式縮寫/原始資料異常，見全課-仍不確定清單.tsv
初 2-8	ชอบสีเทามากกว่า	chop see thao mak gwa	chɔ̄pˋ sīˊ tāu mākˋ gwāˇ	比較喜歡灰色	engine-auto	
初 2-8	สีทอง	see thong	sīˊ tɔ̄ng	金色	engine-auto	
初 2-8	พระ	phra	pra~	佛像、僧侶	engine-auto	
初 2-8	พระสีทอง	phra see thong	pra~ sīˊ tɔ̄ng	金色的佛像	engine-auto	
初 2-8	เงิน	ngern	ngə̄n	銀、錢	engine-auto	
初 2-8	สีเงิน	see ngern	sīˊ ngə̄n	銀色	engine-auto	
初 2-8	กระเป๋าสีเงิน	gra-bpao see ngern	graˇ bāuˊ sīˊ ngə̄n	銀色的包包	engine-auto	
初 2-8	สีรุ้ง	see rung	sīˊ rung~	彩虹色	engine-auto	
初 2-8	รุ้ง	rung	rung~	彩虹	engine-auto	
初 2-8	ธง	thong	tong	旗子	derived	
初 2-8	ธงสีรุ้ง	thong see rung	tong sīˊ rung~	彩虹旗	derived	
初 3-1	เอาชาเย็นไม่มีสี	ao cha yen mai mee see	au chā yen maiˋ mī sīˊ	我要沒有顏色的泰式奶茶	engine-auto	
初 3-1	ไม่มี	mai mee	maiˋ mī	沒有	book-exact	(book-exact已用引擎重新驗證)
初 3-1	ล้อเล่น	lor len	lɔ̄~ lēnˋ	開玩笑 (名詞/動詞，程度較重)	engine-auto	
初 3-1	พูดเล่น	phut len	pūtˋ lēnˋ	開玩笑 (指說說而已)	engine-auto	
初 3-1	เติมเต็ม	toem tem	də̄m dem	加滿	engine-auto	
初 3-1	เติม	toem	də̄m	加	engine-auto	
初 3-1	เต็ม	tem	dem	滿	engine-auto	
初 3-1	เงินสด	ngern sot	ngə̄n sotˇ	現金	engine-auto	
初 3-1	เงิน	ngern	ngə̄n	錢	engine-auto	
初 3-1	สด	sot	sotˇ	新鮮	engine-auto	
初 3-1	ใช้	chai	chai~	用	engine-auto	
初 3-1	ใช้เงินสดซื้อ	chai ngern sot seu	chai~ ngə̄n sotˇ sɯ̄~	用現金買	engine-auto	
初 3-1	ไม่ต้องใช้เงินสดซื้อ	mai dtong chai ngern sot seu	maiˋ dɔ̄ngˋ chai~ ngə̄n sotˇ sɯ̄~	不必用現金買	engine-auto	
初 3-1	สแกนก็ได้	sa-kaen gor dai	saˇ gɛ̄n gɔ̄ˋ dhaiˋ	也可以掃描	derived	
初 3-1	สแกน	sa-kaen	saˇ gɛ̄n	掃描	derived	
初 3-1	สีเงิน	see ngern	sīˊ ngə̄n	銀色	engine-auto	
初 3-1	รองเท้าสีเงิน	rong-thao see ngern	rɔ̄ng tāu~ sīˊ ngə̄n	銀色的鞋子	engine-auto	
初 3-1	รองเท้า	rong-thao	rɔ̄ng tāu~	鞋子	engine-auto	
初 3-1	กระเป๋าเงินสีเงิน	gra-bpao ngern see ngern	graˇ bāuˊ ngə̄n sīˊ ngə̄n	銀色的錢包	engine-auto	
初 3-1	กระเป๋าเงิน	gra-bpao ngern	graˇ bāuˊ ngə̄n	錢包	engine-auto	
初 3-1	เงิน	ngern	ngə̄n	錢	engine-auto	
初 3-1	แบงค์	baeng	bhɛ̄ng	鈔票	engine-auto	
初 3-1	แบงค์	baeng	bhɛ̄ng	銀行	engine-auto	
初 3-1	ไปแบงค์	bpai baeng	bai bhɛ̄ng	去銀行	engine-auto	
初 3-1	แบงค์ 50	baeng ha-sip	bhɛ̄ng 50	50塊鈔票	engine-auto	
初 3-1	คุณมีแบงค์ 50 ไหมครับ	khun mee baeng ha-sip mai krap	kun mī bhɛ̄ng 50 maiˊ krap~	你有50塊的鈔票嗎？ (男/ครับ)	engine-auto	
初 3-1	ฉันมีแบงค์ร้อย	chan mee baeng roi	chanˊ mī bhɛ̄ng rɔ̄i~	我有100塊鈔票	engine-auto	
初 3-1	ผมมีแบงค์ร้อย	phom mee baeng roi	pomˊ mī bhɛ̄ng rɔ̄i~	我有100塊鈔票 (男)	engine-auto	
初 3-1	ไม่มีแบงค์ 50	mai mee baeng ha-sip	maiˋ mī bhɛ̄ng 50	沒有50塊鈔票	engine-auto	
初 3-1	ขอโทษค่ะ ฉันมีแบงค์ร้อย ฉันไม่มีแบงค์ 50	kho thot kha chan mee baeng roi chan mai mee baeng ha-sip	kɔ̄ˊ tōtˋ kaˋ chanˊ mī bhɛ̄ng rɔ̄i~ chanˊ maiˋ mī bhɛ̄ng 50	對不起，我有100塊鈔票，我沒有50塊鈔票 (女/ค่ะ)	engine-auto	
初 3-1	เหรียญ	rian	rīanˊ	硬幣	engine-auto	
初 3-1	ใช้เหรียญบาทได้ไหม	chai rian baht dai mai	chai~ rīanˊ bhātˇ dhaiˋ maiˊ	可以用一塊錢硬幣嗎？	engine-auto	
初 3-1	ใช้เหรียญอะไรก็ได้	chai rian a-rai gor dai	chai~ rīanˊ aˇ rai gɔ̄ˋ dhaiˋ	用什麼硬幣都可以	engine-auto	
初 3-1	เหรียญทอง	rian thong	rīanˊ tɔ̄ng	金牌	engine-auto	
初 3-1	เหรียญเงิน	rian ngern	rīanˊ ngə̄n	銀牌	engine-auto	
初 3-1	เหรียญทองแดง	rian thong daeng	rīanˊ tɔ̄ng dhɛ̄ng	銅牌	engine-auto	
初 3-1	เรียน	rian	rīan	念、讀 (沒有聲調)	book-exact	(book-exact已用引擎重新驗證)
初 3-1	เหรียญ	rian	rīanˊ	硬幣 (有第二聲)	engine-auto	
初 3-1	หนัง	nang	nangˊ	皮	book-exact	(book-exact已用引擎重新驗證)
初 3-1	หนังหมู	nang moo	nangˊ mūˊ	豬皮	engine-auto	
初 3-1	ชอบกินหนังหมูไหมคะ	chop gin nang moo mai kha	chɔ̄pˋ gin nangˊ mūˊ maiˊ ka~	喜歡吃豬皮嗎？(女/ค่ะ)	engine-auto	
初 3-1	กระเป๋าหนัง	gra-bpao nang	graˇ bāuˊ nangˊ	皮包	engine-auto	
初 3-1	หนังไทย	nang thai	nangˊ tai	泰國片	engine-auto	
初 3-1	เคย	koey	kə̄i	曾經	engine-auto	
初 3-1	ไม่เคย	mai koey	maiˋ kə̄i	沒看過	engine-auto	
初 3-1	หนังสือ	nang-seu	nangˊ sɯ̄ˊ	書	engine-auto	
初 3-1	อ่านหนังสือ	an nang-seu	ānˇ nangˊ sɯ̄ˊ	看書	engine-auto	
初 3-1	ยิ่งอ่านหนังสือยิ่งเก่ง	ying an nang-seu ying geng	yingˋ ānˇ nangˊ sɯ̄ˊ yingˋ gēngˇ	越看書越厲害	engine-auto	
初 3-1	ชอบอ่านหนังสืออะไร	chop an nang-seu a-rai	chɔ̄pˋ ānˇ nangˊ sɯ̄ˊ aˇ rai	喜歡看什麼書？	engine-auto	
初 3-1	คุณชอบอ่านหนังสืออะไรคะ	khun chop an nang-seu a-rai kha	kun chɔ̄pˋ ānˇ nangˊ sɯ̄ˊ aˇ rai ka~	您喜歡看什麼書？(女/ค่ะ)	engine-auto	
初 3-1	ชอบอ่านหนังสือการ์ตูน	chop an nang-seu ka-toon	chɔ̄pˋ ānˇ nangˊ sɯ̄ˊ gā dūn	喜歡看漫畫書	engine-auto	
初 3-1	หนังสือการ์ตูน	nang-seu ka-toon	nangˊ sɯ̄ˊ gā dūn	漫畫書	engine-auto	
初 3-1	หนังสือภาษาอังกฤษ	nang-seu phasa ang-grit	nangˊ sɯ̄ˊ pā sāˊ ang gritˇ	英文書	derived	
初 3-1	หนังสือพิมพ์	nang-seu phim	nangˊ sɯ̄ˊ pim	報紙	engine-auto	
初 3-1	หนังสือพิมพ์วันนี้	nang-seu phim wan-nee	nangˊ sɯ̄ˊ pim wan nī~	今天的報紙	engine-auto	
初 3-1	หนังสือพิมพ์วันนี้เขียนอะไร	nang-seu phim wan-nee khian a-rai	nangˊ sɯ̄ˊ pim wan nī~ kīanˊ aˇ rai	今天的報紙寫什麼？	engine-auto	
初 3-1	กระเป๋าหนังสือ	gra-bpao nang-seu	graˇ bāuˊ nangˊ sɯ̄ˊ	書包	engine-auto	
初 3-1	กระเป๋าเป้	gra-bpao bpe	graˇ bāuˊ bēˋ	後背包	engine-auto	
初 3-1	กระเป๋าเดินทาง	gra-bpao dern-thang	graˇ bāuˊ dhə̄n tāng	行李箱	engine-auto	
初 3-1	มีกระเป๋าเดินทางกี่ใบ	mee gra-bpao dern-thang gee bai	mī graˇ bāuˊ dhə̄n tāng gīˇ bhai	有幾個行李箱？	engine-auto	
初 3-1	กระเป๋าเสื้อ	gra-bpao seua	graˇ bāuˊ sɯ̄aˋ	(衣服的) 口袋	engine-auto	
初 3-1	กระเป๋ากางเกง	gra-bpao gaang-geng	graˇ bāuˊ gāng gēng	(褲子的) 口袋	engine-auto	
初 3-1	กระเป๋าใบนี้ราคาเท่าไหร่	gra-bpao bai nee ra-kha tao-rai	graˇ bāuˊ bhai nī~ rā kā tāuˋ raiˇ	這個包包多少錢？	engine-auto	
初 3-1	กระเป๋าใบนี้เท่าไหร่คะ	gra-bpao bai nee tao-rai kha	graˇ bāuˊ bhai nī~ tāuˋ raiˇ ka~	這個包包多少錢？ (女/ค่ะ)	engine-auto	
初 3-1	รองเท้า	rong-thao	rɔ̄ng tāu~	鞋子	engine-auto	
初 3-1	ถอด	thot	tɔ̄tˇ	脫	engine-auto	
初 3-1	ถอดรองเท้า	thot rong-thao	tɔ̄tˇ rɔ̄ng tāu~	脫鞋	engine-auto	
初 3-1	ไปวัดต้องถอดรองเท้า	bpai wat dtong thot rong-thao	bai wat~ dɔ̄ngˋ tɔ̄tˇ rɔ̄ng tāu~	去廟要脫鞋	engine-auto	
初 3-1	ถุง	thung	tungˊ	袋子	engine-auto	
初 3-1	ใส่ถุงหรือกินที่นี่	sai thung rue gin tee nee	saiˇ tungˊ rɯ̄ˊ gin tīˋ nīˋ	在這裡吃還是外帶？	engine-auto	
初 3-1	ใส่ถุง	sai thung	saiˇ tungˊ	外帶	engine-auto	
初 3-1	เอาถุงไหมคะ	ao thung mai kha	au tungˊ maiˊ ka~	要袋子嗎？(女/ค่ะ)	engine-auto	
初 3-1	เอาถุงไหมครับ	ao thung mai krap	au tungˊ maiˊ krap~	要袋子嗎？(男/ครับ)	engine-auto	
初 3-1	ถุงกระดาษ	thung gra-daat	tungˊ graˇ dhātˇ	紙袋	engine-auto	
初 3-1	ถุงกระดาษฟรี	thung gra-daat free	tungˊ graˇ dhātˇ frī	紙袋是免費的	engine-auto	
初 3-1	แต่ถุงพลาสติกต้องเสียเงิน	tae thung phlaas-tik dtong sia ngern	dɛ̄ˇ tungˊ plā saˇ dikˇ dɔ̄ngˋ sīaˊ ngə̄n	但是塑膠袋要付錢	derived	
初 3-1	แต่	tae	dɛ̄ˇ	但是	engine-auto	
初 3-1	ถุงพลาสติก	thung phlaas-tik	tungˊ plā saˇ dikˇ	塑膠袋	derived	
初 3-1	ต้องเสียเงิน	dtong sia ngern	dɔ̄ngˋ sīaˊ ngə̄n	要付錢	engine-auto	
初 3-1	ยี่ห้อ	yee hor	yīˋ hɔ̄ˋ	品牌	engine-auto	
初 3-1	ยี่ห้อนี้	yee hor nee	yīˋ hɔ̄ˋ nī~	這個品牌	engine-auto	
初 3-1	ยี่ห้อนี้ใช้ดีไหม	yee hor nee chai dee mai	yīˋ hɔ̄ˋ nī~ chai~ dhī maiˊ	這個品牌好用嗎？	engine-auto	
初 3-1	ยี่ห้อนี้ใช้ดีไหมคะ	yee hor nee chai dee mai kha	yīˋ hɔ̄ˋ nī~ chai~ dhī maiˊ ka~	這個品牌好用嗎？(女/ค่ะ)	engine-auto	
初 3-1	ยี่ห้อนี้ใช้ได้	yee hor nee chai dai	yīˋ hɔ̄ˋ nī~ chai~ dhaiˋ	這個品牌還可以用	engine-auto	
初 3-1	เปิด	bpeut	bə̄tˇ	開	book-exact	(book-exact已用引擎重新驗證)
初 3-1	ร้าน	raan	rān~	店	book-exact	(book-exact已用引擎重新驗證)
初 3-1	เปิดร้าน	bpeut raan	bə̄tˇ rān~	開店	engine-auto	
初 3-1	เปิดห้อง	bpeut hong	bə̄tˇ hɔ̄ngˋ	開房	engine-auto	
初 3-1	ห้องน้ำ	hong nam	hɔ̄ngˋ nām~	廁所	engine-auto	
初 3-1	ห้องนอน	hong non	hɔ̄ngˋ nɔ̄n	臥房	engine-auto	
初 3-1	เปิดไฟ	bpeut fai	bə̄tˇ fai	開燈	engine-auto	
初 3-1	ไฟ	fai	fai	燈、火	engine-auto	
初 3-1	เปิดแอร์	bpeut air	bə̄tˇ ɛ̄	開冷氣	engine-auto	
初 3-1	แอร์	air	ɛ̄	冷氣 (Air conditioner)	engine-auto	
初 3-1	เปิดมือถือ	bpeut mue-thue	bə̄tˇ mɯ̄ tɯ̄ˊ	開手機	engine-auto	
初 3-1	มือถือ	mue-thue	mɯ̄ tɯ̄ˊ	手機	engine-auto	
初 3-1	เปิดขวด	bpeut khuat	bə̄tˇ kūatˇ	開瓶	derived	
初 3-1	ไป...ไป	bpai...bpai	bai...bai	(一邊)...(一邊)	engine-auto	
初 3-1	ดูไปกินไป	duu bpai gin bpai	dhū bai gin bai	一邊看一邊吃	engine-auto	
初 3-1	ดูทีวีไปกินขนมไป	duu tee-wee bpai gin kha-nom bpai	dhū tī wī bai gin kaˇ nom bai	一邊看電視一邊吃零食	engine-auto	
初 3-1	เรียนภาษาไทยไปกินขนมไป	rian phasa thai bpai gin kha-nom bpai	rīan pā sāˊ tai bai gin kaˇ nom bai	一邊上泰文課一邊吃零食	engine-auto	
初 3-1	เรียนไปนอนไป	rian bpai non bpai	rīan bai nɔ̄n bai	一邊上課一邊睡覺	engine-auto	
初 3-1	เรื่อง	reuang	rɯ̄angˋ	事情、(戲劇的)部	book-exact	(book-exact已用引擎重新驗證)
初 3-1	พวกคุณคุยเรื่องอะไรกัน	phuak khun kui reuang a-rai gan	pūakˋ kun kui rɯ̄angˋ aˇ rai gan	你們在聊什麼事情？	engine-auto	
初 3-1	ฉันอยากรู้	chan yaak ru	chanˊ yākˋ rū~	我想知道	engine-auto	
初 3-1	พวกเราคุยกันไม่รู้เรื่อง	phuak rao kui gan mai ru reuang	pūakˋ rāu kui gan maiˋ rū~ rɯ̄angˋ	我們雞同鴨講	engine-auto	
初 3-1	เรื่องไหน	reuang nai	rɯ̄angˋ naiˊ	哪一部？	engine-auto	
初 3-1	ละครเรื่องไหน	la-korn reuang nai	la~ kɔ̄n rɯ̄angˋ naiˊ	哪一部戲劇？	derived	
初 3-1	ละครเรื่องไหนสนุก	la-korn reuang nai sa-nuk	la~ kɔ̄n rɯ̄angˋ naiˊ saˇ nuk~	哪一部戲劇有趣？	derived	
初 3-1	เรื่องไหนก็สนุก	reuang nai gor sa-nuk	rɯ̄angˋ naiˊ gɔ̄ˋ saˇ nuk~	每一部都很有趣	engine-auto	
初 3-1	เรื่องนี้	reuang nee	rɯ̄angˋ nī~	這部	engine-auto	
初 3-1	เก่า	gao	gāuˇ	舊	engine-auto	
初 3-1	ใหม่	mai	maiˇ	新	book-exact	(book-exact已用引擎重新驗證)
初 3-1	รถเก่า	rot gao	rot~ gāuˇ	舊車	engine-auto	
初 3-1	เก่าไม่ไป ใหม่ไม่มา	gao mai bpai mai mai maa	gāuˇ maiˋ bai maiˇ maiˋ mā	舊的不去，新的不來	engine-auto	
初 3-1	รุ่น	run	runˋ	款式 / 型號	engine-auto	
初 3-1	รุ่นใหม่	run mai	runˋ maiˇ	新款	engine-auto	
初 3-1	iPhone รุ่นใหม่	iPhone run mai	iPhone runˋ maiˇ	新款iPhone	engine-auto	
初 3-1	iPhone รุ่นใหม่เท่าไหร่ครับ	iPhone run mai tao-rai krap	iPhone runˋ maiˇ tāuˋ raiˇ krap~	新款iPhone多少錢？	engine-auto	
初 3-1	60,000	hok muean	60,000	六萬	engine-auto	
初 3-1	หมื่น	muean	mɯ̄nˇ	萬	engine-auto	
初 3-1	70,000	jed muean	70,000	七萬	engine-auto	
初 3-1	80,000	paed muean	80,000	八萬	engine-auto	
初 3-1	โต	dto	dō	大 (形容身體部位、年紀)	engine-auto	
初 3-1	เล็ก	lek	lek~	小	engine-auto	
初 3-1	ตาโต	dta dto	dā dō	大眼睛	engine-auto	
初 3-1	ตาเล็ก	dta lek	dā lek~	小眼睛	engine-auto	
初 3-1	จมูก	ja-mook	jaˇ mūkˋ	鼻子	derived	
初 3-1	จมูกโต	ja-mook dto	jaˇ mūkˋ dō	大鼻子	derived	
初 3-1	จมูกเล็ก	ja-mook lek	jaˇ mūkˋ lek~	小鼻子	derived	
初 3-1	ลูกชายคนโต	look chai khon dto	lūkˋ chāi kon dō	大兒子	engine-auto	
初 3-1	คน	khon	kon	人 / 個 (量詞)	engine-auto	
初 3-1	ลูกสาว	look sao	lūkˋ sāuˊ	女兒	engine-auto	
初 3-1	ลูกสาวคนเล็ก	look sao khon lek	lūkˋ sāuˊ kon lek~	小女兒	engine-auto	
初 3-1	ลูกสาวคนเล็กอายุเท่าไหร่	look sao khon lek aa-yu tao-rai	lūkˋ sāuˊ kon lek~ ā yu~ tāuˋ raiˇ	小女兒幾歲？	engine-auto	
初 3-1	ใหญ่	yai	yaiˇ	大 (形容物品)	engine-auto	
初 3-1	แก้วใหญ่	kaew yai	gɛ̄uˋ yaiˇ	大杯	engine-auto	
初 3-1	เอาลาเต้แก้วใหญ่	ao la-te kaew yai	au lā dēˋ gɛ̄uˋ yaiˇ	要大杯拿鐵	engine-auto	
初 3-1	คาปูชิโน่	kha-pu-chi-no	kā bū chi~ nōˋ	卡布奇諾	engine-auto	
初 3-1	อเมริกาโน่	a-me-ri-ga-no	aˇ mē ri~ gā nōˋ	美式咖啡	derived	
初 3-1	ขวดใหญ่	kuat yai	kūatˇ yaiˇ	大瓶	derived	
初 3-1	เอาเบียร์ขวดใหญ่	ao bia kuat yai	au bhīa kūatˇ yaiˇ	要大瓶啤酒	derived	
初 3-1	ขวดเล็ก	kuat lek	kūatˇ lek~	小瓶	derived	
初 3-1	หรือ	rue	rɯ̄ˊ	還是	engine-auto	
初 3-1	ขวดใหญ่หรือขวดเล็ก	kuat yai rue kuat lek	kūatˇ yaiˇ rɯ̄ˊ kūatˇ lek~	大瓶還是小瓶？	derived	
初 3-1	ข้าวมันไก่	khao man gai	kāuˋ man gaiˇ	海南雞飯	engine-auto	
初 3-1	เอาจานใหญ่	ao jan yai	au jān yaiˇ	要大盤	engine-auto	
初 3-1	เอาข้าวขาหมูจานใหญ่	ao khao kha moo jan yai	au kāuˋ kāˊ mūˊ jān yaiˇ	要大盤豬腳飯	engine-auto	
初 3-1	จานเล็ก	jan lek	jān lek~	小盤	engine-auto	
初 3-1	เอาจานใหญ่หรือจานเล็ก	ao jan yai rue jan lek	au jān yaiˇ rɯ̄ˊ jān lek~	要大盤還是小盤？	engine-auto	
初 3-1	ลูก	look	lūkˋ	顆 (量詞) / 孩子	book-exact	(book-exact已用引擎重新驗證)
初 3-1	มีลูกแล้ว	mee look laew	mī lūkˋ lɛ̄u~	有小孩了	engine-auto	
初 3-1	ลูกใหญ่	look yai	lūkˋ yaiˇ	大顆	engine-auto	
初 3-1	เอาแอปเปิ้ลลูกใหญ่	ao apple look yai	au ɛ̄pˇ bə̄nˋ lūkˋ yaiˇ	要大顆的蘋果	engine-auto	
初 3-1	เอาลูกใหญ่หรือลูกเล็ก	ao look yai rue look lek	au lūkˋ yaiˇ rɯ̄ˊ lūkˋ lek~	要大顆的還是小顆的？	engine-auto	
初 3-1	รับ	rap	rap~	接 / 收	engine-auto	
初 3-1	รถรับส่ง	rot rap song	rot~ rap~ songˇ	接駁車 / 接送	derived	
初 3-1	ส่ง	song	songˇ	送	derived	
初 3-1	มีรถรับส่งไหมคะ	mee rot rap song mai kha	mī rot~ rap~ songˇ maiˊ ka~	有接駁車嗎？	derived	
初 3-1	มีรถรับส่งไปสนามบินไหม	mee rot rap song bpai sa-naam-bin mai	mī rot~ rap~ songˇ bai saˇ nām bhin maiˊ	有接駁車去機場嗎？	derived	
初 3-1	มีรถรับส่งสนามบินไหม	mee rot rap song sa-naam-bin mai	mī rot~ rap~ songˇ saˇ nām bhin maiˊ	有機場接駁車嗎？	derived	
初 3-1	มีค่ะ มีค่ะ	mee kha mee kha	mī kaˋ mī kaˋ	有的，有的	engine-auto	
初 3-1	มีรถรับส่งไปสนามบินค่ะ	mee rot rap song bpai sa-naam-bin kha	mī rot~ rap~ songˇ bai saˇ nām bhin kaˋ	有接駁車去機場	derived	
初 3-1	รับโทรศัพท์	rap tho-ra-sap	rap~ tō ra~ sapˇ	接電話	engine-auto	
初 3-1	มารับโทรศัพท์	maa rap tho-ra-sap	mā rap~ tō ra~ sapˇ	來接電話	engine-auto	
初 3-1	ได้รับแล้ว	dai rap laew	dhaiˋ rap~ lɛ̄u~	收到了	engine-auto	
初 3-1	รับแล้ว	rap laew	rap~ lɛ̄u~	收到了	engine-auto	
初 3-1	ดู	duu	dhū	看	engine-auto	
初 3-1	อ่านหนังสือ	an nang-seu	ānˇ nangˊ sɯ̄ˊ	看書 (讀書)	engine-auto	
初 3-1	ดูทีวี	duu tee-wee	dhū tī wī	看電視	engine-auto	
初 3-1	หนัง	nang	nangˊ	電影	book-exact	(book-exact已用引擎重新驗證)
初 3-1	ดูหนัง	duu nang	dhū nangˊ	看電影	engine-auto	
初 3-1	ดูหนังไทย	duu nang thai	dhū nangˊ tai	看泰國電影	engine-auto	
初 3-1	ชอบดูหนังไทยไหม	chop duu nang thai mai	chɔ̄pˋ dhū nangˊ tai maiˊ	喜歡看泰國電影嗎？	engine-auto	
初 3-1	หนังผี	nang phee	nangˊ pīˊ	鬼片	engine-auto	
初 3-1	ดูละครไทย	duu la-korn thai	dhū la~ kɔ̄n tai	看泰劇	derived	
初 3-1	ดูหมอ	duu mor	dhū mɔ̄ˊ	算命	engine-auto	
初 3-1	หมอ	mor	mɔ̄ˊ	醫生	book-exact	(book-exact已用引擎重新驗證)
初 3-1	หมอดู	mor duu	mɔ̄ˊ dhū	算命師	engine-auto	
初 3-1	ดูถูก	duu thook	dhū tūkˇ	看輕 / 看不起	engine-auto	
初 3-1	ถูก	thook	tūkˇ	便宜 / 對	engine-auto	
初 3-1	คุยไลน์	kui line	kui lai	用Line聊天 (口語)	engine-auto	
初 3-1	ใช้ไลน์คุย	chai line kui	chai~ lai kui	用Line聊天 (正式)	engine-auto	
初 3-1	คุยไลน์กับเพื่อน	kui line gap phuean	kui lai gapˇ pɯ̄anˋ	跟朋友用Line聊天	engine-auto	
初 3-1	คุยกับใคร	kui gap krai	kui gapˇ krai	跟誰聊天？	engine-auto	
初 3-1	เขาคุยกับใคร	khao kui gap krai	kāuˊ kui gapˇ krai	他/她跟誰聊天？	engine-auto	
初 3-1	หัวหน้า	hua na	hūaˊ nāˋ	上司	engine-auto	
初 3-1	หัว	hua	hūaˊ	頭	engine-auto	
初 3-1	หน้า	na	nāˋ	臉	engine-auto	
初 3-1	คุยกับหัวหน้า	kui gap hua na	kui gapˇ hūaˊ nāˋ	跟上司聊天	engine-auto	
初 3-1	ไม่ชอบคุยกับหัวหน้า	mai chop kui gap hua na	maiˋ chɔ̄pˋ kui gapˇ hūaˊ nāˋ	不喜歡跟上司聊天	engine-auto	
初 3-1	เล่น	len	lēnˋ	玩	engine-auto	
初 3-1	เล่นน้ำ	len nam	lēnˋ nām~	玩水	engine-auto	
初 3-1	เล่นหุ้น	len hoon	lēnˋ hunˋ	玩股票	engine-auto	
初 3-1	เล่น FB ไหม	len FB mai	lēnˋ FB maiˊ	玩FB嗎？	engine-auto	
初 3-1	เล่น Facebook ไหม	len Facebook mai	lēnˋ Facebook maiˊ	玩Facebook嗎？	engine-auto	
初 3-1	กีตาร์	gee-ta	gī dā	吉他	engine-auto	
初 3-1	เล่นกีตาร์เป็นไหม	len gee-ta bpen mai	lēnˋ gī dā ben maiˊ	會彈吉他嗎？	engine-auto	
初 3-1	เล่นกับหมา	len gap maa	lēnˋ gapˇ māˊ	跟狗玩	engine-auto	
初 3-1	ชื่อเล่น	chue len	chɯ̄ˋ lēnˋ	小名	engine-auto	
初 3-1	คุณมีชื่อเล่นไหม	khun mee chue len mai	kun mī chɯ̄ˋ lēnˋ maiˊ	你有小名嗎？	engine-auto	
初 3-1	ฉันชื่อไก่	chan chue gai	chanˊ chɯ̄ˋ gaiˇ	我叫Gai (雞)	engine-auto	
初 3-1	ฉันชื่อเป็ด	chan chue ped	chanˊ chɯ̄ˋ betˇ	我叫Ped (鴨子)	engine-auto	
初 3-1	ล้อเล่น	lor len	lɔ̄~ lēnˋ	開玩笑 / 鬧著玩	engine-auto	
初 3-1	พูดเล่น	phut len	pūtˋ lēnˋ	開玩笑 (說著玩)	engine-auto	
初 3-1	คุณชอบเล่นอะไร	khun chop len a-rai	kun chɔ̄pˋ lēnˋ aˇ rai	你喜歡玩什麼？	engine-auto	
初 3-1	คนมีหน้ามีตา	khon mee na mee dta	kon mī nāˋ mī dā	有頭有臉的人 (有面子)	engine-auto	
初 3-1	เขาเป็นคนมีหน้ามีตา	khao bpen khon mee na mee dta	kāuˊ ben kon mī nāˋ mī dā	他/她是有頭有臉的人	engine-auto	
初 3-1	ซ้าย	saai	sāi~	左邊	engine-auto	
初 3-1	มือ	mue	mɯ̄	手	engine-auto	
初 3-1	มือซ้าย	mue saai	mɯ̄ sāi~	左手	engine-auto	
初 3-1	แขน	khaen	kɛ̄nˊ	手臂	engine-auto	
初 3-1	แขนซ้าย	khaen saai	kɛ̄nˊ sāi~	左邊的手臂	engine-auto	
初 3-1	หูซ้าย	huu saai	hūˊ sāi~	左耳	engine-auto	
初 3-1	เลี้ยวซ้าย	liaw saai	līau~ sāi~	左轉	engine-auto	
初 3-1	เลี้ยว	liaw	līau~	轉	engine-auto	
初 3-1	ขวา	khwaa	kwāˊ	右	engine-auto	
初 3-1	หูขวา	huu khwaa	hūˊ kwāˊ	右耳	engine-auto	
初 3-1	ตาขวาเจ็บ	taa khwaa jep	dā kwāˊ jepˇ	右眼痛	engine-auto	
初 3-1	เลี้ยวขวา	liaw khwaa	līau~ kwāˊ	右轉	engine-auto	
初 3-1	เลี้ยวขวา เลี้ยวขวา	liaw khwaa liaw khwaa	līau~ kwāˊ līau~ kwāˊ	右轉、右轉	engine-auto	
初 3-1	ไม่ต้องเลี้ยว	mai tong liaw	maiˋ dɔ̄ngˋ līau~	不用轉	engine-auto	
初 3-1	หน้า	naa	nāˋ	前 / 臉 / 頁	engine-auto	
初 3-1	หน้าที่เท่าไหร่	naa thii thao rai	nāˋ tīˋ tāuˋ raiˇ	第幾頁	engine-auto	
初 3-1	ก้าวหน้า	kao naa	gāuˋ nāˋ	進步	engine-auto	
初 3-1	ก้าว	kao	gāuˋ	跨步	engine-auto	
初 3-1	เดิน 3 ก้าว	doen 3 kao	dhə̄n 3 gāuˋ	走三步	engine-auto	
初 3-1	ภาษาไทยก้าวหน้า	phasa thai kao naa	pā sāˊ tai gāuˋ nāˋ	泰文進步	engine-auto	
初 3-1	หลัง	lang	langˊ	後 / 背	engine-auto	
初 3-1	เมื่อยหลัง	mueai lang	mɯ̄aiˋ langˊ	背很痠痛	engine-auto	
初 3-1	ถอย	thoi	tɔ̄iˊ	退後	engine-auto	
初 3-1	ถอยๆๆ	thoi thoi thoi	tɔ̄iˊ tɔ̄iˊ tɔ̄iˊ	退退退	engine-auto	
初 3-1	ถอยหลัง	thoi lang	tɔ̄iˊ langˊ	退後 / 退步	engine-auto	
初 3-1	ถอยอีก	thoi eek	tɔ̄iˊ īkˇ	再退	engine-auto	
初 3-1	อีก	eek	īkˇ	再	engine-auto	
初 3-1	เอาอะไรอีก	ao arai eek	au aˇ rai īkˇ	還要什麼	engine-auto	
初 3-1	ภาษาจีนถอยหลัง	phasa jiin thoi lang	pā sāˊ jīn tɔ̄iˊ langˊ	中文退步	engine-auto	
初 3-1	บน	bon	bhon	上 / 在...上面	engine-auto	
初 3-1	นั่งบนโต๊ะ	nang bon toh	nangˋ bhon do~	坐在桌子上	engine-auto	
初 3-1	นั่งอยู่บนโต๊ะ	nang yuu bon toh	nangˋ yūˋ bhon do~	坐在桌子上	engine-auto	
初 3-1	เด็กผู้หญิงนั่งอยู่บนโต๊ะ	dek phu ying nang yuu bon toh	dhekˇ pūˋ yingˊ nangˋ yūˋ bhon do~	女生坐在桌子上	engine-auto	
初 3-1	อยู่บนเขา	yuu bon khao	yūˋ bhon kāuˊ	站在山上	engine-auto	
初 3-1	เขา	khao	kāuˊ	他 / 山	engine-auto	
初 3-1	เขาไม่มา	khao mai maa	kāuˊ maiˋ mā	他不來	engine-auto	
初 3-1	ภูเขา	phu khao	pū kāuˊ	山	engine-auto	
初 3-1	บ้านอยู่บนเขา	ban yuu bon khao	bhānˋ yūˋ bhon kāuˊ	房子在山上	engine-auto	
初 3-1	เขาอยู่บนเขา	khao yuu bon khao	kāuˊ yūˋ bhon kāuˊ	他/她在山上	engine-auto	
初 3-1	ล่าง	laang	lāngˋ	下	engine-auto	
初 3-1	บ้านไทย	ban thai	bhānˋ tai	泰國房子	engine-auto	
初 3-1	ชั้นล่าง	chan laang	chan~ lāngˋ	樓下	engine-auto	
初 3-1	ชั้น	chan	chan~	樓層	engine-auto	
初 3-1	ตาชั้นเดียว	taa chan diao	dā chan~ dhīau	單眼皮	engine-auto	
初 3-1	ตาสองชั้น	taa song chan	dā sɔ̄ngˊ chan~	雙眼皮	engine-auto	
初 3-1	รถอยู่ชั้นล่าง	rot yuu chan laang	rot~ yūˋ chan~ lāngˋ	車子在樓下	engine-auto	
初 3-1	ห้องน้ำอยู่ชั้นล่าง	hong nam yuu chan laang	hɔ̄ngˋ nām~ yūˋ chan~ lāngˋ	廁所在樓下	engine-auto	
初 3-1	ใน	nai	nai	內	engine-auto	
初 3-1	อยู่ข้างใน	yuu khang nai	yūˋ kāngˋ nai	在裡面	engine-auto	
初 3-1	แมว	maew	mɛ̄u	貓	engine-auto	
初 3-1	แมวอยู่ข้างใน	maew yuu khang nai	mɛ̄u yūˋ kāngˋ nai	貓在裡面	engine-auto	
初 3-1	อยู่ข้างในกล่อง	yuu khang nai glong	yūˋ kāngˋ nai glɔ̄ngˇ	在盒子裡面	engine-auto	
初 3-1	นอก	nok	nɔ̄kˋ	外	engine-auto	
初 3-1	แมวอยู่ข้างนอก	maew yuu khang nok	mɛ̄u yūˋ kāngˋ nɔ̄kˋ	貓咪在外面	engine-auto	
初 3-1	ข้าง	khang	kāngˋ	邊 / 面	engine-auto	
初 3-1	ข้างนอก	khang nok	kāngˋ nɔ̄kˋ	外面	engine-auto	
初 3-1	ข้างซ้าย	khang saai	kāngˋ sāi~	左邊	engine-auto	
初 3-1	ข้างขวา	khang khwaa	kāngˋ kwāˊ	右邊	engine-auto	
初 3-1	ข้างบน	khang bon	kāngˋ bhon	上面	engine-auto	
初 3-1	ข้างใน	khang nai	kāngˋ nai	裡面	engine-auto	
初 3-1	กลาง	klang	glāng	中間 / 中	engine-auto	
初 3-1	แก้วกลาง	kaew klang	gɛ̄uˋ glāng	中杯	engine-auto	
初 3-1	ตรงกลาง	trong klang	drong glāng	中間	engine-auto	
初 3-1	โต๊ะอยู่ตรงกลาง	toh yuu trong klang	do~ yūˋ drong glāng	桌子在中間	engine-auto	
初 3-1	ตรงข้าม	trong kham	drong kāmˋ	對面	engine-auto	
初 3-1	ข้าม	kham	kāmˋ	過	engine-auto	
初 3-1	ข้ามถนน	kham thanon	kāmˋ taˇ non	過馬路	derived	
初 3-1	แม่น้ำ	mae nam	mɛ̄ˋ nām~	河	engine-auto	
初 3-1	ข้ามแม่น้ำ	kham mae nam	kāmˋ mɛ̄ˋ nām~	過河	engine-auto	
初 3-1	เขานั่งตรงข้ามฉัน	khao nang trong kham chan	kāuˊ nangˋ drong kāmˋ chanˊ	他/她坐在我對面	engine-auto	
初 3-1	ร้านนวดอยู่ตรงข้ามเซเว่น	raan nuat yuu trong kham sewen	rān~ nūatˋ yūˋ drong kāmˋ sē wēnˋ	按摩店在7-11對面	engine-auto	
初 3-1	ข้างๆ	khang khang	kāngˋ kāngˋ	旁邊	engine-auto	
初 3-1	มานั่งข้างๆ	maa nang khang khang	mā nangˋ kāngˋ kāngˋ	來坐旁邊	engine-auto	
初 3-1	มานั่งข้างๆ ฉัน	maa nang khang khang chan	mā nangˋ kāngˋ kāngˋ chanˊ	來坐我旁邊	engine-auto	
初 3-1	มานั่งข้างๆ ผม	maa nang khang khang phom	mā nangˋ kāngˋ kāngˋ pomˊ	(男生)來坐我旁邊	engine-auto	
初 3-1	เซเว่นอยู่ข้างๆ เอง	sewen yuu khang khang eng	sē wēnˋ yūˋ kāngˋ kāngˋ ēng	7-11就在旁邊而已	engine-auto	
初 3-1	ไม่ไกล	mai glai	maiˋ glai	不遠	engine-auto	
初 3-1	เอง	eng	ēng	而已 / 自己	engine-auto	
初 3-1	20 บาทเอง	20 baat eng	20 bhātˇ ēng	20塊而已	engine-auto	
初 3-1	ใครทำ	khrai tham	krai tam	誰做的	engine-auto	
初 3-1	ฉันทำเอง	chan tham eng	chanˊ tam ēng	我自己做	engine-auto	
初 3-1	ข้าง	khaang	kāngˋ	邊	engine-auto	
初 3-1	ด้าน	daan	dhānˋ	面	engine-auto	
初 3-1	ข้างซ้าย	khaang saai	kāngˋ sāi~	左邊	engine-auto	
初 3-1	แมวอยู่ข้างซ้าย	maeo yuu khaang saai	mɛ̄u yūˋ kāngˋ sāi~	貓咪在左邊	engine-auto	
初 3-1	แมวอยู่ข้างขวา	maeo yuu khaang khwa	mɛ̄u yūˋ kāngˋ kwāˊ	貓咪在右邊	engine-auto	
初 3-1	แมวอยู่ข้างบน	maeo yuu khaang bon	mɛ̄u yūˋ kāngˋ bhon	貓咪在上面	engine-auto	
初 3-1	แมวอยู่ข้างล่าง	maeo yuu khaang laang	mɛ̄u yūˋ kāngˋ lāngˋ	貓咪在下面	engine-auto	
初 3-1	แมวอยู่ข้างหน้า	maeo yuu khaang naa	mɛ̄u yūˋ kāngˋ nāˋ	貓咪在前面	engine-auto	
初 3-1	แมวอยู่ข้างหลัง	maeo yuu khaang lang	mɛ̄u yūˋ kāngˋ langˊ	貓咪在後面	engine-auto	
初 3-1	แมวอยู่ข้างใน	maeo yuu khaang nai	mɛ̄u yūˋ kāngˋ nai	貓咪在裡面	engine-auto	
初 3-1	แมวอยู่ข้างนอก	maeo yuu khaang nok	mɛ̄u yūˋ kāngˋ nɔ̄kˋ	貓咪在外面	engine-auto	
初 3-1	เหรียญ 1 บาท	rian 1 baht	rīanˊ 1 bhātˇ	(一塊錢硬幣)	engine-auto	
初 3-1	ด้านหน้า	daan naa	dhānˋ nāˋ	前面 (指平面)	engine-auto	
初 3-1	ด้านบน	daan bon	dhānˋ bhon	上面 (指平面)	engine-auto	
初 3-1	เหรียญด้านบน	rian daan bon	rīanˊ dhānˋ bhon	硬幣上面	engine-auto	
初 3-1	ด้านหลัง	daan lang	dhānˋ langˊ	後面 (指平面)	engine-auto	
初 3-1	ทาง	thaang	tāng	路 / 往...	engine-auto	
初 3-1	ทางซ้าย	thaang saai	tāng sāi~	往左邊 / 左邊的路	engine-auto	
初 3-1	ไปทางไหน	pai thaang nai	bai tāng naiˊ	要去哪邊？	engine-auto	
初 3-1	ไปทางซ้าย	pai thaang saai	bai tāng sāi~	往左邊去	engine-auto	
初 3-1	ไปทางขวา	pai thaang khwa	bai tāng kwāˊ	往右邊去	engine-auto	
初 3-1	ทางขวา	thaang khwa	tāng kwāˊ	往右邊 / 右邊的路	engine-auto	
初 3-1	ทางเข้า	thaang khao	tāng kāuˋ	入口	engine-auto	
初 3-1	เข้า	khao	kāuˋ	進	book-exact	(book-exact已用引擎重新驗證)
初 3-1	เข้าใจ	khao jai	kāuˋ jai	了解 / 明白	engine-auto	
初 3-1	ทางออก	thaang ok	tāng ɔ̄kˇ	出口	engine-auto	
初 3-1	เจอกันทางเข้า	joe gan thaang khao	jə̄ gan tāng kāuˋ	在入口見	engine-auto	
初 3-1	เจอกันทางออก	joe gan thaang ok	jə̄ gan tāng ɔ̄kˇ	在出口見	engine-auto	
初 3-1	ทางออกที่เท่าไหร่	thaang ok ti thao rai	tāng ɔ̄kˇ tīˋ tāuˋ raiˇ	第幾號出口？	engine-auto	
初 3-1	สาย	saai	sāiˊ	線 / 路線	engine-auto	
初 3-1	สายเหนือ	saai nuea	sāiˊ nɯ̄aˊ	北線	engine-auto	
初 3-1	นั่งสายเหนือ	nang saai nuea	nangˋ sāiˊ nɯ̄aˊ	搭北線	engine-auto	
初 3-1	นั่งสายใต้	nang saai tai	nangˋ sāiˊ daiˋ	搭南線	engine-auto	
初 3-1	สายใต้	saai tai	sāiˊ daiˋ	南線	engine-auto	
初 3-1	สายตะวันออก	saai tawan ok	sāiˊ daˇ wan ɔ̄kˇ	東線	engine-auto	
初 3-1	สายตะวันตก	saai tawan tok	sāiˊ daˇ wan dokˇ	西線	engine-auto	
初 3-1	รถไฟฟ้า	rot fai faa	rot~ fai fā~	捷運	engine-auto	
初 3-1	สายสีแดง	saai si daeng	sāiˊ sīˊ dhɛ̄ng	紅線	engine-auto	
初 3-1	สายสีน้ำเงิน	saai si nam ngeun	sāiˊ sīˊ nām~ ngə̄n	藍線	engine-auto	
初 3-1	อยู่ตรงกลาง	yuu trong klang	yūˋ drong glāng	在中間	engine-auto	
初 3-1	แมวอยู่ตรงกลาง	maeo yuu trong klang	mɛ̄u yūˋ drong glāng	貓在中間	engine-auto	
初 3-1	อยู่ตรงข้าม	yuu trong khaam	yūˋ drong kāmˋ	在對面	engine-auto	
初 3-1	อยู่ข้างๆ	yuu khaang khang	yūˋ kāngˋ kāngˋ	在旁邊	engine-auto	
初 3-1	หมาอยู่ข้างๆ	maa yuu khaang khang	māˊ yūˋ kāngˋ kāngˋ	狗在旁邊	engine-auto	
初 3-1	ภาคเหนือ	phak nuea	pākˋ nɯ̄aˊ	北部	engine-auto	
初 3-1	ภาคใต้	phak tai	pākˋ daiˋ	南部	engine-auto	
初 3-1	ภาคตะวันออก	phak tawan ok	pākˋ daˇ wan ɔ̄kˇ	東部	engine-auto	
初 3-1	ภาคตะวันตก	phak tawan tok	pākˋ daˇ wan dokˇ	西部	engine-auto	
初 3-1	ทิศ	thit	tit~	方向	engine-auto	
初 3-1	พัทยาอยู่ทิศตะวันออก	phatthaya yuu thit tawan ok	pat~ yā yūˋ tit~ daˇ wan ɔ̄kˇ	芭達雅在東方	engine-auto	
初 3-1	อยู่ภาคตะวันออก	yuu phak tawan ok	yūˋ pākˋ daˇ wan ɔ̄kˇ	在東部	engine-auto	
初 3-1	อยู่ทิศตะวันออก	yuu thit tawan ok	yūˋ tit~ daˇ wan ɔ̄kˇ	在東方	engine-auto	
初 3-1	ภาคตะวันออกเฉียงเหนือ	phak tawan ok chiang nuea	pākˋ daˇ wan ɔ̄kˇ chīangˊ nɯ̄aˊ	東北部	engine-auto	
初 3-1	อีสาน	isaan	ī sānˊ	東北 / 依善	engine-auto	
初 3-1	อยู่ภาคอีสาน	yuu phak isaan	yūˋ pākˋ ī sānˊ	在東北部	engine-auto	
初 3-1	คนอีสาน	khon isaan	kon ī sānˊ	東北人	engine-auto	
初 3-1	ชอบกินอาหารอีสาน	chop kin ahaan isaan	chɔ̄pˋ gin ā hānˊ ī sānˊ	喜歡吃東北菜	engine-auto	
初 3-1	ตรง	trong	drong	直	engine-auto	
初 3-1	ตรงไป	trong pai	drong bai	直走	engine-auto	
初 3-1	ถนน	thanon	taˇ non	馬路	derived	
初 3-1	ข้ามถนน	khaam thanon	kāmˋ taˇ non	過馬路	derived	
初 3-1	ใกล้	glai	glaiˋ	近	engine-auto	
初 3-1	ไกล	klai	glai	遠	engine-auto	
初 3-1	ตลาดอยู่ใกล้ๆ ไม่ไกล	talat yuu glai glai mai klai	daˇ lātˋ yūˋ glaiˋ glaiˋ maiˋ glai	市場在附近，不遠	engine-auto	
初 3-1	ตลาดอยู่ใกล้ๆ	talat yuu glai glai	daˇ lātˋ yūˋ glaiˋ glaiˋ	市場在附近	engine-auto	
初 3-1	ไม่ไกล	mai klai	maiˋ glai	不遠	engine-auto	
初 3-1	เหนือ	nuea	nɯ̄aˊ	北	engine-auto	
初 3-1	เชียงใหม่อยู่ภาคเหนือ	chiang mai yuu phak nuea	chīang maiˇ yūˋ pākˋ nɯ̄aˊ	清邁在北部	engine-auto	
初 3-1	ภาค	phak	pākˋ	部 / 區域	engine-auto	
初 3-1	เนื้อ	nuea	nɯ̄a~	牛肉 / 肉	engine-auto	
初 3-1	ไปเหนือ	pai nuea	bai nɯ̄aˊ	去北部	engine-auto	
初 3-1	กินเนื้อ	kin nuea	gin nɯ̄a~	吃牛肉	engine-auto	
初 3-1	ไปเหนือ กินเนื้อ	pai nuea kin nuea	bai nɯ̄aˊ gin nɯ̄a~	去北部吃牛肉	engine-auto	
初 3-1	ใต้	tai	daiˋ	南	engine-auto	
初 3-1	ภูเก็ตอยู่ภาคใต้	phuket yuu phak tai	pū getˇ yūˋ pākˋ daiˋ	普吉在南部	engine-auto	
初 3-1	เคยไปภูเก็ตไหมคะ	khoey pai phuket mai kha	kə̄i bai pū getˇ maiˊ ka~	有去過普吉嗎？	engine-auto	
初 3-1	ไม่เคยไป	mai khoey pai	maiˋ kə̄i bai	沒去過	engine-auto	
初 3-1	ไม่เคย	mai khoey	maiˋ kə̄i	不曾	engine-auto	
初 3-1	บ้านฉันอยู่ภาคใต้	baan chan yuu phak tai	bhānˋ chanˊ yūˋ pākˋ daiˋ	我家在南部	engine-auto	
初 3-1	ตะวันออก	tawan ok	daˇ wan ɔ̄kˇ	東	engine-auto	
初 3-1	ตะวัน	tawan	daˇ wan	太陽	engine-auto	
初 3-1	พระอาทิตย์	phra athit	pra~ ā tit~	太陽 (另一種說法)	book-exact	(book-exact已用引擎重新驗證)
初 3-1	ออก	ok	ɔ̄kˇ	出	engine-auto	
初 3-1	ภาคกลาง	phak klang	pākˋ glāng	中部	engine-auto	
初 3-1	ประเทศตะวันออกกลาง	prathet tawan ok klang	braˇ tētˋ daˇ wan ɔ̄kˇ glāng	中東國家	engine-auto	
初 3-1	ตะวันตก	tawan tok	daˇ wan dokˇ	西	engine-auto	
初 3-1	ประเทศตะวันตก	prathet tawan tok	braˇ tētˋ daˇ wan dokˇ	西方國家	engine-auto	
初 3-1	เฉียง	chiang	chīangˊ	斜	engine-auto	
初 3-1	ตะวันออกเฉียงเหนือ	tawan ok chiang nuea	daˇ wan ɔ̄kˇ chīangˊ nɯ̄aˊ	東北	engine-auto	
初 3-1	ตะวันออกเฉียงใต้	tawan ok chiang tai	daˇ wan ɔ̄kˇ chīangˊ daiˋ	東南	engine-auto	
初 3-1	เอเชียตะวันออกเฉียงใต้	eshia tawan ok chiang tai	ē chīa daˇ wan ɔ̄kˇ chīangˊ daiˋ	東南亞	engine-auto	
初 3-2	เป็ด	pet	betˇ	鴨子	engine-auto	
初 3-2	แปด	paet	bɛ̄tˇ	八	engine-auto	
初 3-2	เป็ดแปดตัว	pet paet tua	betˇ bɛ̄tˇ dūa	八隻鴨	engine-auto	
初 3-2	พาฉันไปสนามบินดอนเมือง	pha chan pai sanam bin don mueang	pā chanˊ bai saˇ nām bhin dhɔ̄n mɯ̄ang	帶我去廊曼機場	derived	
初 3-2	พาไปสนามบิน	pha pai sanam bin	pā bai saˇ nām bhin	帶去機場	derived	
初 3-2	สนามบินดอนเมือง	sanam bin don mueang	saˇ nām bhin dhɔ̄n mɯ̄ang	廊曼機場	derived	
初 3-2	ไปสนามบินดอนเมือง	pai sanam bin don mueang	bai saˇ nām bhin dhɔ̄n mɯ̄ang	去廊曼機場	derived	
初 3-2	ซ้าย	saai	sāi~	左	engine-auto	
初 3-2	มือซ้าย	mue saai	mɯ̄ sāi~	左手	engine-auto	
初 3-2	หูซ้าย	huu saai	hūˊ sāi~	左耳	engine-auto	
初 3-2	ด้านซ้าย	daan saai	dhānˋ sāi~	左邊/左面	engine-auto	
初 3-2	ข้างซ้าย	khaang saai	kāngˋ sāi~	左邊	engine-auto	
初 3-2	ร้านอาหารอยู่ด้านซ้าย	raan ahaan yuu daan saai	rān~ ā hānˊ yūˋ dhānˋ sāi~	餐廳在左邊	engine-auto	
初 3-2	ร้านอาหารอยู่ข้างซ้าย	raan ahaan yuu khaang saai	rān~ ā hānˊ yūˋ kāngˋ sāi~	餐廳在左邊	engine-auto	
初 3-2	ขวา	khwa	kwāˊ	右	engine-auto	
初 3-2	ตาข้างขวา	taa khaang khwa	dā kāngˋ kwāˊ	右眼	engine-auto	
初 3-2	ตาขวา	taa khwa	dā kwāˊ	右眼	engine-auto	
初 3-2	แดง	daeng	dhɛ̄ng	紅	engine-auto	
初 3-2	ทำไมตาข้างขวาแดง	tammai taa khaang khwa daeng	tam mai dā kāngˋ kwāˊ dhɛ̄ng	為什麼右眼紅	engine-auto	
初 3-2	ทำไมตาขวาแดง	tammai taa khwa daeng	tam mai dā kwāˊ dhɛ̄ng	為什麼右眼紅	engine-auto	
初 3-2	ร้านนวดอยู่ด้านขวา	raan nuat yuu daan khwa	rān~ nūatˋ yūˋ dhānˋ kwāˊ	按摩店在右邊	engine-auto	
初 3-2	ร้านนวดอยู่ที่ไหน	raan nuat yuu thi nai	rān~ nūatˋ yūˋ tīˋ naiˊ	按摩店在哪裡	engine-auto	
初 3-2	เลี้ยวซ้าย	liaw saai	līau~ sāi~	左轉	engine-auto	
初 3-2	เลี้ยวขวา	liaw khwa	līau~ kwāˊ	右轉	engine-auto	
初 3-2	เลี้ยวซ้ายเลี้ยวขวา	liaw saai liaw khwa	līau~ sāi~ līau~ kwāˊ	左轉 右轉	engine-auto	
初 3-2	เลี้ยวซ้ายหรือเลี้ยวขวา	liaw saai rue liaw khwa	līau~ sāi~ rɯ̄ˊ līau~ kwāˊ	左轉或是右轉	engine-auto	
初 3-2	ต้องเลี้ยวซ้าย	tong liaw saai	dɔ̄ngˋ līau~ sāi~	得要左轉	engine-auto	
初 3-2	ต้องเลี้ยวขวา	tong liaw khwa	dɔ̄ngˋ līau~ kwāˊ	得要右轉	engine-auto	
初 3-2	หน้า	naa	nāˋ	臉/前面	engine-auto	
初 3-2	ด้านหน้า	daan naa	dhānˋ nāˋ	前面	engine-auto	
初 3-2	ข้างหน้า	khaang naa	kāngˋ nāˋ	前面	engine-auto	
初 3-2	อยู่ด้านหน้า	yuu daan naa	yūˋ dhānˋ nāˋ	在前面	engine-auto	
初 3-2	ห้องน้ำหญิงอยู่ที่ไหน	hong nam ying yuu thi nai	hɔ̄ngˋ nām~ yingˊ yūˋ tīˋ naiˊ	女廁在哪裡	engine-auto	
初 3-2	ห้องน้ำหญิงอยู่ด้านหน้า	hong nam ying yuu daan naa	hɔ̄ngˋ nām~ yingˊ yūˋ dhānˋ nāˋ	女廁在前面	engine-auto	
初 3-2	เดินไปข้างหน้าก็จะเจอ	dern pai khaang naa ko ja jer	dhə̄n bai kāngˋ nāˋ gɔ̄ˋ jaˇ jə̄	走去前面就會看到	engine-auto	
初 3-2	หลัง	lang	langˊ	後/背	engine-auto	
初 3-2	เมื่อยหลัง	mueai lang	mɯ̄aiˋ langˊ	背酸	engine-auto	
初 3-2	อยู่ด้านหลัง	yuu daan lang	yūˋ dhānˋ langˊ	在後面	engine-auto	
初 3-2	ห้องน้ำอยู่ด้านหลัง	hong nam yuu daan lang	hɔ̄ngˋ nām~ yūˋ dhānˋ langˊ	廁所在後面	engine-auto	
初 3-2	ถอยหลัง	thoi lang	tɔ̄iˊ langˊ	退後	engine-auto	
初 3-2	ถอยอีก	thoi ik	tɔ̄iˊ īkˇ	再退	engine-auto	
初 3-2	ถอยถอยถอย	thoi thoi thoi	tɔ̄iˊ tɔ̄iˊ tɔ̄iˊ	退 退 退	engine-auto	
初 3-2	ภาษาจีนถอยหลัง	phasa jeen thoi lang	pā sāˊ jīn tɔ̄iˊ langˊ	中文 退步	engine-auto	
初 3-2	ก้าวหน้า	kao naa	gāuˋ nāˋ	進步	engine-auto	
初 3-2	ไม่	mai	maiˋ	沒	book-exact	(book-exact已用引擎重新驗證)
初 3-2	ไม่ก้าวหน้า	mai kao naa	maiˋ gāuˋ nāˋ	沒進步	engine-auto	
初 3-2	ภาษาไทยก้าวหน้า	phasa thai kao naa	pā sāˊ tai gāuˋ nāˋ	泰文有進步	engine-auto	
初 3-2	ภาษาไทยของคุณก้าวหน้า	phasa thai khong khun kao naa	pā sāˊ tai kɔ̄ngˊ kun gāuˋ nāˋ	你的泰文有進步	engine-auto	
初 3-2	บน	bon	bhon	上	engine-auto	
初 3-2	ชั้นบน	chan bon	chan~ bhon	樓上	engine-auto	
初 3-2	ห้องนอนอยู่ชั้นบน	hong non yuu chan bon	hɔ̄ngˋ nɔ̄n yūˋ chan~ bhon	臥房在樓上	engine-auto	
初 3-2	ชั้นบนมีกี่ห้อง	chan bon mi gi hong	chan~ bhon mī gīˇ hɔ̄ngˋ	樓上有幾個房間	engine-auto	
初 3-2	ชั้นบนมีกี่ห้องคะ	chan bon mi gi hong ka	chan~ bhon mī gīˇ hɔ̄ngˋ ka~	樓上有幾個房間(禮貌)	engine-auto	
初 3-2	ชั้นบนมี3ห้อง	chan bon mi 3 hong	chan~ bhon mī3 hɔ̄ngˋ	樓上有3個房間	engine-auto	
初 3-2	ห้องใหญ่2ห้อง	hong yai 2 hong	hɔ̄ngˋ yaiˇ2 hɔ̄ngˋ	大房間 2 間	engine-auto	
初 3-2	ห้องเล็ก1ห้อง	hong lek 1 hong	hɔ̄ngˋ lek~1 hɔ̄ngˋ	小房間 1 間	engine-auto	
初 3-2	ล่าง	laang	lāngˋ	下	engine-auto	
初 3-2	ชั้นล่างมีห้องน้ำไหม	chan laang mi hong nam mai	chan~ lāngˋ mī hɔ̄ngˋ nām~ maiˊ	樓下有廁所嗎	engine-auto	
初 3-2	ชั้นล่างมีห้องน้ำแต่เล็ก	chan laang mi hong nam tae lek	chan~ lāngˋ mī hɔ̄ngˋ nām~ dɛ̄ˇ lek~	樓下有廁所 但很小	engine-auto	
初 3-2	ใน	nai	nai	內	engine-auto	
初 3-2	ข้างใน	khaang nai	kāngˋ nai	裡面	engine-auto	
初 3-2	นั่งข้างในได้ไหมคะ	nang khaang nai dai mai kha	nangˋ kāngˋ nai dhaiˋ maiˊ ka~	坐裡面可以嗎	engine-auto	
初 3-2	ข้างในไม่มีที่นั่งแล้วค่ะ	khaang nai mai mi thi nang laew kha	kāngˋ nai maiˋ mī tīˋ nangˋ lɛ̄u~ kaˋ	裡面沒有位子了	engine-auto	
初 3-2	ขอโทษค่ะข้างในไม่มีที่นั่งแล้วค่ะ	kho thot kha, khaang nai mai mi thi nang laew kha	kɔ̄ˊ tōtˋ kaˋ kāngˋ nai maiˋ mī tīˋ nangˋ lɛ̄u~ kaˋ	抱歉，裡面沒有位子了	engine-auto	
初 3-2	นอก	nok	nɔ̄kˋ	外	engine-auto	
初 3-2	นั่งข้างใน	nang khaang nai	nangˋ kāngˋ nai	坐裡面	engine-auto	
初 3-2	นั่งข้างนอก	nang khaang nok	nangˋ kāngˋ nɔ̄kˋ	坐外面	engine-auto	
初 3-2	นั่งข้างนอกได้ไหมครับ	nang khaang nok dai mai krap	nangˋ kāngˋ nɔ̄kˋ dhaiˋ maiˊ krap~	坐外面可以嗎	engine-auto	
初 3-2	ข้างนอกมีที่นั่งไหม	khaang nok mi thi nang mai	kāngˋ nɔ̄kˋ mī tīˋ nangˋ maiˊ	外面有位子嗎	engine-auto	
初 3-2	ตรงกลาง	trong klang	drong glāng	中間	engine-auto	
初 3-2	บนเครื่องบิน	bon khrueng bin	bhon krɯ̄angˋ bhin	在飛機上	engine-auto	
初 3-2	ที่นั่งตรงกลาง	thi nang trong klang	tīˋ nangˋ drong glāng	中間的位子	engine-auto	
初 3-2	ไม่ชอบนั่งที่นั่งตรงกลางนะคะ	mai chop nang thi nang trong klang na kha	maiˋ chɔ̄pˋ nangˋ tīˋ nangˋ drong glāng na~ ka~	不喜歡坐中間的位子	engine-auto	
初 3-2	ข้างๆ	khaang khang	kāngˋ kāngˋ	旁邊	engine-auto	
初 3-2	บ้านอยู่ข้างวัด	ban yuu khaang wat	bhānˋ yūˋ kāngˋ wat~	家在寺廟旁邊	engine-auto	
初 3-2	บ้านอยู่ข้างๆวัด	ban yuu khaang khang wat	bhānˋ yūˋ kāngˋ kāngˋ wat~	家在寺廟旁邊	engine-auto	
初 3-2	ร้านอาหารอยู่ข้างวัด	raan ahaan yuu khaang wat	rān~ ā hānˊ yūˋ kāngˋ wat~	餐廳在寺廟旁邊	engine-auto	
初 3-2	ร้านอาหารอยู่ข้างตลาด	raan ahaan yuu khaang talat	rān~ ā hānˊ yūˋ kāngˋ daˇ lātˋ	餐廳在市場旁邊	engine-auto	
初 3-2	มานั่งข้างผม	ma nang khaang phom	mā nangˋ kāngˋ pomˊ	來坐我旁邊	engine-auto	
初 3-2	มานั่งข้างๆผม	ma nang khaang khang phom	mā nangˋ kāngˋ kāngˋ pomˊ	來坐我旁邊	engine-auto	
初 3-2	ใครนั่งข้างๆเขา	khrai nang khaang khang khao	krai nangˋ kāngˋ kāngˋ kāuˊ	誰坐他旁邊	engine-auto	
初 3-2	น้องสาวของเขา	nong sao khong khao	nɔ̄ng~ sāuˊ kɔ̄ngˊ kāuˊ	他的妹妹	engine-auto	
初 3-2	ร้านยาอยู่ตรงข้ามเซเว่น	raan ya yuu trong kham seven	rān~ yā yūˋ drong kāmˋ sē wēnˋ	藥局在7-11對面	engine-auto	
初 3-2	ร้านนวดอยู่ตรงข้ามร้านหนังสือ	raan nuat yuu trong kham raan nang sue	rān~ nūatˋ yūˋ drong kāmˋ rān~ nangˊ sɯ̄ˊ	按摩店在書店對面	engine-auto	
初 3-2	เซเว่นอยู่ตรงข้ามร้านหนังสือ	seven yuu trong kham raan nang sue	sē wēnˋ yūˋ drong kāmˋ rān~ nangˊ sɯ̄ˊ	7-11在書店對面	engine-auto	
初 3-2	ร้านยาอยู่ตรงข้ามร้านนวด	raan ya yuu trong kham raan nuat	rān~ yā yūˋ drong kāmˋ rān~ nūatˋ	藥局在按摩店對面	engine-auto	
初 3-2	ทาง	thaang	tāng	邊/路 (Way)	engine-auto	
初 3-2	เชิญทางนี้	choen thaang nii	chə̄n tāng nī~	這邊請	engine-auto	
初 3-2	เชิญทางนี้ค่ะ	choen thaang nii kha	chə̄n tāng nī~ kaˋ	這邊請(女)	engine-auto	
初 3-2	เชิญทางนี้ครับ	choen thaang nii krap	chə̄n tāng nī~ krap~	這邊請(男)	engine-auto	
初 3-2	ไปทางไหน	pai thaang nai	bai tāng naiˊ	去哪邊	engine-auto	
初 3-2	ไปทางซ้าย	pai thaang saai	bai tāng sāi~	走左邊	engine-auto	
初 3-2	ไปทางซ้ายค่ะ	pai thaang saai kha	bai tāng sāi~ kaˋ	走左邊(女)	engine-auto	
初 3-2	ไปทางขวา	pai thaang khwa	bai tāng kwāˊ	走右邊	engine-auto	
初 3-2	ตรงไป	trong pai	drong bai	直走	engine-auto	
初 3-2	ร้านรองเท้าอยู่ที่ไหน	raan rong thao yuu thi nai	rān~ rɔ̄ng tāu~ yūˋ tīˋ naiˊ	鞋店在哪裡	engine-auto	
初 3-2	เดินตรงไป	dern trong pai	dhə̄n drong bai	直走(走路)	engine-auto	
初 3-2	แล้วก็	laew ko	lɛ̄u~ gɔ̄ˋ	然後	engine-auto	
初 3-2	แล้วก็เลี้ยวขวา	laew ko liaw khwa	lɛ̄u~ gɔ̄ˋ līau~ kwāˊ	然後右轉	engine-auto	
初 3-2	เดินตรงไปแล้วก็เลี้ยวขวาก็จะเจอ	dern trong pai laew ko liaw khwa ko ja jer	dhə̄n drong bai lɛ̄u~ gɔ̄ˋ līau~ kwāˊ gɔ̄ˋ jaˇ jə̄	直走，然後右轉，就會看到	engine-auto	
初 3-2	ร้านเสื้ออยู่ที่ไหน	raan seua yuu thi nai	rān~ sɯ̄aˋ yūˋ tīˋ naiˊ	衣服店在哪裡	engine-auto	
初 3-2	แล้วก็เลี้ยวซ้าย	laew ko liaw saai	lɛ̄u~ gɔ̄ˋ līau~ sāi~	然後左轉	engine-auto	
初 3-2	ภาคเหนือ	phak nuea	pākˋ nɯ̄aˊ	北部	engine-auto	
初 3-2	ภาคเหนือของไทย	phak nuea khong thai	pākˋ nɯ̄aˊ kɔ̄ngˊ tai	泰國的北部	engine-auto	
初 3-2	ภาคเหนือของไทยสวยมาก	phak nuea khong thai suai mak	pākˋ nɯ̄aˊ kɔ̄ngˊ tai sūayˊ mākˋ	泰國的北部很漂亮	engine-auto	
初 3-2	ภาคเหนือของไทยก็มีซากุระ	phak nuea khong thai ko mi sa-kura	pākˋ nɯ̄aˊ kɔ̄ngˊ tai gɔ̄ˋ mī sā guˇ ra~	泰國的北部也有櫻花	engine-auto	
初 3-2	ภาคใต้	phak tai	pākˋ daiˋ	南部	engine-auto	
初 3-2	ใต้	tai	daiˋ	南	engine-auto	
初 3-2	ทะเลภาคใต้	thale phak tai	ta~ lē pākˋ daiˋ	南部的海	engine-auto	
初 3-2	สวยมาก	suai mak	sūayˊ mākˋ	很漂亮	engine-auto	
初 3-2	ทะเลภาคใต้สวยมาก	thale phak tai suai mak	ta~ lē pākˋ daiˋ sūayˊ mākˋ	南部的海很漂亮	engine-auto	
初 3-2	ทะเลภาคใต้ของไทยสวยมาก	thale phak tai khong thai suai mak	ta~ lē pākˋ daiˋ kɔ̄ngˊ tai sūayˊ mākˋ	泰國南部的海很漂亮	engine-auto	
初 3-2	ได้	dai	dhaiˋ	可以	engine-auto	
初 3-2	อาหารภาคใต้	ahaan phak tai	ā hānˊ pākˋ daiˋ	南部菜	engine-auto	
初 3-2	อาหารภาคใต้อร่อยแต่เผ็ด	ahaan phak tai aroi tae phet	ā hānˊ pākˋ daiˋ aˇ rɔ̄iˋ dɛ̄ˇ petˇ	南部菜 好吃 但是 辣	engine-auto	
初 3-2	อีหลานอยู่ภาคไหน	ee lan yuu phak nai	ī lānˊ yūˋ pākˋ naiˊ	宜蘭在哪個部	engine-auto	
初 3-2	อีหลานอยู่ภาคตะวันออกของไต้หวัน	ee lan yuu phak tawan ok khong taiwan	ī lānˊ yūˋ pākˋ daˇ wan ɔ̄kˇ kɔ̄ngˊ daiˋ wanˊ	宜蘭在台灣的東部	engine-auto	
初 3-2	หัวเหลียนอยู่ภาคไหน	hua lian yuu phak nai	hūaˊ līanˊ yūˋ pākˋ naiˊ	花蓮在哪個部	engine-auto	
初 3-2	หัวเหลียนอยู่ภาคตะวันออกของไต้หวัน	hua lian yuu phak tawan ok khong taiwan	hūaˊ līanˊ yūˋ pākˋ daˇ wan ɔ̄kˇ kɔ̄ngˊ daiˋ wanˊ	花蓮在台灣的東部	engine-auto	
初 3-2	ไปเที่ยวภาคตะวันออกกันไหม	pai thiao phak tawan ok kan mai	bai tīauˋ pākˋ daˇ wan ɔ̄kˇ gan maiˊ	要不要一起去東部玩	engine-auto	
初 3-2	ภาคตะวันออกเฉียงเหนือ	phak tawan ok chiang nuea	pākˋ daˇ wan ɔ̄kˇ chīangˊ nɯ̄aˊ	東北部	engine-auto	
初 3-2	อีสาน	isaan	ī sānˊ	東北 (I-san)	engine-auto	
初 3-2	ภาคอีสาน	phak isaan	pākˋ ī sānˊ	東北部 (I-san)	engine-auto	
初 3-2	คนอีสาน	khon isaan	kon ī sānˊ	東北人	engine-auto	
初 3-2	คนอีสานมาทำงานที่ไต้หวัน	khon isaan ma tham ngan thi taiwan	kon ī sānˊ mā tam ngān tīˋ daiˋ wanˊ	東北人來台灣工作	engine-auto	
初 3-2	มาทำงานที่ไต้หวัน	ma tham ngan thi taiwan	mā tam ngān tīˋ daiˋ wanˊ	來台灣工作	engine-auto	
初 3-2	คนอีสานมาทำงานที่ไต้หวันเยอะ	khon isaan ma tham ngan thi taiwan yoe	kon ī sānˊ mā tam ngān tīˋ daiˋ wanˊ yə~	很多東北人來台灣工作	engine-auto	
初 3-2	ภาคตะวันตก	phak tawan tok	pākˋ daˇ wan dokˇ	西部	engine-auto	
初 3-2	นั่งรถไฟไปเที่ยวภาคตะวันตก	nang rot fai pai thiao phak tawan tok	nangˋ rot~ fai bai tīauˋ pākˋ daˇ wan dokˇ	搭火車去西部玩	engine-auto	
初 3-2	ไปเที่ยวภาคตะวันตก	pai thiao phak tawan tok	bai tīauˋ pākˋ daˇ wan dokˇ	去西部玩	engine-auto	
初 3-2	ข้ามถนน	kham thanon	kāmˋ taˇ non	過馬路	derived	
初 3-2	ข้ามถนนดูมือถือไม่ได้	kham thanon du mue thue mai dai	kāmˋ taˇ non dhū mɯ̄ tɯ̄ˊ maiˋ dhaiˋ	過馬路 不能看手機	derived	
初 3-2	ต้องดูซ้ายดูขวา	tong du saai du khwa	dɔ̄ngˋ dhū sāi~ dhū kwāˊ	得看左看右	engine-auto	
初 3-2	ข้ามถนนต้องดูซ้ายดูขวา	kham thanon tong du saai du khwa	kāmˋ taˇ non dɔ̄ngˋ dhū sāi~ dhū kwāˊ	過馬路 得看左看右	derived	
初 3-2	ไม่มีรถก็ข้ามได้	mai mi rot ko kham dai	maiˋ mī rot~ gɔ̄ˋ kāmˋ dhaiˋ	沒有車 就可以過	engine-auto	
初 3-2	ไม่มีไฟเขียวไฟแดง	mai mi fai khiao fai daeng	maiˋ mī fai kīauˊ fai dhɛ̄ng	沒有綠燈紅燈	engine-auto	
初 3-2	ใกล้	glai	glaiˋ	近	engine-auto	
初 3-2	ใกล้ๆ	glai glai	glaiˋ glaiˋ	很近	engine-auto	
初 3-2	ตลาดไกลไหม	talat klai mai	daˇ lātˋ glai maiˊ	市場遠嗎	engine-auto	
初 3-2	ตลาดไกลไหมคะ	talat klai mai kha	daˇ lātˋ glai maiˊ ka~	市場遠嗎(女)	engine-auto	
初 3-2	ไม่ไกล	mai klai	maiˋ glai	不遠	engine-auto	
初 3-2	ไม่ไกลใกล้ๆ	mai klai glai glai	maiˋ glai glaiˋ glaiˋ	不遠 很近	engine-auto	
初 3-2	เดินตรงไป	dern trong pai	dhə̄n drong bai	直走	engine-auto	
初 3-2	6นาที	6 na tee	6 nā tī	6分鐘	engine-auto	
初 3-2	เดินตรงไป6นาที	dern trong pai 6 na tee	dhə̄n drong bai6 nā tī	直走6分鐘	engine-auto	
初 3-2	ก็ถึงแล้ว	ko thueng laew	gɔ̄ˋ tɯngˊ lɛ̄u~	就到了	engine-auto	
初 3-2	ใน	nai	nai	在...裡面	engine-auto	
初 3-2	ในห้องน้ำ	nai hong nam	nai hɔ̄ngˋ nām~	在廁所裡面	engine-auto	
初 3-2	ในห้องน้ำมีทิชชู่ไหม	nai hong nam mi tichu mai	nai hɔ̄ngˋ nām~ mī tit~ chūˋ maiˊ	廁所裡有衛生紙嗎？	engine-auto	
初 3-2	ในห้องเรียนไม่มีนักเรียน	nai hong rian mai mi nak rian	nai hɔ̄ngˋ rīan maiˋ mī nak~ rīan	在教室裡沒有學生	engine-auto	
初 3-2	ในห้องเรียนไม่มีครู	nai hong rian mai mi khruu	nai hɔ̄ngˋ rīan maiˋ mī krū	教室裡沒有老師	engine-auto	
初 3-2	ตู้เย็น	tu yen	dūˋ yen	冰箱	engine-auto	
初 3-2	ตู้	tu	dūˋ	櫃子	engine-auto	
初 3-2	ตู้เสื้อ	tu seua	dūˋ sɯ̄aˋ	衣櫃	engine-auto	
初 3-2	ตู้รองเท้า	tu rong thao	dūˋ rɔ̄ng tāu~	鞋櫃	engine-auto	
初 3-2	ตู้หนังสือ	tu nangseu	dūˋ nangˊ sɯ̄ˊ	書櫃	engine-auto	
初 3-2	ของในตู้เย็นกินได้ไหม	khong nai tu yen kin dai mai	kɔ̄ngˊ nai dūˋ yen gin dhaiˋ maiˊ	冰箱裡的東西可以吃嗎？	engine-auto	
初 3-2	ในตู้เย็นมีน้ำ2ขวด	nai tu yen mi nam 2 khuad	nai dūˋ yen mī nām~2 kūatˇ	冰箱裡有兩瓶水	derived	
初 3-2	ในเมืองไทย	nai mueang thai	nai mɯ̄ang tai	在泰國裡面	engine-auto	
初 3-2	ในน้ำมีปลาในนามีข้าว	nai nam mi pla nai naa mi khao	nai nām~ mī blā nai nā mī kāuˋ	水裡有魚，田裡有米	engine-auto	
初 3-2	เมืองไทยในน้ำมีปลาในนามีข้าว	mueang thai nai nam mi pla nai naa mi khao	mɯ̄ang tai nai nām~ mī blā nai nā mī kāuˋ	泰國，水裡有魚，田裡有米	engine-auto	
初 3-2	ในทะเล	nai thale	nai ta~ lē	在海裡	engine-auto	
初 3-2	ใต้ทะเล	tai thale	daiˋ ta~ lē	海底	engine-auto	
初 3-2	นา	naa	nā	田	engine-auto	
初 3-2	ทำนา	tham naa	tam nā	種田	engine-auto	
初 3-2	อยู่ในกระเป๋ากางเกง	yuu nai krapao kangkeng	yūˋ nai graˇ bāuˊ gāng gēng	在褲子口袋裡	engine-auto	
初 3-2	มือถืออยู่ในกระเป๋ากางเกง	mue thue yuu nai krapao kangkeng	mɯ̄ tɯ̄ˊ yūˋ nai graˇ bāuˊ gāng gēng	手機在褲子口袋裡	engine-auto	
初 3-2	นอก	nok	nɔ̄kˋ	外面	engine-auto	
初 3-2	ไปกินข้างนอก	pai kin khaang nok	bai gin kāngˋ nɔ̄kˋ	去外面吃飯	engine-auto	
初 3-2	ไปเรียนเมืองนอก	pai rian mueang nok	bai rīan mɯ̄ang nɔ̄kˋ	去國外留學	engine-auto	
初 3-2	เมืองนอก	mueang nok	mɯ̄ang nɔ̄kˋ	國外	engine-auto	
初 3-2	ไปเที่ยวเมืองนอก	pai thiao mueang nok	bai tīauˋ mɯ̄ang nɔ̄kˋ	去國外玩	engine-auto	
初 3-2	นอกจาก...แล้ว	nok chak ... laew	nɔ̄kˋ jākˇ...lɛ̄u~	除了...以外	engine-auto	
初 3-2	นอกจากล้างมือบ่อยๆแล้ว	nok chak lang mue boi boi laew	nɔ̄kˋ jākˇ lāng~ mɯ̄ bhɔ̄iˇ bhɔ̄iˇ lɛ̄u~	除了勤洗手以外	engine-auto	
初 3-2	ดูละครไทย	du lakorn thai	dhū la~ kɔ̄n tai	看泰劇	derived	
初 3-2	เขานอกใจ	khao nok jai	kāuˊ nɔ̄kˋ jai	他劈腿 (花心)	engine-auto	
初 3-2	แฟนนอกใจ	faen nok jai	fɛ̄n nɔ̄kˋ jai	情人劈腿	engine-auto	
初 3-2	ฉันนอกใจแฟน	chan nok jai faen	chanˊ nɔ̄kˋ jai fɛ̄n	我劈腿情人	engine-auto	
初 3-2	เรียนต่อ	rian to	rīan dɔ̄ˇ	繼續上課	engine-auto	
初 3-2	ตรงไป	trong pai	drong bai	直走	engine-auto	
初 3-2	เดินตรงไป	dern trong pai	dhə̄n drong bai	走路 (直走)	engine-auto	
初 3-2	ขับรถ	khab rot	kapˇ rot~	開車	book-exact	(book-exact已用引擎重新驗證)
初 3-2	ขับรถตรงไป	khab rot trong pai	kapˇ rot~ drong bai	開車直走	engine-auto	
初 3-2	ตรง	trong	drong	直	engine-auto	
初 3-2	พูดตรงๆ	phut trong trong	pūtˋ drong drong	直接說	engine-auto	
初 3-2	ฉันพูดตรงๆฉันชอบคุณมากๆ	chan phut trong trong chan chop khun mak mak	chanˊ pūtˋ drong drong chanˊ chɔ̄pˋ kun mākˋ mākˋ	我直接說，我非常喜歡你	engine-auto	
初 3-2	พูดตรงๆไม่อร่อย	phut trong trong mai aroi	pūtˋ drong drong maiˋ aˇ rɔ̄iˋ	直接說，不好吃	engine-auto	
初 3-2	มีเรื่องอะไร	mi rueang arai	mī rɯ̄angˋ aˇ rai	有什麼事	engine-auto	
初 3-2	พูดตรงๆไม่ต้องเกรงใจ	phut trong trong mai tong kreng jai	pūtˋ drong drong maiˋ dɔ̄ngˋ grēng jai	直接說，不用客氣	engine-auto	
初 3-2	ถามตรงๆ	tham trong trong	tāmˊ drong drong	直接問	engine-auto	
初 3-2	ถาม	tham	tāmˊ	問	engine-auto	
初 3-2	ขอถามหน่อย	kho tham noi	kɔ̄ˊ tāmˊ nɔ̄iˇ	請問一下	engine-auto	
初 3-2	ครูคะขอถามหน่อยค่ะ	khru kha kho tham noi kha	krū ka~ kɔ̄ˊ tāmˊ nɔ̄iˇ kaˋ	老師，請問一下	engine-auto	
初 3-2	ถามอะไร	tham arai	tāmˊ aˇ rai	問什麼	engine-auto	
初 3-2	ถามตรงๆได้ไหม	tham trong trong dai mai	tāmˊ drong drong dhaiˋ maiˊ	可以直接問嗎？	engine-auto	
初 3-2	มีแฟนหรือยัง	mi faen rue yang	mī fɛ̄n rɯ̄ˊ yang	有情人了嗎？	engine-auto	
初 3-2	ขอถามหน่อยได้ไหม	kho tham noi dai mai	kɔ̄ˊ tāmˊ nɔ̄iˇ dhaiˋ maiˊ	請問一下可以嗎？	engine-auto	
初 3-2	ตรงเวลา	trong welaa	drong wē lā	準時	engine-auto	
初 3-2	กินข้าวตรงเวลา	kin khao trong welaa	gin kāuˋ drong wē lā	準時吃飯	engine-auto	
初 3-2	ต้องตรงเวลา	tong trong welaa	dɔ̄ngˋ drong wē lā	必須準時	engine-auto	
初 3-2	ต้องมาตรงเวลา	tong maa trong welaa	dɔ̄ngˋ mā drong wē lā	要準時來	engine-auto	
初 3-2	ไม่ตรงเวลา	mai trong welaa	maiˋ drong wē lā	不準時	book-exact	(book-exact已用引擎重新驗證)
初 3-2	ใจตรงกัน	jai trong kan	jai drong gan	心意相通 (想的一樣)	engine-auto	
初 3-2	พวกเราใจตรงกัน	phuak rao jai trong kan	pūakˋ rāu jai drong gan	我們心意相通	engine-auto	
初 3-2	เป็นคนตรงไปตรงมา	pen khon trong pai trong maa	ben kon drong bai drong mā	是個直來直往的人	engine-auto	
初 3-2	ข้าม	kham	kāmˋ	過	engine-auto	
初 3-2	ข้ามถนน	kham thanon	kāmˋ taˇ non	過馬路	derived	
初 3-2	แม่น้ำ	mae nam	mɛ̄ˋ nām~	河	engine-auto	
初 3-2	ข้ามแม่น้ำ	kham mae nam	kāmˋ mɛ̄ˋ nām~	過河	engine-auto	
初 3-2	นั่งเรือข้ามแม่น้ำ	nang ruea kham mae nam	nangˋ rɯ̄a kāmˋ mɛ̄ˋ nām~	坐船過河	engine-auto	
初 3-2	เดินข้ามถนน	dern kham thanon	dhə̄n kāmˋ taˇ non	走路過馬路	derived	
初 3-2	สะพาน	saphan	saˇ pān	橋	book-exact	(book-exact已用引擎重新驗證)
初 3-2	ข้ามสะพาน	kham saphan	kāmˋ saˇ pān	過橋	engine-auto	
初 3-2	เดินข้ามสะพาน	dern kham saphan	dhə̄n kāmˋ saˇ pān	走過橋	engine-auto	
初 3-2	ต้องเดินข้ามสะพาน	tong dern kham saphan	dɔ̄ngˋ dhə̄n kāmˋ saˇ pān	必須走過橋	engine-auto	
初 3-2	เด็กๆเดินข้ามสะพาน	dek dek dern kham saphan	dhekˇ dhekˇ dhə̄n kāmˋ saˇ pān	小孩子們走過橋	engine-auto	
初 3-2	ลอย	loi	lɔ̄i	飄；浮	engine-auto	
初 3-2	สะพานลอย	saphan loi	saˇ pān lɔ̄i	天橋	engine-auto	
初 3-2	ข้ามสะพานลอย	kham saphan loi	kāmˋ saˇ pān lɔ̄i	過天橋	engine-auto	
初 3-2	อยู่บนโต๊ะ	yuu bon to	yūˋ bhon do~	在桌上	engine-auto	
初 3-2	แมวอยู่บนโต๊ะ	maeo yuu bon to	mɛ̄u yūˋ bhon do~	貓在桌上	engine-auto	
初 3-2	คอมพิวเตอร์อยู่บนโต๊ะ	khomphiwtoe yuu bon to	kɔ̄m piw də̄ yūˋ bhon do~	電腦在桌上	engine-auto	
初 3-2	อยู่บนฟ้า	yuu bon faa	yūˋ bhon fā~	在天上	engine-auto	
初 3-2	เครื่องบินอยู่บนฟ้า	khrueang bin yuu bon faa	krɯ̄angˋ bhin yūˋ bhon fā~	飛機在天上	engine-auto	
初 3-2	ปู่ย่าตายายอยู่บนฟ้า	pu ya taa yaai yuu bon faa	būˇ yāˋ dā yāi yūˋ bhon fā~	祖父母在天上 (天堂)	engine-auto	
初 3-2	บนถนน	bon thanon	bhon taˇ non	在路上	derived	
初 3-2	บนถนนมีรถเยอะ	bon thanon mi rot yoe	bhon taˇ non mī rot~ yə~	路上有很多車	derived	
初 3-2	เดินบนฟุตบาท	dern bon fut baat	dhə̄n bhon fut~ bhātˇ	走在人行道上	engine-auto	
初 3-2	ฟุตบาท	fut baat	fut~ bhātˇ	人行道	engine-auto	
初 3-2	ขายของบนฟุตบาท	khai khong bon fut baat	kāiˊ kɔ̄ngˊ bhon fut~ bhātˇ	在人行道上賣東西	engine-auto	
初 3-2	แม่อยู่บนบ้าน	mae yuu bon baan	mɛ̄ˋ yūˋ bhon bhānˋ	媽媽在樓上	engine-auto	
初 3-2	พ่ออยู่บนบ้าน	pho yuu bon baan	pɔ̄ˋ yūˋ bhon bhānˋ	爸爸在樓上	engine-auto	
初 3-2	บนเครื่องบิน	bon khrueang bin	bhon krɯ̄angˋ bhin	飛機上	engine-auto	
初 3-2	อยู่บนเครื่องบินชอบทำอะไร	yuu bon khrueang bin chop tham arai	yūˋ bhon krɯ̄angˋ bhin chɔ̄pˋ tam aˇ rai	在飛機上喜歡做什麼？	engine-auto	
初 3-2	ชอบอาหารบนเครื่องบินไหม	chop ahaan bon khrueang bin mai	chɔ̄pˋ ā hānˊ bhon krɯ̄angˋ bhin maiˊ	喜歡飛機上的食物嗎？	engine-auto	
初 3-2	ชั้นล่าง	chan laang	chan~ lāngˋ	樓下；下面	engine-auto	
初 3-2	ใต้	tai	daiˋ	下 (Under)	engine-auto	
初 3-2	ใต้เก้าอี้	tai kao i	daiˋ gāuˋ īˋ	椅子下面	engine-auto	
初 3-2	ภาคใต้	phak tai	pākˋ daiˋ	南部	engine-auto	
初 3-2	แมวอยู่ใต้เก้าอี้	maeo yuu tai kao i	mɛ̄u yūˋ daiˋ gāuˋ īˋ	貓在椅子下面	engine-auto	
初 3-2	หนังสืออยู่ใต้เก้าอี้	nangseu yuu tai kao i	nangˊ sɯ̄ˊ yūˋ daiˋ gāuˋ īˋ	書在椅子下面	engine-auto	
初 3-2	ใต้ที่นั่ง	tai thi nang	daiˋ tīˋ nangˋ	座位下面	engine-auto	
初 3-2	ชั้นใต้ดิน	chan tai din	chan~ daiˋ dhin	地下樓層	engine-auto	
初 3-2	ฟู้ดคอร์ทอยู่ที่ไหน	fut khot yuu thi nai		美食廣場在哪裡？	unresolved	英文外來語/正式縮寫/原始資料異常，見全課-仍不確定清單.tsv
初 3-2	อยู่ชั้นใต้ดิน	yuu chan tai din	yūˋ chan~ daiˋ dhin	在地下樓層	engine-auto	
初 3-2	ดิน	din	dhin	土	engine-auto	
初 3-2	ที่ดิน	thi din	tīˋ dhin	土地	engine-auto	
初 3-2	ดินสอ	din so	dhin sɔ̄ˊ	鉛筆	engine-auto	
初 3-2	ซุปเปอร์มาร์เก็ตอยู่ชั้นใต้ดิน	supper market yuu chan tai din	sup~ bə̄ mā getˇ yūˋ chan~ daiˋ dhin	超市在地下樓層	engine-auto	
初 3-2	อยู่ใต้ทะเล	yuu tai thale	yūˋ daiˋ ta~ lē	在海底	engine-auto	
初 3-2	ปลาอยู่ใต้ทะเล	pla yuu tai thale	blā yūˋ daiˋ ta~ lē	魚在海底	engine-auto	
初 3-2	ใน	nai	nai	在...裡面	engine-auto	
初 3-2	ในห้องน้ำ	nai hong nam	nai hɔ̄ngˋ nām~	在廁所裡面	engine-auto	
初 3-2	ในห้องน้ำมีทิชชู่ไหม	nai hong nam mi tichu mai	nai hɔ̄ngˋ nām~ mī tit~ chūˋ maiˊ	廁所裡有衛生紙嗎？	engine-auto	
初 3-2	ในห้องเรียนไม่มีนักเรียน	nai hong rian mai mi nak rian	nai hɔ̄ngˋ rīan maiˋ mī nak~ rīan	在教室裡沒有學生	engine-auto	
初 3-2	ในห้องเรียนไม่มีครู	nai hong rian mai mi khruu	nai hɔ̄ngˋ rīan maiˋ mī krū	教室裡沒有老師	engine-auto	
初 3-2	ตู้เย็น	tu yen	dūˋ yen	冰箱	engine-auto	
初 3-2	ตู้	tu	dūˋ	櫃子	engine-auto	
初 3-2	ตู้เสื้อ	tu seua	dūˋ sɯ̄aˋ	衣櫃	engine-auto	
初 3-2	ตู้รองเท้า	tu rorng thao	dūˋ rɔ̄ng tāu~	鞋櫃	engine-auto	
初 3-2	ตู้หนังสือ	tu nangseu	dūˋ nangˊ sɯ̄ˊ	書櫃	engine-auto	
初 3-2	ของในตู้เย็นกินได้ไหม	khong nai tu yen kin dai mai	kɔ̄ngˊ nai dūˋ yen gin dhaiˋ maiˊ	冰箱裡的東西可以吃嗎？	engine-auto	
初 3-2	ในตู้เย็นมีน้ำ2ขวด	nai tu yen mi nam 2 khuat	nai dūˋ yen mī nām~2 kūatˇ	冰箱裡有兩瓶水	derived	
初 3-2	ในเมืองไทย	nai mueang thai	nai mɯ̄ang tai	在泰國裡面	engine-auto	
初 3-2	ในน้ำมีปลาในนามีข้าว	nai nam mi pla nai naa mi khao	nai nām~ mī blā nai nā mī kāuˋ	水裡有魚，田裡有米	engine-auto	
初 3-2	เมืองไทยในน้ำมีปลาในนามีข้าว	mueang thai nai nam mi pla nai naa mi khao	mɯ̄ang tai nai nām~ mī blā nai nā mī kāuˋ	泰國，水裡有魚，田裡有米	engine-auto	
初 3-2	ในทะเล	nai thale	nai ta~ lē	在海裡	engine-auto	
初 3-2	ใต้ทะเล	tai thale	daiˋ ta~ lē	海底	engine-auto	
初 3-2	นา	naa	nā	田	engine-auto	
初 3-2	ทำนา	tham naa	tam nā	種田	engine-auto	
初 3-2	อยู่ในกระเป๋ากางเกง	yuu nai krapao kangkeng	yūˋ nai graˇ bāuˊ gāng gēng	在褲子口袋裡	engine-auto	
初 3-2	มือถืออยู่ในกระเป๋ากางเกง	mue thue yuu nai krapao kangkeng	mɯ̄ tɯ̄ˊ yūˋ nai graˇ bāuˊ gāng gēng	手機在褲子口袋裡	engine-auto	
初 3-2	นอก	nok	nɔ̄kˋ	外面	engine-auto	
初 3-2	ไปกินข้างนอก	pai kin khaang nok	bai gin kāngˋ nɔ̄kˋ	去外面吃飯	engine-auto	
初 3-2	ไปเรียนเมืองนอก	pai rian mueang nok	bai rīan mɯ̄ang nɔ̄kˋ	去國外留學	engine-auto	
初 3-2	เมืองนอก	mueang nok	mɯ̄ang nɔ̄kˋ	國外	engine-auto	
初 3-2	ไปเที่ยวเมืองนอก	pai thiao mueang nok	bai tīauˋ mɯ̄ang nɔ̄kˋ	去國外玩	engine-auto	
初 3-2	นอกจาก...แล้ว	nok chak ... laew	nɔ̄kˋ jākˇ...lɛ̄u~	除了...以外	engine-auto	
初 3-2	นอกจากล้างมือบ่อยๆแล้ว	nok chak lang mue boi boi laew	nɔ̄kˋ jākˇ lāng~ mɯ̄ bhɔ̄iˇ bhɔ̄iˇ lɛ̄u~	除了勤洗手以外	engine-auto	
初 3-2	ดูละครไทย	duu lakhon thai	dhū la~ kɔ̄n tai	看泰劇	derived	
初 3-2	เขานอกใจ	khao nok jai	kāuˊ nɔ̄kˋ jai	他劈腿 (花心)	engine-auto	
初 3-2	แฟนนอกใจ	faen nok jai	fɛ̄n nɔ̄kˋ jai	情人劈腿	engine-auto	
初 3-2	ฉันนอกใจแฟน	chan nok jai faen	chanˊ nɔ̄kˋ jai fɛ̄n	我劈腿情人	engine-auto	
初 3-2	เรียนต่อ	rian to	rīan dɔ̄ˇ	繼續上課	engine-auto	
初 3-2	ตรงไป	trong pai	drong bai	直走	engine-auto	
初 3-2	เดินตรงไป	dern trong pai	dhə̄n drong bai	走路 (直走)	engine-auto	
初 3-2	ขับรถ	khap rot	kapˇ rot~	開車	book-exact	(book-exact已用引擎重新驗證)
初 3-2	ขับรถตรงไป	khap rot trong pai	kapˇ rot~ drong bai	開車直走	engine-auto	
初 3-2	ตรง	trong	drong	直	engine-auto	
初 3-2	พูดตรงๆ	phut trong trong	pūtˋ drong drong	直接說	engine-auto	
初 3-2	ฉันพูดตรงๆฉันชอบคุณมากๆ	chan phut trong trong chan chop khun mak mak	chanˊ pūtˋ drong drong chanˊ chɔ̄pˋ kun mākˋ mākˋ	我直接說，我非常喜歡你	engine-auto	
初 3-2	พูดตรงๆไม่อร่อย	phut trong trong mai aroi	pūtˋ drong drong maiˋ aˇ rɔ̄iˋ	直接說，不好吃	engine-auto	
初 3-2	มีเรื่องอะไร	mi rueang arai	mī rɯ̄angˋ aˇ rai	有什麼事	engine-auto	
初 3-2	พูดตรงๆไม่ต้องเกรงใจ	phut trong trong mai tong kreng jai	pūtˋ drong drong maiˋ dɔ̄ngˋ grēng jai	直接說，不用客氣	engine-auto	
初 3-2	ถามตรงๆ	tham trong trong	tāmˊ drong drong	直接問	engine-auto	
初 3-2	ถาม	tham	tāmˊ	問	engine-auto	
初 3-2	ขอถามหน่อย	kho tham noi	kɔ̄ˊ tāmˊ nɔ̄iˇ	請問一下	engine-auto	
初 3-2	ครูคะขอถามหน่อยค่ะ	khru kha kho tham noi kha	krū ka~ kɔ̄ˊ tāmˊ nɔ̄iˇ kaˋ	老師，請問一下	engine-auto	
初 3-2	ถามอะไร	tham arai	tāmˊ aˇ rai	問什麼	engine-auto	
初 3-2	ถามตรงๆได้ไหม	tham trong trong dai mai	tāmˊ drong drong dhaiˋ maiˊ	可以直接問嗎？	engine-auto	
初 3-2	มีแฟนหรือยัง	mi faen rue yang	mī fɛ̄n rɯ̄ˊ yang	有情人了嗎？	engine-auto	
初 3-2	ขอถามหน่อยได้ไหม	kho tham noi dai mai	kɔ̄ˊ tāmˊ nɔ̄iˇ dhaiˋ maiˊ	請問一下可以嗎？	engine-auto	
初 3-2	ตรงเวลา	trong wela	drong wē lā	準時	engine-auto	
初 3-2	กินข้าวตรงเวลา	kin khao trong wela	gin kāuˋ drong wē lā	準時吃飯	engine-auto	
初 3-2	ต้องตรงเวลา	tong trong wela	dɔ̄ngˋ drong wē lā	必須準時	engine-auto	
初 3-2	ต้องมาตรงเวลา	tong maa trong wela	dɔ̄ngˋ mā drong wē lā	要準時來	engine-auto	
初 3-2	ไม่ตรงเวลา	mai trong wela	maiˋ drong wē lā	不準時	book-exact	(book-exact已用引擎重新驗證)
初 3-2	ใจตรงกัน	jai trong kan	jai drong gan	心意相通 (想的一樣)	engine-auto	
初 3-2	พวกเราใจตรงกัน	phuak rao jai trong kan	pūakˋ rāu jai drong gan	我們心意相通	engine-auto	
初 3-2	เป็นคนตรงไปตรงมา	pen khon trong pai trong maa	ben kon drong bai drong mā	是個直來直往的人	engine-auto	
初 3-2	ข้าม	kham	kāmˋ	過	engine-auto	
初 3-2	ข้ามถนน	kham thanon	kāmˋ taˇ non	過馬路	derived	
初 3-2	แม่น้ำ	mae nam	mɛ̄ˋ nām~	河	engine-auto	
初 3-2	ข้ามแม่น้ำ	kham mae nam	kāmˋ mɛ̄ˋ nām~	過河	engine-auto	
初 3-2	นั่งเรือข้ามแม่น้ำ	nang ruea kham mae nam	nangˋ rɯ̄a kāmˋ mɛ̄ˋ nām~	坐船過河	engine-auto	
初 3-2	เดินข้ามถนน	dern kham thanon	dhə̄n kāmˋ taˇ non	走路過馬路	derived	
初 3-2	สะพาน	saphan	saˇ pān	橋	book-exact	(book-exact已用引擎重新驗證)
初 3-2	ข้ามสะพาน	kham saphan	kāmˋ saˇ pān	過橋	engine-auto	
初 3-2	เดินข้ามสะพาน	dern kham saphan	dhə̄n kāmˋ saˇ pān	走過橋	engine-auto	
初 3-2	ต้องเดินข้ามสะพาน	tong dern kham saphan	dɔ̄ngˋ dhə̄n kāmˋ saˇ pān	必須走過橋	engine-auto	
初 3-2	เด็กๆเดินข้ามสะพาน	dek dek dern kham saphan	dhekˇ dhekˇ dhə̄n kāmˋ saˇ pān	小孩子們走過橋	engine-auto	
初 3-2	ลอย	loi	lɔ̄i	飄；浮	engine-auto	
初 3-2	สะพานลอย	saphan loi	saˇ pān lɔ̄i	天橋	engine-auto	
初 3-2	ข้ามสะพานลอย	kham saphan loi	kāmˋ saˇ pān lɔ̄i	過天橋	engine-auto	
初 3-2	อยู่บนโต๊ะ	yuu bon to	yūˋ bhon do~	在桌上	engine-auto	
初 3-2	แมวอยู่บนโต๊ะ	maeo yuu bon to	mɛ̄u yūˋ bhon do~	貓在桌上	engine-auto	
初 3-2	คอมพิวเตอร์อยู่บนโต๊ะ	khomphiuter yuu bon to	kɔ̄m piw də̄ yūˋ bhon do~	電腦在桌上	engine-auto	
初 3-2	อยู่บนฟ้า	yuu bon faa	yūˋ bhon fā~	在天上	engine-auto	
初 3-2	เครื่องบินอยู่บนฟ้า	khrueng bin yuu bon faa	krɯ̄angˋ bhin yūˋ bhon fā~	飛機在天上	engine-auto	
初 3-2	ปู่ย่าตายายอยู่บนฟ้า	pu ya taa yaai yuu bon faa	būˇ yāˋ dā yāi yūˋ bhon fā~	祖父母在天上 (天堂)	engine-auto	
初 3-2	บนถนน	bon thanon	bhon taˇ non	在路上	derived	
初 3-2	บนถนนมีรถเยอะ	bon thanon mi rot yoe	bhon taˇ non mī rot~ yə~	路上有很多車	derived	
初 3-2	เดินบนฟุตบาท	dern bon fut baat	dhə̄n bhon fut~ bhātˇ	走在人行道上	engine-auto	
初 3-2	ฟุตบาท	fut baat	fut~ bhātˇ	人行道	engine-auto	
初 3-2	ขายของบนฟุตบาท	khai khong bon fut baat	kāiˊ kɔ̄ngˊ bhon fut~ bhātˇ	在人行道上賣東西	engine-auto	
初 3-2	แม่อยู่บนบ้าน	mae yuu bon baan	mɛ̄ˋ yūˋ bhon bhānˋ	媽媽在樓上	engine-auto	
初 3-2	พ่ออยู่บนบ้าน	pho yuu bon baan	pɔ̄ˋ yūˋ bhon bhānˋ	爸爸在樓上	engine-auto	
初 3-2	บนเครื่องบิน	bon khrueng bin	bhon krɯ̄angˋ bhin	飛機上	engine-auto	
初 3-2	อยู่บนเครื่องบินชอบทำอะไร	yuu bon khrueng bin chop tham arai	yūˋ bhon krɯ̄angˋ bhin chɔ̄pˋ tam aˇ rai	在飛機上喜歡做什麼？	engine-auto	
初 3-2	ชอบอาหารบนเครื่องบินไหม	chop ahaan bon khrueng bin mai	chɔ̄pˋ ā hānˊ bhon krɯ̄angˋ bhin maiˊ	喜歡飛機上的食物嗎？	engine-auto	
初 3-2	ชั้นล่าง	chan laang	chan~ lāngˋ	樓下；下面	engine-auto	
初 3-2	ใต้	tai	daiˋ	下 (Under)	engine-auto	
初 3-2	ใต้เก้าอี้	tai kao i	daiˋ gāuˋ īˋ	椅子下面	engine-auto	
初 3-2	ภาคใต้	phak tai	pākˋ daiˋ	南部	engine-auto	
初 3-2	แมวอยู่ใต้เก้าอี้	maeo yuu tai kao i	mɛ̄u yūˋ daiˋ gāuˋ īˋ	貓在椅子下面	engine-auto	
初 3-2	หนังสืออยู่ใต้เก้าอี้	nangseu yuu tai kao i	nangˊ sɯ̄ˊ yūˋ daiˋ gāuˋ īˋ	書在椅子下面	engine-auto	
初 3-2	ใต้ที่นั่ง	tai thi nang	daiˋ tīˋ nangˋ	座位下面	engine-auto	
初 3-2	ชั้นใต้ดิน	chan tai din	chan~ daiˋ dhin	地下樓層	engine-auto	
初 3-2	ฟู้ดคอร์ทอยู่ที่ไหน	fut khot yuu thi nai		美食廣場在哪裡？	unresolved	英文外來語/正式縮寫/原始資料異常，見全課-仍不確定清單.tsv
初 3-2	อยู่ชั้นใต้ดิน	yuu chan tai din	yūˋ chan~ daiˋ dhin	在地下樓層	engine-auto	
初 3-2	ดิน	din	dhin	土	engine-auto	
初 3-2	ที่ดิน	thi din	tīˋ dhin	土地	engine-auto	
初 3-2	ดินสอ	din so	dhin sɔ̄ˊ	鉛筆	engine-auto	
初 3-2	ซุปเปอร์มาร์เก็ตอยู่ชั้นใต้ดิน	super market yuu chan tai din	sup~ bə̄ mā getˇ yūˋ chan~ daiˋ dhin	超市在地下樓層	engine-auto	
初 3-2	อยู่ใต้ทะเล	yuu tai thale	yūˋ daiˋ ta~ lē	在海底	engine-auto	
初 3-2	ปลาอยู่ใต้ทะเล	pla yuu tai thale	blā yūˋ daiˋ ta~ lē	魚在海底	engine-auto	
初 3-2	หน้า	naa	nāˋ	前面	engine-auto	
初 3-2	หลัง	lang	langˊ	後面	engine-auto	
初 3-2	ก้าวหน้า	kao naa	gāuˋ nāˋ	進步	engine-auto	
初 3-2	ภาษาไทยก้าวหน้าเยอะ	phasa thai kao naa yoe	pā sāˊ tai gāuˋ nāˋ yə~	泰文進步很多	engine-auto	
初 3-2	หน้าบ้าน	naa baan	nāˋ bhānˋ	房子前面/家前面	engine-auto	
初 3-2	อยู่หน้าบ้าน	yuu naa baan	yūˋ nāˋ bhānˋ	在家前面	engine-auto	
初 3-2	หมาอยู่หน้าบ้าน	maa yuu naa baan	māˊ yūˋ nāˋ bhānˋ	狗在家前面	engine-auto	
初 3-2	อยู่หน้าวัด	yuu naa wat	yūˋ nāˋ wat~	在寺廟前面	engine-auto	
初 3-2	ตลาดอยู่หน้าวัด	talat yuu naa wat	daˇ lātˋ yūˋ nāˋ wat~	市場在寺廟前面	engine-auto	
初 3-2	อยู่หน้าประตู	yuu naa pratuu	yūˋ nāˋ braˇ dū	在門前面	engine-auto	
初 3-2	เปิดประตู	poet pratuu	bə̄tˇ braˇ dū	開門	engine-auto	
初 3-2	ไม่กล้าก็จะไม่มีวันก้าวหน้า	mai glaa ko ja mai mi wan kao naa	maiˋ glāˋ gɔ̄ˋ jaˇ maiˋ mī wan gāuˋ nāˋ	不敢就不會進步	engine-auto	
初 3-2	กล้า	glaa	glāˋ	敢	engine-auto	
初 3-2	ไม่กล้า	mai glaa	maiˋ glāˋ	不敢	engine-auto	
初 3-2	ต้องกล้า	tong glaa	dɔ̄ngˋ glāˋ	要敢	engine-auto	
初 3-2	กล้ากินไหม	glaa kin mai	glāˋ gin maiˊ	敢吃嗎？	engine-auto	
初 3-2	ไม่กล้าไป	mai glaa pai	maiˋ glāˋ bai	不敢去	engine-auto	
初 3-2	แถวหลัง	thaeo lang	tɛ̄uˊ langˊ	後排	engine-auto	
初 3-2	ซื้อตั๋วแถวหลัง	seu tua thaeo lang	sɯ̄~ dūaˊ tɛ̄uˊ langˊ	買後排的票	engine-auto	
初 3-2	ห้าง	haang	hāngˋ	百貨公司	book-exact	(book-exact已用引擎重新驗證)
初 3-2	หลังห้าง	lang haang	langˊ hāngˋ	百貨公司後面	engine-auto	
初 3-2	ห้างโซโก้	haang sogo	hāngˋ sō gōˋ	Sogo百貨	engine-auto	
初 3-2	ห้างเซ็นทรัล	haang central	hāngˋ sen tal	Central百貨	derived	
初 3-2	หลังห้างมีตลาด	lang haang mi talat	langˊ hāngˋ mī daˇ lātˋ	百貨公司後面有市場	engine-auto	
初 3-2	ไปเดินห้าง	pai dern haang	bai dhə̄n hāngˋ	逛百貨公司	engine-auto	
初 3-2	ไกล	klai	glai	遠	engine-auto	
初 3-2	ใกล้	glai	glaiˋ	近	engine-auto	
初 3-2	ไปไกลๆหน่อย	pai klai klai noi	bai glai glai nɔ̄iˇ	離我遠一點	engine-auto	
初 3-2	มาใกล้ๆหน่อย	ma glai glai noi	mā glaiˋ glaiˋ nɔ̄iˇ	來近一點	engine-auto	
初 3-2	โรงแรม	rong raem	rōng rɛ̄m	飯店/旅館	engine-auto	
初 3-2	โรงแรมอยู่ใกล้BTS	rong raem yuu glai BTS	rōng rɛ̄m yūˋ glaiˋBTS	飯店在BTS附近	engine-auto	
初 3-2	โรงแรมชื่ออะไร	rong raem chue arai	rōng rɛ̄m chɯ̄ˋ aˇ rai	飯店叫什麼名字？	engine-auto	
初 3-2	อยู่โรงแรมไหน	yuu rong raem nai	yūˋ rōng rɛ̄m naiˊ	住在哪間飯店？	engine-auto	
初 3-2	อยู่โรงแรมอะไร	yuu rong raem arai	yūˋ rōng rɛ̄m aˇ rai	住什麼飯店？	engine-auto	
初 3-2	โรง	rong	rōng	(字首) ...地方	book-exact	(book-exact已用引擎重新驗證)
初 3-2	โรงเรียน	rong rian	rōng rīan	學校	engine-auto	
初 3-2	เรียน	rian	rīan	學習/上課	book-exact	(book-exact已用引擎重新驗證)
初 3-2	โรงอาหาร	rong ahaan	rōng ā hānˊ	(公司/工廠) 餐廳	engine-auto	
初 3-2	ฟู้ดคอร์ท	fut khot		美食街	unresolved	英文外來語/正式縮寫/原始資料異常，見全課-仍不確定清單.tsv
初 3-2	โรงหนัง	rong nang	rōng nangˊ	電影院	engine-auto	
初 3-2	แถว	thaeo	tɛ̄uˊ	排	engine-auto	
初 3-2	นั่งแถวหน้า	nang thaeo naa	nangˋ tɛ̄uˊ nāˋ	坐前排	engine-auto	
初 3-2	นั่งแถวหลัง	nang thaeo lang	nangˋ tɛ̄uˊ langˊ	坐後排	engine-auto	
初 3-2	จุฬาใกล้แถวสยาม	chula glai thaeo sayam	juˇ lā glaiˋ tɛ̄uˊ saˇ yāˊ	朱拉在Siam附近	derived	
初 3-2	บ้านผมใกล้แถวกู่ถิง	baan phom glai thaeo gu-thing		我家在古亭附近	unresolved	英文外來語/正式縮寫/原始資料異常，見全課-仍不確定清單.tsv
初 3-2	ติด	tid	ditˇ	貼近/靠近	engine-auto	
初 3-2	แถวนี้รถติดมาก	thaeo ni rot tid mak	tɛ̄uˊ nī~ rot~ ditˇ mākˋ	這一帶很塞車	engine-auto	
初 3-2	รถติด	rot tid	rot~ ditˇ	塞車	engine-auto	
初 3-2	ติดใจ	tid jai	ditˇ jai	印象深刻/念念不忘	engine-auto	
初 3-2	กินแล้วติดใจมาก	kin laew tid jai mak	gin lɛ̄u~ ditˇ jai mākˋ	吃了念念不忘	engine-auto	
初 3-2	ที่นั่งติดทางเดิน	thi nang tid thang dern	tīˋ nangˋ ditˇ tāng dhə̄n	靠走道的位置	engine-auto	
初 3-2	หน้าต่าง	nataang	nāˋ dāngˇ	窗戶	engine-auto	
初 3-2	ที่นั่งติดหน้าต่าง	thi nang tid nataang	tīˋ nangˋ ditˇ nāˋ dāngˇ	靠窗的位置	engine-auto	
初 3-2	ขอห้องติดกัน	kho hong tid kan	kɔ̄ˊ hɔ̄ngˋ ditˇ gan	要隔壁相連的房間	engine-auto	
初 3-2	คอนโด	condo	kɔ̄n dhō	公寓	engine-auto	
初 3-2	คอนโดติดรถไฟฟ้า	condo tid rot fai faa	kɔ̄n dhō ditˇ rot~ fai fā~	靠近捷運的公寓	engine-auto	
初 3-2	ขึ้น	khuen	kɯnˋ	上 (動詞)	engine-auto	
初 3-2	ขึ้นลิฟต์	khuen lift	kɯnˋ lip~	搭電梯	engine-auto	
初 3-2	ขึ้นไปข้างบน	khuen pai khaang bon	kɯnˋ bai kāngˋ bhon	上去上面	engine-auto	
初 3-2	ต้องขึ้นไปข้างบน	tong khuen pai khaang bon	dɔ̄ngˋ kɯnˋ bai kāngˋ bhon	要上去上面	engine-auto	
初 3-2	ลง	long	long	下 (動詞)	book-exact	(book-exact已用引擎重新驗證)
初 3-2	บันไดเลื่อน	bandai leuan	bhan dhai lɯ̄anˋ	手扶梯	engine-auto	
初 3-2	บันได	bandai	bhan dhai	樓梯	engine-auto	
初 3-2	เลื่อน	leuan	lɯ̄anˋ	移動	engine-auto	
初 3-2	ลงบันไดเลื่อน	long bandai leuan	long bhan dhai lɯ̄anˋ	搭手扶梯下去	engine-auto	
初 3-2	ทางเลื่อน	thang leuan	tāng lɯ̄anˋ	平面手扶梯/自動步道	engine-auto	
初 3-2	ลงไปข้างล่าง	long pai khaang laang	long bai kāngˋ lāngˋ	下去下面	engine-auto	
初 3-2	ลงรถ	long rot	long rot~	下車	engine-auto	
初 3-2	ลงรถที่ไหน	long rot thi nai	long rot~ tīˋ naiˊ	在哪裡下車？	engine-auto	
初 3-2	ลงจากเครื่องบิน	long jak khrueng bin	long jākˇ krɯ̄angˋ bhin	下飛機	engine-auto	
初 3-2	จาก	jak	jākˇ	從	engine-auto	
初 3-2	ฉันลงจากเครื่องบินแล้ว	chan long jak khrueng bin laew	chanˊ long jākˇ krɯ̄angˋ bhin lɛ̄u~	我下飛機了	engine-auto	
初 3-2	ช่วย...ให้หน่อย	chuai ... hai noi	chūayˋ...haiˋ nɔ̄iˇ	請幫我...一下	engine-auto	
初 3-2	ช่วยกดชั้น8ให้หน่อย	chuai kot chan 8 hai noi	chūayˋ gotˇ chan~8 haiˋ nɔ̄iˇ	請幫我按8樓	derived	
初 3-2	ช่วยพูดให้หน่อย	chuai phut hai noi	chūayˋ pūtˋ haiˋ nɔ̄iˇ	請幫我說	engine-auto	
初 3-2	ช่วยทำให้หน่อย	chuai tham hai noi	chūayˋ tam haiˋ nɔ̄iˇ	請幫我做...	engine-auto	
初 3-2	มีอะไรอยากถามไหม	mi arai yak tham mai	mī aˇ rai yākˋ tāmˊ maiˊ	有什麼想問的嗎？	engine-auto	
初 3-3	ตรง	trong	drong	直、正	engine-auto	
初 3-3	ตง	tong		直、正 (口語發音)	unresolved	英文外來語/正式縮寫/原始資料異常，見全課-仍不確定清單.tsv
初 3-3	ผมเป็นคนตรงไปตรงมา	phom pen khon trong pai trong maa	pomˊ ben kon drong bai drong mā	我是直來直往的人 (男)	engine-auto	
初 3-3	ฉันเป็นคนตรงไปตรงมา	chan pen khon trong pai trong maa	chanˊ ben kon drong bai drong mā	我是直來直往的人 (女)	engine-auto	
初 3-3	ตรงไป	trong pai	drong bai	直走	engine-auto	
初 3-3	ผมถามคุณตรงๆ	phom tham khun trong trong	pomˊ tāmˊ kun drong drong	我直接問你 (男)	engine-auto	
初 3-3	ผมถามคุณตรงๆ ได้ไหมครับ	phom tham khun trong trong dai mai krap	pomˊ tāmˊ kun drong drong dhaiˋ maiˊ krap~	我可以直接問你嗎？ (男)	engine-auto	
初 3-3	ผมก็พูดตรงๆ นะ	phom ko phut trong trong na	pomˊ gɔ̄ˋ pūtˋ drong drong na~	我也直接說啊 (男)	engine-auto	
初 3-3	พวกเราใจตรงกัน	phuak rao jai trong kan	pūakˋ rāu jai drong gan	我們想的一樣 (心意相通)	engine-auto	
初 3-3	ตรงเวลา	trong wela	drong wē lā	準時	engine-auto	
初 3-3	กินข้าวไม่ตรงเวลา	kin khao mai trong wela	gin kāuˋ maiˋ drong wē lā	不準時吃飯	book-exact	(book-exact已用引擎重新驗證)
初 3-3	ออก	ok	ɔ̄kˇ	出、出去、出發	engine-auto	
初 3-3	อ่านไม่ออก	an mai ok	ānˇ maiˋ ɔ̄kˇ	讀不出來	engine-auto	
初 3-3	รถออกไม่ตรงเวลา	rot ok mai trong wela	rot~ ɔ̄kˇ maiˋ drong wē lā	車子不準時出發	engine-auto	
初 3-3	ทำไมรถออกไม่ตรงเวลา	tammai rot ok mai trong wela	tam mai rot~ ɔ̄kˇ maiˋ drong wē lā	為什麼車子不準時出發？	engine-auto	
初 3-3	เขามาตรงเวลามาก	khao maa trong wela mak	kāuˊ mā drong wē lā mākˋ	他/她來得很準時	engine-auto	
初 3-3	มาไม่ตรงเวลา	maa mai trong wela	mā maiˋ drong wē lā	來不準時	engine-auto	
初 3-3	รถติด	rot tid	rot~ ditˇ	塞車	engine-auto	
初 3-3	ข้าม	kham	kāmˋ	跨越、過	engine-auto	
初 3-3	เดินข้ามถนน	dern kham thanon	dhə̄n kāmˋ taˇ non	走過馬路	derived	
初 3-3	ถนน	thanon	taˇ non	馬路	derived	
初 3-3	นั่งเรือข้ามแม่น้ำ	nang ruea kham mae nam	nangˋ rɯ̄a kāmˋ mɛ̄ˋ nām~	坐船過河	engine-auto	
初 3-3	ว่ายน้ำข้ามแม่น้ำ	wai nam kham mae nam	wāiˋ nām~ kāmˋ mɛ̄ˋ nām~	游泳過河	engine-auto	
初 3-3	ข้ามสะพาน	kham saphan	kāmˋ saˇ pān	過橋	engine-auto	
初 3-3	สะพาน	saphan	saˇ pān	橋	book-exact	(book-exact已用引擎重新驗證)
初 3-3	ขอถามหน่อยครับ	kho tham noi krap	kɔ̄ˊ tāmˊ nɔ̄iˇ krap~	請問一下 (男)	engine-auto	
初 3-3	ขอถามหน่อยค่ะ	kho tham noi kha	kɔ̄ˊ tāmˊ nɔ̄iˇ kaˋ	請問一下 (女)	engine-auto	
初 3-3	ร้านอาหารอยู่ที่ไหน	raan ahaan yuu thi nai	rān~ ā hānˊ yūˋ tīˋ naiˊ	餐廳在哪裡？	engine-auto	
初 3-3	ข้ามสะพาน แล้วก็ เดินตรงไป	kham saphan laew ko dern trong pai	kāmˋ saˇ pān lɛ̄u~ gɔ̄ˋ dhə̄n drong bai	過橋，然後直走	engine-auto	
初 3-3	แล้วก็เดินตรงไป	laew ko dern trong pai	lɛ̄u~ gɔ̄ˋ dhə̄n drong bai	然後直走	engine-auto	
初 3-3	ร้านอาหารอยู่ข้างซ้าย	raan ahaan yuu khaang saai	rān~ ā hānˊ yūˋ kāngˋ sāi~	餐廳在左邊	engine-auto	
初 3-3	สะพานลอย	saphan loi	saˇ pān lɔ̄i	天橋	engine-auto	
初 3-3	เดินขึ้นสะพานลอย	dern khuen saphan loi	dhə̄n kɯnˋ saˇ pān lɔ̄i	走上天橋	engine-auto	
初 3-3	ขึ้น	khuen	kɯnˋ	上、往上	engine-auto	
初 3-3	ข้ามสะพานลอย ดีกว่า	kham saphan loi di kwa	kāmˋ saˇ pān lɔ̄i dhī gwāˇ	過天橋比較好	engine-auto	
初 3-3	บน	bon	bhon	在...上面	engine-auto	
初 3-3	บนฟุตบาท	bon fut baat	bhon fut~ bhātˇ	在人行道上	engine-auto	
初 3-3	ขี่มอเตอร์ไซค์บนฟุตบาท	khi motor-sai bon fut baat	kīˇ mɔ̄ də̄ sai bhon fut~ bhātˇ	在人行道上騎摩托車	engine-auto	
初 3-3	ขี่มอเตอร์ไซค์บนฟุตบาท ไม่ดี	khi motor-sai bon fut baat mai di	kīˇ mɔ̄ də̄ sai bhon fut~ bhātˇ maiˋ dhī	在人行道上騎摩托車，不好	engine-auto	
初 3-3	ต้องขี่บนถนน	tong khi bon thanon	dɔ̄ngˋ kīˇ bhon taˇ non	得騎在路上	derived	
初 3-3	ใต้	tai	daiˋ	在...下面	engine-auto	
初 3-3	นั่งอยู่ใต้โต๊ะ	nang yuu tai to	nangˋ yūˋ daiˋ do~	坐在桌子下面	engine-auto	
初 3-3	หนังสืออยู่ใต้เก้าอี้	nangseu yuu tai kao i	nangˊ sɯ̄ˊ yūˋ daiˋ gāuˋ īˋ	書在椅子下面	engine-auto	
初 3-3	รถอยู่ชั้นใต้ดิน	rot yuu chan tai din	rot~ yūˋ chan~ daiˋ dhin	車子在地下樓	engine-auto	
初 3-3	ใต้ทะเลมีอะไร	tai thale mi arai	daiˋ ta~ lē mī aˇ rai	海底有什麼？	engine-auto	
初 3-3	ใต้ทะเลมีกุ้ง	tai thale mi kung	daiˋ ta~ lē mī gungˋ	海底有蝦	engine-auto	
初 3-3	ใต้ทะเลมีหอย	tai thale mi hoi	daiˋ ta~ lē mī hɔ̄iˊ	海底有貝類	engine-auto	
初 3-3	ใต้ทะเลมีปู	tai thale mi pu	daiˋ ta~ lē mī bū	海底有螃蟹	engine-auto	
初 3-3	ใต้ทะเลมีปลา	tai thale mi pla	daiˋ ta~ lē mī blā	海底有魚	engine-auto	
初 3-3	เครื่องบินขึ้น	khrueng bin khuen	krɯ̄angˋ bhin kɯnˋ	飛機起飛	engine-auto	
初 3-3	ขึ้นเครื่องบิน	khuen khrueng bin	kɯnˋ krɯ̄angˋ bhin	搭飛機	engine-auto	
初 3-3	ไปเมืองนอก	pai mueang nok	bai mɯ̄ang nɔ̄kˋ	去國外	engine-auto	
初 3-3	เมือง	mueang	mɯ̄ang	國家、城市	engine-auto	
初 3-3	เมืองไทย	mueang thai	mɯ̄ang tai	泰國	engine-auto	
初 3-3	เมืองจีน	mueang jeen	mɯ̄ang jīn	中國	engine-auto	
初 3-3	นอก	nok	nɔ̄kˋ	外面	engine-auto	
初 3-3	ขึ้นเครื่องบินไปเมืองนอก	khuen khrueng bin pai mueang nok	kɯnˋ krɯ̄angˋ bhin bai mɯ̄ang nɔ̄kˋ	搭飛機去國外	engine-auto	
初 3-3	ลง	long	long	下、往下	book-exact	(book-exact已用引擎重新驗證)
初 3-3	เครื่องบินลง	khrueng bin long	krɯ̄angˋ bhin long	飛機降落	engine-auto	
初 3-3	พวกเราลงเครื่องบินแล้ว	phuak rao long khrueng bin laew	pūakˋ rāu long krɯ̄angˋ bhin lɛ̄u~	我們下飛機了	engine-auto	
初 3-3	เดี๋ยวเจอกันนะ	diao joe gan na	dhīauˊ jə̄ gan na~	等會見喔	engine-auto	
初 3-3	บันได	bandai	bhan dhai	樓梯 / 電扶梯	engine-auto	
初 3-3	บันได เลื่อน	bandai leuan	bhan dhai lɯ̄anˋ	電扶梯	engine-auto	
初 3-3	ขึ้น บันได ไป ชั้น บน	khuen bandai pai chan bon	kɯnˋ bhan dhai bai chan~ bhon	上樓梯去樓上	engine-auto	
初 3-3	ลง บันได ไป ชั้น ล่าง	long bandai pai chan laang	long bhan dhai bai chan~ lāngˋ	下樓梯去樓下	engine-auto	
初 3-3	ข้าง ล่าง	khaang laang	kāngˋ lāngˋ	下面 / 樓下	engine-auto	
初 3-3	ทำไม ไม่ เลื่อน	tammai mai leuan	tam mai maiˋ lɯ̄anˋ	為什麼沒有移動	engine-auto	
初 3-3	เลื่อน	leuan	lɯ̄anˋ	移動	engine-auto	
初 3-3	ช่วย กด ชั้น 8 ให้ หน่อย	chuai kot chan 8 hai noi	chūayˋ gotˇ chan~ 8 haiˋ nɔ̄iˇ	請幫我按8樓	derived	
初 3-3	ช่วย กด ชั้น 5 ให้ หน่อย	chuai kot chan 5 hai noi	chūayˋ gotˇ chan~ 5 haiˋ nɔ̄iˇ	請幫我按5樓	derived	
初 3-3	ช่วย พูด ให้ หน่อย	chuai phut hai noi	chūayˋ pūtˋ haiˋ nɔ̄iˇ	請幫我說一下	engine-auto	
初 3-3	ผม ไม่ กล้า พูด	phom mai glaa phut	pomˊ maiˋ glāˋ pūtˋ	我不敢說 (男)	engine-auto	
初 3-3	ช่วย พูด ให้ หน่อย ผม ไม่ กล้า พูด	chuai phut hai noi phom mai glaa phut	chūayˋ pūtˋ haiˋ nɔ̄iˇ pomˊ maiˋ glāˋ pūtˋ	請幫我說一下，我不敢說 (男)	engine-auto	
初 3-3	มี อะไร อยาก ถาม ไหม ครับ	mi arai yaak tham mai krap	mī aˇ rai yākˋ tāmˊ maiˊ krap~	有什麼想問的嗎？	engine-auto	
初 3-3	คิด	kit	kit~	想	engine-auto	
初 3-3	กล้า	glaa	glāˋ	敢	engine-auto	
初 3-3	ไม่ กล้า ก็ จะ ไม่ มี วัน ก้าว หน้า	mai glaa ko ja mai mi wan kao naa	maiˋ glāˋ gɔ̄ˋ jaˇ maiˋ mī wan gāuˋ nāˋ	不敢就不會有進步的一天	engine-auto	
初 3-3	คุณ กล้า กิน ไหม	khun glaa kin mai	kun glāˋ gin maiˊ	你敢吃嗎？	engine-auto	
初 3-3	กิน แล้ว จะ ติด ใจ	kin laew ja tid jai	gin lɛ̄u~ jaˇ ditˇ jai	吃了會念念不忘	engine-auto	
初 3-3	ติด	tid	ditˇ	黏	engine-auto	
初 3-3	ใจ	jai	jai	心	engine-auto	
初 3-3	คิด อยู่ ใน ใจ	kit yuu nai jai	kit~ yūˋ nai jai	在心裡想著	engine-auto	
初 3-3	คิด ไม่ ออก	kit mai ok	kit~ maiˋ ɔ̄kˇ	想不出來	engine-auto	
初 3-3	ใน ใจ เขา คิด อะไร	nai jai khao kit arai	nai jai kāuˊ kit~ aˇ rai	他心裡想什麼	engine-auto	
初 3-3	คิด ออก แล้ว	kit ok laew	kit~ ɔ̄kˇ lɛ̄u~	我想出來了	engine-auto	
初 3-3	ติด ละคร ไทย	tid lakorn thai	ditˇ la~ kɔ̄n tai	沉迷泰劇	derived	
初 3-3	เพราะ ว่า ติด ละคร ไทย ก็ เลย มา เรียน ภาษา ไทย	phro wa tid lakorn thai ko loi maa rian phasaa thai	prɔ~ wāˋ ditˇ la~ kɔ̄n tai gɔ̄ˋ lə̄i mā rīan pā sāˊ tai	因為沉迷泰劇，所以才來學泰文	derived	
初 3-3	ติด กาแฟ	tid ka-fae	ditˇ gā fɛ̄	(我)對咖啡上癮	engine-auto	
初 3-3	ที่ นั่ง ติด หน้าต่าง	thi nang tid nataang	tīˋ nangˋ ditˇ nāˋ dāngˇ	座位靠近窗戶	engine-auto	
初 3-3	หน้าต่าง	nataang	nāˋ dāngˇ	窗戶	engine-auto	
初 3-3	ที่ นั่ง ติด ทาง เดิน	thi nang tid thang dern	tīˋ nangˋ ditˇ tāng dhə̄n	座位靠近走道	engine-auto	
初 3-3	ทาง เดิน	thang dern	tāng dhə̄n	走道	engine-auto	
初 3-3	รถ ติด	rot tid	rot~ ditˇ	塞車	engine-auto	
初 3-3	วัน นี้ รถ ติด มาก	wan ni rot tid mak	wan nī~ rot~ ditˇ mākˋ	今天很塞車	engine-auto	
初 3-3	ที่ ไหน ก็ รถ ติด	thi nai ko rot tid	tīˋ naiˊ gɔ̄ˋ rot~ ditˇ	哪裡都塞車	engine-auto	
初 3-3	ทำไม รถ ติด อย่าง นี้	tammai rot tid yang nii	tam mai rot~ ditˇ yāngˋ nī~	為什麼這麼塞車呢？	engine-auto	
初 3-3	โรตี	roti	rō dī	煎餅 (Roti)	engine-auto	
初 3-3	โรงแรม	rong raem	rōng rɛ̄m	飯店、旅館	engine-auto	
初 3-3	โรงแรม อยู่ แถว ไหน	rong raem yuu thaeo nai	rōng rɛ̄m yūˋ tɛ̄uˊ naiˊ	飯店在哪一帶呢？	engine-auto	
初 3-3	อยู่ แถว ห้วย ขวาง	yuu thaeo huai khwang	yūˋ tɛ̄uˊ hūayˋ kwāngˊ	在匯狂一帶	derived	
初 3-3	อยู่ แถว สุขุมวิท	yuu thaeo sukhumwit	yūˋ tɛ̄uˊ suˇ kumˊ wit~	在蘇坤蔚一帶	engine-auto	
初 3-3	สถานี รถ ไฟ ฟ้า	sathani rot fai faa	saˇ tāˊ nī rot~ fai fā~	捷運站	engine-auto	
初 3-3	โรงแรม อยู่ ใกล้ๆ สถานี รถ ไฟ ฟ้า	rong raem yuu glai glai sathani rot fai faa	rōng rɛ̄m yūˋ glaiˋ glaiˋ saˇ tāˊ nī rot~ fai fā~	飯店在捷運站附近	engine-auto	
初 3-3	สถานี	sathani	saˇ tāˊ nī	站	engine-auto	
初 3-3	โรงแรม อยู่ ใกล้ รถ ไฟ ฟ้า	rong raem yuu glai rot fai faa	rōng rɛ̄m yūˋ glaiˋ rot~ fai fā~	飯店在捷運附近	engine-auto	
初 3-3	โรงแรม อยู่ ใกล้ BTS	rong raem yuu glai BTS	rōng rɛ̄m yūˋ glaiˋ BTS	飯店靠近BTS	engine-auto	
初 3-3	ใน	nai	nai	在...裡	engine-auto	
初 3-3	ของ ใน ตู้ เย็น	khong nai tu yen	kɔ̄ngˊ nai dūˋ yen	冰箱裡的東西	engine-auto	
初 3-3	ของ ใน ตู้ เย็น ทั้ง หมด กิน ได้ นะ คะ	khong nai tu yen thang mot kin dai na kha	kɔ̄ngˊ nai dūˋ yen tang~ motˇ gin dhaiˋ na~ ka~	冰箱裡的東西全部可以吃	derived	
初 3-3	ทั้ง หมด กิน ได้ นะ คะ	thang mot kin dai na kha	tang~ motˇ gin dhaiˋ na~ ka~	全部可以吃	derived	
初 3-3	น้ำ ใน ตู้ เย็น กิน ได้ ไหม	nam nai tu yen kin dai mai	nām~ nai dūˋ yen gin dhaiˋ maiˊ	冰箱裡的水可以喝嗎？	engine-auto	
初 3-3	ช็อกโกแลต ใน ตู้ เย็น กิน ได้ ไหม	chokkolat nai tu yen kin dai mai	chɔ̄kˋ gō lɛ̄tˋ nai dūˋ yen gin dhaiˋ maiˊ	冰箱裡的巧克力可以吃嗎？	engine-auto	
初 3-3	นอก	nok	nɔ̄kˋ	外	engine-auto	
初 3-3	ข้าง นอก	khaang nok	kāngˋ nɔ̄kˋ	外面	engine-auto	
初 3-3	ไป กิน ข้าง นอก	pai kin khaang nok	bai gin kāngˋ nɔ̄kˋ	去外面吃	engine-auto	
初 3-3	เมือง นอก	mueang nok	mɯ̄ang nɔ̄kˋ	國外	engine-auto	
初 3-3	ไป เที่ยว เมือง นอก	pai thiao mueang nok	bai tīauˋ mɯ̄ang nɔ̄kˋ	去國外玩	engine-auto	
初 3-3	นอก ใจ	nok jai	nɔ̄kˋ jai	劈腿	engine-auto	
初 3-3	เขา นอก ใจ	khao nok jai	kāuˊ nɔ̄kˋ jai	他/她劈腿	engine-auto	
初 3-3	นอก จาก ... แล้ว	nok chak ... laew	nɔ̄kˋ jākˇ ... lɛ̄u~	除了...之外	engine-auto	
初 3-3	นอก จาก เนื้อ แล้ว อะไร ก็ กิน	nok chak nuea laew arai ko kin	nɔ̄kˋ jākˇ nɯ̄a~ lɛ̄u~ aˇ rai gɔ̄ˋ gin	除了牛肉我什麼都吃	engine-auto	
初 3-3	หลัง	lang	langˊ	後面 / 背	engine-auto	
初 3-3	เมื่อย หลัง	mueai lang	mɯ̄aiˋ langˊ	背好酸	engine-auto	
初 3-3	หลัง ห้าง	lang haang	langˊ hāngˋ	百貨公司後面	engine-auto	
初 3-3	หลัง ห้าง มี ตลาด	lang haang mi talat	langˊ hāngˋ mī daˇ lātˋ	百貨公司後面有市場	engine-auto	
初 3-3	หลัง โรงแรม	lang rong raem	langˊ rōng rɛ̄m	飯店後面	engine-auto	
初 3-3	หลัง โรงแรม มี ร้าน นวด	lang rong raem mi raan nuat	langˊ rōng rɛ̄m mī rān~ nūatˋ	飯店後面有按摩店	engine-auto	
初 3-3	แถว	thaeo	tɛ̄uˊ	一帶 / 排	engine-auto	
初 3-3	แถว หน้า	thaeo naa	tɛ̄uˊ nāˋ	前排	engine-auto	
初 3-3	แถว หลัง	thaeo lang	tɛ̄uˊ langˊ	後排	engine-auto	
初 3-3	แถว หน้า หรือ แถว หลัง	thaeo naa rue thaeo lang	tɛ̄uˊ nāˋ rɯ̄ˊ tɛ̄uˊ langˊ	前排還是後排？	engine-auto	
初 3-3	คุณ จอง ที่ นั่ง แถว หน้า หรือ แถว หลัง	khun jong thi nang thaeo naa rue thaeo lang	kun jɔ̄ng tīˋ nangˋ tɛ̄uˊ nāˋ rɯ̄ˊ tɛ̄uˊ langˊ	你訂的位子是前排還是後排？	engine-auto	
初 3-3	คุณ จอง ที่ นั่ง	khun jong thi nang	kun jɔ̄ng tīˋ nangˋ	你訂位子	engine-auto	
初 3-3	เข้า แถว	khao thaeo	kāuˋ tɛ̄uˊ	排隊	engine-auto	
初 3-3	เข้า	khao	kāuˋ	進入	book-exact	(book-exact已用引擎重新驗證)
初 3-3	เข้า ใจ	khao jai	kāuˋ jai	懂、明白	engine-auto	
初 3-3	ต้อง เข้า แถว	tong khao thaeo	dɔ̄ngˋ kāuˋ tɛ̄uˊ	得排隊	engine-auto	
初 3-3	อยาก ซื้อ กระเป๋า ต้อง เข้า แถว	yaak seu krapao tong khao thaeo	yākˋ sɯ̄~ graˇ bāuˊ dɔ̄ngˋ kāuˋ tɛ̄uˊ	想買包包，得排隊	engine-auto	
初 3-3	แถว ไทเป 101	thaeo taipei 101	tɛ̄uˊ tai bē 101	台北101附近	engine-auto	
初 3-3	แถว ไทเป 101 มี ห้าง เยอะ	thaeo taipei 101 mi haang yoe	tɛ̄uˊ tai bē 101 mī hāngˋ yə~	台北101附近有很多百貨公司	engine-auto	
初 3-3	แถว สุขุมวิท มี ห้าง เยอะ	thaeo sukhumwit mi haang yoe	tɛ̄uˊ suˇ kumˊ wit~ mī hāngˋ yə~	蘇坤威一帶有很多百貨公司	engine-auto	
初 3-3	ว่าง	waang	wāngˋ	有空 / 空的	engine-auto	
初 3-3	ว่างไหม	waang mai	wāngˋ maiˊ	你有空嗎？	engine-auto	
初 3-3	ว่างๆๆ	waang waang waang	wāngˋ wāngˋ wāngˋ	有空有空有空	engine-auto	
初 3-3	ไม่ว่าง	mai waang	maiˋ wāngˋ	沒空	engine-auto	
初 3-3	ห้องว่าง	hong waang	hɔ̄ngˋ wāngˋ	空房	engine-auto	
初 3-3	ที่นั่งว่าง	thi nang waang	tīˋ nangˋ wāngˋ	空位	engine-auto	
初 3-3	วันจันทร์ ว่างไหม	wan chan waang mai	wan jan wāngˋ maiˊ	星期一有空嗎？	derived	
初 3-3	วันอังคาร ว่างไหม	wan angkhan waang mai	wan ang kān wāngˋ maiˊ	星期二有空嗎？	engine-auto	
初 3-3	วันพุธ ว่างไหม	wan phut waang mai	wan put~ wāngˋ maiˊ	星期三有空嗎？	engine-auto	
初 3-3	วันพฤหัส ว่างไหม	wan pha-rue-hat waang mai	wan prɯ hatˇ wāngˋ maiˊ	星期四有空嗎？	derived	
初 3-3	วันศุกร์ ว่างไหม	wan suk waang mai	wan sukˇ wāngˋ maiˊ	星期五有空嗎？	engine-auto	
初 3-3	วันเสาร์ ว่างไหม	wan sao waang mai	wan sāuˊ wāngˋ maiˊ	星期六有空嗎？	engine-auto	
初 3-3	วันอาทิตย์ ว่างไหม	wan a-thit waang mai	wan ā tit~ wāngˋ maiˊ	星期天有空嗎？	engine-auto	
初 3-3	เสาร์อาทิตย์นี้ ว่างไหม	sao a-thit nii waang mai	sāuˊ ā tit~ nī~ wāngˋ maiˊ	這個週末有空嗎？	engine-auto	
初 3-3	แล้วจะกลับมาเมื่อไหร่	laew ja klap maa muea-rai	lɛ̄~ jaˇ glapˇ mā mɯ̄aˋ raiˇ	那麼什麼時候要回來？	derived	
初 3-3	แล้วคุณล่ะ	laew khun la	lɛ̄u~ kun laˋ	你呢？	engine-auto	
初 3-3	จะ	ja	jaˇ	將要	engine-auto	
初 3-3	กลับ	klap	glapˇ	回	engine-auto	
初 3-3	กลับบ้าน	klap baan	glapˇ bhānˋ	回家	engine-auto	
初 3-3	กลับมา	klap maa	glapˇ mā	回來	engine-auto	
初 3-3	เมื่อไหร่	muea-rai	mɯ̄aˋ raiˇ	什麼時候	engine-auto	
初 3-3	จะไปเมืองไทยเมื่อไหร่	ja pai mueang thai muea-rai	jaˇ bai mɯ̄ang tai mɯ̄aˋ raiˇ	什麼時候要去泰國？	engine-auto	
初 3-3	จะแต่งงานเมื่อไหร่	ja taeng-ngaan muea-rai	jaˇ dɛ̄ngˇ ngān mɯ̄aˋ raiˇ	什麼時候要結婚？	engine-auto	
初 3-3	เมื่อไหร่จะกลับมา	muea-rai ja klap maa	mɯ̄aˋ raiˇ jaˇ glapˇ mā	什麼時候要回來？ (另一種說法)	engine-auto	
初 3-3	วันนี้วันอะไร	wan-ni wan arai	wan nī~ wan aˇ rai	今天星期幾？	engine-auto	
初 3-3	วันนี้วันที่เท่าไหร่	wan-ni wan-thi thao-rai	wan nī~ wan tīˋ tāuˋ raiˇ	今天幾號？	engine-auto	
初 3-3	วันที่ 4 เดือน 3	wan-thi 4 duen 3	wan tīˋ 4 dhɯ̄an 3	4號3月	engine-auto	
初 3-3	วันจันทร์	wan chan	wan jan	星期一	derived	
初 3-3	จันทร์นี้	chan nii	jan nī~	這個星期一 (口語)	derived	
初 3-3	วันจันทร์นี้	wan chan nii	wan jan nī~	這個星期一	derived	
初 3-3	วันอังคาร	wan angkhan	wan ang kān	星期二	engine-auto	
初 3-3	วันพุธ	wan phut	wan put~	星期三	engine-auto	
初 3-3	วันพฤหัสบดี	wan pha-rue-hat ba-di	wan prɯ hatˇ bɔ̄ dhī	星期四 (完整)	derived	
初 3-3	พฤหัส	pha-rue-hat	prɯ hatˇ	星期四 (簡稱)	derived	
初 3-3	วันศุกร์	wan suk	wan sukˇ	星期五	engine-auto	
初 3-3	สุขสันต์วันเกิด	suk-san wan koet	sukˇ sanˊ wan gə̄tˇ	生日快樂	engine-auto	
初 3-3	ขอให้มีความสุขเยอะๆ	kho hai mi khwam-suk yoe-yoe	kɔ̄ˊ haiˋ mī kwām sukˇ yə~ yə~	祝你幸福快樂	engine-auto	
初 3-3	วันเสาร์	wan sao	wan sāuˊ	星期六	engine-auto	
初 3-3	วันอาทิตย์	wan a-thit	wan ā tit~	星期日	engine-auto	
初 3-3	จันทร์ อังคาร พุธ พฤหัส ศุกร์ เสาร์	chan angkhan phut pha-rue-hat suk sao	jan ang kān put~ prɯ hatˇ sukˇ sāuˊ	一、二、三、四、五、六 (口語)	derived	
初 3-3	1 อาทิตย์ มี 7 วัน	1 a-thit mi 7 wan	1 ā tit~ mī 7 wan	一個星期有七天	engine-auto	
初 3-3	ไปญี่ปุ่น 2 อาทิตย์	pai yi-pun 2 a-thit	bai yīˋ bunˇ 2 ā tit~	我去日本兩個禮拜	engine-auto	
初 3-3	วันอาทิตย์นี้	wan a-thit nii	wan ā tit~ nī~	這個星期天	engine-auto	
初 3-3	วันที่	wan-thi	wan tīˋ	...號 (日期)	engine-auto	
初 3-3	วันที่ 1	wan-thi 1	wan tīˋ 1	1號	engine-auto	
初 3-3	วันที่ 2	wan-thi 2	wan tīˋ 2	2號	engine-auto	
初 3-3	วันที่ 3	wan-thi 3	wan tīˋ 3	3號	engine-auto	
初 3-3	วันที่ 4	wan-thi 4	wan tīˋ 4	4號	engine-auto	
初 3-3	วันที่ 5	wan-thi 5	wan tīˋ 5	5號	engine-auto	
初 3-3	วันที่ 6	wan-thi 6	wan tīˋ 6	6號	engine-auto	
初 3-3	วันที่ 7	wan-thi 7	wan tīˋ 7	7號	engine-auto	
初 3-3	วันนี้วันวาเลนไทน์	wan-ni wan wa-len-thai	wan nī~ wan wā lēn tai	今天是情人節	engine-auto	
初 3-3	วันนี้วันคริสต์มาส	wan-ni wan khrit-mas	wan nī~ wan krit~ mātˋ	今天是聖誕節	engine-auto	
初 3-3	วันนี้ วันจันทร์	wan-ni wan chan	wan nī~ wan jan	今天是星期一	derived	
初 3-3	วันนี้ วันอังคาร	wan-ni wan angkhan	wan nī~ wan ang kān	今天是星期二	engine-auto	
初 3-3	วันนี้ วันพุธ	wan-ni wan phut	wan nī~ wan put~	今天是星期三	engine-auto	
初 3-3	วันนี้ วันพฤหัสบดี	wan-ni wan pha-rue-hat ba-di	wan nī~ wan prɯ hatˇ bɔ̄ dhī	今天是星期四 (完整)	derived	
初 3-3	วันนี้ วันพฤหัส	wan-ni wan pha-rue-hat	wan nī~ wan prɯ hatˇ	今天是星期四 (簡稱)	derived	
初 3-3	วันนี้ วันศุกร์	wan-ni wan suk	wan nī~ wan sukˇ	今天是星期五	engine-auto	
初 3-3	วันนี้ วันเสาร์	wan-ni wan sao	wan nī~ wan sāuˊ	今天是星期六	engine-auto	
初 3-3	วันนี้ วันอาทิตย์	wan-ni wan a-thit	wan nī~ wan ā tit~	今天是星期日	engine-auto	
初 3-3	วันจันทร์ สีเหลือง	wan chan si lueang	wan jan sīˊ lɯ̄angˊ	星期一黃色	derived	
初 3-3	วันอังคาร สีชมพู	wan angkhan si chomphu	wan ang kān sīˊ chom pū	星期二粉紅色	derived	
初 3-3	วันพุธ สีเขียว	wan phut si khiao	wan put~ sīˊ kīauˊ	星期三綠色	engine-auto	
初 3-3	วันพฤหัส สีส้ม	wan pha-rue-hat si som	wan prɯ hatˇ sīˊ somˋ	星期四橘色	derived	
初 3-3	วันศุกร์ สีฟ้า	wan suk si faa	wan sukˇ sīˊ fā~	星期五藍色	engine-auto	
初 3-3	วันเสาร์ สีม่วง	wan sao si muang	wan sāuˊ sīˊ mūangˋ	星期六紫色	engine-auto	
初 3-3	วันอาทิตย์ สีแดง	wan a-thit si daeng	wan ā tit~ sīˊ dhɛ̄ng	星期日紅色	engine-auto	
初 3-3	วันที่เท่าไหร่	wan-thi thao-rai	wan tīˋ tāuˋ raiˇ	...幾號	engine-auto	
初 3-3	วันนี้ วันที่ 16	wan-ni wan-thi 16	wan nī~ wan tīˋ 16	今天16號	engine-auto	
初 3-3	วันนี้ วันที่ 21	wan-ni wan-thi 21	wan nī~ wan tīˋ 21	今天21號	engine-auto	
初 3-3	วัน ทำ งาน	wan tham ngan	wan tam ngān	工作日 / 上班日	engine-auto	
初 3-3	จันทร์ ถึง ศุกร์	chan thueng suk	jan tɯngˊ sukˇ	週一到週五	derived	
初 3-3	วัน จันทร์ ถึง วัน ศุกร์	wan chan thueng wan suk	wan jan tɯngˊ wan sukˇ	週一到週五 (完整)	derived	
初 3-3	ถึง	thueng	tɯngˊ	到	engine-auto	
初 3-3	คุณ ถึง ไหน แล้ว	khun thueng nai laew	kun tɯngˊ naiˊ lɛ̄u~	你到哪裡了？	engine-auto	
初 3-3	พูด ถึง ไหน แล้ว	phut thueng nai laew	pūtˋ tɯngˊ naiˊ lɛ̄u~	說到哪裡了？	engine-auto	
初 3-3	ฉัน ถึง แล้ว คุณ อยู่ ไหน	chan thueng laew khun yuu nai	chanˊ tɯngˊ lɛ̄u~ kun yūˋ naiˊ	我到了，你在哪？	engine-auto	
初 3-3	วัน หยุด	wan yut	wan yutˇ	假日 / 休息日	engine-auto	
初 3-3	หยุด	yut	yutˇ	停	engine-auto	
初 3-3	หยุด งาน	yut ngan	yutˇ ngān	停班	engine-auto	
初 3-3	หยุด เรียน	yut rian	yutˇ rīan	停課	engine-auto	
初 3-3	หยุด เรียน หยุด งาน	yut rian yut ngan	yutˇ rīan yutˇ ngān	停課停班	engine-auto	
初 3-3	วัน หยุด ยาว	wan yut yaao	wan yutˇ yāu	連假	engine-auto	
初 3-3	ยาว	yaao	yāu	長	engine-auto	
初 3-3	ผม ยาว	phom yaao	pomˊ yāu	長頭髮	engine-auto	
初 3-3	เสาร์ อาทิตย์	sao a-thit	sāuˊ ā tit~	週六日 / 週末	engine-auto	
初 3-3	เสาร์ อาทิตย์ หยุด	sao a-thit yut	sāuˊ ā tit~ yutˇ	六日休息	engine-auto	
初 3-3	ฉัน หยุด เสาร์ อาทิตย์	chan yut sao a-thit	chanˊ yutˇ sāuˊ ā tit~	我週六日休息	engine-auto	
初 3-3	วัน พระ	wan phra	wan pra~	佛日	engine-auto	
初 3-3	พระ	phra	pra~	佛	engine-auto	
初 3-3	ไป วัด	pai wat	bai wat~	去寺廟	engine-auto	
初 3-3	วัน พระ ไป วัด	wan phra pai wat	wan pra~ bai wat~	佛日去寺廟	engine-auto	
初 3-3	วัน พระ กิน เจ	wan phra kin je	wan pra~ gin jē	佛日吃素	engine-auto	
初 3-3	วัน นี้	wan nii	wan nī~	今天	engine-auto	
初 3-3	วัน นี้ ไป เที่ยว	wan nii pai thiao	wan nī~ bai tīauˋ	今天去玩	engine-auto	
初 3-3	วัน นี้ เรียน ภาษา ไทย	wan nii rian phasaa thai	wan nī~ rīan pā sāˊ tai	今天學泰文	engine-auto	
初 3-3	วัน นี้ ไม่ สบาย	wan nii mai sabai	wan nī~ maiˋ saˇ bhāi	今天不舒服	engine-auto	
初 3-3	วัน หลัง	wan lang	wan langˊ	改天	engine-auto	
初 3-3	วัน นี้ ไม่ ว่าง	wan nii mai waang	wan nī~ maiˋ wāngˋ	今天沒空	engine-auto	
初 3-3	วัน หลัง ได้ ไหม	wan lang dai mai	wan langˊ dhaiˋ maiˊ	改天可以嗎？	engine-auto	
初 3-3	วัน หลัง มา ใหม่ นะ คะ	wan lang maa mai na kha	wan langˊ mā maiˇ na~ ka~	改天再來喔	engine-auto	
初 3-3	วัน หลัง มา ใหม่	wan lang maa mai	wan langˊ mā maiˇ	改天再來	engine-auto	
初 3-3	ใหม่	mai	maiˇ	新的 / 再	book-exact	(book-exact已用引擎重新驗證)
初 3-3	เก่า ไม่ ไป ใหม่ ไม่ มา	kao mai pai mai mai maa	gāuˇ maiˋ bai maiˇ maiˋ mā	舊的不去，新的不來	engine-auto	
初 3-3	บ้าน ใหม่	baan mai	bhānˋ maiˇ	新房子	engine-auto	
初 3-3	แฟน ใหม่	faen mai	fɛ̄n maiˇ	新情人	engine-auto	
初 3-3	วัน ขึ้น ปี ใหม่	wan khuen pii mai	wan kɯnˋ bī maiˇ	新年 / 元旦	engine-auto	
初 3-3	วัน ที่ 1 เดือน 1	wan thi 1 duean 1	wan tīˋ 1 dhɯ̄an 1	1月1號	engine-auto	
初 3-3	ขึ้น	khuen	kɯnˋ	上	engine-auto	
初 3-3	ปี	pii	bī	年	engine-auto	
初 3-3	สวัสดี ปี ใหม่	sawasdi pii mai	saˇ watˇ dhī bī maiˇ	新年快樂	derived	
初 3-3	เดือน 1	duean 1	dhɯ̄an 1	一月 (數字)	engine-auto	
初 3-3	เดือน 2	duean 2	dhɯ̄an 2	二月 (數字)	engine-auto	
初 3-3	เดือน 3	duean 3	dhɯ̄an 3	三月 (數字)	engine-auto	
初 3-3	มกราคม	makkara khom	mok~ rā kom	一月 (名稱)	derived	
初 3-3	เดือน มกราคม	duean makkara khom	dhɯ̄an mok~ rā kom	一月份	derived	
初 3-3	เดือน กุมภาพันธ์	duean kumpha phan	dhɯ̄an gum pā pan	二月份	engine-auto	
初 3-3	กุมภาพันธ์	kumpha phan	gum pā pan	二月 (名稱)	engine-auto	
初 3-3	มีนาคม	mi na khom	mī nā kom	三月 (名稱)	derived	
初 3-3	เมษายน	me sa yon	mē sāˊ yon	四月 (名稱)	derived	
初 3-3	พฤษภาคม	phruet sa pha khom	prɯt~ pā kom	五月 (名稱)	derived	
初 3-3	มิถุนายน	mi thu na yon	mi~ tuˇ nā yon	六月 (名稱)	derived	
初 3-3	กรกฎาคม	kara kada khom	gaˇ ra~ dā kom	七月 (名稱)	derived	
初 3-3	สิงหาคม	sing ha khom	singˊ hāˊ kom	八月 (名稱)	derived	
初 3-3	สิง	sing	singˊ	獅子	engine-auto	
初 3-3	กันยายน	kan ya yon	gan yā yon	九月 (名稱)	derived	
初 3-3	ตุลาคม	tu la khom	duˇ lā kom	十月 (名稱)	derived	
初 3-3	พฤศจิกายน	phruet sa ji ka yon	prɯt~ jiˇ gā yon	十一月 (名稱)	derived	
初 3-3	ธันวาคม	than wa khom	tan wā kom	十二月 (名稱)	derived	
初 3-3	คม	khom	kom	(大月結尾)	derived	
初 3-3	ยน	yon	yon	(小月結尾)	derived	
初 3-3	มกรา	makkaraa	mok~ rā	一月 (口語)	derived	
初 3-3	มีนา	mi naa	mī nā	三月 (口語)	engine-auto	
初 3-3	พฤษภา	phrue sa phaa	prɯt~ pā	五月 (口語)	derived	
初 3-3	กรกฎา	karakadaa	gaˇ ra~ dā	七月 (口語)	derived	
初 3-3	วัน นี้ มี อะไร อยาก ถาม ไหม คะ	wan nii mi arai yaak tham mai kha	wan nī~ mī aˇ rai yākˋ tāmˊ maiˊ ka~	今天有什麼想問的嗎？	engine-auto	
初 3-3	คิด	kit	kit~	想 (思考)	engine-auto	
初 3-3	คิด ถึง	kit thueng	kit~ tɯngˊ	想念	engine-auto	
初 3-3	คิด ถึง แฟน	kit thueng faen	kit~ tɯngˊ fɛ̄n	想念情人	engine-auto	
初 3-3	คิด ถึง เมือง ไทย	kit thueng mueang thai	kit~ tɯngˊ mɯ̄ang tai	想念泰國	engine-auto	
初 3-3	วัน นี้ ขอบคุณ มาก ค่ะ	wan nii khop khun mak kha	wan nī~ kɔ̄pˇ kun mākˋ kaˋ	今天非常謝謝	engine-auto	
初 3-3	สวัสดี ค่ะ	sawasdi kha	saˇ watˇ dhī kaˋ	再見 (女)	derived	
初 3-4	รอแป๊บนึง	ror bpæp nueng	rɔ̄ bɛ̄p~ nɯng	等一下	engine-auto	
初 3-4	วันอะไร	wan arai	wan aˇ rai	星期幾	engine-auto	
初 3-4	วันนี้ วันอะไร	wan nee wan arai	wan nī~ wan aˇ rai	今天是星期幾	engine-auto	
初 3-4	วันจันทร์	wan jan	wan jan	星期一	derived	
初 3-4	วันจันทร์ สีเหลือง	wan jan see lueng	wan jan sīˊ lɯ̄angˊ	星期一 黃色	derived	
初 3-4	สีเหลือง	see lueng	sīˊ lɯ̄angˊ	黃色	engine-auto	
初 3-4	วันอังคาร	wan angkhan	wan ang kān	星期二	engine-auto	
初 3-4	วันอังคาร สีชมพู	wan angkhan see chomphoo	wan ang kān sīˊ chom pū	星期二 粉紅色	derived	
初 3-4	วันพุธ	wan pood	wan put~	星期三	engine-auto	
初 3-4	วันพุธ สีเขียว	wan pood see khiao	wan put~ sīˊ kīauˊ	星期三 綠色	engine-auto	
初 3-4	วันพฤหัสบดี	wan pha rue hat sa bo dee	wan prɯ hatˇ bɔ̄ dhī	星期四	derived	
初 3-4	พฤหัส สีส้ม	pha rue hat see som	prɯ hatˇ sīˊ somˋ	星期四 橘色	derived	
初 3-4	พฤหัส	pha rue hat	prɯ hatˇ	星期四 (簡稱)	derived	
初 3-4	วันศุกร์	wan sook	wan sukˇ	星期五	engine-auto	
初 3-4	วันศุกร์ สีฟ้า	wan sook see faa	wan sukˇ sīˊ fā~	星期五 藍色	engine-auto	
初 3-4	วันเสาร์	wan sao	wan sāuˊ	星期六	engine-auto	
初 3-4	วันเสาร์ สีม่วง	wan sao see muang	wan sāuˊ sīˊ mūangˋ	星期六 紫色	engine-auto	
初 3-4	วันอาทิตย์	wan aa thit	wan ā tit~	星期日	engine-auto	
初 3-4	วันอาทิตย์ สีแดง	wan aa thit see daeng	wan ā tit~ sīˊ dhɛ̄ng	星期日 紅色	engine-auto	
初 3-4	เกิด	koet	gə̄tˇ	出生	engine-auto	
初 3-4	วันเกิด	wan koet	wan gə̄tˇ	生日	engine-auto	
初 3-4	สุขสันต์วันเกิด	suk san wan koet	sukˇ sanˊ wan gə̄tˇ	生日快樂	engine-auto	
初 3-4	คุณเกิดวันอะไร	khun koet wan arai	kun gə̄tˇ wan aˇ rai	你星期幾出生	engine-auto	
初 3-4	ฉันเกิดวันอังคาร	chan koet wan angkhan	chanˊ gə̄tˇ wan ang kān	我星期二出生	engine-auto	
初 3-4	รู้ไหมคะ	roo mai kha	rū~ maiˊ ka~	你知道嗎	engine-auto	
初 3-4	ฉันไม่รู้	chan mai roo	chanˊ maiˋ rū~	我不知道	engine-auto	
初 3-4	ฉันไม่รู้ ฉันเกิดวันอะไร	chan mai roo chan koet wan arai	chanˊ maiˋ rū~ chanˊ gə̄tˇ wan aˇ rai	我不知道我星期幾出生	engine-auto	
初 3-4	ไปเมืองไทย วันอะไร	bpai mueang thai wan arai	bai mɯ̄ang tai wan aˇ rai	星期幾去泰國	engine-auto	
初 3-4	ไปวันศุกร์	bpai wan sook	bai wan sukˇ	星期五去	engine-auto	
初 3-4	พวกเขา ถึงไต้หวัน วันอะไร	phuak kao thueng taiwan wan arai	pūakˋ kāuˊ tɯngˊ daiˋ wanˊ wan aˇ rai	他們星期幾到台灣	engine-auto	
初 3-4	พวกเขา ถึงไต้หวัน วันพุธ	phuak kao thueng taiwan wan pood	pūakˋ kāuˊ tɯngˊ daiˋ wanˊ wan put~	他們星期三到台灣	engine-auto	
初 3-4	ไม่ชอบวันจันทร์	mai chob wan jan	maiˋ chɔ̄pˋ wan jan	不喜歡星期一	derived	
初 3-4	ทำไมไม่ชอบวันจันทร์	thammai mai chob wan jan	tam mai maiˋ chɔ̄pˋ wan jan	為什麼不喜歡星期一	derived	
初 3-4	เพราะว่า วันจันทร์ ต้องทำงาน	phraw wa wan jan tong tham ngan	prɔ~ wāˋ wan jan dɔ̄ngˋ tam ngān	因為星期一要上班	derived	
初 3-4	วันอังคาร มีเรื่องต้องทำเยอะ	wan angkhan mee rueang tong tham yer	wan ang kān mī rɯ̄angˋ dɔ̄ngˋ tam yə~	星期二有很多事情要做	engine-auto	
初 3-4	วันอังคาร ก็เลยไม่ว่าง	wan angkhan ko loei mai wang	wan ang kān gɔ̄ˋ lə̄i maiˋ wāngˋ	星期二所以沒空	engine-auto	
初 3-4	วันอังคาร ไม่ว่าง	wan angkhan mai wang	wan ang kān maiˋ wāngˋ	星期二沒空	engine-auto	
初 3-4	แล้ววันพุธล่ะ ว่างไหม	laew wan pood la wang mai	lɛ̄u~ wan put~ laˋ wāngˋ maiˊ	那星期三呢？有空嗎？	engine-auto	
初 3-4	วันพุธ ต้องไปทำฟัน	wan pood tong bpai tham fan	wan put~ dɔ̄ngˋ bai tam fan	星期三得去做牙齒	engine-auto	
初 3-4	วันพฤหัส ไปข้างนอกกับแฟน	wan pha rue hat bpai khang nok gap faen	wan prɯ hatˇ bai kāngˋ nɔ̄kˋ gapˇ fɛ̄n	星期四要跟女朋友去外面	derived	
初 3-4	วันพฤหัส ต้องไปว่ายน้ำ	wan pha rue hat tong bpai wai nam	wan prɯ hatˇ dɔ̄ngˋ bai wāiˋ nām~	星期四得去游泳	derived	
初 3-4	วันศุกร์ ไปกินข้างนอก	wan sook bpai kin khang nok	wan sukˇ bai gin kāngˋ nɔ̄kˋ	星期五去外面吃飯	engine-auto	
初 3-4	วันศุกร์ กินข้าวกับเพื่อนร่วมงาน	wan sook kin khao gap phuean ruam ngan	wan sukˇ gin kāuˋ gapˇ pɯ̄anˋ rūamˋ ngān	星期五跟同事吃飯	engine-auto	
初 3-4	วันเสาร์ อยู่บ้าน	wan sao yuu baan	wan sāuˊ yūˋ bhānˋ	星期六在家	engine-auto	
初 3-4	อยู่บ้าน ดูละคร	yuu baan du lakorn	yūˋ bhānˋ dhū la~ kɔ̄n	在家看劇	derived	
初 3-4	วันเสาร์ อยู่บ้าน ดูละคร	wan sao yuu baan du lakorn	wan sāuˊ yūˋ bhānˋ dhū la~ kɔ̄n	星期六在家看劇	derived	
初 3-4	วันเสาร์ ไปซุปเปอร์มาร์เก็ต	wan sao bpai super market	wan sāuˊ bai sup~ bə̄ mā getˇ	星期六去超市	engine-auto	
初 3-4	ไปตลาด ซื้อผัก	bpai talad seu phak	bai daˇ lātˋ sɯ̄~ pakˇ	去市場買菜	engine-auto	
初 3-4	ไปซุปเปอร์มาร์เก็ต ซื้อผัก	bpai super market seu phak	bai sup~ bə̄ mā getˇ sɯ̄~ pakˇ	去超市買菜	engine-auto	
初 3-4	วันเสาร์ ไปซุปเปอร์มาร์เก็ต ซื้อผัก	wan sao bpai super market seu phak	wan sāuˊ bai sup~ bə̄ mā getˇ sɯ̄~ pakˇ	星期六去超市買菜	engine-auto	
初 3-4	วันอาทิตย์ หยุด 1 วัน	wan aa thit yoot neung wan	wan ā tit~ yutˇ 1 wan	星期日休息一天	engine-auto	
初 3-4	วันอาทิตย์ ร้านปิด	wan aa thit ran pit	wan ā tit~ rān~ bitˇ	星期日店關	engine-auto	
初 3-4	ปิด	pit	bitˇ	關	book-exact	(book-exact已用引擎重新驗證)
初 3-4	เสาร์ อาทิตย์ นี้ ไม่ว่าง	sao aa thit nee mai wang	sāuˊ ā tit~ nī~ maiˋ wāngˋ	這週六日 (這週末) 沒空	engine-auto	
初 3-4	เสาร์ อาทิตย์ นี้ ไปเที่ยวกับคุณไม่ได้	sao aa thit nee bpai thiao gap khun mai dai	sāuˊ ā tit~ nī~ bai tīauˋ gapˇ kun maiˋ dhaiˋ	這週末不能跟你去玩	engine-auto	
初 3-4	ไปเที่ยวกับคุณไม่ได้	bpai thiao gap khun mai dai	bai tīauˋ gapˇ kun maiˋ dhaiˋ	不能跟你去玩	engine-auto	
初 3-4	เดือนนี้ ไม่มีวันหยุด	duean nee mai mee wan yoot	dhɯ̄an nī~ maiˋ mī wan yutˇ	這個月沒有休假日	engine-auto	
初 3-4	เมืองไทย มีวันหยุดยาวเยอะ	mueang thai mee wan yoot yaow yer	mɯ̄ang tai mī wan yutˇ yāu yə~	泰國有很多長假	engine-auto	
初 3-4	หยุดเรียน	yoot rian	yutˇ rīan	停課	engine-auto	
初 3-4	หยุดงาน	yoot ngan	yutˇ ngān	停班	engine-auto	
初 3-4	เจอไฟแดง ต้องหยุด	jer fai daeng tong yoot	jə̄ fai dhɛ̄ng dɔ̄ngˋ yutˇ	遇到紅燈要停	engine-auto	
初 3-4	คุยกันไม่หยุด	khui gan mai yoot	kui gan maiˋ yutˇ	聊個不停	engine-auto	
初 3-4	หยุด เอาเงินมา	yoot ao ngoen maa	yutˇ au ngə̄n mā	停 (別動)，拿錢來	engine-auto	
初 3-4	วันพระ กินเจ	wan phra kin je	wan pra~ gin jē	佛日吃素	engine-auto	
初 3-4	วันพระ พระต้องอยู่วัด	wan phra phra tong yuu wat	wan pra~ pra~ dɔ̄ngˋ yūˋ wat~	佛日和尚要在廟裡面	engine-auto	
初 3-4	วันขึ้นปีใหม่	wan kheun pee mai	wan kɯnˋ bī maiˇ	新年 (元旦)	engine-auto	
初 3-4	วันขึ้นปีใหม่ ไป 101	wan kheun pee mai bpai 101	wan kɯnˋ bī maiˇ bai 101	元旦去101	engine-auto	
初 3-4	วันขึ้นปีใหม่ ไปวัด	wan kheun pee mai bpai wat	wan kɯnˋ bī maiˇ bai wat~	元旦去廟	engine-auto	
初 3-4	สวัสดีปีใหม่	sawasdee pee mai	saˇ watˇ dhī bī maiˇ	新年快樂	derived	
初 3-4	วันหลัง มาใหม่นะ	wan lang ma mai na	wan langˊ mā maiˇ na~	改天再來哦	engine-auto	
初 3-4	วันนี้ ไม่ว่าง	wan nee mai wang	wan nī~ maiˋ wāngˋ	今天沒空	engine-auto	
初 3-4	วันหลัง ได้ไหม	wan lang dai mai	wan langˊ dhaiˋ maiˊ	改天可以嗎？	engine-auto	
初 3-4	ว่าง	wang	wāngˋ	空 (空著的)	engine-auto	
初 3-4	ห้องว่าง	hong wang	hɔ̄ngˋ wāngˋ	空房間	engine-auto	
初 3-4	ที่นั่ง ว่าง	tee nang wang	tīˋ nangˋ wāngˋ	位子很空	engine-auto	
初 3-4	ตู้เย็น ว่าง	too yen wang	dūˋ yen wāngˋ	冰箱 (空的)	engine-auto	
初 3-4	ว่าง	wang	wāngˋ	有空	engine-auto	
初 3-4	ถ้าคุณว่าง คุณชอบทำอะไร	tha khun wang khun chob tham arai	tāˋ kun wāngˋ kun chɔ̄pˋ tam aˇ rai	如果你有空，你喜歡做什麼？	engine-auto	
初 3-4	ถ้าฉันว่าง	tha chan wang	tāˋ chanˊ wāngˋ	如果我有空	engine-auto	
初 3-4	ฉันชอบเล่นฟุตบอล	chan chob len football	chanˊ chɔ̄pˋ lēnˋ fut~ bhɔ̄n	我喜歡玩足球	engine-auto	
初 3-4	ฉันชอบอ่านหนังสือ	chan chob aan nangseu	chanˊ chɔ̄pˋ ānˇ nangˊ sɯ̄ˊ	我喜歡看書	engine-auto	
初 3-4	ถ้าฉันว่าง ฉันชอบอ่านหนังสือ	tha chan wang chan chob aan nangseu	tāˋ chanˊ wāngˋ chanˊ chɔ̄pˋ ānˇ nangˊ sɯ̄ˊ	如果我有空，我喜歡看書	engine-auto	
初 3-4	ถ้าฉันว่าง ฉันชอบทำอาหาร	tha chan wang chan chob tham ahan	tāˋ chanˊ wāngˋ chanˊ chɔ̄pˋ tam ā hānˊ	如果我有空，我喜歡做菜	engine-auto	
初 3-4	ถ้าผมว่าง ผมชอบทำอาหาร	tha phom wang phom chob tham ahan	tāˋ pomˊ wāngˋ pomˊ chɔ̄pˋ tam ā hānˊ	如果我有空，我喜歡做菜 (男性)	engine-auto	
初 3-4	อาทิตย์นี้ ว่างวันไหน	atit nee wang wan nai	ā tit~ nī~ wāngˋ wan naiˊ	這個星期哪天有空呢？	engine-auto	
初 3-4	พวกเรา ไปดูหนังกัน	phuak rao bpai du nang gan	pūakˋ rāu bai dhū nangˊ gan	我們去看電影吧	engine-auto	
初 3-4	อาทิตย์นี้ ว่างวันไหน พวกเรา ไปดูหนังกัน	atit nee wang wan nai phuak rao bpai du nang gan	ā tit~ nī~ wāngˋ wan naiˊ pūakˋ rāu bai dhū nangˊ gan	這個星期哪天有空？我們去看電影吧	engine-auto	
初 3-4	วันศุกร์ ฉันว่าง	wan sook chan wang	wan sukˇ chanˊ wāngˋ	星期五我有空	engine-auto	
初 3-4	จะมาไต้หวัน เมื่อไหร่	ja maa taiwan meua rai	jaˇ mā daiˋ wanˊ mɯ̄aˋ raiˇ	什麼時候要來台灣？	engine-auto	
初 3-4	จะ	ja	jaˇ	將要	engine-auto	
初 3-4	จะไปหาหมอ เมื่อไหร่	ja bpai haa maw meua rai	jaˇ bai hāˊ mɔ̄ˊ mɯ̄aˋ raiˇ	什麼時候要去看醫生？	engine-auto	
初 3-4	จะแต่งงาน เมื่อไหร่	ja taeng ngaan meua rai	jaˇ dɛ̄ngˇ ngān mɯ̄aˋ raiˇ	什麼時候要結婚？	engine-auto	
初 3-4	เดือนมกราคม	duean mokkara khom	dhɯ̄an mok~ rā kom	一月	derived	
初 3-4	มกรา เจอกัน	mokkara joe gan	mok~ rā jə̄ gan	一月見面	derived	
初 3-4	เดือนกุมภาพันธ์	duean kum pha phan	dhɯ̄an gum pā pan	二月	engine-auto	
初 3-4	เดือนมีนาคม	duean mee na khom	dhɯ̄an mī nā kom	三月	derived	
初 3-4	เดือนเมษายน	duean may sa yon	dhɯ̄an mē sāˊ yon	四月	derived	
初 3-4	เดือนพฤษภาคม	duean phruet sa phakhom	dhɯ̄an prɯt~ pā kom	五月	derived	
初 3-4	เดือนมิถุนายน	duean mi thu na yon	dhɯ̄an mi~ tuˇ nā yon	六月	derived	
初 3-4	เดือนกรกฎาคม	duean ka ra ga da khom	dhɯ̄an gaˇ ra~ dā kom	七月	derived	
初 3-4	เดือนสิงหาคม	duean sing ha khom	dhɯ̄an singˊ hāˊ kom	八月	derived	
初 3-4	เดือนกันยายน	duean gan ya yon	dhɯ̄an gan yā yon	九月	derived	
初 3-4	เดือนตุลาคม	duean tu la khom	dhɯ̄an duˇ lā kom	十月	derived	
初 3-4	เดือนพฤศจิกายน	duean phruet sa chi ka yon	dhɯ̄an prɯt~ jiˇ gā yon	十一月	derived	
初 3-4	เดือนธันวาคม	duean than wa khom	dhɯ̄an tan wā kom	十二月	derived	
初 3-4	คุณเกิดเดือนไหน	khun koet duean nai	kun gə̄tˇ dhɯ̄an naiˊ	你哪個月份出生？	engine-auto	
初 3-4	คุณเกิดเดือนอะไร	khun koet duean arai	kun gə̄tˇ dhɯ̄an aˇ rai	你出生月份是什麼？	engine-auto	
初 3-4	เดือนเมษายน ร้อนที่สุด	duean may sa yon ron tee soot	dhɯ̄an mē sāˊ yon rɔ̄n~ tīˋ sutˇ	四月最熱	derived	
初 3-4	เดือนเมษา ร้อนที่สุด	duean may sa ron tee soot	dhɯ̄an mē sāˊ rɔ̄n~ tīˋ sutˇ	四月最熱 (簡稱)	engine-auto	
初 3-4	เดือนธันวาคม หนาวไหม	duean than wa khom nao mai	dhɯ̄an tan wā kom nāuˊ maiˊ	十二月很冷嗎？	derived	
初 3-4	ที่ไต้หวัน เดือนธันวาคม หนาวไหม	tee taiwan duean than wa khom nao mai	tīˋ daiˋ wanˊ dhɯ̄an tan wā kom nāuˊ maiˊ	在台灣十二月冷嗎？	derived	
初 3-4	มีไหมคะ	mee mai kha	mī maiˊ ka~	有嗎？	engine-auto	
初 3-4	ใต้	tai	daiˋ	下面	engine-auto	
初 3-4	ได้	dai	dhaiˋ	可以	engine-auto	
初 3-4	วันนี้	wan nee	wan nī~	今天	engine-auto	
初 3-4	คืน	khuen	kɯ̄n	晚上	engine-auto	
初 3-4	คืนนี้	khuen nee	kɯ̄n nī~	今晚	engine-auto	
初 3-4	เมื่อวาน	muea wan	mɯ̄aˋ wān	昨天	engine-auto	
初 3-4	เมื่อวานนี้	muea wan nee	mɯ̄aˋ wān nī~	昨天	engine-auto	
初 3-4	เมื่อวาน ฝนตก	muea wan fon tok	mɯ̄aˋ wān fonˊ dokˇ	昨天 下雨	derived	
初 3-4	เมื่อคืน	muea khuen	mɯ̄aˋ kɯ̄n	昨晚	engine-auto	
初 3-4	เมื่อคืนนี้	muea khuen nee	mɯ̄aˋ kɯ̄n nī~	昨晚	engine-auto	
初 3-4	เมื่อคืน อยู่บ้านเพื่อน	muea khuen yuu baan phuean	mɯ̄aˋ kɯ̄n yūˋ bhānˋ pɯ̄anˋ	昨晚 在朋友家	engine-auto	
初 3-4	วันพรุ่งนี้	wan phrung nee	wan prungˋ nī~	明天	engine-auto	
初 3-4	พรุ่งนี้	phrung nee	prungˋ nī~	明天	engine-auto	
初 3-4	พรุ่งนี้ ไปไหน	phrung nee bpai nai	prungˋ nī~ bai naiˊ	明天 去哪裡	engine-auto	
初 3-4	พรุ่งนี้ ไปไหนคะ	phrung nee bpai nai kha		明天 去哪裡呢？	unresolved	英文外來語/正式縮寫/原始資料異常，見全課-仍不確定清單.tsv
初 3-4	คืนพรุ่งนี้	khuen phrung nee	kɯ̄n prungˋ nī~	明晚	engine-auto	
初 3-4	คืนพรุ่งนี้ เจอกัน	khuen phrung nee joe gan	kɯ̄n prungˋ nī~ jə̄ gan	明晚 見	engine-auto	
初 3-4	นี้	nee	nī~	這	engine-auto	
初 3-4	วันจันทร์นี้	wan jan nee	wan jan nī~	這個星期一	derived	
初 3-4	วันเสาร์นี้	wan sao nee	wan sāuˊ nī~	這個星期六	engine-auto	
初 3-4	วันอาทิตย์นี้	wan aa thit nee	wan ā tit~ nī~	這個星期日	engine-auto	
初 3-4	คนนี้	khon nee	kon nī~	這個人	engine-auto	
初 3-4	อันนี้ เท่าไหร่	an nee thao rai	an nī~ tāuˋ raiˇ	這個 多少錢	engine-auto	
初 3-4	ที่แล้ว	tee laew	tīˋ lɛ̄u~	上一個	engine-auto	
初 3-4	วันจันทร์ ที่แล้ว	wan jan tee laew	wan jan tīˋ lɛ̄u~	上個星期一	derived	
初 3-4	วันเสาร์ ที่แล้ว	wan sao tee laew	wan sāuˊ tīˋ lɛ̄u~	上個星期六	engine-auto	
初 3-4	วันศุกร์ ที่แล้ว	wan sook tee laew	wan sukˇ tīˋ lɛ̄u~	上個星期五	engine-auto	
初 3-4	วันศุกร์ ที่แล้ว หยุดเรียน	wan sook tee laew yoot rian	wan sukˇ tīˋ lɛ̄u~ yutˇ rīan	上個星期五 停課	engine-auto	
初 3-4	วันอาทิตย์ ที่แล้ว	wan aa thit tee laew	wan ā tit~ tīˋ lɛ̄u~	上個星期日	engine-auto	
初 3-4	วันอาทิตย์ ที่แล้ว ไปไหน	wan aa thit tee laew bpai nai	wan ā tit~ tīˋ lɛ̄u~ bai naiˊ	上個星期日 去哪裡	engine-auto	
初 3-4	หน้า	naa	nāˋ	下一個/頁/臉/前面	engine-auto	
初 3-4	หน้า ที่ 3	naa tee saam	nāˋ tīˋ 3	第3頁	engine-auto	
初 3-4	หน้าแดง	naa daeng	nāˋ dhɛ̄ng	臉紅	engine-auto	
初 3-4	ข้างหน้า	khang naa	kāngˋ nāˋ	前面	engine-auto	
初 3-4	วันจันทร์ หน้า	wan jan naa	wan jan nāˋ	下個星期一	derived	
初 3-4	วันเสาร์ หน้า	wan sao naa	wan sāuˊ nāˋ	下個星期六	engine-auto	
初 3-4	วันอาทิตย์ หน้า	wan aa thit naa	wan ā tit~ nāˋ	下個星期日	engine-auto	
初 3-4	อาทิตย์ หน้า	atit naa	ā tit~ nāˋ	下個禮拜	engine-auto	
初 3-4	อาทิตย์ ที่แล้ว	atit tee laew	ā tit~ tīˋ lɛ̄u~	上個禮拜	engine-auto	
初 3-4	อาทิตย์ ที่แล้ว หยุด	atit tee laew yoot	ā tit~ tīˋ lɛ̄u~ yutˇ	上個禮拜 休息	engine-auto	
初 3-4	อาทิตย์ ที่แล้ว หยุดเรียน	atit tee laew yoot rian	ā tit~ tīˋ lɛ̄u~ yutˇ rīan	上個禮拜 停課	engine-auto	
初 3-4	เดือน ที่แล้ว	duean tee laew	dhɯ̄an tīˋ lɛ̄u~	上個月	engine-auto	
初 3-4	เดือน ที่แล้ว ไปเมืองไทย	duean tee laew bpai mueang thai	dhɯ̄an tīˋ lɛ̄u~ bai mɯ̄ang tai	上個月 去泰國	engine-auto	
初 3-4	ปี ที่แล้ว	pee tee laew	bī tīˋ lɛ̄u~	去年	engine-auto	
初 3-4	รู้จักกัน ปี ที่แล้ว	roo jak gan pee tee laew	rū~ jakˇ gan bī tīˋ lɛ̄u~	去年 互相認識	engine-auto	
初 3-4	อาทิตย์นี้	atit nee	ā tit~ nī~	這個禮拜	engine-auto	
初 3-4	อาทิตย์นี้ ว่างไหม	atit nee wang mai	ā tit~ nī~ wāngˋ maiˊ	這個禮拜 有空嗎	engine-auto	
初 3-4	เดือนนี้	duean nee	dhɯ̄an nī~	這個月	engine-auto	
初 3-4	เดือนนี้ เดือนอะไร	duean nee duean arai	dhɯ̄an nī~ dhɯ̄an aˇ rai	這個月 是幾月	engine-auto	
初 3-4	ปีนี้	pee nee	bī nī~	今年	engine-auto	
初 3-4	ปีนี้ ซื้อบ้านใหม่	pee nee seu baan mai	bī nī~ sɯ̄~ bhānˋ maiˇ	今年 買新房子	engine-auto	
初 3-4	เดือนหน้า	duean naa	dhɯ̄an nāˋ	下個月	engine-auto	
初 3-4	ปีหน้า	pee naa	bī nāˋ	明年	engine-auto	
初 3-4	ป้าย	bpai	bāiˋ	公車站/牌子	engine-auto	
初 3-4	ป้ายนี้ ต้องลงรถ	bpai nee tong long rot	bāiˋ nī~ dɔ̄ngˋ long rot~	這站 必須下車	engine-auto	
初 3-4	ป้ายหน้า	bpai naa	bāiˋ nāˋ	下一站 (公車)	engine-auto	
初 3-4	ป้าย ที่แล้ว	bpai tee laew	bāiˋ tīˋ lɛ̄u~	上一站 (公車)	engine-auto	
初 3-4	สถานี	sa tha nee	saˇ tāˊ nī	車站 (捷運/火車)	engine-auto	
初 3-4	สถานีนี้	sa tha nee nee	saˇ tāˊ nī nī~	這站 (捷運/火車)	engine-auto	
初 3-4	สถานี ที่แล้ว	sa tha nee tee laew	saˇ tāˊ nī tīˋ lɛ̄u~	上一站 (捷運/火車)	engine-auto	
初 3-4	สถานี หน้า	sa tha nee naa	saˇ tāˊ nī nāˋ	下一站 (捷運/火車)	engine-auto	
初 3-4	ป้ายนี้	bpai nee	bāiˋ nī~	這站 (公車)	engine-auto	
初 3-4	ชาติ	chat	chātˋ	輩子/ชาติ	derived	
初 3-4	ชาติ ที่แล้ว	chat tee laew	chātˋ tīˋ lɛ̄u~	上輩子	derived	
初 3-4	ชาติ ที่แล้ว เป็นอะไร	chat tee laew pen arai	chātˋ tīˋ lɛ̄u~ ben aˇ rai	上輩子 是什麼	derived	
初 3-4	ชาติ ที่แล้ว เป็นคนไทย	chat tee laew pen khon thai	chātˋ tīˋ lɛ̄u~ ben kon tai	上輩子 是泰國人	derived	
初 3-4	ชาติ ที่แล้ว เป็นคนไทย ชาตินี้ ก็เลย มาเรียนภาษาไทย	chat tee laew pen khon thai chat nee go loei ma rian phasa thai	chātˋ tīˋ lɛ̄u~ ben kon tai chātˋ nī~ gɔ̄ˋ lə̄i mā rīan pā sāˊ tai	上輩子是泰國人，這輩子才來學泰文	derived	
初 3-4	ชาติหน้า	chat naa	chātˋ nāˋ	下輩子	derived	
初 3-4	เช้า	chao	chāu~	早上	engine-auto	
初 3-4	ตอนเช้า	ton chao	dɔ̄n chāu~	早上 (時段)	engine-auto	
初 3-4	ตอนเช้า กินอะไร	ton chao kin arai	dɔ̄n chāu~ gin aˇ rai	早上 吃什麼	engine-auto	
初 3-4	ตอนบ่าย	ton bai	dɔ̄n bhāiˇ	下午	engine-auto	
初 3-4	ตอนเย็น	ton yen	dɔ̄n yen	傍晚/晚上	engine-auto	
初 3-4	อาหารเช้า	ahan chao	ā hānˊ chāu~	早餐	engine-auto	
初 3-4	อาหารเช้า กินก๋วยเตี๋ยว	ahan chao kin kuay tiao	ā hānˊ chāu~ gin gūayˊ dīauˊ	早餐 吃粿條	derived	
初 3-4	อาหารเช้า กินอะไร	ahan chao kin arai	ā hānˊ chāu~ gin aˇ rai	早餐 吃什麼	engine-auto	
初 3-4	อาหารกลางวัน	ahan klang wan	ā hānˊ glāng wan	午餐	engine-auto	
初 3-4	กลางวัน	klang wan	glāng wan	白天/中午	engine-auto	
初 3-4	กลาง	klang	glāng	中間	engine-auto	
初 3-4	อาหารเย็น	ahan yen	ā hānˊ yen	晚餐	engine-auto	
初 3-4	อาหารเช้า อาหารกลางวัน อาหารเย็น	ahan chao ahan klang wan ahan yen	ā hānˊ chāu~ ā hānˊ glāng wan ā hānˊ yen	早餐、午餐、晚餐	engine-auto	
初 3-4	ต้นเดือน	ton duean	donˋ dhɯ̄an	月初	derived	
初 3-4	ต้น	ton	donˋ	初/開始	derived	
初 3-4	กลางเดือน	klang duean	glāng dhɯ̄an	月中	engine-auto	
初 3-4	กลางเดือน จะมาไต้หวัน	klang duean ja maa taiwan	glāng dhɯ̄an jaˇ mā daiˋ wanˊ	月中 會來台灣	engine-auto	
初 3-4	ปลายเดือน	plai duean	blāi dhɯ̄an	月底	engine-auto	
初 3-4	สิ้นเดือน	sin duean	sinˋ dhɯ̄an	月底	engine-auto	
初 3-4	ปลาย	plai	blāi	尾巴/末端	engine-auto	
初 3-4	สิ้น	sin	sinˋ	結束	book-exact	(book-exact已用引擎重新驗證)
初 3-4	สิ้นใจ	sin jai	sinˋ jai	過世	engine-auto	
初 3-4	เขาสิ้นใจแล้ว	khao sin jai laew	kāuˊ sinˋ jai lɛ̄u~	他過世了	engine-auto	
初 3-4	ต้นปี	ton pee	donˋ bī	年初	derived	
初 3-4	ต้นปี เย็นสบาย	ton pee yen sabai	donˋ bī yen saˇ bhāi	年初 涼爽舒服	derived	
初 3-4	กลางปี	klang pee	glāng bī	年中	engine-auto	
初 3-4	ปลายปี	plai pee	blāi bī	年底	engine-auto	
初 3-4	สิ้นปี	sin pee	sinˋ bī	年底	engine-auto	
初 3-4	สิ้นปี ไปเที่ยวญี่ปุ่นกันไหม	sin pee bpai thiao yi phun gan mai	sinˋ bī bai tīauˋ yīˋ bunˇ gan maiˊ	年底 要不要一起去日本玩	engine-auto	
初 3-4	ต้นทาง	ton thang	donˋ tāng	起點	derived	
初 3-4	กลางทาง	klang thang	glāng tāng	中途/路上	engine-auto	
初 3-4	อยู่กลางทาง	yuu klang thang	yūˋ glāng tāng	在路上	engine-auto	
初 3-4	อยู่กลางทางแล้ว	yuu klang thang laew	yūˋ glāng tāng lɛ̄u~	已經在路上了	engine-auto	
初 3-4	ปลายทาง	plai thang	blāi tāng	終點/目的地	engine-auto	
初 3-4	สถานีปลายทาง	sa tha nee plai thang	saˇ tāˊ nī blāi tāng	終點站	engine-auto	
初 3-4	ทุกคืน	tuk khuen	tuk~ kɯ̄n	每個晚上	engine-auto	
初 3-4	เขาไปเที่ยวทุกคืน	khao bpai thiao tuk khuen	kāuˊ bai tīauˋ tuk~ kɯ̄n	他每天晚上都去玩	engine-auto	
初 3-4	ทุกเดือน	tuk duean	tuk~ dhɯ̄an	每個月	engine-auto	
初 3-4	อยากกลับบ้านทุกเดือน	yak glap baan tuk duean	yākˋ glapˇ bhānˋ tuk~ dhɯ̄an	想每個月回家	engine-auto	
初 3-4	ต้องไปหาหมอทุก ๆ 2 เดือน	tong bpai haa maw tuk song duean	dɔ̄ngˋ bai hāˊ mɔ̄ˊ tuk~ tuk~ 2 dhɯ̄an	每兩個月得去看醫生	engine-auto	
初 3-4	ทุกวัน	tuk wan	tuk~ wan	每天	engine-auto	
初 3-4	ทุกปี	tuk pee	tuk~ bī	每年	engine-auto	
初 3-4	ทุกคน	tuk khon	tuk~ kon	每個人	engine-auto	
初 3-4	ทุกจาน	tuk jaan	tuk~ jān	每一盤	engine-auto	
初 3-4	คิดถึงเธอทุกลมหายใจ	kit teung ter tuk lom hai jai	kit~ tɯngˊ tə̄ tuk~ lom hāiˊ jai	想你（的）每一次呼吸	derived	
初 3-4	ลม	lom	lom	氣 (風)	derived	
初 3-4	หายใจ	hai jai	hāiˊ jai	呼吸	engine-auto	
初 3-4	ลมหายใจ	lom hai jai	lom hāiˊ jai	呼吸 (的氣)	derived	
初 3-4	ไม่หายใจ	mai hai jai	maiˋ hāiˊ jai	不呼吸	engine-auto	
初 3-4	เขาไม่หายใจแล้ว	khao mai hai jai laew	kāuˊ maiˋ hāiˊ jai lɛ̄u~	他不呼吸了	engine-auto	
初 3-4	หายใจเข้า	hai jai khao	hāiˊ jai kāuˋ	吸氣	engine-auto	
初 3-4	หายใจออก	hai jai ok	hāiˊ jai ɔ̄kˇ	吐氣	engine-auto	
初 3-4	บาง	bang	bhāng	某些/有些	engine-auto	
初 3-4	บางคน	bang khon	bhāng kon	有些人	engine-auto	
初 3-4	ที	tee	tī	次	engine-auto	
初 3-4	บางที	bang tee	bhāng tī	有時候	engine-auto	
初 3-4	บางทีว่าง บางทีไม่ว่าง	bang tee wang bang tee mai wang	bhāng tī wāngˋ bhāng tī maiˋ wāngˋ	有時候有空，有時候沒空	engine-auto	
初 3-4	บางที่	bang tee	bhāng tīˋ	有些地方	engine-auto	
初 3-4	บางที่สนุก บางที่ไม่สนุก	bang tee sanuk bang tee mai sanuk	bhāng tīˋ saˇ nuk~ bhāng tīˋ maiˋ saˇ nuk~	有些地方好玩，有些地方不好玩	engine-auto	
初 3-4	บ้าง	bang	bhāngˋ	一些 (用於問句句尾)	engine-auto	
初 3-4	เมื่อวานไปเที่ยวที่ไหนบ้าง	muea wan bpai thiao tee nai bang	mɯ̄aˋ wān bai tīauˋ tīˋ naiˊ bhāngˋ	昨天去（了）哪些地方玩？	engine-auto	
初 3-4	ไปที่ไหนบ้าง	bpai tee nai bang	bai tīˋ naiˊ bhāngˋ	去了哪些地方？	engine-auto	
初 3-4	อะไรบ้าง	arai bang	aˇ rai bhāngˋ	(有) 一些什麼？	engine-auto	
初 3-4	มีเวลาว่างชอบทำอะไรบ้าง	mee wela wang chob tham arai bang	mī wē lā wāngˋ chɔ̄pˋ tam aˇ rai bhāngˋ	有空的時候喜歡做一些什麼？	engine-auto	
初 3-4	กินอะไรบ้าง	kin arai bang	gin aˇ rai bhāngˋ	吃了（一些）什麼？	engine-auto	
初 3-4	หลาย	lai	lāiˊ	好幾	engine-auto	
初 3-4	หลายครั้ง	lai krang	lāiˊ krang~	好幾次	engine-auto	
初 3-4	หลายคน	lai khon	lāiˊ kon	好幾個人	engine-auto	
初 3-4	หลายจาน	lai jaan	lāiˊ jān	好幾碗/盤	engine-auto	
初 3-4	ไปญี่ปุ่นหลายวัน	bpai yi phun lai wan	bai yīˋ bunˇ lāiˊ wan	去日本好幾天	engine-auto	
初 3-4	มาเมืองไทยหลายครั้งแล้ว	maa mueang thai lai krang laew	mā mɯ̄ang tai lāiˊ krang~ lɛ̄u~	來泰國好幾次了	engine-auto	
初 3-4	เอาอย่างละจาน	ao yang la jaan	au yāngˋ la~ jān	各來一盤	engine-auto	
初 3-4	เอาอย่างละขวด	ao yang la khuad	au yāngˋ la~ kūatˇ	各來一瓶	derived	
初 3-4	หลายอย่าง	lai yang	lāiˊ yāngˋ	好幾樣	engine-auto	
初 3-4	ผลไม้	phon la mai	ponˊ mai~	水果	derived	
初 3-4	มีผลไม้หลายอย่าง	mee phon la mai lai yang	mī ponˊ mai~ lāiˊ yāngˋ	有很多種水果	derived	
初 3-4	มีเมียหลายคน	mee mia lai khon	mī mīa lāiˊ kon	有好幾個老婆	engine-auto	
初 3-4	ไม่กี่	mai gee	maiˋ gīˇ	沒幾	engine-auto	
初 3-4	ไม่กี่เดือน	mai gee duean	maiˋ gīˇ dhɯ̄an	沒幾個月	engine-auto	
初 3-4	ผมเรียนภาษาไทยไม่กี่เดือน	phom rian phasa thai mai gee duean	pomˊ rīan pā sāˊ tai maiˋ gīˇ dhɯ̄an	我學泰語沒幾個月 (男性)	engine-auto	
初 3-4	ฉันเรียนภาษาไทยไม่กี่เดือน	chan rian phasa thai mai gee duean	chanˊ rīan pā sāˊ tai maiˋ gīˇ dhɯ̄an	我學泰語沒幾個月 (女性)	engine-auto	
初 3-4	ไม่กี่วัน	mai gee wan	maiˋ gīˇ wan	沒幾天	engine-auto	
初 3-4	เพิ่ง	pheung	pə̄ngˋ	剛/剛剛	engine-auto	
初 3-4	เพิ่งรู้จักกัน	pheung roo jak gan	pə̄ngˋ rū~ jakˇ gan	剛認識	engine-auto	
初 3-4	เพิ่งรู้จักกันไม่กี่วัน	pheung roo jak gan mai gee wan	pə̄ngˋ rū~ jakˇ gan maiˋ gīˇ wan	剛認識沒幾天	engine-auto	
初 3-4	เขาเพิ่งมา	khao pheung maa	kāuˊ pə̄ngˋ mā	他剛來	engine-auto	
初 3-4	เขาเพิ่งไป	khao pheung bpai	kāuˊ pə̄ngˋ bai	他剛走	engine-auto	
初 3-4	ฉันเพิ่งกินข้าว	chan pheung kin khao	chanˊ pə̄ngˋ gin kāuˋ	我剛吃飯	engine-auto	
初 3-4	ไม่กี่พัน	mai gee phan	maiˋ gīˇ pan	沒幾千	engine-auto	
初 3-4	เงินเดือนไม่กี่พัน	ngoen duean mai gee phan	ngə̄n dhɯ̄an maiˋ gīˇ pan	薪水沒幾千	engine-auto	
初 3-4	อาทิตย์หน้าเจอกัน	atit naa joe gan	ā tit~ nāˋ jə̄ gan	下個禮拜見	engine-auto	
初 3-4	วันศุกร์หน้าเจอกัน	wan sook naa joe gan	wan sukˇ nāˋ jə̄ gan	下個星期五見	engine-auto	
初 3-4	วันนี้ขอบคุณทุกคน	wan nee khop khun tuk khon	wan nī~ kɔ̄pˇ kun tuk~ kon	今天謝謝大家	engine-auto	
初 3-4	ขอบคุณค่ะ	khop khun kha	kɔ̄pˇ kun kaˋ	謝謝 (女性)	engine-auto	
初 3-5	ครั้งที่5	khrang thi 5	krang~ tīˋ5	第五堂	engine-auto	
初 3-5	เมื่อวานนี้	muea waan nii	mɯ̄aˋ wān nī~	昨天	engine-auto	
初 3-5	เมื่อวาน	muea waan	mɯ̄aˋ wān	昨天	engine-auto	
初 3-5	เมื่อวานคุณกินอะไร	muea waan khun kin arai	mɯ̄aˋ wān kun gin aˇ rai	昨天你吃什麼？	engine-auto	
初 3-5	เมื่อวานคุณอยู่ไหน	muea waan khun yuu nai	mɯ̄aˋ wān kun yūˋ naiˊ	昨天你在哪裡？	engine-auto	
初 3-5	เธอ	ter	tə̄	你 (用於平輩/晚輩)	engine-auto	
初 3-5	เมื่อวานเธออยู่ไหน	muea waan ter yuu nai	mɯ̄aˋ wān tə̄ yūˋ naiˊ	昨天你在哪裡？	engine-auto	
初 3-5	เมื่อวานอยู่สนามบิน	muea waan yuu sanam bin	mɯ̄aˋ wān yūˋ saˇ nām bhin	昨天在機場	derived	
初 3-5	เมื่อคืนนี้	muea khuen nii	mɯ̄aˋ kɯ̄n nī~	昨晚	engine-auto	
初 3-5	เมื่อคืน	muea khuen	mɯ̄aˋ kɯ̄n	昨晚	engine-auto	
初 3-5	เมื่อคืนฝนตกหนัก	muea khuen fon tok nak	mɯ̄aˋ kɯ̄n fonˊ dokˇ nakˇ	昨晚下大雨	derived	
初 3-5	ฝนตกหนัก	fon tok nak	fonˊ dokˇ nakˇ	下大雨	derived	
初 3-5	เมื่อคืนรถติดมาก	muea khuen rot tit mak	mɯ̄aˋ kɯ̄n rot~ ditˇ mākˋ	昨晚很塞車	engine-auto	
初 3-5	คืนนี้	khuen nii	kɯ̄n nī~	今晚	engine-auto	
初 3-5	ลดราคา	lot raa kha	lot~ rā kā	打折 / 降價	derived	
初 3-5	ลดหน่อยได้ไหม	lot noi dai mai	lot~ nɔ̄iˇ dhaiˋ maiˊ	可以便宜一點嗎？	derived	
初 3-5	คืนนี้Shopeeลดราคา	khuen nii Shopee lot raa kha	kɯ̄n nī~Shopee lot~ rā kā	今晚蝦皮打折	derived	
初 3-5	คืนนี้ไม่ว่าง	khuen nii mai wang	kɯ̄n nī~ maiˋ wāngˋ	今晚沒空	engine-auto	
初 3-5	วันพรุ่งนี้	wan phrung nii	wan prungˋ nī~	明天	engine-auto	
初 3-5	พรุ่งนี้	phrung nii	prungˋ nī~	明天	engine-auto	
初 3-5	พรุ่งนี้ฉันจะไปภาคใต้	phrung nii chan ja pai phak tai	prungˋ nī~ chanˊ jaˇ bai pākˋ daiˋ	明天我要去南部	engine-auto	
初 3-5	พรุ่งนี้เธอจะไปกับฉันไหม	phrung nii ter ja pai kap chan mai	prungˋ nī~ tə̄ jaˇ bai gapˇ chanˊ maiˊ	明天你要跟我去嗎？	engine-auto	
初 3-5	ไปค่ะ/ไป	pai kha / pai	bai kaˋ/bai	去	engine-auto	
初 3-5	ไปไม่ได้	pai mai dai	bai maiˋ dhaiˋ	不能去	engine-auto	
初 3-5	คืนพรุ่งนี้	khuen phrung nii	kɯ̄n prungˋ nī~	明晚	engine-auto	
初 3-5	คืนพรุ่งนี้ถึงเมืองไทย	khuen phrung nii thueng mueang thai	kɯ̄n prungˋ nī~ tɯngˊ mɯ̄ang tai	明晚到泰國	engine-auto	
初 3-5	คืนพรุ่งนี้ไปกินเหล้ากัน	khuen phrung nii pai kin lao kan	kɯ̄n prungˋ nī~ bai gin lāuˋ gan	明晚一起去喝酒	engine-auto	
初 3-5	เหล้า	lao	lāuˋ	酒	engine-auto	
初 3-5	ไปกินเหล้ากัน	pai kin lao kan	bai gin lāuˋ gan	一起去喝酒	engine-auto	
初 3-5	ที่แล้ว	thi laeo	tīˋ lɛ̄u~	上一個	engine-auto	
初 3-5	นี้	nii	nī~	這個	engine-auto	
初 3-5	หน้า	naa	nāˋ	下一個	engine-auto	
初 3-5	วันจันทร์ที่แล้ว	wan chan thi laeo	wan jan tīˋ lɛ̄u~	上週一	derived	
初 3-5	วันอังคารนี้	wan angkhan nii	wan ang kān nī~	這週二	engine-auto	
初 3-5	วันพุธหน้า	wan phut naa	wan put~ nāˋ	下週三	engine-auto	
初 3-5	วันพฤหัสที่แล้ว	wan pharuehat thi laeo	wan prɯ hatˇ tīˋ lɛ̄u~	上週四	derived	
初 3-5	วันศุกร์นี้	wan suk nii	wan sukˇ nī~	這週五	engine-auto	
初 3-5	เสาร์อาทิตย์หน้า	sao athit naa	sāuˊ ā tit~ nāˋ	下週末	engine-auto	
初 3-5	ครั้งที่แล้ว	khrang thi laeo	krang~ tīˋ lɛ̄u~	上一次	engine-auto	
初 3-5	ครั้งที่แล้วไปเมืองไทยสนุกมาก	khrang thi laeo pai mueang thai sanuk mak	krang~ tīˋ lɛ̄u~ bai mɯ̄ang tai saˇ nuk~ mākˋ	上一次去泰國很好玩	engine-auto	
初 3-5	เดือนที่แล้วห้างเพิ่งเปิด	duean thi laeo hang phueng poet	dhɯ̄an tīˋ lɛ̄u~ hāngˋ pə̄ngˋ bə̄tˇ	上個月百貨公司剛開	engine-auto	
初 3-5	เดือนที่แล้ว	duean thi laeo	dhɯ̄an tīˋ lɛ̄u~	上個月	engine-auto	
初 3-5	ห้างเพิ่งเปิด	hang phueng poet	hāngˋ pə̄ngˋ bə̄tˇ	百貨公司剛開	engine-auto	
初 3-5	ห้างเพิ่งเปิดเดือนที่แล้ว	hang phueng poet duean thi laeo	hāngˋ pə̄ngˋ bə̄tˇ dhɯ̄an tīˋ lɛ̄u~	百貨公司上個月剛開	engine-auto	
初 3-5	ปีนี้มีวันหยุดยาวเยอะ	pii nii mii wan yut yao yoe	bī nī~ mī wan yutˇ yāu yə~	今年有很多連假	engine-auto	
初 3-5	วันพุธนี้ต้องไปภาคอีสาน	wan phut nii tong pai phak isan	wan put~ nī~ dɔ̄ngˋ bai pākˋ ī sānˊ	這週三必須去東北部	engine-auto	
初 3-5	เอาน้ำ	ao nam	au nām~	要水	engine-auto	
初 3-5	เอาเผ็ด	ao phet	au petˇ	要辣	engine-auto	
初 3-5	จะ	ja	jaˇ	將要	engine-auto	
初 3-5	ต้อง	tong	dɔ̄ngˋ	必須	engine-auto	
初 3-5	ชาติหน้าขอให้ผมมีเงินเยอะๆ	chat naa kho hai pom mii ngern yoe yoe	chātˋ nāˋ kɔ̄ˊ haiˋ pomˊ mī ngə̄n yə~ yə~	下輩子，請讓我有很多錢	derived	
初 3-5	ป้ายหน้าต้องลงรถ	paai naa tong long rot	bāiˋ nāˋ dɔ̄ngˋ long rot~	下一站必須下車	engine-auto	
初 3-5	ตอนเช้า	ton chao	dɔ̄n chāu~	早上	engine-auto	
初 3-5	ตอนเช้าออกจากบ้านไปทำงาน	ton chao ok chak ban pai tham ngan	dɔ̄n chāu~ ɔ̄kˇ jākˇ bhānˋ bai tam ngān	早上出門去上班	engine-auto	
初 3-5	ตอนเช้ากินอาหารเช้าไหม	ton chao kin ahan chao mai	dɔ̄n chāu~ gin ā hānˊ chāu~ maiˊ	早上吃早餐嗎？	engine-auto	
初 3-5	ตอนเช้าไม่มีเวลากินอาหารเช้า	ton chao mai mii wela kin ahan chao	dɔ̄n chāu~ maiˋ mī wē lā gin ā hānˊ chāu~	早上沒時間吃早餐	engine-auto	
初 3-5	ตอนบ่าย	ton bai	dɔ̄n bhāiˇ	下午	engine-auto	
初 3-5	ตอนบ่ายนอน30นาที	ton bai non 30 nati	dɔ̄n bhāiˇ nɔ̄n30 nā tī	下午睡覺30分鐘	engine-auto	
初 3-5	ตอนบ่ายถ้าว่างก็จะนอน30นาที	ton bai tha wang ko ja non 30 nati	dɔ̄n bhāiˇ tāˋ wāngˋ gɔ̄ˋ jaˇ nɔ̄n30 nā tī	下午如果有空就會睡30分鐘	engine-auto	
初 3-5	ตอนบ่ายข้างนอกร้อนมาก	ton bai khang nok ron mak	dɔ̄n bhāiˇ kāngˋ nɔ̄kˋ rɔ̄n~ mākˋ	下午外面很熱	engine-auto	
初 3-5	ตอนเย็น	ton yen	dɔ̄n yen	傍晚 / 晚上	engine-auto	
初 3-5	ตอนเย็นกลับถึงบ้านคุณทำอะไร	ton yen glap thueng ban khun tham arai	dɔ̄n yen glapˇ tɯngˊ bhānˋ kun tam aˇ rai	晚上回到家，你做什麼？	engine-auto	
初 3-5	ตอนเย็นกลับถึงบ้านดูทีวี	ton yen glap thueng ban duu tee wee	dɔ̄n yen glapˇ tɯngˊ bhānˋ dhū tī wī	傍晚回到家看電視	engine-auto	
初 3-5	ตอนเย็นกลับถึงบ้านอ่านหนังสือ	ton yen glap thueng ban an nang sue	dɔ̄n yen glapˇ tɯngˊ bhānˋ ānˇ nangˊ sɯ̄ˊ	傍晚回到家看書	engine-auto	
初 3-5	ตอนเย็นกลับถึงบ้านเล่นเกม	ton yen glap thueng ban len game	dɔ̄n yen glapˇ tɯngˊ bhānˋ lēnˋ gēm	傍晚回到家玩遊戲	engine-auto	
初 3-5	ข้าวเหนียวหมูปิ้ง	khao niaw mu ping	kāuˋ nīauˊ mūˊ bingˋ	糯米烤肉	engine-auto	
初 3-5	ก๋วยเตี๋ยว	kuay tiao	gūayˊ dīauˊ	粿條 (麵)	derived	
初 3-5	ก๋วยเตี๋ยวน้ำ	kuay tiao nam	gūayˊ dīauˊ nām~	粿條湯	derived	
初 3-5	บะหมี่น้ำ	ba mee nam	bhaˇ mīˇ nām~	麵湯	engine-auto	
初 3-5	ข้าวแกง	khao gaeng	kāuˋ gɛ̄ng	自助餐	engine-auto	
初 3-5	ข้าว	khao	kāuˋ	飯	engine-auto	
初 3-5	แกง	gaeng	gɛ̄ng	辣湯 / 咖哩	engine-auto	
初 3-5	แกงเขียวหวาน	gaeng khiao wan	gɛ̄ng kīauˊ wānˊ	綠咖哩	engine-auto	
初 3-5	อาหารกลางวัน	ahan klang wan	ā hānˊ glāng wan	午餐	engine-auto	
初 3-5	อาหารกลางวันกินข้างบริษัท	ahan klang wan kin khang borisat	ā hānˊ glāng wan gin kāngˋ bhɔ̄ ri~ satˇ	午餐在公司旁邊吃	derived	
初 3-5	อาหารกลางวันกินในห้าง	ahan klang wan kin nai hang	ā hānˊ glāng wan gin nai hāngˋ	午餐在百貨公司裡吃	engine-auto	
初 3-5	อาหารเย็น	ahan yen	ā hānˊ yen	晚餐	engine-auto	
初 3-5	ทุกวันแม่ทำอาหารเย็น	thuk wan mae tham ahan yen	tuk~ wan mɛ̄ˋ tam ā hānˊ yen	每天媽媽做晚餐	engine-auto	
初 3-5	แต่วันนี้พ่อทำอาหารเย็น	tae wan nii pho tham ahan yen	dɛ̄ˇ wan nī~ pɔ̄ˋ tam ā hānˊ yen	但是今天爸爸做晚餐	engine-auto	
初 3-5	ต้นเดือน	ton duean	donˋ dhɯ̄an	月初	derived	
初 3-5	ต้นเดือนรับเงินเดือน	ton duean rap ngern duean	donˋ dhɯ̄an rap~ ngə̄n dhɯ̄an	月初領薪水	derived	
初 3-5	ต้นเดือนกินข้าวข้างนอก	ton duean kin khao khang nok	donˋ dhɯ̄an gin kāuˋ kāngˋ nɔ̄kˋ	月初在外面吃飯	derived	
初 3-5	สิ้นเดือน	sin duean	sinˋ dhɯ̄an	月底 (說法1)	engine-auto	
初 3-5	ปลายเดือน	plai duean	blāi dhɯ̄an	月底 (說法2)	engine-auto	
初 3-5	ปลายเดือนกินดิน	plai duean kin din	blāi dhɯ̄an gin dhin	月底吃土	engine-auto	
初 3-5	ดิน	din	dhin	土	engine-auto	
初 3-5	ที่ดิน	thi din	tīˋ dhin	土地	engine-auto	
初 3-5	สิ้นเดือนกินมาม่า	sin duean kin mama	sinˋ dhɯ̄an gin mā māˋ	月底吃泡麵	engine-auto	
初 3-5	กลางเดือน	klang duean	glāng dhɯ̄an	月中	engine-auto	
初 3-5	กลางเดือนไปภาคกลาง	klang duean pai phak klang	glāng dhɯ̄an bai pākˋ glāng	月中去中部	engine-auto	
初 3-5	กลางเดือนไปหาตายาย	klang duean pai ha ta yaai	glāng dhɯ̄an bai hāˊ dā yāi	月中去找外公外婆	engine-auto	
初 3-5	ปลายปี	plai pii	blāi bī	年底	engine-auto	
初 3-5	ปลายทาง	plai thang	blāi tāng	終點	engine-auto	
初 3-5	สถานีปลายทาง	sathani plai thang	saˇ tāˊ nī blāi tāng	終點站	engine-auto	
初 3-5	ถึงสถานีปลายทางแล้ว	thueng sathani plai thang laeo	tɯngˊ saˇ tāˊ nī blāi tāng lɛ̄u~	到終點站了	engine-auto	
初 3-5	ต้องลงรถแล้ว	tong long rot laeo	dɔ̄ngˋ long rot~ lɛ̄u~	必須下車了	engine-auto	
初 3-5	ถึงสถานีปลายทางแล้วต้องลงรถแล้ว	thueng sathani plai thang laeo tong long rot laeo	tɯngˊ saˇ tāˊ nī blāi tāng lɛ̄u~ dɔ̄ngˋ long rot~ lɛ̄u~	到終點站了，必須下車了	engine-auto	
初 3-5	ทุกวัน	thuk wan	tuk~ wan	每天	engine-auto	
初 3-5	ทำงานทุกวัน	tham ngan thuk wan	tam ngān tuk~ wan	每天工作	engine-auto	
初 3-5	ให้เงินแม่ทุกเดือน	hai ngern mae thuk duean	haiˋ ngə̄n mɛ̄ˋ tuk~ dhɯ̄an	每個月給媽媽錢	engine-auto	
初 3-5	ทุกที่	thuk thi	tuk~ tīˋ	每個地方	engine-auto	
初 3-5	รถติดทุกที่	rot tit thuk thi	rot~ ditˇ tuk~ tīˋ	每個地方都塞車	engine-auto	
初 3-5	บาง	bang	bhāng	有些	engine-auto	
初 3-5	บางร้านขายแพงมาก	bang ran khai phaeng mak	bhāng rān~ kāiˊ pɛ̄ng mākˋ	有些店賣很貴	engine-auto	
初 3-5	บางที่ร้อนมาก	bang thi ron mak	bhāng tīˋ rɔ̄n~ mākˋ	有些地方很熱	engine-auto	
初 3-5	ภาคใต้บางที่ร้อนมาก	phak tai bang thi ron mak	pākˋ daiˋ bhāng tīˋ rɔ̄n~ mākˋ	南部有些地方很熱	engine-auto	
初 3-5	บางคนชอบสีชมพู	bang khon chop si chompuh	bhāng kon chɔ̄pˋ sīˊ chom pū	有些人喜歡粉紅色	derived	
初 3-5	บางคนชอบสีเขียว	bang khon chop si khiao	bhāng kon chɔ̄pˋ sīˊ kīauˊ	有些人喜歡綠色	engine-auto	
初 3-5	บางที	bang thi	bhāng tī	有時候 (說法1)	engine-auto	
初 3-5	บางครั้ง	bang khrang	bhāng krang~	有時候 (說法2)	engine-auto	
初 3-5	บางทีสนุก	bang thi sanuk	bhāng tī saˇ nuk~	有時候好玩	engine-auto	
初 3-5	บางครั้งสนุก	bang khrang sanuk	bhāng krang~ saˇ nuk~	(有時候好玩)	engine-auto	
初 3-5	บางทีอยากนอน	bang thi yak non	bhāng tī yākˋ nɔ̄n	有時候想睡覺	engine-auto	
初 3-5	บางครั้งอยากนอน	bang khrang yak non	bhāng krang~ yākˋ nɔ̄n	(有時候想睡覺)	engine-auto	
初 3-5	บางครั้งอร่อย	bang khrang aroi	bhāng krang~ aˇ rɔ̄iˋ	有時候好吃	engine-auto	
初 3-5	บางครั้งเหนื่อยมาก	bang khrang nuei mak	bhāng krang~ nɯ̄aiˇ mākˋ	有時候很累	engine-auto	
初 3-5	บางครั้งนอนไม่พอ	bang khrang non mai pho	bhāng krang~ nɔ̄n maiˋ pɔ̄	有時候睡不飽	engine-auto	
初 3-5	บางทีว่าง	bang thi wang	bhāng tī wāngˋ	有時候有空	engine-auto	
初 3-5	บางครั้งว่าง	bang khrang wang	bhāng krang~ wāngˋ	(有時候有空)	engine-auto	
初 3-5	บ้าง	bang	bhāngˋ	(疑問句) 哪些	engine-auto	
初 3-5	ครั้งนี้ไปเมืองไทยคุณไปเที่ยวที่ไหนบ้าง	khrang ni pai mueang thai khun pai tiao thi nai bang	krang~ nī~ bai mɯ̄ang tai kun bai tīauˋ tīˋ naiˊ bhāngˋ	這次去泰國，你去了哪些地方玩呢？	engine-auto	
初 3-5	คุณกินอะไรบ้าง	khun kin arai bang	kun gin aˇ rai bhāngˋ	你吃了哪些什麼？	engine-auto	
初 3-5	หลาย	lai	lāiˊ	好幾	engine-auto	
初 3-5	กินข้าวหลายจาน	kin khao lai chan	gin kāuˋ lāiˊ jān	吃好幾盤飯	engine-auto	
初 3-5	มีเมียหลายคน	mii mia lai khon	mī mīa lāiˊ kon	有好幾個老婆	engine-auto	
初 3-5	ผลไม้	phon la mai	ponˊ mai~	水果	derived	
初 3-5	มีผลไม้หลายอย่าง	mii phon la mai lai yang	mī ponˊ mai~ lāiˊ yāngˋ	有好幾樣水果	derived	
初 3-5	ไม่กี่	mai gi	maiˋ gīˇ	沒幾	engine-auto	
初 3-5	ไปเที่ยวไม่กี่วัน	pai tiao mai gi wan	bai tīauˋ maiˋ gīˇ wan	去玩沒幾天	engine-auto	
初 3-5	เพื่อนมาไม่กี่คน	phuean ma mai gi khon	pɯ̄anˋ mā maiˋ gīˇ kon	朋友來沒幾個	engine-auto	
初 3-5	ราคาไม่กี่บาท	raa kha mai gi baht	rā kā maiˋ gīˇ bhātˇ	價格沒幾塊 (泰銖)	engine-auto	
初 3-5	เพิ่งเรียนไม่กี่เดือน	phueng rian mai gi duean	pə̄ngˋ rīan maiˋ gīˇ dhɯ̄an	剛學沒幾個月	engine-auto	
初 3-5	เพิ่งออกไป	phueng ok pai	pə̄ngˋ ɔ̄kˇ bai	剛出去	engine-auto	
初 3-5	เพิ่งออกไปข้างนอก	phueng ok pai khang nok	pə̄ngˋ ɔ̄kˇ bai kāngˋ nɔ̄kˋ	剛出去外面	engine-auto	
初 3-5	เขาเพิ่งโทรมา	khao phueng tho ma	kāuˊ pə̄ngˋ tō mā	他剛打電話來	engine-auto	
初 3-5	เพิ่งซื้อมือถือใหม่	phueng sue mue thue mai	pə̄ngˋ sɯ̄~ mɯ̄ tɯ̄ˊ maiˇ	剛買新手機	engine-auto	
初 3-5	คิดถึง	khit thueng	kit~ tɯngˊ	想念	engine-auto	
初 3-5	ผมคิดถึงคุณ	phom khit thueng khun	pomˊ kit~ tɯngˊ kun	我想你 (男)	engine-auto	
初 3-5	ฉันคิดถึงคุณ	chan khit thueng khun	chanˊ kit~ tɯngˊ kun	我想你 (女)	engine-auto	
初 3-5	ผมคิดถึงคุณทุกวัน	phom khit thueng khun thuk wan	pomˊ kit~ tɯngˊ kun tuk~ wan	我每天都想你 (男)	engine-auto	
初 3-5	หายใจ	haai jai	hāiˊ jai	呼吸	engine-auto	
初 3-5	หายใจเข้า	haai jai khao	hāiˊ jai kāuˋ	吸氣	engine-auto	
初 3-5	หายใจออก	haai jai ok	hāiˊ jai ɔ̄kˇ	吐氣	engine-auto	
初 3-5	หายใจเข้าหายใจออก	haai jai khao haai jai ok	hāiˊ jai kāuˋ hāiˊ jai ɔ̄kˇ	吸氣，吐氣	engine-auto	
初 3-5	หายใจไม่ค่อยออก	haai jai mai khoi ok	hāiˊ jai maiˋ kɔ̄iˋ ɔ̄kˇ	不太能呼吸 / 呼吸不太順暢	engine-auto	
初 3-5	กลางคืน	klang khuen	glāng kɯ̄n	晚上 / 夜晚	engine-auto	
初 3-5	กลางวัน	klang wan	glāng wan	白天	engine-auto	
初 3-5	กลางวันทำงาน	klang wan tham ngan	glāng wan tam ngān	白天工作	engine-auto	
初 3-5	กลางคืนนอน	klang khuen non	glāng kɯ̄n nɔ̄n	晚上睡覺	engine-auto	
初 3-5	หกโมงเช้า	hok mong chao	hokˇ mōng chāu~	早上六點	engine-auto	
初 3-5	โมง	mong	mōng	點 (鐘點)	engine-auto	
初 3-5	เจ็ดโมงเช้า	jet mong chao	jetˇ mōng chāu~	早上七點	engine-auto	
初 3-5	แปดโมงเช้า	paet mong chao	bɛ̄tˇ mōng chāu~	早上八點	engine-auto	
初 3-5	เก้าโมงเช้า	kao mong chao	gāuˋ mōng chāu~	早上九點	engine-auto	
初 3-5	สิบโมงเช้า	sip mong chao	sipˇ mōng chāu~	早上十點	engine-auto	
初 3-5	ออกจากบ้านกี่โมง	ok chak ban gi mong	ɔ̄kˇ jākˇ bhānˋ gīˇ mōng	幾點出門？	engine-auto	
初 3-5	ออกจากบ้านเก้าโมงเช้า	ok chak ban kao mong chao	ɔ̄kˇ jākˇ bhānˋ gāuˋ mōng chāu~	早上九點出門	engine-auto	
初 3-5	สิบเอ็ดโมง	sip et mong	sipˇ etˇ mōng	十一點	engine-auto	
初 3-5	สิบโมง	sip mong	sipˇ mōng	十點	engine-auto	
初 3-5	เที่ยงวัน	thiang wan	tīangˋ wan	中午 / 正午	engine-auto	
初 3-5	เที่ยง	thiang	tīangˋ	中午 / 正午 (簡稱)	engine-auto	
初 3-5	บ่ายหนึ่งโมง	bai nueng mong	bhāiˇ nɯngˇ mōng	下午一點	engine-auto	
初 3-5	บ่าย	bai	bhāiˇ	下午	engine-auto	
初 3-5	บ่ายโมง	bai mong	bhāiˇ mōng	下午一點 (簡稱1)	engine-auto	
初 3-5	บ่ายหนึ่ง	bai nueng	bhāiˇ nɯngˇ	下午一點 (簡稱2)	engine-auto	
初 3-5	บ่ายสองโมง	bai song mong	bhāiˇ sɔ̄ngˊ mōng	下午兩點	engine-auto	
初 3-5	บ่ายสอง	bai song	bhāiˇ sɔ̄ngˊ	下午兩點 (簡稱)	engine-auto	
初 3-5	บ่ายสามโมง	bai sam mong	bhāiˇ sāmˊ mōng	下午三點	engine-auto	
初 3-5	สี่โมงเย็น	si mong yen	sīˇ mōng yen	下午四點	engine-auto	
初 3-5	ห้าโมงเย็น	ha mong yen	hāˋ mōng yen	下午五點	engine-auto	
初 3-5	หกโมงเย็น	hok mong yen	hokˇ mōng yen	晚上六點	engine-auto	
初 3-5	หนึ่งทุ่ม	nueng thum	nɯngˇ tumˋ	晚上七點	engine-auto	
初 3-5	สองทุ่ม	song thum	sɔ̄ngˊ tumˋ	晚上八點	engine-auto	
初 3-5	สามทุ่ม	sam thum	sāmˊ tumˋ	晚上九點	engine-auto	
初 3-5	สี่ทุ่ม	si thum	sīˇ tumˋ	晚上十點	engine-auto	
初 3-5	ห้าทุ่ม	ha thum	hāˋ tumˋ	晚上十一點	engine-auto	
初 3-5	เที่ยงคืน	thiang khuen	tīangˋ kɯ̄n	半夜 / 午夜 (12點)	engine-auto	
初 3-5	นอนกี่โมง	non gi mong	nɔ̄n gīˇ mōng	幾點睡覺？	engine-auto	
初 3-5	นอนเที่ยงคืน	non thiang khuen	nɔ̄n tīangˋ kɯ̄n	半夜睡	engine-auto	
初 3-5	ตีหนึ่ง	ti nueng	dī nɯngˇ	凌晨一點	engine-auto	
初 3-5	ตี	ti	dī	打 / 敲	engine-auto	
初 3-5	ตีสอง	ti song	dī sɔ̄ngˊ	凌晨兩點	engine-auto	
初 3-5	ตีสาม	ti sam	dī sāmˊ	凌晨三點	engine-auto	
初 3-5	ตีสี่	ti si	dī sīˇ	凌晨四點	engine-auto	
初 3-5	ตีห้า	ti ha	dī hāˋ	凌晨五點	engine-auto	
初 3-5	หายใจเข้า	haai jai khao	hāiˊ jai kāuˋ	吸氣	engine-auto	
初 3-5	หายใจออก	haai jai ok	hāiˊ jai ɔ̄kˇ	吐氣	engine-auto	
初 3-5	ทั้งวัน	thang wan	tang~ wan	整天	engine-auto	
初 3-5	ทั้ง	thang	tang~	整	engine-auto	
初 3-5	วัน	wan	wan	天	book-exact	(book-exact已用引擎重新驗證)
初 3-5	ฝนตกทั้งวัน	fon tok thang wan	fonˊ dokˇ tang~ wan	整天都下雨	derived	
初 3-5	ทำงานทั้งวัน	tham ngan thang wan	tam ngān tang~ wan	整天工作	engine-auto	
初 3-5	ทั้งคืน	thang khuen	tang~ kɯ̄n	整夜	engine-auto	
初 3-5	ดูละครไทยทั้งคืน	du lakorn thai thang khuen	dhū la~ kɔ̄n tai tang~ kɯ̄n	看泰劇整夜	derived	
初 3-5	เล่นเกมทั้งคืน	len game thang khuen	lēnˋ gēm tang~ kɯ̄n	玩遊戲整夜	engine-auto	
初 3-5	ทั้งวันทั้งคืน	thang wan thang khuen	tang~ wan tang~ kɯ̄n	整天整夜	engine-auto	
初 3-5	เซเว่นเปิดทั้งวันทั้งคืน	seven poet thang wan thang khuen	sē wēnˋ bə̄tˇ tang~ wan tang~ kɯ̄n	7-11 整天整夜開著	engine-auto	
初 3-5	ครึ่ง	krueng	krɯngˋ	半	engine-auto	
初 3-5	ครึ่งวัน	krueng wan	krɯngˋ wan	半天	engine-auto	
初 3-5	ครึ่งชั่วโมง	krueng chua mong	krɯngˋ chūaˋ mōng	半個小時	engine-auto	
初 3-5	ครึ่งปี	krueng pii	krɯngˋ bī	半年	engine-auto	
初 3-5	ครึ่งแก้ว	krueng kaew	krɯngˋ gɛ̄uˋ	半杯	engine-auto	
初 3-5	ครึ่งขวด	krueng khuat	krɯngˋ kūatˇ	半瓶	derived	
初 3-5	ครึ่งราคา	krueng raa kha	krɯngˋ rā kā	半價	engine-auto	
初 3-5	กลางคืน	klang khuen	glāng kɯ̄n	晚上	engine-auto	
初 3-5	กลางวัน	klang wan	glāng wan	白天	engine-auto	
初 3-5	เช้า	chao	chāu~	早	engine-auto	
初 3-5	ตอนเช้า	ton chao	dɔ̄n chāu~	早上	engine-auto	
初 3-5	เย็น	yen	yen	傍晚	engine-auto	
初 3-5	ตอนเย็น	ton yen	dɔ̄n yen	傍晚 (時段)	engine-auto	
初 3-5	บ่าย	bai	bhāiˇ	下午	engine-auto	
初 3-5	บ่ายหนึ่งโมง	bai nueng mong	bhāiˇ nɯngˇ mōng	下午一點	engine-auto	
初 3-5	บ่ายสองโมง	bai song mong	bhāiˇ sɔ̄ngˊ mōng	下午兩點	engine-auto	
初 3-5	ตอนบ่าย	ton bai	dɔ̄n bhāiˇ	下午 (時段)	engine-auto	
初 3-5	ดึก	duek	dhɯkˇ	深夜 / 晚	engine-auto	
初 3-5	นอนดึก	non duek	nɔ̄n dhɯkˇ	很晚睡	engine-auto	
初 3-5	กลับบ้านดึก	glap ban duek	glapˇ bhānˋ dhɯkˇ	很晚回家	engine-auto	
初 3-5	ดึกๆมีผี	duek duek mii phi	dhɯkˇ dhɯkˇ mī pīˊ	深夜有鬼	engine-auto	
初 3-5	ตอนเที่ยง	ton thiang	dɔ̄n tīangˋ	中午 (時段)	engine-auto	
初 3-5	เที่ยงคืน	thiang khuen	tīangˋ kɯ̄n	半夜 / 午夜	engine-auto	
初 3-5	ศูนย์นาฬิกาศูนย์นาที	suun nalika suun nati	sūnˊ nā li~ gā sūnˊ nā tī	00:00 (零點零分)	engine-auto	
初 3-5	สามนาฬิกาศูนย์นาที	sam nalika suun nati	sāmˊ nā li~ gā sūnˊ nā tī	03:00 (三點零分)	engine-auto	
初 3-5	ตีสาม	ti sam	dī sāmˊ	凌晨三點 (口語)	engine-auto	
初 3-5	เก้านาฬิกาสิบห้านาที	kao nalika sip ha nati	gāuˋ nā li~ gā sipˇ hāˋ nā tī	09:15 (九點十五分)	engine-auto	
初 3-5	เก้าโมงสิบห้านาที	kao mong sip ha nati	gāuˋ mōng sipˇ hāˋ nā tī	早上九點十五分 (口語)	engine-auto	
初 3-5	เที่ยง	thiang	tīangˋ	中午 (12點)	engine-auto	
初 3-5	สิบสองนาฬิกาศูนย์นาที	sip song nalika suun nati	sipˇ sɔ̄ngˊ nā li~ gā sūnˊ nā tī	12:00 (十二點零分)	engine-auto	
初 3-5	สิบเจ็ดนาฬิกาสี่สิบนาที	sip jet nalika si sip nati	sipˇ jetˇ nā li~ gā sīˇ sipˇ nā tī	17:40 (十七點四十分)	engine-auto	
初 3-5	ห้าโมงเย็น	ha mong yen	hāˋ mōng yen	下午五點 (口語)	engine-auto	
初 3-5	ห้าโมงสี่สิบนาที	ha mong si sip nati	hāˋ mōng sīˇ sipˇ nā tī	下午五點四十分 (口語)	engine-auto	
初 3-5	ยี่สิบนาฬิกาศูนย์นาที	yii sip nalika suun nati	yīˋ sipˇ nā li~ gā sūnˊ nā tī	20:00 (二十點零分)	engine-auto	
初 3-5	สองทุ่ม	song thum	sɔ̄ngˊ tumˋ	晚上八點 (口語)	engine-auto	
初 3-5	นาฬิกา	nalika	nā li~ gā	鐘 / 錶	engine-auto	
初 3-5	ใส่นาฬิกา	sai nalika	saiˇ nā li~ gā	戴手錶	engine-auto	
初 3-5	ประมาณ	praman	braˇ mān	大約	engine-auto	
初 3-5	ประมาณแปดโมงเช้า	praman paet mong chao	braˇ mān bɛ̄tˇ mōng chāu~	大約早上八點	engine-auto	
初 3-5	ประมาณสองทุ่ม	praman song thum	braˇ mān sɔ̄ngˊ tumˋ	大約晚上八點	engine-auto	
初 3-5	ตีสี่ครึ่ง	ti si krueng	dī sīˇ krɯngˋ	凌晨四點半	engine-auto	
初 3-5	ประมาณตีสี่ครึ่ง	praman ti si krueng	braˇ mān dī sīˇ krɯngˋ	大約凌晨四點半	engine-auto	
初 3-5	ประมาณสี่โมงครึ่ง	praman si mong krueng	braˇ mān sīˇ mōng krɯngˋ	大約 (下午) 四點半	engine-auto	
初 3-5	ประมาณบ่ายสี่โมงครึ่ง	praman bai si mong krueng	braˇ mān bhāiˇ sīˇ mōng krɯngˋ	大約下午四點半	engine-auto	
初 3-5	ประมาณ16คน	praman 16 khon	braˇ mān16 kon	大約 16 個人	engine-auto	
初 3-5	เกือบ	kueap	gɯ̄apˇ	快要 / 差一點	engine-auto	
初 3-5	เกือบสี่ทุ่มแล้ว	kueap si thum laeo	gɯ̄apˇ sīˇ tumˋ lɛ̄u~	快要 (晚上) 十點了	engine-auto	
初 3-5	รถออกกี่โมง	rot ok gi mong	rot~ ɔ̄kˇ gīˇ mōng	車子幾點開？	engine-auto	
初 3-5	กี่โมง	gi mong	gīˇ mōng	幾點	engine-auto	
初 3-5	เครื่องออกกี่โมง	khrueng ok gi mong	krɯ̄angˋ ɔ̄kˇ gīˇ mōng	飛機幾點起飛？ (เครื่อง = 機器/飛機)	engine-auto	
初 3-5	เครื่องบินออกกี่โมง	khrueng bin ok gi mong	krɯ̄angˋ bhin ɔ̄kˇ gīˇ mōng	飛機幾點起飛？ (เครื่อง บิน = 飛機)	engine-auto	
初 3-5	เครื่องออกตีสาม	khrueng ok ti sam	krɯ̄angˋ ɔ̄kˇ dī sāmˊ	飛機凌晨三點起飛	engine-auto	
初 3-5	12โมง	sip song mong	12 mōng	12點	engine-auto	
初 3-5	อาทิตย์หน้าเจอกันค่ะ	athit naa jer kan kha	ā tit~ nāˋ jə̄ gan kaˋ	下週見 (女)	engine-auto	
初 3-5	วันนี้ขอบคุณทุกคนนะคะ	wan nii khop khun thuk khon na kha	wan nī~ kɔ̄pˇ kun tuk~ kon na~ ka~	今天謝謝大家 (女)	engine-auto	
初 3-6	สบายดีมากเลยนะคะ	sabai di mak loei na kha	saˇ bhāi dhī mākˋ lə̄i na~ ka~	很舒服/很愉快	engine-auto	
初 3-6	ขอบคุณค่ะ	khop khun kha	kɔ̄pˇ kun kaˋ	謝謝	engine-auto	
初 3-6	ครั้งที่หก	khrang thi hok	krang~ tīˋ hokˇ	第六堂 (課)	engine-auto	
初 3-6	สัปดาห์	sapda	sapˇ dhā	上一個禮拜	engine-auto	
初 3-6	กลางวัน	klang wan	glāng wan	白天/白天	engine-auto	
初 3-6	6:00เช้า	6:00 chao	6:00 chāu~	早上六點	engine-auto	
初 3-6	7:00เช้า	7:00 chao	7:00 chāu~	早上七點	engine-auto	
初 3-6	8:00เช้า	8:00 chao	8:00 chāu~	早上八點	engine-auto	
初 3-6	9:00เช้า	9:00 chao	9:00 chāu~	早上九點	engine-auto	
初 3-6	10:00เช้า	10:00 chao	10:00 chāu~	早上十點	engine-auto	
初 3-6	11:00	11:00	11:00	上午十一點	engine-auto	
初 3-6	12:00	12:00	12:00	中午十二點	engine-auto	
初 3-6	เที่ยง	thiang	tīangˋ	正午/中午	engine-auto	
初 3-6	กี่โมง	gi mong	gīˇ mōng	幾點	engine-auto	
初 3-6	พรุ่งนี้เจอกันกี่โมง	phrung nii jer kan gi mong	prungˋ nī~ jə̄ gan gīˇ mōng	明天幾點見	engine-auto	
初 3-6	พรุ่งนี้เจอกัน7:00เช้า	phrung nii jer kan 7:00 chao	prungˋ nī~ jə̄ gan7:00 chāu~	明天早上七點見	engine-auto	
初 3-6	พรุ่งนี้เจอกัน8:00เช้า	phrung nii jer kan 8:00 chao	prungˋ nī~ jə̄ gan8:00 chāu~	明天早上八點見	engine-auto	
初 3-6	คุณออกจากบ้านกี่โมง	khun ok chak ban gi mong	kun ɔ̄kˇ jākˇ bhānˋ gīˇ mōng	你幾點出門	engine-auto	
初 3-6	ออกจากบ้านกี่โมงคะ	ok chak ban gi mong kha	ɔ̄kˇ jākˇ bhānˋ gīˇ mōng ka~	幾點出門	engine-auto	
初 3-6	ไปโรงแรม	pai rong raem	bai rōng rɛ̄m	去飯店	engine-auto	
初 3-6	โรงแรม	rong raem	rōng rɛ̄m	飯店/酒店	engine-auto	
初 3-6	อาหารเช้ากี่โมงถึงกี่โมง	ahan chao gi mong thueng gi mong	ā hānˊ chāu~ gīˇ mōng tɯngˊ gīˇ mōng	早餐幾點到幾點呢	engine-auto	
初 3-6	6:00เช้าถึง10:00เช้า	6:00 chao thueng 10:00 chao	6:00 chāu~ tɯngˊ10:00 chāu~	早上六點到十點	engine-auto	
初 3-6	6:00ถึง10:00	6:00 thueng 10:00	6:00 tɯngˊ10:00	六點到十點	engine-auto	
初 3-6	10:30	10:30	10:30	十點半	engine-auto	
初 3-6	บ่าย1:00โมง	bai 1:00 mong	bhāiˇ1:00 mōng	下午一點	engine-auto	
初 3-6	1:00	1:00	1:00	下午一點	engine-auto	
初 3-6	2:00โมง	2:00 mong	2:00 mōng	下午兩點	engine-auto	
初 3-6	2:00	2:00	2:00	下午兩點	engine-auto	
初 3-6	3:00โมง	3:00 mong	3:00 mōng	下午三點	engine-auto	
初 3-6	4:00เย็น	4:00 yen	4:00 yen	下午四點	engine-auto	
初 3-6	5:00เย็น	5:00 yen	5:00 yen	下午五點	engine-auto	
初 3-6	รถออกกี่โมง	rot ok gi mong	rot~ ɔ̄kˇ gīˇ mōng	車子幾點開	engine-auto	
初 3-6	รถออกกี่โมงครับ	rot ok gi mong khrap	rot~ ɔ̄kˇ gīˇ mōng krap~	車子幾點開	engine-auto	
初 3-6	รถออก1:00โมง	rot ok 1:00 mong	rot~ ɔ̄kˇ1:00 mōng	下午一點開	engine-auto	
初 3-6	รถออก3:00โมง	rot ok 3:00 mong	rot~ ɔ̄kˇ3:00 mōng	車子下午三點開	engine-auto	
初 3-6	รถถึงกี่โมง	rot thueng gi mong	rot~ tɯngˊ gīˇ mōng	車子幾點抵達	engine-auto	
初 3-6	รถถึง6:00เย็น	rot thueng 6:00 yen	rot~ tɯngˊ6:00 yen	車子下午六點抵達	engine-auto	
初 3-6	กลางคืน	klang khuen	glāng kɯ̄n	晚上/夜晚	engine-auto	
初 3-6	6:00เย็น	6:00 yen	6:00 yen	晚上六點	engine-auto	
初 3-6	1:00ทุ่ม	1:00 thum	1:00 tumˋ	晚上七點 (19:00)	engine-auto	
初 3-6	2:00ทุ่ม	2:00 thum	2:00 tumˋ	晚上八點 (20:00)	engine-auto	
初 3-6	3:00ทุ่ม	3:00 thum	3:00 tumˋ	晚上九點 (21:00)	engine-auto	
初 3-6	4:00ทุ่ม	4:00 thum	4:00 tumˋ	晚上十點 (22:00)	engine-auto	
初 3-6	5:00ทุ่ม	5:00 thum	5:00 tumˋ	晚上十一點 (23:00)	engine-auto	
初 3-6	เที่ยงคืน	thiang khuen	tīangˋ kɯ̄n	午夜十二點 (24:00)	engine-auto	
初 3-6	จองนวดกี่โมง	jong nuat gi mong	jɔ̄ng nūatˋ gīˇ mōng	預約按摩幾點	engine-auto	
初 3-6	จองนวด1:00ทุ่ม	jong nuat 1:00 thum	jɔ̄ng nūatˋ1:00 tumˋ	預約按摩七點	engine-auto	
初 3-6	จองนวด3:00ทุ่ม	jong nuat 3:00 thum	jɔ̄ng nūatˋ3:00 tumˋ	預約按摩九點	engine-auto	
初 3-6	เมื่อคืนนี้กลับบ้านกี่โมง	muea khuen nii glap ban gi mong	mɯ̄aˋ kɯ̄n nī~ glapˇ bhānˋ gīˇ mōng	昨晚幾點回家	engine-auto	
初 3-6	เมื่อคืนกลับบ้าน1:00ทุ่ม	muea khuen glap ban 1:00 thum	mɯ̄aˋ kɯ̄n glapˇ bhānˋ1:00 tumˋ	昨晚七點回家	engine-auto	
初 3-6	เมื่อคืนนี้กลับบ้าน5:00ทุ่มครึ่ง	muea khuen nii glap ban 5:00 thum krueng	mɯ̄aˋ kɯ̄n nī~ glapˇ bhānˋ5:00 tumˋ krɯngˋ	昨晚十一點半回家	engine-auto	
初 3-6	1:00	1:00	1:00	凌晨一點 (01:00)	engine-auto	
初 3-6	2:00	2:00	2:00	凌晨兩點 (02:00)	engine-auto	
初 3-6	3:00	3:00	3:00	凌晨三點 (03:00)	engine-auto	
初 3-6	4:00	4:00	4:00	凌晨四點 (04:00)	engine-auto	
初 3-6	5:00	5:00	5:00	凌晨五點 (05:00)	engine-auto	
初 3-6	เมื่อคืนนี้ถึงบ้านกี่โมง	muea khuen nii thueng ban gi mong	mɯ̄aˋ kɯ̄n nī~ tɯngˊ bhānˋ gīˇ mōng	昨晚幾點到家	engine-auto	
初 3-6	เครื่องบินขึ้นกี่โมง	khrueng bin khuen gi mong	krɯ̄angˋ bhin kɯnˋ gīˇ mōng	飛機幾點起飛	engine-auto	
初 3-6	เครื่องบินออกกี่โมง	khrueng bin ok gi mong	krɯ̄angˋ bhin ɔ̄kˇ gīˇ mōng	飛機幾點起飛	engine-auto	
初 3-6	เครื่องบินออก1:00	khrueng bin ok 1:00	krɯ̄angˋ bhin ɔ̄kˇ1:00	飛機凌晨一點起飛	engine-auto	
初 3-6	เครื่องบินออก4:00	khrueng bin ok 4:00	krɯ̄angˋ bhin ɔ̄kˇ4:00	飛機凌晨四點起飛	engine-auto	
初 3-6	เครื่องบินลงกี่โมง	khrueng bin long gi mong	krɯ̄angˋ bhin long gīˇ mōng	飛機幾點降落	engine-auto	
初 3-6	เครื่องบินลง5:00	khrueng bin long 5:00	krɯ̄angˋ bhin long5:00	飛機凌晨五點降落	engine-auto	
初 3-6	เครื่องบินลง6:00เช้า	khrueng bin long 6:00 chao	krɯ̄angˋ bhin long6:00 chāu~	飛機早上六點降落	engine-auto	
初 3-6	11:36นาที	11:36 nati	11:36 nā tī	十一點三十六分	engine-auto	
初 3-6	11:00นาฬิกา36นาที	11:00 nalika 36 nati	11:00 nā li~ gā36 nā tī	十一點三十六分	engine-auto	
初 3-6	11:00นาฬิกา36นาที	11:00 nalika 36 nati	11:00 nā li~ gā36 nā tī	十一點三十六分	engine-auto	
初 3-6	6:42นาที	6:42 nati	6:42 nā tī	六點四十二分	engine-auto	
初 3-6	18:00นาฬิกา42นาที	18:00 nalika 42 nati	18:00 nā li~ gā42 nā tī	18:42	engine-auto	
初 3-6	21:00นาฬิกา19นาที	21:00 nalika 19 nati	21:00 nā li~ gā19 nā tī	21:19	engine-auto	
初 3-6	นาฬิกา	nalika	nā li~ gā	鐘/錶/小時	engine-auto	
初 3-6	นาฬิกาปลุก	nalika pluk	nā li~ gā blukˇ	鬧鐘	engine-auto	
初 3-6	นาฬิกาคุคคู	nalika khuk khu		酷咕鐘 (布穀鐘)	unresolved	英文外來語/正式縮寫/原始資料異常，見全課-仍不確定清單.tsv
初 3-6	นาฬิกาข้อมือ	nalika kho mue	nā li~ gā kɔ̄ˋ mɯ̄	手錶	engine-auto	
初 3-6	กินครึ่งชิ้น	kin krueng chin	gin krɯngˋ chin~	吃半塊	engine-auto	
初 3-6	กินครึ่งชิ้นก็อิ่มแล้ว	kin krueng chin ko im laeo	gin krɯngˋ chin~ gɔ̄ˋ imˇ lɛ̄u~	吃半塊就飽了	engine-auto	
初 3-6	อยู่เมืองไทย2ปีครึ่ง	yuu mueang thai 2 pii krueng	yūˋ mɯ̄ang tai2 bī krɯngˋ	住在泰國兩年半	engine-auto	
初 3-6	ตอนบ่ายหยุดเรียนครึ่งวัน	ton bai yut rian krueng wan	dɔ̄n bhāiˇ yutˇ rīan krɯngˋ wan	下午放學半天	engine-auto	
初 3-6	ครึ่งราคา	krueng raa kha	krɯngˋ rā kā	半價	engine-auto	
初 3-6	ครึ่งแก้ว	krueng kaew	krɯngˋ gɛ̄uˋ	半杯	engine-auto	
初 3-6	ครึ่งชั่วโมง	krueng chua mong	krɯngˋ chūaˋ mōng	半小時	engine-auto	
初 3-6	ประมาณบ่าย4-5โมง	praman bai 4-5 mong	braˇ mān bhāiˇ4-5 mōng	大約下午四五點	engine-auto	
初 3-6	ประมาณ12คน	praman 12 khon	braˇ mān12 kon	大約十二個人	engine-auto	
初 3-6	ร้านปิดประมาณ3:00ทุ่ม	ran pit praman 3:00 thum	rān~ bitˇ braˇ mān3:00 tumˋ	商店大約九點關門	engine-auto	
初 3-6	ร้านปิดกี่โมง	ran pit gi mong	rān~ bitˇ gīˇ mōng	商店幾點關門	engine-auto	
初 3-6	ประมาณ5-6ล้าน	praman 5-6 lan	braˇ mān5-6 lān~	大約五六百萬	engine-auto	
初 3-6	ประมาณ5-6ล้านก็ซื้อได้แล้ว	praman 5-6 lan ko sue dai laeo	braˇ mān5-6 lān~ gɔ̄ˋ sɯ̄~ dhaiˋ lɛ̄u~	大約五六百萬就買得到了	engine-auto	
初 3-6	เกือบ	kueap	gɯ̄apˇ	幾乎/差點	engine-auto	
初 3-6	เกือบ3:00	kueap 3:00	gɯ̄apˇ3:00	幾乎凌晨三點了	engine-auto	
初 3-6	เกือบ3:00ทำไมไม่นอน	kueap 3:00 thammai mai non	gɯ̄apˇ3:00 tam mai maiˋ nɔ̄n	幾乎凌晨三點了，為什麼不睡覺呢	engine-auto	
初 3-6	เกือบ9:00เช้าแล้ว	kueap 9:00 chao laeo	gɯ̄apˇ9:00 chāu~ lɛ̄u~	幾乎早上九點了	engine-auto	
初 3-6	เกือบ2:30โมงครึ่ง	kueap 2:30 mong krueng	gɯ̄apˇ2:30 mōng krɯngˋ	幾乎下午兩點半了	engine-auto	
初 3-6	เกือบ5:00ทุ่มแล้ว	kueap 5:00 thum laeo	gɯ̄apˇ5:00 tumˋ lɛ̄u~	幾乎十一點了	engine-auto	
初 3-6	เกือบเกิดเรื่อง	kueap koet rueang	gɯ̄apˇ gə̄tˇ rɯ̄angˋ	差點出事	engine-auto	
初 3-6	เกือบตาย	kueap tai	gɯ̄apˇ dāi	差點死掉	engine-auto	
初 3-6	อ่านการ์ตูนทั้งวัน	an katoon thang wan	ānˇ gā dūn tang~ wan	整天看漫畫	engine-auto	
初 3-6	ดูการ์ตูนทั้งวัน	du katoon thang wan	dhū gā dūn tang~ wan	整天看卡通	engine-auto	
初 3-6	ฝนตกทั้งวัน	fon tok thang wan	fonˊ dokˇ tang~ wan	整天都下雨	derived	
初 3-6	นอนทั้งวัน	non thang wan	nɔ̄n tang~ wan	整天都睡覺	engine-auto	
初 3-6	ทำงานทั้งวัน	tham ngan thang wan	tam ngān tang~ wan	整天都在工作	engine-auto	
初 3-6	ปวดท้องทั้งคืน	puat thong thang khuen	būatˇ tɔ̄ng~ tang~ kɯ̄n	整晚肚子痛	engine-auto	
初 3-6	เล่นเกมทั้งคืน	len game thang khuen	lēnˋ gēm tang~ kɯ̄n	整晚玩遊戲	engine-auto	
初 3-6	เมื่อคืนเล่นเกมทั้งคืน	muea khuen len game thang khuen	mɯ̄aˋ kɯ̄n lēnˋ gēm tang~ kɯ̄n	昨晚整晚玩遊戲	engine-auto	
初 3-6	คุยกับแฟนทั้งคืน	khui kap faen thang khuen	kui gapˇ fɛ̄n tang~ kɯ̄n	整晚跟男朋友聊天	engine-auto	
初 3-6	ทั้งวันทั้งคืน	thang wan thang khuen	tang~ wan tang~ kɯ̄n	整天整夜	engine-auto	
初 3-6	ทำงานทั้งวันทั้งคืน	tham ngan thang wan thang khuen	tam ngān tang~ wan tang~ kɯ̄n	工作整天整夜	engine-auto	
初 3-6	เหนื่อยมาก	nuei mak	nɯ̄aiˇ mākˋ	很累	engine-auto	
初 3-6	ดึก	duek	dhɯkˇ	晚/遲	engine-auto	
初 3-6	กลับบ้านดึก	glap ban duek	glapˇ bhānˋ dhɯkˇ	晚歸	engine-auto	
初 3-6	ดึกแล้วทำไมไม่กลับบ้าน	duek laeo thammai mai glap ban	dhɯkˇ lɛ̄u~ tam mai maiˋ glapˇ bhānˋ	很晚了，為什麼不回家	engine-auto	
初 3-6	ดึกแล้วทำไมไม่นอน	duek laeo thammai mai non	dhɯkˇ lɛ̄u~ tam mai maiˋ nɔ̄n	很晚了，為什麼不睡覺	engine-auto	
初 3-6	เหนื่อยจะตาย	nuei ja tai	nɯ̄aiˇ jaˇ dāi	累死了	engine-auto	
初 3-6	เหนื่อยตายเลย	nuei tai loei	nɯ̄aiˇ dāi lə̄i	累死了	engine-auto	
初 3-6	สู้สู้นะคะ	suu suu na kha	sūˋ sūˋ na~ ka~	加油/努力	engine-auto	
初 3-6	ผลไม้	phon la mai	ponˊ mai~	水果	derived	
初 3-6	มีผลไม้หลายอย่าง	mii phon la mai lai yang	mī ponˊ mai~ lāiˊ yāngˋ	有很多種水果	derived	
初 3-6	มะพร้าว	maphrao	ma~ prāu~	椰子	engine-auto	
初 3-6	น้ำมะพร้าว	nam maphrao	nām~ ma~ prāu~	椰子水	engine-auto	
初 3-6	น้ำมะพร้าวหวานมาก	nam maphrao wan mak	nām~ ma~ prāu~ wānˊ mākˋ	椰子水很甜	engine-auto	
初 3-6	มะพร้าวเผา	maphrao phao	ma~ prāu~ pāuˊ	烤椰子	engine-auto	
初 3-6	มะม่วง	ma muang	ma~ mūangˋ	芒果	engine-auto	
初 3-6	ข้าวเหนียวมะม่วง	khao niaw ma muang	kāuˋ nīauˊ ma~ mūangˋ	芒果糯米飯	engine-auto	
初 3-6	กะทิ	kati	gaˇ ti~	椰奶	engine-auto	
初 3-6	ไม่เอากะทิ	mai ao kati	maiˋ au gaˇ ti~	不要椰奶	engine-auto	
初 3-6	ไม่ใส่กะทิ	mai sai kati	maiˋ saiˇ gaˇ ti~	不要加椰奶	engine-auto	
初 3-6	น้ำปลาหวาน	nam pla wan	nām~ blā wānˊ	魚露醬/魚露	engine-auto	
初 3-6	มะม่วงน้ำปลาหวาน	ma muang nam pla wan	ma~ mūangˋ nām~ blā wānˊ	芒果魚露醬	engine-auto	
初 3-6	มะนาว	ma nao	ma~ nāu	檸檬	engine-auto	
初 3-6	ชามะนาว	cha ma nao	chā ma~ nāu	檸檬茶	engine-auto	
初 3-6	ชามะนาวไม่หวาน	cha ma nao mai wan	chā ma~ nāu maiˋ wānˊ	檸檬茶不要甜	engine-auto	
初 3-6	มะละกอ	malakor	ma~ la~ gɔ̄	木瓜	engine-auto	
初 3-6	ใช้มะละกอตําส้มตํา	chai malakor tam som tam	chai~ ma~ la~ gɔ̄ dam somˋ dam	用木瓜搗青木瓜沙拉	engine-auto	
初 3-6	มะเขือเทศ	makuea thet	ma~ kɯ̄aˊ tētˋ	蕃茄	engine-auto	
初 3-6	ชอบกินมะเขือเทศไหมคะ	chop kin makuea thet mai kha	chɔ̄pˋ gin ma~ kɯ̄aˊ tētˋ maiˊ ka~	喜歡吃番茄嗎	engine-auto	
初 3-6	มะเขือเทศลูกเล็ก	makuea thet luk lek	ma~ kɯ̄aˊ tētˋ lūkˋ lek~	小番茄	engine-auto	
初 3-6	ซอสมะเขือเทศ	sos makuea thet	sɔ̄tˋ ma~ kɯ̄aˊ tētˋ	番茄醬	engine-auto	
初 3-6	มีซอสมะเขือเทศไหมคะ	mii sos makuea thet mai kha	mī sɔ̄tˋ ma~ kɯ̄aˊ tētˋ maiˊ ka~	有番茄醬嗎	engine-auto	
初 3-6	สับปะรด	sapparot	sapˇ baˇ rot~	鳳梨	derived	
初 3-6	ชอบกินสับปะรดหรือเปล่า	chop kin sapparot rue plao	chɔ̄pˋ gin sapˇ baˇ rot~ rɯ̄ˊ blāuˇ	喜歡吃鳳梨嗎	derived	
初 3-6	น้ำสับปะรด	nam sapparot	nām~ sapˇ baˇ rot~	鳳梨汁	derived	
初 3-6	ข้าวผัดสับปะรด	khao phat sapparot	kāuˋ patˇ sapˇ baˇ rot~	鳳梨炒飯	derived	
初 3-6	อ้อย	oi	ɔ̄iˋ	甘蔗	engine-auto	
初 3-6	น้ำอ้อย	nam oi	nām~ ɔ̄iˋ	甘蔗汁	engine-auto	
初 3-6	อ้อยเข้าปากช้าง	oi khao pak chang	ɔ̄iˋ kāuˋ bākˇ chāng~	有趣的寓言 (象口中的甘蔗)	engine-auto	
初 3-6	คั้น	khan	kan~	榨/擠	engine-auto	
初 3-6	น้ำส้มคั้น2แก้ว	nam som khan 2 kaew	nām~ somˋ kan~2 gɛ̄uˋ	兩杯鮮榨橙汁	engine-auto	
初 3-6	น้ำมะนาวคั้น	nam ma nao khan	nām~ ma~ nāu kan~	榨檸檬汁	engine-auto	
初 3-6	คั้นส้ม	khan som	kan~ somˋ	榨柳丁	engine-auto	
初 3-6	คั้นมะนาว	khan ma nao	kan~ ma~ nāu	榨檸檬	engine-auto	
初 3-6	ส้มโอ	som o	somˋ ō	柚子	engine-auto	
初 3-6	ยำส้มโอ	yam som o	yam somˋ ō	柚子沙拉	engine-auto	
初 3-6	ส้มเช้ง	som cheng	somˋ chēng~	柳丁	engine-auto	
初 3-6	ส้มเช้งเปรี้ยว	som cheng priao	somˋ chēng~ brīauˋ	柳丁是酸的	engine-auto	
初 3-6	ชอบกินน้ำส้มเช้งไหมคะ	chop kin nam som cheng mai kha	chɔ̄pˋ gin nām~ somˋ chēng~ maiˊ ka~	喜歡喝柳丁汁嗎	engine-auto	
初 3-6	กล้วย	kluai	glūayˋ	香蕉	engine-auto	
初 3-6	กล้วย	kluai	glūayˋ	香蕉	engine-auto	
初 3-6	กล้วยที่เมืองไทยถูกมากๆ	kluai thi mueang thai thuk mak mak	glūayˋ tīˋ mɯ̄ang tai tūkˇ mākˋ mākˋ	泰國的香蕉很便宜	engine-auto	
初 3-6	กล้วยทอด	kluai thot	glūayˋ tɔ̄tˋ	炸香蕉	engine-auto	
初 3-6	กล้วยไข่	kluai khai	glūayˋ kaiˇ	香蕉蛋	engine-auto	
初 3-6	กล้วยปิ้ง	kluai ping	glūayˋ bingˋ	烤香蕉	engine-auto	
初 3-6	กล้วยหอม	kluai hom	glūayˋ hɔ̄mˊ	香蕉	engine-auto	
初 3-6	องุ่น	angun	aˇ ngunˋ	葡萄	derived	
初 3-6	องุ่นสีม่วง	angun si muang	aˇ ngunˋ sīˊ mūangˋ	紫色葡萄	derived	
初 3-6	เหล้าองุ่น	lao angun	lāuˋ aˇ ngunˋ	葡萄酒	derived	
初 3-6	ชอบกินเหล้าองุ่นไหมคะ	chop kin lao angun mai kha	chɔ̄pˋ gin lāuˋ aˇ ngunˋ maiˊ ka~	喜歡喝葡萄酒嗎	derived	
初 3-6	น้ำองุ่น	nam angun	nām~ aˇ ngunˋ	葡萄汁	derived	
初 3-6	ฝรั่ง	farang	faˇ rangˋ	芭樂	derived	
初 3-6	ฝรั่งมี2อย่าง	farang mii 2 yang	faˇ rangˋ mī2 yāngˋ	芭樂有兩種意思	derived	
初 3-6	ฝรั่งกินฝรั่ง	farang kin farang	faˇ rangˋ gin faˇ rangˋ	芭樂吃芭樂	derived	
初 3-6	แตงโม	taeng mo	dɛ̄ng mō	西瓜	engine-auto	
初 3-6	แตงโมสีแดง	taeng mo si daeng	dɛ̄ng mō sīˊ dhɛ̄ng	紅西瓜	engine-auto	
初 3-6	แตงโมสีเหลือง	taeng mo si lueang	dɛ̄ng mō sīˊ lɯ̄angˊ	黃西瓜	engine-auto	
初 3-6	น้ำแตงโม	nam taeng mo	nām~ dɛ̄ng mō	西瓜汁	engine-auto	
初 3-6	ชมพู่	chomphu	chom pūˋ	蓮霧	derived	
初 3-6	ชมพู่สีชมพู	chomphu si chomphu	chom pūˋ sīˊ chom pū	粉紅色蓮霧	derived	
初 3-6	ชอบกินที่สุด	chop kin thi sut	chɔ̄pˋ gin tīˋ sutˇ	最喜歡吃	engine-auto	
初 3-6	มังคุด	mangkut	mang kut~	山竹	engine-auto	
初 3-6	ชอบกินมังคุด	chop kin mangkut	chɔ̄pˋ gin mang kut~	喜歡吃山竹	engine-auto	
初 3-6	มังคุดสีม่วง	mangkut si muang	mang kut~ sīˊ mūangˋ	紫色山竹	engine-auto	
初 3-6	ทุเรียน	thurian	tu~ rīan	榴槤	engine-auto	
初 3-6	ทุเรียนทอด	thurian thot	tu~ rīan tɔ̄tˋ	炸榴槤	engine-auto	
初 3-6	ทุเรียนอบแห้ง	thurian op haeng	tu~ rīan opˇ hɛ̄ngˋ	烤乾榴槤	engine-auto	
初 3-6	อบ	op	opˇ	烤/烘	engine-auto	
初 3-6	แห้ง	haeng	hɛ̄ngˋ	乾	engine-auto	
初 3-6	มะม่วงอบแห้ง	ma muang op haeng	ma~ mūangˋ opˇ hɛ̄ngˋ	烤乾芒果	engine-auto	
初 3-6	ขนุน	khanun	kaˇ nun	菠蘿蜜	derived	
初 3-6	ขนุนอบแห้ง	khanun op haeng	kaˇ nun opˇ hɛ̄ngˋ	烤乾菠蘿蜜	derived	
初 3-6	มะขาม	makham	ma~ kāmˊ	羅望果	engine-auto	
初 3-6	ซอสมะขาม	sos makham	sɔ̄tˋ ma~ kāmˊ	羅望果醬	engine-auto	
初 3-6	น้ำมะขาม	nam makham	nām~ ma~ kāmˊ	羅望果汁	engine-auto	
初 3-6	เงาะ	ngo	ngɔ~	紅毛丹	engine-auto	
初 3-6	เงาะกระป๋อง	ngo krapong	ngɔ~ graˇ bɔ̄ngˊ	罐裝紅毛丹	engine-auto	
初 3-6	กระป๋อง	krapong	graˇ bɔ̄ngˊ	罐頭	engine-auto	
初 3-6	ปลากระป๋อง	pla krapong	blā graˇ bɔ̄ngˊ	魚罐頭	engine-auto	
初 3-6	กระป๋องละเท่าไหร่	krapong la thao rai	graˇ bɔ̄ngˊ la~ tāuˋ raiˇ	一罐多少錢	engine-auto	
初 3-6	แก้วมังกร	kaew mangkon	gɛ̄uˋ mang gɔ̄n	火龍果	derived	
初 3-6	มังกร	mangkon	mang gɔ̄n	龍	derived	
初 3-6	กุ้งมังกร	kung mangkon	gungˋ mang gɔ̄n	龍蝦	derived	
初 3-6	ทับทิม	thap thim	tap~ tim	紅寶石 (泰式甜點)	engine-auto	
初 3-6	ทับทิมกรอบ	thap thim krop	tap~ tim grɔ̄pˇ	紅寶石甜點	engine-auto	
初 3-6	กรอบ	krop	grɔ̄pˇ	脆	book-exact	(book-exact已用引擎重新驗證)
初 3-6	ลองกอง	longkong	lɔ̄ng gɔ̄ng	蘭薩果/龍宮果	engine-auto	
初 3-6	เคยกินลองกองไหม	khoei kin longkong mai	kə̄i gin lɔ̄ng gɔ̄ng maiˊ	吃過龍宮果嗎	engine-auto	
初 3-6	เคยเห็น	khoei hen	kə̄i henˊ	看過	engine-auto	
初 3-6	เคยกิน	khoei kin	kə̄i gin	吃過	engine-auto	
初 3-6	เคยไปเมืองไทย	khoei pai mueang thai	kə̄i bai mɯ̄ang tai	去過泰國	engine-auto	
初 3-6	เคยมา	khoei ma	kə̄i mā	來過	engine-auto	
初 3-6	ลิ้นจี่	lin ji	lin~ jīˇ	荔枝	engine-auto	
初 3-6	ลำไย	lam yai	lam yai	龍眼	engine-auto	
初 3-6	สาลี่	sa li	sāˊ līˋ	水梨	engine-auto	
初 3-6	ลูกท้อ	luk tho	lūkˋ tɔ̄~	桃子	engine-auto	
初 3-6	ลูกท้อญี่ปุ่น	luk tho yipun	lūkˋ tɔ̄~ yīˋ bunˇ	日本桃子	engine-auto	
初 3-6	บ๊วย	buai	bhūay~	梅子/李子	engine-auto	
初 3-6	แอปเปิล	apple	ɛ̄pˇ bə̄n	蘋果	engine-auto	
初 3-6	เชอร์รี่	cherry	chə̄ rīˋ	櫻桃	engine-auto	
初 3-6	สตรอว์เบอร์รี่	strawberry	saˇ rɔ̄ bhə̄ rīˋ	草莓	derived	
初 3-6	กีวี่	kiwi	gī wīˋ	奇異果	engine-auto	
初 3-6	อะโวคาโด	avocado	aˇ wō kā dhō	酪梨	engine-auto	
初 3-6	มะยงชิด	ma yong chit	ma~ yong chit~	蠟黃皮/黃色山竹果	derived	
初 3-6	มะม่วงกวน	ma muang kuan	ma~ mūangˋ gūan	芒果乾	derived	
初 3-6	มะปราง	maprang	ma~ brāng	黃皮	engine-auto	
初 3-6	อาทิตย์หน้าเจอกัน	athit naa jer kan	ā tit~ nāˋ jə̄ gan	大家我們下禮拜見	engine-auto	
初 3-7	ถึงเวลาแล้ว	theung wela laeo	tɯngˊ wē lā lɛ̄u~	到時間了	engine-auto	
初 3-7	ถึงเวลาเรียนแล้ว	theung wela rian laeo	tɯngˊ wē lā rīan lɛ̄u~	到上課時間了	engine-auto	
初 3-7	ผลไม้	phonlamai	ponˊ mai~	水果	derived	
初 3-7	ชอบกินผลไม้อะไร	chop kin phonlamai arai	chɔ̄pˋ gin ponˊ mai~ aˇ rai	喜歡吃什麼水果？	derived	
初 3-7	ชอบกินผลไม้อะไรที่สุด	chop kin phonlamai arai thi sut	chɔ̄pˋ gin ponˊ mai~ aˇ rai tīˋ sutˇ	最喜歡吃什麼水果？	derived	
初 3-7	ชอบกินมะม่วงที่สุด	chop kin mamuang thi sut	chɔ̄pˋ gin ma~ mūangˋ tīˋ sutˇ	最喜歡吃芒果	engine-auto	
初 3-7	พวกคุณชอบกินผลไม้อะไรที่สุด	phuak khun chop kin phonlamai arai thi sut	pūakˋ kun chɔ̄pˋ gin ponˊ mai~ aˇ rai tīˋ sutˇ	你們最喜歡吃什麼水果？	derived	
初 3-7	มะพร้าว	maphrao	ma~ prāu~	椰子	engine-auto	
初 3-7	น้ํามะพร้าว	nam maphrao	nam~ ma~ prāu~	椰子水	engine-auto	
初 3-7	กินน้ํามะพร้าว	kin nam maphrao	gin nam~ ma~ prāu~	喝椰子水	engine-auto	
初 3-7	เนื้อมะพร้าว	nuea maphrao	nɯ̄a~ ma~ prāu~	椰子肉	engine-auto	
初 3-7	กินเนื้อมะพร้าว	kin nuea maphrao	gin nɯ̄a~ ma~ prāu~	吃椰子肉	engine-auto	
初 3-7	กินไอติมมะพร้าวดีกว่า	kin aitim maphrao di kwa	gin ai dim ma~ prāu~ dhī gwāˇ	吃椰子冰淇淋比較好	engine-auto	
初 3-7	ข้าวเหนียวมะม่วง	khao niao mamuang	kāuˋ nīauˊ ma~ mūangˋ	芒果糯米	engine-auto	
初 3-7	ข้าวเหนียวมะม่วงอร่อย	khao niao mamuang aroi	kāuˋ nīauˊ ma~ mūangˋ aˇ rɔ̄iˋ	芒果糯米很好吃	engine-auto	
初 3-7	ยิ่งกินยิ่งอ้วน	ying kin ying uan	yingˋ gin yingˋ ūanˋ	越吃越胖	engine-auto	
初 3-7	มะนาว	manao	ma~ nāu	檸檬/酸橙	engine-auto	
初 3-7	เอาน้ํามะนาว	ao nam manao	au nam~ ma~ nāu	我要檸檬汁	engine-auto	
初 3-7	เอาน้ํามะนาว1แก้ว	ao nam manao nueng kaew	au nam~ ma~ nāu1 gɛ̄uˋ	我要一杯檸檬汁	engine-auto	
初 3-7	เอาชามะนาวไม่ใส่น้ําตาล	ao cha manao mai sai namtan	au chā ma~ nāu maiˋ saiˇ nam~ dān	我要不加糖的檸檬茶	engine-auto	
初 3-7	มะละกอ	malako	ma~ la~ gɔ̄	木瓜	engine-auto	
初 3-7	มะละกอลูกละเท่าไหร่	malako luk la thao rai	ma~ la~ gɔ̄ lūkˋ la~ tāuˋ raiˇ	木瓜一顆多少錢？	engine-auto	
初 3-7	มะละกอชิ้นละเท่าไหร่	malako chin la thao rai	ma~ la~ gɔ̄ chin~ la~ tāuˋ raiˇ	木瓜一塊多少錢？	engine-auto	
初 3-7	ชิ้นละ10บาท	chin la sip baht	chin~ la~10 bhātˇ	一塊十泰銖	engine-auto	
初 3-7	ถุงละเท่าไหร่	thung la thao rai	tungˊ la~ tāuˋ raiˇ	一袋多少錢？	engine-auto	
初 3-7	มะเขือเทศ	makhuea thet	ma~ kɯ̄aˊ tētˋ	番茄	engine-auto	
初 3-7	ซอสมะเขือเทศมีหลายยี่ห้อ	sot makhuea thet mi lai yiho	sɔ̄tˋ ma~ kɯ̄aˊ tētˋ mī lāiˊ yīˋ hɔ̄ˋ	番茄醬有很多牌子	engine-auto	
初 3-7	มะเขือ	makhuea	ma~ kɯ̄aˊ	茄子	engine-auto	
初 3-7	สับปะรด	sapparot	sapˇ baˇ rot~	鳳梨	derived	
初 3-7	สับปะรดลูกเล็ก	sapparot luk lek	sapˇ baˇ rot~ lūkˋ lek~	小顆的鳳梨	derived	
初 3-7	สับปะรดลูกเล็กแต่หวาน	sapparot luk lek tae wan	sapˇ baˇ rot~ lūkˋ lek~ dɛ̄ˇ wānˊ	小顆的鳳梨但是很甜	derived	
初 3-7	สับปะรดถุงละเท่าไหร่	sapparot thung la thao rai	sapˇ baˇ rot~ tungˊ la~ tāuˋ raiˇ	一袋鳳梨多少錢？	derived	
初 3-7	อ้อย	oi	ɔ̄iˋ	甘蔗	engine-auto	
初 3-7	อ้อยเอาไปทําน้ําตาลได้	oi ao pai tam namtan dai		甘蔗可以拿去做糖	unresolved	英文外來語/正式縮寫/原始資料異常，見全課-仍不確定清單.tsv
初 3-7	ไม่ใส่น้ําตาล	mai sai namtan	maiˋ saiˇ nam~ dān	不加糖	engine-auto	
初 3-7	ส้ม	som	somˋ	橘子	engine-auto	
初 3-7	เมื่อวานผมกินน้ําส้มคั้นหลายขวด	muea wan phom kin nam som khan lai khuad	mɯ̄aˋ wān pomˊ gin nam~ somˋ kan~ lāiˊ kūatˇ	昨天我喝了好幾瓶現榨橘子汁	derived	
初 3-7	ส้มโอ	som o	somˋ ō	柚子	engine-auto	
初 3-7	เนื้อส้มโอข้างในก็มีสีแดง	nuea som o khang nai ko mi si daeng	nɯ̄a~ somˋ ō kāngˋ nai gɔ̄ˋ mī sīˊ dhɛ̄ng	裡面也有紅色	engine-auto	
初 3-7	เนื้อส้มโอ	nuea som o	nɯ̄a~ somˋ ō	橘子的果肉	engine-auto	
初 3-7	ส้มเช้ง	som cheng	somˋ chēng~	柑橘/甜橙	engine-auto	
初 3-7	ส้มเช้งของภาคกลางหวานมาก	som cheng khong phak klang wan mak	somˋ chēng~ kɔ̄ngˊ pākˋ glāng wānˊ mākˋ	中部的甜橙很甜	engine-auto	
初 3-7	กล้วย	kluai	glūayˋ	香蕉	engine-auto	
初 3-7	กล้วยหอม	kluai hom	glūayˋ hɔ̄mˊ	香蕉	engine-auto	
初 3-7	กล้วยทอด	kluai thot	glūayˋ tɔ̄tˋ	炸香蕉	engine-auto	
初 3-7	เคยกินกล้วยทอดไหมคะ	khoe-i kin kluai thot mai ka	kə̄i gin glūayˋ tɔ̄tˋ maiˊ ka~	你吃過炸香蕉嗎？	engine-auto	
初 3-7	กล้วยปิ้ง	kluai ping	glūayˋ bingˋ	烤香蕉	engine-auto	
初 3-7	กล้วยย่าง	kluai yang	glūayˋ yāngˋ	烤香蕉	engine-auto	
初 3-7	องุ่น	ongun	aˇ ngunˋ	葡萄	derived	
初 3-7	คุณชอบกินองุ่นสีอะไร	khun chop kin ongun si arai	kun chɔ̄pˋ gin aˇ ngunˋ sīˊ aˇ rai	你喜歡吃什麼顏色的葡萄？	derived	
初 3-7	ฝรั่ง	farang	faˇ rangˋ	芭樂/番石榴	derived	
初 3-7	ฝรั่งกิโลละเท่าไหร่	farang kilo la thao rai	faˇ rangˋ giˇ lō la~ tāuˋ raiˇ	芭樂一公斤多少錢？	derived	
初 3-7	ฝรั่ง	farang	faˇ rangˋ	外國人	derived	
初 3-7	ฝรั่งชอบไปเที่ยววัดพระแก้ว	farang chop pai thiao wat phra kae-o	faˇ rangˋ chɔ̄pˋ bai tīauˋ wat~ pra~ gɛ̄uˋ	外國人喜歡去玉佛寺觀光	derived	
初 3-7	แตงโม	taeng mo	dɛ̄ng mō	西瓜	engine-auto	
初 3-7	แตงโมไต้หวันลูกใหญ่	taeng mo taiwan luk yai	dɛ̄ng mō daiˋ wanˊ lūkˋ yaiˇ	臺灣西瓜很大顆	engine-auto	
初 3-7	แตงโมเมืองไทยลูกเล็ก	taeng mo mueang thai luk lek	dɛ̄ng mō mɯ̄ang tai lūkˋ lek~	泰國西瓜很小顆	engine-auto	
初 3-7	แตงโมอ่อน	taeng mo on	dɛ̄ng mō ɔ̄nˇ	生西瓜	engine-auto	
初 3-7	แกงส้ม	kaeng som	gɛ̄ng somˋ	泰國人拿來煮酸辣湯	engine-auto	
初 3-7	ชมพู่	chomphu	chom pūˋ	蓮霧	derived	
初 3-7	ชมพู่สีเขียวหวานกว่า	chomphu si khiao wan kwa	chom pūˋ sīˊ kīauˊ wānˊ gwāˇ	綠色蓮霧比較甜	derived	
初 3-7	มังคุด	mangkut	mang kut~	山竹	engine-auto	
初 3-7	มังคุดบางลูกเปรี้ยว	mangkut bang luk priao	mang kut~ bhāng lūkˋ brīauˋ	有些山竹是酸的。	engine-auto	
初 3-7	มังคุดบางลูกหวาน	mangkut bang luk wan	mang kut~ bhāng lūkˋ wānˊ	有些山竹是甜的。	engine-auto	
初 3-7	ทุเรียน	thurian	tu~ rīan	榴槤	engine-auto	
初 3-7	ทุกปีทุเรียนไทยส่งออกประมาณแสนล้านบาท	thuk pi thurian thai song ok praman saen lan baht	tuk~ bī tu~ rīan tai songˇ ɔ̄kˇ braˇ mān sɛ̄nˊ lān~ bhātˇ	每年泰國榴槤出口約十億泰銖。	derived	
初 3-7	ขนุน	khanun	kaˇ nun	波羅蜜	derived	
初 3-7	ภาคใต้ของไต้หวันก็มีขนุน	phak tai khong taiwan ko mi khanun	pākˋ daiˋ kɔ̄ngˊ daiˋ wanˊ gɔ̄ˋ mī kaˇ nun	臺灣南部也有波羅蜜。	derived	
初 3-7	เงาะ	ngo	ngɔ~	紅毛丹	engine-auto	
初 3-7	เสียดายไต้หวันไม่มีเงาะขาย	sia dai taiwan mai mi ngo khai	sīaˊ dhāi daiˋ wanˊ maiˋ mī ngɔ~ kāiˊ	可惜臺灣沒有紅毛丹販售。	engine-auto	
初 3-7	แก้วมังกร	kaeo mangkon	gɛ̄uˋ mang gɔ̄n	火龍果	derived	
初 3-7	ข้างในเป็นสีแดง	khang nai pen si daeng	kāngˋ nai ben sīˊ dhɛ̄ng	裡面是紅色的	engine-auto	
初 3-7	ข้างในเป็นสีแดงหรือสีขาว	khang nai pen si daeng rue si khao	kāngˋ nai ben sīˊ dhɛ̄ng rɯ̄ˊ sīˊ kāuˊ	裡面是紅色或是白色的。	engine-auto	
初 3-7	เขาเกิดปีมังกร	khao koet pi mangkon	kāuˊ gə̄tˇ bī mang gɔ̄n	他是屬龍的	derived	
初 3-7	กุ้งมังกรตัวใหญ่แพงไหม	kung mangkon tua yai phaeng mai	gungˋ mang gɔ̄n dūa yaiˇ pɛ̄ng maiˊ	大隻龍蝦貴嗎？	derived	
初 3-7	มะขาม	makham	ma~ kāmˊ	羅望子	engine-auto	
初 3-7	มีใครเคยกินมะขามไหม	mi khrai khoei kin makham mai	mī krai kə̄i gin ma~ kāmˊ maiˊ	有人吃過羅望子嗎？	engine-auto	
初 3-7	ลองกอง	longkong	lɔ̄ng gɔ̄ng	龍功	engine-auto	
初 3-7	ลองกองไม่ใช่ลําไย	longkong mai chai lamyai	lɔ̄ng gɔ̄ng maiˋ chaiˋ lam yai	龍功不是龍眼。	engine-auto	
初 3-7	ทับทิม	thapthim	tap~ tim	紅石榴	engine-auto	
初 3-7	ทับทิมกรอบ	thapthim krop	tap~ tim grɔ̄pˇ	紅石榴甜點	engine-auto	
初 3-7	กินทับทิมทําให้ผิวสวย	kin thapthim tham hai phiu suai	gin tap~ tim tam haiˋ piwˊ sūayˊ	吃紅石榴會讓皮膚變漂亮。	engine-auto	
初 3-7	ขนุนอบแห้ง	khanun op haeng	kaˇ nun opˇ hɛ̄ngˋ	波羅蜜乾	derived	
初 3-7	ทุเรียนอบแห้ง	thurian op haeng	tu~ rīan opˇ hɛ̄ngˋ	榴槤乾	engine-auto	
初 3-7	มะม่วงอบแห้ง	mamuang op haeng	ma~ mūangˋ opˇ hɛ̄ngˋ	芒果乾	engine-auto	
初 3-7	เคยกินไหม	khoe-i kin mai	kə̄i gin maiˊ	你吃過嗎？	engine-auto	
初 3-7	เคยเรียนไหม	khoe-i rian mai	kə̄i rīan maiˊ	你學過嗎？	engine-auto	
初 3-7	เคยไปไหม	khoe-i pai mai	kə̄i bai maiˊ	你去過嗎？	engine-auto	
初 3-7	เคยมาไหมครับ	khoe-i ma mai khrab	kə̄i mā maiˊ krap~	你來過嗎？	engine-auto	
初 3-7	เคยใช้ไหม	khoe-i chai mai	kə̄i chai~ maiˊ	你用過嗎？	engine-auto	
初 3-7	เคยซื้อไหมครับ	khoe-i seu mai khrab	kə̄i sɯ̄~ maiˊ krap~	你買過嗎？	engine-auto	
初 3-7	สาย	sai	sāiˊ	條	engine-auto	
初 3-7	ถนนสายนี้	thanon sai ni	taˇ non sāiˊ nī~	這條馬路	derived	
初 3-7	ถนนสายนี้ยาวมาก	thanon sai ni yao mak	taˇ non sāiˊ nī~ yāu mākˋ	這條馬路很長	derived	
初 3-7	สายสีแดง	sai si daeng	sāiˊ sīˊ dhɛ̄ng	紅線	engine-auto	
初 3-7	แม่น้ำสายนี้	mae nam sai ni	mɛ̄ˋ nām~ sāiˊ nī~	這條河	engine-auto	
初 3-7	สองข้างทาง	song khang thang	sɔ̄ngˊ kāngˋ tāng	兩邊	engine-auto	
初 3-7	ต้นไม้	ton mai	donˋ mai~	樹	derived	
初 3-7	ต้นไม้	ton mai	donˋ mai~	樹木	derived	
初 3-7	สองข้างทางมีต้นไม้เยอะ	song khang thang mi ton mai yoe	sɔ̄ngˊ kāngˋ tāng mī donˋ mai~ yə~	兩邊有很多樹	derived	
初 3-7	มีร้านอาหารเยอะ	mi ran ahan yoe	mī rān~ ā hānˊ yə~	兩邊有很多餐廳	engine-auto	
初 3-7	ข้างทาง	khang thang	kāngˋ tāng	路邊	engine-auto	
初 3-7	ทางออก	thang ok	tāng ɔ̄kˇ	出口	engine-auto	
初 3-7	วันลอยกระทง	wan loi krathong	wan lɔ̄i graˇ tong	水燈節	derived	
初 3-7	ลอย	loi	lɔ̄i	浮/飄	engine-auto	
初 3-7	กระทง	krathong	graˇ tong	水燈	derived	
初 3-7	ใบ	bai	bhai	樹葉	engine-auto	
初 3-7	ใบตอง	bai tong	bhai dɔ̄ng	香蕉葉	engine-auto	
初 3-7	ใช้ใบตองทำกระทง	chai bai tong tham krathong	chai~ bhai dɔ̄ng tam graˇ tong	使用香蕉葉做水燈	derived	
初 3-7	ขี้เกียจ	khi kiat	kīˋ gīatˇ	懶惰	engine-auto	
初 3-7	ปอก	pok	bɔ̄kˇ	剝	engine-auto	
初 3-7	เปลือก	plueak	blɯ̄akˇ	皮（水果）	engine-auto	
初 3-7	เปลือกสับปะรด	plueak sapparot	blɯ̄akˇ sapˇ baˇ rot~	鳳梨皮	derived	
初 3-7	ปอกเปลือกยาก	pok plueak yak	bɔ̄kˇ blɯ̄akˇ yākˋ	剝皮很難	engine-auto	
初 3-7	ขับรถไปเอง	khab rot pai eng	kapˇ rot~ bai ēng	自己開車去	engine-auto	
初 3-7	ขับรถเป็นไหม	khab rot pen mai	kapˇ rot~ ben maiˊ	你會開車嗎	engine-auto	
初 3-7	คุณขับรถเป็นไหม	khun khab rot pen mai	kun kapˇ rot~ ben maiˊ	你會開車嗎	engine-auto	
初 3-7	ฉันขับรถเป็น	chan khab rot pen	chanˊ kapˇ rot~ ben	我會開車	engine-auto	
初 3-7	ฉันขับรถไม่เป็น	chan khab rot mai pen	chanˊ kapˇ rot~ maiˋ ben	我不會開車	engine-auto	
初 3-7	ต้นมะพร้าว	ton maphrao	donˋ ma~ prāu~	椰子樹	derived	
初 3-7	ต้นมะม่วง	ton mamuang	donˋ ma~ mūangˋ	芒果樹	derived	
初 3-7	ต้นมะละกอ	ton malako	donˋ ma~ la~ gɔ̄	木瓜樹	derived	
初 3-7	ต้นกล้วย	ton kluai	donˋ glūayˋ	香蕉樹	derived	
初 3-7	ต้นนี้ต้นอะไร	ton ni ton arai	donˋ nī~ donˋ aˇ rai	這是什麼樹	derived	
初 3-7	ใบไม้	bai mai	bhai mai~	葉子	engine-auto	
初 3-7	ไม้	mai	mai~	木頭	engine-auto	
初 3-7	ใบชา	bai cha	bhai chā	茶葉	engine-auto	
初 3-7	ใบบัว	bai bua	bhai bhūa	蓮花葉/荷花葉	engine-auto	
初 3-7	ใบตอง	bai tong	bhai dɔ̄ng	香蕉葉	engine-auto	
初 3-7	ใบมะกรูด	bai makrut	bhai ma~ grūtˇ	檸檬葉	engine-auto	
初 3-7	ไก่ห่อใบเตย	gai ho bai toei	gaiˇ hɔ̄ˇ bhai də̄i	雞肉裹香蘭葉	engine-auto	
初 3-7	ห่อ	ho	hɔ̄ˇ	裹/包	engine-auto	
初 3-7	ใบเตย	bai toei	bhai də̄i	香蘭葉	engine-auto	
初 3-7	น้ำใบเตย	nam bai toei	nām~ bhai də̄i	香蘭葉汁	engine-auto	
初 3-7	สังขยาใบเตย	sangkaya bai toei	sangˊ kaˇ yāˊ bhai də̄i	香蘭葉醬	derived	
初 3-7	ดอกไม้	dok mai	dhɔ̄kˇ mai~	花	engine-auto	
初 3-7	ดอกบัว	dok bua	dhɔ̄kˇ bhūa	蓮花	engine-auto	
初 3-7	ดอกอัญชัน	dok anchan	dhɔ̄kˇ an chan	蝶豆花	engine-auto	
初 3-7	ดอกกุหลาบ	dok kulap	dhɔ̄kˇ guˇ lāpˇ	玫瑰花	engine-auto	
初 3-7	ดอกกล้วยไม้	dok kluai mai	dhɔ̄kˇ glūayˋ mai~	蘭花	engine-auto	
初 3-7	นี่ดอกอะไร	ni dok arai	nīˋ dhɔ̄kˇ aˇ rai	這是什麼花	engine-auto	
初 3-7	ดอกมะลิ	dok mali	dhɔ̄kˇ ma~ li~	茉莉花	engine-auto	
初 3-7	วันแม่	wan mae	wan mɛ̄ˋ	泰國的母親節	engine-auto	
初 3-7	ปลูก	pluk	blūkˇ	種植	engine-auto	
初 3-7	ปลูกข้าว	pluk khao	blūkˇ kāuˋ	種稻	engine-auto	
初 3-7	ปลูกต้นไม้	pluk ton mai	blūkˇ donˋ mai~	種樹	derived	
初 3-7	ปลูกดอกไม้	pluk dok mai	blūkˇ dhɔ̄kˇ mai~	種花	engine-auto	
初 3-7	ปลูกตะไคร้	pluk takhai	blūkˇ daˇ krai~	種香茅	engine-auto	
初 3-7	ตะไคร้	takhai	daˇ krai~	香茅	engine-auto	
初 3-7	น้ำตะไคร้	nam takhai	nām~ daˇ krai~	香茅水	engine-auto	
初 3-7	ปลูกผักกินเอง	pluk phak kin eng	blūkˇ pakˇ gin ēng	自己種菜來吃	engine-auto	
初 3-7	เปลือกกล้วย	plueak kluai	blɯ̄akˇ glūayˋ	香蕉皮	engine-auto	
初 3-7	เปลือกส้มโอ	plueak som o	blɯ̄akˇ somˋ ō	柚子皮	engine-auto	
初 3-7	เมล็ดแตงโม	malet taeng mo	ma~ let~ dɛ̄ng mō	西瓜籽	derived	
初 3-7	เมล็ดองุ่น	malet ongun	ma~ let~ aˇ ngunˋ	葡萄籽	derived	
初 3-7	ไม่มีเมล็ด	mai mi malet	maiˋ mī ma~ let~	沒有籽	derived	
初 3-7	เมล็ดกาแฟ	malet kafae	ma~ let~ gā fɛ̄	咖啡豆	derived	
初 3-7	ปั่น	pan	banˇ	冰沙/打成果汁	engine-auto	
初 3-7	มะนาวปั่น	manao pan	ma~ nāu banˇ	檸檬冰沙	engine-auto	
初 3-7	มะม่วงปั่น	mamuang pan	ma~ mūangˋ banˇ	芒果冰沙	engine-auto	
初 3-7	ส้มปั่น	som pan	somˋ banˇ	橘子冰沙	engine-auto	
初 3-7	แตงโมปั่น	taeng mo pan	dɛ̄ng mō banˇ	西瓜冰沙	engine-auto	
初 3-7	สับปะรดปั่น	sapparot pan	sapˇ baˇ rot~ banˇ	鳳梨冰沙	derived	
初 3-7	ชาเย็นปั่น	cha yen pan	chā yen banˇ	泰式奶茶冰沙	engine-auto	
初 3-7	กาแฟปั่น	kafae pan	gā fɛ̄ banˇ	咖啡冰沙	engine-auto	
初 3-7	เหนือ	nuea	nɯ̄aˊ	北部	engine-auto	
初 3-7	ภาคเหนือ	phak nuea	pākˋ nɯ̄aˊ	北部	engine-auto	
初 3-7	เชียงใหม่	chiangmai	chīang maiˇ	清邁	engine-auto	
初 3-7	เชียงราย	chiangrai	chīang rāi	清萊	engine-auto	
初 3-7	ลำปาง	lampang	lam bāng	南邦	engine-auto	
初 3-7	อยู่ภาคเหนือ	yu phak nuea	yūˋ pākˋ nɯ̄aˊ	位於北部	engine-auto	
初 3-7	เชียงใหม่อยู่ภาคเหนือ	chiangmai yu phak nuea	chīang maiˇ yūˋ pākˋ nɯ̄aˊ	清邁位於北部	engine-auto	
初 3-7	เชียงรายอยู่ภาคเหนือ	chiangrai yu phak nuea	chīang rāi yūˋ pākˋ nɯ̄aˊ	清萊位於北部	engine-auto	
初 3-7	ลำปางอยู่ภาคเหนือ	lampang yu phak nuea	lam bāng yūˋ pākˋ nɯ̄aˊ	南邦位於北部	engine-auto	
初 3-7	ทั้งหมด	thang mot	tang~ motˇ	全部	derived	
初 3-7	มีสวนลำไย	mi suan lamyai	mī sūanˊ lam yai	有龍眼園	engine-auto	
初 3-7	สวน	suan	sūanˊ	果園/菜園	engine-auto	
初 3-7	ลำไย	lamyai	lam yai	龍眼	engine-auto	
初 3-7	ลิ้นจี่	linji	lin~ jīˇ	荔枝	engine-auto	
初 3-7	มีสวนลำไยเยอะ	mi suan lamyai yoe	mī sūanˊ lam yai yə~	有很多龍眼園	engine-auto	
初 3-7	มีสวนลิ้นจี่เยอะ	mi suan linji yoe	mī sūanˊ lin~ jīˇ yə~	有很多荔枝園	engine-auto	
初 3-7	ใต้	tai	daiˋ	南部	engine-auto	
初 3-7	ภาคใต้	phak tai	pākˋ daiˋ	南部	engine-auto	
初 3-7	ภูเก็ต	phuket	pū getˇ	普吉	engine-auto	
初 3-7	พังงา	phangnga	pang ngā	攀牙	engine-auto	
初 3-7	เกาะ	ko	gɔˇ	龜	engine-auto	
初 3-7	เกาะสมุย	ko samui	gɔˇ saˇ mui	蘇美島	derived	
初 3-7	ภูเก็ตอยู่ภาคใต้	phuket yu phak tai	pū getˇ yūˋ pākˋ daiˋ	普吉位於南部	engine-auto	
初 3-7	พังงาอยู่ภาคใต้	phangnga yu phak tai	pang ngā yūˋ pākˋ daiˋ	攀牙位於南部	engine-auto	
初 3-7	เกาะสมุยอยู่ภาคใต้	ko samui yu phak tai	gɔˇ saˇ mui yūˋ pākˋ daiˋ	蘇美島位於南部	derived	
初 3-7	สี่จังหวัดภาคใต้มีมุสลิมเยอะ	si changwat phak tai mi muslim yoe	sīˇ jang watˇ pākˋ daiˋ mī mu~ saˇ lim yə~	南部有四個府有很多穆斯林	derived	
初 3-7	จังหวัด	changwat	jang watˇ	府	engine-auto	
初 3-7	มุสลิม	muslim	mu~ saˇ lim	穆斯林	derived	
初 3-7	จังหวัดเชียงใหม่	changwat chiangmai	jang watˇ chīang maiˇ	清邁府	engine-auto	
初 3-7	จังหวัดเชียงราย	changwat chiangrai	jang watˇ chīang rāi	清萊府	engine-auto	
初 3-7	จังหวัดภูเก็ต	changwat phuket	jang watˇ pū getˇ	普吉府	engine-auto	
初 3-7	จังหวัดสงขลา	changwat songkhla	jang watˇ songˊ klāˊ	宋卡府	derived	
初 3-7	ภาคกลาง	phak klang	pākˋ glāng	中部	engine-auto	
初 3-7	กรุงเทพ	krungthep	grung tēpˋ	曼谷	engine-auto	
初 3-7	กรุงเทพอยู่ภาคกลาง	krungthep yu phak klang	grung tēpˋ yūˋ pākˋ glāng	曼谷位於中部	engine-auto	
初 3-7	สุโขทัย	sukhothai	suˇ kōˊ tai	素可泰	engine-auto	
初 3-7	สุโขทัยอยู่ภาคกลาง	sukhothai yu phak klang	suˇ kōˊ tai yūˋ pākˋ glāng	素可泰位於中部	engine-auto	
初 3-7	อยุธยา	ayutthaya	aˇ yu~ ta~ yā	大城	derived	
初 3-7	อยุธยาอยู่ภาคกลาง	ayutthaya yu phak klang	aˇ yu~ ta~ yā yūˋ pākˋ glāng	大城位於中部	derived	
初 3-7	เกาะช้าง	ko chang	gɔˇ chāng~	象島	engine-auto	
初 3-7	ช้าง	chang	chāng~	象	engine-auto	
初 3-7	อยู่ภาคตะวันออก	yu phak tawan ok	yūˋ pākˋ daˇ wan ɔ̄kˇ	位於東部	engine-auto	
初 3-7	ชลบุรี	chonburi	chon bhuˇ rī	春武里府	derived	
初 3-7	ทั้งและ	thang lae	tang~ lɛ~	兩者都	engine-auto	
初 3-7	ภาษาจีนกลาง	phasa jin klang	pā sāˊ jīn glāng	華語/普通話	engine-auto	
初 3-7	ภาษาจีนแต้จิ๋ว	phasa jin tae jiu	pā sāˊ jīn dɛ̄ˋ jiwˊ	潮州話	engine-auto	
初 3-7	คนจีน	khon jin	kon jīn	華人	engine-auto	
初 3-7	คนไต้หวัน	khon taiwan	kon daiˋ wanˊ	臺灣人	engine-auto	
初 3-7	ทั้งคนจีนและคนไต้หวันพูดภาษาจีนกลาง	thang khon jin lae khon taiwan phut phasa jin klang	tang~ kon jīn lɛ~ kon daiˋ wanˊ pūtˋ pā sāˊ jīn glāng	華人和臺灣人都說華語	engine-auto	
初 3-7	ทุเรียน	thurian	tu~ rīan	榴槤	engine-auto	
初 3-7	มังคุด	mangkut	mang kut~	山竹	engine-auto	
初 3-7	ส่วนใหญ่	suan yai	sūanˇ yaiˇ	大部分	engine-auto	
初 3-7	คนไทยส่วนใหญ่	khon thai suan yai	kon tai sūanˇ yaiˇ	泰國人大部分	engine-auto	
初 3-7	ชาวพุทธ	chao phut	chāu put~	佛教徒	derived	
初 3-7	คนไทยส่วนใหญ่เป็นชาวพุทธ	khon thai suan yai pen chao phut	kon tai sūanˇ yaiˇ ben chāu put~	泰國人大部分是佛教徒	derived	
初 3-7	ส่วนใหญ่ทำอะไร	suan yai tham arai	sūanˇ yaiˇ tam aˇ rai	大部分做什麼	engine-auto	
初 3-7	ส่วนใหญ่ไปไหน	suan yai pai nai	sūanˇ yaiˇ bai naiˊ	大部分要去哪裡	engine-auto	
初 3-7	ภาคอีสาน	phak isan	pākˋ ī sānˊ	東北	engine-auto	
初 3-7	มีคนอีสาน	mi khon isan	mī kon ī sānˊ	有東北人	engine-auto	
初 3-7	พูดภาษาอีสาน	phut phasa isan	pūtˋ pā sāˊ ī sānˊ	說東北話	engine-auto	
初 3-7	กินอาหารอีสาน	kin ahan isan	gin ā hānˊ ī sānˊ	吃東北菜	engine-auto	
初 3-7	แฟนคนแรก	faen khon raek	fɛ̄n kon rɛ̄kˋ	第一個男朋友/女朋友	engine-auto	
初 3-7	วันแรก	wan raek	wan rɛ̄kˋ	第一天	engine-auto	
初 3-7	จานแรก	chan raek	jān rɛ̄kˋ	第一盤	engine-auto	
初 3-7	คนอีสานปลูกข้าวทำนา	khon isan pluk khao tham na	kon ī sānˊ blūkˇ kāuˋ tam nā	東北人種稻/務農	engine-auto	
初 3-7	นา	na	nā	田	engine-auto	
初 3-7	เดียวกัน	diaokan	dhīau gan	相同/一樣	engine-auto	
初 3-7	ทางเดียวกัน	thang diaokan	tāng dhīau gan	同一條路	engine-auto	
初 3-7	ไปด้วยกัน	pai duaykan	bai dhūayˋ gan	一起去	engine-auto	
初 3-7	เกิดเดือนเดียวกัน	koet duean diaokan	gə̄tˇ dhɯ̄an dhīau gan	同一個月出生	engine-auto	
初 3-7	วันเดียวกัน	wan diaokan	wan dhīau gan	同一天	engine-auto	
初 3-7	ไปด้วยกันไหม	pai duaykan mai	bai dhūayˋ gan maiˊ	一起去嗎	engine-auto	
初 3-7	ทำงานบริษัทเดียวกัน	thamngan borisat diaokan	tam ngān bhɔ̄ ri~ satˇ dhīau gan	在同一家公司工作	derived	
初 3-7	เดียว	diao	dhīau	一	engine-auto	
初 3-7	ร้อยเดียว	roi diao	rɔ̄i~ dhīau	一百	engine-auto	
初 3-7	เรียนเดือนเดียว	rian duean diao	rīan dhɯ̄an dhīau	一個月學習	engine-auto	
初 3-7	อยู่คนเดียว	yu khon diao	yūˋ kon dhīau	一個人住	engine-auto	
初 3-7	เหงาไหม	ngao mai	ngāuˊ maiˊ	寂寞嗎	engine-auto	
初 3-7	อยู่คนเดียวแต่ไม่เหงา	yu khon diao tae mai ngao	yūˋ kon dhīau dɛ̄ˇ maiˋ ngāuˊ	一個人住但不寂寞	engine-auto	
初 3-7	เหงา	ngao	ngāuˊ	寂寞	engine-auto	
初 3-7	อาทิตย์หน้าเจอกัน	athit na choe kan	ā tit~ nāˋ jə̄ gan	下週見	engine-auto	
初 3-7	ขอบคุณค่ะ	khopkhun ka	kɔ̄pˇ kun kaˋ	謝謝	engine-auto	
初 3-8	เดินตรงไปแล้วก็เลี้ยวซ้าย	dern dtrong bpai laeo gor liao sai	dhə̄n drong bai lɛ̄u~ gɔ̄ˋ līau~ sāi~	直走然後左轉	engine-auto	
初 3-8	เลี้ยวซ้ายก็ถึงแล้ว	liao sai gor teung laeo	līau~ sāi~ gɔ̄ˋ tɯngˊ lɛ̄u~	左轉就到了	engine-auto	
初 3-8	ไฟแดง	fai daeng	fai dhɛ̄ng	紅綠燈	engine-auto	
初 3-8	ถึงไฟแดงแล้วก็เลี้ยวขวา	teung fai daeng laeo gor liao kwa	tɯngˊ fai dhɛ̄ng lɛ̄u~ gɔ̄ˋ līau~ kwāˊ	到紅綠燈然後右轉	engine-auto	
初 3-8	เลี้ยวขวาก็ถึงแล้ว	liao kwa gor teung laeo	līau~ kwāˊ gɔ̄ˋ tɯngˊ lɛ̄u~	右轉就到了	engine-auto	
初 3-8	หน้า	na	nāˋ	前面	engine-auto	
初 3-8	หน้า	na	nāˋ	臉 / 頁 / 下週	engine-auto	
初 3-8	อาทิตย์หน้า	aa tit na	ā tit~ nāˋ	下週	engine-auto	
初 3-8	หน้าบ้าน	na baan	nāˋ bhānˋ	屋子前面	engine-auto	
初 3-8	หน้าตลาด	na dtalaat	nāˋ daˇ lātˋ	市場前面	engine-auto	
初 3-8	ประตู	bpra dtoo	braˇ dū	門	engine-auto	
初 3-8	หน้าประตู	na bpra dtoo	nāˋ braˇ dū	門口前面	engine-auto	
初 3-8	หน้าทางออก	na taang awk	nāˋ tāng ɔ̄kˇ	出口前面	engine-auto	
初 3-8	โรงแรม	roong raem	rōng rɛ̄m	飯店	engine-auto	
初 3-8	หน้าโรงแรม	na roong raem	nāˋ rōng rɛ̄m	飯店前面	engine-auto	
初 3-8	หน้าคอนโด	na kawndo	nāˋ kɔ̄n dhō	公寓前面	engine-auto	
初 3-8	หลัง	lang	langˊ	後面 / 背	engine-auto	
初 3-8	หลังห้าง	lang haang	langˊ hāngˋ	百貨公司後面	engine-auto	
初 3-8	หลังห้างมีตลาด	lang haang mee dtalaat	langˊ hāngˋ mī daˇ lātˋ	百貨公司後面有市場	engine-auto	
初 3-8	หลังบ้านปลูกดอกไม้เยอะ	lang baan bplook dawk mai yuh	langˊ bhānˋ blūkˇ dhɔ̄kˇ mai~ yə~	屋子後面種很多花	engine-auto	
初 3-8	บน	bon	bhon	上面	engine-auto	
初 3-8	ฟุตบาท	foot baat	fut~ bhātˇ	人行道	engine-auto	
初 3-8	บนฟุตบาท	bon foot baat	bhon fut~ bhātˇ	人行道上	engine-auto	
初 3-8	บนเครื่องบิน	bon kreuang bin	bhon krɯ̄angˋ bhin	飛機上	engine-auto	
初 3-8	บนสะพานลอย	bon sa paan loy	bhon saˇ pān lɔ̄i	天橋上	engine-auto	
初 3-8	บนโต๊ะ	bon dtoh	bhon do~	桌子上	engine-auto	
初 3-8	บนโต๊ะมีของเยอะ	bon dtoh mee kawng yuh	bhon do~ mī kɔ̄ngˊ yə~	桌子上有很多東西	engine-auto	
初 3-8	คอมพิวเตอร์	kawm piw dter	kɔ̄m piw də̄	電腦	engine-auto	
初 3-8	โทรศัพท์	too ra sap	tō ra~ sapˇ	電話	engine-auto	
初 3-8	กระดาษ	gp ra dtaat	graˇ dhātˇ	紙	engine-auto	
初 3-8	ชั้นบน / ข้างบน	chan bon / kaang bon	chan~ bhon / kāngˋ bhon	樓上	engine-auto	
初 3-8	ห้องนอนอยู่ชั้นบน	hawng nawn yoo chan bon	hɔ̄ngˋ nɔ̄n yūˋ chan~ bhon	臥房在樓上	engine-auto	
初 3-8	ขึ้น	keun	kɯnˋ	上（動詞）	engine-auto	
初 3-8	ขึ้นเครื่องบิน / ขึ้นเครื่อง	keun kreuang bin / keun kreuang	kɯnˋ krɯ̄angˋ bhin / kɯnˋ krɯ̄angˋ	上飛機	engine-auto	
初 3-8	ขึ้นเครื่องกี่โมง	keun kreuang gee moong	kɯnˋ krɯ̄angˋ gīˇ mōng	幾點上飛機	engine-auto	
初 3-8	ขึ้นเขา	keun kao	kɯnˋ kāuˊ	上山	engine-auto	
初 3-8	เดินขึ้นเขา	dern keun kao	dhə̄n kɯnˋ kāuˊ	走路上山	engine-auto	
初 3-8	ขับรถขึ้นเขา	kap rot keun kao	kapˇ rot~ kɯnˋ kāuˊ	開車上山	engine-auto	
初 3-8	ขึ้นรถ	keun rot	kɯnˋ rot~	上車	engine-auto	
初 3-8	ชั้นล่าง / ข้างล่าง	chan laang / kaang laang	chan~ lāngˋ / kāngˋ lāngˋ	樓下	engine-auto	
初 3-8	ห้องน้ำอยู่ชั้นล่าง	hawng naam yoo chan laang	hɔ̄ngˋ nām~ yūˋ chan~ lāngˋ	廁所在樓下	engine-auto	
初 3-8	ใต้	dtai	daiˋ	下面 / 之下	engine-auto	
初 3-8	ใต้ที่นั่ง	dtai tee nang	daiˋ tīˋ nangˋ	座位下面	engine-auto	
初 3-8	เก็บกระเป๋าใต้ที่นั่ง	gep gra bpao dtai tee nang	gepˇ graˇ bāuˊ daiˋ tīˋ nangˋ	把包包收在座位下面	engine-auto	
初 3-8	ชั้นใต้ดิน	chan dtai din	chan~ daiˋ dhin	地下樓	engine-auto	
初 3-8	รถอยู่ชั้นใต้ดิน	rot yoo chan dtai din	rot~ yūˋ chan~ daiˋ dhin	車子在地下樓	engine-auto	
初 3-8	ลง	long	long	下（動詞）	book-exact	(book-exact已用引擎重新驗證)
初 3-8	ลงบันไดเลื่อน	long ban dai leuan	long bhan dhai lɯ̄anˋ	下手扶梯	engine-auto	
初 3-8	เครื่องลง	kreuang long	krɯ̄angˋ long	降落（飛機下）	engine-auto	
初 3-8	เครื่องบินลงกี่โมง	kreuang bin long gee moong	krɯ̄angˋ bhin long gīˇ mōng	飛機幾點降落	engine-auto	
初 3-8	สิบโมงสี่สิบห้านาที	sip moong see sip haa naa tee	sipˇ mōng sīˇ sipˇ hāˋ nā tī	早上十點四十五分	engine-auto	
初 3-8	สี่ทุ่ม	see toom	sīˇ tumˋ	晚上十點	engine-auto	
初 3-8	ใน	nai	nai	裡面	engine-auto	
初 3-8	ในตู้เย็นมีน้ำสองขวด	nai dtoo yen mee naam sawng kuat	nai dūˋ yen mī nām~ sɔ̄ngˊ kūatˇ	冰箱裡有兩瓶水	derived	
初 3-8	ในใจของคุณมีฉันไหม / มีผมไหม	nai jai kawng koon mee chan mai / mee pom mai	nai jai kɔ̄ngˊ kun mī chanˊ maiˊ / mī pomˊ maiˊ	你心裡有我嗎	engine-auto	
初 3-8	ในใจของฉันมีคุณคนเดียว	nai jai kawng chan mee koon kon diao	nai jai kɔ̄ngˊ chanˊ mī kun kon dhīau	我心裡只有你一個人	engine-auto	
初 3-8	เมืองนอก	meuang nawk	mɯ̄ang nɔ̄kˋ	國外	engine-auto	
初 3-8	ไปเที่ยวเมืองนอก	bpai tiao meuang nawk	bai tīauˋ mɯ̄ang nɔ̄kˋ	去國外玩	engine-auto	
初 3-8	ข้างนอก	kaang nawk	kāngˋ nɔ̄kˋ	外面	engine-auto	
初 3-8	ไปกินข้าวข้างนอก	bpai gin kaao kaang nawk	bai gin kāuˋ kāngˋ nɔ̄kˋ	去外面吃飯	engine-auto	
初 3-8	ไปดูหนังข้างนอก กินข้าวข้างนอกด้วยกันไหม	bpai doo nang kaang nawk gin kaao kaang nawk duay gan mai	bai dhū nangˊ kāngˋ nɔ̄kˋ gin kāuˋ kāngˋ nɔ̄kˋ dhūayˋ gan maiˊ	要不要一起去外面看電影	engine-auto	
初 3-8	ข้างๆ	kaang kaang	kāngˋ kāngˋ	旁邊	engine-auto	
初 3-8	ร้านนวดอยู่ข้างๆ เซเว่น	raan nuat yoo kaang kaang say wen	rān~ nūatˋ yūˋ kāngˋ kāngˋ sē wēnˋ	按摩店在 7-11 旁邊	engine-auto	
初 3-8	ข้างห้องเสียงดังมาก	kaang hawng siang dang maak	kāngˋ hɔ̄ngˋ sīangˊ dhang mākˋ	隔壁房聲音很大	engine-auto	
初 3-8	ตรงกลาง	dtrong glaang	drong glāng	中間	engine-auto	
初 3-8	ที่นั่งตรงกลาง	tee nang dtrong glaang	tīˋ nangˋ drong glāng	中間的位置	engine-auto	
初 3-8	ที่นั่งแถวหลังตรงกลาง	tee nang tae o lang dtrong glaang	tīˋ nangˋ tɛ̄uˊ langˊ drong glāng	中間後排的位置	engine-auto	
初 3-8	กาแฟแก้วกลาง	gaa fae gaeo glaang	gā fɛ̄ gɛ̄uˋ glāng	中杯咖啡	engine-auto	
初 3-8	กลางทาง	glaang taang	glāng tāng	途中 / 路中	engine-auto	
初 3-8	กลางเดือน	glaang deuan	glāng dhɯ̄an	月中	engine-auto	
初 3-8	กลางปี	glaang bpee	glāng bī	年中	engine-auto	
初 3-8	กลางวัน	glaang wan	glāng wan	白天	engine-auto	
初 3-8	กลางคืน	glaang keun	glāng kɯ̄n	夜晚	engine-auto	
初 3-8	เดินตรงไปแล้วก็เลี้ยวซ้าย	dern dtrong bpai laeo gor liao sai	dhə̄n drong bai lɛ̄u~ gɔ̄ˋ līau~ sāi~	直走然後左轉	engine-auto	
初 3-8	เลี้ยวซ้ายก็ถึงแล้ว	liao sai gor teung laeo	līau~ sāi~ gɔ̄ˋ tɯngˊ lɛ̄u~	左轉就到了	engine-auto	
初 3-8	ไฟแดง	fai daeng	fai dhɛ̄ng	紅綠燈	engine-auto	
初 3-8	ถึงไฟแดงแล้วก็เลี้ยวขวา	teung fai daeng laeo gor liao kwa	tɯngˊ fai dhɛ̄ng lɛ̄u~ gɔ̄ˋ līau~ kwāˊ	到紅綠燈然後右轉	engine-auto	
初 3-8	เลี้ยวขวาก็ถึงแล้ว	liao kwa gor teung laeo	līau~ kwāˊ gɔ̄ˋ tɯngˊ lɛ̄u~	右轉就到了	engine-auto	
初 3-8	หน้า	na	nāˋ	前面	engine-auto	
初 3-8	หน้า	na	nāˋ	臉 / 頁 / 下週	engine-auto	
初 3-8	อาทิตย์หน้า	aa tit na	ā tit~ nāˋ	下週	engine-auto	
初 3-8	หน้าบ้าน	na baan	nāˋ bhānˋ	屋子前面	engine-auto	
初 3-8	หน้าตลาด	na dtalaat	nāˋ daˇ lātˋ	市場前面	engine-auto	
初 3-8	ประตู	bpra dtoo	braˇ dū	門	engine-auto	
初 3-8	หน้าประตู	na bpra dtoo	nāˋ braˇ dū	門口前面	engine-auto	
初 3-8	หน้าทางออก	na taang awk	nāˋ tāng ɔ̄kˇ	出口前面	engine-auto	
初 3-8	โรงแรม	roong raem	rōng rɛ̄m	飯店	engine-auto	
初 3-8	หน้าโรงแรม	na roong raem	nāˋ rōng rɛ̄m	飯店前面	engine-auto	
初 3-8	หน้าคอนโด	na kawndo	nāˋ kɔ̄n dhō	公寓前面	engine-auto	
初 3-8	หลัง	lang	langˊ	後面 / 背	engine-auto	
初 3-8	หลังห้าง	lang haang	langˊ hāngˋ	百貨公司後面	engine-auto	
初 3-8	หลังห้างมีตลาด	lang haang mee dtalaat	langˊ hāngˋ mī daˇ lātˋ	百貨公司後面有市場	engine-auto	
初 3-8	หลังบ้านปลูกดอกไม้เยอะ	lang baan bplook dawk mai yuh	langˊ bhānˋ blūkˇ dhɔ̄kˇ mai~ yə~	屋子後面種很多花	engine-auto	
初 3-8	บน	bon	bhon	上面	engine-auto	
初 3-8	ฟุตบาท	foot baat	fut~ bhātˇ	人行道	engine-auto	
初 3-8	บนฟุตบาท	bon foot baat	bhon fut~ bhātˇ	人行道上	engine-auto	
初 3-8	บนเครื่องบิน	bon kreuang bin	bhon krɯ̄angˋ bhin	飛機上	engine-auto	
初 3-8	บนสะพานลอย	bon sa paan loy	bhon saˇ pān lɔ̄i	天橋上	engine-auto	
初 3-8	บนโต๊ะ	bon dtoh	bhon do~	桌子上	engine-auto	
初 3-8	บนโต๊ะมีของเยอะ	bon dtoh mee kawng yuh	bhon do~ mī kɔ̄ngˊ yə~	桌子上有很多東西	engine-auto	
初 3-8	คอมพิวเตอร์	kawm piw dter	kɔ̄m piw də̄	電腦	engine-auto	
初 3-8	โทรศัพท์	too ra sap	tō ra~ sapˇ	電話	engine-auto	
初 3-8	กระดาษ	gp ra dtaat	graˇ dhātˇ	紙	engine-auto	
初 3-8	ชั้นบน / ข้างบน	chan bon / kaang bon	chan~ bhon / kāngˋ bhon	樓上	engine-auto	
初 3-8	ห้องนอนอยู่ชั้นบน	hawng nawn yoo chan bon	hɔ̄ngˋ nɔ̄n yūˋ chan~ bhon	臥房在樓上	engine-auto	
初 3-8	ขึ้น	keun	kɯnˋ	上（動詞）	engine-auto	
初 3-8	ขึ้นเครื่องบิน / ขึ้นเครื่อง	keun kreuang bin / keun kreuang	kɯnˋ krɯ̄angˋ bhin / kɯnˋ krɯ̄angˋ	上飛機	engine-auto	
初 3-8	ขึ้นเครื่องกี่โมง	keun kreuang gee moong	kɯnˋ krɯ̄angˋ gīˇ mōng	幾點上飛機	engine-auto	
初 3-8	ขึ้นเขา	keun kao	kɯnˋ kāuˊ	上山	engine-auto	
初 3-8	เดินขึ้นเขา	dern keun kao	dhə̄n kɯnˋ kāuˊ	走路上山	engine-auto	
初 3-8	ขับรถขึ้นเขา	kap rot keun kao	kapˇ rot~ kɯnˋ kāuˊ	開車上山	engine-auto	
初 3-8	ขึ้นรถ	keun rot	kɯnˋ rot~	上車	engine-auto	
初 3-8	ชั้นล่าง / ข้างล่าง	chan laang / kaang laang	chan~ lāngˋ / kāngˋ lāngˋ	樓下	engine-auto	
初 3-8	ห้องน้ำอยู่ชั้นล่าง	hawng naam yoo chan laang	hɔ̄ngˋ nām~ yūˋ chan~ lāngˋ	廁所在樓下	engine-auto	
初 3-8	ใต้	dtai	daiˋ	下面 / 之下	engine-auto	
初 3-8	ใต้ที่นั่ง	dtai tee nang	daiˋ tīˋ nangˋ	座位下面	engine-auto	
初 3-8	เก็บกระเป๋าใต้ที่นั่ง	gep gra bpao dtai tee nang	gepˇ graˇ bāuˊ daiˋ tīˋ nangˋ	把包包收在座位下面	engine-auto	
初 3-8	ชั้นใต้ดิน	chan dtai din	chan~ daiˋ dhin	地下樓	engine-auto	
初 3-8	รถอยู่ชั้นใต้ดิน	rot yoo chan dtai din	rot~ yūˋ chan~ daiˋ dhin	車子在地下樓	engine-auto	
初 3-8	ลง	long	long	下（動詞）	book-exact	(book-exact已用引擎重新驗證)
初 3-8	ลงบันไดเลื่อน	long ban dai leuan	long bhan dhai lɯ̄anˋ	下手扶梯	engine-auto	
初 3-8	เครื่องลง	kreuang long	krɯ̄angˋ long	降落（飛機下）	engine-auto	
初 3-8	เครื่องบินลงกี่โมง	kreuang bin long gee moong	krɯ̄angˋ bhin long gīˇ mōng	飛機幾點降落	engine-auto	
初 3-8	สิบโมงสี่สิบห้านาที	sip moong see sip haa naa tee	sipˇ mōng sīˇ sipˇ hāˋ nā tī	早上十點四十五分	engine-auto	
初 3-8	สี่ทุ่ม	see toom	sīˇ tumˋ	晚上十點	engine-auto	
初 3-8	ใน	nai	nai	裡面	engine-auto	
初 3-8	ในตู้เย็นมีน้ำสองขวด	nai dtoo yen mee naam sawng kuat	nai dūˋ yen mī nām~ sɔ̄ngˊ kūatˇ	冰箱裡有兩瓶水	derived	
初 3-8	ในใจของคุณมีฉันไหม / มีผมไหม	nai jai kawng koon mee chan mai / mee pom mai	nai jai kɔ̄ngˊ kun mī chanˊ maiˊ / mī pomˊ maiˊ	你心裡有我嗎	engine-auto	
初 3-8	在內 ใจของฉันมีคุณคนเดียว	nai jai kawng chan mee koon kon diao	在內 jai kɔ̄ngˊ chanˊ mī kun kon dhīau	我心裡只有你一個人	engine-auto	
初 3-8	เมืองนอก	meuang nawk	mɯ̄ang nɔ̄kˋ	國外	engine-auto	
初 3-8	ไปเที่ยวเมืองนอก	bpai tiao meuang nawk	bai tīauˋ mɯ̄ang nɔ̄kˋ	去國外玩	engine-auto	
初 3-8	ข้างนอก	kaang nawk	kāngˋ nɔ̄kˋ	外面	engine-auto	
初 3-8	ไปกินข้าวข้างนอก	bpai gin kaao kaang nawk	bai gin kāuˋ kāngˋ nɔ̄kˋ	去外面吃飯	engine-auto	
初 3-8	ไปดูหนังข้างนอก ไปกินข้าวข้างนอกด้วยกันไหม	bpai doo nang kaang nawk bpai gin kaao kaang nawk duay gan mai	bai dhū nangˊ kāngˋ nɔ̄kˋ bai gin kāuˋ kāngˋ nɔ̄kˋ dhūayˋ gan maiˊ	去外面看電影吃飯	engine-auto	
初 3-8	ข้างๆ	kaang kaang	kāngˋ kāngˋ	旁邊	engine-auto	
初 3-8	ร้านนวดอยู่ข้างๆ เซเว่น	raan nuat yoo kaang kaang say wen	rān~ nūatˋ yūˋ kāngˋ kāngˋ sē wēnˋ	按摩店在 7-11 旁邊	engine-auto	
初 3-8	ข้างห้องเสียงดังมาก	kaang hawng siang dang maak	kāngˋ hɔ̄ngˋ sīangˊ dhang mākˋ	隔壁房聲音很大	engine-auto	
初 3-8	ตรงกลาง	dtrong glaang	drong glāng	中間	engine-auto	
初 3-8	ที่นั่งตรงกลาง	tee nang dtrong glaang	tīˋ nangˋ drong glāng	中間的位置	engine-auto	
初 3-8	ที่นั่งแถวหลังตรงกลาง	tee nang tae o lang dtrong glaang	tīˋ nangˋ tɛ̄uˊ langˊ drong glāng	中間後排的位置	engine-auto	
初 3-8	กาแฟแก้วกลาง	gaa fae gaeo glaang	gā fɛ̄ gɛ̄uˋ glāng	中杯咖啡	engine-auto	
初 3-8	กลางทาง	glaang taang	glāng tāng	途中 / 路中	engine-auto	
初 3-8	กลางเดือน	glaang deuan	glāng dhɯ̄an	月中	engine-auto	
初 3-8	กลางปี	glaang bpee	glāng bī	年中	engine-auto	
初 3-8	กลางวัน	glaang wan	glāng wan	白天	engine-auto	
初 3-8	กลางคืน	glaang keun	glāng kɯ̄n	夜晚	engine-auto	
初 3-8	อยู่ตรงข้าม	yoo dtrong kaam	yūˋ drong kāmˋ	在對面	engine-auto	
初 3-8	โรงแรมอยู่ตรงข้ามห้าง	roong raem yoo dtrong kaam haang	rōng rɛ̄m yūˋ drong kāmˋ hāngˋ	飯店在百貨公司對面	engine-auto	
初 3-8	ร้านยาอยู่ตรงข้ามร้านหนังสือ	raan yaa yoo dtrong kaam raan nang seu	rān~ yā yūˋ drong kāmˋ rān~ nangˊ sɯ̄ˊ	藥局在書店對面	engine-auto	
初 3-8	แถวนี้	tae o nee	tɛ̄uˊ nī~	這一帶 / 附近	engine-auto	
初 3-8	แถวนี้รถติดมาก	tae o nee rot dtit maak	tɛ̄uˊ nī~ rot~ ditˇ mākˋ	這一帶車子很塞	engine-auto	
初 3-8	บ้านคุณอยู่แถวไหน	baan koon yoo tae o nai	bhānˋ kun yūˋ tɛ̄uˊ naiˊ	你家在哪一帶	engine-auto	
初 3-8	ภาคเหนือ	paak neua	pākˋ nɯ̄aˊ	北部	engine-auto	
初 3-8	ภาคเหนือหนาวไหม	paak neua naao mai	pākˋ nɯ̄aˊ nāuˊ maiˊ	泰國北部冷嗎	engine-auto	
初 3-8	เคยไปภาคเหนือหลายครั้งแล้ว	koey bpai paak neua laai krang laeo	kə̄i bai pākˋ nɯ̄aˊ lāiˊ krang~ lɛ̄u~	去過北部好幾次了	engine-auto	
初 3-8	ภาคใต้	paak dtai	pākˋ daiˋ	南部	engine-auto	
初 3-8	อาหารภาคใต้	aa haan paak dtai	ā hānˊ pākˋ daiˋ	南部菜	engine-auto	
初 3-8	อาหารภาคใต้เผ็ดมากๆ	aa haan paak dtai bpet maak maak	ā hānˊ pākˋ daiˋ petˇ mākˋ mākˋ	南部菜非常辣	engine-auto	
初 3-8	คุณเคยไปภาคใต้ไหม	koon koey bpai paak dtai mai	kun kə̄i bai pākˋ daiˋ maiˊ	你去過泰國南部嗎	engine-auto	
初 3-8	ผมไม่เคยไปภาคใต้	pom mai koey bpai paak dtai	pomˊ maiˋ kə̄i bai pākˋ daiˋ	我沒去過南部	engine-auto	
初 3-8	ภาคกลาง	paak glaang	pākˋ glāng	中部	engine-auto	
初 3-8	กรุงเทพฯ อยู่ภาคกลาง	groong tep yoo paak glaang		曼谷在中部	unresolved	英文外來語/正式縮寫/原始資料異常，見全課-仍不確定清單.tsv
初 3-8	ภาคกลางมีทั้งหมด 21 จังหวัด	paak glaang mee tang mot yee sip et jang wat	pākˋ glāng mī tang~ motˇ 21 jang watˇ	中部總共有 21 個府	derived	
初 3-8	ภาคตะวันออก	paak dta wan awk	pākˋ daˇ wan ɔ̄kˇ	東部	engine-auto	
初 3-8	นั่งรถไฟไปภาคตะวันออก	nang rot fai bpai paak dta wan awk	nangˋ rot~ fai bai pākˋ daˇ wan ɔ̄kˇ	搭火車去東部	engine-auto	
初 3-8	พรุ่งนี้นั่งรถไฟไปภาคตะวันออกค่ะ	proong nee nang rot fai bpai paak dta wan awk ka	prungˋ nī~ nangˋ rot~ fai bai pākˋ daˇ wan ɔ̄kˇ kaˋ	明天搭火車去東部	engine-auto	
初 3-8	ภาคตะวันตก	paak dta wan dtok	pākˋ daˇ wan dokˇ	西部	engine-auto	
初 3-8	ไปภาคตะวันตก	bpai paak dta wan dtok	bai pākˋ daˇ wan dokˇ	去西部	engine-auto	
初 3-8	ขับรถไปภาคตะวันตก	kap rot bpai paak dta wan dtok	kapˇ rot~ bai pākˋ daˇ wan dokˇ	開車去西部	engine-auto	
初 3-8	เมื่อวานขับรถไปภาคตะวันตก	meua waan kap rot bpai paak dta wan dtok	mɯ̄aˋ wān kapˇ rot~ bai pākˋ daˇ wan dokˇ	昨天開車去西部	engine-auto	
初 3-8	ภาคตะวันออกเฉียงเหนือ	paak dta wan awk siang neua	pākˋ daˇ wan ɔ̄kˇ chīangˊ nɯ̄aˊ	東北部	engine-auto	
初 3-8	คนอีสาน	kon ee saan	kon ī sānˊ	東北部人	engine-auto	
初 3-8	คนอีสานส่วนใหญ่ชอบกินข้าวเหนียว	kon ee saan suan yai chawp gin kaao niao	kon ī sānˊ sūanˇ yaiˇ chɔ̄pˋ gin kāuˋ nīauˊ	大部分東北部人喜歡吃糯米飯	engine-auto	
初 3-8	เดินตรงไป	dtrong bpai	dhə̄n drong bai	直走	engine-auto	
初 3-8	ถามตรงๆ	taam dtrong dtrong	tāmˊ drong drong	直接問	engine-auto	
初 3-8	ตรงเวลา	dtrong way laa	drong wē lā	準時	engine-auto	
初 3-8	รถออกตรงเวลา	rot awk dtrong way laa	rot~ ɔ̄kˇ drong wē lā	車子準時出發	engine-auto	
初 3-8	ไม่ตรงเวลา	mai dtrong way laa	maiˋ drong wē lā	不準時	book-exact	(book-exact已用引擎重新驗證)
初 3-8	ข้าม	kaam	kāmˋ	過 / 跨越	engine-auto	
初 3-8	นั่งเรือข้ามแม่น้ำ	nang reua kaam mae naam	nangˋ rɯ̄a kāmˋ mɛ̄ˋ nām~	搭船過河	engine-auto	
初 3-8	เดินข้ามถนน	dern kaam ta noon	dhə̄n kāmˋ taˇ non	走過馬路	derived	
初 3-8	ขับรถข้ามสะพาน	kap rot kaam sa paan	kapˇ rot~ kāmˋ saˇ pān	開車過橋	engine-auto	
初 3-8	รถติด	rot dtit	rot~ ditˇ	塞車	engine-auto	
初 3-8	ติด	dtit	ditˇ	成癮 / 沉迷	engine-auto	
初 3-8	เขาติดกาแฟ	kao dtit gaa fae	kāuˊ ditˇ gā fɛ̄	他對咖啡成癮	engine-auto	
初 3-8	ต้องกินทุกวัน	dtawng gin took wan	dɔ̄ngˋ gin tuk~ wan	每天都要喝	engine-auto	
初 3-8	ติด	dtit	ditˇ	靠近 / 貼著	engine-auto	
初 3-8	ที่นั่งติดหน้าต่าง	tee nang dtit na dtaang	tīˋ nangˋ ditˇ nāˋ dāngˇ	靠窗的位置	engine-auto	
初 3-8	ที่นั่งติดทางเดิน	tee nang dtit taang dern	tīˋ nangˋ ditˇ tāng dhə̄n	靠走道的位置	engine-auto	
初 3-8	ไม่กล้าก็จะไม่มีวันก้าวหน้า	mai glaa gor ja mai mee wan gaao naa	maiˋ glāˋ gɔ̄ˋ jaˇ maiˋ mī wan gāuˋ nāˋ	不敢就永遠不會進步	engine-auto	
初 3-8	คุณกล้ากินไหม	koon glaa gin mai	kun glāˋ gin maiˊ	你敢吃嗎	engine-auto	
初 3-8	คุณกล้าเล่นไหม	koon glaaเล่น mai	kun glāˋ lēnˋ maiˊ	你敢玩嗎（高空彈跳）	engine-auto	
初 3-8	เคยเล่นแล้วใช่ไหม	koey len laeo chai mai	kə̄i lēnˋ lɛ̄u~ chaiˋ maiˊ	已經玩過了對吧	engine-auto	
初 3-8	ช่วยกดชั้น 17 ให้หน่อยค่ะ	chuay got chan sip bjet hai noy ka	chūayˋ gotˇ chan~ 17 haiˋ nɔ̄iˇ kaˋ	請幫我按 17 樓	derived	
初 3-8	ช่วยปอกเปลือกให้หน่อยค่ะ / ครับ	chuay bawk bpleuak hai noy ka / krap	chūayˋ bɔ̄kˇ blɯ̄akˇ haiˋ nɔ̄iˇ kaˋ / krap~	請幫我削皮	engine-auto	
初 3-8	เมื่อไหร่	meua rai	mɯ̄aˋ raiˇ	什麼時候	engine-auto	
初 3-8	เมื่อไหร่รถจะมาถึง / รถจะมาถึงเมื่อไหร่	meua rai rot ja maa teung / rot ja maa teung meua rai	mɯ̄aˋ raiˇ rot~ jaˇ mā tɯngˊ / rot~ jaˇ mā tɯngˊ mɯ̄aˋ raiˇ	車子什麼時候會到	engine-auto	
初 3-8	จะมาเที่ยวไต้หวันเมื่อไหร่	ja maa tiao dtai wan meua rai	jaˇ mā tīauˋ daiˋ wanˊ mɯ̄aˋ raiˇ	什麼時候要來台灣玩	engine-auto	
初 3-8	วันอะไร	wan arai	wan aˇ rai	星期幾	engine-auto	
初 3-8	วันนี้วันอะไร	wan nee wan arai	wan nī~ wan aˇ rai	今天星期幾	engine-auto	
初 3-8	วันจันทร์	wan jan	wan jan	星期一	derived	
初 3-8	วันอังคาร	wan ang kaan	wan ang kān	星期二	engine-auto	
初 3-8	วันพุธ	wan poot	wan put~	星期三	engine-auto	
初 3-8	วันพฤหัสบดี	wan pa reu hat sa bor dee	wan prɯ hatˇ bɔ̄ dhī	星期四（正式）	derived	
初 3-8	วันพฤหัส	wan pa reu hat	wan prɯ hatˇ	星期四（口語）	derived	
初 3-8	วันศุกร์	wan soo	wan sukˇ	星期五	engine-auto	
初 3-8	วันเสาร์	wan sao	wan sāuˊ	星期六	engine-auto	
初 3-8	วันอาทิตย์	wan aa tit	wan ā tit~	星期日	engine-auto	
初 3-8	คุณชอบวันไหนที่สุด	koon chawp wan nai tee soot	kun chɔ̄pˋ wan naiˊ tīˋ sutˇ	你最喜歡星期幾	engine-auto	
初 3-8	เสาร์อาทิตย์	sao aa tit	sāuˊ ā tit~	週末（六日）	engine-auto	
初 3-8	วันหยุด	wan yoot	wan yutˇ	假日 / 停下	engine-auto	
初 3-8	วันหยุดยาว	wan yoot yaao	wan yutˇ yāu	連假	engine-auto	
初 3-8	มีวันหยุดยาวไหม	mee wan yoot yaao mai	mī wan yutˇ yāu maiˊ	有連假嗎	engine-auto	
初 3-8	เดือนหน้ามีวันหยุดยาวไหม	deuan na mee wan yoot yaao mai	dhɯ̄an nāˋ mī wan yutˇ yāu maiˊ	下個月有連假嗎	engine-auto	
初 3-8	หยุดเรียน	yoot rian	yutˇ rīan	停課	engine-auto	
初 3-8	หยุดงาน	yoot ngan	yutˇ ngān	停工 / 請假	engine-auto	
初 3-8	ฝนหยุดแล้ว	fon yoot laeo	fonˊ yutˇ lɛ̄u~	雨停了	derived	
初 3-8	หยุดๆๆ ไม่ต้องพูดแล้ว	yoot yoot yoot mai dtawng poot laeo	yutˇ yutˇ yutˇ maiˋ dɔ̄ngˋ pūtˋ lɛ̄u~	停停停！不用再說了	engine-auto	
初 3-8	เอาอะไรอีก	ao arai eek	au aˇ rai īkˇ	还要什麼嗎	engine-auto	
初 3-8	ไม่ต้องพูดอีกแล้ว	mai dtawng poot eek laeo	maiˋ dɔ̄ngˋ pūtˋ īkˇ lɛ̄u~	不用再說了（再也不要說了）	engine-auto	
初 3-8	วันหลัง	wan lang	wan langˊ	改天	engine-auto	
初 3-8	วันนี้ไม่ว่าง วันหลังได้ไหม	wan nee mai waang wan lang dai mai	wan nī~ maiˋ wāngˋ wan langˊ dhaiˋ maiˊ	今天沒空，改天可以嗎	engine-auto	
初 3-8	วันหลังมาใหม่นะ / วันหลังมาอีกนะ	wan lang maa mai na / wan lang maa eek na	wan langˊ mā maiˇ na~ / wan langˊ mā īkˇ na~	改天再來哦	engine-auto	
初 3-8	ว่าง	waang	wāngˋ	空 / 有空	engine-auto	
初 3-8	วันฝนตกไม่มีแท็กซี่ว่าง	wan fon dtok mai mee taek see waang	wan fonˊ dokˇ maiˋ mī tɛk~ sīˋ wāngˋ	下雨天沒有空計程車	derived	
初 3-8	วันจันทร์หน้าคุณว่างไหม	wan jan na koon waang mai	wan jan nāˋ kun wāngˋ maiˊ	下週一你有空嗎	derived	
初 3-8	อาทิตย์หน้า	aa tit na	ā tit~ nāˋ	下週	engine-auto	
初 3-8	ไปดูหนังกัน	bpai doo nang gan	bai dhū nangˊ gan	一起去看電影	engine-auto	
初 3-8	เดือนหน้าไปเมืองไทยกัน	deuan na bpai meuang tai gan	dhɯ̄an nāˋ bai mɯ̄ang tai gan	下個月一起去泰國	engine-auto	
初 3-8	ชาติหน้าอยากเป็นหมา	chaat na yaak bpen maa	chātˋ nāˋ yākˋ ben māˊ	下輩子想當狗	derived	
初 3-8	ที่แล้ว	tee laeo	tīˋ lɛ̄u~	上一個	engine-auto	
初 3-8	วันเสาร์ที่แล้วไปภาคเหนือ	wan sao tee laeo bpai paak neua	wan sāuˊ tīˋ lɛ̄u~ bai pākˋ nɯ̄aˊ	上個週六去北部	engine-auto	
初 3-8	วันศุกร์ที่แล้วเป็นวันลอยกระทง	wan soo tee laeo bpen wan loy gra tong	wan sukˇ tīˋ lɛ̄u~ ben wan lɔ̄i graˇ tong	上個週五是水燈節	derived	
初 3-8	เมื่อวัน / เมื่อวานนี้	meua waan / meua waan nee	mɯ̄aˋ wan / mɯ̄aˋ wān nī~	昨天	engine-auto	
初 3-8	เมื่อวานไปเที่ยว	meua waan bpai tiao	mɯ̄aˋ wān bai tīauˋ	昨天去玩	engine-auto	
初 3-8	เมื่อวานฝนตก	meua waan fon dtok	mɯ̄aˋ wān fonˊ dokˇ	昨天下雨	derived	
初 3-8	เมื่อวานไปภาคใต้	meua waan bpai paak dtai	mɯ̄aˋ wān bai pākˋ daiˋ	昨天去南部	engine-auto	
初 3-8	เมื่อคืนนี้ / เมื่อคืน	meua keun nee / meua keun	mɯ̄aˋ kɯ̄n nī~ / mɯ̄aˋ kɯ̄n	昨晚	engine-auto	
初 3-8	เมื่อคืนกลับบ้านดึก	meua keun glap baan deuk	mɯ̄aˋ kɯ̄n glapˇ bhānˋ dhɯkˇ	昨晚很晚回家	engine-auto	
初 3-8	เมื่อคืนถึงบ้านประมาณตีสอง	meua keun teung baan bpra maan dtee sawng	mɯ̄aˋ kɯ̄n tɯngˊ bhānˋ braˇ mān dī sɔ̄ngˊ	昨晚到家大約凌晨兩點	engine-auto	
初 3-8	วันพรุ่งนี้ / พรุ่งนี้	wan proong nee / proong nee	wan prungˋ nī~ / prungˋ nī~	明天	engine-auto	
初 3-8	พรุ่งนี้จะไปเที่ยวกับแฟน	proong nee ja bpai tiao gap faen	prungˋ nī~ jaˇ bai tīauˋ gapˇ fɛ̄n	明天要跟女朋友去玩	engine-auto	
初 3-8	พรุ่งนี้จะไปหาหมอ	proong nee ja bpai haa maw	prungˋ nī~ jaˇ bai hāˊ mɔ̄ˊ	明天要去看向醫生	engine-auto	
初 3-8	คืนพรุ่งนี้	keun proong nee	kɯ̄n prungˋ nī~	明晚	engine-auto	
初 3-8	คืนพรุ่งนี้ไปกินเหล้ากัน	keun proong nee bpai gin lao gan	kɯ̄n prungˋ nī~ bai gin lāuˋ gan	明晚一起去喝酒	engine-auto	
初 3-8	คืนพรุ่งนี้ถึงไต้หวัน	keun proong nee teung dtai wan	kɯ̄n prungˋ nī~ tɯngˊ daiˋ wanˊ	明晚到台灣	engine-auto	
初 3-8	คืนพรุ่งนี้ถึงไทย / ถึงเมืองไทย	keun proong nee teung tai / teung meuang tai	kɯ̄n prungˋ nī~ tɯngˊ tai / tɯngˊ mɯ̄ang tai	明晚到泰國	engine-auto	
初 3-8	เช้า	chao	chāu~	早上	engine-auto	
初 3-8	เจอกันแปดโมงเช้านะ	jeu gan bpaet moong chao na	jə̄ gan bɛ̄tˇ mōng chāu~ na~	早上八點見	engine-auto	
初 3-8	ตอนเช้ากินอาหารเช้า	dtawn chao gin aa haan chao	dɔ̄n chāu~ gin ā hānˊ chāu~	早上吃早餐	engine-auto	
初 3-8	อาหารเช้ากี่โมงถึงกี่โมง	aa haan chao gee moong teung gee moong	ā hānˊ chāu~ gīˇ mōng tɯngˊ gīˇ mōng	早餐是幾點到幾點	engine-auto	
初 3-8	กลางวัน	glaang wan	glāng wan	中午	engine-auto	
初 3-8	อาหารกลางวันกินอะไรดี	aa haan glaang wan gin arai dee	ā hānˊ glāng wan gin aˇ rai dhī	午餐吃什麼好呢	engine-auto	
初 3-8	คิดไม่ออกอาหารกลางวันกินอะไรดี	kit mai awk aa haan glaang wan gin arai dee	kit~ maiˋ ɔ̄kˇ ā hānˊ glāng wan gin aˇ rai dhī	想不出來午餐吃什麼好呢	engine-auto	
初 3-8	ตอนกลางวัน	dtawn glaang wan	dɔ̄n glāng wan	白天	engine-auto	
初 3-8	ตอนกลางวันอยู่บริษัท	dtawn glaang wan yoo baw ri sat	dɔ̄n glāng wan yūˋ bhɔ̄ ri~ satˇ	白天在公司	derived	
初 3-8	เย็น / ตอนเย็น	yen / dtawn yen	yen / dɔ̄n yen	傍晚 / 晚上	engine-auto	
初 3-8	ตอนเย็นคนเยอะ	dtawn yen kon yuh	dɔ̄n yen kon yə~	傍晚人很多	engine-auto	
初 3-8	ร้านเปิดตอนเย็น	raan bpert dtawn yen	rān~ bə̄tˇ dɔ̄n yen	店在傍晚開	engine-auto	
初 3-8	อาหารเย็นกินข้างนอก	aa haan yen gin kaang nawk	ā hānˊ yen gin kāngˋ nɔ̄kˋ	晚餐去外面吃	engine-auto	
初 3-8	ดึก	deuk	dhɯkˇ	很晚	engine-auto	
初 3-8	กลับบ้านดึก	glap baan deuk	glapˇ bhānˋ dhɯkˇ	很晚回家	engine-auto	
初 3-8	นอนดึกไหม	nawn deuk mai	nɔ̄n dhɯkˇ maiˊ	很晚睡嗎	engine-auto	
初 3-8	ดึกๆ มีผี	deuk deuk mee pee	dhɯkˇ dhɯkˇ mī pīˊ	深夜有鬼	engine-auto	
初 3-8	ทุก	took	tuk~	每 / 每一	engine-auto	
初 3-8	นอนดึกทุกคืน	nawn deuk took keun	nɔ̄n dhɯkˇ tuk~ kɯ̄n	每晚都很晚睡	engine-auto	
初 3-8	จะกินผลไม้ปั่นทุกเช้า	ja gin pon la mai bpan took chao	jaˇ gin ponˊ mai~ banˇ tuk~ chāu~	每個早上都要喝水果冰沙	derived	
初 3-8	ทุกสาย	took sai	tuk~ sāiˊ	每一條路	engine-auto	
初 3-8	ถนนทุกสาย รถติด	ta noon took sai rot dtit	taˇ non tuk~ sāiˊ rot~ ditˇ	每條路都塞車	derived	
初 3-8	บาง	baang	bhāng	一些 / 有些	engine-auto	
初 3-8	บางวัน	baang wan	bhāng wan	有些日子 / 有些天	engine-auto	
初 3-8	บางเดือน	baang deuan	bhāng dhɯ̄an	有些月份	engine-auto	
初 3-8	บางที่	baang tee	bhāng tīˋ	有些地方	engine-auto	
初 3-8	บางคน	baang kon	bhāng kon	有些人	engine-auto	
初 3-8	บางร้าน	baang raan	bhāng rān~	有些店	engine-auto	
初 3-8	บางโรงแรม	baang roong raem	bhāng rōng rɛ̄m	有些飯店	engine-auto	
初 3-8	บางที / บางครั้ง	baang tee / baang krang	bhāng tī / bhāng krang~	有時候	engine-auto	
初 3-8	บางครั้งฝนตก	baang krang fon dtok	bhāng krang~ fonˊ dokˇ	有時候下雨	derived	
初 3-8	บางครั้งสนุก / บางทีสนุก	baang krang sa nook / baang tee sa nook	bhāng krang~ saˇ nuk~ / bhāng tī saˇ nuk~	有時候覺得好玩	engine-auto	
初 3-8	บางครั้งขี้เกียจ	baang krang kee giat	bhāng krang~ kīˋ gīatˇ	有時候覺得懶惰	engine-auto	
初 3-8	บางทีเหงา	baang tee ngao	bhāng tī ngāuˊ	有時候覺得很寂寞	engine-auto	
初 3-8	吃อะไรบ้าง	gin arai baang	吃 aˇ rai bhāngˋ	吃了些什麼	engine-auto	
初 3-8	做อะไรบ้าง	tam arai baang	做 aˇ rai bhāngˋ	做了些什麼	engine-auto	
初 3-8	อยากไปเที่ยวที่ไหนบ้าง	yaak bpai tiao tee nai baang	yākˋ bai tīauˋ tīˋ naiˊ bhāngˋ	想去哪些地方玩	engine-auto	
初 3-8	หลาย	laai	lāiˊ	好幾個 / 好幾位	engine-auto	
初 3-8	กินเบียร์หลายขวดก็ไม่เมา	gin bia laai kuat gor mai mao	gin bhīa lāiˊ kūatˇ gɔ̄ˋ maiˋ māu	喝好幾瓶啤酒也不會醉	derived	
初 3-8	กินข้าวหลายจานแต่ไม่อ้วน	gin kaao laai jaan dtae mai uan	gin kāuˋ lāiˊ jān dɛ̄ˇ maiˋ ūanˋ	吃好幾盤飯但不會胖	engine-auto	
初 3-8	ไม่กี่	mai gee	maiˋ gīˇ	沒幾個 / 不多	engine-auto	
初 3-8	ไม่กี่ร้อยบาท	mai gee roy baat	maiˋ gīˇ rɔ̄i~ bhātˇ	沒幾百塊（泰銖）	engine-auto	
初 3-8	ตัวละไม่กี่ร้อยบาท	dtoa la mai gee roy baat	dūa la~ maiˋ gīˇ rɔ̄i~ bhātˇ	一件沒幾百塊	engine-auto	
初 3-8	เสื้อตัวละไม่กี่ร้อยบาท	seua dtoa la mai gee roy baat	sɯ̄aˋ dūa la~ maiˋ gīˇ rɔ̄i~ bhātˇ	襯衫一件沒幾百塊	engine-auto	
初 3-8	คิดถึง	kit teung	kit~ tɯngˊ	想念 / 想	engine-auto	
初 3-8	คิดถึงเมืองไทย / คิดถึงประเทศไทย	kit teung meuang tai / kit teung bpra tet tai	kit~ tɯngˊ mɯ̄ang tai / kit~ tɯngˊ braˇ tētˋ tai	想念泰國	engine-auto	
初 3-8	คิดถึงแฟนเก่า	kit teung faen gao	kit~ tɯngˊ fɛ̄n gāuˇ	想念舊情人	engine-auto	
初 3-8	คิดถึงอาหารไทย	kit teung aa haan tai	kit~ tɯngˊ ā hānˊ tai	想念泰國菜	engine-auto	
初 3-8	คิดถึงจริงๆ	kit teung jing jing	kit~ tɯngˊ jing jing	真的很想你	derived	
初 3-8	เพิ่ง	perng	pə̄ngˋ	剛 / 剛好	engine-auto	
初 3-8	เพิ่งกินอิ่ม	perng gin im	pə̄ngˋ gin imˇ	剛吃飽	engine-auto	
初 3-8	เพิ่งซื้อใหม่	perng seu mai	pə̄ngˋ sɯ̄~ maiˇ	剛買新的	engine-auto	
初 3-8	เพิ่งรู้จัก	perng roo jak	pə̄ngˋ rū~ jakˇ	剛認識	engine-auto	
初 3-8	เพิ่งถึง	perng teung	pə̄ngˋ tɯngˊ	剛到	engine-auto	
初 3-8	หกโมงเช้า	hok moong chao	hokˇ mōng chāu~	早上六點	engine-auto	
初 3-8	7, 8, 9, 10 โมงเช้า	moong chao	7, 8, 9, 10 mōng chāu~	早上七、八、九、十點	engine-auto	
初 3-8	สิบเอ็ดโมง	sip et moong	sipˇ etˇ mōng	早上十一點	engine-auto	
初 3-8	เที่ยง / เที่ยงวัน	tiang / tiang wan	tīangˋ / tīangˋ wan	中午	engine-auto	
初 3-8	บ่าย	baai	bhāiˇ	下午	engine-auto	
初 3-8	บ่ายโมง, บ่ายสองโมง, บ่ายสามโมง	baai moong, baai sawng moong, baai saam moong	bhāiˇ mōng, bhāiˇ sɔ̄ngˊ mōng, bhāiˇ sāmˊ mōng	下午一、二、三點	engine-auto	
初 3-8	สี่โมงเย็น / บ่ายสี่โมง	see moong yen / baai see moong	sīˇ mōng yen / bhāiˇ sīˇ mōng	下午四點	engine-auto	
初 3-8	ห้าโมงเย็น	haa moong yen	hāˋ mōng yen	下午五點	engine-auto	
初 3-8	หกโมงเย็น	hok moong yen	hokˇ mōng yen	下午六點	engine-auto	
初 3-8	ทุ่ม	toom	tumˋ	晚上（19-23點）	engine-auto	
初 3-8	หนึ่งทุ่ม	neung toom	nɯngˇ tumˋ	晚上七點	engine-auto	
初 3-8	สองทุ่ม	sawng toom	sɔ̄ngˊ tumˋ	晚上八點	engine-auto	
初 3-8	สามทุ่ม	saam toom	sāmˊ tumˋ	晚上九點	engine-auto	
初 3-8	สี่ทุ่ม	see toom	sīˇ tumˋ	晚上十點	engine-auto	
初 3-8	ห้าทุ่ม	haa toom	hāˋ tumˋ	晚上十一點	engine-auto	
初 3-8	เที่ยงคืน	tiang keun	tīangˋ kɯ̄n	半夜 / 午夜	engine-auto	
初 3-8	ตี	dtee	dī	凌晨	engine-auto	
初 3-8	ตีหนึ่ง, ตีสอง, ตีสาม, ตีสี่, ตีห้า	dtee neung, dtee sawng, dtee saam, dtee see, dtee haa	dī nɯngˇ, dī sɔ̄ngˊ, dī sāmˊ, dī sīˇ, dī hāˋ	凌晨一、二、三、四、五點	engine-auto	
初 3-8	จะมาป่าว / จะมารึเปล่า	ja maa bpaao / ja maa reu bplao	jaˇ mā bāuˇ / jaˇ mā rɯ~ blāuˇ	會不會來 / 會來嗎（口語）	engine-auto	
初 3-8	อาทิตย์หน้าเจอกันค่ะ	aa tit na jeu gan ka	ā tit~ nāˋ jə̄ gan kaˋ	下週見	engine-auto	
初 3-總複習	ซ้าย	sai	sāi~	左	engine-auto	
初 3-總複習	ขวา	khwa	kwāˊ	右	engine-auto	
初 3-總複習	หน้า	na	nāˋ	前	engine-auto	
初 3-總複習	หลัง	lang	langˊ	後	engine-auto	
初 3-總複習	บน	bon	bhon	上	engine-auto	
初 3-總複習	ล่าง	lang	lāngˋ	下	engine-auto	
初 3-總複習	ใน	nai	nai	內	engine-auto	
初 3-總複習	นอก	nok	nɔ̄kˋ	外	engine-auto	
初 3-總複習	在ห้องเรียน	nai hong rian	在 hɔ̄ngˋ rīan	教室內	engine-auto	
初 3-總複習	นอกห้องเรียน	nok hong rian	nɔ̄kˋ hɔ̄ngˋ rīan	教室外	engine-auto	
初 3-總複習	ในกระเป๋า	nai krapao	nai graˇ bāuˊ	包包裡	engine-auto	
初 3-總複習	ในปาก	nai pak	nai bākˇ	嘴巴裡	engine-auto	
初 3-總複習	บนฟ้า	bon fa	bhon fā~	天上	engine-auto	
初 3-總複習	บนโต๊ะ	bon to	bhon do~	桌上	engine-auto	
初 3-總複習	ตรงไป	trong pai	drong bai	直走去	engine-auto	
初 3-總複習	ตรงมา	trong ma	drong mā	直走來	engine-auto	
初 3-總複習	เดินตรงไป 5 นาที	dern trong pai ha na tee	dhə̄n drong bai 5 nā tī	直走五分鐘	engine-auto	
初 3-總複習	เดินตรงไป 100 เมตร	dern trong pai nueng roi met	dhə̄n drong bai 100 mētˋ	直走一百公尺	derived	
初 3-總複習	ข้าง	khang	kāngˋ	邊	engine-auto	
初 3-總複習	ข้างซ้าย	khang sai	kāngˋ sāi~	左邊	engine-auto	
初 3-總複習	ข้างขวา	khang khwa	kāngˋ kwāˊ	右邊	engine-auto	
初 3-總複習	ข้างหน้า	khang na	kāngˋ nāˋ	前面	engine-auto	
初 3-總複習	ข้างหลัง	khang lang	kāngˋ langˊ	後面	engine-auto	
初 3-總複習	ข้างบน	khang bon	kāngˋ bhon	上面	engine-auto	
初 3-總複習	ข้างล่าง	khang lang	kāngˋ lāngˋ	下面	engine-auto	
初 3-總複習	ข้างใน	khang nai	kāngˋ nai	裡面	engine-auto	
初 3-總複習	ข้างนอก	khang nok	kāngˋ nɔ̄kˋ	外面	engine-auto	
初 3-總複習	ข้างนอกฝนตก	khang nok fon tok	kāngˋ nɔ̄kˋ fonˊ dokˇ	外面下雨	derived	
初 3-總複習	ข้างๆ	khang khang	kāngˋ kāngˋ	旁邊	engine-auto	
初 3-總複習	อยู่ข้างๆ เอง	yu khang khang eng	yūˋ kāngˋ kāngˋ ēng	就在旁邊而已	engine-auto	
初 3-總複習	เซเว่นอยู่ข้างๆ เอง	Seven yu khang khang eng	sē wēnˋ yūˋ kāngˋ kāngˋ ēng	7-11就在旁邊而已	engine-auto	
初 3-總複習	เรียนภาษาไทย 2 เดือนเอง	rian pasa Thai song duen eng	rīan pā sāˊ tai 2 dhɯ̄an ēng	才學泰文兩個月	engine-auto	
初 3-總複習	ข้าม	kham	kāmˋ	過	engine-auto	
初 3-總複習	ข้ามแม่น้ำ	kham mae nam	kāmˋ mɛ̄ˋ nām~	過河	engine-auto	
初 3-總複習	ข้ามทะเล	kham tale	kāmˋ ta~ lē	過海	engine-auto	
初 3-總複習	ข้ามถนน	kham tanon	kāmˋ taˇ non	過馬路	derived	
初 3-總複習	ข้ามสะพาน	kham saphan	kāmˋ saˇ pān	過橋	engine-auto	
初 3-總複習	ข้ามสะพานลอย	kham saphan loy	kāmˋ saˇ pān lɔ̄i	過天橋	engine-auto	
初 3-總複習	ตรงข้าม	trong kham	drong kāmˋ	對面	engine-auto	
初 3-總複習	อยู่ตรงข้าม	yu trong kham	yūˋ drong kāmˋ	在對面	engine-auto	
初 3-總複習	เซเว่นอยู่ตรงข้ามสตาร์บัคส์	Seven yu trong kham Starbucks	sē wēnˋ yūˋ drong kāmˋ saˇ dā bhakˇ	7-11在星巴克對面	derived	
初 3-總複習	ตรงกลาง	trong klang	drong glāng	中間	engine-auto	
初 3-總複習	อยู่ตรงกลาง	yu trong klang	yūˋ drong glāng	在中間	engine-auto	
初 3-總複習	ใครอยู่ตรงกลาง	khrai yu trong klang	krai yūˋ drong glāng	誰在中間	engine-auto	
初 3-總複習	แก้วกลาง	keaw klang	gɛ̄uˋ glāng	中杯	engine-auto	
初 3-總複習	แก้วใหญ่	keaw yai	gɛ̄uˋ yaiˇ	大杯	engine-auto	
初 3-總複習	แก้วเล็ก	keaw lek	gɛ̄uˋ lek~	小杯	engine-auto	
初 3-總複習	จานใหญ่	jan yai	jān yaiˇ	大盤	engine-auto	
初 3-總複習	จานกลาง	jan klang	jān glāng	中盤	engine-auto	
初 3-總複習	จานเล็ก	jan lek	jān lek~	小盤	engine-auto	
初 3-總複習	ภาษาจีนกลาง	pasa Jin klang	pā sāˊ jīn glāng	普通話	engine-auto	
初 3-總複習	ตะวัน	tawan	daˇ wan	太陽	engine-auto	
初 3-總複習	ตะวันออก	tawan ok	daˇ wan ɔ̄kˇ	東	engine-auto	
初 3-總複習	ตะวันตก	tawan tok	daˇ wan dokˇ	西	engine-auto	
初 3-總複習	เหนือ	neua	nɯ̄aˊ	北	engine-auto	
初 3-總複習	ใต้	tai	daiˋ	南	engine-auto	
初 3-總複習	เหนือ ใต้ ออก ตก	neua tai ok tok	nɯ̄aˊ daiˋ ɔ̄kˇ dokˇ	北南東西	engine-auto	
初 3-總複習	เกาหลีเหนือ	Kaoli neua	gāu līˊ nɯ̄aˊ	北韓	engine-auto	
初 3-總複習	เกาหลีใต้	Kaoli tai	gāu līˊ daiˋ	南韓	engine-auto	
初 3-總複習	เวียดนามเหนือ	Vietnam neua	wīatˋ nām nɯ̄aˊ	北越	engine-auto	
初 3-總複習	เวียดนามใต้	Vietnam tai	wīatˋ nām daiˋ	南越	engine-auto	
初 3-總複習	เฉียง	chiang	chīangˊ	斜	engine-auto	
初 3-總複習	ตะวันออกเฉียงเหนือ	tawan ok chiang neua	daˇ wan ɔ̄kˇ chīangˊ nɯ̄aˊ	東北	engine-auto	
初 3-總複習	ตะวันออกเฉียงใต้	tawan ok chiang tai	daˇ wan ɔ̄kˇ chīangˊ daiˋ	東南	engine-auto	
初 3-總複習	เมืองไทยอยู่เอเชียตะวันออกเฉียงใต้	Mueang Thai yu Asia tawan ok chiang tai	mɯ̄ang tai yūˋ ē chīa daˇ wan ɔ̄kˇ chīangˊ daiˋ	泰國在東南亞	engine-auto	
初 3-總複習	ทาง	thang	tāng	路/道	engine-auto	
初 3-總複習	ทางเข้า	thang khao	tāng kāuˋ	入口	engine-auto	
初 3-總複習	ทางออก	thang ok	tāng ɔ̄kˇ	出口	engine-auto	
初 3-總複習	ขอทางหน่อย	kho thang noi	kɔ̄ˊ tāng nɔ̄iˇ	借過一下	engine-auto	
初 3-總複習	ด้าน	dan	dhānˋ	面	engine-auto	
初 3-總複習	ใส่ได้ 2 ด้าน	sai dai song dan	saiˇ dhaiˋ 2 dhānˋ	可以穿兩面	engine-auto	
初 3-總複習	มี 2 ด้าน	mee song dan	mī 2 dhānˋ	硬幣有兩面	engine-auto	
初 3-總複習	สาย	sai	sāiˊ	線	engine-auto	
初 3-總複習	สายรถไฟ	sai rot fai	sāiˊ rot~ fai	火車線	engine-auto	
初 3-總複習	สายเหนือ	sai neua	sāiˊ nɯ̄aˊ	北線	engine-auto	
初 3-總複習	สายใต้	sai tai	sāiˊ daiˋ	南線	engine-auto	
初 3-總複習	สายตะวันออก	sai tawan ok	sāiˊ daˇ wan ɔ̄kˇ	東線	engine-auto	
初 3-總複習	สายสีอะไร	sai si arai	sāiˊ sīˊ aˇ rai	什麼顏色的線	engine-auto	
初 3-總複習	สายสีเขียว	sai si khiao	sāiˊ sīˊ kīauˊ	綠線	engine-auto	
初 3-總複習	สายสีส้ม	sai si som	sāiˊ sīˊ somˋ	橘線	engine-auto	
初 3-總複習	สายสีเหลือง	sai si lueang	sāiˊ sīˊ lɯ̄angˊ	黃線	engine-auto	
初 3-總複習	สายสีฟ้า	sai si fa	sāiˊ sīˊ fā~	藍線	engine-auto	
初 3-總複習	สายสีน้ำเงิน	sai si nam ngen	sāiˊ sīˊ nām~ ngə̄n	深藍線	engine-auto	
初 3-總複習	ภาค	phak	pākˋ	區域	engine-auto	
初 3-總複習	ภาคเหนือ	phak neua	pākˋ nɯ̄aˊ	北部	engine-auto	
初 3-總複習	ภาคใต้	phak tai	pākˋ daiˋ	南部	engine-auto	
初 3-總複習	ภาคกลาง	phak klang	pākˋ glāng	中部	engine-auto	
初 3-總複習	ภาคอีสาน	phak Isan	pākˋ ī sānˊ	東北部	engine-auto	
初 3-總複習	เชียงใหม่อยู่ภาคเหนือ	Chiang Mai yu phak neua	chīang maiˇ yūˋ pākˋ nɯ̄aˊ	清邁在北部	engine-auto	
初 3-總複習	ถนนคนเดิน	tanon khon dern	taˇ non kon dhə̄n	徒步區 (夜市)	derived	
初 3-總複習	ตลาดกลางคืน	talat klang khuen	daˇ lātˋ glāng kɯ̄n	夜市	engine-auto	
初 3-總複習	ไม่เหมือนไต้หวัน	mai muean Taiwan	maiˋ mɯ̄anˊ daiˋ wanˊ	不像台灣	engine-auto	
初 3-總複習	คนเหนือ	khon neua	kon nɯ̄aˊ	北方人	engine-auto	
初 3-總複習	คนใต้	khon tai	kon daiˋ	南方人	engine-auto	
初 3-總複習	คนอีสาน	khon Isan	kon ī sānˊ	東北人	engine-auto	
初 3-總複習	คนภาคกลาง	khon phak klang	kon pākˋ glāng	中部人	engine-auto	
初 3-總複習	ไกล	klai	glai	遠	engine-auto	
初 3-總複習	ใกล้	klai	glaiˋ	近	engine-auto	
初 3-總複習	อยู่ใกล้ๆ	yu klai klai	yūˋ glaiˋ glaiˋ	在附近	engine-auto	
初 3-總複習	อยู่ใกล้มาก	yu klai mak	yūˋ glaiˋ mākˋ	很近	engine-auto	
初 3-總複習	ก้าวหน้า	kao na	gāuˋ nāˋ	進步	engine-auto	
初 3-總複習	ถอยหลัง	thoy lang	tɔ̄iˊ langˊ	退後	engine-auto	
初 3-總複習	ตรงเวลา	trong wela	drong wē lā	準時	engine-auto	
初 3-總複習	มาตรงเวลา	ma trong wela	mā drong wē lā	準時來	engine-auto	
初 3-總複習	ถามตรงๆ	tham trong trong	tāmˊ drong drong	直接問	engine-auto	
初 3-總複習	พูดตรงๆ	phut trong trong	pūtˋ drong drong	直接說	engine-auto	
初 3-總複習	ถามตรงๆ หน่อยได้ไหม	tham trong trong noi dai mai	tāmˊ drong drong nɔ̄iˇ dhaiˋ maiˊ	可以直接問嗎	engine-auto	
初 3-總複習	ใจตรงกัน	jai trong kan	jai drong gan	心靈相通	engine-auto	
初 3-總複習	ปากไม่ตรงกับใจ	pak mai trong kap jai	bākˇ maiˋ drong gapˇ jai	言不由衷	engine-auto	
初 3-總複習	ฟุตบาท	footpath	fut~ bhātˇ	人行道	engine-auto	
初 3-總複習	เดินบนฟุตบาท	dern bon footpath	dhə̄n bhon fut~ bhātˇ	走在人行道上	engine-auto	
初 3-總複習	ขี่มอเตอร์ไซค์บนฟุตบาทไม่ได้	khee motorcycle bon footpath mai dai	kīˇ mɔ̄ də̄ sai bhon fut~ bhātˇ maiˋ dhaiˋ	不能在人行道騎車	engine-auto	
初 3-總複習	ใต้ดิน	tai din	daiˋ dhin	地底	engine-auto	
初 3-總複習	ใต้โต๊ะ	tai to	daiˋ do~	桌子下	engine-auto	
初 3-總複習	ใต้เก้าอี้	tai kao ee	daiˋ gāuˋ īˋ	椅子下	engine-auto	
初 3-總複習	ใต้ที่นั่ง	tai thi nang	daiˋ tīˋ nangˋ	座位下	engine-auto	
初 3-總複習	ชั้นใต้ดิน	chan tai din	chan~ daiˋ dhin	地下一樓	engine-auto	
初 3-總複習	ใต้ทะเล	tai tale	daiˋ ta~ lē	海底	engine-auto	
初 3-總複習	ตู้เย็น	tu yen	dūˋ yen	冰箱	engine-auto	
初 3-總複習	ตู้รองเท้า	tu rong thao	dūˋ rɔ̄ng tāu~	鞋櫃	engine-auto	
初 3-總複習	ตู้หนังสือ	tu nang sue	dūˋ nangˊ sɯ̄ˊ	書櫃	engine-auto	
初 3-總複習	ตู้เสื้อผ้า	tu suea pha	dūˋ sɯ̄aˋ pāˋ	衣櫃	engine-auto	
初 3-總複習	ในน้ำมีปลา	nai nam mee pla	nai nām~ mī blā	水中有魚	engine-auto	
初 3-總複習	在นามีข้าว	nai na mee khao	在 nā mī kāuˋ	田中有稻	engine-auto	
初 3-總複習	คิดอยู่	khit yu	kit~ yūˋ	正在想	engine-auto	
初 3-總複習	คิดอะไร	khit arai	kit~ aˇ rai	想什麼	engine-auto	
初 3-總複習	ไม่ได้คิดอะไร	mai dai khit arai	maiˋ dhaiˋ kit~ aˇ rai	沒想什麼	engine-auto	
初 3-總複習	กางเกง	kangkeng	gāng gēng	褲子	engine-auto	
初 3-總複習	กางเกงขายาว	kangkeng kha yao	gāng gēng kāˊ yāu	長褲	engine-auto	
初 3-總複習	กางเกงขาสั้น	kangkeng kha san	gāng gēng kāˊ sanˋ	短褲	engine-auto	
初 3-總複習	เสื้อแขนยาว	suea khaen yao	sɯ̄aˋ kɛ̄nˊ yāu	長袖	engine-auto	
初 3-總複習	เสื้อแขนสั้น	suea khaen san	sɯ̄aˋ kɛ̄nˊ sanˋ	短袖	engine-auto	
初 3-總複習	กระโปรง	kraprong	graˇ brōng	裙子	engine-auto	
初 3-總複習	กระโปรงยาว	kraprong yao	graˇ brōng yāu	長裙	engine-auto	
初 3-總複習	กระเป๋ากางเกง	krapao kangkeng	graˇ bāuˊ gāng gēng	褲子口袋	engine-auto	
初 3-總複習	กระเป๋าเสื้อ	krapao suea	graˇ bāuˊ sɯ̄aˋ	衣服口袋	engine-auto	
初 3-總複習	ข้างนอก	khang nok	kāngˋ nɔ̄kˋ	外面	engine-auto	
初 3-總複習	ไปข้างนอก	pai khang nok	bai kāngˋ nɔ̄kˋ	去外面	engine-auto	
初 3-總複習	ไปกินข้าวข้างนอก	pai kin khao khang nok	bai gin kāuˋ kāngˋ nɔ̄kˋ	去外面吃飯	engine-auto	
初 3-總複習	ไปเรียนเมืองนอก	pai rian mueang nok	bai rīan mɯ̄ang nɔ̄kˋ	去國外留學	engine-auto	
初 3-總複習	นักเรียนนอก	nak rian nok	nak~ rīan nɔ̄kˋ	留學生	engine-auto	
初 3-總複習	นอกใจ	nok jai	nɔ̄kˋ jai	劈腿/花心	engine-auto	
初 3-總複習	ก้าวหน้า	kao na	gāuˋ nāˋ	進步	engine-auto	
初 3-總複習	ก้าวหน้าเยอะ	kao na yoe	gāuˋ nāˋ yə~	進步很多	engine-auto	
初 3-總複習	ภาษาไทยก้าวหน้าเยอะ	pasa Thai kao na yoe	pā sāˊ tai gāuˋ nāˋ yə~	泰文進步很多	engine-auto	
初 3-總複習	แถว	thaeo	tɛ̄uˊ	排/行	engine-auto	
初 3-總複習	แถวหน้า	thaeo na	tɛ̄uˊ nāˋ	前排	engine-auto	
初 3-總複習	แถวกลาง	thaeo klang	tɛ̄uˊ glāng	中排	engine-auto	
初 3-總複習	แถวหลัง	thaeo lang	tɛ̄uˊ langˊ	後排	engine-auto	
初 3-總複習	ชอบนั่งแถวหน้า	chop nang thaeo na	chɔ̄pˋ nangˋ tɛ̄uˊ nāˋ	喜歡坐前排	engine-auto	
初 3-總複習	ชอบนั่งแถวหลัง	chop nang thaeo lang	chɔ̄pˋ nangˋ tɛ̄uˊ langˊ	喜歡坐後排	engine-auto	
初 3-總複習	เด็กหน้าห้อง	dek na hong	dhekˇ nāˋ hɔ̄ngˋ	教室前排的小孩	engine-auto	
初 3-總複習	เด็กหลังห้อง	dek lang hong	dhekˇ langˊ hɔ̄ngˋ	教室後排的小孩	engine-auto	
初 3-總複習	กล้า	kla	glāˋ	敢	engine-auto	
初 3-總複習	กล้ากิน	kla kin	glāˋ gin	敢吃	engine-auto	
初 3-總複習	ไม่กล้ากิน	mai kla kin	maiˋ glāˋ gin	不敢吃	engine-auto	
初 3-總複習	ไม่กล้ากินอะไรไหม	mai kla kin arai mai	maiˋ glāˋ gin aˇ rai maiˊ	有什麼不敢吃的嗎	engine-auto	
初 3-總複習	ผักชี	phak chi	pakˇ chī	香菜	engine-auto	
初 3-總複習	เครื่องใน	khreuang nai	krɯ̄angˋ nai	內臟	engine-auto	
初 3-總複習	หนอน	non	nɔ̄nˊ	昆蟲/蠕蟲	engine-auto	
初 3-總複習	แตงกวา	taengkwa	dɛ̄ng gwā	小黃瓜	engine-auto	
初 3-總複習	มะระ	mara	ma~ ra~	苦瓜	engine-auto	
初 3-總複習	ถั่ว	thua	tūaˇ	花生/豆類	engine-auto	
初 3-總複習	มะเขือ	makhuea	ma~ kɯ̄aˊ	茄子	engine-auto	
初 3-總複習	ไม่กล้าก็จะไม่มีวันก้าวหน้า	mai kla ko ja mai mee wan kao na	maiˋ glāˋ gɔ̄ˋ jaˇ maiˋ mī wan gāuˋ nāˋ	不敢就沒有進步的那一天	engine-auto	
初 3-總複習	กล้ามาก	kla mak	glāˋ mākˋ	好勇敢	engine-auto	
初 3-總複習	กล้าพูดมาก	kla phut mak	glāˋ pūtˋ mākˋ	很敢說	engine-auto	
初 3-總複習	แถวนี้	thaeo nee	tɛ̄uˊ nī~	這一帶/附近	engine-auto	
初 3-總複習	แถวนี้มีแฟมิลี่มาร์ทไหม	thaeo nee mee Family Mart mai	tɛ̄uˊ nī~ mī fɛ̄ mi~ līˋ mātˋ maiˊ	這附近有全家嗎	engine-auto	
初 3-總複習	เดินตรงไป เลี้ยวซ้าย แล้วก็ตรงไป ประมาณ 50 เมตร แล้วก็เลี้ยวซ้ายอีกครั้งหนึ่ง แล้วก็เจอแล้ว	dern trong pai liao sai lae ko trong pai praman ha sip met lae ko liao sai eek khrang nueng lae ko joe laeo	dhə̄n drong bai līau~ sāi~ lɛ̄u~ gɔ̄ˋ drong bai braˇ mān 50 mētˋ lɛ̄u~ gɔ̄ˋ līau~ sāi~ īkˇ krang~ nɯngˇ lɛ̄u~ gɔ̄ˋ jə̄ lɛ̄u~	直走左轉再直走約50米再左轉就到了	derived	
初 3-總複習	แถวนี้รถติด	thaeo nee rot tit	tɛ̄uˊ nī~ rot~ ditˇ	這附近塞車	engine-auto	
初 3-總複習	ใกล้	klai	glaiˋ	近	engine-auto	
初 3-總複習	ใกล้ที่ทำงาน	klai thi tham ngan	glaiˋ tīˋ tam ngān	離辦公室近	engine-auto	
初 3-總複習	ใกล้โรงแรม	klai rong raem	glaiˋ rōng rɛ̄m	離飯店近	engine-auto	
初 3-總複習	โรงแรมห้าดาว	rong raem ha dao	rōng rɛ̄m hāˋ dhāu	五星級飯店	engine-auto	
初 3-總複習	ติด	tit	ditˇ	黏/貼/著迷	engine-auto	
初 3-總複習	ติดเพื่อน	tit phuean	ditˇ pɯ̄anˋ	黏朋友	engine-auto	
初 3-總複習	ติดแฟน	tit faen	ditˇ fɛ̄n	黏男朋友/女友	engine-auto	
初 3-總複習	ติดแม่	tit mae	ditˇ mɛ̄ˋ	黏媽媽	engine-auto	
初 3-總複習	ติดใจ	tit jai	ditˇ jai	著迷/滿意	engine-auto	
初 3-總複習	ออกเสียงยาก	ok siang yak	ɔ̄kˇ sīangˊ yākˋ	發音難	engine-auto	
初 3-總複習	เสียง	siang	sīangˊ	聲音	book-exact	(book-exact已用引擎重新驗證)
初 3-總複習	เสียงดัง	siang dang	sīangˊ dhang	大聲	engine-auto	
初 3-總複習	เสียงเบา	siang bao	sīangˊ bhāu	小聲	engine-auto	
初 3-總複習	ภาษาฝรั่งเศส	pasa farangset	pā sāˊ faˇ rangˋ sētˇ	法文	derived	
初 3-總複習	ฟังพูดไม่ค่อยยาก แต่อ่านเขียนยากมาก	fang phut mai khoy yak tae an khian yak mak	fang pūtˋ maiˋ kɔ̄iˋ yākˋ dɛ̄ˇ ānˇ kīanˊ yākˋ mākˋ	聽說不難但讀寫非常難	engine-auto	
初 3-總複習	ต้องสู้	tong su	dɔ̄ngˋ sūˋ	要加油/奮鬥	engine-auto	
初 3-總複習	รถติด	rot tit	rot~ ditˇ	塞車	engine-auto	
初 3-總複習	ติดทางเดิน	tit thang dern	ditˇ tāng dhə̄n	靠走道	engine-auto	
初 3-總複習	ติดหน้าต่าง	tit na tang	ditˇ nāˋ dāngˇ	靠窗	engine-auto	
初 3-總複習	ที่นั่งติดทางเดิน	thi nang tit thang dern	tīˋ nangˋ ditˇ tāng dhə̄n	靠走道的位子	engine-auto	
初 3-總複習	ที่นั่งติดหน้าต่าง	thi nang tit na tang	tīˋ nangˋ ditˇ nāˋ dāngˇ	靠窗的位子	engine-auto	
初 3-總複習	ขึ้นไป	khuen pai	kɯnˋ bai	上去	engine-auto	
初 3-總複習	ขึ้นลิฟต์	khuen lift	kɯnˋ lip~	搭電梯	engine-auto	
初 3-總複習	ลงไป	long pai	long bai	下去	engine-auto	
初 3-總複習	ลงมา	long ma	long mā	下來	engine-auto	
初 3-總複習	บันไดเลื่อน	bandai luean	bhan dhai lɯ̄anˋ	手扶梯	engine-auto	
初 3-總複習	บันได	bandai	bhan dhai	樓梯	engine-auto	
初 3-總複習	เดินขึ้นบันได	dern khuen bandai	dhə̄n kɯnˋ bhan dhai	走上樓梯	engine-auto	
初 3-總複習	เดินลงบันได	dern long bandai	dhə̄n long bhan dhai	走下樓梯	engine-auto	
初 3-總複習	ลงเรือ	long ruea	long rɯ̄a	上船	engine-auto	
初 3-總複習	ขึ้นฝั่ง	khuen fang	kɯnˋ fangˇ	上岸	engine-auto	
初 3-總複習	ช่วยด้วย	chuay duay	chūayˋ dhūayˋ	救命	engine-auto	
初 3-總複習	ช่วยถือให้หน่อย	chuay thue hai noi	chūayˋ tɯ̄ˊ haiˋ nɔ̄iˇ	幫忙拿一下	engine-auto	
初 3-總複習	ช่วยซื้อให้หน่อย	chuay sue hai noi	chūayˋ sɯ̄~ haiˋ nɔ̄iˇ	幫忙買一下	engine-auto	
初 3-總複習	วันจันทร์	wan jan	wan jan	星期一	derived	
初 3-總複習	วันอังคาร	wan angkhan	wan ang kān	星期二	engine-auto	
初 3-總複習	วันพุธ	wan phut	wan put~	星期三	engine-auto	
初 3-總複習	วันพฤหัสบดี	wan phruehat	wan prɯ hatˇ bɔ̄ dhī	星期四	derived	
初 3-總複習	วันศุกร์	wan suk	wan sukˇ	星期五	engine-auto	
初 3-總複習	วันเสาร์	wan sao	wan sāuˊ	星期六	engine-auto	
初 3-總複習	วันอาทิตย์	wan athit	wan ā tit~	星期日	engine-auto	
初 3-總複習	วันนี้วันอะไร	wan nee wan arai	wan nī~ wan aˇ rai	今天星期幾？	engine-auto	
初 3-總複習	วันนี้วันจันทร์	wan nee wan jan	wan nī~ wan jan	今天星期一	derived	
初 3-總複習	เมื่อวานวันอาทิตย์	muea wan wan athit	mɯ̄aˋ wān wan ā tit~	昨天星期日	engine-auto	
初 3-總複習	พรุ่งนี้วันอังคาร	phrung nee wan angkhan	prungˋ nī~ wan ang kān	明天星期二	engine-auto	
初 3-總複習	ชอบวันอะไร	chop wan arai	chɔ̄pˋ wan aˇ rai	喜歡哪一天？	engine-auto	
初 3-總複習	ชอบวันหยุด	chop wan yut	chɔ̄pˋ wan yutˇ	喜歡假日	engine-auto	
初 3-總複習	อาทิตย์นี้มีวันหยุดไหม	athit nee mee wan yut mai	ā tit~ nī~ mī wan yutˇ maiˊ	這禮拜有假日嗎？	engine-auto	
初 3-總複習	วันขึ้นปีใหม่	wan khuen pee mai	wan kɯnˋ bī maiˇ	元旦	engine-auto	
初 3-總複習	มกราคม	mokkara	mok~ rā kom	一月	derived	
初 3-總複習	กุมภาพันธ์	kumpha	gum pā pan	二月	engine-auto	
初 3-總複習	มีนาคม	meena	mī nā kom	三月	derived	
初 3-總複習	เมษายน	mesa	mē sāˊ yon	四月	derived	
初 3-總複習	พฤษภาคม	phrueasapha	prɯt~ pā kom	五月	derived	
初 3-總複習	มิถุนายน	mithuna	mi~ tuˇ nā yon	六月	derived	
初 3-總複習	กรกฎาคม	karakada	gaˇ ra~ dā kom	七月	derived	
初 3-總複習	สิงหาคม	singha	singˊ hāˊ kom	八月	derived	
初 3-總複習	กันยายน	kanya	gan yā yon	九月	derived	
初 3-總複習	ตุลาคม	tula	duˇ lā kom	十月	derived	
初 3-總複習	พฤศจิกายน	phrueasajika	prɯt~ jiˇ gā yon	十一月	derived	
初 3-總複習	ธันวาคม	thanwa	tan wā kom	十二月	derived	
初 3-總複習	เกิดเดือนอะไร	koet duen arai	gə̄tˇ dhɯ̄an aˇ rai	幾月出生的？	engine-auto	
初 3-總複習	เดือนนี้เดือนธันวาคม	duen nee duen thanwa	dhɯ̄an nī~ dhɯ̄an tan wā kom	這個月是十二月	derived	
初 3-總複習	เดือนที่แล้วเดือนพฤศจิกายน	duen thi laeo duen phrueasajika	dhɯ̄an tīˋ lɛ̄u~ dhɯ̄an prɯt~ jiˇ gā yon	上個月是十一月	derived	
初 3-總複習	เดือนหน้าเดือนมกราคม	duen na duen mokkara	dhɯ̄an nāˋ dhɯ̄an mok~ rā kom	下個月是一月	derived	
初 3-總複習	ถ้าเดือนนี้เดือนเมษายน	tha duen nee duen mesa	tāˋ dhɯ̄an nī~ dhɯ̄an mē sāˊ yon	如果這個月是四月	derived	
初 3-總複習	วันตรุษจีน	wan trut jin	wan drutˇ jīn	春節	engine-auto	
初 3-總複習	ว่าง	wang	wāngˋ	有空	engine-auto	
初 3-總複習	เสาร์อาทิตย์	sao athit	sāuˊ ā tit~	週六週日（週末）	engine-auto	
初 3-總複習	เสาร์อาทิตย์นี้ว่างไหม	sao athit nee wang mai	sāuˊ ā tit~ nī~ wāngˋ maiˊ	這個週末有空嗎？	engine-auto	
初 3-總複習	เสาร์อาทิตย์นี้ไปเที่ยวที่ไหน	sao athit nee pai thieo thi nai	sāuˊ ā tit~ nī~ bai tīauˋ tīˋ naiˊ	這個週末去哪裡玩？	engine-auto	
初 3-總複習	ห้องว่าง	hong wang	hɔ̄ngˋ wāngˋ	空房	engine-auto	
初 3-總複習	มีห้องว่างให้เช่าไหม	mee hong wang hai chao mai	mī hɔ̄ngˋ wāngˋ haiˋ chāuˋ maiˊ	有空房出租嗎？	engine-auto	
初 3-總複習	เมื่อไหร่	muearai	mɯ̄aˋ raiˇ	什麼時候	engine-auto	
初 3-總複習	เมื่อไหร่ว่าง	muearai wang	mɯ̄aˋ raiˇ wāngˋ	什麼時候有空	engine-auto	
初 3-總複習	เมื่อไหร่จะแต่งงาน	muearai ja taeng ngan	mɯ̄aˋ raiˇ jaˇ dɛ̄ngˇ ngān	什麼時候要結婚	engine-auto	
初 3-總複習	เมื่อไหร่จะกลับบ้าน	muearai ja klap ban	mɯ̄aˋ raiˇ jaˇ glapˇ bhānˋ	什麼時候要回家	engine-auto	
初 3-總複習	วันทำงาน	wan tham ngan	wan tam ngān	工作日	engine-auto	
初 3-總複習	วันหยุด	wan yut	wan yutˇ	假日	engine-auto	
初 3-總複習	หยุดเรียน	yut rian	yutˇ rīan	停課	engine-auto	
初 3-總複習	หยุดงาน	yut ngan	yutˇ ngān	停工	engine-auto	
初 3-總複習	หยุดกิน	yut kin	yutˇ gin	停止吃（不要再吃了）	engine-auto	
初 3-總複習	วันหยุดยาว	wan yut yao	wan yutˇ yāu	連假	engine-auto	
初 3-總複習	วันหลัง	wan lang	wan langˊ	改天	engine-auto	
初 3-總複習	วันหลังไปใหม่	wan lang pai mai	wan langˊ bai maiˇ	改天再去	engine-auto	
初 3-總複習	วันหลังมาใหม่	wan lang maใหม่	wan langˊ mā maiˇ	改天再來	engine-auto	
初 3-總複習	วันเกิด	wan koet	wan gə̄tˇ	生日	engine-auto	
初 3-總複習	วันเกิดวันที่เท่าไหร่	wan koet wan thi thao rai	wan gə̄tˇ wan tīˋ tāuˋ raiˇ	生日是幾號？	engine-auto	
初 3-總複習	เกิดวันที่เท่าไหร่เดือนอะไร	koet wan thi thao rai duen arai	gə̄tˇ wan tīˋ tāuˋ raiˇ dhɯ̄an aˇ rai	幾月幾號出生？	engine-auto	
初 3-總複習	สวัสดีปีใหม่	sawatdee pee mai	saˇ watˇ dhī bī maiˇ	新年快樂	derived	
初 3-總複習	สวัสดีปีใหม่ไทย	sawatdee pee mai Thai	saˇ watˇ dhī bī maiˇ tai	泰國新年快樂（宋干節）	derived	
初 3-總複習	วันนี้ทำอะไร	wan nee tham arai	wan nī~ tam aˇ rai	今天做什麼	engine-auto	
初 3-總複習	วันนี้มาเรียนภาษาไทย	wan nee ma rian pasa Thai	wan nī~ mā rīan pā sāˊ tai	今天來學泰文	engine-auto	
初 3-總複習	พรุ่งนี้ทำงานไหม	phrung nee tham ngan mai	prungˋ nī~ tam ngān maiˊ	明天要上班嗎	engine-auto	
初 3-總複習	เมื่อวานทำโอทีไหม	muea wan tham OT mai	mɯ̄aˋ wān tam ō tī maiˊ	昨天加班（OT）嗎	engine-auto	
初 3-總複習	เมื่อวานไปเที่ยวที่ไหน	muea wan pai thieo thi nai	mɯ̄aˋ wān bai tīauˋ tīˋ naiˊ	昨天去哪裡玩	engine-auto	
初 3-總複習	คืนนี้	khuen nee	kɯ̄n nī~	今晚	engine-auto	
初 3-總複習	เมื่อคืน	muea khuen	mɯ̄aˋ kɯ̄n	昨晚	engine-auto	
初 3-總複習	คืนพรุ่งนี้	khuen phrung nee	kɯ̄n prungˋ nī~	明晚	engine-auto	
初 3-總複習	คืนนี้จะนอนกี่โมง	khuen nee ja non khee mong	kɯ̄n nī~ jaˇ nɔ̄n gīˇ mōng	今晚幾點睡	engine-auto	
初 3-總複習	นอนดึก	non duek	nɔ̄n dhɯkˇ	晚睡	engine-auto	
初 3-總複習	ตื่นเช้า	tuen chao	dɯ̄nˇ chāu~	早起	engine-auto	
初 3-總複習	วันจันทร์นี้	wan jan nee	wan jan nī~	這個星期一	derived	
初 3-總複習	วันจันทร์ที่แล้ว	wan jan thi laeo	wan jan tīˋ lɛ̄u~	上個星期一	derived	
初 3-總複習	วันจันทร์หน้า	wan jan na	wan jan nāˋ	下個星期一	derived	
初 3-總複習	ป้ายรถเมล์	pai rot mae	bāiˋ rot~ mē	公車站	engine-auto	
初 3-總複習	ป้ายนี้	pai nee	bāiˋ nī~	這一站	engine-auto	
初 3-總複習	ป้ายที่แล้ว	pai thi laeo	bāiˋ tīˋ lɛ̄u~	上一站	engine-auto	
初 3-總複習	ป้ายหน้า	pai na	bāiˋ nāˋ	下一站	engine-auto	
初 3-總複習	สถานีรถไฟ	sathani rot fai	saˇ tāˊ nī rot~ fai	捷運站（車站）	engine-auto	
初 3-總複習	สถานีนี้	sathani nee	saˇ tāˊ nī nī~	這一站下車	engine-auto	
初 3-總複習	ชาตินี้	chat nee	chātˋ nī~	這一輩子	derived	
初 3-總複習	ชาติที่แล้ว	chat thi laeo	chātˋ tīˋ lɛ̄u~	前世	derived	
初 3-總複習	ชาติหน้า	chat na	chātˋ nāˋ	下一輩子	derived	
初 3-總複習	ตอนเช้า	ton chao	dɔ̄n chāu~	早上	engine-auto	
初 3-總複習	ตอนบ่าย	ton bai	dɔ̄n bhāiˇ	下午	engine-auto	
初 3-總複習	ตอนเย็น	ton yen	dɔ̄n yen	傍晚	engine-auto	
初 3-總複習	ตอนเที่ยง	ton tieng	dɔ̄n tīangˋ	中午	engine-auto	
初 3-總複習	อาหารเช้า	ahan chao	ā hānˊ chāu~	早餐	engine-auto	
初 3-總複習	อาหารกลางวัน	ahan klang wan	ā hānˊ glāng wan	中餐	engine-auto	
初 3-總複習	อาหารเย็น	ahan yen	ā hānˊ yen	晚餐	engine-auto	
初 3-總複習	ข้าวเช้า	khao chao	kāuˋ chāu~	早餐（口語）	engine-auto	
初 3-總複習	ข้าวเที่ยง	khao tieng	kāuˋ tīangˋ	中餐（口語）	engine-auto	
初 3-總複習	ข้าวเย็น	khao yen	kāuˋ yen	晚餐（口語）	engine-auto	
初 3-總複習	กลางวัน	klang wan	glāng wan	白天	engine-auto	
初 3-總複習	กลางคืน	klang khuen	glāng kɯ̄n	晚上	engine-auto	
初 3-總複習	ต้นเดือน	ton duen	donˋ dhɯ̄an	月初	derived	
初 3-總複習	กลางเดือน	klang duen	glāng dhɯ̄an	月中	engine-auto	
初 3-總複習	สิ้นเดือน	sin duen	sinˋ dhɯ̄an	月底	engine-auto	
初 3-總複習	ปลายเดือน	plai duen	blāi dhɯ̄an	月底（另一說法）	engine-auto	
初 3-總複習	เงินเดือนออก	ngen duen ok	ngə̄n dhɯ̄an ɔ̄kˇ	發薪水	engine-auto	
初 3-總複習	ต้นปี	ton pee	donˋ bī	年初	derived	
初 3-總複習	กลางปี	klang pee	glāng bī	年中	engine-auto	
初 3-總複習	สิ้นปี	sin pee	sinˋ bī	年底	engine-auto	
初 3-總複習	ต้นปีหน้า	ton pee na	donˋ bī nāˋ	明年初	derived	
初 3-總複習	หลาน	lan	lānˊ	孫子	engine-auto	
初 3-總複習	ต้นทาง	ton thang	donˋ tāng	起點	derived	
初 3-總複習	กลางทาง	klang thang	glāng tāng	中途	engine-auto	
初 3-總複習	ปลายทาง	plai thang	blāi tāng	終點（末端）	engine-auto	
初 3-總複習	ทุกคน	thuk khon	tuk~ kon	每個人	engine-auto	
初 3-總複習	ทุกวัน	thuk wan	tuk~ wan	每天	engine-auto	
初 3-總複習	ทุกเดือน	thuk duen	tuk~ dhɯ̄an	每個月	engine-auto	
初 3-總複習	ทุกปี	thuk pee	tuk~ bī	每年	engine-auto	
初 3-總複習	ทุกคืน	thuk khuen	tuk~ kɯ̄n	每晚	engine-auto	
初 3-總複習	ไปเที่ยวทุกคืน	pai thieo thuk khuen	bai tīauˋ tuk~ kɯ̄n	每晚去玩	engine-auto	
初 3-總複習	กินชานมทุกวัน	kin cha nom thuk wan	gin chā nom tuk~ wan	每天喝奶茶	engine-auto	
初 3-總複習	กินกาแฟทุกวัน	kin kafe thuk wan	gin gā fɛ̄ tuk~ wan	每天喝咖啡	engine-auto	
初 3-總複習	ทุกๆ	thuk thuk	tuk~ tuk~	每個（強調）	engine-auto	
初 3-總複習	มาเรียนภาษาไทยทุกๆ วันจันทร์	ma rian pasa Thai thuk thuk wan jan	mā rīan pā sāˊ tai tuk~ tuk~ wan jan	每個禮拜一都來學泰文	derived	
初 3-總複習	ไปทำฟันทุกๆ 6 เดือน	pai tham fan thuk thuk hok duen	bai tam fan tuk~ tuk~ 6 dhɯ̄an	每六個月看牙醫	engine-auto	
初 3-總複習	หลายคน	lai khon	lāiˊ kon	好幾個人	engine-auto	
初 3-總複習	หลายวัน	lai wan	lāiˊ wan	好幾天	engine-auto	
初 3-總複習	หลายอาทิตย์	lai athit	lāiˊ ā tit~	好幾個禮拜	engine-auto	
初 3-總複習	หลายเดือน	lai duen	lāiˊ dhɯ̄an	好幾個月	engine-auto	
初 3-總複習	หลายปี	lai pee	lāiˊ bī	好幾年	engine-auto	
初 3-總複習	หลายครั้ง	lai khrang	lāiˊ krang~	好幾次	engine-auto	
初 3-總複習	ครั้งนี้	khrang nee	krang~ nī~	這次	engine-auto	
初 3-總複習	ครั้งที่แล้ว	khrang thi laeo	krang~ tīˋ lɛ̄u~	上次	engine-auto	
初 3-總複習	ครั้งหน้า	khrang na	krang~ nāˋ	下次	engine-auto	
初 3-總複習	ครั้งหน้าไปใหม่	khrang na pai mai	krang~ nāˋ bai maiˇ	下次再去	engine-auto	
初 3-總複習	ไม่กี่ครั้ง	mai khee khrang	maiˋ gīˇ krang~	沒幾次	engine-auto	
初 3-總複習	ไม่กี่วัน	mai khee wan	maiˋ gīˇ wan	沒幾天	engine-auto	
初 3-總複習	ไม่กี่อาทิตย์	mai khee athit	maiˋ gīˇ ā tit~	沒幾個禮拜	engine-auto	
初 3-總複習	ไม่กี่เดือน	mai khee duen	maiˋ gīˇ dhɯ̄an	沒幾個月	engine-auto	
初 3-總複習	ไม่กี่ปี	mai khee pee	maiˋ gīˇ bī	沒幾年	engine-auto	
初 3-總複習	รู้จัก	ru jak	rū~ jakˇ	認識	engine-auto	
初 3-總複習	เพิ่งรู้จัก	phoeng ru jak	pə̄ngˋ rū~ jakˇ	剛認識	engine-auto	
初 3-總複習	เพิ่งกิน	phoeng kin	pə̄ngˋ gin	剛吃	engine-auto	
初 3-總複習	เพิ่งไป	phoeng pai	pə̄ngˋ bai	剛去	engine-auto	
初 3-總複習	เพิ่งมา	phoeng ma	pə̄ngˋ mā	剛來	engine-auto	
初 3-總複習	เพิ่งนอน	phoeng non	pə̄ngˋ nɔ̄n	剛睡	engine-auto	
初 3-總複習	เพิ่งเดิน	phoeng dern	pə̄ngˋ dhə̄n	剛走（路）	engine-auto	
初 3-總複習	เงินเดือน	ngen duen	ngə̄n dhɯ̄an	月薪	engine-auto	
初 3-總複習	บางคน	bang khon	bhāng kon	有些人	engine-auto	
初 3-總複習	บางวัน	bang wan	bhāng wan	有些天	engine-auto	
初 3-總複習	บางเดือน	bang duen	bhāng dhɯ̄an	有些月份	engine-auto	
初 3-總複習	บางที	bang thee	bhāng tī	有時候	engine-auto	
初 3-總複習	บางครั้ง	bang khrang	bhāng krang~	有幾次/有時	engine-auto	
初 3-總複習	บางที่	bang thee	bhāng tīˋ	有些地方	engine-auto	
初 3-總複習	บางที่สนุก บางที่ไม่สนุก	bang thee sanuk bang thee mai sanuk	bhāng tīˋ saˇ nuk~ bhāng tīˋ maiˋ saˇ nuk~	有些好玩有些不好玩	engine-auto	
初 3-總複習	อะไรบ้าง	arai bang	aˇ rai bhāngˋ	有哪些	engine-auto	
初 3-總複習	ชอบกินอะไรบ้าง	chop kin arai bang	chɔ̄pˋ gin aˇ rai bhāngˋ	喜歡吃哪些	engine-auto	
初 3-總複習	ชอบไปที่ไหนบ้าง	chop pai thee nai bang	chɔ̄pˋ bai tīˋ naiˊ bhāngˋ	喜歡去哪裡（哪些地方）	engine-auto	
初 3-總複習	ชอบทำอะไรบ้าง	chop tham arai bang	chɔ̄pˋ tam aˇ rai bhāngˋ	喜歡做什麼（哪些事）	engine-auto	
初 3-總複習	ลม	lom	lom	風	derived	
初 3-總複習	ลมแรง	lom raeng	lom rɛ̄ng	風很大	derived	
初 3-總複習	หายใจ	hai jai	hāiˊ jai	呼吸	engine-auto	
初 3-總複習	หายใจเข้า	hai jai khao	hāiˊ jai kāuˋ	吸氣	engine-auto	
初 3-總複習	หายใจออก	hai jai ok	hāiˊ jai ɔ̄kˇ	吐氣	engine-auto	
初 3-總複習	ไม่หายใจ	mai hai jai	maiˋ hāiˊ jai	不呼吸	engine-auto	
初 3-總複習	ออกกี่โมง	ok khee mong	ɔ̄kˇ gīˇ mōng	幾點出發	engine-auto	
初 3-總複習	พรุ่งนี้ออกกี่โมง	phrung nee ok khee mong	prungˋ nī~ ɔ̄kˇ gīˇ mōng	明天幾點出發	engine-auto	
初 3-總複習	เครื่องออกกี่โมง	khreuang ok khee mong	krɯ̄angˋ ɔ̄kˇ gīˇ mōng	飛機幾點起飛	engine-auto	
初 3-總複習	รถออกกี่โมง	rot ok khee mong	rot~ ɔ̄kˇ gīˇ mōng	車子幾點開	engine-auto	
初 3-總複習	รถไฟออกกี่โมง	rot fai ok khee mong	rot~ fai ɔ̄kˇ gīˇ mōng	火車幾點開	engine-auto	
初 3-總複習	เรือออกกี่โมง	ruea ok khee mong	rɯ̄a ɔ̄kˇ gīˇ mōng	船幾點開	engine-auto	
初 3-總複習	ทั้งหมด	thang mot	tang~ motˇ	全部	derived	
初 3-總複習	ทั้งวัน	thang wan	tang~ wan	整天	engine-auto	
初 3-總複習	ทั้งคืน	thang khuen	tang~ kɯ̄n	整晚	engine-auto	
初 3-總複習	ทั้งสอง	thang song	tang~ sɔ̄ngˊ	兩個都	engine-auto	
初 3-總複習	ชอบทั้งสอง	chop thang song	chɔ̄pˋ tang~ sɔ̄ngˊ	兩個都喜歡	engine-auto	
初 3-總複習	ครึ่ง	khrueng	krɯngˋ	一半	engine-auto	
初 3-總複習	ครึ่งวัน	khrueng wan	krɯngˋ wan	半天	engine-auto	
初 3-總複習	ครึ่งชั่วโมง	khrueng chuamong	krɯngˋ chūaˋ mōng	半小時	engine-auto	
初 3-總複習	ครึ่งแก้ว	khrueng kaew	krɯngˋ gɛ̄uˋ	半杯	engine-auto	
初 3-總複習	ครึ่งขวด	khrueng khuat	krɯngˋ kūatˇ	半瓶	derived	
初 3-總複習	ครึ่งจาน	khrueng jan	krɯngˋ jān	半盤	engine-auto	
初 3-總複習	เอาข้าวครึ่งจาน	ao khao khrueng jan	au kāuˋ krɯngˋ jān	要半盤飯	engine-auto	
初 3-總複習	เอาเบียร์ครึ่งแก้ว	ao bia khrueng kaew	au bhīa krɯngˋ gɛ̄uˋ	要半杯啤酒	engine-auto	
初 3-總複習	ออกมั้ย	ok mai	ɔ̄kˇ mai~	出去嗎（揪團口語）	engine-auto	
初 3-總複習	วันนี้ออกมั้ย	wan nee ok mai	wan nī~ ɔ̄kˇ mai~	今天出去嗎	engine-auto	
初 3-總複習	ปะ	pa	baˇ	走吧	engine-auto	
初 3-總複習	ชั่วโมงครึ่ง	chuamong khrueng	chūaˋ mōng krɯngˋ	一個半小時	engine-auto	
初 3-總複習	ลูกครึ่ง	luk khrueng	lūkˋ krɯngˋ	混血兒	engine-auto	
初 3-總複習	ดึก	duek	dhɯkˇ	深夜	engine-auto	
初 3-總複習	นอนดึก	non duek	nɔ̄n dhɯkˇ	熬夜/晚睡	engine-auto	
初 3-總複習	นอนดึกไม่ดีต่อสุขภาพ	non duek mai dee tor sukaphat	nɔ̄n dhɯkˇ maiˋ dhī dɔ̄ˇ sukˇ pāpˋ	晚睡對健康不好	engine-auto	
初 3-總複習	ดีต่อสุขภาพ	dee tor sukaphat	dhī dɔ̄ˇ sukˇ pāpˋ	對健康好	engine-auto	
初 3-總複習	2 ต่อ 1	song tor nueng	2 dɔ̄ˇ 1	2比1	engine-auto	
初 3-總複習	นาฬิกา	nalika	nā li~ gā	時鐘	engine-auto	
初 3-總複習	นาที	natee	nā tī	分鐘	engine-auto	
初 3-總複習	นาฬิกาข้อมือ	nalika kho mue	nā li~ gā kɔ̄ˋ mɯ̄	手錶	engine-auto	
初 3-總複習	ใส่นาฬิกาข้อมือ	sai nalika kho mue	saiˇ nā li~ gā kɔ̄ˋ mɯ̄	戴手錶	engine-auto	
初 3-總複習	ประมาณ	praman	braˇ mān	大約	engine-auto	
初 3-總複習	ประมาณกี่โมง	praman khee mong	braˇ mān gīˇ mōng	大約幾點	engine-auto	
初 3-總複習	เจอกันประมาณกี่โมง	joe kan praman khee mong	jə̄ gan braˇ mān gīˇ mōng	大約幾點見面	engine-auto	
初 3-總複習	เกือบ	kueap	gɯ̄apˇ	幾乎/快要	engine-auto	
初 3-總複習	เกือบทุกวัน	kueap thuk wan	gɯ̄apˇ tuk~ wan	幾乎每天	engine-auto	
初 3-總複習	ชอบเกือบทุกอัน	chop kueap thuk an	chɔ̄pˋ gɯ̄apˇ tuk~ an	幾乎每一個都喜歡	engine-auto	
初 3-總複習	ผลไม้	phonlamai	ponˊ mai~	水果	derived	
初 3-總複習	มะพร้าว	maphrao	ma~ prāu~	椰子	engine-auto	
初 3-總複習	มะพร้าวเผา	maphrao phao	ma~ prāu~ pāuˊ	烤椰子	engine-auto	
初 3-總複習	มะพร้าวที่เมืองไทยหวานกว่าที่ไต้หวัน	maphrao thi mueang Thai wan kwa thi Taiwan	ma~ prāu~ tīˋ mɯ̄ang tai wāˊ nok~ wāˋ tīˋ daiˋ wanˊ	泰國椰子比台灣椰子甜	derived	
初 3-總複習	มะม่วง	mamuang	ma~ mūangˋ	芒果	engine-auto	
初 3-總複習	ข้าวเหนียวมะม่วง	khao niao mamuang	kāuˋ nīauˊ ma~ mūangˋ	芒果糯米飯	engine-auto	
初 3-總複習	ข้าวเหนียวทุเรียน	khao niao thurian	kāuˋ nīauˊ tu~ rīan	榴槤糯米飯	engine-auto	
初 3-總複習	มะนาว	manao	ma~ nāu	檸檬	engine-auto	
初 3-總複習	น้ำมะนาว	nam manao	nām~ ma~ nāu	檸檬水	engine-auto	
初 3-總複習	ชามะนาว	cha manao	chā ma~ nāu	檸檬茶	engine-auto	
初 3-總複習	มะละกอ	malako	ma~ la~ gɔ̄	木瓜	engine-auto	
初 3-總複習	มะเขือเทศ	makhueathet	ma~ kɯ̄aˊ tētˋ	番茄	engine-auto	
初 3-總複習	มะเขือ	makhuea	ma~ kɯ̄aˊ	茄子	engine-auto	
初 3-總複習	ซอสมะเขือเทศ	sot makhueathet	sɔ̄tˋ ma~ kɯ̄aˊ tētˋ	番茄醬	engine-auto	
初 3-總複習	พิซซ่า	pizza	pit~ sāˋ	披薩	engine-auto	
初 3-總複習	ขอซอสมะเขือเทศสิบห่อ	kho sot makhueathet sip ho	kɔ̄ˊ sɔ̄tˋ ma~ kɯ̄aˊ tētˋ sipˇ hɔ̄ˇ	要十包番茄醬	engine-auto	
初 3-總複習	แมคโดนัลด์	McDonald	mɛ̄kˋ dhō nan	麥當勞	engine-auto	
初 3-總複習	หกห่อ	hok ho	hokˇ hɔ̄ˇ	六包（袋）	engine-auto	
初 3-總複習	มะม่วงเบา	mamuang bao	ma~ mūangˋ bhāu	酸芒果	engine-auto	
初 3-總複習	น้ำปลาหวาน	nam pla wan	nām~ blā wānˊ	甜魚露	engine-auto	
初 3-總複習	อันไหนอร่อย	an nai aroi	an naiˊ aˇ rɔ̄iˋ	哪一個好吃	engine-auto	
初 3-總複習	อันไหนไม่เผ็ด	an nai mai phet	an naiˊ maiˋ petˇ	哪一個不辣	engine-auto	
初 3-總複習	สับปะรด	sapparot	sapˇ baˇ rot~	鳳梨	derived	
初 3-總複習	อ้อย	oi	ɔ̄iˋ	甘蔗	engine-auto	
初 3-總複習	โอ๊ย	oy	ōi~	痛/哎喲	engine-auto	
初 3-總複習	ส้ม	som	somˋ	柳橙	engine-auto	
初 3-總複習	น้ำส้ม	nam som	nām~ somˋ	柳橙汁	engine-auto	
初 3-總複習	น้ำส้มคั้นสด	nam som khan sot	nām~ somˋ kan~ sotˇ	鮮榨柳橙汁	engine-auto	
初 3-總複習	ส้มโอ	som o	somˋ ō	柚子	engine-auto	
初 3-總複習	ส้มเช้ง	som cheng	somˋ chēng~	綠丁（柳橙品種）	engine-auto	
初 3-總複習	กล้วย	kluay	glūayˋ	香蕉	engine-auto	
初 3-總複習	กล้วยทอด	kluay thot	glūayˋ tɔ̄tˋ	炸香蕉	engine-auto	
初 3-總複習	กล้วยปิ้ง	kluay ping	glūayˋ bingˋ	烤香蕉	engine-auto	
初 3-總複習	กล้วยไข่	kluay khai	glūayˋ kaiˇ	蛋蕉	engine-auto	
初 3-總複習	องุ่น	angun	aˇ ngunˋ	葡萄	derived	
初 3-總複習	ฝรั่ง	farang	faˇ rangˋ	芭樂/洋人	derived	
初 3-總複習	ฝรั่งกินฝรั่ง	farang kin farang	faˇ rangˋ gin faˇ rangˋ	洋人吃芭樂	derived	
初 3-總複習	แตงโม	taengmo	dɛ̄ng mō	西瓜	engine-auto	
初 3-總複習	น้ำแตงโม	nam taengmo	nām~ dɛ̄ng mō	西瓜汁	engine-auto	
初 3-總複習	ชมพู่	chomphu	chom pūˋ	蓮霧	derived	
初 3-總複習	สีชมพู่	si chomphu	sīˊ chom pūˋ	粉紅色	derived	
初 3-總複習	มังคุด	mangkut	mang kut~	山竹	engine-auto	
初 3-總複習	ทุเรียน	thurian	tu~ rīan	榴槤	engine-auto	
初 3-總複習	ขนุน	khanun	kaˇ nun	波羅蜜	derived	
初 3-總複習	เงาะ	ngo	ngɔ~	紅毛丹	engine-auto	
初 3-總複習	มังกร	mangkon	mang gɔ̄n	龍果	derived	
初 3-總複習	แก้วมังกร	kaeo mangkon	gɛ̄uˋ mang gɔ̄n	火龍果	derived	
初 3-總複習	ลิ้นจี่	linjee	lin~ jīˇ	荔枝	engine-auto	
初 3-總複習	ลำไย	lamyai	lam yai	龍眼	engine-auto	
初 3-總複習	สาลี่	salee	sāˊ līˋ	水梨	engine-auto	
初 3-總複習	ลูกท้อ	luk tho	lūkˋ tɔ̄~	桃子	engine-auto	
初 3-總複習	บ๊วย	buai	bhūay~	梅子	engine-auto	
初 3-總複習	แอปเปิ้ล	apple	ɛ̄pˇ bə̄nˋ	蘋果	engine-auto	
初 3-總複習	เชอร์รี่	cherry	chə̄ rīˋ	櫻桃	engine-auto	
初 3-總複習	สตรอว์เบอร์รี่	strawberry	saˇ rɔ̄ bhə̄ rīˋ	草莓	derived	
初 3-總複習	กีวี่	kiwi	gī wīˋ	奇異果	engine-auto	
初 3-總複習	อะโวคาโด	avocado	aˇ wō kā dhō	酪梨	engine-auto	
初 3-總複習	ทุเรียนทอด	thurian thot	tu~ rīan tɔ̄tˋ	炸榴槤	engine-auto	
初 3-總複習	ทุเรียนอบแห้ง	thurian op haeng	tu~ rīan opˇ hɛ̄ngˋ	榴槤乾	engine-auto	
初 3-總複習	มะขาม	makham	ma~ kāmˊ	羅望子	engine-auto	
初 3-總複習	น้ำมะขาม	nam makham	nām~ ma~ kāmˊ	羅望子汁	engine-auto	
初 3-總複習	ซอสมะขาม	sot makham	sɔ̄tˋ ma~ kāmˊ	羅望子醬	engine-auto	
初 3-總複習	เงาะกระป๋อง	ngo krapong	ngɔ~ graˇ bɔ̄ngˊ	罐頭紅毛丹	engine-auto	
初 3-總複習	ปลากระป๋อง	pla krapong	blā graˇ bɔ̄ngˊ	罐頭魚	engine-auto	
初 3-總複習	เบียร์กระป๋อง	bia krapong	bhīa graˇ bɔ̄ngˊ	罐裝啤酒	engine-auto	
初 3-總複習	ทับทิม	thapthim	tap~ tim	石榴	engine-auto	
初 3-總複習	ทับทิมกรอบ	thapthim krop	tap~ tim grɔ̄pˇ	紅寶石脆圓（甜點）	engine-auto	
初 3-總複習	หมูกรอบ	mu krop	mūˊ grɔ̄pˇ	脆皮豬肉	engine-auto	
初 3-總複習	ลองกอง	longkong	lɔ̄ng gɔ̄ng	龍宮果	engine-auto	
初 3-總複習	มะเขือยาว	makhuea yao	ma~ kɯ̄aˊ yāu	長茄子	engine-auto	
初 3-總複習	ลำไยอบแห้ง	lamyai op haeng	lam yai opˇ hɛ̄ngˋ	龍眼乾	engine-auto	
初 3-總複習	ลำไยสีทองอบแห้ง	lamyai si thong op haeng	lam yai sīˊ tɔ̄ ngɔ̄pˋ hɛ̄ngˋ	金色龍眼乾	engine-auto	
初 3-總複習	น้ำลำไย	nam lamyai	nām~ lam yai	龍眼水	engine-auto	
初 3-總複習	ต้นไม้	tonmai	donˋ mai~	樹	derived	
初 3-總複習	เชียงใหม่ เชียงราย ลำปาง	Chiang Mai Chiang Rai Lampang	chīang maiˇ chīang rāi lam bāng	清邁/清萊/南邦	engine-auto	
初 3-總複習	อยู่ภาคเหนือ	yu phak neua	yūˋ pākˋ nɯ̄aˊ	在北部	engine-auto	
初 3-總複習	สวน	suan	sūanˊ	果園	engine-auto	
初 3-總複習	สวนลำไย สวนลิ้นจี่	suan lamyai suan linjee	sūanˊ lam yai sūanˊ lin~ jīˇ	龍眼園/荔枝園	engine-auto	
初 3-總複習	ปลูกลำไย	pluk lamyai	blūkˇ lam yai	種龍眼	engine-auto	
初 3-總複習	สวนทุเรียน	suan thurian	sūanˊ tu~ rīan	榴槤園	engine-auto	
初 3-總複習	สวนดอกไม้	suan dokmai	sūanˊ dhɔ̄kˇ mai~	花園	engine-auto	
初 3-總複習	สวนน้ำ	suan nam	sūanˊ nām~	水上樂園	engine-auto	
初 3-總複習	สวนสนุก	suan sanuk	sūanˊ saˇ nuk~	遊樂園	engine-auto	
初 3-總複習	อยู่ภาคใต้	yu phak tai	yūˋ pākˋ daiˋ	在南部	engine-auto	
初 3-總複習	ภูเก็ต พังงา เกาะสมุย	Phuket Phang-nga Ko Samui	pū getˇ pang ngā gɔˇ saˇ mui	普吉島/攀牙/蘇美島	derived	
初 3-總複習	งาช้าง	nga chang	ngā chāng~	象牙	engine-auto	
初 3-總複習	งา	nga	ngā	芝麻	engine-auto	
初 3-總複習	งาดำ	nga dam	ngā dham	黑芝麻	engine-auto	
初 3-總複習	งาขาว	nga khao	ngā kāuˊ	白芝麻	engine-auto	
初 3-總複習	เกาะ	ko	gɔˇ	島	engine-auto	
初 3-總複習	เกาะไต้หวัน	ko Taiwan	gɔˇ daiˋ wanˊ	台灣島	engine-auto	
初 3-總複習	เกาะเสม็ด เกาะช้าง	ko Samet ko Chang	gɔˇ saˇ metˇ gɔˇ chāng~	沙美島/象島	derived	
初 3-總複習	จังหวัด	changwat	jang watˇ	府	engine-auto	
初 3-總複習	ชาวมุสลิม	chao Muslim	chāu mu~ saˇ lim	穆斯林	derived	
初 3-總複習	ชาวพุทธ	chao phut	chāu put~	佛教徒	derived	
初 3-總複習	เมืองไทยมี 77 จังหวัด	mueang Thai mee 77 changwat	mɯ̄ang tai mī 77 jang watˇ	泰國有 77 個府	engine-auto	
初 3-總複習	ไปเที่ยวจังหวัดไหน	pai thieo changwat nai	bai tīauˋ jang watˇ naiˊ	去哪一個府玩	engine-auto	
初 3-總複習	กรุงเทพ	Krung Thep	grung tēpˋ	曼谷	engine-auto	
初 3-總複習	สุโขทัย	Sukhothai	suˇ kōˊ tai	素可泰	engine-auto	
初 3-總複習	อยุธยา	Ayutthaya	aˇ yu~ ta~ yā	大城	derived	
初 3-總複習	อยู่ภาคกลาง	yu phak klang	yūˋ pākˋ glāng	在中部	engine-auto	
初 3-總複習	พัทยา	Pattaya	pat~ yā	芭達雅	engine-auto	
初 3-總複習	อยู่ภาคตะวันออก	yu phak tawan ok	yūˋ pākˋ daˇ wan ɔ̄kˇ	在東部	engine-auto	
初 3-總複習	ทั้ง...และ...	thang...lae...	tang~...lɛ~...	兩者都...	engine-auto	
初 3-總複習	ทั้งคนจีนและคนไต้หวันพูดภาษาจีนกลาง	thang khon jin lae khon Taiwan phut pasa jin klang	tang~ kon jīn lɛ~ kon daiˋ wanˊ pūtˋ pā sāˊ jīn glāng	中國人和台灣人都說普通話	engine-auto	
初 3-總複習	ฉันชอบกินผลไม้นะ ทั้งมังคุด ลำไย ทุเรียน และมะละกอ	chan chop kin phonlamai na thang mangkhut lamyai thurian lae malako	chanˊ chɔ̄pˋ gin ponˊ mai~ na~ tang~ mang kut~ lam yai tu~ rīan lɛ~ ma~ la~ gɔ̄	喜歡吃水果，有山竹、龍眼、榴槤和木瓜	derived	
初 3-總複習	ชอบกินอาหารไทย ทั้งกะเพราหมู คะน้าหมูกรอบ ต้มยำกุ้ง และทุเรียน	chop kin ahan Thai thang kaprao mu khana mu krop tom yam kung lae thurian	chɔ̄pˋ gin ā hānˊ tai tang~ gaˇ prāu mūˊ ka~ nā~ mūˊ grɔ̄pˇ domˋ yam gungˋ lɛ~ tu~ rīan	喜歡泰國菜，有打拋豬、芥藍脆皮豬、冬蔭功和榴槤	engine-auto	
初 3-總複習	ฉันพูดได้ทั้งภาษาจีน ภาษาไทย และภาษาอังกฤษ	chan phut dai thang pasa jin pasa Thai lae pasa angkrit	chanˊ pūtˋ dhaiˋ tang~ pā sāˊ jīn pā sāˊ tai lɛ~ pā sāˊ ang gritˇ	我能說中文、泰文和英文	derived	
初 3-總複習	คนไทยส่วนใหญ่เป็นชาวพุทธ	khon Thai suan yai pen chao phut	kon tai sūanˇ yaiˇ ben chāu put~	泰國人大部分是佛教徒	derived	
初 3-總複習	ชาวพุทธ	chao phut	chāu put~	佛教徒	derived	
初 3-總複習	ชาวคริสต์	chao khrit	chāu krit~	基督徒	engine-auto	
初 3-總複習	ชาวไทย	chao Thai	chāu tai	泰國人（較正式）	engine-auto	
初 3-總複習	ชาวไต้หวัน	chao Taiwan	chāu daiˋ wanˊ	台灣人（較正式）	engine-auto	
初 3-總複習	ส่วนใหญ่	suan yai	sūanˇ yaiˇ	大部分	engine-auto	
初 3-總複習	อาหารไทยส่วนใหญ่เผ็ดมาก	ahan Thai suan yai phet mak	ā hānˊ tai sūanˇ yaiˇ petˇ mākˋ	泰國菜大部分很辣	engine-auto	
初 3-總複習	ผลไม้ไต้หวันส่วนใหญ่หวานมาก	phonlamai Taiwan suan yai wan mak	ponˊ mai~ daiˋ wanˊ sūanˇ yaiˇ wānˊ mākˋ	台灣水果大部分很甜	derived	
初 3-總複習	คนไต้หวันส่วนใหญ่ไม่กินเผ็ด	khon Taiwan suan yai mai kin phet	kon daiˋ wanˊ sūanˇ yaiˇ maiˋ gin petˇ	台灣人大部分不吃辣	engine-auto	
初 3-總複習	กินจืด	kin juet	gin jɯ̄tˇ	吃清淡	engine-auto	
初 3-總複習	แกงจืด	kaeng juet	gɛ̄ng jɯ̄tˇ	清湯	engine-auto	
初 3-總複習	ภาคอีสาน	phak isan	pākˋ ī sānˊ	東北部（伊森）	engine-auto	
初 3-總複習	พูดภาษาอีสาน	phut pasa isan	pūtˋ pā sāˊ ī sānˊ	說伊森話	engine-auto	
初 3-總複習	กินอาหารอีสาน	kin ahan isan	gin ā hānˊ ī sānˊ	吃伊森菜	engine-auto	
初 3-總複習	ส้มตำ	som tam	somˋ dam	青木瓜沙拉	engine-auto	
初 3-總複習	คอหมูย่าง	kho mu yang	kɔ̄ mūˊ yāngˋ	烤豬頸肉	engine-auto	
初 3-總複習	แฟนคนแรกเป็นคนอีสาน	faen khon raek pen khon isan	fɛ̄n kon rɛ̄kˋ ben kon ī sānˊ	第一個男/女朋友是東北人	engine-auto	
初 3-總複習	แรก	raek	rɛ̄kˋ	第一	engine-auto	
初 3-總複習	วันแรก	wan raek	wan rɛ̄kˋ	第一天	engine-auto	
初 3-總複習	คนแรก	khon raek	kon rɛ̄kˋ	第一個人	engine-auto	
初 3-總複習	เดือนแรก	duen raek	dhɯ̄an rɛ̄kˋ	第一個月	engine-auto	
初 3-總複習	ปีแรก	pee raek	bī rɛ̄kˋ	第一年	engine-auto	
初 3-總複習	อาทิตย์แรก	athit raek	ā tit~ rɛ̄kˋ	第一個禮拜	engine-auto	
初 3-總複習	ห้องแรก	hong raek	hɔ̄ngˋ rɛ̄kˋ	第一間房間	engine-auto	
初 3-總複習	เดียว	diao	dhīau	單一	engine-auto	
初 3-總複習	อยู่คนเดียวเหงาไหม	yu khon diao ngao mai	yūˋ kon dhīau ngāuˊ maiˊ	一個人（孤單）嗎	engine-auto	
初 3-總複習	อยู่คนเดียว	yu khon diao	yūˋ kon dhīau	一個人住	engine-auto	
初 3-總複習	มีลูกคนเดียว	mee luk khon diao	mī lūkˋ kon dhīau	只有一個小孩	engine-auto	
初 3-總複習	มีแฟนคนเดียว	mee faen khon diao	mī fɛ̄n kon dhīau	只有一個男/女朋友	engine-auto	
初 3-總複習	มีห้องเดียว	mee hong diao	mī hɔ̄ngˋ dhīau	只有一間房間	engine-auto	
初 3-總複習	มีห้องน้ำห้องเดียว	mee hong nam hong diao	mī hɔ̄ngˋ nām~ hɔ̄ngˋ dhīau	只有一間廁所	engine-auto	
初 3-總複習	ห้องนอน	hong non	hɔ̄ngˋ nɔ̄n	臥室	engine-auto	
初 3-總複習	เดียวกัน	diao kan	dhīau gan	同一個	engine-auto	
初 3-總複習	ทางเดียวกัน	thang diao kan	tāng dhīau gan	同一條路	engine-auto	
初 3-總複習	สีเดียวกัน	si diao kan	sīˊ dhīau gan	同一種顏色	engine-auto	
初 3-總複習	ใส่เสื้อสีเดียวกัน	sai suea si diao kan	saiˇ sɯ̄aˋ sīˊ dhīau gan	穿同色的衣服	engine-auto	
初 3-總複習	คนเดียวกัน	khon diao kan	kon dhīau gan	同一個人	engine-auto	
初 3-總複習	ชอบคนเดียวกัน	chop khon diao kan	chɔ̄pˋ kon dhīau gan	喜歡同一個人	engine-auto	
初 3-總複習	ทำงานบริษัทเดียวกัน	tham ngan borisat diao kan	tam ngān bhɔ̄ ri~ satˇ dhīau gan	在同一家公司工作	derived	
初 3-總複習	เกิดวันเดียวกัน	koet wan diao kan	gə̄tˇ wan dhīau gan	同一天出生	engine-auto	
初 3-總複習	เกิดเดือนเดียวกัน	koet duen diao kan	gə̄tˇ dhɯ̄an dhīau gan	同一個月出生	engine-auto	
初 3-總複習	เรียนห้องเดียวกัน	rian hong diao kan	rīan hɔ̄ngˋ dhīau gan	在同一個教室學習	engine-auto	
初 3-總複習	เหงา	ngao	ngāuˊ	寂寞	engine-auto	
初 3-總複習	คนไทยขี้เหงา	khon Thai khee ngao	kon tai kīˋ ngāuˊ	泰國人很容易寂寞	engine-auto	
初 3-總複習	ขี้เกียจ	khee kiat	kīˋ gīatˇ	懶惰	engine-auto	
初 3-總複習	ขี้เกียจปอกเปลือก	khee kiat pok plueak	kīˋ gīatˇ bɔ̄kˇ blɯ̄akˇ	懶得剝皮	engine-auto	
初 3-總複習	ขี้เกียจฟังภาษาไทย	khee kiat fang pasa Thai	kīˋ gīatˇ fang pā sāˊ tai	懶得聽泰文	engine-auto	
初 3-總複習	ขี้เกียจเรียนภาษาไทย	khee kiat rian pasa Thai	kīˋ gīatˇ rīan pā sāˊ tai	懶得學泰文	engine-auto	
初 3-總複習	เปลือก	plueak	blɯ̄akˇ	皮/殼	engine-auto	
初 3-總複習	เปลือกแตงโม	plueak taengmo	blɯ̄akˇ dɛ̄ng mō	西瓜皮	engine-auto	
初 3-總複習	เปลือกลำไย	plueak lamyai	blɯ̄akˇ lam yai	龍眼皮	engine-auto	
初 3-總複習	เปลือกหอย	plueak hoy	blɯ̄akˇ hɔ̄iˊ	貝殼	engine-auto	
初 3-總複習	เปลือกกุ้ง	plueak kung	blɯ̄akˇ gungˋ	蝦殼	engine-auto	
初 3-總複習	เปลือกไข่	plueak khai	blɯ̄akˇ kaiˇ	蛋殼	engine-auto	
初 3-總複習	ขี้เกียจขับรถ	khee kiat khap rot	kīˋ gīatˇ kapˇ rot~	懶得開車	engine-auto	
初 3-總複習	ขี้เกียจทำอาหาร	khee kiat tham ahan	kīˋ gīatˇ tam ā hānˊ	懶得煮飯	engine-auto	
初 3-總複習	เอง	eng	ēng	自己	engine-auto	
初 3-總複習	กินเอง	kin eng	gin ēng	自己吃	engine-auto	
初 3-總複習	เรียนเอง	rian eng	rīan ēng	自己學	engine-auto	
初 3-總複習	ไปเรียนเอง	pai rian eng	bai rīan ēng	自己去上學	engine-auto	
初 3-總複習	พูดเอง	phut eng	pūtˋ ēng	自己說	engine-auto	
初 3-總複習	ทำเอง	tham eng	tam ēng	自己做	engine-auto	
初 3-總複習	ใบไม้	bai mai	bhai mai~	樹葉	engine-auto	
初 3-總複習	ใบบัว	bai bua	bhai bhūa	蓮葉	engine-auto	
初 3-總複習	ใบชา	bai cha	bhai chā	茶葉	engine-auto	
初 3-總複習	ใบมะกรูด	bai makrut	bhai ma~ grūtˇ	檸檬葉	engine-auto	
初 3-總複習	ใบตอง	bai tong	bhai dɔ̄ng	芭蕉葉	engine-auto	
初 3-總複習	ห่อ	ho	hɔ̄ˇ	包/包裝	engine-auto	
初 3-總複習	ซื้อข้าวเหนียวสองห่อ	sue khao niao song ho	sɯ̄~ kāuˋ nīauˊ sɔ̄ngˊ hɔ̄ˇ	買兩包糯米飯	engine-auto	
初 3-總複習	ซอสมะเขือเทศหกห่อ	sot makhueathet hok ho	sɔ̄tˋ ma~ kɯ̄aˊ tētˋ hokˇ hɔ̄ˇ	六包番茄醬	engine-auto	
初 3-總複習	ดอกไม้	dok mai	dhɔ̄kˇ mai~	花	engine-auto	
初 3-總複習	ปลูก	pluk	blūkˇ	種植	engine-auto	
初 3-總複習	ปลูกข้าว	pluk khao	blūkˇ kāuˋ	種稻	engine-auto	
初 3-總複習	ปลูกต้นไม้	pluk ton mai	blūkˇ donˋ mai~	種樹	derived	
初 3-總複習	ปลูกดอกไม้	pluk dok mai	blūkˇ dhɔ̄kˇ mai~	種花	engine-auto	
初 3-總複習	ปลูกผัก	pluk phak	blūkˇ pakˇ	種菜	engine-auto	
初 3-總複習	ปลูกฟัน	pluk fan	blūkˇ fan	植牙	engine-auto	
初 3-總複習	ปลูกผม	pluk phom	blūkˇ pomˊ	植髮	engine-auto	
初 3-總複習	เม็ด	met	met~	顆/粒（種子或藥丸）	engine-auto	
初 3-總複習	เม็ดแตงโม	met taengmo	met~ dɛ̄ng mō	西瓜籽	engine-auto	
初 3-總複習	เม็ดองุ่น	met angun	met~ aˇ ngunˋ	葡萄籽	derived	
初 3-總複習	กินยาห้าเม็ด	kin ya ha met	gin yā hāˋ met~	吃五顆藥	engine-auto	
初 3-總複習	นมเม็ด	nom met	nom met~	奶片	engine-auto	
初 3-總複習	เม็ดกาแฟ	met kafe	met~ gā fɛ̄	咖啡豆	engine-auto	
初 3-總複習	ถั่ว	thua	tūaˇ	豆子	engine-auto	
初 3-總複習	ถั่วเขียว ถั่วแดง ถั่วเหลือง ถั่วดำ	thua khiao thua daeng thua lueang thua dam	tūaˇ kīauˊ tūaˇ dhɛ̄ng tūaˇ lɯ̄angˊ tūaˇ dham	綠豆/紅豆/黃豆/黑豆	engine-auto	
初 3-總複習	ปั่น	pan	banˇ	攪拌/旋轉	engine-auto	
初 3-總複習	เครื่องปั่น	khreuang pan	krɯ̄angˋ banˇ	攪拌機	engine-auto	
初 3-總複習	เครื่องปั่นน้ำผลไม้	khreuang pan nam phonlamai	krɯ̄angˋ banˇ nām~ ponˊ mai~	果汁機	derived	
初 4-1	ครึ่ง	kreung	krɯngˋ	半	engine-auto	
初 4-1	เจอกันเที่ยงครึ่ง	jer gan tiang kreung	jə̄ gan tīangˋ krɯngˋ	12:30 見	engine-auto	
初 4-1	เรียนชั่วโมงครึ่ง	rian chuamong kreung	rīan chūaˋ mōng krɯngˋ	上課一個半小時	engine-auto	
初 4-1	แก้วที่สองครึ่งราคา	gaeo tee sawng kreung raakaa	gɛ̄uˋ tīˋ sɔ̄ngˊ krɯngˋ rā kā	第二杯半價	engine-auto	
初 4-1	ประมาณ	bpra maan	braˇ mān	大約	engine-auto	
初 4-1	มีคนมาประมาณร้อยคน	mee kon maa bpra maan roy kon	mī kon mā braˇ mān rɔ̄i~ kon	有大約一百人來	engine-auto	
初 4-1	ใช้เวลาทำประมาณสิบห้านาที	chai way laa tam bpra maan sip haa naa tee	chai~ wē lā tam braˇ mān sipˇ hāˋ nā tī	大約花 15 分鐘做	engine-auto	
初 4-1	เกือบ	geuap	gɯ̄apˇ	快要 / 差一點	engine-auto	
初 4-1	เกือบสี่ทุ่มแล้ว	geuap see toom laeo	gɯ̄apˇ sīˇ tumˋ lɛ̄u~	快要晚上十點了	engine-auto	
初 4-1	เกือบตกน้ำ	geuap dtok naam	gɯ̄apˇ dokˇ nām~	差一點掉進水裡	engine-auto	
初 4-1	ทั้งวัน	tang wan	tang~ wan	整天	engine-auto	
初 4-1	อ่านหนังสือทั้งวัน	aan nang seu tang wan	ānˇ nangˊ sɯ̄ˊ tang~ wan	整天看書	engine-auto	
初 4-1	ทำงานทั้งวัน	tam ngaan tang wan	tam ngān tang~ wan	整天工作	engine-auto	
初 4-1	ทำงานทั้งวันเหนื่อยมาก	tam ngaan tang wan neuay maak	tam ngān tang~ wan nɯ̄aiˇ mākˋ	整天工作，很累	engine-auto	
初 4-1	ทั้งคืน	tang keun	tang~ kɯ̄n	整晚	engine-auto	
初 4-1	เล่นมือถือทั้งคืน	len meu teu tang keun	lēnˋ mɯ̄ tɯ̄ˊ tang~ kɯ̄n	整晚玩手機	engine-auto	
初 4-1	เพื่อนเล่นมือถือทั้งคืน	peuan len meu teu tang keun	pɯ̄anˋ lēnˋ mɯ̄ tɯ̄ˊ tang~ kɯ̄n	朋友整晚玩手機	engine-auto	
初 4-1	บางครั้งเพื่อนเล่นมือถือทั้งคืน	baang krang peuan len meu teu tang keun	bhāng krang~ pɯ̄anˋ lēnˋ mɯ̄ tɯ̄ˊ tang~ kɯ̄n	有時候朋友整晚玩手機	engine-auto	
初 4-1	ผลไม้	pon la mai	ponˊ mai~	水果	derived	
初 4-1	คุณชอบกินผลไม้อะไรที่สุด	koon chawp gin pon la mai arai tee soot	kun chɔ̄pˋ gin ponˊ mai~ aˇ rai tīˋ sutˇ	你最喜歡吃什麼水果	derived	
初 4-1	คุณเอาน้ำผลไม้ไหม	koon ao naam pon la mai mai	kun au nām~ ponˊ mai~ maiˊ	你要果汁嗎	derived	
初 4-1	เคยมาเมืองไทยไหม	koey maa meuang tai mai	kə̄i mā mɯ̄ang tai maiˊ	你來過泰國嗎	engine-auto	
初 4-1	ผมเคยมาเมืองไทยแล้ว	pom koey maa meuang tai laeo	pomˊ kə̄i mā mɯ̄ang tai lɛ̄u~	我來過泰國了	engine-auto	
初 4-1	ผมเคยมาที่นี่แล้ว	pom koey maa tee nee laeo	pomˊ kə̄i mā tīˋ nīˋ lɛ̄u~	我曾經來過這裡了	engine-auto	
初 4-1	เคยดูเรื่องนี้ไหม	koey doo reuang nee mai	kə̄i dhū rɯ̄angˋ nī~ maiˊ	你看過這部嗎	engine-auto	
初 4-1	ต้นไม้	dton mai	donˋ mai~	樹	derived	
初 4-1	นี่ต้นอะไร	nee dton arai	nīˋ donˋ aˇ rai	這是什麼樹	derived	
初 4-1	นี่ต้นทุเรียน	nee dton too rian	nīˋ donˋ tu~ rīan	這是榴槤樹	derived	
初 4-1	นี่ต้นมะม่วง	nee dton ma muang	nīˋ donˋ ma~ mūangˋ	這是芒果樹	derived	
初 4-1	นี่ต้นเงาะ	nee dton ngoh	nīˋ donˋ ngɔ~	這是紅毛丹樹	derived	
初 4-1	ใบไม้	bai mai	bhai mai~	葉子	engine-auto	
初 4-1	ใบชา	bai chaa	bhai chā	茶葉	engine-auto	
初 4-1	ใบตอง	bai dtaong	bhai dɔ̄ng	香蕉葉	engine-auto	
初 4-1	ใบบัว	bai bua	bhai bhūa	荷葉	engine-auto	
初 4-1	ห่อ	haw	hɔ̄ˇ	打包	engine-auto	
初 4-1	ช่วยห่อกลับบ้านให้หน่อยครับ	chuay haw glap baan hai noy krap	chūayˋ hɔ̄ˇ glapˇ bhānˋ haiˋ nɔ̄iˇ krap~	請幫我打包回家	engine-auto	
初 4-1	ห่อละเท่าไร	haw la tao rai	hɔ̄ˇ la~ tāuˋ rai	一包多少錢	engine-auto	
初 4-1	เอากี่ห่อ	ao gee haw	au gīˇ hɔ̄ˇ	要幾包	engine-auto	
初 4-1	เอาห้าห่อค่ะ	ao haa haw ka	au hāˋ hɔ̄ˇ kaˋ	要五包	engine-auto	
初 4-1	ดอกไม้	dawk mai	dhɔ̄kˇ mai~	花	engine-auto	
初 4-1	ยายชอบดอกไม้	yaai chawp dawk mai	yāi chɔ̄pˋ dhɔ̄kˇ mai~	奶奶喜歡花	engine-auto	
初 4-1	ยายชอบปลูกดอกไม้	yaai chawp bplook dawk mai	yāi chɔ̄pˋ blūkˇ dhɔ̄kˇ mai~	奶奶喜歡種花	engine-auto	
初 4-1	ปลูกต้นไม้	bplook dton mai	blūkˇ donˋ mai~	種樹	derived	
初 4-1	ปลูกข้าว	bplook kaao	blūkˇ kāuˋ	種田	engine-auto	
初 4-1	ปลูกผม	bplook pom	blūkˇ pomˊ	植髮	engine-auto	
初 4-1	ปลูกฟัน	bplook fan	blūkˇ fan	植牙	engine-auto	
初 4-1	เปลือก	bpleuak	blɯ̄akˇ	皮	engine-auto	
初 4-1	ปอกเปลือก	bawk bpleuak	bɔ̄kˇ blɯ̄akˇ	削皮	engine-auto	
初 4-1	ขี้เกียจปอกเปลือก	kee giat bawk bpleuak	kīˋ gīatˇ bɔ̄kˇ blɯ̄akˇ	懶得削皮	engine-auto	
初 4-1	เปลือกแอปเปิ้ลกินได้	bpleuak aep bper gin dai	blɯ̄akˇ ɛ̄pˇ bə̄nˋ gin dhaiˋ	蘋果皮可以吃	engine-auto	
初 4-1	ปอกเปลือกดีกว่า	bawk bpleuak dee gwaa	bɔ̄kˇ blɯ̄akˇ dhī gwāˇ	削皮比較好	engine-auto	
初 4-1	เม็ด	met	met~	籽	engine-auto	
初 4-1	เม็ดมะละกอ	met ma la gaw	met~ ma~ la~ gɔ̄	木瓜籽	engine-auto	
初 4-1	เม็ดองุ่น	met a ngoon	met~ aˇ ngunˋ	葡萄籽	derived	
初 4-1	องุ่นไม่มีเม็ด	a ngoon mai mee met	aˇ ngunˋ maiˋ mī met~	無籽葡萄	derived	
初 4-1	เม็ดส้ม	met som	met~ somˋ	橘子籽	engine-auto	
初 4-1	เม็ดกาแฟ	met gaa fae	met~ gā fɛ̄	咖啡豆	engine-auto	
初 4-1	เม็ดกาแฟยี่ห้อนี้หอมมาก	met gaa fae yee haw nee hawm maak		這牌子咖啡豆很香	unresolved	英文外來語/正式縮寫/原始資料異常，見全課-仍不確定清單.tsv
初 4-1	ปั่น	bpan	banˇ	冰沙	engine-auto	
初 4-1	มะพร้าวปั่น	ma praao bpan	ma~ prāu~ banˇ	椰子冰沙	engine-auto	
初 4-1	แตงโมปั่น	dtaeng mo bpan	dɛ̄ng mō banˇ	西瓜冰沙	engine-auto	
初 4-1	ชอบกินแตงโมปั่นไหม	chawp gin dtaeng mo bpan mai	chɔ̄pˋ gin dɛ̄ng mō banˇ maiˊ	喜歡喝西瓜冰沙嗎	engine-auto	
初 4-1	มะนาวปั่น	ma naao bpan	ma~ nāu banˇ	檸檬冰沙	engine-auto	
初 4-1	เคยกินมะนาวปั่นไหม	koey gin ma naao bpan mai	kə̄i gin ma~ nāu banˇ maiˊ	喝過檸檬冰沙嗎	engine-auto	
初 4-1	แตงโมปั่นแก้วละเท่าไร	dtaeng mo bpan gaeo la tao rai	dɛ̄ng mō banˇ gɛ̄uˋ la~ tāuˋ rai	西瓜冰沙一杯多少	engine-auto	
初 4-1	สวน	suan	sūanˊ	園	engine-auto	
初 4-1	สวนผัก	suan pak	sūanˊ pakˇ	菜園	engine-auto	
初 4-1	สวนดอกไม้	suan dawk mai	sūanˊ dhɔ̄kˇ mai~	花園	engine-auto	
初 4-1	สวนผลไม้	suan pon la mai	sūanˊ ponˊ mai~	果園	derived	
初 4-1	สวนสนุก	suan sa nook	sūanˊ saˇ nuk~	遊樂園	engine-auto	
初 4-1	ตอนเด็ก	dtawn dek	dɔ̄n dhekˇ	小時候	engine-auto	
初 4-1	เคยไปสวนสนุกตอนเด็ก	koey bpai suan sa nook dtawn dek	kə̄i bai sūanˊ saˇ nuk~ dɔ̄n dhekˇ	小時候去過遊樂園	engine-auto	
初 4-1	เอง	eng	ēng	自己	engine-auto	
初 4-1	ขนมนี้ฉันทำเอง	kanom nee chan tam eng	kaˇ nom nī~ chanˊ tam ēng	這甜點我自己做的	engine-auto	
初 4-1	มะพร้าวลูกละแปดบาทเอง	ma praao look la bpaet baat eng	ma~ prāu~ lūkˋ la~ bɛ̄tˇ bhātˇ ēng	椰子一顆才八塊	engine-auto	
初 4-1	ถูกหรือแพง	took reu paeng	tūkˇ rɯ̄ˊ pɛ̄ng	便宜還是貴	engine-auto	
初 4-1	ทั้ง...และ...	tang... lae...	tang~...lɛ~...	兩者都	engine-auto	
初 4-1	ทั้งทุเรียนและมังคุดเป็นผลไม้ของไทย	tang too rian lae mang koot bpen pon la mai kawng tai	tang~ tu~ rīan lɛ~ mang kut~ ben ponˊ mai~ kɔ̄ngˊ tai	榴槤和山竹都是泰國水果	derived	
初 4-1	ส่วนใหญ่	suan yai	sūanˇ yaiˇ	大部分	engine-auto	
初 4-1	คนส่วนใหญ่ชอบสีอะไร	kon suan yai chawp see arai	kon sūanˇ yaiˇ chɔ̄pˋ sīˊ aˇ rai	大部分人喜歡什麼顏色	engine-auto	
初 4-1	ส่วนใหญ่เสาร์อาทิตย์ไปเที่ยวที่ไหน	suan yai sao aa tit bpai tiao tee nai	sūanˇ yaiˇ sāuˊ ā tit~ bai tīauˋ tīˋ naiˊ	週六日大部分去哪玩	engine-auto	
初 4-1	แรก	raek	rɛ̄kˋ	第一	engine-auto	
初 4-1	ครั้งแรก	krang raek	krang~ rɛ̄kˋ	第一次	engine-auto	
初 4-1	วันแรก	wan raek	wan rɛ̄kˋ	第一天	engine-auto	
初 4-1	อาทิตย์แรก	aa tit raek	ā tit~ rɛ̄kˋ	第一週	engine-auto	
初 4-1	เดือนแรก	deuan raek	dhɯ̄an rɛ̄kˋ	第一個月	engine-auto	
初 4-1	จานแรก	jaan raek	jān rɛ̄kˋ	第一盤	engine-auto	
初 4-1	ขวดแรก	kuat raek	kūatˇ rɛ̄kˋ	第一瓶	derived	
初 4-1	เดียว	diao	dhīau	單一	engine-auto	
初 4-1	ไปคนเดียวก็ได้	bpai kon diao gor dai	bai kon dhīau gɔ̄ˋ dhaiˋ	一個人去也可以	engine-auto	
初 4-1	กินจานเดียวก็อิ่มแล้ว	gin jaan diao gor im laeo	gin jān dhīau gɔ̄ˋ imˇ lɛ̄u~	吃一盤就飽了	engine-auto	
初 4-1	ราคาร้อยเดียวเอง	raa kaa roy diao eng	rā kā rɔ̄i~ dhīau ēng	價格才一百	engine-auto	
初 4-1	เดียวกัน	diao gan	dhīau gan	同一個	engine-auto	
初 4-1	เกิดวันเดียวกัน	gert wan diao gan	gə̄tˇ wan dhīau gan	同一天出生	engine-auto	
初 4-1	ทำงานบริษัทเดียวกัน	tam ngaan baw ri sat diao gan	tam ngān bhɔ̄ ri~ satˇ dhīau gan	同一間公司工作	derived	
初 4-1	ก็เลยมีแฟนคนเดียวกัน	gor loey mee faen kon diao gan	gɔ̄ˋ lə̄i mī fɛ̄n kon dhīau gan	結果有同一個情人	engine-auto	
初 4-1	พวกเราเรียนต่อ	phuak rao rian tor	pūakˋ rāu rīan dɔ̄ˇ	我們繼續上課	engine-auto	
初 4-1	ฉันจะไปเมืองไทย	chan ja pai muang thai	chanˊ jaˇ bai mɯ̄ang tai	我要去泰國	engine-auto	
初 4-1	คุณจะกินไหม	khun ja kin mai	kun jaˇ gin maiˊ	你要吃嗎？	engine-auto	
初 4-1	คุณจะซื้อไหม	khun ja sue mai	kun jaˇ sɯ̄~ maiˊ	你要買嗎？	engine-auto	
初 4-1	คุณจะเอาไหม	khun ja ao mai	kun jaˇ au maiˊ	你要拿嗎？	engine-auto	
初 4-1	คุณจะมาไหม	khun ja ma mai	kun jaˇ mā maiˊ	你會來嗎？	engine-auto	
初 4-1	คุณจะไปไหม	khun ja pai mai	kun jaˇ bai maiˊ	你要去嗎？	engine-auto	
初 4-1	อย่ากิน	ya kin	yāˋ gin	別吃	engine-auto	
初 4-1	อย่ากินดีกว่า	ya kin dee kwa	yāˋ gin dhī gwāˇ	還是別吃比較好	engine-auto	
初 4-1	อยากจะกิน	yak ja kin	yākˋ jaˇ gin	想要吃	engine-auto	
初 4-1	อยากจะกินไก่ย่าง	yak ja kin kai yang	yākˋ jaˇ gin gaiˇ yāngˋ	想要吃烤雞	engine-auto	
初 4-1	อยากจะไปเที่ยว	yak ja pai thiao	yākˋ jaˇ bai tīauˋ	想要去玩	engine-auto	
初 4-1	อย่าพูดดีกว่า	ya phut dee kwa	yāˋ pūtˋ dhī gwāˇ	還是別說比較好	engine-auto	
初 4-1	อย่าไปดีกว่า	ya pai dee kwa	yāˋ bai dhī gwāˇ	還是別去比較好	engine-auto	
初 4-1	อย่าทำดีกว่า	ya tham dee kwa	yāˋ tam dhī gwāˇ	還是別做比較好	engine-auto	
初 4-1	คุณกินข้าวหรือยัง	khun kin khao rue yang	kun gin kāuˋ rɯ̄ˊ yang	你吃飯了沒？	engine-auto	
初 4-1	รู้หรือยัง	ru rue yang	rū~ rɯ̄ˊ yang	知道了嗎？	engine-auto	
初 4-1	คุณเข้าใจหรือยัง	khun khao jai rue yang	kun kāuˋ jai rɯ̄ˊ yang	你明白了嗎？	engine-auto	
初 4-1	ทำงานหรือยัง	tham ngan rue yang	tam ngān rɯ̄ˊ yang	你工作了嗎？	engine-auto	
初 4-1	ยังไม่กิน	yang mai kin	yang maiˋ gin	還沒吃	engine-auto	
初 4-1	ยังไม่รู้	yang mai ru	yang maiˋ rū~	還不知道	engine-auto	
初 4-1	ยังไม่แต่งงาน	yang mai taeng ngan	yang maiˋ dɛ̄ngˇ ngān	還沒結婚	engine-auto	
初 4-1	ยังไม่นอน	yang mai non	yang maiˋ nɔ̄n	還沒睡覺	engine-auto	
初 4-1	เขายังไม่มา	khao yang mai ma	kāuˊ yang maiˋ mā	他還沒來	engine-auto	
初 4-1	ทำงานเสร็จหรือยัง	tham ngan set rue yang	tam ngān sretˇ rɯ̄ˊ yang	工作完成了嗎？	engine-auto	
初 4-1	เรียนเสร็จหรือยัง	rian set rue yang	rīan sretˇ rɯ̄ˊ yang	學完了嗎？	engine-auto	
初 4-1	ยังไม่เสร็จ	yang mai set	yang maiˋ sretˇ	還沒完成	engine-auto	
初 4-1	ยังทำงานไม่เสร็จ	yang tham ngan mai set	yang tam ngān maiˋ sretˇ	工作還沒完成	engine-auto	
初 4-1	อย่างไร	yang rai	yāngˋ rai	怎麼（正式）	engine-auto	
初 4-1	ยังไง	yang ngai	yang ngai	怎麼（口語）	engine-auto	
初 4-1	ไปอย่างไร	pai yang rai	bai yāngˋ rai	怎麼去（正式）	engine-auto	
初 4-1	ไปยังไง	pai yang ngai	bai yang ngai	怎麼去（口語）	engine-auto	
初 4-1	กินยังไง	kin yang ngai	gin yang ngai	怎麼吃	engine-auto	
初 4-1	พูดยังไง	phut yang ngai	pūtˋ yang ngai	怎麼說	engine-auto	
初 4-1	เขียนยังไง	khian yang ngai	kīanˊ yang ngai	怎麼寫	engine-auto	
初 4-1	ขายยังไง	khai yang ngai	kāiˊ yang ngai	怎麼賣	engine-auto	
初 4-1	ทำอย่างไรดี	tham yang rai dee	tam yāngˋ rai dhī	該怎麼辦才好（正式）	engine-auto	
初 4-1	ทำยังไงดี	tham yang ngai dee	tam yang ngai dhī	該怎麼辦才好（口語）	engine-auto	
初 4-1	ถามยังไงดี	tham yang ngai dee	tāmˊ yang ngai dhī	該怎麼問才好	engine-auto	
初 4-1	กำลังกินอยู่	gamlung kin yu	gam lang gin yūˋ	正在吃（最完整說法）	engine-auto	
初 4-1	กำลังกิน	gamlung kin	gam lang gin	正在吃（省略 yu）	engine-auto	
初 4-1	กินอยู่	kin yu	gin yūˋ	正在吃（省略 gamlung）	engine-auto	
初 4-1	ฟังอยู่	fang yu	fang yūˋ	正在聽	engine-auto	
初 4-1	จะกิน	ja kin	jaˇ gin	將要吃	engine-auto	
初 4-1	กำลังจะ	gamlung ja	gam lang jaˇ	正要...	engine-auto	
初 4-1	กำลังจะไปกิน	gamlung ja pai kin	gam lang jaˇ bai gin	正要去吃	engine-auto	
初 4-1	นอนแล้ว	non laew	nɔ̄n lɛ̄u~	睡覺了	engine-auto	
初 4-1	กำลังนอนอยู่	gamlung non yu	gam lang nɔ̄n yūˋ	正在睡覺	engine-auto	
初 4-1	กำลังจะไปนอน	gamlung ja pai non	gam lang jaˇ bai nɔ̄n	正要去睡覺	engine-auto	
初 4-1	กำลังจะนอน	gamlung ja non	gam lang jaˇ nɔ̄n	正要睡覺	engine-auto	
初 4-1	จะกินไหม	ja kin mai	jaˇ gin maiˊ	要吃嗎？	engine-auto	
初 4-1	เรียนแล้ว	rian laew	rīan lɛ̄u~	學過了	engine-auto	
初 4-1	คุณกำลังทำอะไรอยู่	khun gamlung tham arai yu	kun gam lang tam aˇ rai yūˋ	你正在做什麼？	engine-auto	
初 4-1	กำลังเรียนภาษาไทยอยู่	gamlung rian phasa thai yu	gam lang rīan pā sāˊ tai yūˋ	正在學泰文（最完整說法）	engine-auto	
初 4-1	กำลังเรียนภาษาไทย	gamlung rian phasa thai	gam lang rīan pā sāˊ tai	正在學泰文（省略 yu）	engine-auto	
初 4-1	เรียนภาษาไทยอยู่	rian phasa thai yu	rīan pā sāˊ tai yūˋ	正在學泰文（省略 gamlung）	engine-auto	
初 4-1	จะเรียนภาษาญี่ปุ่น	ja rian phasa yipun	jaˇ rīan pā sāˊ yīˋ bunˇ	將要學日文	engine-auto	
初 4-1	จะเรียนทำอาหาร	ja rian tham ahan	jaˇ rīan tam ā hānˊ	將要學做菜	engine-auto	
初 4-1	ไปทำงานแล้ว	pai tham ngan laew	bai tam ngān lɛ̄u~	去工作了	engine-auto	
初 4-1	ไปทำงานหรือยัง	pai tham ngan rue yang	bai tam ngān rɯ̄ˊ yang	去工作了嗎？	engine-auto	
初 4-1	กำลังทำงานอยู่	gamlung tham ngan yu	gam lang tam ngān yūˋ	正在工作（最完整說法）	engine-auto	
初 4-1	กำลังทำงาน	gamlung tham ngan	gam lang tam ngān	正在工作（省略 yu）	engine-auto	
初 4-1	ทำงานอยู่	tham ngan yu	tam ngān yūˋ	正在工作（省略 gamlung）	engine-auto	
初 4-1	จะทำงาน	ja tham ngan	jaˇ tam ngān	將要工作	engine-auto	
初 4-1	จะทำงานที่เมืองไทย	ja tham ngan thee muang thai	jaˇ tam ngān tīˋ mɯ̄ang tai	將要在泰國工作	engine-auto	
初 4-1	ทำดีได้ดี ทำชั่วได้ชั่ว	tham dee dai dee tham chua dai chua	tam dhī dhaiˋ dhī tam chūaˋ dhaiˋ chūaˋ	善有善報，惡有惡報	engine-auto	
初 4-1	คนดี	khon dee	kon dhī	好人	engine-auto	
初 4-1	คนชั่ว	khon chua	kon chūaˋ	壞人	engine-auto	
初 4-1	อย่าเป็นคนชั่ว	ya pen khon chua	yāˋ ben kon chūaˋ	不要當壞人	engine-auto	
初 4-1	ทำผม	tham phom	tam pomˊ	做頭髮	engine-auto	
初 4-1	ทำหน้าอก	tham na ok	tam nāˋ okˇ	做胸部	derived	
初 4-1	ทำเล็บ	tham lep	tam lep~	做指甲	engine-auto	
初 4-1	ทำตาสองชั้น	tham ta song chan	tam dā sɔ̄ngˊ chan~	做雙眼皮	engine-auto	
初 4-1	ทำนา	tham na	tam nā	種田	engine-auto	
初 4-1	ทำสวน	tham suan	tam sūanˊ	做園藝	engine-auto	
初 4-1	ทำโอที	tham o thee	tam ō tī	加班	engine-auto	
初 4-1	บางครั้งต้องทำโอทีไหม	bang khrang tong tham o thee mai	bhāng krang~ dɔ̄ngˋ tam ō tī maiˊ	有時候需要加班嗎？	engine-auto	
初 4-1	ทำธุระ	tham thura	tam tu~ ra~	辦事	engine-auto	
初 4-1	ไปทำธุระ	pai tham thura	bai tam tu~ ra~	去辦事	engine-auto	
初 4-1	มีธุระอะไรไหม	mee thura arai mai	mī tu~ ra~ aˇ rai maiˊ	有什麼事嗎？	engine-auto	
初 4-1	ทำธุรกิจ	tham thurakit	tam tun gitˇ	做生意	engine-auto	
初 4-1	ทำธุรกิจที่เมืองไทย	tham thurakit thee muang thai	tam tun gitˇ tīˋ mɯ̄ang tai	在泰國做生意	engine-auto	
初 4-1	ธุรกิจดีมาก	thurakit dee mak	tun gitˇ dhī mākˋ	生意很好	engine-auto	
初 4-1	ชั้นธุรกิจ	chan thurakit	chan~ tun gitˇ	商務艙	engine-auto	
初 4-1	นั่งชั้นธุรกิจ	nang chan thurakit	nangˋ chan~ tun gitˇ	坐商務艙	engine-auto	
初 4-1	ทำตามสัญญา	tham tam sanya	tam dām sanˊ yā	履行合約	engine-auto	
初 4-1	เดินตามฉันมา	dern tam chan ma	dhə̄n dām chanˊ mā	跟著我來	engine-auto	
初 4-1	พูดตามครู	phut tam khru	pūtˋ dām krū	跟著老師說	engine-auto	
初 4-1	เซ็นสัญญา	sen sanya	sen sanˊ yā	簽合約	engine-auto	
初 4-1	ทำบุญ	tham bun	tam bhun	做功德	engine-auto	
初 4-1	มีบุญ	mee bun	mī bhun	有福氣	engine-auto	
初 4-1	ทำหาย	tham hai	tam hāiˊ	弄丟	engine-auto	
初 4-1	ทำพาสปอร์ตหาย	tham passport hai	tam pā saˇ bɔ̄tˇ hāiˊ	弄丟護照	derived	
初 4-1	ทำกระเป๋าเงินหาย	tham krapao ngoen hai	tam graˇ bāuˊ ngə̄n hāiˊ	弄丟錢包	engine-auto	
初 4-1	หายไปแล้ว	hai pai laew	hāiˊ bai lɛ̄u~	不見了	engine-auto	
初 4-1	ทำเป็นไม่รู้	tham pen mai ru	tam ben maiˋ rū~	裝作不知道	engine-auto	
初 4-1	做เป็นเข้าใจ	tham pen khao jai	做 ben kāuˋ jai	裝作懂了	engine-auto	
初 4-1	ทำเป็นเก่ง	tham pen geng	tam ben gēngˇ	裝厲害	engine-auto	
初 4-1	ทำใจไม่ได้	tham jai mai dai	tam jai maiˋ dhaiˋ	無法接受	engine-auto	
初 4-1	做ความสะอาด	tham khwam sa at	做 kwām saˇ ātˇ	打掃	engine-auto	
初 4-1	สะอาด	sa at	saˇ ātˇ	乾淨	engine-auto	
初 4-1	ไม่สะอาด	mai sa at	maiˋ saˇ ātˇ	不乾淨	engine-auto	
初 4-1	ทำสกปรก	tham sokkaprok	tam sokˇ brokˇ	弄髒	derived	
初 4-1	เงินสกปรก	ngoen sokkaprok	ngə̄n sokˇ brokˇ	髒錢	derived	
初 4-1	泰文原文	泰式 Karaoke 拼音	泰文原文	繁體中文	engine-auto	
初 4-1	พวกเราเรียนต่อ	phuak rao rian tor	pūakˋ rāu rīan dɔ̄ˇ	我們繼續上課	engine-auto	
初 4-1	ฉันจะไปเมืองไทย	chan ja pai muang thai	chanˊ jaˇ bai mɯ̄ang tai	我要去泰國	engine-auto	
初 4-1	คุณจะกินไหม	khun ja kin mai	kun jaˇ gin maiˊ	你要吃嗎？	engine-auto	
初 4-1	คุณจะซื้อไหม	khun ja sue mai	kun jaˇ sɯ̄~ maiˊ	你要買嗎？	engine-auto	
初 4-1	คุณจะเอาไหม	khun ja ao mai	kun jaˇ au maiˊ	你要拿嗎？	engine-auto	
初 4-1	คุณจะมาไหม	khun ja ma mai	kun jaˇ mā maiˊ	你會來嗎？	engine-auto	
初 4-1	คุณจะไปไหม	khun ja pai mai	kun jaˇ bai maiˊ	你要去嗎？	engine-auto	
初 4-1	อย่ากิน	ya kin	yāˋ gin	別吃	engine-auto	
初 4-1	อย่ากินดีกว่า	ya kin dee kwa	yāˋ gin dhī gwāˇ	還是別吃比較好	engine-auto	
初 4-1	อยากจะกิน	yak ja kin	yākˋ jaˇ gin	想要吃	engine-auto	
初 4-1	อยากจะกินไก่ย่าง	yak ja kin kai yang	yākˋ jaˇ gin gaiˇ yāngˋ	想要吃烤雞	engine-auto	
初 4-1	อยากจะไปเที่ยว	yak ja pai thiao	yākˋ jaˇ bai tīauˋ	想要去玩	engine-auto	
初 4-1	อย่าพูดดีกว่า	ya phut dee kwa	yāˋ pūtˋ dhī gwāˇ	還是別說比較好	engine-auto	
初 4-1	อย่าไปดีกว่า	ya pai dee kwa	yāˋ bai dhī gwāˇ	還是別去比較好	engine-auto	
初 4-1	อย่าทำดีกว่า	ya tham dee kwa	yāˋ tam dhī gwāˇ	還是別做比較好	engine-auto	
初 4-1	คุณกินข้าวหรือยัง	khun kin khao rue yang	kun gin kāuˋ rɯ̄ˊ yang	你吃飯了沒？	engine-auto	
初 4-1	รู้หรือยัง	ru rue yang	rū~ rɯ̄ˊ yang	知道了嗎？	engine-auto	
初 4-1	คุณเข้าใจหรือยัง	khun khao jai rue yang	kun kāuˋ jai rɯ̄ˊ yang	你明白了嗎？	engine-auto	
初 4-1	ทำงานหรือยัง	tham ngan rue yang	tam ngān rɯ̄ˊ yang	你工作了沒？	engine-auto	
初 4-1	ยังไม่กิน	yang mai kin	yang maiˋ gin	還沒吃	engine-auto	
初 4-1	ยังไม่รู้	yang mai ru	yang maiˋ rū~	還不知道	engine-auto	
初 4-1	ยังไม่แต่งงาน	yang mai taeng ngan	yang maiˋ dɛ̄ngˇ ngān	還沒結婚	engine-auto	
初 4-1	ยังไม่นอน	yang mai non	yang maiˋ nɔ̄n	還沒睡	engine-auto	
初 4-1	เขายังไม่มา	khao yang mai ma	kāuˊ yang maiˋ mā	他還沒來	engine-auto	
初 4-1	ทำงานเสร็จหรือยัง	tham ngan set rue yang	tam ngān sretˇ rɯ̄ˊ yang	工作完成了嗎？	engine-auto	
初 4-1	เรียนเสร็จหรือยัง	rian set rue yang	rīan sretˇ rɯ̄ˊ yang	學完了嗎？	engine-auto	
初 4-1	ยังไม่เสร็จ	yang mai set	yang maiˋ sretˇ	還沒完成	engine-auto	
初 4-1	ยังทำงานไม่เสร็จ	yang tham ngan mai set	yang tam ngān maiˋ sretˇ	工作還沒完成	engine-auto	
初 4-1	อย่างไร	yang rai	yāngˋ rai	怎麼（正式）	engine-auto	
初 4-1	ยังไง	yang ngai	yang ngai	怎麼（口語）	engine-auto	
初 4-1	ไปยังไง	pai yang ngai	bai yang ngai	怎麼去	engine-auto	
初 4-1	กินยังไง	kin yang ngai	gin yang ngai	怎麼吃	engine-auto	
初 4-1	พูดยังไง	phut yang ngai	pūtˋ yang ngai	怎麼說	engine-auto	
初 4-1	เขียนยังไง	khian yang ngai	kīanˊ yang ngai	怎麼寫	engine-auto	
初 4-1	ขายยังไง	khai yang ngai	kāiˊ yang ngai	怎麼賣	engine-auto	
初 4-1	ทำยังไงดี	tham yang ngai dee	tam yang ngai dhī	該怎麼辦才好	engine-auto	
初 4-1	ถามยังไงดี	tham yang ngai dee	tāmˊ yang ngai dhī	該怎麼問才好	engine-auto	
初 4-1	กำลังกินอยู่	gamlung kin yu	gam lang gin yūˋ	正在吃	engine-auto	
初 4-1	ฟังอยู่	fang yu	fang yūˋ	正在聽	engine-auto	
初 4-1	กำลังจะไปกิน	gamlung ja pai kin	gam lang jaˇ bai gin	正要去吃	engine-auto	
初 4-1	นอนแล้ว	non laew	nɔ̄n lɛ̄u~	睡覺了	engine-auto	
初 4-1	กำลังนอนอยู่	gamlung non yu	gam lang nɔ̄n yūˋ	正在睡覺	engine-auto	
初 4-1	กำลังจะไปนอน	gamlung ja pai non	gam lang jaˇ bai nɔ̄n	正要去睡覺	engine-auto	
初 4-1	จะเรียนภาษาญี่ปุ่น	ja rian phasa yipun	jaˇ rīan pā sāˊ yīˋ bunˇ	正要學日文	engine-auto	
初 4-1	จะเรียนทำอาหาร	ja rian tham ahan	jaˇ rīan tam ā hānˊ	正要學做菜	engine-auto	
初 4-1	ไปทำงานแล้ว	pai tham ngan laew	bai tam ngān lɛ̄u~	去工作了	engine-auto	
初 4-1	กำลังทำงานอยู่	gamlung tham ngan yu	gam lang tam ngān yūˋ	正在工作	engine-auto	
初 4-1	จะทำงานที่เมืองไทย	ja tham ngan thee muang thai	jaˇ tam ngān tīˋ mɯ̄ang tai	將要在泰國工作	engine-auto	
初 4-1	ทำดีได้ดี ทำชั่วได้ชั่ว	tham dee dai dee tham chua dai chua	tam dhī dhaiˋ dhī tam chūaˋ dhaiˋ chūaˋ	善有善報，惡有惡報	engine-auto	
初 4-1	คนดี	khon dee	kon dhī	好人	engine-auto	
初 4-1	คนชั่ว	khon chua	kon chūaˋ	壞人	engine-auto	
初 4-1	ทำผม	tham phom	tam pomˊ	做頭髮	engine-auto	
初 4-1	ทำหน้าอก	tham na ok	tam nāˋ okˇ	做胸部	derived	
初 4-1	ทำเล็บ	tham lep	tam lep~	做指甲	engine-auto	
初 4-1	ทำตาสองชั้น	tham ta song chan	tam dā sɔ̄ngˊ chan~	做雙眼皮	engine-auto	
初 4-1	ทำนา	tham na	tam nā	種田	engine-auto	
初 4-1	ทำสวน	tham suan	tam sūanˊ	做園藝	engine-auto	
初 4-1	ทำโอที	tham o thee	tam ō tī	加班	engine-auto	
初 4-1	บางครั้งต้องทำโอทีไหม	bang khrang tong tham o thee mai	bhāng krang~ dɔ̄ngˋ tam ō tī maiˊ	有時候要加班嗎？	engine-auto	
初 4-1	ทำธุระ	tham thura	tam tu~ ra~	辦事	engine-auto	
初 4-1	มีธุระอะไรไหม	mee thura arai mai	mī tu~ ra~ aˇ rai maiˊ	有什麼事嗎？	engine-auto	
初 4-1	ทำธุรกิจ	tham thurakit	tam tun gitˇ	做生意	engine-auto	
初 4-1	ชั้นธุรกิจ	chan thurakit	chan~ tun gitˇ	商務艙	engine-auto	
初 4-1	ทำตามสัญญา	tham tam sanya	tam dām sanˊ yā	履行合約	engine-auto	
初 4-1	เดินตามฉันมา	dern tam chan ma	dhə̄n dām chanˊ mā	跟著我來	engine-auto	
初 4-1	พูดตามครู	phut tam khru	pūtˋ dām krū	跟著老師說	engine-auto	
初 4-1	เซ็นสัญญา	sen sanya	sen sanˊ yā	簽約	engine-auto	
初 4-1	ทำบุญ	tham bun	tam bhun	做功德	engine-auto	
初 4-1	มีบุญ	mee bun	mī bhun	有福報	engine-auto	
初 4-1	ทำหาย	tham hai	tam hāiˊ	弄丟	engine-auto	
初 4-1	ทำพาสปอร์ตหาย	tham passport hai	tam pā saˇ bɔ̄tˇ hāiˊ	弄丟護照	derived	
初 4-1	หายไปแล้ว	hai pai laew	hāiˊ bai lɛ̄u~	不見了	engine-auto	
初 4-1	ทำเป็นไม่รู้	tham pen mai ru	tam ben maiˋ rū~	裝作不知道	engine-auto	
初 4-1	ทำเป็นเข้าใจ	tham pen khao jai	tam ben kāuˋ jai	裝作懂了	engine-auto	
初 4-1	ทำเป็นเก่ง	tham pen geng	tam ben gēngˇ	裝厲害	engine-auto	
初 4-1	ทำใจไม่ได้	tham jai mai dai	tam jai maiˋ dhaiˋ	無法接受	engine-auto	
初 4-1	ทำความสะอาด	tham khwam sa at	tam kwām saˇ ātˇ	打掃	engine-auto	
初 4-1	ทำสกปรก	tham sokkaprok	tam sokˇ brokˇ	弄髒	derived	
初 4-1	เงินสกปรก	ngoen sokkaprok	ngə̄n sokˇ brokˇ	髒錢	derived	
初 4-1	เรียนจบหรือยัง	rian jop rue yang	rīan jopˇ rɯ̄ˊ yang	畢業了沒？	derived	
初 4-1	พูดจบหรือยัง	phut jop rue yang	pūtˋ jopˇ rɯ̄ˊ yang	說完了沒？	derived	
初 4-1	พูดภาษาไทยเป็นแล้ว	phut phasa thai pen laew	pūtˋ pā sāˊ tai ben lɛ̄u~	會說泰文了	engine-auto	
初 4-1	พูดเล่น	phut len	pūtˋ lēnˋ	開玩笑	engine-auto	
初 4-1	พูดถึง	phut thueng	pūtˋ tɯngˊ	提到	engine-auto	
初 4-1	พูดถึงเขา เขาก็มา	phut thueng khao khao kor ma	pūtˋ tɯngˊ kāuˊ kāuˊ gɔ̄ˋ mā	提到他，他就來了	engine-auto	
初 4-1	พูดถึงอะไร	phut thueng arai	pūtˋ tɯngˊ aˇ rai	提到什麼	engine-auto	
初 4-1	พูดถึงละครไทย	phut thueng lakhon thai	pūtˋ tɯngˊ la~ kɔ̄n tai	提到泰劇	derived	
初 4-1	พูดผิด	phut phit	pūtˋ pitˇ	說錯了	engine-auto	
初 4-1	ขอโทษค่ะ ฉันพูดผิด	khor thot kha chan phut phit	kɔ̄ˊ tōtˋ kaˋ chanˊ pūtˋ pitˇ	對不起，我說錯了	engine-auto	
初 4-1	พูดผิด พูดใหม่	phut phit phut mai	pūtˋ pitˇ pūtˋ maiˇ	說錯了，重新說	engine-auto	
初 4-1	ทำผิด	tham phit	tam pitˇ	做錯了	engine-auto	
初 4-1	ทำใหม่	tham mai	tam maiˇ	重新做	engine-auto	
初 4-1	พูดอีกที	phut eek thee	pūtˋ īkˇ tī	再說一遍	engine-auto	
初 4-1	พูดอีกครั้ง	phut eek khrang	pūtˋ īkˇ krang~	再說一次	engine-auto	
初 4-1	พูดแล้ว ไม่ฟัง	phut laew mai fang	pūtˋ lɛ̄u~ maiˋ fang	說了不聽	engine-auto	
初 4-1	เลี้ยง	Liang	līang~	養 / 請客	engine-auto	
初 4-1	เลี้ยงหมา	Liang ma	līang~ māˊ	養狗	engine-auto	
初 4-1	เลี้ยงปลา	Liang pla	līang~ blā	養魚	engine-auto	
初 4-1	เลี้ยงอะไร	Liang arai	līang~ aˇ rai	養什麼？	engine-auto	
初 4-1	ฉันไม่เลี้ยงอะไร	Chan mai liang arai	chanˊ maiˋ līang~ aˇ rai	我沒養什麼	engine-auto	
初 4-1	เลี้ยงลูก	Liang luk	līang~ lūkˋ	養小孩	engine-auto	
初 4-1	เลี้ยงข้าว	Liang khao	līang~ kāuˋ	請吃飯	engine-auto	
初 4-1	เลี้ยงเบียร์	Liang bia	līang~ bhīa	請喝啤酒	engine-auto	
初 4-1	เลี้ยงน้ำ	Liang nam	līang~ nām~	請喝水 / 飲料	engine-auto	
初 4-1	เลี้ยงเมีย	Liang mia	līang~ mīa	養老婆	engine-auto	
初 4-1	เลี้ยงแขก	Liang khaek	līang~ kɛ̄kˇ	招待客人	engine-auto	
初 4-1	แขก	Khaek	kɛ̄kˇ	客人	engine-auto	
初 4-1	วันนี้มีแขกมาบ้าน	Wanni mi khaek ma ban	wan nī~ mī kɛ̄kˇ mā bhānˋ	今天有客人來我家	engine-auto	
初 4-1	กินเลี้ยง	Kin liang	gin līang~	聚餐 / 宴席	engine-auto	
初 4-1	วันนี้ต้องไปกินเลี้ยง	Wanni tong pai kin liang	wan nī~ dɔ̄ngˋ bai gin līang~	今天要去吃聚餐	engine-auto	
初 4-1	กินเลี้ยงบริษัท	Kin liang borisat	gin līang~ bhɔ̄ ri~ satˇ	公司聚餐（如尾牙）	derived	
初 4-1	ขอบคุณค่ะ	Khop khun kha	kɔ̄pˇ kun kaˋ	謝謝	engine-auto	
初 4-2	ครั้งที่สอง	khrang thi song	krang~ tīˋ sɔ̄ngˊ	第二次	engine-auto	
初 4-2	อย่า	ya	yāˋ	別、不要	book-exact	(book-exact已用引擎重新驗證)
初 4-2	เรื่องนี้อย่าพูดดีกว่า	rueang ni ya phut di kwa	rɯ̄angˋ nī~ yāˋ pūtˋ dhī gwāˇ	這件事別說比較好	engine-auto	
初 4-2	อย่าไปคนเดียวดีกว่า	ya pai khon diao di kwa	yāˋ bai kon dhīau dhī gwāˇ	別一個人去比較好	engine-auto	
初 4-2	อย่างไร	yang rai	yāngˋ rai	如何	engine-auto	
初 4-2	ยังไง	yang ngai	yang ngai	如何（口語）	engine-auto	
初 4-2	เดินไปอย่างไร	doen pai yang rai	dhə̄n bai yāngˋ rai	怎麼走去	engine-auto	
初 4-2	สถานีรถไฟฟ้าไปยังไง	sathani rot fai fa pai yang ngai	saˇ tāˊ nī rot~ fai fā~ bai yang ngai	捷運站怎麼走去	engine-auto	
初 4-2	ขายอย่างไร	khai yang rai	kāiˊ yāngˋ rai	怎麼賣（標準）	engine-auto	
初 4-2	ขายยังไง	khai yang ngai	kāiˊ yang ngai	怎麼賣（口語）	engine-auto	
初 4-2	มังคุดขายยังไงคะ	mangkhut khai yang ngai kha	mang kut~ kāiˊ yang ngai ka~	山竹怎麼賣呢	engine-auto	
初 4-2	ทำอย่างไรดี	tham yang rai di	tam yāngˋ rai dhī	該如何做才好	engine-auto	
初 4-2	ทำยังไงดี	tham yang ngai di	tam yang ngai dhī	該怎麼辦才好（口語）	engine-auto	
初 4-2	กินยังไงดี	kin yang ngai di	gin yang ngai dhī	該怎麼吃才好	engine-auto	
初 4-2	พูดอย่างไรดี	phut yang rai di	pūtˋ yāngˋ rai dhī	該怎麼說才好	engine-auto	
初 4-2	เขียนยังไงดี	khian yang ngai di	kīanˊ yang ngai dhī	該怎麼寫才好	engine-auto	
初 4-2	ข้างนอกฝนตกหนัก ทำยังไงดี	khang nok fon tok nak tham yang ngai di	kāngˋ nɔ̄kˋ fonˊ dokˇ nakˇ tam yang ngai dhī	外面下大雨該怎麼辦	derived	
初 4-2	กระเป๋าเงินหาย ทำยังไงดี	krapao ngoen hai tham yang ngai di	graˇ bāuˊ ngə̄n hāiˊ tam yang ngai dhī	錢包不見了該怎麼辦	engine-auto	
初 4-2	จะ	cha	jaˇ	將、要	engine-auto	
初 4-2	จะกินอะไร	cha kin arai	jaˇ gin aˇ rai	要吃什麼	engine-auto	
初 4-2	เย็นนี้จะกินอะไร	yen ni cha kin arai	yen nī~ jaˇ gin aˇ rai	今晚（傍晚）要吃什麼	engine-auto	
初 4-2	คืนนี้จะกินอะไร	khuen ni cha kin arai	kɯ̄n nī~ jaˇ gin aˇ rai	今晚（深夜）要吃什麼	engine-auto	
初 4-2	จะทำอะไร	cha tham arai	jaˇ tam aˇ rai	將要做什麼	engine-auto	
初 4-2	พรุ่งนี้จะทำอะไร	phrung ni cha tham arai	prungˋ nī~ jaˇ tam aˇ rai	明天要做什麼	engine-auto	
初 4-2	จะไปไหน	cha pai nai	jaˇ bai naiˊ	要去哪裡	engine-auto	
初 4-2	เสาร์อาทิตย์จะไปไหน	sao athit cha pai nai	sāuˊ ā tit~ jaˇ bai naiˊ	週末要去哪裡	engine-auto	
初 4-2	เสาร์อาทิตย์จะไปดูหนัง	sao athit cha pai du nang	sāuˊ ā tit~ jaˇ bai dhū nangˊ	週末要去看電影	engine-auto	
初 4-2	หรือยัง	rue yang	rɯ̄ˊ yang	了沒	engine-auto	
初 4-2	นอนหรือยัง	non rue yang	nɔ̄n rɯ̄ˊ yang	睡了沒	engine-auto	
初 4-2	ยังไม่นอน	yang mai non	yang maiˋ nɔ̄n	還沒睡	engine-auto	
初 4-2	นอนแล้ว	non laeo	nɔ̄n lɛ̄u~	睡了	engine-auto	
初 4-2	ฝนหยุดหรือยัง	fon yut rue yang	fonˊ yutˇ rɯ̄ˊ yang	雨停了沒	derived	
初 4-2	เรียนจบหรือยัง	rian chop rue yang	rīan jopˇ rɯ̄ˊ yang	畢業了沒	derived	
初 4-2	มีแฟนหรือยัง	mi faen rue yang	mī fɛ̄n rɯ̄ˊ yang	有對象了沒	engine-auto	
初 4-2	ยังไม่มี	yang mai mi	yang maiˋ mī	還沒有	engine-auto	
初 4-2	แต่งงานหรือยัง	taeng ngan rue yang	dɛ̄ngˇ ngān rɯ̄ˊ yang	結婚了沒	engine-auto	
初 4-2	จองตั๋วหรือยัง	chong tua rue yang	jɔ̄ng dūaˊ rɯ̄ˊ yang	訂票了沒	engine-auto	
初 4-2	ฟังเข้าใจหรือยัง	fang khao chai rue yang	fang kāuˋ jai rɯ̄ˊ yang	聽懂了沒	engine-auto	
初 4-2	ถึงบ้านหรือยัง	thueng ban rue yang	tɯngˊ bhānˋ rɯ̄ˊ yang	到家了沒	engine-auto	
初 4-2	เสร็จหรือยัง	set rue yang	sretˇ rɯ̄ˊ yang	完了沒	engine-auto	
初 4-2	ทำความสะอาดเสร็จหรือยัง	tham khwam sa at set rue yang	tam kwām saˇ ātˇ sretˇ rɯ̄ˊ yang	打掃完了沒	engine-auto	
初 4-2	คุณทำอาหารเสร็จหรือยัง	khun tham a han set rue yang	kun tam ā hānˊ sretˇ rɯ̄ˊ yang	你煮飯完了沒	engine-auto	
初 4-2	คุณทำงานเสร็จหรือยัง	khun tham ngan set rue yang	kun tam ngān sretˇ rɯ̄ˊ yang	你工作完了沒	engine-auto	
初 4-2	ยังไม่เสร็จ	yang mai set	yang maiˋ sretˇ	還沒完	engine-auto	
初 4-2	ลูกคุณเรียนจบหรือยัง	luk khun rian chop rue yang	lūkˋ kun rīan jopˇ rɯ̄ˊ yang	你的孩子畢業了沒	derived	
初 4-2	พูดจบหรือยัง	phut chop rue yang	pūtˋ jopˇ rɯ̄ˊ yang	說完了沒	derived	
初 4-2	คุณพูดจบหรือยัง	khun phut chop rue yang	kun pūtˋ jopˇ rɯ̄ˊ yang	你說完了沒	derived	
初 4-2	ละครจบแล้ว	lakhon chop laeo	la~ kɔ̄n jopˇ lɛ̄u~	連續劇結束了	derived	
初 4-2	ยังไม่	yang mai	yang maiˋ	還沒	book-exact	(book-exact已用引擎重新驗證)
初 4-2	สิบโมงแล้ว ทำไมยังไม่ไปทำงาน	sip mong laeo tham mai yang mai pai tham ngan	sipˇ mōng lɛ̄u~ tam mai yang maiˋ bai tam ngān	十點了為什麼還不去上班	engine-auto	
初 4-2	เที่ยงคืนแล้ว ทำไมยังไม่นอน	thiang khuen laeo tham mai yang mai non	tīangˋ kɯ̄n lɛ̄u~ tam mai yang maiˋ nɔ̄n	半夜了為什麼還不睡覺	engine-auto	
初 4-2	กำลัง อยู่	kam lang yu	gam lang yūˋ	正在	engine-auto	
初 4-2	กำลังทำงานอยู่	kam lang tham ngan yu	gam lang tam ngān yūˋ	正在工作	engine-auto	
初 4-2	พ่อกำลังทำงานอยู่	pho kam lang tham ngan yu	pɔ̄ˋ gam lang tam ngān yūˋ	爸爸正在工作	engine-auto	
初 4-2	แม่กำลังทำอาหารอยู่	mae kam lang tham a han yu	mɛ̄ˋ gam lang tam ā hānˊ yūˋ	媽媽正在煮飯	engine-auto	
初 4-2	น้องสาวกำลังอ่านหนังสืออยู่	nong sao kam lang an nang sue yu	nɔ̄ng~ sāuˊ gam lang ānˇ nangˊ sɯ̄ˊ yūˋ	妹妹正在看書	engine-auto	
初 4-2	เดินเล่น	doen len	dhə̄n lēnˋ	散步	engine-auto	
初 4-2	พี่สาวกำลังเดินเล่นอยู่	phi sao kam lang doen len yu	pīˋ sāuˊ gam lang dhə̄n lēnˋ yūˋ	姊姊正在散步	engine-auto	
初 4-2	กำลังจะ	kam lang cha	gam lang jaˇ	正要	engine-auto	
初 4-2	แฟนกำลังจะไปว่ายน้ำ	faen kam lang cha pai wai nam	fɛ̄n gam lang jaˇ bai wāiˋ nām~	另一半正要去游泳	engine-auto	
初 4-2	แม่กำลังจะออกไปข้างนอก	mae kam lang cha ok pai khang nok	mɛ̄ˋ gam lang jaˇ ɔ̄kˇ bai kāngˋ nɔ̄kˋ	媽媽正要出去外面	engine-auto	
初 4-2	แม่กำลังจะออกไปข้างนอกซื้อผลไม้	mae kam lang cha ok pai khang nok bue phon la mai	mɛ̄ˋ gam lang jaˇ ɔ̄kˇ bai kāngˋ nɔ̄kˋ sɯ̄~ ponˊ mai~	媽媽正要出去外面買水果	derived	
初 4-2	ทำ	Tham	tam	做	engine-auto	
初 4-2	ทำนา	Tham Na	tam nā	種田	engine-auto	
初 4-2	คนอีสานส่วนใหญ่ทำนาปลูกข้าว	Khon Isan Suan Yai Tham Na Pluk Khao	kon ī sānˊ sūanˇ yaiˇ tam nā blūkˇ kāuˋ	東北部的人大部分種田、種稻	engine-auto	
初 4-2	คืนนี้ต้องทำ OT	Khuen Ni Tong Tham OT	kɯ̄n nī~ dɔ̄ngˋ tam OT	今晚得加班	engine-auto	
初 4-2	ทุกวันต้องทำ OT	Thuk Wan Tong Tham OT	tuk~ wan dɔ̄ngˋ tam OT	每天都得加班	engine-auto	
初 4-2	ทำธุระ	Tham Thura	tam tu~ ra~	辦事	engine-auto	
初 4-2	ไปทำธุระ	Pai Tham Thura	bai tam tu~ ra~	去辦事	engine-auto	
初 4-2	จะไปทำธุระ	Cha Pai Tham Thura	jaˇ bai tam tu~ ra~	將要去辦事	engine-auto	
初 4-2	กำลังจะไปทำธุระ	Kam Lang Cha Pai Tham Thura	gam lang jaˇ bai tam tu~ ra~	正要去辦事	engine-auto	
初 4-2	ธุรกิจ	Thura Kit	tun gitˇ	商業 / 生意	book-exact	(book-exact已用引擎重新驗證)
初 4-2	คุณทำธุรกิจอะไร	Khun Tham Thura Kit A Rai	kun tam tun gitˇ aˇ rai	你做什麼生意？	engine-auto	
初 4-2	นักธุรกิจ	Nak Thura Kit	nak~ tun gitˇ	商人 / 生意人	engine-auto	
初 4-2	นักเรียน	Nak Rian	nak~ rīan	學生	engine-auto	
初 4-2	นักร้อง	Nak Rong	nak~ rɔ̄ng~	歌手	engine-auto	
初 4-2	เขาเป็นนักธุรกิจ	Khao Pen Nak Thura Kit	kāuˊ ben nak~ tun gitˇ	他是商人	engine-auto	
初 4-2	ชั้นธุรกิจ	Chan Thura Kit	chan~ tun gitˇ	商務艙	engine-auto	
初 4-2	ทำสัญญา	Tham Sanya	tam sanˊ yā	簽合約 / 簽契約	engine-auto	
初 4-2	ทำสัญญาเช่าห้อง	Tham Sanya Chao Hong	tam sanˊ yā chāuˋ hɔ̄ngˋ	租房間簽約	engine-auto	
初 4-2	ทำสัญญาซื้อบ้าน	Tham Sanya Sue Ban	tam sanˊ yā sɯ̄~ bhānˋ	買房子簽約	engine-auto	
初 4-2	เซ็นสัญญา	Sen Sanya	sen sanˊ yā	簽合約	engine-auto	
初 4-2	เซ็นชื่อ	Sen Chue	sen chɯ̄ˋ	簽名字	engine-auto	
初 4-2	เซ็นสัญญาซื้อบ้าน	Sen Sanya Sue Ban	sen sanˊ yā sɯ̄~ bhānˋ	簽約買房	engine-auto	
初 4-2	ทำบุญ	Tham Bun	tam bhun	做功德	engine-auto	
初 4-2	ชอบทำบุญ	Chop Tham Bun	chɔ̄pˋ tam bhun	喜歡做功德	engine-auto	
初 4-2	ผู้ใหญ่	Phu Yai	pūˋ yaiˇ	長輩 / 成年人	engine-auto	
初 4-2	ผู้ใหญ่ชอบทำบุญ	Phu Yai Chop Tham Bun	pūˋ yaiˇ chɔ̄pˋ tam bhun	長輩喜歡做功德	engine-auto	
初 4-2	ไปทำบุญกัน	Pai Tham Bun Kan	bai tam bhun gan	一起去做功德	engine-auto	
初 4-2	พวกเราไปทำบุญกัน	Phuak Rao Pai Tham Bun Kan	pūakˋ rāu bai tam bhun gan	我們一起去做功德	engine-auto	
初 4-2	ชาติหน้า	Chat Na	chātˋ nāˋ	下輩子	derived	
初 4-2	ชาติหน้าเจอกันอีก	Chat Na Choe Kan Ik	chātˋ nāˋ jə̄ gan īkˇ	下輩子再見	derived	
初 4-2	ทำหาย	Tham Hai	tam hāiˊ	弄丟	engine-auto	
初 4-2	หาย	Hai	hāiˊ	消失 / 不見	engine-auto	
初 4-2	ทำกระเป๋าเงินหาย	Tham Krapao Ngoen Hai	tam graˇ bāuˊ ngə̄n hāiˊ	弄丟錢包	engine-auto	
初 4-2	คุณทำกระเป๋าเงินหายที่ไหน	Khun Tham Krapao Ngoen Hai Thi Nai	kun tam graˇ bāuˊ ngə̄n hāiˊ tīˋ naiˊ	你在哪裡弄丟錢包？	engine-auto	
初 4-2	ฉันไม่รู้ทำกระเป๋าเงินหายที่ไหน	Chan Mai Ru Tham Krapao Ngoen Hai Thi Nai	chanˊ maiˋ rū~ tam graˇ bāuˊ ngə̄n hāiˊ tīˋ naiˊ	我不知道在哪裡弄丟錢包	engine-auto	
初 4-2	มือถือหาย	Mue Thue Hai	mɯ̄ tɯ̄ˊ hāiˊ	手機不見了	engine-auto	
初 4-2	ปากกา iPad หาย	Pakka iPad Hai	bākˇ gā iPad hāiˊ	iPad 筆不見了	engine-auto	
初 4-2	หูฟังหาย	Hu Fang Hai	hūˊ fang hāiˊ	耳機不見了	engine-auto	
初 4-2	พาสปอร์ตหาย	Passport Hai	pā saˇ bɔ̄tˇ hāiˊ	護照不見了	derived	
初 4-2	กระเป๋าเงินหาย	Krapao Ngoen Hai	graˇ bāuˊ ngə̄n hāiˊ	錢包不見了	engine-auto	
初 4-2	คีย์การ์ดหาย	Key Card Hai	kī gātˇ hāiˊ	房卡不見了	engine-auto	
初 4-2	หายหิว	Hai Hiu	hāiˊ hiwˊ	肚子餓的感覺消失了	engine-auto	
初 4-2	หายเหนื่อย	Hai Nueai	hāiˊ nɯ̄aiˇ	累的感覺消失了	engine-auto	
初 4-2	หายคิดถึง	Hai Khit Thueng	hāiˊ kit~ tɯngˊ	思念的感覺緩解了	engine-auto	
初 4-2	หายเหงา	Hai Ngao	hāiˊ ngāuˊ	寂寞的感覺消失了	engine-auto	
初 4-2	หายเมื่อย	Hai Mueai	hāiˊ mɯ̄aiˋ	酸痛的感覺消失了	engine-auto	
初 4-2	หายปวด หายเจ็บ	Hai Puat Hai Chep	hāiˊ būatˇ hāiˊ jepˇ	疼痛的感覺消失了	engine-auto	
初 4-2	ทำเป็น	Tham Pen	tam ben	裝作 / 假裝	engine-auto	
初 4-2	ทำเป็นเก่ง	Tham Pen Keng	tam ben gēngˇ	裝厲害	engine-auto	
初 4-2	ทำเป็นไม่เข้าใจ	Tham Pen Mai Khao Chai	tam ben maiˋ kāuˋ jai	裝不懂	engine-auto	
初 4-2	ทำเป็นไม่รู้เรื่อง	Tham Pen Mai Ru Rueang	tam ben maiˋ rū~ rɯ̄angˋ	裝作不知道（這些事）	engine-auto	
初 4-2	ทำเป็นไม่มีเงิน	Tham Pen Mai Mi Ngoen	tam ben maiˋ mī ngə̄n	裝沒錢	engine-auto	
初 4-2	ทำเป็นไม่รักเขา	Tham Pen Mai Rak Khao	tam ben maiˋ rak~ kāuˊ	裝不愛他	engine-auto	
初 4-2	ทำเป็นใจร้าย	Tham Pen Chai Rai	tam ben jai rāi~	裝壞心眼	engine-auto	
初 4-2	ทำใจไม่ได้	Tham Chai Mai Dai	tam jai maiˋ dhaiˋ	無法接受 / 沒法釋懷	engine-auto	
初 4-2	แฟนนอกใจทำใจไม่ได้	Faen Nok Chai Tham Chai Mai Dai	fɛ̄n nɔ̄kˋ jai tam jai maiˋ dhaiˋ	情人劈腿無法接受	engine-auto	
初 4-2	หุ้นตกทำใจไม่ได้	Hun Tok Tham Chai Mai Dai	hunˋ dokˇ tam jai maiˋ dhaiˋ	股票跌慘了無法接受	engine-auto	
初 4-2	ยายเสียทำใจไม่ได้	Yai Sia Tham Chai Mai Dai	yāi sīaˊ tam jai maiˋ dhaiˋ	外婆過世無法接受	engine-auto	
初 4-2	ทำความสะอาด	Tham Khwam Sa-at	tam kwām saˇ ātˇ	打掃	engine-auto	
初 4-2	ช่วยทำความสะอาดให้หน่อยค่ะ	Chuai Tham Khwam Sa-at Hai Noi Kha	chūayˋ tam kwām saˇ ātˇ haiˋ nɔ̄iˇ kaˋ	請幫忙打掃一下	engine-auto	
初 4-2	สะอาด	Sa-at	saˇ ātˇ	乾淨	engine-auto	
初 4-2	ห้องไม่สะอาด	Hong Mai Sa-at	hɔ̄ngˋ maiˋ saˇ ātˇ	房間不乾淨	engine-auto	
初 4-2	แก้วไม่สะอาด	Kaeo Mai Sa-at	gɛ̄uˋ maiˋ saˇ ātˇ	杯子不乾淨	engine-auto	
初 4-2	จานไม่สะอาด	Chan Mai Sa-at	jān maiˋ saˇ ātˇ	盤子不乾淨	engine-auto	
初 4-2	สกปรก	Sokkaprok	sokˇ brokˇ	髒	derived	
初 4-2	ใครทำสกปรก	Khrai Tham Sokkaprok	krai tam sokˇ brokˇ	誰弄髒的？	derived	
初 4-2	ทำไมสกปรกอย่างนี้	Thammai Sokkaprok Yang Ni	tam mai sokˇ brokˇ yāngˋ nī~	為什麼這麼髒？	derived	
初 4-2	อีกที	Ik Thi	īkˇ tī	再一次	book-exact	(book-exact已用引擎重新驗證)
初 4-2	พูดอีกที	Phut Ik Thi	pūtˋ īkˇ tī	再說一次	engine-auto	
初 4-2	ช่วยพูดอีกที	Chuai Phut Ik Thi	chūayˋ pūtˋ īkˇ tī	請再說一次	engine-auto	
初 4-2	ช่วยพูดอีกทีได้ไหมคะ	Chuai Phut Ik Thi Dai Mai Kha	chūayˋ pūtˋ īkˇ tī dhaiˋ maiˊ ka~	請再說一次好嗎？（女）	engine-auto	
初 4-2	ช่วยพูดอีกทีได้ไหมครับ ผมฟังไม่เข้าใจ	Chuai Phut Ik Thi Dai Mai Khrap Phom Fang Mai Khao Chai	chūayˋ pūtˋ īkˇ tī dhaiˋ maiˊ krap~ pomˊ fang maiˋ kāuˋ jai	請再說一次好嗎？我不懂（男）	engine-auto	
初 4-2	ผมฟังไม่เข้าใจ ช่วยพูดอีกทีได้ไหมครับ	Phom Fang Mai Khao Chai Chuai Phut Ik Thi Dai Mai Khrap	pomˊ fang maiˋ kāuˋ jai chūayˋ pūtˋ īkˇ tī dhaiˋ maiˊ krap~	我不懂，請再說一次好嗎？（男）	engine-auto	
初 4-2	ฉันฟังไม่เข้าใจ ช่วยพูดอีกทีได้ไหม	Chan Fang Mai Khao Chai Chuai Phut Ik Thi Dai Mai	chanˊ fang maiˋ kāuˋ jai chūayˋ pūtˋ īkˇ tī dhaiˋ maiˊ	我不懂，可以再說一次嗎？（女）	engine-auto	
初 4-2	ผิด	Phit	pitˇ	錯	book-exact	(book-exact已用引擎重新驗證)
初 4-2	ทำผิด	Tham Phit	tam pitˇ	做錯	engine-auto	
初 4-2	ฉันทำผิดแล้ว	Chan Tham Phit Laeo	chanˊ tam pitˇ lɛ̄u~	我做錯了	engine-auto	
初 4-2	ดูผิด	Du Phit	dhū pitˇ	看錯	engine-auto	
初 4-2	ดูผิดคน	Du Phit Khon	dhū pitˇ kon	看錯人	engine-auto	
初 4-2	ส่งผิดโต๊ะ	Song Phit To	songˇ pitˇ do~	送錯桌	derived	
初 4-2	ผิดทาง	Phit Thang	pitˇ tāng	錯路	engine-auto	
初 4-2	เดินผิดทาง	Doen Phit Thang	dhə̄n pitˇ tāng	走錯路	engine-auto	
初 4-2	พูดผิด	Phut Phit	pūtˋ pitˇ	說錯	engine-auto	
初 4-2	พูดใหม่	Phut Mai	pūtˋ maiˇ	重說	engine-auto	
初 4-2	พูดผิด พูดใหม่	Phut Phit Phut Mai	pūtˋ pitˇ pūtˋ maiˇ	說錯了，重說	engine-auto	
初 4-2	ทำผิด ทำใหม่	Tham Phit Tham Mai	tam pitˇ tam maiˇ	做錯了，重做	engine-auto	
初 4-2	ฉันซื้อผิดแล้ว	Chan Sue Phit Laeo	chanˊ sɯ̄~ pitˇ lɛ̄u~	我買錯了	engine-auto	
初 4-2	ฉันต้องซื้อใหม่	Chan Tong Sue Mai	chanˊ dɔ̄ngˋ sɯ̄~ maiˇ	我得重買	engine-auto	
初 4-2	เลี้ยง	Liang	līang~	養 / 請客	engine-auto	
初 4-2	เลี้ยงหมา	Liang Ma	līang~ māˊ	養狗	engine-auto	
初 4-2	เลี้ยงหมา 5 ตัว	Liang Ma Ha Tua	līang~ māˊ 5 dūa	養五隻狗	engine-auto	
初 4-2	บ้านผมเลี้ยงหมา 5 ตัว	Ban Phom Liang Ma Ha Tua	bhānˋ pomˊ līang~ māˊ 5 dūa	我家養了五隻狗	engine-auto	
初 4-2	ไปกินข้าวกัน ฉันเลี้ยง	Pai Kin Khao Kan Chan Liang	bai gin kāuˋ gan chanˊ līang~	一起去吃飯吧，我請客	engine-auto	
初 4-2	ฉันเลี้ยงข้าวคุณ	Chan Liang Khao Khun	chanˊ līang~ kāuˋ kun	我請你吃飯	engine-auto	
初 4-2	พูดแต่ภาษาไทย	phut tae phasa thai	pūtˋ dɛ̄ˇ pā sāˊ tai	只說泰文	engine-auto	
初 4-2	ฟังแต่เพลงไทย	fang tae phleng thai	fang dɛ̄ˇ plēng tai	只聽泰國歌	book-exact	(book-exact已用引擎重新驗證)
初 4-2	ไปเที่ยวแต่เมืองไทย	pai thiao tae mueang thai	bai tīauˋ dɛ̄ˇ mɯ̄ang tai	只去泰國玩	engine-auto	
初 4-2	ไปแต่เมืองไทย	pai tae mueang thai	bai dɛ̄ˇ mɯ̄ang tai	只去泰國	engine-auto	
初 4-2	กินแต่อาหารไทย	kin tae ahan thai	gin dɛ̄ˇ ā hānˊ tai	只吃泰國菜	engine-auto	
初 4-2	เพราะ	phro	prɔ~	好聽	engine-auto	
初 4-2	เพลงนี้เพราะ	phleng ni phro	plēng nī~ prɔ~	這首歌好聽	engine-auto	
初 4-2	เพลงนี้เพราะใครร้อง	phleng ni phro khrai rong	plēng nī~ prɔ~ krai rɔ̄ng~	這首歌好聽，誰唱的？	engine-auto	
初 4-2	อัลบั้ม	albam	an bhamˋ	專輯	engine-auto	
初 4-2	อัลบั้มชุดไหน	albam chut nai	an bhamˋ chut~ naiˊ	哪一張專輯	book-exact	(book-exact已用引擎重新驗證)
初 4-2	โกหก	kohok	gō hokˇ	說謊	engine-auto	
初 4-2	ไม่ชอบคนโกหก	mai chop khon kohok	maiˋ chɔ̄pˋ kon gō hokˇ	不喜歡說謊的人	engine-auto	
初 4-2	อย่าโกหกฉัน	ya kohok chan	yāˋ gō hokˇ chanˊ	別對我說謊	book-exact	(book-exact已用引擎重新驗證)
初 4-2	ร้องเพลง	rong phleng	rɔ̄ng~ plēng	唱歌	engine-auto	
初 4-2	ชาติ	chat	chātˋ	國家/國籍	derived	
初 4-2	เพลงชาติ	phleng chat	plēng chātˋ	國歌	derived	
初 4-2	ร้องเพลงชาติ	rong phleng chat	rɔ̄ng~ plēng chātˋ	唱國歌	derived	
初 4-2	ร้องคาราโอเกะ	rong kharaoke	rɔ̄ng~ kā rā ō geˇ	唱卡拉OK	engine-auto	
初 4-2	ไปร้องคาราโอเกะกัน	pai rong kharaoke kan	bai rɔ̄ng~ kā rā ō geˇ gan	一起去唱卡拉OK吧	engine-auto	
初 4-2	ไปคาราโอเกะ	pai kharaoke	bai kā rā ō geˇ	去卡拉OK	engine-auto	
初 4-2	ร้องไม่เป็น	rong mai pen	rɔ̄ng~ maiˋ ben	不會唱	engine-auto	
初 4-2	ร้องไห้	rong hai	rɔ̄ng~ haiˋ	哭	engine-auto	
初 4-2	บอก	bok	bhɔ̄kˇ	告訴/說	engine-auto	
初 4-2	พูด	phut	pūtˋ	說	book-exact	(book-exact已用引擎重新驗證)
初 4-2	ใครบอก	khrai bok	krai bhɔ̄kˇ	誰告訴你的	engine-auto	
初 4-2	ไม่บอก	mai bok	maiˋ bhɔ̄kˇ	不告訴你	engine-auto	
初 4-2	อย่าบอกใคร	ya bok khrai	yāˋ bhɔ̄kˇ krai	別告訴別人	engine-auto	
初 4-2	พูดตรงๆ	phut trong trong	pūtˋ drong drong	直說	engine-auto	
初 4-2	บอกตรงๆ	bok trong trong	bhɔ̄kˇ drong drong	直說	engine-auto	
初 4-2	บอกความจริง	bok khwam ching	bhɔ̄kˇ kwām jing	說真相	derived	
初 4-2	จริง	ching	jing	真的	derived	
初 4-2	ความจริง	khwam ching	kwām jing	真相	book-exact	(book-exact已用引擎重新驗證)
初 4-2	บอกความจริงฉัน	bok khwam ching chan	bhɔ̄kˇ kwām jing chanˊ	告訴我真相	derived	
初 4-2	ไม่บอกความจริง	mai bok khwam ching	maiˋ bhɔ̄kˇ kwām jing	不說真相	derived	
初 4-2	บอกแล้วไม่ฟัง	bok laeo mai fang	bhɔ̄kˇ lɛ̄u~ maiˋ fang	說了不聽	engine-auto	
初 4-2	เชื่อ	chuea	chɯ̄aˋ	相信	engine-auto	
初 4-2	บอกแล้วไม่เชื่อ	bok laeo mai chuea	bhɔ̄kˇ lɛ̄u~ maiˋ chɯ̄aˋ	說了不相信	engine-auto	
初 4-2	เชื่อฉัน	chuea chan	chɯ̄aˋ chanˊ	相信我	engine-auto	
初 4-2	ฉันไม่โกหกคุณ	chan mai kohok khun	chanˊ maiˋ gō hokˇ kun	我沒對你說謊	engine-auto	
初 4-2	ฉันไม่เชื่อคุณ	chan mai chuea khun	chanˊ maiˋ chɯ̄aˋ kun	我不相信你	engine-auto	
初 4-2	บอกมาเดี๋ยวนี้	bok ma diao ni	bhɔ̄kˇ mā dhīauˊ nī~	現在立刻說	engine-auto	
初 4-2	ฟังเพลงไทย	fang phleng thai	fang plēng tai	聽泰國歌	engine-auto	
初 4-2	ชอบฟังเพลงไทยไหมคะ	chop fang phleng thai mai kha	chɔ̄pˋ fang plēng tai maiˊ ka~	喜歡聽泰國歌嗎？	engine-auto	
初 4-2	ชอบฟังเพลงไทยค่ะ	chop fang phleng thai kha	chɔ̄pˋ fang plēng tai kaˋ	喜歡聽泰國歌	engine-auto	
初 4-2	เพลงจีน	phleng chin	plēng jīn	中文歌	book-exact	(book-exact已用引擎重新驗證)
初 4-2	ฟังเพลงจีน	fang phleng chin	fang plēng jīn	聽中文歌	engine-auto	
初 4-2	ฟังไม่ทัน	fang mai than	fang maiˋ tan	聽不趕/聽不及（來不及聽）	engine-auto	
初 4-2	ไปไม่ทัน	pai mai than	bai maiˋ tan	去不及（來不及去）	engine-auto	
初 4-2	ฟังไม่ชัด	fang mai chat	fang maiˋ chat~	聽不清楚	engine-auto	
初 4-2	ชัด	chat	chat~	清楚	engine-auto	
初 4-2	พูดไม่ชัด	phut mai chat	pūtˋ maiˋ chat~	說不清楚	engine-auto	
初 4-2	ฟังดนตรี	fang dontri	fang dhon drī	聽音樂	derived	
初 4-2	ดนตรี	dontri	dhon drī	音樂	derived	
初 4-2	ดนตรีไทย	dontri thai	dhon drī tai	泰國音樂	derived	
初 4-2	ดนตรีจีน	dontri chin	dhon drī jīn	中國音樂	derived	
初 4-2	ดนตรีฝรั่ง	dontri farang	dhon drī faˇ rangˋ	西方音樂	derived	
初 4-2	ใส่พริก	sai phrik	saiˇ prik~	加辣椒	engine-auto	
初 4-2	ใส่พริกเยอะๆ	sai phrik yo yo	saiˇ prik~ yə~ yə~	加很多辣椒	engine-auto	
初 4-2	พริกป่น	phrik pon	prik~ bonˇ	辣椒粉	derived	
初 4-2	ใส่พริกป่น	sai phrik pon	saiˇ prik~ bonˇ	加辣椒粉	derived	
初 4-2	พริกไทย	phrik thai	prik~ tai	胡椒	book-exact	(book-exact已用引擎重新驗證)
初 4-2	พริกไทยดำ	phrik thai dam	prik~ tai dham	黑胡椒	engine-auto	
初 4-2	พริกไทยป่น	phrik thai pon	prik~ tai bonˇ	胡椒粉	derived	
初 4-2	เอาออก	ao ok	au ɔ̄kˇ	拿掉 / 取出	engine-auto	
初 4-2	น้ำพริกเผา	nam phrik phao	nām~ prik~ pāuˊ	辣椒膏	engine-auto	
初 4-2	น้ำมันงา	nam man nga	nām~ man ngā	芝麻油 / 香油	engine-auto	
初 4-2	งาดำ	nga dam	ngā dham	黑芝麻	engine-auto	
初 4-2	งาขาว	nga khao	ngā kāuˊ	白芝麻	engine-auto	
初 4-2	คนไต้หวันชอบกินน้ำมันงา	khon tai wan chop kin nam man nga	kon daiˋ wanˊ chɔ̄pˋ gin nām~ man ngā	台灣人喜歡吃香油	engine-auto	
初 4-2	น้ำมันหอย	nam man hoi	nām~ man hɔ̄iˊ	蠔油	engine-auto	
初 4-2	น้ำตาลทราย	nam tan sai	nām~ dān sāi	砂糖	derived	
初 4-2	ซีอิ๊ว	si iu	sī iw~	醬油	engine-auto	
初 4-2	ผัดซีอิ๊ว	phat si iu	patˇ sī iw~	醬油炒（泰式炒河粉）	engine-auto	
初 4-2	กะทิ	kathi	gaˇ ti~	椰奶	engine-auto	
初 4-2	ชอบกินกะทิไหมคะ	chop kin kathi mai kha	chɔ̄pˋ gin gaˇ ti~ maiˊ ka~	喜歡吃椰奶嗎？	engine-auto	
初 4-2	นมข้น	nom khon	nom konˋ	煉乳	derived	
初 4-2	ผักชี	phak chi	pakˇ chī	香菜	engine-auto	
初 4-2	เอาผักชีออก	ao phak chi ok	au pakˇ chī ɔ̄kˇ	把香菜拿掉	engine-auto	
初 4-2	ต้นหอม	ton hom	donˋ hɔ̄mˊ	蔥	derived	
初 4-2	ไม่เอาต้นหอม	mai ao ton hom	maiˋ au donˋ hɔ̄mˊ	不要蔥	derived	
初 4-2	ไม่ใส่ต้นหอม	mai sai ton hom	maiˋ saiˇ donˋ hɔ̄mˊ	不加蔥	derived	
初 4-2	ไม่ใส่ผักชี	mai sai phak chi	maiˋ saiˇ pakˇ chī	不加香菜	engine-auto	
初 4-2	หัวหอม	hua hom	hūaˊ hɔ̄mˊ	洋蔥	engine-auto	
初 4-2	หอมแดง	hom daeng	hɔ̄mˊ dhɛ̄ng	紅蔥頭	engine-auto	
初 4-2	ถั่วงอก	thua ngok	tūaˇ ngɔ̄kˋ	豆芽菜	engine-auto	
初 4-2	กินถั่วงอกไหมคะ	kin thua ngok mai kha	gin tūaˇ ngɔ̄kˋ maiˊ ka~	吃豆芽菜嗎？	engine-auto	
初 4-2	เปิด	poet	bə̄tˇ	開	book-exact	(book-exact已用引擎重新驗證)
初 4-2	ปิด	pit	bitˇ	關	book-exact	(book-exact已用引擎重新驗證)
初 4-2	เปิดไฟ	poet fai	bə̄tˇ fai	開燈	engine-auto	
初 4-2	ปิดไฟ	pit fai	bitˇ fai	關燈	engine-auto	
初 4-2	เปิดร้าน	poet ran	bə̄tˇ rān~	開店	engine-auto	
初 4-2	ปิดร้าน	pit ran	bitˇ rān~	關店	engine-auto	
初 4-2	เปิดเครื่อง	poet khrueang	bə̄tˇ krɯ̄angˋ	開機	engine-auto	
初 4-2	ปิดเครื่อง	pit khrueang	bitˇ krɯ̄angˋ	關機	engine-auto	
初 4-2	เปิดเทอม	poet thoem	bə̄tˇ tə̄m	開學	engine-auto	
初 4-2	เปิดเรียน	poet rian	bə̄tˇ rīan	開學	engine-auto	
初 4-2	เปิดพัดลม	poet phat lom	bə̄tˇ pat~ lom	開電風扇	derived	
初 4-2	ปิดพัดลม	pit phat lom	bitˇ pat~ lom	關電風扇	derived	
初 4-2	เปิดบัญชี	poet banchi	bə̄tˇ bhan chī	開戶	engine-auto	
初 4-2	ใส่	sai	saiˇ	穿 / 戴	engine-auto	
初 4-2	ใส่หมวก	sai muak	saiˇ mūakˇ	戴帽子	engine-auto	
初 4-2	หมวก	muak	mūakˇ	帽子	engine-auto	
初 4-2	หมวกสีเขียว	muak si khiao	mūakˇ sīˊ kīauˊ	綠色帽子	engine-auto	
初 4-2	แว่นตา	waen ta	wɛ̄nˋ dā	眼鏡	engine-auto	
初 4-2	ใส่แว่นตา	sai waen ta	saiˇ wɛ̄nˋ dā	戴眼鏡	engine-auto	
初 4-2	ถอดแว่นตา	thot waen ta	tɔ̄tˇ wɛ̄nˋ dā	脫眼鏡	engine-auto	
初 4-2	ถอด	thot	tɔ̄tˇ	脫	engine-auto	
初 4-2	ถอดหมวก	thot muak	tɔ̄tˇ mūakˇ	脫帽子	engine-auto	
初 4-2	กัน	kan	gan	預防	engine-auto	
初 4-2	แดด	daet	dhɛ̄tˇ	陽光	engine-auto	
初 4-2	แว่นกันแดด	waen kan daet	wɛ̄nˋ gan dhɛ̄tˇ	太陽眼鏡	engine-auto	
初 4-2	แหวน	waen	wɛ̄nˊ	戒指	engine-auto	
初 4-2	ใส่แหวน	sai waen	saiˇ wɛ̄nˊ	戴戒指	engine-auto	
初 4-2	ถอดแหวน	thot waen	tɔ̄tˇ wɛ̄nˊ	脫戒指	engine-auto	
初 4-2	เปลี่ยน	plian	blīanˇ	變 / 換 / 改	engine-auto	
初 4-2	เปลี่ยนเวลา	plian wela	blīanˇ wē lā	改時間	engine-auto	
初 4-2	เปลี่ยนกางเกง	plian kangkeng	blīanˇ gāng gēng	換褲子	engine-auto	
初 4-2	กระโปรง	krapong	graˇ brōng	裙子	engine-auto	
初 4-2	ชอบใส่กระโปรงไหม	chop sai krapong mai	chɔ̄pˋ saiˇ graˇ brōng maiˊ	喜歡穿裙子嗎？	engine-auto	
初 4-2	รองเท้า	rong thao	rɔ̄ng tāu~	鞋子	engine-auto	
初 4-2	เปลี่ยนรองเท้า	plian rong thao	blīanˇ rɔ̄ng tāu~	換鞋子	engine-auto	
初 4-2	หน้ากากอนามัย	nakak anamai	nāˋ gākˇ aˇ nā mai	口罩（正式）	derived	
初 4-2	หน้ากาก	nakak	nāˋ gākˇ	面具	engine-auto	
初 4-2	อนามัย	anamai	aˇ nā mai	衛生	derived	
初 4-2	ใส่แมส	sai maet	saiˇ mɛ̄tˋ	戴口罩（口語）	engine-auto	
初 4-2	ใส่หน้ากาก	sai nakak	saiˇ nāˋ gākˇ	戴面具 / 戴口罩	engine-auto	
初 4-2	ถุงยาง	thung yang	tungˊ yāng	保險套（口語）	engine-auto	
初 4-2	ยาง	yang	yāng	塑膠 / 橡膠	engine-auto	
初 4-2	ถุงยางอนามัย	thung yang anamai	tungˊ yāng aˇ nā mai	保險套（正式）	derived	
初 4-2	อาจจะ	at cha	ātˇ jaˇ	也許 / 可能	engine-auto	
初 4-2	ยัง	yang	yang	還（沒）	engine-auto	
初 4-2	อาจจะยัง	at cha yang	ātˇ jaˇ yang	可能不是喔 / 可能還沒	engine-auto	
初 4-2	อาทิตย์หน้าเจอกัน	athit na choe kan	ā tit~ nāˋ jə̄ gan	下個禮拜見	engine-auto	
初 4-2	วันนี้ขอบคุณมาก	wan ni khop khun mak	wan nī~ kɔ̄pˇ kun mākˋ	今天非常感謝	engine-auto	
初 4-3	สองทุ่มครึ่ง	Song thum khrueng	sɔ̄ngˊ tumˋ krɯngˋ	晚上八點半	engine-auto	
初 4-3	เอาแต่นอน	Ao tae non	au dɛ̄ˇ nɔ̄n	只顧著睡覺	engine-auto	
初 4-3	กินแต่ขนม	Kin tae khanom	gin dɛ̄ˇ kaˇ nom	只吃點心（零食）	engine-auto	
初 4-3	ไปแต่เมืองไทย	Pai tae mueang thai	bai dɛ̄ˇ mɯ̄ang tai	只去泰國	engine-auto	
初 4-3	ร้อง	Rong	rɔ̄ng~	唱	book-exact	(book-exact已用引擎重新驗證)
初 4-3	ร้องเพลง	Rong pheng	rɔ̄ng~ plēng	唱歌	engine-auto	
初 4-3	ร้องเพลงเป็นไหม	Rong pheng pen mai	rɔ̄ng~ plēng ben maiˊ	你會唱歌嗎？	engine-auto	
初 4-3	ร้องคาราโอเกะ	Rong kharaoke	rɔ̄ng~ kā rā ō geˇ	唱卡拉OK	engine-auto	
初 4-3	พวกเราไปร้องคาราโอเกะกัน	Phuak rao pai rong kharaoke kan	pūakˋ rāu bai rɔ̄ng~ kā rā ō geˇ gan	我們一起去唱卡拉OK吧	engine-auto	
初 4-3	ร้องไห้	Rong hai	rɔ̄ng~ haiˋ	哭	engine-auto	
初 4-3	อย่าร้องไห้	Ya rong hai	yāˋ rɔ̄ng~ haiˋ	別哭	engine-auto	
初 4-3	ร้องไห้ไม่หยุด	Rong hai mai yut	rɔ̄ng~ haiˋ maiˋ yutˇ	哭個不停	engine-auto	
初 4-3	ทำไมร้องไห้	Thammai rong hai	tam mai rɔ̄ng~ haiˋ	你為什麼哭？	engine-auto	
初 4-3	เพลง	Pheng	plēng	歌曲	engine-auto	
初 4-3	เพลงไทย	Pheng thai	plēng tai	泰文歌	engine-auto	
初 4-3	เพลงจีน	Pheng chin	plēng jīn	中文歌	book-exact	(book-exact已用引擎重新驗證)
初 4-3	เพลงญี่ปุ่น	Pheng yipun	plēng yīˋ bunˇ	日文歌	engine-auto	
初 4-3	เพลงฝรั่ง	Pheng farang	plēng faˇ rangˋ	英文歌（西方歌）	derived	
初 4-3	เพราะ	Phraw	prɔ~	好聽	engine-auto	
初 4-3	เพลงนี้เพราะมาก	Pheng ni phraw mak	plēng nī~ prɔ~ mākˋ	這首歌很好聽	engine-auto	
初 4-3	เสียงเขาเพราะมาก	Siang khao phraw mak	sīangˊ kāuˊ prɔ~ mākˋ	他的聲音很好聽	engine-auto	
初 4-3	อัลบั้ม	Album	an bhamˋ	專輯	engine-auto	
初 4-3	เพลงนี้อยู่อัลบั้มชุดไหน	Pheng ni yu album chut nai	plēng nī~ yūˋ an bhamˋ chut~ naiˊ	這首歌在哪一張專輯？	engine-auto	
初 4-3	อัลบั้มชุดนี้มีสิบเพลง	Album chut ni mi sip pheng	an bhamˋ chut~ nī~ mī sipˇ plēng	這張專輯有十首歌	engine-auto	
初 4-3	ดนตรี	Dontri	dhon drī	音樂	derived	
初 4-3	พี่ชายเล่นดนตรีเก่งมาก	Phi chai len dontri keng mak	pīˋ chāi lēnˋ dhon drī gēngˇ mākˋ	哥哥很會玩音樂	derived	
初 4-3	ดนตรีทำให้น้องชายแฮปปี้	Dontri thammai nong chai happy	dhon drī tam haiˋ nɔ̄ng~ chāi hɛ̄pˋ bīˋ	音樂讓弟弟很快樂	derived	
初 4-3	บอก	bok	bhɔ̄kˇ	告訴、說	engine-auto	
初 4-3	ใครบอกคุณ	krai bok kun	krai bhɔ̄kˇ kun	誰告訴你	engine-auto	
初 4-3	เขาบอกฉัน	kao bok chan	kāuˊ bhɔ̄kˇ chanˊ	他告訴我	engine-auto	
初 4-3	เรื่องนี้อย่าบอกคนอื่นนะ	rueang ni ya bok kon uen na	rɯ̄angˋ nī~ yāˋ bhɔ̄kˇ kon ɯ̄nˇ na~	這件事別告訴其他人喔	engine-auto	
初 4-3	บอกความจริง	bok kwam jing	bhɔ̄kˇ kwām jing	說真相（實話）	derived	
初 4-3	บอกความจริงเขาดีกว่า	bok kwam jing kao di kwa	bhɔ̄kˇ kwām jing kāuˊ dhī gwāˇ	告訴他真相比較好	derived	
初 4-3	ทำไมไม่บอกความจริง	tam mai mai bok kwam jing	tam mai maiˋ bhɔ̄kˇ kwām jing	為什麼不說真相	derived	
初 4-3	โกหก	go hok	gō hokˇ	說謊	engine-auto	
初 4-3	ไม่ชอบคนโกหก	mai chob kon go hok	maiˋ chɔ̄pˋ kon gō hokˇ	不喜歡說謊的人	engine-auto	
初 4-3	เขาโกหกบ่อยๆ	kao go hok boi boi	kāuˊ gō hokˇ bhɔ̄iˇ bhɔ̄iˇ	他常常說謊	engine-auto	
初 4-3	คุณโกหก ฉันไม่เชื่อคุณ	kun go hok chan mai cheua kun	kun gō hokˇ chanˊ maiˋ chɯ̄aˋ kun	你說謊，我不相信你	engine-auto	
初 4-3	ชัด	chat	chat~	清楚	engine-auto	
初 4-3	ฟังไม่ชัด	fang mai chat	fang maiˋ chat~	聽不清楚	engine-auto	
初 4-3	พูดไม่ชัด	poot mai chat	pūtˋ maiˋ chat~	說不清楚	engine-auto	
初 4-3	เสียงไม่ชัด	siang mai chat	sīangˊ maiˋ chat~	聲音不清楚	engine-auto	
初 4-3	ออกเสียง	awk siang	ɔ̄kˇ sīangˊ	發音	engine-auto	
初 4-3	ออกเสียงไม่ชัด	awk siang mai chat	ɔ̄kˇ sīangˊ maiˋ chat~	發音不清楚	engine-auto	
初 4-3	ออกเสียงชัด	awk siang chat	ɔ̄kˇ sīangˊ chat~	發音清楚	engine-auto	
初 4-3	TV ไม่ชัด	tee wee mai chat	TV maiˋ chat~	電視畫面不清楚	engine-auto	
初 4-3	เปิด	perd	bə̄tˇ	開	book-exact	(book-exact已用引擎重新驗證)
初 4-3	เปิดพัดลมได้ไหม	perd pat lom dai mai	bə̄tˇ pat~ lom dhaiˋ maiˊ	可以開電風扇嗎	derived	
初 4-3	พรุ่งนี้ร้านจะเปิดไหม	prung ni ran ja perd mai	prungˋ nī~ rān~ jaˇ bə̄tˇ maiˊ	明天店會開嗎	engine-auto	
初 4-3	พรุ่งนี้ร้านเปิดค่ะ	prung ni ran perd ka	prungˋ nī~ rān~ bə̄tˇ kaˋ	明天店會開	engine-auto	
初 4-3	ขอโทษค่ะ ห้างเปิดกี่โมงคะ	kor tot ka hang perd gi mong ka	kɔ̄ˊ tōtˋ kaˋ hāngˋ bə̄tˇ gīˇ mōng ka~	對不起，百貨公司幾點開	engine-auto	
初 4-3	เปิด 10 โมงครึ่งค่ะ	perd sip mong krueng ka	bə̄tˇ 10 mōng krɯngˋ kaˋ	10點半開	engine-auto	
初 4-3	เปิด 11 โมงค่ะ	perd sip et mong ka	bə̄tˇ 11 mōng kaˋ	11點開	engine-auto	
初 4-3	ปิด	pit	bitˇ	關	book-exact	(book-exact已用引擎重新驗證)
初 4-3	จะปิดเทอมเมื่อไหร่	ja pit term muea rai	jaˇ bitˇ tə̄m mɯ̄aˋ raiˇ	什麼時候要放假（學期結束）	engine-auto	
初 4-3	เดือนตุลาคม	deuan tu la kom	dhɯ̄an duˇ lā kom	十月	derived	
初 4-3	เดือนเมษายน	deuan me sa yon	dhɯ̄an mē sāˊ yon	四月	derived	
初 4-3	ร้านปิดกี่โมงคะ	ran pit gi mong ka	rān~ bitˇ gīˇ mōng ka~	店幾點關	engine-auto	
初 4-3	ร้านปิด 1 ทุ่มค่ะ	ran pit nueng tum ka	rān~ bitˇ 1 tumˋ kaˋ	店晚上7點關	engine-auto	
初 4-3	เวลาเครื่องขึ้นต้องปิดเครื่อง	we la krueang kuen tong pit krueang	wē lā krɯ̄angˋ kɯnˋ dɔ̄ngˋ bitˇ krɯ̄angˋ	起飛的時候得關機	engine-auto	
初 4-3	เปิดบัญชี	perd ban chi	bə̄tˇ bhan chī	開戶	engine-auto	
初 4-3	ปิดบัญชี	pit ban chi	bitˇ bhan chī	結清帳戶	engine-auto	
初 4-3	บัญชี	ban chi	bhan chī	帳戶	engine-auto	
初 4-3	มาทำอะไรคะ	ma tam a rai ka	mā tam aˇ rai ka~	來做什麼呢	engine-auto	
初 4-3	ผมมาเปิดบัญชี	pom ma perd ban chi	pomˊ mā bə̄tˇ bhan chī	我來開戶（男）	engine-auto	
初 4-3	ฉันมาเปิดบัญชี	chan ma perd ban chi	chanˊ mā bə̄tˇ bhan chī	我來開戶（女）	engine-auto	
初 4-3	ขอเบอร์บัญชีหน่อยค่ะ	kor ber ban chi noi ka	kɔ̄ˊ bhə̄ bhan chī nɔ̄iˇ kaˋ	請給我帳戶號碼	engine-auto	
初 4-3	เปลี่ยน	plian	blīanˇ	換、變、改	engine-auto	
初 4-3	ขอเปลี่ยนเวลาได้ไหมคะ	kor plian wela dai mai ka	kɔ̄ˊ blīanˇ wē lā dhaiˋ maiˊ ka~	可以換時間嗎	engine-auto	
初 4-3	ขอเปลี่ยนจานได้ไหมคะ	kor plian jan dai mai ka	kɔ̄ˊ blīanˇ jān dhaiˋ maiˊ ka~	可以換盤子嗎	engine-auto	
初 4-3	สกปรก	sokkaprok	sokˇ brokˇ	髒	derived	
初 4-3	จานไม่สะอาด	jan mai saat	jān maiˋ saˇ ātˇ	盤子不乾淨	engine-auto	
初 4-3	ขอเปลี่ยนห้องได้ไหมคะ	kor plian hong dai mai ka	kɔ̄ˊ blīanˇ hɔ̄ngˋ dhaiˋ maiˊ ka~	可以換房間嗎	engine-auto	
初 4-3	ใส่	sai	saiˇ	加、穿、戴、放入	engine-auto	
初 4-3	ใสน้ำแข็ง	sai namkaeng	saiˊ nām~ kɛngˊ	加冰塊	engine-auto	
初 4-3	ใส่ถุง	sai thung	saiˇ tungˊ	裝袋	engine-auto	
初 4-3	ใส่กระโปรง	sai kraprong	saiˇ graˇ brōng	穿裙子	engine-auto	
初 4-3	ไม่ใส่ถั่วงอกค่ะ	mai sai thuangok ka	maiˋ saiˇ tūaˇ ngɔ̄kˋ kaˋ	不加豆芽菜	engine-auto	
初 4-3	ใส่ถั่วงอกเยอะๆ	sai thuangok yoyo	saiˇ tūaˇ ngɔ̄kˋ yə~ yə~	加很多豆芽菜	engine-auto	
初 4-3	ไม่ใส่น้ำตาลทราย	mai sai namtansai	maiˋ saiˇ nām~ dān sāi	不加砂糖	derived	
初 4-3	ใส่แต่นมข้น	sai tae nomkhon	saiˇ dɛ̄ˇ nom konˋ	只加煉乳	derived	
初 4-3	ใส่กะทิเยอะหน่อยค่ะ	sai kathi yonoi ka	saiˇ gaˇ ti~ yə~ nɔ̄iˇ kaˋ	椰奶加多一點	engine-auto	
初 4-3	พริก	phrik	prik~	辣椒	engine-auto	
初 4-3	ใส่พริกเยอะๆ	sai phrik yoyo	saiˇ prik~ yə~ yə~	辣椒加很多	engine-auto	
初 4-3	ใส่พริกเยอะหน่อย	sai phrik yonoi	saiˇ prik~ yə~ nɔ̄iˇ	辣椒加多一點	engine-auto	
初 4-3	น้ำพริกเผา	namphrikphao	nām~ prik~ pāuˊ	辣椒膏	engine-auto	
初 4-3	พริกไทย	phrikthai	prik~ tai	胡椒	book-exact	(book-exact已用引擎重新驗證)
初 4-3	หอมแดง	homdaeng	hɔ̄mˊ dhɛ̄ng	紅蔥頭	engine-auto	
初 4-3	ต้องใส่หอมแดง	tong sai homdaeng	dɔ̄ngˋ saiˇ hɔ̄mˊ dhɛ̄ng	必須加紅蔥頭	engine-auto	
初 4-3	หัวหอม	huahom	hūaˊ hɔ̄mˊ	洋蔥	engine-auto	
初 4-3	กินหัวหอมหรือเปล่า	kin huahom rue plao	gin hūaˊ hɔ̄mˊ rɯ̄ˊ blāuˇ	吃洋蔥嗎	engine-auto	
初 4-3	ฉันไม่กินหัวหอม	chan mai kin huahom	chanˊ maiˋ gin hūaˊ hɔ̄mˊ	我不吃洋蔥	engine-auto	
初 4-3	ผักชี	phakchi	pakˇ chī	香菜	engine-auto	
初 4-3	ถอด	thot	tɔ̄tˇ	脫	engine-auto	
初 4-3	ถอดกางเกง	thot kangkeng	tɔ̄tˇ gāng gēng	脫褲子	engine-auto	
初 4-3	ถอดรองเท้า	thot rongthao	tɔ̄tˇ rɔ̄ng tāu~	脫鞋子	engine-auto	
初 4-3	ถอดหมวก	thot muak	tɔ̄tˇ mūakˇ	脫帽子	engine-auto	
初 4-3	แว่นตา	waenta	wɛ̄nˋ dā	眼鏡	engine-auto	
初 4-3	ถอดแว่น	thot waen	tɔ̄tˇ wɛ̄nˋ	脫眼鏡	engine-auto	
初 4-3	แหวน	waen	wɛ̄nˊ	戒指	engine-auto	
初 4-3	ถอดแหวน	thot waen	tɔ̄tˇ wɛ̄nˊ	脫戒指	engine-auto	
初 4-3	ถอดไม่ออก	thot mai awk	tɔ̄tˇ maiˋ ɔ̄kˇ	脫不下來	engine-auto	
初 4-3	แหวนแต่งงาน	waen taengngan	wɛ̄nˊ dɛ̄ngˇ ngān	結婚戒指	engine-auto	
初 4-3	แหวนทอง	waen thong	wɛ̄nˊ tɔ̄ng	金戒指	engine-auto	
初 4-3	แหวนผู้หญิง	waen phuying	wɛ̄nˊ pūˋ yingˊ	女用戒指	engine-auto	
初 4-3	แหวนผู้ชาย	waen phuchai	wɛ̄nˊ pūˋ chāi	男用戒指	engine-auto	
初 4-3	แว่นกันแดด	waen kandaet	wɛ̄nˋ gan dhɛ̄tˇ	太陽眼鏡	engine-auto	
初 4-3	กัน	kan	gan	預防、防止	engine-auto	
初 4-3	แดด	daet	dhɛ̄tˇ	陽光	engine-auto	
初 4-3	วันนี้ไม่มีแดด	wan ni mai mi daet	wan nī~ maiˋ mī dhɛ̄tˇ	今天沒有陽光	engine-auto	
初 4-3	แว่นกันแดด ยี่ห้อนี้ แพงมาก	waen kandaet yiho ni phaeng mak	wɛ̄nˋ gan dhɛ̄tˇ yīˋ hɔ̄ˋ nī~ pɛ̄ng mākˋ	這個牌子的太陽眼鏡非常貴	engine-auto	
初 4-3	หน้ากากอนามัย	nakak anamai	nāˋ gākˇ aˇ nā mai	口罩	derived	
初 4-3	อนามัย	anamai	aˇ nā mai	衛生	derived	
初 4-3	แมส	maet	mɛ̄tˋ	口罩（外來語）	engine-auto	
初 4-3	ออกไปข้างนอกต้องใส่หน้ากากอนามัย	awk pai khangnawk tong sai nakak anamai	ɔ̄kˇ bai kāngˋ nɔ̄kˋ dɔ̄ngˋ saiˇ nāˋ gākˇ aˇ nā mai	出去外面必須戴口罩	derived	
初 4-3	เพิ่งตื่นไม่นาน	pheng tuen mai nan	pə̄ngˋ dɯ̄nˇ maiˋ nān	剛醒不久	engine-auto	
初 4-3	เพิ่ง	pheng	pə̄ngˋ	剛	engine-auto	
初 4-3	เขาเพิ่งมา	kao pheng ma	kāuˊ pə̄ngˋ mā	他剛來	engine-auto	
初 4-3	เขาเพิ่งไป	kao pheng pai	kāuˊ pə̄ngˋ bai	他剛走	engine-auto	
初 4-3	ฉันเพิ่งกินอิ่ม	chan pheng kin im	chanˊ pə̄ngˋ gin imˇ	我剛吃飽	engine-auto	
初 4-3	ผึ้ง	phueng	pɯngˋ	蜜蜂	engine-auto	
初 4-3	ตื่น	tuen	dɯ̄nˇ	醒來、起床	book-exact	(book-exact已用引擎重新驗證)
初 4-3	ตื่นสาย	tuen sai	dɯ̄nˇ sāiˊ	晚起（睡過頭）	engine-auto	
初 4-3	มาสาย	ma sai	mā sāiˊ	遲到	engine-auto	
初 4-3	ตื่นสายก็เลยมาสาย	tuen sai ko loei ma sai	dɯ̄nˇ sāiˊ gɔ̄ˋ lə̄i mā sāiˊ	晚起所以遲到	book-exact	(book-exact已用引擎重新驗證)
初 4-3	ทำไมมาสาย	tam mai ma sai	tam mai mā sāiˊ	為什麼遲到	engine-auto	
初 4-3	เพราะว่าตื่นสาย	phraw wa tuen sai	prɔ~ wāˋ dɯ̄nˇ sāiˊ	因為晚起	engine-auto	
初 4-3	รีบ	rip	rīpˋ	趕快	engine-auto	
初 4-3	ถ่ายรูป	thai rup	tāiˇ rūpˋ	拍照	engine-auto	
初 4-3	รีบถ่ายรูป	rip thai rup	rīpˋ tāiˇ rūpˋ	趕快拍照	engine-auto	
初 4-3	ไปทำธุระ	pai tam thu ra	bai tam tu~ ra~	去辦事	engine-auto	
初 4-3	รีบไปรีบมา	rip pai rip ma	rīpˋ bai rīpˋ mā	快去快回	book-exact	(book-exact已用引擎重新驗證)
初 4-3	รีบไปไหน	rip pai nai	rīpˋ bai naiˊ	趕著去哪	engine-auto	
初 4-3	ไม่ต้องรีบ	mai tong rip	maiˋ dɔ̄ngˋ rīpˋ	不用趕	engine-auto	
初 4-3	ใจเย็นๆ	chai yen yen	jai yen yen	冷靜、慢慢來	engine-auto	
初 4-3	ให้	hai	haiˋ	給	engine-auto	
初 4-3	ให้เงินแม่	hai ngoen mae	haiˋ ngə̄n mɛ̄ˋ	給媽媽錢	engine-auto	
初 4-3	ของขวัญ	khong khwan	kɔ̄ngˊ kwanˊ	禮物	engine-auto	
初 4-3	ของขวัญวันเกิด	khong khwan wan koet	kɔ̄ngˊ kwanˊ wan gə̄tˇ	生日禮物	engine-auto	
初 4-3	ของขวัญแต่งงาน	khong khwan taeng ngan	kɔ̄ngˊ kwanˊ dɛ̄ngˇ ngān	結婚禮物	engine-auto	
初 4-3	ให้ของขวัญเพื่อน	hai khong khwan phuean	haiˋ kɔ̄ngˊ kwanˊ pɯ̄anˋ	給朋友禮物	book-exact	(book-exact已用引擎重新驗證)
初 4-3	ให้ของขวัญแฟน	hai khong khwan faen	haiˋ kɔ̄ngˊ kwanˊ fɛ̄n	給情人（伴侶）禮物	engine-auto	
初 4-3	ให้มือถือลูก	hai mue thue luk	haiˋ mɯ̄ tɯ̄ˊ lūkˋ	給孩子手機	engine-auto	
初 4-3	นั่ง	nang	nangˋ	坐	book-exact	(book-exact已用引擎重新驗證)
初 4-3	นั่งตุ๊กตุ๊ก	nang tuk tuk	nangˋ duk~ duk~	坐嘟嘟車	engine-auto	
初 4-3	รถตุ๊กตุ๊ก	rot tuk tuk	rot~ duk~ duk~	嘟嘟車	engine-auto	
初 4-3	เคยนั่งตุ๊กตุ๊กไหมคะ	koei nang tuk tuk mai ka	kə̄i nangˋ duk~ duk~ maiˊ ka~	你坐過嘟嘟車嗎？	engine-auto	
初 4-3	นั่งสองแถว	nang song thaeo	nangˋ sɔ̄ngˊ tɛ̄uˊ	坐雙條車	engine-auto	
初 4-3	เคยนั่งสองแถวไหม	koei nang song thaeo mai	kə̄i nangˋ sɔ̄ngˊ tɛ̄uˊ maiˊ	你坐過雙條車嗎？	engine-auto	
初 4-3	ฉันเคยนั่งสองแถว	chan koei nang song thaeo	chanˊ kə̄i nangˋ sɔ̄ngˊ tɛ̄uˊ	我坐過雙條車	engine-auto	
初 4-3	รถตู้	rot tu	rot~ dūˋ	廂型車	book-exact	(book-exact已用引擎重新驗證)
初 4-3	นั่งรถตู้	nang rot tu	nangˋ rot~ dūˋ	坐廂型車	engine-auto	
初 4-3	เคยนั่งรถตู้ไหม	koei nang rot tu mai	kə̄i nangˋ rot~ dūˋ maiˊ	你坐過廂型車嗎？	engine-auto	
初 4-3	นั่งลง	nang long	nangˋ long	坐下	engine-auto	
初 4-3	ทำไมไม่นั่งลง	tam mai mai nang long	tam mai maiˋ nangˋ long	為什麼不坐下？	engine-auto	
初 4-3	นั่งกับพื้น	nang gap pheun	nangˋ gapˇ pɯ̄n~	坐在地板上	book-exact	(book-exact已用引擎重新驗證)
初 4-3	พื้น	pheun	pɯ̄n~	地板	engine-auto	
初 4-3	ชอบนั่งกับพื้นไหมคะ	chob nang gap pheun mai ka	chɔ̄pˋ nangˋ gapˇ pɯ̄n~ maiˊ ka~	喜歡坐在地板上嗎？	engine-auto	
初 4-3	ไม่ชอบนั่งกับพื้น	mai chob nang gap pheun	maiˋ chɔ̄pˋ nangˋ gapˇ pɯ̄n~	不喜歡坐在地板上	engine-auto	
初 4-3	พื้นไม่สะอาด	pheun mai saat	pɯ̄n~ maiˋ saˇ ātˇ	地板不乾淨	engine-auto	
初 4-3	เดิน	doen	dhə̄n	走、逛	engine-auto	
初 4-3	เดินเล่น	doen len	dhə̄n lēnˋ	散步、逛一逛	engine-auto	
初 4-3	ชอบเดินเล่นไหม	chob doen len mai	chɔ̄pˋ dhə̄n lēnˋ maiˊ	喜歡散步嗎？	engine-auto	
初 4-3	เดินเล่นกับใคร	doen len gap khrai	dhə̄n lēnˋ gapˇ krai	和誰散步？	engine-auto	
初 4-3	เดินตลาด	doen talat	dhə̄n daˇ lātˋ	逛市場	engine-auto	
初 4-3	ชอบเดินตลาดไหมคะ	chob doen talat mai ka	chɔ̄pˋ dhə̄n daˇ lātˋ maiˊ ka~	喜歡逛市場嗎？	engine-auto	
初 4-3	เดินห้าง	doen hang	dhə̄n hāngˋ	逛百貨公司	engine-auto	
初 4-3	ชอบเดินห้างไหน	chob doen hang nai	chɔ̄pˋ dhə̄n hāngˋ naiˊ	喜歡逛哪家百貨公司？	engine-auto	
初 4-3	นอน	non	nɔ̄n	睡覺	book-exact	(book-exact已用引擎重新驗證)
初 4-3	นอนดึก	non duek	nɔ̄n dhɯkˇ	晚睡、熬夜	engine-auto	
初 4-3	เที่ยงคืน	thiang khuen	tīangˋ kɯ̄n	午夜	engine-auto	
初 4-3	ไม่นอนดึก	mai non duek	maiˋ nɔ̄n dhɯkˇ	不晚睡	engine-auto	
初 4-3	ฉันนอนไม่ดึก	chan non mai duek	chanˊ nɔ̄n maiˋ dhɯkˇ	我不晚睡	engine-auto	
初 4-3	นอนหลับดี	non lap di	nɔ̄n lapˇ dhī	睡得好	engine-auto	
初 4-3	นอนหลับ	non lap	nɔ̄n lapˇ	睡著	engine-auto	
初 4-3	นอนหลับแล้ว	non lap laeo	nɔ̄n lapˇ lɛ̄u~	睡著了	engine-auto	
初 4-3	หลับ	lap	lapˇ	睡著（短語）	engine-auto	
初 4-3	หลับตา	lap ta	lapˇ dā	閉眼	engine-auto	
初 4-3	นอนไม่หลับ	non mai lap	nɔ̄n maiˋ lapˇ	睡不著	engine-auto	
初 4-3	เมื่อคืนนอนหลับไหม	muea khuen non lap mai	mɯ̄aˋ kɯ̄n nɔ̄n lapˇ maiˊ	昨晚睡得著嗎？	engine-auto	
初 4-3	เมื่อคืนผมนอนไม่หลับ	muea khuen pom non mai lap	mɯ̄aˋ kɯ̄n pomˊ nɔ̄n maiˋ lapˇ	昨晚我睡不著	engine-auto	
初 4-3	นอนหลับฝันดี	non lap fan di	nɔ̄n lapˇ fanˊ dhī	祝好夢	engine-auto	
初 4-3	ฝันดีนะ	fan di na	fanˊ dhī na~	好夢喔	engine-auto	
初 4-3	ฝัน	fan	fanˊ	做夢	engine-auto	
初 4-3	ตื่นนอน	tuen non	dɯ̄nˇ nɔ̄n	睡醒、起床	engine-auto	
初 4-3	วันนี้ตื่นนอนกี่โมง	wan ni tuen non gi mong	wan nī~ dɯ̄nˇ nɔ̄n gīˇ mōng	今天幾點睡醒？	engine-auto	
初 4-3	ตื่นหกโมงเช้า	tuen hok mong chao	dɯ̄nˇ hokˇ mōng chāu~	六點醒	engine-auto	
初 4-3	ตื่นขึ้นมา	tuen khuen ma	dɯ̄nˇ kɯnˋ mā	起來	engine-auto	
初 4-3	ตื่นขึ้นมาทำอะไร	tuen khuen ma tam a rai	dɯ̄nˇ kɯnˋ mā tam aˇ rai	起來做什麼？	engine-auto	
初 4-3	ตื่นขึ้นมากินอาหารเช้า	tuen khuen ma kin a han chao	dɯ̄nˇ kɯnˋ mā gin ā hānˊ chāu~	起來吃早餐	engine-auto	
初 4-3	ตื่นขึ้นมาไปเข้าห้องน้ำ	tuen khuen ma pai khao hong nam	dɯ̄nˇ kɯnˋ mā bai kāuˋ hɔ̄ngˋ nām~	起來去廁所	engine-auto	
初 4-3	ตื่นขึ้นมาเล่นมือถือ	tuen khuen ma len mue thue	dɯ̄nˇ kɯnˋ mā lēnˋ mɯ̄ tɯ̄ˊ	起來玩手機	engine-auto	
初 4-3	ตื่นเต้น	tuen ten	dɯ̄nˇ dēnˋ	興奮、緊張	engine-auto	
初 4-3	เต้น	ten	dēnˋ	跳舞	engine-auto	
初 4-3	จะตื่นเต้นไหมคะ	ja tuen ten mai ka	jaˇ dɯ̄nˇ dēnˋ maiˊ ka~	會緊張嗎？	engine-auto	
初 4-3	พัก	pak	pak~	休息	book-exact	(book-exact已用引擎重新驗證)
初 4-3	พัก 5 นาที	pak 5 na tee	pak~ 5 nā tī	休息5分鐘	engine-auto	
初 4-3	พักเที่ยง	pak tiang	pak~ tīangˋ	午休	engine-auto	
初 4-3	พักเที่ยงกี่ชั่วโมงคะ	pak tiang gee chua mong ka	pak~ tīangˋ gīˇ chūaˋ mōng ka~	午休幾小時？	engine-auto	
初 4-3	พักเที่ยง 1 ชั่วโมง	pak tiang nueng chua mong	pak~ tīangˋ 1 chūaˋ mōng	午休1小時	engine-auto	
初 4-3	พักเที่ยง 2 ชั่วโมง	pak tiang song chua mong	pak~ tīangˋ 2 chūaˋ mōng	午休2小時	engine-auto	
初 4-3	พักที่บ้านเพื่อน	pak tee ban puean	pak~ tīˋ bhānˋ pɯ̄anˋ	住在朋友家（暫住）	engine-auto	
初 4-3	พักที่โรงแรม	pak tee rong raem	pak~ tīˋ rōng rɛ̄m	住在飯店	engine-auto	
初 4-3	พักผ่อน	pak pon	pak~ pɔ̄nˇ	休息、放鬆（長時）	engine-auto	
初 4-3	ต้องพักผ่อนเยอะๆ	tong pak pon yeye	dɔ̄ngˋ pak~ pɔ̄nˇ yə~ yə~	要多休息	engine-auto	
初 4-3	รอ	raw	rɔ̄	等	engine-auto	
初 4-3	รอรถ	raw rot	rɔ̄ rot~	等車	engine-auto	
初 4-3	รอรถสองแถว	raw rot song thaeo	rɔ̄ rot~ sɔ̄ngˊ tɛ̄uˊ	等雙條車	engine-auto	
初 4-3	รอรถตุ๊กตุ๊ก	raw rot tuk tuk	rɔ̄ rot~ duk~ duk~	等嘟嘟車	engine-auto	
初 4-3	รอรถตู้	raw rot tu	rɔ̄ rot~ dūˋ	等麵包車（廂型車）	engine-auto	
初 4-3	รอที่นี่	raw tee nee	rɔ̄ tīˋ nīˋ	在這裡等	engine-auto	
初 4-3	รอที่นี่นะ อย่าไปไหน	raw tee nee na ya pai nai	rɔ̄ tīˋ nīˋ na~ yāˋ bai naiˊ	在這裡等喔，別去哪裡	engine-auto	
初 4-3	รอสักครู่	raw sak kru	rɔ̄ sakˇ krūˋ	請稍等（正式）	engine-auto	
初 4-3	รอแป๊บเดียว	raw paep diao	rɔ̄ bɛ̄p~ dhīau	等一下	engine-auto	
初 4-3	รอนานไหม	raw nan mai	rɔ̄ nān maiˊ	等很久嗎？	engine-auto	
初 4-3	รอแป๊บนะ	raw paep na	rɔ̄ bɛ̄p~ na~	等一下喔	engine-auto	
初 4-3	แป๊บนะ	paep na	bɛ̄p~ na~	等一下（極短口語）	engine-auto	
初 4-3	รออีก 10 นาที	raw eek 10 na tee	rɔ̄ īkˇ 10 nā tī	再等10分鐘	engine-auto	
初 4-3	ฉันไม่รอคุณแล้ว	chan mai raw kun laeo	chanˊ maiˋ rɔ̄ kun lɛ̄u~	我不等你了	engine-auto	
初 4-3	เรียก	riak	rīakˋ	叫	engine-auto	
初 4-3	เรียกแท็กซี่	riak taxi	rīakˋ tɛk~ sīˋ	叫計程車	engine-auto	
初 4-3	ใช้แอปเรียกแท็กซี่	chai app riak taxi		使用App叫計程車	unresolved	英文外來語/正式縮寫/原始資料異常，見全課-仍不確定清單.tsv
初 4-3	นี่เรียกว่าอะไร	nee riak wa a rai	nīˋ rīakˋ wāˋ aˇ rai	這叫作什麼？	engine-auto	
初 4-3	เรียกเขามา	riak kao ma	rīakˋ kāuˊ mā	叫他過來	engine-auto	
初 4-3	เรียกเขามาหาฉัน	riak kao ma ha chan	rīakˋ kāuˊ mā hāˊ chanˊ	叫他來找我	engine-auto	
初 4-3	ถ่ายรูป	thae rup	tāiˇ rūpˋ	拍照	engine-auto	
初 4-3	ถ่ายวิดีโอ	thae video	tāiˇ wi~ dhī ō	錄影	engine-auto	
初 4-3	ชอบถ่ายรูปหรือถ่ายวิดีโอ	chob thae rup rue thae video	chɔ̄pˋ tāiˇ rūpˋ rɯ̄ˊ tāiˇ wi~ dhī ō	你喜歡拍照還是錄影？	engine-auto	
初 4-3	ชอบทั้งถ่ายรูปและถ่ายวิดีโอ	chob thang thae rup lae thae video	chɔ̄pˋ tang~ tāiˇ rūpˋ lɛ~ tāiˇ wi~ dhī ō	喜歡拍照也喜歡錄影	engine-auto	
初 4-3	ถ่ายหนัง	thae nang	tāiˇ nangˊ	拍電影	engine-auto	
初 4-3	ถ่ายละคร	thae lakhon	tāiˇ la~ kɔ̄n	拍戲（劇）	derived	
初 4-3	ถ่ายเอกสาร	thae ekkasan	tāiˇ ēkˇ sānˊ	影印	engine-auto	
初 4-3	เอกสาร	ekkasan	ēkˇ sānˊ	文件	book-exact	(book-exact已用引擎重新驗證)
初 4-3	ใช้เอกสารอะไรบ้าง	chai ekkasan arai bang	chai~ ēkˇ sānˊ aˇ rai bhāngˋ	需要用到哪些文件？	engine-auto	
初 4-3	ก๊อปปี้	copy	gɔ̄p~ bīˋ	影印、拷貝	engine-auto	
初 4-3	ร้านถ่ายเอกสาร	ran thae ekkasan	rān~ tāiˇ ēkˇ sānˊ	影印店	engine-auto	
初 4-3	กล้องถ่ายรูป	klong thae rup	glɔ̄ngˋ tāiˇ rūpˋ	相機	engine-auto	
初 4-3	ใช้กล้องถ่ายรูปไหม	chai klong thae rup mai	chai~ glɔ̄ngˋ tāiˇ rūpˋ maiˊ	用相機嗎？	engine-auto	
初 4-3	ไม่ใช้กล้องถ่ายรูป	mai chai klong thae rup	maiˋ chai~ glɔ̄ngˋ tāiˇ rūpˋ	不用相機	engine-auto	
初 4-3	จอง	chong	jɔ̄ng	預訂	engine-auto	
初 4-3	จองที่นั่ง	chong thi nang	jɔ̄ng tīˋ nangˋ	訂位（訂座位）	engine-auto	
初 4-3	จองโต๊ะ	chong toh	jɔ̄ng do~	訂桌	engine-auto	
初 4-3	จองห้อง	chong hong	jɔ̄ng hɔ̄ngˋ	訂房	engine-auto	
初 4-3	จองตั๋ว	chong tua	jɔ̄ng dūaˊ	訂票	engine-auto	
初 4-3	โทรไปจอง	tho pai chong	tō bai jɔ̄ng	打電話預訂	engine-auto	
初 4-3	จองออนไลน์	chong online	jɔ̄ng ɔ̄n lai	線上預訂	engine-auto	
初 4-3	จองตั๋วเครื่องบิน	chong tua krueang bin	jɔ̄ng dūaˊ krɯ̄angˋ bhin	訂機票	engine-auto	
初 4-3	จอด	chot	jɔ̄tˇ	停車、靠岸（交通工具停靠）	engine-auto	
初 4-3	จอดรถ	chot rot	jɔ̄tˇ rot~	停車	engine-auto	
初 4-3	จอดเรือ	chot ruea	jɔ̄tˇ rɯ̄a	停船、靠岸	engine-auto	
初 4-3	จอดเครื่องบิน	chot krueang bin	jɔ̄tˇ krɯ̄angˋ bhin	停飛機	engine-auto	
初 4-3	จอดข้างหน้า	chot khang na	jɔ̄tˇ kāngˋ nāˋ	停在前面	engine-auto	
初 4-3	จอดข้างหน้าก็ได้ค่ะ	chot khang na kor dai ka	jɔ̄tˇ kāngˋ nāˋ gɔ̄ˋ dhaiˋ kaˋ	停在前面也可以	engine-auto	
初 4-3	จอดตรงไฟแดง	chot trong fai daeng	jɔ̄tˇ drong fai dhɛ̄ng	停在紅綠燈處	engine-auto	
初 4-3	จอดตรงนี้ก็ได้	chot trong ni kor dai	jɔ̄tˇ drong nī~ gɔ̄ˋ dhaiˋ	停在這裡也可以	engine-auto	
初 4-3	ที่จอดรถ	thi chot rot	tīˋ jɔ̄tˇ rot~	停車位、停車場	engine-auto	
初 4-3	ที่จอดรถหายาก	thi chot rot ha yak	tīˋ jɔ̄tˇ rot~ hāˊ yākˋ	停車位很難找	engine-auto	
初 4-3	ที่จอดรถแพง	thi chot rot phaeng	tīˋ jɔ̄tˇ rot~ pɛ̄ng	停車費很貴	engine-auto	
初 4-3	แลก	laek	lɛ̄kˋ	交換、兌換	engine-auto	
初 4-3	แลกเงิน	laek ngoen	lɛ̄kˋ ngə̄n	換錢	engine-auto	
初 4-4	เพิ่ง	perng	pə̄ngˋ	剛	engine-auto	
初 4-4	เพิ่งตื่นไม่นาน	perng tuen mai naan	pə̄ngˋ dɯ̄nˇ maiˋ nān	剛起床不久	engine-auto	
初 4-4	เพิ่งทำเสร็จ	perng tam set	pə̄ngˋ tam sretˇ	剛做完	engine-auto	
初 4-4	เพิ่งแต่งงาน	perng taeng ngaan	pə̄ngˋ dɛ̄ngˇ ngān	剛結婚	engine-auto	
初 4-4	เพิ่งทำความสะอาดเสร็จ	perng tam khwam sa-at set	pə̄ngˋ tam kwām saˇ ātˇ sretˇ	剛打掃完	engine-auto	
初 4-4	เพิ่งเรียนจบ	perng rian jop	pə̄ngˋ rīan jopˇ	剛畢業	derived	
初 4-4	รีบ	rip	rīpˋ	趕快、急	engine-auto	
初 4-4	รีบถ่ายรูป	rip tai rup	rīpˋ tāiˇ rūpˋ	趕快照相	engine-auto	
初 4-4	รีบตื่นนอน	rip tuen non	rīpˋ dɯ̄nˇ nɔ̄n	趕快起床	engine-auto	
初 4-4	รีบเซ็นสัญญา	rip sen san-ya	rīpˋ sen sanˊ yā	趕快簽合約	engine-auto	
初 4-4	รีบขึ้นรถ	rip khuen rot	rīpˋ kɯnˋ rot~	趕快上車	engine-auto	
初 4-4	รีบไปทำงาน	rip pai tam ngaan	rīpˋ bai tam ngān	趕快去上班	engine-auto	
初 4-4	รีบทำธุระ	rip tam tu-ra	rīpˋ tam tu~ ra~	趕快辦事	engine-auto	
初 4-4	ไม่ต้องรีบ	mai tong rip	maiˋ dɔ̄ngˋ rīpˋ	不用趕	engine-auto	
初 4-4	สาย	sai	sāiˊ	晚、遲	engine-auto	
初 4-4	เมื่อคืนนอนดึกก็เลยตื่นสาย	muea khuen non duek kor loei tuen sai	mɯ̄aˋ kɯ̄n nɔ̄n dhɯkˇ gɔ̄ˋ lə̄i dɯ̄nˇ sāiˊ	昨晚睡得晚所以晚起	engine-auto	
初 4-4	มาสาย	ma sai	mā sāiˊ	遲到	engine-auto	
初 4-4	เขามาสายบ่อยๆ	khao ma sai boi boi	kāuˊ mā sāiˊ bhɔ̄iˇ bhɔ̄iˇ	他常常遲到	engine-auto	
初 4-4	เธอมาสายอีกแล้ว	thoe ma sai ik laeo	tə̄ mā sāiˊ īkˇ lɛ̄u~	你又遲到了	engine-auto	
初 4-4	ของขวัญ	khong khwan	kɔ̄ngˊ kwanˊ	禮物	engine-auto	
初 4-4	ให้ของขวัญเพื่อน	hai khong khwan phuean	haiˋ kɔ̄ngˊ kwanˊ pɯ̄anˋ	送朋友禮物	book-exact	(book-exact已用引擎重新驗證)
初 4-4	ของขวัญวันเกิด	khong khwan wan koet	kɔ̄ngˊ kwanˊ wan gə̄tˇ	生日禮物	engine-auto	
初 4-4	ของขวัญแต่งงาน	khong khwan taeng ngaan	kɔ̄ngˊ kwanˊ dɛ̄ngˇ ngān	結婚禮物	engine-auto	
初 4-4	ให้ของขวัญแม่	hai khong khwan mae	haiˋ kɔ̄ngˊ kwanˊ mɛ̄ˋ	給媽媽禮物	engine-auto	
初 4-4	แถวนี้มีสองแถวมั้ยคะ	thaeo ni mi song thaeo mai kha	tɛ̄uˊ nī~ mī sɔ̄ngˊ tɛ̄uˊ mai~ ka~	這附近有雙條車嗎？	engine-auto	
初 4-4	ถ้าเช่ารถตู้วันละเท่าไหร่	tha chao rot tu wan la thao rai	tāˋ chāuˋ rot~ dūˋ wan la~ tāuˋ raiˇ	如果租廂型車一天多少錢	engine-auto	
初 4-4	ที่จอดรถตู้อยู่ตรงไหนคะ	thi chot rot tu yu trong nai kha	tīˋ jɔ̄tˇ rot~ dūˋ yūˋ drong naiˊ ka~	廂型車停車場在哪裡？	engine-auto	
初 4-4	ขี้เกียจนั่งรถเมล์	khi kiat nang rot me	kīˋ gīatˇ nangˋ rot~ mē	懶得坐公車	engine-auto	
初 4-4	พวกเรานั่งตุ๊กตุ๊กดีกว่า	phuak rao nang tuk tuk di kwa	pūakˋ rāu nangˋ duk~ duk~ dhī gwāˇ	我們坐嘟嘟車吧	engine-auto	
初 4-4	นั่งกับพื้น	nang kap phuen	nangˋ gapˇ pɯ̄n~	坐在地板上	book-exact	(book-exact已用引擎重新驗證)
初 4-4	นั่งกินข้าวกับพื้น	nang kin khao kap phuen	nangˋ gin kāuˋ gapˇ pɯ̄n~	坐在地板上吃飯	engine-auto	
初 4-4	นั่งทำงานกับพื้น	nang tam ngaan kap phuen	nangˋ tam ngān gapˇ pɯ̄n~	坐在地板上工作	engine-auto	
初 4-4	พื้นไม่สะอาด	phuen mai sa-at	pɯ̄n~ maiˋ saˇ ātˇ	地板不乾淨	engine-auto	
初 4-4	กำลังทำความสะอาดพื้นอยู่	kam-lang tam khwam sa-at phuen yu	gam lang tam kwām saˇ ātˇ pɯ̄n~ yūˋ	正在清潔地板	engine-auto	
初 4-4	ชอบเดินเล่นกับน้องสาว	chop doen len kap nong sao	chɔ̄pˋ dhə̄n lēnˋ gapˇ nɔ̄ng~ sāuˊ	我喜歡跟妹妹散步	engine-auto	
初 4-4	แม่ไปเดินตลาดทุกวัน	mae pai doen ta-lat thuk wan	mɛ̄ˋ bai dhə̄n daˇ lātˋ tuk~ wan	每天媽媽去逛市場	engine-auto	
初 4-4	เสาร์อาทิตย์คนเดินห้างเยอะมาก	sao a-thit khon doen hang yoe mak	sāuˊ ā tit~ kon dhə̄n hāngˋ yə~ mākˋ	週末很多人逛百貨公司	engine-auto	
初 4-4	พัก 10 นาที	phak sip na thi	pak~ 10 nā tī	休息 10 分鐘	engine-auto	
初 4-4	พักเที่ยง 2 ชั่วโมง	phak thiang song chua mong	pak~ tīangˋ 2 chūaˋ mōng	午休 2 小時	engine-auto	
初 4-4	คุณพักที่โรงแรมไหน	khun phak thi rong raem nai	kun pak~ tīˋ rōng rɛ̄m naiˊ	你住哪間飯店？	engine-auto	
初 4-4	ผม/ฉัน พักที่โรงแรม W	phom/chan phak thi rong raem W	pomˊ/chanˊ pak~ tīˋ rōng rɛ̄m W	我住 W 飯店	engine-auto	
初 4-4	พักที่บ้านเพื่อน	phak thi ban phuean	pak~ tīˋ bhānˋ pɯ̄anˋ	住在朋友家	engine-auto	
初 4-4	พักผ่อน	phak phon	pak~ pɔ̄nˇ	休息、放鬆	engine-auto	
初 4-4	ไปพักผ่อนที่ทะเล	pai phak phon thi tha le	bai pak~ pɔ̄nˇ tīˋ ta~ lē	去海邊休息	engine-auto	
初 4-4	จะไปพักผ่อนที่ทะเล	ja pai phak phon thi tha le	jaˇ bai pak~ pɔ̄nˇ tīˋ ta~ lē	要去海邊休息	engine-auto	
初 4-4	อาทิตย์หน้าจะไปพักผ่อนที่ทะเล	a thit na ja pai phak phon thi tha le	ā tit~ nāˋ jaˇ bai pak~ pɔ̄nˇ tīˋ ta~ lē	下週要去海邊休息	engine-auto	
初 4-4	รอ	ro	rɔ̄	等	engine-auto	
初 4-4	คุณกำลังรอใครอยู่	khun kam lang ro khrai yu	kun gam lang rɔ̄ krai yūˋ	你在等誰？	engine-auto	
初 4-4	รออีก 10 นาที	ro ik sip na thi	rɔ̄ īkˇ 10 nā tī	再等 10 分鐘	engine-auto	
初 4-4	ไม่ต้องรอแล้ว	mai tong ro laeo	maiˋ dɔ̄ngˋ rɔ̄ lɛ̄u~	不用再等了	engine-auto	
初 4-4	รอสักครู่	ro sak khru	rɔ̄ sakˇ krūˋ	請稍等 (正式)	engine-auto	
初 4-4	มีที่นั่งว่างมั้ยคะ	mi thi nang wang mai kha	mī tīˋ nangˋ wāngˋ mai~ ka~	有空位嗎？	engine-auto	
初 4-4	รอสักครู่ นะคะ	ro sak khru na kha	rɔ̄ sakˇ krūˋ na~ ka~	請稍等 (服務生回覆)	engine-auto	
初 4-4	รอแป๊บ	ro paep	rɔ̄ bɛ̄p~	等一下	engine-auto	
初 4-4	แป๊บน้า	paep na	bɛ̄p~ nā~	等一下哦 (口語)	engine-auto	
初 4-4	รอแป๊บนะคะ/ครับ	ro paep na kha/khrap	rɔ̄ bɛ̄p~ na~ ka~/krap~	等一下哦 (溫柔版)	engine-auto	
初 4-4	รอแป๊บ กำลังไป	ro paep kam lang pai	rɔ̄ bɛ̄p~ gam lang bai	等一下，正要過去	engine-auto	
初 4-4	นอนหลับ	non lap	nɔ̄n lapˇ	睡著	engine-auto	
初 4-4	นอนหลับหรือยัง	non lap rue yang	nɔ̄n lapˇ rɯ̄ˊ yang	睡著了嗎？	engine-auto	
初 4-4	หลับหรือยัง	lap rue yang	lapˇ rɯ̄ˊ yang	睡著了嗎？ (簡略)	engine-auto	
初 4-4	กำลังจะไปนอน	kam lang ja pai non	gam lang jaˇ bai nɔ̄n	正要去睡覺	engine-auto	
初 4-4	เมื่อคืนนอนหลับดีมั้ย	muea khuen non lap di mai	mɯ̄aˋ kɯ̄n nɔ̄n lapˇ dhī mai~	昨晚睡得好嗎？	engine-auto	
初 4-4	เมื่อคืนนอนไม่หลับ	muea khuen non mai lap	mɯ̄aˋ kɯ̄n nɔ̄n maiˋ lapˇ	昨晚睡不著	engine-auto	
初 4-4	เมื่อคืนนอนกี่โมงคะ	muea khuen non ki mong kha	mɯ̄aˋ kɯ̄n nɔ̄n gīˇ mōng ka~	昨晚幾點睡覺？	engine-auto	
初 4-4	ฝัน	fan	fanˊ	夢、做夢	engine-auto	
初 4-4	นอนหลับฝันดีนะ	non lap fan di na	nɔ̄n lapˇ fanˊ dhī na~	祝你好夢	engine-auto	
初 4-4	ฝันดีนะ	fan di na	fanˊ dhī na~	祝你好夢 (簡稱)	engine-auto	
初 4-4	เมื่อคืนฉันฝันถึงคุณ	muea khuen chan fan thueng khun	mɯ̄aˋ kɯ̄n chanˊ fanˊ tɯngˊ kun	昨晚我夢到你	engine-auto	
初 4-4	เมื่อคืนฉันฝันถึงภาษาไทย	muea khuen chan fan thueng pha sa thai	mɯ̄aˋ kɯ̄n chanˊ fanˊ tɯngˊ pā sāˊ tai	昨晚我夢到泰文	engine-auto	
初 4-4	อย่าฝันกลางวัน	ya fan klang wan	yāˋ fanˊ glāng wan	別做白日夢	engine-auto	
初 4-4	ตื่น	tuen	dɯ̄nˇ	醒、起床	book-exact	(book-exact已用引擎重新驗證)
初 4-4	ตื่นหกโมงเช้าทุกวัน	tuen hok mong chao thuk wan	dɯ̄nˇ hokˇ mōng chāu~ tuk~ wan	每天早上六點起床	engine-auto	
初 4-4	ตื่นๆๆ	tuen tuen tuen	dɯ̄nˇ dɯ̄nˇ dɯ̄nˇ	起床起床起床！	engine-auto	
初 4-4	รีบตื่น	rip tuen	rīpˋ dɯ̄nˇ	趕快起床	engine-auto	
初 4-4	ตื่นเต้น	tuen ten	dɯ̄nˇ dēnˋ	興奮、緊張	engine-auto	
初 4-4	ผม/ฉัน ตื่นเต้นมาก ไม่กล้านั่ง	phom/chan tuen ten mak mai kla nang	pomˊ/chanˊ dɯ̄nˇ dēnˋ mākˋ maiˋ glāˋ nangˋ	我好緊張，不敢坐	engine-auto	
初 4-4	ไม่ต้องตื่นเต้น สบายๆ	mai tong tuen ten sa bai sa bai	maiˋ dɔ̄ngˋ dɯ̄nˇ dēnˋ saˇ bhāi saˇ bhāi	不用緊張，放輕鬆	engine-auto	
初 4-4	เรียก	riak	rīakˋ	叫	engine-auto	
初 4-4	ช่วยเรียกแท็กซี่ให้หน่อย	chuay riak taxi hai noi	chūayˋ rīakˋ tɛk~ sīˋ haiˋ nɔ̄iˇ	請幫我叫計程車	engine-auto	
初 4-4	เรียกรถหรือยัง	riak rot rue yang	rīakˋ rot~ rɯ̄ˊ yang	你叫車了嗎？	engine-auto	
初 4-4	เรียกแล้วแต่ยังไม่มา	riak laeo tae yang mai ma	rīakˋ lɛ̄u~ dɛ̄ˇ yang maiˋ mā	叫了，但還沒來	engine-auto	
初 4-4	นี่เรียกว่าอะไร	ni riak wa arai	nīˋ rīakˋ wāˋ aˇ rai	這個叫做什麼？	engine-auto	
初 4-4	นี่เรียกว่าข้าวซอย	ni riak wa khao soi	nīˋ rīakˋ wāˋ kāuˋ sɔ̄i	這個叫做泰北金麵	engine-auto	
初 4-4	นี่เรียกว่ามังคุด	ni riak wa mangkhut	nīˋ rīakˋ wāˋ mang kut~	這個叫做山竹	engine-auto	
初 4-4	ช่วยถ่ายรูปให้หน่อยได้มั้ยคะ	chuay tai rup hai noi dai mai kha	chūayˋ tāiˇ rūpˋ haiˋ nɔ̄iˇ dhaiˋ mai~ ka~	可以幫我拍照嗎？	engine-auto	
初 4-4	ขอถ่ายรูปด้วยได้มั้ยคะ	kho tai rup duay dai mai kha	kɔ̄ˊ tāiˇ rūpˋ dhūayˋ dhaiˋ mai~ ka~	我可以跟你拍照嗎？	engine-auto	
初 4-4	ถ่ายละคร	tai lakhon	tāiˇ la~ kɔ̄n	拍戲	derived	
初 4-4	ไปดูดาราถ่ายละคร	pai du dara tai lakhon	bai dhū dhā rā tāiˇ la~ kɔ̄n	去看明星拍戲	derived	
初 4-4	ถ่ายเอกสาร	tai ek ka san	tāiˇ ēkˇ sānˊ	影印	engine-auto	
初 4-4	ช่วยถ่ายเอกสารให้หน่อยค่ะ	chuay tai ek ka san hai noi kha	chūayˋ tāiˇ ēkˇ sānˊ haiˋ nɔ̄iˇ kaˋ	請幫我影印	engine-auto	
初 4-4	เอกสาร	ek ka san	ēkˇ sānˊ	文件	book-exact	(book-exact已用引擎重新驗證)
初 4-4	ใช้เอกสารอะไรบ้าง	chai ek ka san arai bang	chai~ ēkˇ sānˊ aˇ rai bhāngˋ	用哪些文件？	engine-auto	
初 4-4	สวัสดีค่ะ ฉันอยากจองที่นั่งค่ะ	sawadee kha chan yak jong thi nang kha	saˇ watˇ dhī kaˋ chanˊ yākˋ jɔ̄ng tīˋ nangˋ kaˋ	你好，我想訂位	derived	
初 4-4	จะจองวันไหนคะ	ja jong wan nai kha		要訂哪一天？	unresolved	英文外來語/正式縮寫/原始資料異常，見全課-仍不確定清單.tsv
初 4-4	จะจองกี่โมงคะ	ja jong ki mong kha	jaˇ jɔ̄ng gīˇ mōng ka~	要訂幾點？	engine-auto	
初 4-4	จองเวลานวด	jong wela nuat	jɔ̄ng wē lā nūatˋ	預約按摩時間	engine-auto	
初 4-4	จอด	chot	jɔ̄tˇ	停（車、船）	engine-auto	
初 4-4	จอดหน้าร้าน	chot na ran	jɔ̄tˇ nāˋ rān~	停在店前面	engine-auto	
初 4-4	จอดหน้าร้านได้มั้ย	chot na ran dai mai	jɔ̄tˇ nāˋ rān~ dhaiˋ mai~	停在店前面可以嗎？	engine-auto	
初 4-4	จอดหลังร้าน	chot lang ran	jɔ̄tˇ langˊ rān~	停在店後面	engine-auto	
初 4-4	จอดข้างร้าน	chot khang ran	jɔ̄tˇ kāngˋ rān~	停在店旁邊	engine-auto	
初 4-4	จอดตรงไฟแดง	chot trong fai daeng	jɔ̄tˇ drong fai dhɛ̄ng	停在紅綠燈處	engine-auto	
初 4-4	จอดตรงนี้ก็ได้	chot trong ni kor dai	jɔ̄tˇ drong nī~ gɔ̄ˋ dhaiˋ	停在這裡也可以	engine-auto	
初 4-4	ที่จอดรถชั้นใต้ดิน	thi chot rot chan tai din	tīˋ jɔ̄tˇ rot~ chan~ daiˋ dhin	地下室停車場	engine-auto	
初 4-4	แถวนี้ที่จอดรถหายาก	thaeo ni thi chot rot ha yak	tɛ̄uˊ nī~ tīˋ jɔ̄tˇ rot~ hāˊ yākˋ	這附近停車位很難找	engine-auto	
初 4-4	สามทุ่มยี่สิบแปดนาที	sam thum yi sip paet na thi	sāmˊ tumˋ yīˋ sipˇ bɛ̄tˇ nā tī	九點二十八分	engine-auto	
初 4-4	รอแป๊บ	ro paep	rɔ̄ bɛ̄p~	等一下（叫對方等）	engine-auto	
初 4-4	เดี๋ยว	diao	dhīauˊ	等一下（等會兒）	engine-auto	
初 4-4	เดี๋ยวไป	diao pai	dhīauˊ bai	等一下去	engine-auto	
初 4-4	ยอม	yom	yɔ̄m	願意	engine-auto	
初 4-4	ยอมทำทุกอย่าง	yom tam thuk yang	yɔ̄m tam tuk~ yāngˋ	願意做每一件事	engine-auto	
初 4-4	ไม่ยอม	mai yom	maiˋ yɔ̄m	不肯/不願意	engine-auto	
初 4-4	ไม่ยอมทำ	mai yom tam	maiˋ yɔ̄m tam	不肯做	engine-auto	
初 4-4	ไม่ยอมไป	mai yom pai	maiˋ yɔ̄m bai	不肯去	engine-auto	
初 4-4	ทิ้ง	thing	ting~	丟/丟掉	engine-auto	
初 4-4	เก่าแล้วยังไม่ยอมทิ้ง	kao laeo yang mai yom thing	gāuˇ lɛ̄u~ yang maiˋ yɔ̄m ting~	舊了還不肯丟掉	book-exact	(book-exact已用引擎重新驗證)
初 4-4	ไม่ยอมตื่น	mai yom tuen	maiˋ yɔ̄m dɯ̄nˇ	不肯起床	engine-auto	
初 4-4	ไม่ยอมนอน	mai yom non	maiˋ yɔ̄m nɔ̄n	不肯睡覺	engine-auto	
初 4-4	พอ...ก็...	phor...kor...	pɔ̄...gɔ̄ˋ...	一...就...	engine-auto	
初 4-4	เลย	loei	lə̄i	就/立即 (強調語氣)	engine-auto	
初 4-4	พอตื่นขึ้นมาก็เล่นมือถือเลย	phor tuen khuen ma kor len mue thue loei	pɔ̄ dɯ̄nˇ kɯnˋ mā gɔ̄ˋ lēnˋ mɯ̄ tɯ̄ˊ lə̄i	一起床就玩手機	engine-auto	
初 4-4	พอถึงก็กินเลย	phor thueng kor kin loei	pɔ̄ tɯngˊ gɔ̄ˋ gin lə̄i	一到就吃	engine-auto	
初 4-4	ดูข่าว	du khao	dhū kāuˇ	看新聞	engine-auto	
初 4-4	ข่าว	khao	kāuˇ	新聞/消息	engine-auto	
初 4-4	มีข่าวอะไร	mi khao arai	mī kāuˇ aˇ rai	有什麼新聞？	engine-auto	
初 4-4	ชอบดูข่าวมั้ย	chop du khao mai	chɔ̄pˋ dhū kāuˇ mai~	喜歡看新聞嗎？	engine-auto	
初 4-4	มีข่าวดี	mi khao di	mī kāˇ dhī	有好消息	derived	
初 4-4	ดูการ์ตูน	du cartoon	dhū gā dūn	看卡通	engine-auto	
初 4-4	ชอบดูการ์ตูนมั้ย	chop du cartoon mai	chɔ̄pˋ dhū gā dūn mai~	喜歡看卡通嗎？	engine-auto	
初 4-4	ดูภาพ	du phap	dhū pāpˋ	看照片/圖片	engine-auto	
初 4-4	ภาพ	phap	pāpˋ	照片/圖片/畫片	derived	
初 4-4	โป๊	po	bō~	裸露的/穿很少的	engine-auto	
初 4-4	ดูภาพโป๊	du phap po	dhū pāpˋ bō~	看色情照片	engine-auto	
初 4-4	ดูหนังโป๊	du nang po	dhū nangˊ bō~	看色情影片(A片)	engine-auto	
初 4-4	ดูสาวๆ	du sao sao	dhū sāuˊ sāuˊ	看正妹/女孩們	engine-auto	
初 4-4	ดูหมอ	du mor	dhū mɔ̄ˊ	算命	engine-auto	
初 4-4	หมอดู	mor du	mɔ̄ˊ dhū	算命師	engine-auto	
初 4-4	ชอบไปดูหมอมั้ย	chop pai du mor mai	chɔ̄pˋ bai dhū mɔ̄ˊ mai~	喜歡去算命嗎？	engine-auto	
初 4-4	ดูถูก	du thuk	dhū tūkˇ	看不起	engine-auto	
初 4-4	ดูก่อน	du kon	dhū gɔ̄nˇ	先看看	engine-auto	
初 4-4	ไปก่อนนะ	pai kon na	bai gɔ̄nˇ na~	先走囉	engine-auto	
初 4-4	ฉันกินก่อน	chan kin kon	chanˊ gin gɔ̄nˇ	我先吃	engine-auto	
初 4-4	ดูได้นะครับ/คะ	du dai na khrap/kha	dhū dhaiˋ na~ krap~/ka~	可以看看喔 (男/女)	engine-auto	
初 4-4	จำได้มั้ย	jam dai mai	jam dhaiˋ mai~	記得嗎	engine-auto	
初 4-4	จำได้	jam dai	jam dhaiˋ	記得	engine-auto	
初 4-4	จำไม่ได้	jam mai dai	jam maiˋ dhaiˋ	記不得	engine-auto	
初 4-4	จำผิด	jam phit	jam pitˇ	記錯	engine-auto	
初 4-4	พูดผิด	phut phit	pūtˋ pitˇ	說錯	engine-auto	
初 4-4	ขอโทษนะ ฉันจำผิด	kho thot na chan jam phit	kɔ̄ˊ tōtˋ na~ chanˊ jam pitˇ	抱歉，我記錯了	engine-auto	
初 4-4	ความจำ	khwam jam	kwām jam	記憶力	engine-auto	
初 4-4	ความจำไม่ดี	khwam jam mai di	kwām jam maiˋ dhī	記憶力不好	engine-auto	
初 4-4	ความจำเสื่อม	khwam jam sueam	kwām jam sɯ̄amˇ	記憶衰退（失智）	engine-auto	
初 4-4	เสื่อม	sueam	sɯ̄amˇ	衰退	engine-auto	
初 4-4	ลืม	luem	lɯ̄m	忘記	book-exact	(book-exact已用引擎重新驗證)
初 4-4	ลืมกุญแจ	luem kun jae	lɯ̄m gun jɛ̄	忘記鑰匙	engine-auto	
初 4-4	กุญแจรถ	kun jae rot	gun jɛ̄ rot~	車鑰匙	engine-auto	
初 4-4	กุญแจห้อง	kun jae hong	gun jɛ̄ hɔ̄ngˋ	房間鑰匙	engine-auto	
初 4-4	ลืมชื่อเขา	luem chue khao	lɯ̄m chɯ̄ˋ kāuˊ	忘記他的名字	engine-auto	
初 4-4	ลืมชื่อร้าน	luem chue ran	lɯ̄m chɯ̄ˋ rān~	忘記店名	engine-auto	
初 4-4	ลืมเอามือถือมา	luem ao mue thue ma	lɯ̄m au mɯ̄ tɯ̄ˊ mā	忘記帶手機來	engine-auto	
初 4-4	ลืมเอากุญแจมา	luem ao kun jae ma	lɯ̄m au gun jɛ̄ mā	忘記帶鑰匙來	engine-auto	
初 4-4	ลืมหมดแล้ว	luem mot laeo	lɯ̄m motˇ lɛ̄u~	全都忘光了	derived	
初 4-4	แบตหมด	baet mot	bhɛ̄tˇ motˇ	沒電了	derived	
初 4-4	ขายหมดแล้ว	khai mot laeo	kāiˊ motˇ lɛ̄u~	賣光了	derived	
初 4-4	ขี้ลืม	khi luem	kīˋ lɯ̄m	健忘	engine-auto	
初 4-4	เห็น	hen	henˊ	看到	book-exact	(book-exact已用引擎重新驗證)
初 4-4	เห็นผีมั้ย	hen phi mai	henˊ pīˊ mai~	看到鬼嗎？	engine-auto	
初 4-4	เห็นกับตา	hen kap ta	henˊ gapˇ dā	親眼看到	engine-auto	
初 4-4	ฉันเห็นกับตา เขามีคนอื่น	chan hen kap ta khao mi khon uen	chanˊ henˊ gapˇ dā kāuˊ mī kon ɯ̄nˇ	我親眼看到他有別人	engine-auto	
初 4-4	เห็นแล้วจะอ้วก	hen laeo ja uak	henˊ lɛ̄~ jaˇ ūakˋ	看了想吐	derived	
初 4-4	อ้วก	uak	ūakˋ	吐	engine-auto	
初 4-4	มองไม่เห็นอะไร	mong mai hen arai	mɔ̄ng maiˋ henˊ aˇ rai	看不見任何東西	book-exact	(book-exact已用引擎重新驗證)
初 4-4	มอง	mong	mɔ̄ng	看/望	engine-auto	
初 4-4	เห็นด้วย	hen duay	henˊ dhūayˋ	同意	engine-auto	
初 4-4	เห็นด้วยมั้ย	hen duay mai	henˊ dhūayˋ mai~	同意嗎？	engine-auto	
初 4-4	เห็นใจ	hen jai	henˊ jai	同情	engine-auto	
初 4-4	ฉันเห็นใจเขา	chan hen jai khao	chanˊ henˊ jai kāuˊ	我同情他	engine-auto	
初 4-4	เห็นแก่ตัว	เห็นแก่ตัว	henˊ gɛ̄ˇ dūa	自私	engine-auto	
初 4-4	อย่าเห็นแก่ตัว	ya hen kae tua	yāˋ henˊ gɛ̄ˇ dūa	別自私	engine-auto	
初 4-4	สั่งอาหาร	sang a han	sangˇ ā hānˊ	點餐	engine-auto	
初 4-4	สั่งฟู้ดแพนด้า	sang foodpanda	sangˇ fūt~ pɛ̄n dhāˋ	叫 Foodpanda	engine-auto	
初 4-4	สั่งทำ	sang tam	sangˇ tam	定做	engine-auto	
初 4-4	สั่งทำเค้ก	sang tam cake	sangˇ tam kēk~	定做蛋糕	engine-auto	
初 4-4	สั่งทำแหวน	sang tam waen	sangˇ tam wɛ̄nˊ	定做戒指	engine-auto	
初 4-4	สั่งลูกน้อง	sang luk nong	sangˇ lūkˋ nɔ̄ng~	命令下屬	engine-auto	
初 4-4	คำสั่ง	kham sang	kam sangˇ	命令（名詞）	engine-auto	
初 4-4	พา	pha	pā	帶（有生命）	engine-auto	
初 4-4	พาไปเที่ยว	pha pai thiao	pā bai tīauˋ	帶去玩	engine-auto	
初 4-4	พาเพื่อนไปเที่ยว	pha phuean pai thiao	pā pɯ̄anˋ bai tīauˋ	帶朋友去玩	engine-auto	
初 4-4	พาแฟนไปช้อปปิ้ง	pha faen pai shopping	pā fɛ̄n bai chɔ̄p~ bingˋ	帶情人去購物	engine-auto	
初 4-4	พาหมาไปเดินเล่น	pha ma pai doen len	pā māˊ bai dhə̄n lēnˋ	遛狗（帶狗去散步）	engine-auto	
初 4-4	พาแม่ไปหาหมอ	pha mae pai ha mor	pā mɛ̄ˋ bai hāˊ mɔ̄ˊ	帶媽媽去看醫生	engine-auto	
初 4-4	เอา	ao	au	拿、帶（口語，有/無生命皆可）	book-exact	(book-exact已用引擎重新驗證)
初 4-4	เอาหนังสือมา	ao nang su ma	au nangˊ sɯ̄ˊ mā	帶書來	engine-auto	
初 4-4	เติม	toem	də̄m	填、加	engine-auto	
初 4-4	เติมเงิน	toem ngoen	də̄m ngə̄n	儲值	engine-auto	
初 4-4	เติมข้าว	toem khao	də̄m kāuˋ	加飯	engine-auto	
初 4-4	เติมน้ำซุป	toem nam sup	də̄m nām~ sup~	加高湯	engine-auto	
初 4-4	เติมลม	toem lom	də̄m lom	打氣	derived	
初 4-4	เติมน้ำมัน	toem nam man	də̄m nām~ man	加油（汽車燃料）	engine-auto	
初 4-4	เติมเต็มถัง	toem tem thang	də̄m dem tangˊ	加滿（油）	engine-auto	
初 4-4	95 เต็มถัง	kao ha tem thang	95 dem tangˊ	95加滿	engine-auto	
初 4-4	บัตรเติมเงิน	bat toem ngoen	bhatˇ də̄m ngə̄n	儲值卡	derived	
初 4-4	บัตร	bat	bhatˇ	卡	derived	
初 4-4	บัตรแรบบิท	bat rabbit		兔兔卡（Rabbit Card）	unresolved	英文外來語/正式縮寫/原始資料異常，見全課-仍不確定清單.tsv
初 4-4	บัตรเครดิต	bat credit	bhatˇ krē dhitˇ	信用卡	derived	
初 4-4	ใช้บัตรเครดิตได้มั้ย	chai bat credit dai mai	chai~ bhatˇ krē dhitˇ dhaiˋ mai~	可以用信用卡嗎？	derived	
初 4-4	บัตรนักเรียน	bat nak rian	bhatˇ nak~ rīan	學生證	derived	
初 4-4	ชิด	chit	chit~	靠、靠近	engine-auto	
初 4-4	ชิดซ้าย	chit sai	chit~ sāi~	靠左	engine-auto	
初 4-4	ชิดขวา	chit khwa	chit~ kwāˊ	靠隱	engine-auto	
初 4-4	ถ้าไม่เดินต้องชิดขวา	tha mai doen tong chit khwa	tāˋ maiˋ dhə̄n dɔ̄ngˋ chit~ kwāˊ	如果不走要靠右	engine-auto	
初 4-4	ชิดใน	chit nai	chit~ nai	往裡面靠（車廂內）	engine-auto	
初 4-4	ชิดในหน่อย	chit nai noi	chit~ nai nɔ̄iˇ	往裡面靠一點	engine-auto	
初 4-4	สถานีชิดลม	sathani chit lom	saˇ tāˊ nī chit~ lom	奇隆站	derived	
初 4-4	ทิ้งกุญแจไปไหน	thing kun jae pai nai	ting~ gun jɛ̄ bai naiˊ	鑰匙丟到哪裡去了？	engine-auto	
初 4-4	ทิ้งไว้ที่นี่	thing wai thi ni	ting~ wai~ tīˋ nīˋ	丟在、留在這裡	engine-auto	
初 4-4	เก็บไว้	kep wai	gepˇ wai~	存著、留著	engine-auto	
初 4-4	ทิ้งขยะ	thing khaya	ting~ kaˇ yaˇ	丟垃圾	derived	
初 4-4	ขยะ	khaya	kaˇ yaˇ	垃圾	derived	
初 4-4	ถังขยะ	thang khaya	tangˊ kaˇ yaˇ	垃圾桶	derived	
初 4-4	ถังน้ำ	thang nam	tangˊ nām~	水桶	engine-auto	
初 4-4	ถัง	thang	tangˊ	桶子	engine-auto	
初 4-4	พูดถูก	phut thuk	pūtˋ tūkˇ	說得對	engine-auto	
初 4-4	ถูก	thuk	tūkˇ	被、便宜、正確	engine-auto	
初 4-4	ถูกแฟนทิ้ง	thuk faen thing	tūkˇ fɛ̄n ting~	被情人甩了	engine-auto	
初 4-4	มีอะไรอยากถามมั้ยคะ	mi arai yak tham mai kha	mī aˇ rai yākˋ tāmˊ mai~ ka~	有什麼想問的嗎？	engine-auto	
初 4-4	สั่งตัดเสื้อ	sang tat suea	sangˇ datˇ sɯ̄aˋ	定做衣服（裁製衣服）	engine-auto	
初 4-4	เจอกันปีหน้า	choe kan pi na	jə̄ gan bī nāˋ	明年見	engine-auto	
初 4-4	สวัสดีปีใหม่	sawatdee pi mai	saˇ watˇ dhī bī maiˇ	新年快樂	derived	
初 4-5	สวัสดีค่ะ	sawatdee kha	saˇ watˇ dhī kaˋ	你好	derived	
初 4-5	สวัสดีปีใหม่	sawatdee pee mai	saˇ watˇ dhī bī maiˇ	新年快樂	derived	
初 4-5	ยอม	yorm	yɔ̄m	願意	engine-auto	
初 4-5	เพราะเงินเยอะก็เลยยอมทำโอที	phraw ngern yoe kor loey yorm tham OT	prɔ~ ngə̄n yə~ gɔ̄ˋ lə̄i yɔ̄m tam ō tī	因為錢多，所以願意加班	engine-auto	
初 4-5	ไม่ยอม	mai yorm	maiˋ yɔ̄m	不肯 / 不願意	engine-auto	
初 4-5	ไม่ยอมตื่นนอน	mai yorm tuen norn	maiˋ yɔ̄m dɯ̄nˇ nɔ̄n	不肯起床	engine-auto	
初 4-5	ไม่ยอมพูดความจริง	mai yorm phood khwam jing	maiˋ yɔ̄m pūtˋ kwām jing	不肯說真相	derived	
初 4-5	ไม่ยอมทำความสะอาด	mai yorm tham khwam sa-at	maiˋ yɔ̄m tam kwām saˇ ātˇ	不肯打掃	engine-auto	
初 4-5	ไม่ยอมเซ็นชื่อ	mai yorm sen chue	maiˋ yɔ̄m sen chɯ̄ˋ	不肯簽名	engine-auto	
初 4-5	พอตื่นขึ้นมาก็เล่นมือถือ	por tuen khuen ma kor len mue thue	pɔ̄ dɯ̄nˇ kɯnˋ mā gɔ̄ˋ lēnˋ mɯ̄ tɯ̄ˊ	一起床就玩手機	book-exact	(book-exact已用引擎重新驗證)
初 4-5	พอนอนหลับก็ฝันเลย	por norn lup kor fun loey	pɔ̄ nɔ̄n lapˇ gɔ̄ˋ fanˊ lə̄i	一睡著就做夢	engine-auto	
初 4-5	พอพูดถึงเขาเขาก็มา	por phood thueng khao khao kor ma	pɔ̄ pūtˋ tɯngˊ kāuˊ kāuˊ gɔ̄ˋ mā	一說到他，他就來	engine-auto	
初 4-5	พอร้านเปิดคนก็เยอะเลย	por ran perd khon kor yoe loey	pɔ̄ rān~ bə̄tˇ kon gɔ̄ˋ yə~ lə̄i	一開店人就很多	engine-auto	
初 4-5	ดูข่าว	doo khao	dhū kāuˇ	看新聞	engine-auto	
初 4-5	วันนี้มีข่าวอะไร	wan nee mee khao arai	wan nī~ mī kāuˇ aˇ rai	今天有什麼新聞？	engine-auto	
初 4-5	วันนี้มีข่าวใหญ่	wan nee mee khao yai	wan nī~ mī kāuˇ yaiˇ	今天有大新聞	engine-auto	
初 4-5	ข่าวจริง	khao jing	kāuˇ jing	真新聞	derived	
初 4-5	ข่าวปลอม	khao plom	kāuˇ blɔ̄m	假新聞	engine-auto	
初 4-5	ข่าวจริงหรือข่าวปลอม	khao jing rue khao plom	kāuˇ jing rɯ̄ˊ kāuˇ blɔ̄m	真新聞還是假新聞	derived	
初 4-5	ฉันมีข่าวดีจะบอกคุณ	chan mee khao dee ja bok khun	chanˊ mī kāˇ dhī jaˇ bhɔ̄kˇ kun	我有好消息要告訴你	derived	
初 4-5	ก่อน	korn	gɔ̄nˇ	先	book-exact	(book-exact已用引擎重新驗證)
初 4-5	ต้องทำธุระเสร็จก่อน	tong tham thura set korn	dɔ̄ngˋ tam tu~ ra~ sretˇ gɔ̄nˇ	要先辦完事情	engine-auto	
初 4-5	ต้องเซ็นสัญญาก่อน	tong sen sanya korn	dɔ̄ngˋ sen sanˊ yā gɔ̄nˇ	要先簽合約	engine-auto	
初 4-5	ใส่หัวหอมก่อน	sai hua hom korn	saiˇ hūaˊ hɔ̄mˊ gɔ̄nˇ	先放洋蔥	engine-auto	
初 4-5	เห็น	hen	henˊ	看見 / 看到	book-exact	(book-exact已用引擎重新驗證)
初 4-5	เคยเห็นผลไม้นี้ไหม	khuey hen phonlamai nee mai	kə̄i henˊ ponˊ mai~ nī~ maiˊ	見過這個水果嗎？	derived	
初 4-5	ไม่เคยเห็นผลไม้นี้ค่ะ	mai khuey hen phonlamai nee kha	maiˋ kə̄i henˊ ponˊ mai~ nī~ kaˋ	沒見過這個水果。	derived	
初 4-5	ฉันเคยเห็นที่ตลาด	chan khuey hen thee talat	chanˊ kə̄i henˊ tīˋ daˇ lātˋ	我在市場見過。	engine-auto	
初 4-5	เห็นกับตา	hen gap dta	henˊ gapˇ dā	親眼看見	engine-auto	
初 4-5	ฉันเห็นกับตาเมื่อคืนมีผีจริงๆ	chan hen gap dta muea khuen mee phee jing jing	chanˊ henˊ gapˇ dā mɯ̄aˋ kɯ̄n mī pīˊ jing jing	我親眼看見昨天晚上真的有鬼（女）。	derived	
初 4-5	ผมเห็นกับตาเมื่อคืนมีผีจริงๆ	phom hen gap dta muea khuen mee phee jing jing	pomˊ henˊ gapˇ dā mɯ̄aˋ kɯ̄n mī pīˊ jing jing	我親眼看見昨天晚上真的有鬼（男）。	derived	
初 4-5	ผมเห็นกับตาเขาทำสกปรก	phom hen gap dta khao tham sokgaprok	pomˊ henˊ gapˇ dā kāuˊ tam sokˇ brokˇ	我親眼看見他弄髒的（男）。	derived	
初 4-5	ฉันเห็นกับตาเขาทำสกปรก	chan hen gap dta khao tham sokgaprok	chanˊ henˊ gapˇ dā kāuˊ tam sokˇ brokˇ	我親眼看見他弄髒的（女）。	derived	
初 4-5	เห็นด้วย	hen duay	henˊ dhūayˋ	同意	engine-auto	
初 4-5	มีใครไม่เห็นด้วยไหม	mee khrai mai hen duay mai	mī krai maiˋ henˊ dhūayˋ maiˊ	有誰不同意嗎？	engine-auto	
初 4-5	ผมเห็นด้วยครับ	phom hen duay khrap	pomˊ henˊ dhūayˋ krap~	我同意（男）。	engine-auto	
初 4-5	ฉันเห็นด้วยค่ะ	chan hen duay kha	chanˊ henˊ dhūayˋ kaˋ	我同意（女）。	engine-auto	
初 4-5	พวกเขาไม่เห็นด้วย	phuak khao mai hen duay	pūakˋ kāuˊ maiˋ henˊ dhūayˋ	他們不同意。	engine-auto	
初 4-5	ทุกคนเห็นด้วย	thuk khon hen duay	tuk~ kon henˊ dhūayˋ	每個人都同意。	engine-auto	
初 4-5	เห็นใจ	hen jai	henˊ jai	同情	engine-auto	
初 4-5	ฉันเห็นใจเพื่อนร่วมงาน	chan hen jai phuean ruam ngan	chanˊ henˊ jai pɯ̄anˋ rūamˋ ngān	我同情同事。	engine-auto	
初 4-5	做什麼คุณเห็นใจเขา	thammai khun hen jai khao	做什麼 kun henˊ jai kāuˊ	為什麼你同情他？	engine-auto	
初 4-5	ไม่มีใครเห็นใจฉัน	mai mee khrai hen jai chan	maiˋ mī krai henˊ jai chanˊ	沒有人同情我。	engine-auto	
初 4-5	เห็นแก่ตัว	hen gae dtua	henˊ gɛ̄ˇ dūa	自私	engine-auto	
初 4-5	อย่าเห็นแก่ตัว	ya hen gae dtua	yāˋ henˊ gɛ̄ˇ dūa	別自私。	engine-auto	
初 4-5	คุณเห็นแก่ตัวมาก	khun hen gae dtua mak	kun henˊ gɛ̄ˇ dūa mākˋ	你很自私喔。	engine-auto	
初 4-5	มอง	mong	mɔ̄ng	看、望	engine-auto	
初 4-5	มองไม่เห็นอะไร	mong mai hen arai	mɔ̄ng maiˋ henˊ aˇ rai	什麼都看不見。	book-exact	(book-exact已用引擎重新驗證)
初 4-5	มองข้างนอก	mong khang nok	mɔ̄ng kāngˋ nɔ̄kˋ	看外面。	engine-auto	
初 4-5	มีคนมองเธออยู่	mee khon mong thoe yu	mī kon mɔ̄ng tə̄ yūˋ	有人在看你。	engine-auto	
初 4-5	มีคนกำลังมองเธออยู่	mee khon gamlang mong thoe yu	mī kon gam lang mɔ̄ng tə̄ yūˋ	有人正在看你。	engine-auto	
初 4-5	เขาขับรถไม่มองทาง	khao khap rot mai mong thang	kāuˊ kapˇ rot~ maiˋ mɔ̄ng tāng	他開車不看路。	engine-auto	
初 4-5	ลืม	luem	lɯ̄m	忘記	book-exact	(book-exact已用引擎重新驗證)
初 4-5	ลืมเอามือถือมา	luem ao mue thue ma	lɯ̄m au mɯ̄ tɯ̄ˊ mā	忘了帶手機來	engine-auto	
初 4-5	ลืมเอากระเป๋าเงินมา	luem ao grapao ngen ma	lɯ̄m au graˇ bāuˊ ngə̄n mā	忘了帶錢包來	engine-auto	
初 4-5	ลืมเอากุญแจมา	luem ao gunjae ma	lɯ̄m au gun jɛ̄ mā	忘了帶鑰匙來	engine-auto	
初 4-5	ลืมใส่แมส	luem sai maet	lɯ̄m saiˇ mɛ̄tˋ	忘了戴口罩	engine-auto	
初 4-5	ลืมใส่หน้ากากอนามัย	luem sai nakak anamai	lɯ̄m saiˇ nāˋ gākˇ aˇ nā mai	忘了戴口罩（正式用法）	derived	
初 4-5	ลืมใส่แมส ทำยังไงดี	luem sai maet tham yang ngai dee	lɯ̄m saiˇ mɛ̄tˋ tam yang ngai dhī	忘了戴口罩，該怎麼辦好？	engine-auto	
初 4-5	ลืมเอากุญแจมา ทำยังไงดี	luem ao gunjae ma tham yang ngai dee	lɯ̄m au gun jɛ̄ mā tam yang ngai dhī	忘了帶鑰匙來，該怎麼辦好？	engine-auto	
初 4-5	ลืมเอามือถือมา ทำยังไงดี	luem ao mue thue ma tham yang ngai dee	lɯ̄m au mɯ̄ tɯ̄ˊ mā tam yang ngai dhī	忘了帶手機來，該怎麼辦好？	engine-auto	
初 4-5	ลืมหมดแล้ว	luem mot laeo	lɯ̄m motˇ lɛ̄u~	全部忘光了	derived	
初 4-5	กินหมดแล้ว	gin mot laeo	gin motˇ lɛ̄u~	全部吃光了	derived	
初 4-5	ขายหมดแล้ว	khai mot laeo	kāiˊ motˇ lɛ̄u~	全部賣光了	derived	
初 4-5	ใช้เงินหมดแล้ว	chai ngen mot laeo	chai~ ngə̄n motˇ lɛ̄u~	錢全部花光了	derived	
初 4-5	สั่ง	sang	sangˇ	點（餐）、命令、叫（外送）	engine-auto	
初 4-5	น้อง ขอสั่งอาหารค่ะ	nong kho sang ahan kha	nɔ̄ng~ kɔ̄ˊ sangˇ ā hānˊ kaˋ	服務生，我要點餐（女）。	engine-auto	
初 4-5	จะสั่งอะไรดีครับ/ค่ะ	ja sang arai dee khrap kha	jaˇ sangˇ aˇ rai dhī krap~/kaˋ	要點什麼好呢（男/女）？	engine-auto	
初 4-5	สั่งนานแล้ว แต่อาหารยังไม่มา	sang nan laeo dtae ahan yang mai ma	sangˇ nān lɛ̄u~ dɛ̄ˇ ā hānˊ yang maiˋ mā	點了很久了，但餐點還沒來。	engine-auto	
初 4-5	ลืมทำหรือเปล่า	luem tham rue plao	lɯ̄m tam rɯ̄ˊ blāuˇ	是不是忘記做了？	engine-auto	
初 4-5	เราสั่ง Uber Eats มากินดีกว่า	rao sang Uber Eats ma gin dee gwa	rāu sangˇ Uber Eats mā gin dhī gwāˇ	我們叫 Uber Eats 來吃比較好。	engine-auto	
初 4-5	สั่งทำ	sang tham	sangˇ tam	訂做	engine-auto	
初 4-5	สั่งทำแหวนแต่งงาน	sang tham waen dtaeng ngan	sangˇ tam wɛ̄nˊ dɛ̄ngˇ ngān	訂做結婚戒指	engine-auto	
初 4-5	สั่งทำเค้กวันเกิด	sang tham khek wan goet	sangˇ tam kēk~ wan gə̄tˇ	訂做生日蛋糕	engine-auto	
初 4-5	สั่งทำเก้าอี้	sang tham gao ee	sangˇ tam gāuˋ īˋ	訂做椅子	engine-auto	
初 4-5	คำสั่ง	kham sang	kam sangˇ	命令	engine-auto	
初 4-5	นี่เป็นคำสั่ง	nee pen kham sang	nīˋ ben kam sangˇ	這是命令	engine-auto	
初 4-5	ลูกน้องต้องทำตามคำสั่ง	luk nong dtong tham dtam kham sang	lūkˋ nɔ̄ng~ dɔ̄ngˋ tam dām kam sangˇ	部屬必須遵守命令	engine-auto	
初 4-5	พา	pha	pā	帶、領	engine-auto	
初 4-5	พาเพื่อนไปเที่ยว	pha phuean pai thiao	pā pɯ̄anˋ bai tīauˋ	帶朋友去玩	engine-auto	
初 4-5	พาเพื่อนไปเที่ยวภาคใต้	pha phuean pai thiao phak tai	pā pɯ̄anˋ bai tīauˋ pākˋ daiˋ	帶朋友去南部玩	engine-auto	
初 4-5	ขับรถพาเพื่อนไปเที่ยวภาคใต้	khap rot pha phuean pai thiao phak tai	kapˇ rot~ pā pɯ̄anˋ bai tīauˋ pākˋ daiˋ	開車帶朋友去南部玩	engine-auto	
初 4-5	พาแม่ไปหาหมอ	pha mae pai ha mo	pā mɛ̄ˋ bai hāˊ mɔ̄ˊ	帶媽媽去看醫生	engine-auto	
初 4-5	พาหมาไปเดินเล่น	pha ma pai doen len	pā māˊ bai dhə̄n lēnˋ	帶狗去散步	engine-auto	
初 4-5	เติม	toem	də̄m	添加、加、加值	engine-auto	
初 4-5	เติมเงิน	toem ngen	də̄m ngə̄n	加值 / 加錢	engine-auto	
初 4-5	เติมข้าว	toem khao	də̄m kāuˋ	加飯	engine-auto	
初 4-5	เติมซุป	toem sup	də̄m sup~	加湯	engine-auto	
初 4-5	ช่วยเติมซุปให้หน่อยครับ/ค่ะ	chuay toem sup hai noi khrap kha	chūayˋ də̄m sup~ haiˋ nɔ̄iˇ krap~/kaˋ	請幫我加湯（男/女）	engine-auto	
初 4-5	จะเติมข้าวไหมคะ	ja toem khao mai kha	jaˇ də̄m kāuˋ maiˊ ka~	要加飯嗎？	engine-auto	
初 4-5	ไม่ต้องค่ะ พอแล้ว	mai tong kha pho laeo	maiˋ dɔ̄ngˋ kaˋ pɔ̄ lɛ̄u~	不用了，夠了。	engine-auto	
初 4-5	ต้องเติมอะไรไหม	tong toem arai mai	dɔ̄ngˋ də̄m aˇ rai maiˊ	需要加什麼嗎？	engine-auto	
初 4-5	อร่อยแล้ว ไม่ต้องเติมอะไรแล้ว	aroi laeo mai tong toem arai laeo	aˇ rɔ̄iˋ lɛ̄u~ maiˋ dɔ̄ngˋ də̄m aˇ rai lɛ̄u~	好吃了，不用再加什麼了。	engine-auto	
初 4-5	เต็ม	tem	dem	滿	engine-auto	
初 4-5	เติมเต็มถัง	toem tem thang	də̄m dem tangˊ	加滿	engine-auto	
初 4-5	95 เติมเต็ม	gao ha toem tem	95 də̄m dem	95加滿	engine-auto	
初 4-5	ที่จอดรถเต็ม	thee jot rot tem	tīˋ jɔ̄tˇ rot~ dem	停車位滿了	engine-auto	
初 4-5	ที่นั่งเต็ม	thee nang tem	tīˋ nangˋ dem	座位滿了	engine-auto	
初 4-5	ขอโทษนะคะ ที่นั่งเต็มแล้วค่ะ	kho thot na kha thee nang tem laeo kha	kɔ̄ˊ tōtˋ na~ ka~ tīˋ nangˋ dem lɛ̄u~ kaˋ	不好意思，座位已經滿了。	engine-auto	
初 4-5	ไม่มีที่นั่งแล้วค่ะ	mai mee thee nang laeo kha	maiˋ mī tīˋ nangˋ lɛ̄u~ kaˋ	沒有位置了。	engine-auto	
初 4-5	บัตร	bat	bhatˇ	卡	derived	
初 4-5	บัตรเติมเงิน	bat toem ngen	bhatˇ də̄m ngə̄n	加值卡	derived	
初 4-5	บัตรเครดิต	bat khredit	bhatˇ krē dhitˇ	信用卡	derived	
初 4-5	บัตรนักเรียน	bat nak rian	bhatˇ nak~ rīan	學生卡	derived	
初 4-5	ขอซื้อบัตรเติมเงินหน่อยค่ะ	kho sue bat toem ngen noi kha	kɔ̄ˊ sɯ̄~ bhatˇ də̄m ngə̄n nɔ̄iˇ kaˋ	我想買加值卡。	derived	
初 4-5	ขอซื้อยาแก้ปวดหัว	kho sue ya gae puat hua	kɔ̄ˊ sɯ̄~ yā gɛ̄ˋ būatˇ hūaˊ	我想買頭痛藥。	engine-auto	
初 4-5	ใช้บัตรเครดิตได้ไหมคะ	chai bat khredit dai mai kha	chai~ bhatˇ krē dhitˇ dhaiˋ maiˊ ka~	可以用信用卡嗎？	derived	
初 4-5	ไม่ได้ค่ะ ต้องใช้เงินสด	mai dai kha tong chai ngen sot	maiˋ dhaiˋ kaˋ dɔ̄ngˋ chai~ ngə̄n sotˇ	不行，必須用現金。	engine-auto	
初 4-5	ชิด	chit	chit~	靠、貼近	engine-auto	
初 4-5	ชิดซ้าย	chit sai	chit~ sāi~	靠左	engine-auto	
初 4-5	ถ้าเดินต้องชิดซ้าย	tha doen tong chit sai	tāˋ dhə̄n dɔ̄ngˋ chit~ sāi~	如果走動的話要靠左。	engine-auto	
初 4-5	ชิดขวา	chit khwa	chit~ kwāˊ	靠右	engine-auto	
初 4-5	ถ้าไม่เดินต้องชิดขวา	tha doen tong chit khwa	tāˋ maiˋ dhə̄n dɔ̄ngˋ chit~ kwāˊ	如果不走的話要靠右。	engine-auto	
初 4-5	ชิดในหน่อยครับ/ค่ะ	chit nai noi khrap kha	chit~ nai nɔ̄iˇ krap~/kaˋ	往裡面靠一點（公車/電梯等）	engine-auto	
初 4-5	ทิ้ง	thing	ting~	丟、拋棄	engine-auto	
初 4-5	เสียแล้ว ทิ้งป่ะ	sia laeo thing pa	sīaˊ lɛ̄u~ ting~ baˇ	壞了，丟掉吧？	engine-auto	
初 4-5	พัดลมเสียแล้ว ทิ้งป่ะ	phat lom sia laeo thing pa	pat~ lom sīaˊ lɛ̄u~ ting~ baˇ	電風扇壞了，丟掉吧？	derived	
初 4-5	ยังใช้ได้ อย่าทิ้ง	yang chai dai ya thing	yang chai~ dhaiˋ yāˋ ting~	還能用，別丟。	engine-auto	
初 4-5	เพราะว่าเสียดาย อะไรก็ไม่ยอมทิ้ง	phrao wa siadai arai go mai yom thing	prɔ~ wāˋ sīaˊ dhāi aˇ rai gɔ̄ˋ maiˋ yɔ̄m ting~	因為捨不得，什麼都不肯丟。	engine-auto	
初 4-5	ถูกแฟนทิ้ง	thuk faen thing	tūkˇ fɛ̄n ting~	被情人甩（丟下）	engine-auto	
初 4-5	เธอร้องไห้ เพราะว่าถูกแฟนทิ้ง	thoe rong hai phrao wa thuk faen thing	tə̄ rɔ̄ng~ haiˋ prɔ~ wāˋ tūkˇ fɛ̄n ting~	她哭是因為被情人甩了。	engine-auto	
初 4-5	เธอถูกแฟนทิ้ง ก็เลยร้องไห้	thoe thuk faen thing go loei rong hai	tə̄ tūkˇ fɛ̄n ting~ gɔ̄ˋ lə̄i rɔ̄ng~ haiˋ	她被情人甩了，所以才哭。	engine-auto	
初 4-5	ทิ้งขยะ	thing khaya	ting~ kaˇ yaˇ	丟垃圾	derived	
初 4-5	รถขยะ	rot khaya	rot~ kaˇ yaˇ	垃圾車	derived	
初 4-5	คนเก็บขยะ	khon gep khaya	kon gepˇ kaˇ yaˇ	收垃圾的人	derived	
初 4-5	เก็บ	gep	gepˇ	收、存	engine-auto	
初 4-5	เก็บตังค์	gep tang	gepˇ dang	結帳	engine-auto	
初 4-5	ถังขยะ	thang khaya	tangˊ kaˇ yaˇ	垃圾桶	derived	
初 4-5	พัก 5 นาที เดี๋ยวเจอกันนะคะ	phak ha natee diao joe gan na kha	pak~ 5 nā tī dhīauˊ jə̄ gan na~ ka~	休息5分鐘，等一下見。	engine-auto	
初 4-5	ตั้งแต่เมื่อไหร่	tangtae muearai	dangˋ dɛ̄ˇ mɯ̄aˋ raiˇ	從什麼時候	engine-auto	
初 4-5	มีมือถือตั้งแต่เมื่อไหร่	mee mue thue tangtae muearai	mī mɯ̄ tɯ̄ˊ dangˋ dɛ̄ˇ mɯ̄aˋ raiˇ	從什麼時候有手機？	engine-auto	
初 4-5	มาเรียนภาษาไทยตั้งแต่เมื่อไหร่	ma rian phasa thai tangtae muearai	mā rīan pā sāˊ tai dangˋ dɛ̄ˇ mɯ̄aˋ raiˇ	從什麼時候來學泰文？	engine-auto	
初 4-5	ตั้งแต่ผมยังเป็นเด็ก	tangtae phom yang pen dek	dangˋ dɛ̄ˇ pomˊ yang ben dhekˇ	從我還是小孩的時候（男）	book-exact	(book-exact已用引擎重新驗證)
初 4-5	ตั้งแต่ฉันยังเป็นเด็ก	tangtae chan yang pen dek	dangˋ dɛ̄ˇ chanˊ yang ben dhekˇ	從我還是小孩的時候（女）	engine-auto	
初 4-5	ตั้งแต่เดือนที่แล้ว	tangtae duean thee laeo	dangˋ dɛ̄ˇ dhɯ̄an tīˋ lɛ̄u~	從上個月開始	engine-auto	
初 4-5	ตั้งแต่ปีที่แล้ว	tangtae pee thee laeo	dangˋ dɛ̄ˇ bī tīˋ lɛ̄u~	從去年開始	engine-auto	
初 4-5	แต่งงานตั้งแต่เมื่อไหร่	taengngan tangtae muearai	dɛ̄ngˇ ngān dangˋ dɛ̄ˇ mɯ̄aˋ raiˇ	從什麼時候結婚的？	engine-auto	
初 4-5	ตรงเวลา	trong wela	drong wē lā	準時	engine-auto	
初 4-5	ไม่ตรงเวลา	mai trong wela	maiˋ drong wē lā	不準時	book-exact	(book-exact已用引擎重新驗證)
初 4-5	ตลอดไป	talot pai	daˇ lɔ̄tˋ bai	永遠 / 一直	derived	
初 4-5	ฉันจะรักคุณตลอดไป	chan ja rak khun talot pai	chanˊ jaˇ rak~ kun daˇ lɔ̄tˋ bai	我會永遠愛你	derived	
初 4-5	ตลอดชีวิต	talot cheewit	daˇ lɔ̄tˋ chī wit~	一輩子 / 終生	derived	
初 4-5	ฉันจะรักคุณตลอดชีวิต	chan ja rak khun talot cheewit	chanˊ jaˇ rak~ kun daˇ lɔ̄tˋ chī wit~	我會愛你一輩子	derived	
初 4-5	ไม่มีชีวิตแล้ว	mai mee cheewit laeo	maiˋ mī chī wit~ lɛ̄u~	沒有生命了	engine-auto	
初 4-5	เสียชีวิตแล้ว	sia cheewit laeo	sīaˊ chī wit~ lɛ̄u~	去世了（正式）	engine-auto	
初 4-5	มาสายตลอด	ma sai talot	mā sāiˊ daˇ lɔ̄tˋ	一直遲到	derived	
初 4-5	พอถึงแล้ว โทรหาฉันทันทีนะคะ	pho thueng laeo tho ha chan than thee na kha	pɔ̄ tɯngˊ lɛ̄u~ tō hāˊ chanˊ tan tī na~ ka~	到達後請立刻打給我（女）	engine-auto	
初 4-5	ทันที	than thee	tan tī	立刻 / 馬上	engine-auto	
初 4-5	ทำทันที	tham than thee	tam tan tī	立刻做	engine-auto	
初 4-5	กินทันที	gin than thee	gin tan tī	立刻吃	engine-auto	
初 4-5	เดี๋ยว	diao	dhīauˊ	等一下 / 稍後	engine-auto	
初 4-5	เดี๋ยวนี้	diao nee	dhīauˊ nī~	現在 / 此刻	engine-auto	
初 4-5	เดี๋ยวนี้มี AI แล้ว	diao nee mee AI laeo	dhīauˊ nī~ mī AI lɛ̄u~	現在有 AI 了	engine-auto	
初 4-5	เดี๋ยวนี้อะไรอะไรก็แพง	diao nee arai arai go phaeng	dhīauˊ nī~ aˇ rai aˇ rai gɔ̄ˋ pɛ̄ng	現在什麼都貴	engine-auto	
初 4-5	เดี๋ยวก่อน	diao gon	dhīauˊ gɔ̄nˇ	等一下 / 等等	engine-auto	
初 4-5	เดี๋ยวไป	diao pai	dhīauˊ bai	等一下去	engine-auto	
初 4-5	เดี๋ยวเจอกันนะ	diao joe gan na	dhīauˊ jə̄ gan na~	等一下見囉	engine-auto	
初 4-5	เดี๋ยวอ้วน	diao uan	dhīauˊ ūanˋ	等一下會胖	engine-auto	
初 4-5	เดี๋ยวเมา	diao mao	dhīauˊ māu	等一下會醉	engine-auto	
初 4-5	ตอน	ton	dɔ̄n	時候 / 當...	engine-auto	
初 4-5	ตอนเช้า	ton chao	dɔ̄n chāu~	早上	engine-auto	
初 4-5	ตอนกลางวัน	ton glang wan	dɔ̄n glāng wan	中午	engine-auto	
初 4-5	ตอนเย็น	ton yen	dɔ̄n yen	傍晚	engine-auto	
初 4-5	ตอนนี้ฝนตก	ton nee fon tok	dɔ̄n nī~ fonˊ dokˇ	現在下雨	derived	
初 4-5	ตอนนั้น	ton nan	dɔ̄n nan~	那個時候	engine-auto	
初 4-5	ตอนนั้นเธออยู่ไหน	ton nan thoe yu nai	dɔ̄n nan~ tə̄ yūˋ naiˊ	那個時候你在哪？	engine-auto	
初 4-5	ตอนไหน	ton nai	dɔ̄n naiˊ	什麼時候 / 哪個時候	engine-auto	
初 4-5	จะมาไต้หวันตอนไหน	ja ma taiwan ton nai	jaˇ mā daiˋ wanˊ dɔ̄n naiˊ	什麼時候來台灣？	engine-auto	
初 4-5	จะมาไต้หวันเมื่อไหร่	ja ma taiwan muearai	jaˇ mā daiˋ wanˊ mɯ̄aˋ raiˇ	什麼時候來台灣？（當作什麼時候）	engine-auto	
初 4-5	ตอนเดือนมกราคม	ton duean makarakhom	dɔ̄n dhɯ̄an mok~ rā kom	一月的時候	derived	
初 4-5	เวลา	wela	wē lā	時間 / 當...	engine-auto	
初 4-5	เวลากินข้าว	wela gin khao	wē lā gin kāuˋ	吃飯的時候	engine-auto	
初 4-5	ตอนกินข้าว	ton gin khao	dɔ̄n gin kāuˋ	吃飯的時候	engine-auto	
初 4-5	เวลาไปเที่ยว	wela pai thiao	wē lā bai tīauˋ	去玩的時候	engine-auto	
初 4-5	เวลาทำงาน	wela tham ngan	wē lā tam ngān	工作的時候	engine-auto	
初 4-5	ช่วง	chuang	chūangˋ	時期 / 期間	book-exact	(book-exact已用引擎重新驗證)
初 4-5	ช่วงนี้	chuang nee	chūangˋ nī~	這陣子 / 這段期間	engine-auto	
初 4-5	ช่วงนี้ไม่สบาย	chuang nee mai sabai	chūangˋ nī~ maiˋ saˇ bhāi	這陣子不舒服	engine-auto	
初 4-5	ช่วงนี้กินเหล้าทุกวัน	chuang nee gin lao thuk wan	chūangˋ nī~ gin lāuˋ tuk~ wan	這陣子每天喝酒	engine-auto	
初 4-5	ช่วงนี้ไม่ว่าง	chuang nee mai wang	chūangˋ nī~ maiˋ wāngˋ	這陣子沒空	engine-auto	
初 4-5	ช่วงนั้น	chuang nan	chūangˋ nan~	那個時期	engine-auto	
初 4-5	ช่วงไหน	chuang nai	chūangˋ naiˊ	哪個時期	engine-auto	
初 4-5	ช่วงไหนว่าง	chuang nai wang	chūangˋ naiˊ wāngˋ	什麼時候有空？	engine-auto	
初 4-5	ช่วงไหนไม่ต้องทำงาน	chuang nai mai tong tham ngan	chūangˋ naiˊ maiˋ dɔ̄ngˋ tam ngān	什麼時候不用工作？	engine-auto	
初 4-5	ช่วงวันที่ 12 ถึงวันที่ 15	chuang wan thee sip song thueng wan thee sip ha	chūangˋ wan tīˋ 12 tɯngˊ wan tīˋ 15	12號到15號期間	engine-auto	
初 4-5	ช่วงปีใหม่	chuang pee mai	chūangˋ bī maiˇ	新年期間	engine-auto	
初 4-5	สงกรานต์	songkran	songˊ grān	潑水節	derived	
初 4-5	ช่วงสงกรานต์	chuang songkran	chūangˋ songˊ grān	潑水節期間	derived	
初 4-5	ช่วงสงกรานต์ไปเที่ยวเมืองไทยไหม	chuang songkran pai thiao mueang thai mai	chūangˋ songˊ grān bai tīauˋ mɯ̄ang tai maiˊ	潑水節期間去泰國玩嗎？	derived	
初 4-5	ตรุษจีน	trut jeen	drutˇ jīn	春節	engine-auto	
初 4-5	ช่วงตรุษจีน	chuang trut jeen	chūangˋ drutˇ jīn	春節期間	engine-auto	
初 4-5	ช่วงตรุษจีนหยุดเรียน	chuang trut jeen yut rian	chūangˋ drutˇ jīn yutˇ rīan	春節期間停課	engine-auto	
初 4-5	ช่วงตรุษจีนไปเที่ยวเมืองนอก	chuang trut jeen pai thiao mueang nok	chūangˋ drutˇ jīn bai tīauˋ mɯ̄ang nɔ̄kˋ	春節期間去國外玩	engine-auto	
初 4-5	ก่อนนอน	gon non	gɔ̄nˇ nɔ̄n	睡前	engine-auto	
初 4-5	ก่อนนอนทำอะไร	gon non tham arai	gɔ̄nˇ nɔ̄n tam aˇ rai	睡前做什麼？	engine-auto	
初 4-5	ดูหนังก่อนนอน	du nang gon non	dhū nangˊ gɔ̄nˇ nɔ̄n	睡前看電影	engine-auto	
初 4-5	ก่อนนอนผมดูหนัง	gon non phom du nang	gɔ̄nˇ nɔ̄n pomˊ dhū nangˊ	我睡前看電影	engine-auto	
初 4-5	ก่อนอาหาร	gon ahan	gɔ̄nˇ ā hānˊ	飯前	engine-auto	
初 4-5	กินยาก่อนอาหาร	gin ya gon ahan	gin yā gɔ̄nˇ ā hānˊ	飯前吃藥	engine-auto	
初 4-5	ก่อนกลับบ้าน	gon glap ban	gɔ̄nˇ glapˇ bhānˋ	回家前	engine-auto	
初 4-5	เมื่อไหร่	muearai	mɯ̄aˋ raiˇ	什麼時候	engine-auto	
初 4-5	กลับมาเมื่อไหร่	glap ma muearai	glapˇ mā mɯ̄aˋ raiˇ	什麼時候回來	engine-auto	
初 4-5	เมื่อไหร่จะมาไต้หวัน	muearai ja ma taiwan	mɯ̄aˋ raiˇ jaˇ mā daiˋ wanˊ	什麼時候要來台灣	engine-auto	
初 4-5	ตั้งแต่เมื่อไหร่	tangtae muearai	dangˋ dɛ̄ˇ mɯ̄aˋ raiˇ	從什麼時候	engine-auto	
初 4-5	เมื่อกี้	mueagee	mɯ̄aˋ gīˋ	剛才	engine-auto	
初 4-5	เมื่อกี้ฉันพูดอะไร	mueagee chan phut arai	mɯ̄aˋ gīˋ chanˊ pūtˋ aˇ rai	剛才我說什麼	engine-auto	
初 4-5	เมื่อกี้คุณพูดอะไร	mueagee khun phut arai	mɯ̄aˋ gīˋ kun pūtˋ aˇ rai	剛才你說什麼	engine-auto	
初 4-5	เมื่อก่อน	mueagon	mɯ̄aˋ gɔ̄nˇ	以前 / 以往	book-exact	(book-exact已用引擎重新驗證)
初 4-5	เมื่อก่อนตัวเล็ก	mueagon dtua lek	mɯ̄aˋ gɔ̄nˇ dūa lek~	以前很小隻	engine-auto	
初 4-5	เดี๋ยวนี้ตัวใหญ่	diaonee dtua yai	dhīauˊ nī~ dūa yaiˇ	現在很大隻	engine-auto	
初 4-5	หลังกินข้าว	lang gin khao	langˊ gin kāuˋ	飯後	engine-auto	
初 4-5	หลังกินข้าวคนไทยชอบกินขนม	lang gin khao khon thai chop gin khanom	langˊ gin kāuˋ kon tai chɔ̄pˋ gin kaˇ nom	飯後泰國人喜歡吃甜點	engine-auto	
初 4-5	หลังกินข้าวกินผลไม้	lang gin khao gin phonlamai	langˊ gin kāuˋ gin ponˊ mai~	飯後吃水果	derived	
初 4-5	หลังแต่งงาน	lang taengngan	langˊ dɛ̄ngˇ ngān	結婚後	engine-auto	
初 4-5	หลังแต่งงานก็มาอยู่ไต้หวัน	lang taengngan go ma yu taiwan	langˊ dɛ̄ngˇ ngān gɔ̄ˋ mā yūˋ daiˋ wanˊ	結婚後就來住台灣	engine-auto	
初 4-5	หลังแต่งงานก็มีลูก	lang taengngan go mee luk	langˊ dɛ̄ngˇ ngān gɔ̄ˋ mī lūkˋ	結婚後就有小孩	engine-auto	
初 4-5	หลังจาก	langjak	langˊ jākˇ	...之後 (較正式用法)	engine-auto	
初 4-5	หลังจากแต่งงาน	langjak taengngan	langˊ jākˇ dɛ̄ngˇ ngān	結婚之後 (較正式用法)	engine-auto	
初 4-5	2 ปีก่อน	song pee gon	2 bī gɔ̄nˇ	兩年前	engine-auto	
初 4-5	วันก่อน	wan gon	wan gɔ̄nˇ	前幾天 / 不久前	engine-auto	
初 4-5	วันก่อนฝนตกหนัก	wan gon fon tok nak	wan gɔ̄nˇ fonˊ dokˇ nakˇ	前幾天下大雨	derived	
初 4-5	วันก่อนฉันเห็นเขา	wan gon chan hen khao	wan gɔ̄nˇ chanˊ henˊ kāuˊ	前幾天我有看到他	engine-auto	
初 4-5	ไปก่อน	pai gon	bai gɔ̄nˇ	先走	engine-auto	
初 4-5	มีธุระไปก่อนนะ	mee thura pai gon na	mī tu~ ra~ bai gɔ̄nˇ na~	我有事，先走囉	engine-auto	
初 4-5	ดูก่อน	du gon	dhū gɔ̄nˇ	先看	engine-auto	
初 4-5	ขอคิดดูก่อน	kho khit du gon	kɔ̄ˊ kit~ dhū gɔ̄nˇ	先考慮看看	engine-auto	
初 4-5	ขอตัวก่อน	kho dtua gon	kɔ̄ˊ dūa gɔ̄nˇ	先告辭 / 失陪	engine-auto	
初 4-5	ขอตัวไปห้องน้ำ	kho dtua pai hong nam	kɔ̄ˊ dūa bai hɔ̄ngˋ nām~	先去上廁所	engine-auto	
初 4-5	ขอตัวไปรับโทรศัพท์	kho dtua pai rap thorasap	kɔ̄ˊ dūa bai rap~ tō ra~ sapˇ	先去接電話	engine-auto	
初 4-5	เพิ่ง	phueng	pə̄ngˋ	剛...	engine-auto	
初 4-5	เพิ่งตื่นไม่นาน	phueng dtuean mai nan	pə̄ngˋ dɯ̄nˇ maiˋ nān	剛醒沒多久	engine-auto	
初 4-5	เขาเพิ่งมา	khao phueng ma	kāuˊ pə̄ngˋ mā	他剛來	engine-auto	
初 4-5	ฉันเพิ่งเรียนภาษาไทย	chan phueng rian phasa thai	chanˊ pə̄ngˋ rīan pā sāˊ tai	我剛學泰語	engine-auto	
初 4-5	เพิ่งแต่งงาน	phueng taengngan	pə̄ngˋ dɛ̄ngˇ ngān	剛結婚	engine-auto	
初 4-5	รีบ	reep	rīpˋ	趕快、急著	engine-auto	
初 4-5	รีบไปรีบมา	reep pai reep ma	rīpˋ bai rīpˋ mā	快去快回	book-exact	(book-exact已用引擎重新驗證)
初 4-5	รีบกิน	reep gin	rīpˋ gin	趕快吃	engine-auto	
初 4-5	รีบไปไหน	reep pai nai	rīpˋ bai naiˊ	你要趕去哪？	engine-auto	
初 4-5	รีบหางาน	reep ha ngan	rīpˋ hāˊ ngān	趕快找工作	engine-auto	
初 4-5	เรียนจบแล้ว ต้องรีบหางาน	rian jop laeo tong reep ha ngan	rīan jopˇ lɛ̄u~ dɔ̄ngˋ rīpˋ hāˊ ngān	畢業了，必須趕快找工作	derived	
初 4-5	ทัน	than	tan	來得及	engine-auto	
初 4-5	เดี๋ยวไม่ทัน	diao mai than	dhīauˊ maiˋ tan	等下會來不及	engine-auto	
初 4-5	ต้องรีบไป เดี๋ยวไม่ทัน	tong reep pai diao mai than	dɔ̄ngˋ rīpˋ bai dhīauˊ maiˋ tan	必須趕快去，等下會來不及	engine-auto	
初 4-5	ไปไม่ทัน	pai mai than	bai maiˋ tan	去不趕、來不及去	engine-auto	
初 4-5	กินข้าวไม่ทัน	gin khao mai than	gin kāuˋ maiˋ tan	來不及吃飯	engine-auto	
初 4-5	ทันไหม	than mai	tan maiˊ	來得及嗎？	engine-auto	
初 4-5	ทัน	than	tan	來得及	engine-auto	
初 4-5	ไปทัน	pai than	bai tan	去得及、來得及去	engine-auto	
初 4-5	ฟังทันไหม	fang than mai	fang tan maiˊ	聽得跟得上嗎？	engine-auto	
初 4-5	เรียนทันไหม	rian than mai	rīan tan maiˊ	學得跟得上嗎？	engine-auto	
初 4-5	ไม่ทัน	mai than	maiˋ tan	跟不上、來不及	book-exact	(book-exact已用引擎重新驗證)
初 4-5	ทันไหมคะ	than mai kha	tan maiˊ ka~	跟得上嗎？（女用）	engine-auto	
初 4-5	หรือยัง	rue yang	rɯ̄ˊ yang	...了沒？（標準）	engine-auto	
初 4-5	รึยัง	rue yang	rɯ~ yang	...了沒？（口語）	engine-auto	
初 4-5	ลึยัง	lue yang	lɯ~ yang	...了沒？（更口語）	engine-auto	
初 4-5	ตอนนี้ฝนตก	ton nee fon tok	dɔ̄n nī~ fonˊ dokˇ	現在下雨	derived	
初 4-5	มาเดี๋ยวนี้	ma diao nee	mā dhīauˊ nī~	現在立刻過來	book-exact	(book-exact已用引擎重新驗證)
初 4-5	โรตีสายไหม	rotee sai mai	rō dī sāiˊ maiˊ	糖絲捲餅	engine-auto	
初 4-5	อาทิตย์หน้าเจอกันนะคะ	athit na joe gan na kha	ā tit~ nāˋ jə̄ gan na~ ka~	下週見囉（女用）	engine-auto	
初 4-5	วันนี้ขอบคุณนะคะ	wan nee khop khun na kha	wan nī~ kɔ̄pˇ kun na~ ka~	今天謝謝喔（女用）	engine-auto	
初 4-6	เห็นหน้า	Hen na	henˊ nāˋ	看到臉	engine-auto	
初 4-6	ตรงเวลา	Trong we la	drong wē lā	準時	engine-auto	
初 4-6	ตั้งแต่	Dtang dtae	dangˋ dɛ̄ˇ	自從	engine-auto	
初 4-6	ตั้งแต่เมื่อวาน	Dtang dtae muea wan	dangˋ dɛ̄ˇ mɯ̄aˋ wān	自從昨天	engine-auto	
初 4-6	ตั้งแต่พรุ่งนี้	Dtang dtae phrung ni	dangˋ dɛ̄ˇ prungˋ nī~	自從明天	engine-auto	
初 4-6	ตั้งแต่คืนนี้	Dtang dtae khuen ni	dangˋ dɛ̄ˇ kɯ̄n nī~	自從今晚	engine-auto	
初 4-6	ตั้งแต่เมื่อคืนนี้	Dtang dtae muea khuen ni	dangˋ dɛ̄ˇ mɯ̄aˋ kɯ̄n nī~	自從昨晚	engine-auto	
初 4-6	ตั้งแต่เดือนที่แล้ว	Dtang dtae duean thi laeo	dangˋ dɛ̄ˇ dhɯ̄an tīˋ lɛ̄u~	自從上個月	engine-auto	
初 4-6	ตั้งแต่ชาติที่แล้ว	Dtang dtae chat thi laeo	dangˋ dɛ̄ˇ chātˋ tīˋ lɛ̄u~	自從上輩子	derived	
初 4-6	พวกคุณรู้จักกันตั้งแต่เมื่อไหร่	Phuak khun ru chak kan dtang dtae muea rai	pūakˋ kun rū~ jakˇ gan dangˋ dɛ̄ˇ mɯ̄aˋ raiˇ	你們自從什麼時候認識的？	engine-auto	
初 4-6	พวกเรารู้จักกันตั้งแต่สิบปีก่อน	Phuak rao ru chak kan dtang dtae sip pi kon	pūakˋ rāu rū~ jakˇ gan dangˋ dɛ̄ˇ sipˇ bī gɔ̄nˇ	我們自從十年前就認識了	engine-auto	
初 4-6	ตลอด	Dta lot	daˇ lɔ̄tˋ	一直 / 總是	derived	
初 4-6	ตลอดไป	Dta lot pai	daˇ lɔ̄tˋ bai	永遠	derived	
初 4-6	ตลอดชีวิต	Dta lot chi wit	daˇ lɔ̄tˋ chī wit~	一輩子 / 終生	derived	
初 4-6	ร้านเปิดตลอด	Ran poet dta lot	rān~ bə̄tˇ daˇ lɔ̄tˋ	店一直開著	derived	
初 4-6	กินตลอด กินไม่หยุด	Gin dta lot gin mai yut	gin daˇ lɔ̄tˋ gin maiˋ yutˇ	一直吃，吃個不停	derived	
初 4-6	ทำงานตลอด ไม่พักเลย	Tham ngan dta lot mai phak loei	tam ngān daˇ lɔ̄tˋ maiˋ pak~ lə̄i	一直工作，一點都不休息	derived	
初 4-6	ผมจะรักคุณตลอดไป	Phom ja rak khun dta lot pai	pomˊ jaˇ rak~ kun daˇ lɔ̄tˋ bai	我會永遠愛你（男稱）	derived	
初 4-6	ฉันจะรักคุณตลอดไป	Chan ja rak khun dta lot pai	chanˊ jaˇ rak~ kun daˇ lɔ̄tˋ bai	我會永遠愛你（女稱）	derived	
初 4-6	ผมสัญญา ผมจะรักคุณตลอดไป	Phom sanya phom ja rak khun dta lot pai	pomˊ sanˊ yā pomˊ jaˇ rak~ kun daˇ lɔ̄tˋ bai	我承諾，我會永遠愛你	derived	
初 4-6	โกหก	Ko hok	gō hokˇ	說謊	engine-auto	
初 4-6	ผมจะรักคุณตลอดชีวิต	Phom ja rak khun dta lot chi wit	pomˊ jaˇ rak~ kun daˇ lɔ̄tˋ chī wit~	我一輩子都會愛你（男稱）	derived	
初 4-6	ฉันจะรักคุณตลอดชีวิต	Chan ja rak khun dta lot chi wit	chanˊ jaˇ rak~ kun daˇ lɔ̄tˋ chī wit~	我一輩子都會愛你（女稱）	derived	
初 4-6	ชีวิต	Chi wit	chī wit~	生活 / 生命	engine-auto	
初 4-6	ชีวิตสบาย	Chi wit sa bai	chī wit~ saˇ bhāi	生活很輕鬆	engine-auto	
初 4-6	ชีวิตดี	Chi wit di	chī wit~ dhī	生活很好	engine-auto	
初 4-6	ชีวิตดี๊ดี	Chi wit di di	chī wit~ dhī~ dhī	生活非常好	engine-auto	
初 4-6	ไม่มีชีวิต	Mai mi chi wit	maiˋ mī chī wit~	沒命了 / 沒生命	engine-auto	
初 4-6	เสียชีวิต	Sia chi wit	sīaˊ chī wit~	過世（委婉說法）	engine-auto	
初 4-6	เขาเสียชีวิตแล้ว	Khao sia chi wit laeo	kāuˊ sīaˊ chī wit~ lɛ̄u~	他過世了	engine-auto	
初 4-6	ชีวิตที่ไต้หวันเป็นอย่างไรบ้าง	Chi wit thi Taiwan pen yang rai bang	chī wit~ tīˋ daiˋ wanˊ ben yāngˋ rai bhāngˋ	在台灣生活如何呢？	engine-auto	
初 4-6	ชีวิตที่เมืองไทยเป็นยังไงบ้าง	Chi wit thi Mueang Thai pen yang ngai bang	chī wit~ tīˋ mɯ̄ang tai ben yang ngai bhāngˋ	在泰國生活如何呢？	engine-auto	
初 4-6	ขับรถออกไปทันที	Khap rot ok pai than thi	kapˇ rot~ ɔ̄kˇ bai tan tī	立刻開車出去	engine-auto	
初 4-6	ปิดประตูทันที	Pit pra dtu than thi	bitˇ braˇ dū tan tī	立刻關門	engine-auto	
初 4-6	รับโทรศัพท์ทันที	Rap tho ra sap than thi	rap~ tō ra~ sapˇ tan tī	立刻接電話	engine-auto	
初 4-6	รอแป๊บ เดี๋ยวไป	Ro paep dieo pai	rɔ̄ bɛ̄p~ dhīauˊ bai	等一下，等一會兒去	engine-auto	
初 4-6	เดี๋ยวเจ็บคอ	Dieo jep kho	dhīauˊ jepˇ kɔ̄	等一會兒喉嚨會痛	engine-auto	
初 4-6	เดี๋ยวช่วยทำความสะอาดให้หน่อย	Dieo chuay tham khwam sa at hai noi	dhīauˊ chūayˋ tam kwām saˇ ātˇ haiˋ nɔ̄iˇ	等一會兒請幫我打掃一下	engine-auto	
初 4-6	เดี๋ยวก่อน เดี๋ยวก่อน ถ่ายรูปก่อน	Dieo kon dieo kon thai rup kon	dhīauˊ gɔ̄nˇ dhīauˊ gɔ̄nˇ tāiˇ rūpˋ gɔ̄nˇ	等等！等等！先拍照	engine-auto	
初 4-6	อย่าเพิ่งกิน	Ya phueng gin	yāˋ pə̄ngˋ gin	不要吃（先別吃）	engine-auto	
初 4-6	เดี๋ยวนี้อะไรก็แพง	Dieo ni a rai ko phaeng	dhīauˊ nī~ aˇ rai gɔ̄ˋ pɛ̄ng	現在（這陣子）什麼都貴	engine-auto	
初 4-6	เดี๋ยวนี้ขี้เกียจมาก	Dieo ni khi kiat mak	dhīauˊ nī~ kīˋ gīatˇ mākˋ	現在（這陣子）很懶惰	engine-auto	
初 4-6	เดี๋ยวนี้ภาษาไทยของคุณก้าวหน้าเยอะเลย	Dieo ni pha sa Thai khong khun kao na yoe loei	dhīauˊ nī~ pā sāˊ tai kɔ̄ngˊ kun gāuˋ nāˋ yə~ lə̄i	現在你的泰語進步很多	engine-auto	
初 4-6	เมื่อก่อนอะไรก็ถูก	Muea kon a rai ko thuk	mɯ̄aˋ gɔ̄nˇ aˇ rai gɔ̄ˋ tūkˇ	以前什麼都便宜	engine-auto	
初 4-6	เมื่อก่อนยอมทำทุกอย่าง	Muea kon yom tham thuk yang	mɯ̄aˋ gɔ̄nˇ yɔ̄m tam tuk~ yāngˋ	以前願意做每件事	engine-auto	
初 4-6	เมื่อก่อนพูดภาษาไทยไม่เป็น	Muea kon phut pha sa Thai mai pen	mɯ̄aˋ gɔ̄nˇ pūtˋ pā sāˊ tai maiˋ ben	以前不會說泰語	engine-auto	
初 4-6	ตอนทำงานเล่นมือถือไม่ได้	Dtorn tham ngan len mue thue mai dai	dɔ̄n tam ngān lēnˋ mɯ̄ tɯ̄ˊ maiˋ dhaiˋ	工作時不能玩手機	engine-auto	
初 4-6	ตอนเซ็นสัญญาต้องดูดีดี	Dtorn sen sanya dtong du di di	dɔ̄n sen sanˊ yā dɔ̄ngˋ dhū dhī dhī	簽合約時要好好看	engine-auto	
初 4-6	ตอนออกไปอย่าลืมปิดไฟ	Dtorn ok pai ya luem pit fai	dɔ̄n ɔ̄kˇ bai yāˋ lɯ̄m bitˇ fai	出去時別忘了關燈	engine-auto	
初 4-6	ตอนนี้คุณอยู่ไหน	Dtorn ni khun yu nai	dɔ̄n nī~ kun yūˋ naiˊ	現在你在哪裡？	engine-auto	
初 4-6	ตอนนี้เธออยู่ไหน	Dtorn ni thoe yu nai	dɔ̄n nī~ tə̄ yūˋ naiˊ	現在你在哪裡？（平輩/親近）	engine-auto	
初 4-6	ตอนนี้อยู่บนรถไฟฟ้า	Dtorn ni yu bon rot fai fa	dɔ̄n nī~ yūˋ bhon rot~ fai fā~	現在在捷運上	engine-auto	
初 4-6	ตอนนี้ยังอยู่บริษัท	Dtorn ni yang yu bo ri sat	dɔ̄n nī~ yang yūˋ bhɔ̄ ri~ satˇ	現在還在公司	derived	
初 4-6	ตอนนี้ข้างนอกฝนกำลังตก	Dtorn ni khang nok fon gam lang dtok	dɔ̄n nī~ kāngˋ nɔ̄kˋ fonˊ gam lang dokˇ	現在外面正在下雨	derived	
初 4-6	ตอนนั้นผมหลับแล้ว	Dtorn nan phom lap laeo	dɔ̄n nan~ pomˊ lapˇ lɛ̄u~	那時我已經睡著了	engine-auto	
初 4-6	ตอนนั้นฉันอยู่บนรถตู้	Dtorn nan chan yu bon rot dtu	dɔ̄n nan~ chanˊ yūˋ bhon rot~ dūˋ	那時我在小巴（箱型車）上	engine-auto	
初 4-6	ตอนนั้นฉันกำลังพาม่าไปเดินเล่น	Dtorn nan chan gam lang pha ma pai doen len	dɔ̄n nan~ chanˊ gam lang pā māˋ bai dhə̄n lēnˋ	那時我正在遛狗	engine-auto	
初 4-6	คุณจะถึงไต้หวันตอนไหน	Khun ja thueng Taiwan dtorn nai	kun jaˇ tɯngˊ daiˋ wanˊ dɔ̄n naiˊ	你什麼時候會到台灣？	engine-auto	
初 4-6	ถึงไต้หวันตอนสองทุ่ม	Thueng Taiwan dtorn song thum	tɯngˊ daiˋ wanˊ dɔ̄n sɔ̄ngˊ tumˋ	晚上八點到台灣	engine-auto	
初 4-6	เขาออกไปตอนไหน	Khao ok pai dtorn nai	kāuˊ ɔ̄kˇ bai dɔ̄n naiˊ	他什麼時候出去的？	engine-auto	
初 4-6	รถขยะจะมาตอนไหน	Rot kha ya ja ma dtorn nai	rot~ kaˇ yaˇ jaˇ mā dɔ̄n naiˊ	垃圾車什麼時候會來？	derived	
初 4-6	ไปเที่ยวไต้หวันช่วงไหนดี	Pai thiao Taiwan chuang nai di	bai tīauˋ daiˋ wanˊ chūangˋ naiˊ dhī	去台灣玩哪段時間好呢？	engine-auto	
初 4-6	ดีทุกช่วง	Di thuk chuang	dhī tuk~ chūangˋ	每段時間都很好	engine-auto	
初 4-6	ช่วงคริสต์มาสก็ดีนะ	Chuang Khrit mat ko di na	chūangˋ krit~ mātˋ gɔ̄ˋ dhī na~	聖誕節期間也不錯	engine-auto	
初 4-6	ช่วงตรุษจีน	Chuang Dtrut jin	chūangˋ drutˇ jīn	春節期間	engine-auto	
初 4-6	ช่วงสงกรานต์	Chuang Songkran	chūangˋ songˊ grān	潑水節期間	derived	
初 4-6	ช่วงนี้นอนดึก	Chuang ni non duek	chūangˋ nī~ nɔ̄n dhɯkˇ	最近很晚睡覺	engine-auto	
初 4-6	ช่วงนี้นอนดึกเพราะว่าต้องทำโอที	Chuang ni non duek phro wa dtong tham o thi	chūangˋ nī~ nɔ̄n dhɯkˇ prɔ~ wāˋ dɔ̄ngˋ tam ō tī	最近很晚睡覺因為要加班	engine-auto	
初 4-6	ช่วงนี้คุณยายไม่สบายบ่อย	Chuang ni khun yay mai sa bai boy	chūangˋ nī~ kun yāi maiˋ saˇ bhāi bhɔ̄iˇ	最近外婆常生病	engine-auto	
初 4-6	ไปก่อน	Pai kon	bai gɔ̄nˇ	先走	engine-auto	
初 4-6	ก่อนไป	Kon pai	gɔ̄nˇ bai	走之前	engine-auto	
初 4-6	สามปีก่อน	Sam pi kon	sāmˊ bī gɔ̄nˇ	三年前	engine-auto	
初 4-6	ถึงก่อน	Thueng kon	tɯngˊ gɔ̄nˇ	先到	engine-auto	
初 4-6	ดูก่อน	Du kon	dhū gɔ̄nˇ	先看	engine-auto	
初 4-6	ล้างมือก่อน	Lang mue kon	lāng~ mɯ̄ gɔ̄nˇ	先洗手	engine-auto	
初 4-6	ถ่ายรูปก่อน	Thai rup kon	tāiˇ rūpˋ gɔ̄nˇ	先拍照	engine-auto	
初 4-6	ถามก่อน	Tham kon	tāmˊ gɔ̄nˇ	先問	engine-auto	
初 4-6	คุณบอกฉันก่อน	Khun bok chan kon	kun bhɔ̄kˇ chanˊ gɔ̄nˇ	你先告訴我	engine-auto	
初 4-6	ก่อนไปอย่าลืมกุญแจ	Kon pai ya luem gun jae	gɔ̄nˇ bai yāˋ lɯ̄m gun jɛ̄	走之前別忘了鑰匙	engine-auto	
初 4-6	ก่อนกินข้าวต้องกินยา	Kon gin khao dtong gin ya	gɔ̄nˇ gin kāuˋ dɔ̄ngˋ gin yā	吃飯前得吃藥	engine-auto	
初 4-6	สามวันก่อน	Sam wan kon	sāmˊ wan gɔ̄nˇ	三天前	engine-auto	
初 4-6	สองอาทิตย์ก่อน	Song a thit kon	sɔ̄ngˊ ā tit~ gɔ̄nˇ	兩週前	engine-auto	
初 4-6	สี่เดือนก่อน	Si duean kon	sīˇ dhɯ̄an gɔ̄nˇ	四個月前	engine-auto	
初 4-6	ห้าปีก่อน	Ha pi kon	hāˋ bī gɔ̄nˇ	五年前	engine-auto	
初 4-6	หลังเรียนจบก็หางาน	Lang rian jop ko ha ngan	langˊ rīan jopˇ gɔ̄ˋ hāˊ ngān	畢業後就找工作	derived	
初 4-6	หลังแต่งงานก็ไม่ว่าง	Lang dtaeng ngan ko mai wang	langˊ dɛ̄ngˇ ngān gɔ̄ˋ maiˋ wāngˋ	結婚後就沒空	engine-auto	
初 4-6	หลังกินข้าวเสร็จก็กินผลไม้	Lang gin khao set ko gin phon la mai	langˊ gin kāuˋ sretˇ gɔ̄ˋ gin ponˊ mai~	吃完飯後吃水果	derived	
初 4-6	ขอคิดดูก่อน	Kho khit du kon	kɔ̄ˊ kit~ dhū gɔ̄nˇ	先考慮看看	engine-auto	
初 4-6	ไปทำบุญกันไหม	Pai tham bun kan mai	bai tam bhun gan maiˊ	去不去拜拜？	engine-auto	
初 4-6	ขอผมคิดดูก่อน	Kho phom khit du kon	kɔ̄ˊ pomˊ kit~ dhū gɔ̄nˇ	讓我先考慮看看	engine-auto	
初 4-6	ไปกัมพูชากันไหม	Pai kam phu cha kan mai	bai gam pū chā gan maiˊ	去不去柬埔寨？	engine-auto	
初 4-6	คุณไม่คิดดูก่อนเหรอ	Khun mai khit du kon ro	kun maiˋ kit~ dhū gɔ̄nˇ hēˊ rɔ̄	你不先考慮看看嗎？	engine-auto	
初 4-6	ขอฉันคิดดูก่อน	Kho chan khit du kon	kɔ̄ˊ chanˊ kit~ dhū gɔ̄nˇ	讓我先考慮	engine-auto	
初 4-6	ขอตัวก่อนนะ	Kho tua kon na	kɔ̄ˊ dūa gɔ̄nˇ na~	先失陪一下	engine-auto	
初 4-6	ขอตัวไปรับโทรศัพท์ก่อนนะ	Kho tua pai rap tho ra sap kon na	kɔ̄ˊ dūa bai rap~ tō ra~ sapˇ gɔ̄nˇ na~	先失陪去接電話	engine-auto	
初 4-6	ขอตัวไปห้องน้ำก่อนนะ	Kho tua pai hong nam kon na	kɔ̄ˊ dūa bai hɔ̄ngˋ nām~ gɔ̄nˇ na~	先失陪去洗手間	engine-auto	
初 4-6	หลังจากวันนี้จะไม่ตื่นสาย	Lang chak wan ni ja mai dtuen sai	langˊ jākˇ wan nī~ jaˇ maiˋ dɯ̄nˇ sāiˊ	從今天起我不會晚起床	engine-auto	
初 4-6	หลังจากวันนี้จะไม่ขี้เกียจ	Lang chak wan ni ja mai khi kiat	langˊ jākˇ wan nī~ jaˇ maiˋ kīˋ gīatˇ	從今天起不懶惰	engine-auto	
初 4-6	หลังจากพรุ่งนี้จะไม่กินอาหารเย็น	Lang chak phrung ni ja mai gin a han yen	langˊ jākˇ prungˋ nī~ jaˇ maiˋ gin ā hānˊ yen	從明天起不吃晚餐	engine-auto	
初 4-6	เพิ่งกินอิ่ม	Phueng gin im	pə̄ngˋ gin imˇ	剛吃飽	engine-auto	
初 4-6	กินข้าวหรือยัง	Gin khao rue yang	gin kāuˋ rɯ̄ˊ yang	吃飯了沒？	engine-auto	
初 4-6	เพิ่งนอนหลับ	Phueng non lap	pə̄ngˋ nɔ̄n lapˇ	剛睡著	engine-auto	
初 4-6	เพิ่งถึง	Phueng thueng	pə̄ngˋ tɯngˊ	剛到	engine-auto	
初 4-6	เพิ่งจองตั๋ว	Phueng jong dtua	pə̄ngˋ jɔ̄ng dūaˊ	剛訂票	engine-auto	
初 4-6	เพิ่งตื่นนอน	Phueng dtuen non	pə̄ngˋ dɯ̄nˇ nɔ̄n	剛起床	engine-auto	
初 4-6	เพิ่งเรียนจบ	Phueng rian jop	pə̄ngˋ rīan jopˇ	剛畢業	derived	
初 4-6	ยังทันไหม	Yang than mai	yang tan maiˊ	還來得及嗎？	engine-auto	
初 4-6	ไม่ทันแล้ว	Mai than laeo	maiˋ tan lɛ̄u~	來不及了	engine-auto	
初 4-6	ฉันฟังไม่ทัน พูดอีกทีได้ไหมคะ	Chan fang mai than phut ik thi dai mai kha	chanˊ fang maiˋ tan pūtˋ īkˇ tī dhaiˋ maiˊ ka~	我來不及聽，可以再說一次嗎？	engine-auto	
初 4-6	คุณรีบไปไหน	Khun rip pai nai	kun rīpˋ bai naiˊ	你急著去哪裡？	engine-auto	
初 4-6	ถ้าไม่รีบไป เดี๋ยวไปไม่ทัน	Tha mai rip pai dieo pai mai than	tāˋ maiˋ rīpˋ bai dhīauˊ bai maiˋ tan	如果不趕快去，等下會來不及	engine-auto	
初 4-6	สัตว์	Sat	satˇ	動物（罵人畜生）	book-exact	(book-exact已用引擎重新驗證)
初 4-6	สวนสัตว์	Suan sat	sūanˊ satˇ	動物園	engine-auto	
初 4-6	ชอบไปสวนสัตว์ไหม	Chop pai suan sat mai	chɔ̄pˋ bai sūanˊ satˇ maiˊ	喜歡去動物園嗎？	engine-auto	
初 4-6	เลี้ยง	Liang	līang~	養 / 照顧	engine-auto	
初 4-6	เลี้ยงหมากี่ตัว	Liang ma gi tua	līang~ māˊ gīˇ dūa	養幾隻狗？	engine-auto	
初 4-6	แม่ไก่	Mae gai	mɛ̄ˋ gaiˇ	母雞	engine-auto	
初 4-6	ลูกไก่	Luk gai	lūkˋ gaiˇ	小雞	engine-auto	
初 4-6	แม่ไก่พาลูกไก่ไปหากิน	Mae gai pha luk gai pai ha gin	mɛ̄ˋ gaiˇ pā lūkˋ gaiˇ bai hāˊ gin	母雞帶小雞去覓食	engine-auto	
初 4-6	ไข่เป็ด	Khai pet	kaiˇ betˇ	鴨蛋	engine-auto	
初 4-6	ก๋วยเตี๋ยวเป็ด	Kuaitiao pet	gūayˊ dīauˊ betˇ	鴨肉麵	derived	
初 4-6	ก๋วยเตี๋ยวเป็ดอร่อยมาก	Kuaitiao pet a roi mak	gūayˊ dīauˊ betˇ aˇ rɔ̄iˋ mākˋ	鴨肉麵非常好吃	derived	
初 4-6	หมูแดง	Mu daeng	mūˊ dhɛ̄ng	叉燒	engine-auto	
初 4-6	ข้าวหมูแดง	Khao mu daeng	kāuˋ mūˊ dhɛ̄ng	叉燒飯	engine-auto	
初 4-6	อ้วนเหมือนหมู	Uan muean mu	ūanˋ mɯ̄anˊ mūˊ	胖得像豬一樣	engine-auto	
初 4-6	เหมือน	Muean	mɯ̄anˊ	像 / 一樣	engine-auto	
初 4-6	หมา	Ma	māˊ	狗	engine-auto	
初 4-6	ตัวผู้	Tua phu	dūa pūˋ	公的（動物）	engine-auto	
初 4-6	หมาตัวผู้	Ma tua phu	māˊ dūa pūˋ	公狗	engine-auto	
初 4-6	แมวตัวผู้	Maew tua phu	mɛ̄u dūa pūˋ	公貓	engine-auto	
初 4-6	ตัวเมีย	Tua mia	dūa mīa	母的（動物）	engine-auto	
初 4-6	แมวตัวเมีย	Maew tua mia	mɛ̄u dūa mīa	母貓	engine-auto	
初 4-6	หมาตัวเมีย	Ma tua mia	māˊ dūa mīa	母狗	engine-auto	
初 4-6	ตัวใหญ่	Tua yai	dūa yaiˇ	大隻	engine-auto	
初 4-6	แมวตัวใหญ่	Maew tua yai	mɛ̄u dūa yaiˇ	大隻的貓	engine-auto	
初 4-6	ตัวเล็ก	Tua lek	dūa lek~	小隻	engine-auto	
初 4-6	แมวตัวเล็ก	Maew tua lek	mɛ̄u dūa lek~	小隻的貓	engine-auto	
初 4-6	ชอบตัวใหญ่หรือตัวเล็ก	Chop tua yai rue tua lek	chɔ̄pˋ dūa yaiˇ rɯ̄ˊ dūa lek~	喜歡大隻的還是小隻的？	engine-auto	
初 4-6	หนู	Nu	nūˊ	老鼠 / 我（對長輩自稱） / 你（長輩稱呼小孩）	engine-auto	
初 4-6	หนูบ้าน	Nu ban	nūˊ bhānˋ	家鼠	engine-auto	
初 4-6	หนูนา	Nu na	nūˊ nā	田鼠	engine-auto	
初 4-6	หนูหนู มานี่หน่อย	Nu nu ma ni noi	nūˊ nūˊ mā nīˋ nɔ̄iˇ	小朋友們，來這裡一下	engine-auto	
初 4-6	หนูชื่อ	Nu chue	nūˊ chɯ̄ˋ	我名字叫...	engine-auto	
初 4-6	หนูเล็ก	Nu lek	nūˊ lek~	小小孩 / 小傢伙	engine-auto	
初 4-6	ปลาแซลมอน	Pla sael mon	blā sɛ̄n mɔ̄n	鮭魚	engine-auto	
初 4-6	หิมะ	Hima	hiˇ ma~	雪	engine-auto	
初 4-6	หิมะตก	Hima dtok	hiˇ ma~ dokˇ	下雪	engine-auto	
初 4-6	ที่ไต้หวันมีหิมะไหม	Thi Taiwan mi hima mai	tīˋ daiˋ wanˊ mī hiˇ ma~ maiˊ	台灣有雪嗎？	engine-auto	
初 4-6	นก	Nok	nok~	鳥	derived	
初 4-6	นกแก้ว	Nok kaew	nok~ gɛ̄uˋ	鸚鵡	derived	
初 4-6	นกกระจอก	Nok krachok	nok~ graˇ jɔ̄kˇ	麻雀	derived	
初 4-6	ไพ่นกกระจอก	Phai nok krachok	paiˋ nok~ graˇ jɔ̄kˇ	麻將	derived	
初 4-6	เล่นไพ่นกกระจอกเป็นไหม	Len phai nok krachok pen mai	lēnˋ paiˋ nok~ graˇ jɔ̄kˇ ben maiˊ	你會打麻將嗎？	derived	
初 4-6	ม้า	Ma	mā~	馬	engine-auto	
初 4-6	รถม้า	Rot ma	rot~ mā~	馬車	engine-auto	
初 4-6	ม้าลาย	Ma lai	mā~ lāi	斑馬	engine-auto	
初 4-6	ทางม้าลาย	Thang ma lai	tāng mā~ lāi	斑馬線	engine-auto	
初 4-6	ทาง	Thang	tāng	道路 / 線	engine-auto	
初 4-6	ช้าง	Chang	chāng~	大象	engine-auto	
初 4-6	อ้อยเข้าปากช้าง	Oi khao pak chang	ɔ̄iˋ kāuˋ bākˇ chāng~	羊入虎口（甘蔗入象口）	engine-auto	
初 4-6	เคยกินเบียร์ช้างไหม	Khoei gin bia chang mai	kə̄i gin bhīa chāng~ maiˊ	喝過大象啤酒嗎？	engine-auto	
初 4-6	ขี่ช้าง	Khi chang	kīˇ chāng~	騎象	engine-auto	
初 4-6	ขี่ม้า	Khi ma	kīˇ mā~	騎馬	engine-auto	
初 4-6	เคยขี่ช้างไหม	Khoei khi chang mai	kə̄i kīˇ chāng~ maiˊ	騎過大象嗎？	engine-auto	
初 4-6	สิงโต	Sing to	singˊ dō	獅子	engine-auto	
初 4-6	เบียร์สิงห์	Bia sing	bhīa singˊ	獅牌啤酒	engine-auto	
初 4-6	สิงคโปร์	Sing kha po	singˊ bō	新加坡	derived	
初 4-6	เคยกินเบียร์สิงห์ไหมคะ	Khoei gin bia sing mai kha	kə̄i gin bhīa singˊ maiˊ ka~	喝過獅牌啤酒嗎？	engine-auto	
初 4-6	เคยไปสิงคโปร์ไหมคะ	Khoei pai sing kha po mai kha	kə̄i bai singˊ bō maiˊ ka~	去過新加坡嗎？	derived	
初 4-6	เสือ	Suea	sɯ̄aˊ	老虎	engine-auto	
初 4-6	ลูกเสือ	Luk suea	lūkˋ sɯ̄aˊ	幼虎 / 童軍	engine-auto	
初 4-6	ลายเสือ	Lai suea	lāi sɯ̄aˊ	虎紋	engine-auto	
初 4-6	เสื้อลายเสือ	Suea lai suea	sɯ̄aˋ lāi sɯ̄aˊ	虎紋衣服	engine-auto	
初 4-6	กระเป๋าลายเสือ	Kra pao lai suea	graˇ bāuˊ lāi sɯ̄aˊ	虎紋包包	engine-auto	
初 4-6	วัว	Wua	wūa	牛	engine-auto	
初 4-6	เนื้อวัว	Nuea wua	nɯ̄a~ wūa	牛肉	engine-auto	
初 4-6	นมวัว	Nom wua	nom wūa	牛奶	engine-auto	
初 4-6	ควาย	Khway	kwāi	水牛（罵人笨蛋）	engine-auto	
初 4-6	โง่เหมือนควาย	Ngo muean khway	ngōˋ mɯ̄anˊ kwāi	笨得像水牛一樣	engine-auto	
初 4-6	คุณโง่มาก	Khun ngo mak	kun ngōˋ mākˋ	你很笨	engine-auto	
初 4-6	โง่จริงๆ	Ngo jing jing	ngōˋ jing jing	真的笨	derived	
初 4-6	สะพานควาย	Sa phan khway	saˇ pān kwāi	水牛橋（BTS站名）	engine-auto	
初 4-6	หมี	Mi	mīˊ	熊	engine-auto	
初 4-6	หมีดำ	Mi dam	mīˊ dham	黑熊	engine-auto	
初 4-6	หมีแพนด้า	Mi phaen da	mīˊ pɛ̄n dhāˋ	熊貓	engine-auto	
初 4-6	ตุ๊กตาหมี	Tuk ka ta mi	du~ gaˇ dā mīˊ	熊玩偶	derived	
初 4-6	ตุ๊กตาหมา	Tuk ka ta ma	du~ gaˇ dā māˊ	狗玩偶	derived	
初 4-6	เล่นตุ๊กตา	Len tuk ka ta	lēnˋ du~ gaˇ dā	玩公仔 / 玩偶	derived	
初 4-6	ลิง	Ling	ling	猴子	engine-auto	
初 4-6	ปีลิง	Pi ling	bī ling	猴年	engine-auto	
初 4-6	ลิงชอบกินกล้วย	Ling chop gin kluay	ling chɔ̄pˋ gin glūayˋ	猴子喜歡吃香蕉	engine-auto	
初 4-6	คุณชอบกินกล้วยไหม	Khun chop gin kluay mai	kun chɔ̄pˋ gin glūayˋ maiˊ	你喜歡吃香蕉嗎？	engine-auto	
初 4-6	ไวเหมือนลิง	Wai muean ling	wai mɯ̄anˊ ling	敏捷如猴	engine-auto	
初 4-6	เต่า	Tao	dāuˇ	烏龜	engine-auto	
初 4-6	เต่าทะเล	Tao thalae	dāuˇ ta~ lē	海龜	engine-auto	
初 4-6	ชอบเต่าทะเลไหมคะ	Chop tao thalae mai kha	chɔ̄pˋ dāuˇ ta~ lē maiˊ ka~	你喜歡海龜嗎？	engine-auto	
初 4-6	เกาะเต่า	Ko tao	gɔˇ dāuˇ	龜島（地名）	engine-auto	
初 4-6	เคยไปเกาะเต่าไหมคะ	Khoei pai ko tao mai kha	kə̄i bai gɔˇ dāuˇ maiˊ ka~	去過龜島嗎？	engine-auto	
初 4-6	กระต่าย	Kra tai	graˇ dāiˇ	兔子	engine-auto	
初 4-6	หูกระต่าย	Hu kra tai	hūˊ graˇ dāiˇ	蝴蝶結（兔耳朵）	engine-auto	
初 4-6	คอซอง	Khor song	kɔ̄ sɔ̄ng	西裝領結	engine-auto	
初 4-6	ผีเสื้อ	Phi suea	pīˊ sɯ̄aˋ	蝴蝶	engine-auto	
初 4-6	งู	Ngu	ngū	蛇	engine-auto	
初 4-6	งูกัด	Ngu gat	ngū gatˇ	蛇咬	engine-auto	
初 4-6	ยุงกัด	Yung gat	yung gatˇ	蚊子咬	engine-auto	
初 4-6	ใช้ฟันกัด	Chai fan gat	chai~ fan gatˇ	用牙齒咬	engine-auto	
初 4-6	กลัวงูกัด	Glua ngu gat	glūa ngū gatˇ	怕蛇咬	engine-auto	
初 4-6	ยุง	Yung	yung	蚊子	engine-auto	
初 4-6	ที่เมืองไทยมียุงเยอะ	Thi mueang Thai mi yung yoe	tīˋ mɯ̄ang tai mī yung yə~	泰國有很多蚊子	engine-auto	
初 4-6	กลัวยุงกัดไหมคะ	Glua yung gat mai kha	glūa yung gatˇ maiˊ ka~	怕蚊子咬嗎？	engine-auto	
初 4-6	แมลงวัน	Ma laeng wan	ma~ lɛ̄ng wan	蒼蠅	derived	
初 4-6	มีแมลงวันเยอะ	Mi ma laeng wan yoe	mī ma~ lɛ̄ng wan yə~	有很多蒼蠅	derived	
初 4-6	แมลงสาบ	Ma laeng sap	ma~ lɛ̄ng sāpˇ	蟑螂	derived	
初 4-6	ผึ้ง	Phueng	pɯngˋ	蜜蜂	engine-auto	
初 4-6	น้ำผึ้ง	Nam phueng	nām~ pɯngˋ	蜂蜜	engine-auto	
初 4-6	ชอบกินน้ำผึ้งไหม	Chop gin nam phueng mai	chɔ̄pˋ gin nām~ pɯngˋ maiˊ	喜歡吃蜂蜜嗎？	engine-auto	
初 4-6	รังผึ้ง	Rang phueng	rang pɯngˋ	蜂巢	engine-auto	
初 4-6	กบ	Gop	gopˇ	青蛙	derived	
初 4-6	ท่ากบ	Tha gop	tāˋ gopˇ	蛙式	derived	
初 4-6	ว่ายท่ากบเป็นไหม	Wai tha gop pen mai	wāiˋ tāˋ gopˇ ben maiˊ	會游蛙式嗎？	derived	
初 4-6	กบทอดกระเทียม	Gop thot gra thiam	gopˇ tɔ̄tˋ graˇ tīam	蒜香炸青蛙	derived	
初 4-6	จระเข้	Cho ra khe	jaˇ ra~ kēˋ	鱷魚	derived	
初 4-6	หนังจระเข้	Nang cho ra khe	nangˊ jaˇ ra~ kēˋ	鱷魚皮	derived	
初 4-6	กระเป๋าหนังจระเข้	Gra pao nang cho ra khe	graˇ bāuˊ nangˊ jaˇ ra~ kēˋ	鱷魚皮包	derived	
初 4-6	ตุ๊กแก	Tuk kae	duk~ gɛ̄	大壁虎 (蛤蚧)	engine-auto	
初 4-6	ตุ๊กแกน่ารักไหมคะ	Tuk kae na rak mai kha	duk~ gɛ̄ nāˋ rak~ maiˊ ka~	大壁虎可愛嗎？	engine-auto	
初 4-6	เหี้ย	Hia	hīaˋ	澤巨蜥 (罵人的話)	engine-auto	
初 4-6	ตัวเงินตัวทอง	Tua ngen tua thong	dūa ngə̄n dūa tɔ̄ng	澤巨蜥 (吉祥稱呼：金銀物)	engine-auto	
初 4-7	สัตว์	sat	satˇ	動物（或罵人的話）	book-exact	(book-exact已用引擎重新驗證)
初 4-7	สัตว์อะไรกินได้	sat arai kin dai	satˇ aˇ rai gin dhaiˋ	什麼動物可以吃？	engine-auto	
初 4-7	หมูกินได้	moo kin dai	mūˊ gin dhaiˋ	豬可以吃	engine-auto	
初 4-7	ไก่กินได้	kai kin dai	gaiˇ gin dhaiˋ	雞可以吃	engine-auto	
初 4-7	วัว	wua	wūa	牛（活體）	engine-auto	
初 4-7	วัวกินได้	wua kin dai	wūa gin dhaiˋ	牛可以吃	engine-auto	
初 4-7	สวนสัตว์ไทเปมีสัตว์อะไรบ้าง	suan sat Taipei mee sat arai bang	sūanˊ satˇ tai bē mī satˇ aˇ rai bhāngˋ	台北動物園有些什麼動物？	engine-auto	
初 4-7	สวนสัตว์ไทเปมีเสือ	suan sat Taipei mee suea	sūanˊ satˇ tai bē mī sɯ̄aˊ	台北動物園有老虎	engine-auto	
初 4-7	สวนสัตว์ไทเปมีสิงโต	suan sat Taipei mee singto	sūanˊ satˇ tai bē mī singˊ dō	台北動物園有獅子	engine-auto	
初 4-7	สวนสัตว์ไทเปมีแพนด้า	suan sat Taipei mee panda	sūanˊ satˇ tai bē mī pɛ̄n dhāˋ	台北動物園有熊貓	engine-auto	
初 4-7	คนส่วนใหญ่เลี้ยงสัตว์อะไร	khon suan yai liang sat arai	kon sūanˇ yaiˇ līang~ satˇ aˇ rai	大部分的人養什麼動物？	engine-auto	
初 4-7	คนส่วนใหญ่เลี้ยงหมา	khon suan yai liang ma	kon sūanˇ yaiˇ līang~ māˊ	大部分的人養狗	engine-auto	
初 4-7	คนส่วนใหญ่เลี้ยงแมว	khon suan yai liang maeo	kon sūanˇ yaiˇ līang~ mɛ̄u	大部分的人養貓	engine-auto	
初 4-7	คนส่วนใหญ่เลี้ยงกระต่าย	khon suan yai liang kratai	kon sūanˇ yaiˇ līang~ graˇ dāiˇ	大部分的人養兔子	engine-auto	
初 4-7	เลี้ยงหมาตัวผู้หรือตัวเมีย	liang ma tua phu rue tua mia	līang~ māˊ dūa pūˋ rɯ̄ˊ dūa mīa	養公狗還是母狗？	engine-auto	
初 4-7	อยากกินข้าวหมูแดง	yak kin khao moo daeng	yākˋ gin kāuˋ mūˊ dhɛ̄ng	想吃叉燒飯（紅豬肉飯）	engine-auto	
初 4-7	เรื่องนี้หมูๆ ใครๆ ก็ทำได้	rueang nee moo moo khrai khrai kor tham dai	rɯ̄angˋ nī~ mūˊ mūˊ krai krai gɔ̄ˋ tam dhaiˋ	這件事輕而易舉，誰都能做	engine-auto	
初 4-7	นกอยู่บนต้นไม้	nok yoo bon ton mai	nok~ yūˋ bhon donˋ mai~	鳥在樹上	derived	
初 4-7	นกบินอยู่บนฟ้า	nok bin yoo bon fa	nok~ bhin yūˋ bhon fā~	鳥在天空中飛	derived	
初 4-7	นก	nok	nok~	被放鴿子（或追求失敗）	derived	
初 4-7	เพื่อนถูกมดกัด	phuean took mot kat	pɯ̄anˋ tūkˇ mot~ gatˇ	朋友被螞蟻咬	derived	
初 4-7	พวกเราสั่งไข่มดแดงมากินกัน	phuak rao sang khai mot daeng ma kin kan	pūakˋ rāu sangˇ kaiˇ mot~ dhɛ̄ng mā gin gan	我們點紅螞蟻蛋來吃吧	derived	
初 4-7	ยำไข่มดแดง	yam khai mot daeng	yam kaiˇ mot~ dhɛ̄ng	涼拌紅螞蟻蛋	derived	
初 4-7	หนู	noo	nūˊ	老鼠（或小孩、女性對長輩的自稱）	engine-auto	
初 4-7	หนูๆ มานี่หน่อย	noo noo ma nee noi	nūˊ nūˊ mā nīˋ nɔ̄iˇ	小朋友們，過來這裡一下	engine-auto	
初 4-7	แม่คะ หนูอยากกินไอติม	mae kha noo yak kin itim	mɛ̄ˋ ka~ nūˊ yākˋ gin ai dim	媽媽，我想吃冰淇淋	engine-auto	
初 4-7	มีอะไรให้หนูช่วยไหมคะ	mee arai hai noo chuay mai kha	mī aˇ rai haiˋ nūˊ chūayˋ maiˊ ka~	有什麼需要我幫忙的嗎？	engine-auto	
初 4-7	หนู ขอบคุณมาก	noo khob khun mak	nūˊ kɔ̄pˇ kun mākˋ	謝謝妳喔（對小孩或晚輩說）	engine-auto	
初 4-7	เคยไปเที่ยวเกาะเต่าไหม	khoei pai thiao kor tao mai	kə̄i bai tīauˋ gɔˇ dāuˇ maiˊ	去過龜島玩嗎？	engine-auto	
初 4-7	ผมไม่เคยไปเที่ยวเกาะเต่าครับ	phom mai khoei pai thiao kor tao krap	pomˊ maiˋ kə̄i bai tīauˋ gɔˇ dāuˇ krap~	我沒去過龜島玩	engine-auto	
初 4-7	เกาะเต่าอยู่ภาคใต้	kor tao yoo phak tai	gɔˇ dāuˇ yūˋ pākˋ daiˋ	龜島在南部	engine-auto	
初 4-7	ตัวเงินตัวทอง	tua ngoen tua thong	dūa ngə̄n dūa tɔ̄ng	水蜥蜴（較委婉的稱呼）	engine-auto	
初 4-7	เหี้ย	hia	hīaˋ	水蜥蜴（原名，現多用於罵人）	engine-auto	
初 4-7	ถ้าอยากเห็นตัวเงินตัวทอง ต้องไปสวนลุม	tha yak hen tua ngoen tua thong tong pai suan lum	tāˋ yākˋ henˊ dūa ngə̄n dūa tɔ̄ng dɔ̄ngˋ bai sūanˊ lum	如果想看水蜥蜴，要去倫披尼公園	engine-auto	
初 4-7	ขี่ช้างไปเรียน	khee chang pai rian	kīˇ chāng~ bai rīan	騎大象去上學	engine-auto	
初 4-7	ขี่ม้าข้างทะเล	khee ma khang thalae	kīˇ mā~ kāngˋ ta~ lē	在海邊騎馬	engine-auto	
初 4-7	ขี่มอเตอร์ไซค์ขึ้นเขา	khee motorcycle khuen khao	kīˇ mɔ̄ də̄ sai kɯnˋ kāuˊ	騎摩托車上山	engine-auto	
初 4-7	อ้วนเหมือนหมู	uan muean moo	ūanˋ mɯ̄anˊ mūˊ	像豬一樣胖	engine-auto	
初 4-7	โง่เหมือนควาย	ngo muean khwai	ngōˋ mɯ̄anˊ kwāi	像水牛一樣笨	engine-auto	
初 4-7	ทำไมโง่อย่างนี้	thammai ngo yang nee	tam mai ngōˋ yāngˋ nī~	為什麼這麼笨？	engine-auto	
初 4-7	หน้าเหมือนพ่อ	na muean phor	nāˋ mɯ̄anˊ pɔ̄ˋ	臉長得像爸爸	engine-auto	
初 4-7	เก่งเหมือนแม่	keng muean mae	gēngˇ mɯ̄anˊ mɛ̄ˋ	像媽媽一樣厲害	engine-auto	
初 4-7	เสียงเหมือนแมว	siang muean maeo	sīangˊ mɯ̄anˊ mɛ̄u	聲音像貓	engine-auto	
初 4-7	สวยเหมือนดารา	suay muean dara	sūayˊ mɯ̄anˊ dhā rā	像明星一樣漂亮	engine-auto	
初 4-7	ไวเหมือนลิง	wai muean ling	wai mɯ̄anˊ ling	動作快得像猴子一樣	engine-auto	
初 4-7	เด็กๆ โตไวมาก	dek dek toh wai mak	dhekˇ dhekˇ dō wai mākˋ	小孩子長大得很快	engine-auto	
初 4-7	ขายหมดไวมาก	khai mot wai mak	kāiˊ motˇ wai mākˋ	賣得很快（賣光）	derived	
初 4-7	หัวไว	hua wai	hūaˊ wai	腦袋靈光	engine-auto	
初 4-7	เขาเป็นคนหัวไว	khao pen khon hua wai	kāuˊ ben kon hūaˊ wai	他是一個腦袋靈光的人	engine-auto	
初 4-7	กลัวงูกัด	klua ngu kat	glūa ngū gatˇ	怕蛇咬	engine-auto	
初 4-7	คุณกลัวสัตว์อะไรที่สุด	khun klua sat arai thee sut	kun glūa satˇ aˇ rai tīˋ sutˇ	你最怕什麼動物？	engine-auto	
初 4-7	ฉันกลัวงูที่สุด	chan klua ngu thee sut	chanˊ glūa ngū tīˋ sutˇ	我最怕蛇	engine-auto	
初 4-7	ผมกลัวจระเข้ที่สุด	phom klua jorakhae thee sut	pomˊ glūa jaˇ ra~ kēˋ tīˋ sutˇ	我最怕鱷魚	derived	
初 4-7	ฉันกลัวตุ๊กแกที่สุด	chan klua tukkae thee sut	chanˊ glūa duk~ gɛ̄ tīˋ sutˇ	我最怕大壁虎	engine-auto	
初 4-7	ฉันกลัวแมลงสาบที่สุด	chan klua malaeng sap thee sut	chanˊ glūa ma~ lɛ̄ng sāpˇ tīˋ sutˇ	我最怕蟑螂	derived	
初 4-7	แมลงสาบ	malaeng sap	ma~ lɛ̄ng sāpˇ	蟑螂（正式說法）	derived	
初 4-7	ปลาหิมะแพงมาก	pla hima phaeng mak	blā hiˇ ma~ pɛ̄ng mākˋ	鱈魚非常貴	engine-auto	
初 4-7	บางปีที่ไต้หวันมีหิมะตก	bang pee thee Taiwan mee hima tok	bhāng bī tīˋ daiˋ wanˊ mī hiˇ ma~ dokˇ	台灣有些年份會下雪	engine-auto	
初 4-7	เห็นแล้วหนาว	hen laeo nao	henˊ lɛ̄u~ nāuˊ	看了就覺得冷	engine-auto	
初 4-7	ไพ่นกกระจอก	phai nok krachok	paiˋ nok~ graˇ jɔ̄kˇ	麻將	derived	
初 4-7	พวกเรามาเล่นไพ่กัน	phuak rao ma len phai kan	pūakˋ rāu mā lēnˋ paiˋ gan	我們來玩牌吧	engine-auto	
初 4-7	คุณเล่นไพ่นกกระจอกเป็นไหม	khun len phai nok krachok pen mai	kun lēnˋ paiˋ nok~ graˇ jɔ̄kˇ ben maiˊ	你會打麻將嗎？	derived	
初 4-7	ฉันชอบไปดูไพ่ทาโรต์	chan chop pai doo phai tarot	chanˊ chɔ̄pˋ bai dhū paiˋ tā rō	我喜歡去算塔羅牌	derived	
初 4-7	ว่ายน้ำท่ากบ	wai nam tha kop	wāiˋ nām~ tāˋ gopˇ	蛙式游泳	derived	
初 4-7	ว่ายท่ากบเป็นไหม	wai tha kop pen mai	wāiˋ tāˋ gopˇ ben maiˊ	你會蛙式嗎？	derived	
初 4-7	ว่ายน้ำท่าผีเสื้อ	wai nam tha pheesuea	wāiˋ nām~ tāˋ pīˊ sɯ̄aˋ	蝶式游泳	engine-auto	
初 4-7	ว่ายน้ำท่าฟรีสไตล์	wai nam tha freestyle	wāiˋ nām~ tāˋ frī saˇ dai	自由式游泳	derived	
初 4-7	ท่าไหนยากที่สุด	tha nai yak thee sut	tāˋ naiˊ yākˋ tīˋ sutˇ	哪一種姿勢最難？	engine-auto	
初 4-7	รังผึ้ง	rang phueng	rang pɯngˋ	蜂巢（或蜂窩）	engine-auto	
初 4-7	รังมด	rang mot	rang mot~	螞蟻窩	derived	
初 4-7	รังนก	rang nok	rang nok~	鳥巢（或燕窩）	derived	
初 4-7	ปู่บอกว่ารังนกกินแล้วแข็งแรง	poo bok wa rang nok kin laeo khaeng raeng	būˇ bhɔ̄ gwāˇ rang nok~ gin lɛ̄u~ kɛngˊ rɛ̄ng	爺爺說吃了燕窩會變強壯	derived	
初 4-7	แต่รังนกราคาแพงมาก	tae rang nok raka phaeng mak	dɛ̄ˇ rang nok~ rā kā pɛ̄ng mākˋ	但是燕窩價格非常貴	derived	
初 4-7	ทางม้าลาย	thang ma lai	tāng mā~ lāi	斑馬線	engine-auto	
初 4-7	เวลาข้ามถนนต้องข้ามทางม้าลาย	wela kham thanon tong kham thang ma lai	wē lā kāmˋ taˇ non dɔ̄ngˋ kāmˋ tāng mā~ lāi	過馬路時要走斑馬線	derived	
初 4-7	ตอนเด็กฉันชอบเล่นตุ๊กตา	ton dek chan chop len tukkata	dɔ̄n dhekˇ chanˊ chɔ̄pˋ lēnˋ du~ gaˇ dā	小時候我喜歡玩娃娃	derived	
初 4-7	ที่บ้านมีตุ๊กตาหลายตัว	thee ban mee tukkata lai tua	tīˋ bhānˋ mī du~ gaˇ dā lāiˊ dūa	家裡有許多娃娃	derived	
初 4-7	เดี๋ยวนี้ก็ยังชอบตุ๊กตา	diao nee kor yang chop tukkata	dhīauˊ nī~ gɔ̄ˋ yang chɔ̄pˋ du~ gaˇ dā	現在也還是喜歡娃娃	derived	
初 4-7	คุณเกิดปีอะไร	khun koet pee arai	kun gə̄tˇ bī aˇ rai	你哪一年出生？	engine-auto	
初 4-7	ฉันเกิดปีหนู	chan koet pee noo	chanˊ gə̄tˇ bī nūˊ	我屬鼠	engine-auto	
初 4-7	ฉันเกิดปีกระต่าย	chan koet pee kratai	chanˊ gə̄tˇ bī graˇ dāiˇ	我屬兔	engine-auto	
初 4-7	มังกร	mangkorn	mang gɔ̄n	龍	derived	
初 4-7	ผมเกิดปีมังกร	phom koet pee mangkorn	pomˊ gə̄tˇ bī mang gɔ̄n	我屬龍	derived	
初 4-7	ตรุษจีน	trut jeen	drutˇ jīn	春節	engine-auto	
初 4-7	สวัสดีปีม้า	sawatdee pee ma	saˇ watˇ dhī bī mā~	新年快樂（馬年）	derived	
初 4-7	ปีม้า	pee ma	bī mā~	馬年	engine-auto	
初 4-7	ฉัน	chan	chanˊ	我（通用）	engine-auto	
初 4-7	กู	koo	gū	我（親密朋友間）	engine-auto	
初 4-7	หมา	ma	māˊ	狗	engine-auto	
初 4-7	ม้า	ma	mā~	馬	engine-auto	
初 4-7	รู้ฉันรู้ยังไงก็คงไม่ต่าง	roo chan roo yang ngai kor khong mai tang	rū~ chanˊ rū~ yang ngai gɔ̄ˋ kong maiˋ dāngˇ	我知道，我知道，無論如何恐怕都沒什麼不同	derived	
初 4-7	คง	khong	kong	恐怕 / 可能	derived	
初 4-7	เขาคงไม่มา	khao khong mai ma	kāuˊ kong maiˋ mā	他恐怕不來了	derived	
初 4-7	เมฆดำ	mek dam	mēkˋ dham	烏雲	engine-auto	
初 4-7	ฝนคงตก	fon khong tok	fonˊ kong dokˇ	恐怕會下雨	derived	
初 4-7	ต่าง	tang	dāngˇ	不同 / 差異	engine-auto	
初 4-7	ต่างกัน	tang kan	dāngˇ gan	不同（互相）	engine-auto	
初 4-7	อายุต่างกัน	ayu tang kan	ā yu~ dāngˇ gan	年紀有差異	engine-auto	
初 4-7	อายุต่างกัน 50 ปี	ayu tang kan 50 pee	ā yu~ dāngˇ gan 50 bī	年紀差 50 歲	engine-auto	
初 4-7	สีต่างกัน	see tang kan	sīˊ dāngˇ gan	顏色不同	engine-auto	
初 4-7	ชอบต่างกัน	chop tang kan	chɔ̄pˋ dāngˇ gan	喜歡的不同	engine-auto	
初 4-7	เลือก	lueak	lɯ̄akˋ	選擇	engine-auto	
初 4-7	เธอคงเลือกเขา	ter khong lueak khao	tə̄ kong lɯ̄akˋ kāuˊ	妳恐怕選了他	derived	
初 4-7	คุณจะเลือกใคร	khun ja lueak khrai	kun jaˇ lɯ̄akˋ krai	你會選誰？	engine-auto	
初 4-7	เลือกได้ไหมคะ	lueak dai mai kha	lɯ̄akˋ dhaiˋ maiˊ ka~	可以挑嗎？	engine-auto	
初 4-7	ถึง	thueng	tɯngˊ	儘管 / 即使	engine-auto	
初 4-7	ขอร้อง	kho rong	kɔ̄ˊ rɔ̄ng~	請求 / 拜託	engine-auto	
初 4-7	ขอร้อง อย่าทำสกปรก	kho rong ya tham sokkaprok	kɔ̄ˊ rɔ̄ng~ yāˋ tam sokˇ brokˇ	拜託，別弄髒了	derived	
初 4-7	ขอร้อง อย่ามาสายอีก	kho rong ya ma sai eek	kɔ̄ˊ rɔ̄ng~ yāˋ mā sāiˊ īkˇ	拜託，別再遲到了	engine-auto	
初 4-7	รู้ถึงฉันขอร้องยังไง เธอคงต้องลืมเรื่องของเรา	roo thueng chan kho rong yang ngai ter khong tong luem rueang khong rao	rū~ tɯngˊ chanˊ kɔ̄ˊ rɔ̄ng~ yang ngai tə̄ kong dɔ̄ngˋ lɯ̄m rɯ̄angˋ kɔ̄ngˊ rāu	知道儘管我如何哀求，妳恐怕也得忘記我們的事	derived	
初 4-7	เพราะว่าเขาดีกว่า	phror wa khao dee kwa	prɔ~ wāˋ kāuˊ dhī gwāˇ	因為他比較好	engine-auto	
初 4-7	เพราะ	phror	prɔ~	因為	engine-auto	
初 4-7	สำคัญ	sam khan	samˊ kan	重要	engine-auto	
初 4-7	因為他比較重要	phror khao sam khan kwa	因為他比較重要	因為他比較重要	engine-auto	
初 4-7	เรื่องสำคัญ	rueang sam khan	rɯ̄angˋ samˊ kan	重要的事情	engine-auto	
初 4-7	คนสำคัญ	khon sam khan	kon samˊ kan	重要的人	engine-auto	
初 4-7	วันสำคัญ	wan sam khan	wan samˊ kan	重要的日子	engine-auto	
初 4-7	เหตุผล	het phon	hetˇ ponˊ	理由	derived	
初 4-7	อะไร	arai	aˇ rai	什麼	engine-auto	
初 4-7	สักอย่าง	sak yang	sakˇ yāngˋ	某個 / 某些（強調用）	engine-auto	
初 4-7	รู้เธอมีเหตุผลอะไรสักอย่าง ที่ทำให้เธอไม่คิดอยู่กับฉัน	roo ter mee het phon arai sak yang thee tham hai ter mai khit yoo kab chan	rū~ tə̄ mī hetˇ ponˊ aˇ rai sakˇ yāngˋ tīˋ tam haiˋ tə̄ maiˋ kit~ yūˋ gapˇ chanˊ	知道妳有某些理由，讓妳不想跟我在一起	derived	
初 4-7	ช่วยบอกเหตุผลของคุณหน่อย	chuay bok het phon khong khun noi	chūayˋ bhɔ̄kˇ hetˇ ponˊ kɔ̄ngˊ kun nɔ̄iˇ	請告訴我你的理由	derived	
初 4-7	ที่	thee	tīˋ	那 / 讓（引導理由的連接詞）	engine-auto	
初 4-7	อาจเป็นเพราะเธอแค่เหงาใจ ในวันที่เราพบกัน	at pen phror ter khae ngao jai nai wan thee rao phop kan	ātˇ ben prɔ~ tə̄ kɛ̄ˋ ngāuˊ jai nai wan tīˋ rāu pop~ gan	也許是因為妳在我們相遇那天只是感到寂寞	derived	
初 4-7	อาจ	at	ātˇ	也許 / 或許	engine-auto	
初 4-7	แค่	khae	kɛ̄ˋ	只	engine-auto	
初 4-7	เหงา	ngao	ngāuˊ	寂寞 / 孤單	engine-auto	
初 4-7	เหงาใจ	ngao jai	ngāuˊ jai	心裡感到寂寞	engine-auto	
初 4-7	เดือนหน้าเขาอาจไปญี่ปุ่น	duean na khao at pai yipun	dhɯ̄an nāˋ kāuˊ ātˇ bai yīˋ bunˇ	下個月他可能會去日本	engine-auto	
初 4-7	พบกัน	phop kan	pop~ gan	見面	derived	
初 4-7	然後พบกันนะ	laeo phop kan na	然後 pop~ gan na~	那就之後見囉	derived	
初 4-7	เธอแค่มีความสุข แต่ว่าเธอไม่ได้รักกัน	ter khae mee khwam suk tae wa ter mai dai rak kan	tə̄ kɛ̄ˋ mī kwām sukˇ dɛ̄ˇ wāˋ tə̄ maiˋ dhaiˋ rak~ gan	妳只是感到快樂，但妳並沒有愛（我/彼此）	engine-auto	
初 4-7	但是ว่า	tae wa	但是 wāˋ	但是	engine-auto	
初 4-7	不ได้	mai dai	不 dhaiˋ	沒有（放在動詞前表示未曾或不曾）	engine-auto	
初 4-7	愛	rak	愛	愛	engine-auto	
初 4-7	ไปแค่สามวันก็กลับมาแล้ว	pai khae sam wan kor klap ma laeo	bai kɛ̄ˋ sāmˊ wan gɔ̄ˋ glapˇ mā lɛ̄u~	只去三天就回來了	engine-auto	
初 4-7	แต่ฉันรัก รักเธอไปแล้วทั้งใจ	tae chan rak rak ter pai laeo thang jai	dɛ̄ˇ chanˊ rak~ rak~ tə̄ bai lɛ̄u~ tang~ jai	但我已經全心全意愛上妳了	engine-auto	
初 4-7	ทั้งใจ	thang jai	tang~ jai	全心全意 / 整個心	engine-auto	
初 4-7	รู้ฉันรู้ว่าเธอต้องไป แต่อยากจะขอร้องเธออีกครั้ง	roo chan roo wa ter tong pai tae yak ja kho rong ter eek khrang	rū~ chanˊ rū~ wāˋ tə̄ dɔ̄ngˋ bai dɛ̄ˇ yākˋ jaˇ kɔ̄ˊ rɔ̄ng~ tə̄ īkˇ krang~	我知道，我知道妳一定要走，但我想再求妳一次	engine-auto	
初 4-7	อยากจะ	yak ja	yākˋ jaˇ	想要	engine-auto	
初 4-7	อีกครั้ง	eek khrang	īkˇ krang~	再一次	engine-auto	
初 4-7	พูดอีกครั้งได้ไหม	poot eek khrang dai mai	pūtˋ īkˇ krang~ dhaiˋ maiˊ	可以再說一遍嗎？	engine-auto	
初 4-7	ขอ	kho	kɔ̄ˊ	請求	engine-auto	
初 4-7	ร้อง	rong	rɔ̄ng~	喊、大聲叫	book-exact	(book-exact已用引擎重新驗證)
初 4-7	ขอร้อง	kho rong	kɔ̄ˊ rɔ̄ng~	拜託、哀求	engine-auto	
初 4-7	โปรดรักฉัน รักฉันเถอะนะ จะไม่ทำให้เธอเสียใจ	prot rak chan rak chan thue na ja mai tham hai ter sia jai	brōtˇ rak~ chanˊ rak~ chanˊ təˇ na~ jaˇ maiˋ tam haiˋ tə̄ sīaˊ jai	拜託（請愛我，愛我吧），不會讓妳傷心	engine-auto	
初 4-7	โปรด	prot	brōtˇ	請（正式/書面用語）	engine-auto	
初 4-7	โปรดอย่าเสียงดัง	prot ya siang dang	brōtˇ yāˋ sīangˊ dhang	請別大聲	engine-auto	
初 4-7	โปรดถอดรองเท้า	prot thot rong thao	brōtˇ tɔ̄tˇ rɔ̄ng tāu~	請脫鞋	engine-auto	
初 4-7	โปรดรักฉัน รักฉันเถอะนะ	prot rak chan rak chan thue na	brōtˇ rak~ chanˊ rak~ chanˊ təˇ na~	請愛我，愛我吧	engine-auto	
初 4-7	เถอะนะ	thue na	təˇ na~	語助詞（吧/囉）	engine-auto	
初 4-7	จะไม่ทำให้เธอเสียใจ	ja mai tham hai ter sia jai	jaˇ maiˋ tam haiˋ tə̄ sīaˊ jai	不會讓妳傷心	engine-auto	
初 4-7	ฉันสู้เขาไม่ไหว เทียบกับใครที่เธอมี	chan su khao mai wai thiap kab khrai thee ter mee	chanˊ sūˋ kāuˊ maiˋ waiˊ tīapˋ gapˇ krai tīˋ tə̄ mī	我比不上他，比起你擁有的任何人	engine-auto	
初 4-7	สู้	su	sūˋ	比、拼	engine-auto	
初 4-7	สู้ๆ	su su	sūˋ sūˋ	加油！	book-exact	(book-exact已用引擎重新驗證)
初 4-7	A สู้ B ไม่ได้	A su B mai dai	A sūˋ B maiˋ dhaiˋ	A 比不上 B	engine-auto	
初 4-7	ฉันสู้เขาไม่ได้	chan su khao mai dai	chanˊ sūˋ kāuˊ maiˋ dhaiˋ	我比不上他	engine-auto	
初 4-7	สู้ไม่ไหว	su mai wai	sūˋ maiˋ waiˊ	比不上（體力或能力無法負荷）	engine-auto	
初 4-7	ไหว	wai	waiˊ	行、有辦法、撐得住	engine-auto	
初 4-7	กินไหวไหม	kin wai mai	gin waiˊ maiˊ	吃得下嗎？（分量多到吃得完嗎）	engine-auto	
初 4-7	กินไม่ไหว	kin mai wai	gin maiˋ waiˊ	吃不下了	engine-auto	
初 4-7	เจ็บขามาก เดินไม่ไหว	jep kha mak doen mai wai	jepˇ kāˊ mākˋ dhə̄n maiˋ waiˊ	腿很痛，走不動了	engine-auto	
初 4-7	เทียบ	thiap	tīapˋ	比較、比一比	engine-auto	
初 4-7	เทียบกับใครที่เธอมี	thiap kab khrai thee ter mee	tīapˋ gapˇ krai tīˋ tə̄ mī	比起妳擁有的那個人	engine-auto	
初 4-7	แต่เลือกฉันได้ไหม ฉันจะดูแลเธอให้ดี	tae lueak chan dai mai chan ja doolae ter hai dee	dɛ̄ˇ lɯ̄akˋ chanˊ dhaiˋ maiˊ chanˊ jaˇ dhū lɛ̄ tə̄ haiˋ dhī	但選我可以嗎？我會好好照顧妳	engine-auto	
初 4-7	ดูแล	doolae	dhū lɛ̄	照顧	engine-auto	
初 4-7	ดูแลให้ดี	doolae hai dee	dhū lɛ̄ haiˋ dhī	好好照顧 / 照顧得很好	engine-auto	
初 4-7	ดูแลพ่อแม่	doolae phor mae	dhū lɛ̄ pɔ̄ˋ mɛ̄ˋ	照顧父母	engine-auto	
初 4-7	ดูแลต้นไม้	doolae ton mai	dhū lɛ̄ donˋ mai~	照顧植物（樹木）	derived	
初 4-7	โปรดถามใจเธออีกที เพราะทั้งใจฉันมันยังมีแค่เธอ	prot tham jai ter eek thee phror thang jai chan man yang mee khae ter	brōtˇ tāmˊ jai tə̄ īkˇ tī prɔ~ tang~ jai chanˊ man yang mī kɛ̄ˋ tə̄	請再問一次妳的心，因為我的整顆心還是只有妳	engine-auto	
初 4-7	รู้ว่าระหว่างเรานั้นมีบางอย่าง	roo wa rawang rao nan mee bang yang	rū~ wāˋ ra~ wāngˇ rāu nan~ mī bhāng yāngˋ	知道我們之間有些什麼	engine-auto	
初 4-7	ระหว่าง	rawang	ra~ wāngˇ	之間（或期間）	engine-auto	
初 4-7	B อยู่ระหว่าง A กับ C	B yoo rawang A kab C	B yūˋ ra~ wāngˇ A gapˇ C	B 在 A 與 C 之間	engine-auto	
初 4-7	อยู่ระหว่างพักเที่ยง	yoo rawang phak thiang	yūˋ ra~ wāngˇ pak~ tīangˋ	在午休期間	engine-auto	
初 4-7	ฉันรู้ว่าใจหนึ่งเธอก็ยังมีฉัน	chan roo wa jai nueng ter kor yang mee chan	chanˊ rū~ wāˋ jai nɯngˇ tə̄ gɔ̄ˋ yang mī chanˊ	我知道妳的心裡（某處）還有我	engine-auto	
初 4-7	รู้ทุกครั้งที่เรามองตา	roo thuk khrang thee rao mong ta	rū~ tuk~ krang~ tīˋ rāu mɔ̄ng dā	知道每一次我們眼神交會時	engine-auto	
初 4-7	ทุกครั้ง	thuk khrang	tuk~ krang~	每次	engine-auto	
初 4-7	มองตา	mong ta	mɔ̄ng dā	對視（注視眼睛）	engine-auto	
初 4-7	ยังทำให้ใจของเธอสั่น	yang tham hai jai khong ter san	yang tam haiˋ jai kɔ̄ngˊ tə̄ sanˇ	還讓妳的心激動（心跳、震動）	engine-auto	
初 4-7	สั่น	san	sanˇ	激動（抖、震動）	engine-auto	
初 4-7	ทุกอย่างที่ผ่านมานั้นมันคือเรื่องจริง	thuk yang thee phan ma nan man khue rueang jing	tuk~ yāngˋ tīˋ pānˇ mā nan~ man kɯ̄ rɯ̄angˋ jing	過去的一切那都是真的	derived	
初 4-7	ทุกอย่าง	thuk yang	tuk~ yāngˋ	每件事	engine-auto	
初 4-7	ที่ผ่านมา	thee phan ma	tīˋ pānˇ mā	過去的	engine-auto	
初 4-7	มัน	man	man	它（指代事物）	engine-auto	
初 4-7	คือ	khue	kɯ̄	是	engine-auto	
初 4-7	เรื่องจริง	rueang jing	rɯ̄angˋ jing	真相（真事）	derived	
初 4-7	ผ่าน	phan	pānˇ	經過	engine-auto	
初 4-7	เดินผ่านเซเว่นทุกวัน	doen phan seven thuk wan	dhə̄n pānˇ sē wēnˋ tuk~ wan	每天走經過 7-Eleven	engine-auto	
初 4-7	ผ่านมา 20 กว่าปีแล้วแต่ยังไม่ลืม	phan ma yee sip kwa pee laeo tae yang mai luem	pānˇ mā 20 gwāˇ bī lɛ̄u~ dɛ̄ˇ yang maiˋ lɯ̄m	過了 20 多年了但還沒忘記	engine-auto	
初 4-7	พระเอก	phra ek	pra~ ēkˇ	男主角	book-exact	(book-exact已用引擎重新驗證)
初 4-7	ตัวเอก	tua ek	dūa ēkˇ	主角	book-exact	(book-exact已用引擎重新驗證)
初 4-7	นางเอก	nang ek	nāng ēkˇ	女主角	engine-auto	
初 4-7	ตัวรอง	tua rong	dūa rɔ̄ng	第二主角（副角）	engine-auto	
初 4-7	พระรอง	phra rong	pra~ rɔ̄ng	男二	engine-auto	
初 4-7	นางรอง	nang rong	nāng rɔ̄ng	女二	engine-auto	
初 4-7	ตัวร้าย	tua rai	dūa rāi~	反派 / 壞人	engine-auto	
初 4-7	ตัวประกอบ	tua prakop	dūa braˇ gɔ̄pˇ	配角	engine-auto	
初 4-7	แฟนคลับ	fan khlap	fɛ̄n klap~	粉絲團	engine-auto	
初 4-7	แฟนมิต	fan meet	fɛ̄n mit~	粉絲見面會	engine-auto	
初 4-7	เล่นหนัง	len nang	lēnˋ nangˊ	演電影	book-exact	(book-exact已用引擎重新驗證)
初 4-7	เล่นละคร	len lakhon	lēnˋ la~ kɔ̄n	演電視劇	derived	
初 4-7	บท	bot	bhotˇ	角色	derived	
初 4-7	เล่นบทแม่	len bot mae	lēnˋ bhotˇ mɛ̄ˋ	演媽媽的角色	derived	
初 4-7	ปิดกล้อง	pit klong	bitˇ glɔ̄ngˋ	殺青（關機）	book-exact	(book-exact已用引擎重新驗證)
初 4-7	กล้อง	klong	glɔ̄ngˋ	攝影機	engine-auto	
初 4-7	ไปแคสติ้ง	pai casting		去試鏡	unresolved	英文外來語/正式縮寫/原始資料異常，見全課-仍不確定清單.tsv
初 4-7	เอฟซี	ef see	ēpˇ sī	粉絲（FC）	engine-auto	
初 4-7	ผู้กำกับ	phu kam kap	pūˋ gam gapˇ	導演	engine-auto	
初 4-7	ผู้จัดการ	phu jat kan	pūˋ jatˇ gān	經紀人（或經理）	engine-auto	
初 4-7	ช่อง	chong	chɔ̄ngˋ	頻道	engine-auto	
初 4-7	ช่องไหนสนุก	chong nai sanook	chɔ̄ngˋ naiˊ saˇ nuk~	哪一台（頻道）好看 / 有趣	engine-auto	
初 4-7	ช่องอะไรสนุก	chong arai sanook	chɔ̄ngˋ aˇ rai saˇ nuk~	哪一台（頻道）好看 / 有趣	engine-auto	
初 4-7	ดูช่องอะไร	doo chong arai	dhū chɔ̄ngˋ aˇ rai	看哪一台	engine-auto	
初 4-7	ติดตาม	tit tam	ditˇ dām	追蹤	engine-auto	
初 4-7	ฟอลโล่	fol lo		追蹤（外來語）	unresolved	英文外來語/正式縮寫/原始資料異常，見全課-仍不確定清單.tsv
初 4-7	ตอนนี้คุณฟอลโล่ใครนะ	torn nee khun fol lo khrai na		現在你追蹤誰？	unresolved	英文外來語/正式縮寫/原始資料異常，見全課-仍不確定清單.tsv
初 4-7	ฉัน	chan	chanˊ	我（通用）	engine-auto	
初 4-7	ผม	phom	pomˊ	我（男性正式用）	engine-auto	
初 4-8	สองทุ่มครึ่ง	song thum khrueng	sɔ̄ngˊ tumˋ krɯngˋ	晚上八點半	engine-auto	
初 4-8	พรุ่งนี้จะไปไหน	phrung ni cha pai nai	prungˋ nī~ jaˇ bai naiˊ	明天要去哪裡？	engine-auto	
初 4-8	พรุ่งนี้จะไปไหนคะ	phrung ni cha pai nai kha		明天要去哪裡呢？（問朋友）	unresolved	英文外來語/正式縮寫/原始資料異常，見全課-仍不確定清單.tsv
初 4-8	พรุ่งนี้จะพาแม่ไปหาหมอ	phrung ni cha pha mae pai ha mo	prungˋ nī~ jaˇ pā mɛ̄ˋ bai hāˊ mɔ̄ˊ	明天要帶媽媽去看醫生	engine-auto	
初 4-8	อย่าขี้เกียจ	ya khi kiet	yāˋ kīˋ gīatˇ	別懶惰	engine-auto	
初 4-8	ขี้เกียจปอกเปลือก	khi kiet pok plueak	kīˋ gīatˇ bɔ̄kˇ blɯ̄akˇ	懶得剝皮	engine-auto	
初 4-8	อย่ามาสาย	ya ma sai	yāˋ mā sāiˊ	別遲到	engine-auto	
初 4-8	อย่าโกหก	ya kohok	yāˋ gō hokˇ	別說謊	engine-auto	
初 4-8	หรือยัง	rue yang	rɯ̄ˊ yang	...了沒？	engine-auto	
初 4-8	เรื่องนี้เธอบอกเขาหรือยัง	rueang ni thoe bok khao rue yang	rɯ̄angˋ nī~ tə̄ bhɔ̄kˇ kāuˊ rɯ̄ˊ yang	這件事你告訴他了沒？	engine-auto	
初 4-8	เขารู้ความจริงหรือยัง	khao ru khwam ching rue yang	kāuˊ rū~ kwām jing rɯ̄ˊ yang	他知道真相了沒？	derived	
初 4-8	เสร็จหรือยัง	set rue yang	sretˇ rɯ̄ˊ yang	完成了沒？	engine-auto	
初 4-8	เธอทิ้งขยะเสร็จหรือยัง	thoe thing khaya set rue yang	tə̄ ting~ kaˇ yaˇ sretˇ rɯ̄ˊ yang	你丟垃圾了沒？	derived	
初 4-8	เธอถ่ายรูปเสร็จหรือยัง	thoe thai rup set rue yang	tə̄ tāiˇ rūpˋ sretˇ rɯ̄ˊ yang	你拍照拍完了沒？	engine-auto	
初 4-8	ยังไม่	yang mai	yang maiˋ	還沒	book-exact	(book-exact已用引擎重新驗證)
初 4-8	คุณไปทำธุระหรือยัง	khun pai tham thura rue yang	kun bai tam tu~ ra~ rɯ̄ˊ yang	你去辦事了沒？	engine-auto	
初 4-8	ยัง ฉันยังไม่ไปทำ	yang chan yang mai pai tham	yang chanˊ yang maiˋ bai tam	還沒，我還沒去辦	engine-auto	
初 4-8	อย่างไร	yang rai	yāngˋ rai	如何 / 怎麼（正式）	engine-auto	
初 4-8	ยังไง	yang ngai	yang ngai	如何 / 怎麼（口語）	engine-auto	
初 4-8	สั่งอาหารอย่างไร	sang a han yang rai	sangˇ ā hānˊ yāngˋ rai	怎麼點餐？	engine-auto	
初 4-8	สั่งอาหารยังไง	sang a han yang ngai	sangˇ ā hānˊ yang ngai	怎麼點餐？（口語）	engine-auto	
初 4-8	ส่งของขวัญให้เขายังไง	song khong khwan hai khao yang ngai	songˇ kɔ̄ngˊ kwanˊ haiˋ kāuˊ yang ngai	我怎麼送禮物給他呢？	derived	
初 4-8	ทำอย่างไรดี	tham yang rai di	tam yāngˋ rai dhī	該怎麼辦好呢？	engine-auto	
初 4-8	ทำยังไงดี	tham yang ngai di	tam yang ngai dhī	該怎麼辦好呢？（口語）	engine-auto	
初 4-8	ไปอย่างไรดี	pai yang rai di	bai yāngˋ rai dhī	該怎麼去好呢？	engine-auto	
初 4-8	ไปยังไงดี	pai yang ngai di	bai yang ngai dhī	該怎麼去好呢？（口語）	engine-auto	
初 4-8	พูดอย่างไรดี	phut yang rai di	pūtˋ yāngˋ rai dhī	這件事我該怎麼說呢？	engine-auto	
初 4-8	พูดยังไงดี	phut yang ngai di	pūtˋ yang ngai dhī	這件事我該怎麼說呢？（口語）	engine-auto	
初 4-8	กำลัง	kamlang	gam lang	正在	engine-auto	
初 4-8	กำลังพาหมาไปเดินเล่นอยู่	kamlang pha ma pai doen len yu	gam lang pā māˊ bai dhə̄n lēnˋ yūˋ	正在帶狗去散步	engine-auto	
初 4-8	กำลังทำงานอยู่ที่บริษัท	kamlang tham ngan yu thi borisat	gam lang tam ngān yūˋ tīˋ bhɔ̄ ri~ satˇ	正在公司上班	derived	
初 4-8	กำลังจะ	kamlang cha	gam lang jaˇ	正要	engine-auto	
初 4-8	กำลังจะเซ็นสัญญา	kamlang cha sen sanya	gam lang jaˇ sen sanˊ yā	正要簽合約	engine-auto	
初 4-8	กำลังจะไปเดินห้าง	kamlang cha pai doen hang	gam lang jaˇ bai dhə̄n hāngˋ	正要去逛百貨公司	engine-auto	
初 4-8	กำลังจะจองโรงแรม	kamlang cha chong rong raem	gam lang jaˇ jɔ̄ng rōng rɛ̄m	正要訂飯店	engine-auto	
初 4-8	ทำธุระ	tham thura	tam tu~ ra~	辦事	engine-auto	
初 4-8	วันนี้ต้องไปทำธุระ	wan ni tong pai tham thura	wan nī~ dɔ̄ngˋ bai tam tu~ ra~	今天得去辦事	engine-auto	
初 4-8	คุณมาหาผมมีธุระอะไร	khun ma ha phom mi thura arai	kun mā hāˊ pomˊ mī tu~ ra~ aˇ rai	你來找我（男）有什麼事嗎？	engine-auto	
初 4-8	คุณมาหาฉันมีธุระอะไร	khun ma ha chan mi thura arai	kun mā hāˊ chanˊ mī tu~ ra~ aˇ rai	你來找我（女）有什麼事嗎？	engine-auto	
初 4-8	ไม่มีธุระอะไร ผมคิดถึงคุณ	mai mi thura arai phom khit thueng khun	maiˋ mī tu~ ra~ aˇ rai pomˊ kit~ tɯngˊ kun	沒什麼事，我想你	engine-auto	
初 4-8	ธุรกิจ	thurakit	tun gitˇ	生意 / 業務	book-exact	(book-exact已用引擎重新驗證)
初 4-8	ช่วงนี้ธุรกิจไม่ค่อยดี	chuang ni thurakit mai khoi di	chūangˋ nī~ tun gitˇ maiˋ kɔ̄iˋ dhī	最近生意不太好	engine-auto	
初 4-8	Uber Eat ธุรกิจดีมาก	Uber Eat thurakit di mak	Uber Eat tun gitˇ dhī mākˋ	Uber Eat 生意很好	engine-auto	
初 4-8	ที่บ้านทำธุรกิจอะไร	thi ban tham thurakit arai	tīˋ bhānˋ tam tun gitˇ aˇ rai	家裡做什麼生意？	engine-auto	
初 4-8	ทำความสะอาด	tam khwam sa at	tam kwām saˇ ātˇ	清潔	engine-auto	
初 4-8	ช่วงตรุษจีน ต้องทำความสะอาดครั้งใหญ่	chuang trut chin tong tam khwam sa at khrang yai	chūangˋ drutˇ jīn dɔ̄ngˋ tam kwām saˇ ātˇ krang~ yaiˇ	春節期間要大掃除	engine-auto	
初 4-8	สัญญา	san ya	sanˊ yā	合約 / 約定	engine-auto	
初 4-8	ทำสัญญากี่ปี	tam san ya ki pi	tam sanˊ yā gīˇ bī	簽合約幾年？	engine-auto	
初 4-8	ขอดูหน่อยสัญญาค่ะ	kho du san ya noi kha	kɔ̄ˊ dhū nɔ̄iˇ sanˊ yā kaˋ	請給我看一下合約	engine-auto	
初 4-8	ทำบุญ	tam bun	tam bhun	做功德	engine-auto	
初 4-8	เธอต้องทำบุญบ่อยๆ	thoe tong tam bun boi boi	tə̄ dɔ̄ngˋ tam bhun bhɔ̄iˇ bhɔ̄iˇ	你要常常做功德	engine-auto	
初 4-8	ทำบุญยังไง	tam bun yang ngai	tam bhun yang ngai	怎麼做功德？	engine-auto	
初 4-8	ทำหาย	tam hai	tam hāiˊ	弄丟	engine-auto	
初 4-8	ฉันทำกุญแจหาย ทำยังไงดีคะ	chan tam kunchae hai tam yang ngai di kha	chanˊ tam gun jɛ̄ hāiˊ tam yang ngai dhī ka~	我弄丟鑰匙了，該怎麼辦才好？	engine-auto	
初 4-8	คุณทำพาสปอร์ตหายที่ไหน	khun tam phat sapot hai ti nai	kun tam pā saˇ bɔ̄tˇ hāiˊ tīˋ naiˊ	你在哪裡弄丟護照的？	derived	
初 4-8	ผมจำไม่ได้ ไม่รู้ทำหายที่ไหน	phom cham mai dai mai ru tam hai ti nai	pomˊ jam maiˋ dhaiˋ maiˋ rū~ tam hāiˊ tīˋ naiˊ	我記不得了，不知道在哪弄丟的	engine-auto	
初 4-8	ทำเป็น	tam pen	tam ben	裝作 / 假裝	engine-auto	
初 4-8	นางเอกทำเป็นไม่รักพระเอก	nang ek tam pen mai rak phra ek	nāng ēkˇ tam ben maiˋ rak~ pra~ ēkˇ	女主角裝作不愛男主角	engine-auto	
初 4-8	ทำใจไม่ได้	tam chai mai dai	tam jai maiˋ dhaiˋ	無法接受 / 釋懷	engine-auto	
初 4-8	แฟนนอกใจ ทำใจไม่ได้	faen nok chai tam chai mai dai	fɛ̄n nɔ̄kˋ jai tam jai maiˋ dhaiˋ	另一半劈腿，我無法接受	engine-auto	
初 4-8	ถูกแฟนทิ้ง ทำใจไม่ได้	thuk faen ting tam chai mai dai	tūkˇ fɛ̄n ting~ tam jai maiˋ dhaiˋ	被另一半甩了，我無法接受	engine-auto	
初 4-8	ทำสกปรก	tam sok ka prok	tam sokˇ brokˇ	弄髒	derived	
初 4-8	ห้องเธอสกปรกมาก	hong thoe sok ka prok mak	hɔ̄ngˋ tə̄ sokˇ brokˇ mākˋ	你的房間很髒	derived	
初 4-8	ทำไมสกปรกอย่างนี้	tammai sok ka prok yang ni	tam mai sokˇ brokˇ yāngˋ nī~	為什麼這麼髒？	derived	
初 4-8	อีกที	ik ti	īkˇ tī	再一次	book-exact	(book-exact已用引擎重新驗證)
初 4-8	ช่วยพูดอีกที	chuai phut ik ti	chūayˋ pūtˋ īkˇ tī	請再說一次	engine-auto	
初 4-8	ช่วยพูดอีกทีได้ไหมคะ	chuai phut ik ti dai mai kha	chūayˋ pūtˋ īkˇ tī dhaiˋ maiˊ ka~	可以請再說一次嗎？	engine-auto	
初 4-8	ฉันฟังไม่ทัน	chan fang mai than	chanˊ fang maiˋ tan	我來不及聽	engine-auto	
初 4-8	ผิด	phit	pitˇ	錯 / 錯誤	book-exact	(book-exact已用引擎重新驗證)
初 4-8	ฉันดูผิดคน	chan du phit khon	chanˊ dhū pitˇ kon	我看錯人了	engine-auto	
初 4-8	คุณไปผิดทาง	khun pai phit tang	kun bai pitˇ tāng	你走錯路了	engine-auto	
初 4-8	น้องส่งผิดโต๊ะแล้วค่ะ	nong song phit to laeo kha	nɔ̄ng~ songˇ pitˇ do~ lɛ̄u~ kaˋ	妹子妳送錯桌了	derived	
初 4-8	ใหม่	mai	maiˇ	新的 / 重新	book-exact	(book-exact已用引擎重新驗證)
初 4-8	ซื้อรถใหม่	seu rot mai	sɯ̄~ rot~ maiˇ	買新車	engine-auto	
初 4-8	มีแฟนใหม่	mi faen mai	mī fɛ̄n maiˇ	有新男友	engine-auto	
初 4-8	พูดผิด พูดใหม่	phut phit phut mai	pūtˋ pitˇ pūtˋ maiˇ	說錯了，重新說	engine-auto	
初 4-8	ถ่ายรูปใหม่	tai rup mai	tāiˇ rūpˋ maiˇ	重新拍照	engine-auto	
初 4-8	จองผิดวัน ต้องจองใหม่	chong phit wan tong chong mai	jɔ̄ng pitˇ wan dɔ̄ngˋ jɔ̄ng maiˇ	訂錯日期，要重新訂	engine-auto	
初 4-8	เลี้ยง	liang	līang~	請客 / 養育	engine-auto	
初 4-8	หัวหน้าเลี้ยงข้าวทุกคน	hua na liang khao tuk khon	hūaˊ nāˋ līang~ kāuˋ tuk~ kon	主管請大家吃飯	engine-auto	
初 4-8	เขาเลี้ยงหมาสองตัว	khao liang ma song tua	kāuˊ līang~ māˊ sɔ̄ngˊ dūa	他養了兩隻狗	engine-auto	
初 4-8	แต่	tae	dɛ̄ˇ	只 / 只有	engine-auto	
初 4-8	เอาแต่ทำงาน	ao tae tam ngan	au dɛ̄ˇ tam ngān	只工作	engine-auto	
初 4-8	ร้องแต่เพลง	rong tae phleng	rɔ̄ng~ dɛ̄ˇ plēng	只唱歌	engine-auto	
初 4-8	จำได้แต่เขา	cham dai tae khao	jam dhaiˋ dɛ̄ˇ kāuˊ	只記得他	engine-auto	
初 4-8	ชาตินี้รักแต่คุณคนเดียว	chat ni rak tae khun khon diao	chātˋ nī~ rak~ dɛ̄ˇ kun kon dhīau	這輩子只愛你一個人	derived	
初 4-8	ร้อง	rong	rɔ̄ng~	叫聲 / 唱 / 哭	book-exact	(book-exact已用引擎重新驗證)
初 4-8	ร้องไห้	rong hai	rɔ̄ng~ haiˋ	哭泣	engine-auto	
初 4-8	ร้องเพลง	rong phleng	rɔ̄ng~ plēng	唱歌	engine-auto	
初 4-8	ไก่ร้องยังไง	kai rong yang ngai	gaiˇ rɔ̄ng~ yang ngai	雞怎麼叫？	engine-auto	
初 4-8	ไก่ตัวผู้	kai tua phu	gaiˇ dūa pūˋ	公雞	engine-auto	
初 4-8	ไก่ตัวเมีย / แม่ไก่	kai tua mia / mae kai	gaiˇ dūa mīa / mɛ̄ˋ gaiˇ	母雞	engine-auto	
初 4-8	บอก	bok	bhɔ̄kˇ	告訴	engine-auto	
初 4-8	ผมบอกคุณแล้ว แต่คุณไม่เชื่อ	phom bok khun laeo tae khun mai cheua	pomˊ bhɔ̄kˇ kun lɛ̄u~ dɛ̄ˇ kun maiˋ chɯ̄aˋ	我都跟你說了，但你不信	engine-auto	
初 4-8	คุณเคยบอกฉันตอนไหน	khun khoei bok chan ton nai	kun kə̄i bhɔ̄kˇ chanˊ dɔ̄n naiˊ	你什麼時候告訴過我？	engine-auto	
初 4-8	เพราะ	phro	prɔ~	好聽 / 因為	engine-auto	
初 4-8	เพลงเพราะ	phleng phro	plēng prɔ~	歌好聽	engine-auto	
初 4-8	ดนตรีเพราะ	dontri phro	dhon drī prɔ~	音樂好聽	derived	
初 4-8	เสียงเพราะ	siang phro	sīangˊ prɔ~	聲音好聽	engine-auto	
初 4-8	เพลงนี้ยิ่งฟังยิ่งเพราะ	phleng ni ying fang ying phro	plēng nī~ yingˋ fang yingˋ prɔ~	這首歌越聽越好聽	engine-auto	
初 4-8	ว่า	wa	wāˋ	說 / 是指 (that)	engine-auto	
初 4-8	นี่เรียกว่าอะไร	ni riak wa arai	nīˋ rīakˋ wāˋ aˇ rai	這叫什麼？	engine-auto	
初 4-8	เขาบอกว่า	khao bok wa	kāuˊ bhɔ̄ gwāˇ	他說...	engine-auto	
初 4-8	ฉันรู้ว่า	chan ru wa	chanˊ rū~ wāˋ	我知道...	engine-auto	
初 4-8	เขาถามว่า	khao tam wa	kāuˊ tāmˊ wāˋ	他問我...	engine-auto	
初 4-8	ใส่	sai	saiˇ	穿 / 戴 / 放	engine-auto	
初 4-8	ใส่แว่นตา	sai waen ta	saiˇ wɛ̄nˋ dā	戴眼鏡	engine-auto	
初 4-8	ใส่แว่นกันแดด	sai waen kan daet	saiˇ wɛ̄nˋ gan dhɛ̄tˇ	戴太陽眼鏡	engine-auto	
初 4-8	ใส่กระโปรง	sai kra prong	saiˇ graˇ brōng	穿裙子	engine-auto	
初 4-8	ใส่กางเกง	sai kang keng	saiˇ gāng gēng	穿褲子	engine-auto	
初 4-8	นอกจากใส่แมสก์แล้ว ยังต้องล้างมือบ่อยๆ	nok chak sai maet laeo yang tong lang meu boi boi	nɔ̄kˋ jākˇ saiˇ mɛ̄tˋ lɛ̄u~ yang dɔ̄ngˋ lāng~ mɯ̄ bhɔ̄iˇ bhɔ̄iˇ	除了戴口罩，還要常洗手	engine-auto	
初 4-8	นอกจากใส่หน้ากากอนามัยแล้ว ยังต้องล้างมือบ่อยๆ	nok chak sai na kak a na mai laeo yang tong lang meu boi boi	nɔ̄kˋ jākˇ saiˇ nāˋ gākˇ aˇ nā mai lɛ̄u~ yang dɔ̄ngˋ lāng~ mɯ̄ bhɔ̄iˇ bhɔ̄iˇ	除了戴醫用口罩，還要常洗手	derived	
初 4-8	ไม่ใส่พริก	mai sai phrik	maiˋ saiˇ prik~	不加辣椒	engine-auto	
初 4-8	ไม่ใส่ผักชี	mai sai phak chi	maiˋ saiˇ pakˇ chī	不加香菜	engine-auto	
初 4-8	ใส่หัวหอมก่อน	sai hua hom kon	saiˇ hūaˊ hɔ̄mˊ gɔ̄nˇ	先放洋蔥	engine-auto	
初 4-8	หลังใส่กะทิก็ใส่ต้นหอม	lang sai ka thi ko sai ton hom	langˊ saiˇ gaˇ ti~ gɔ̄ˋ saiˇ donˋ hɔ̄mˊ	加完椰奶後再加蔥	derived	
初 4-8	ถอด	thot	tɔ̄tˇ	脫	engine-auto	
初 4-8	ถอดรองเท้า	thot rong thao	tɔ̄tˇ rɔ̄ng tāu~	脫鞋子	engine-auto	
初 4-8	ถอดแหวน	thot waen	tɔ̄tˇ wɛ̄nˊ	脫戒指	engine-auto	
初 4-8	ถอดหมวก	thot muak	tɔ̄tˇ mūakˇ	脫帽子	engine-auto	
初 4-8	เปลี่ยน	plian	blīanˇ	換 / 改變	engine-auto	
初 4-8	ถ้าใส่ไม่ได้ เอามาเปลี่ยนได้ไหมคะ	ta sai mai dai ao ma plian dai mai kha	tāˋ saiˇ maiˋ dhaiˋ au mā blīanˇ dhaiˋ maiˊ ka~	如果不能穿，可以拿來換嗎？	engine-auto	
初 4-8	ถ้ามีปัญหา เอามาเปลี่ยนได้ไหมครับ	ta mi pan ha ao ma plian dai mai khrap	tāˋ mī ban hāˊ au mā blīanˇ dhaiˋ maiˊ krap~	如果有問題，可以拿來換嗎？	engine-auto	
初 4-8	เปลี่ยนไปเปลี่ยนมา	plian pai plian ma	blīanˇ bai blīanˇ mā	變來變去	engine-auto	
初 4-8	เปิด / ปิด	poet / pit	bə̄tˇ / bitˇ	開 / 關	engine-auto	
初 4-8	เปิดบัญชีได้ไหมคะ	poet ban chi dai mai kha	bə̄tˇ bhan chī dhaiˋ maiˊ ka~	可以開戶嗎？	engine-auto	
初 4-8	ช่วยปิดพัดลมหน่อยค่ะ	chuai pit phat lom noi kha	chūayˋ bitˇ pat~ lom nɔ̄iˇ kaˋ	幫我關一下電風扇	derived	
初 4-8	ต้องปิดเครื่อง	tong pit khreuang	dɔ̄ngˋ bitˇ krɯ̄angˋ	在飛機上要關機	engine-auto	
初 4-8	ชัด	chat	chat~	清楚	engine-auto	
初 4-8	รูปถ่ายไม่ชัด	rup tai mai chat	rūpˋ tāiˇ maiˋ chat~	照片不清楚	engine-auto	
初 4-8	เสียงชัดมาก	siang chat mak	sīangˊ chat~ mākˋ	聲音很清楚	engine-auto	
初 4-8	เสียงไม่ชัด	siang mai chat	sīangˊ maiˋ chat~	網路不好，聲音不清楚	engine-auto	
初 4-8	สองแถว	song tae	sɔ̄ngˊ tɛ̄uˊ	雙條車	engine-auto	
初 4-8	นั่งสองแถว	nang song tae	nangˋ sɔ̄ngˊ tɛ̄uˊ	坐雙條車	engine-auto	
初 4-8	รถตู้	rot tu	rot~ dūˋ	麵包車	book-exact	(book-exact已用引擎重新驗證)
初 4-8	เคยนั่งรถตู้ไหมคะ	khoei nang rot tu mai kha	kə̄i nangˋ rot~ dūˋ maiˊ ka~	曾經坐過麵包車嗎？	engine-auto	
初 4-8	รถตุ๊กตุ๊ก	rot tuk tuk	rot~ duk~ duk~	嘟嘟車	engine-auto	
初 4-8	เคยนั่งรถตุ๊กตุ๊กไหมคะ	khoei nang rot tuk tuk mai kha	kə̄i nangˋ rot~ duk~ duk~ maiˊ ka~	曾經坐過嘟嘟車嗎？	engine-auto	
初 4-8	ไม่เคยนั่งตุ๊กตุ๊กค่ะ	mai khoei nang tuk tuk kha	maiˋ kə̄i nangˋ duk~ duk~ kaˋ	沒坐過嘟嘟車	engine-auto	
初 4-8	นั่งกับพื้น	nang kap pheun	nangˋ gapˇ pɯ̄n~	坐在地上	book-exact	(book-exact已用引擎重新驗證)
初 4-8	ชอบนั่งกับพื้นไหมคะ	chop nang kap pheun mai kha	chɔ̄pˋ nangˋ gapˇ pɯ̄n~ maiˊ ka~	喜歡坐在地上嗎？	engine-auto	
初 4-8	นอนหลับ	non lap	nɔ̄n lapˇ	睡著	engine-auto	
初 4-8	เมื่อคืนนอนไม่หลับ	meua kheun non mai lap	mɯ̄aˋ kɯ̄n nɔ̄n maiˋ lapˇ	昨天晚上睡不著	engine-auto	
初 4-8	เมื่อคืนสามทุ่มก็หลับแล้ว	meua kheun sam thum ko lap laeo	mɯ̄aˋ kɯ̄n sāmˊ tumˋ gɔ̄ˋ lapˇ lɛ̄u~	昨天晚上九點就睡著了	engine-auto	
初 4-8	ฝัน	fan	fanˊ	夢 / 做夢	engine-auto	
初 4-8	ผมฝันทุกคืน	phom fan tuk kheun	pomˊ fanˊ tuk~ kɯ̄n	我每天晚上都會做夢	engine-auto	
初 4-8	นอนหลับฝันดีนะ	non lap fan di na	nɔ̄n lapˇ fanˊ dhī na~	祝你好夢 (晚安)	engine-auto	
初 4-8	ฝันดีนะ	fan di na	fanˊ dhī na~	祝你好夢 (簡短版)	engine-auto	
初 4-8	ฝันถึงภาษาไทย	fan teung phasa thai	fanˊ tɯngˊ pā sāˊ tai	夢到泰語	engine-auto	
初 4-8	ตื่นสาย	teun sai	dɯ̄nˇ sāiˊ	起床晚 / 睡過頭	engine-auto	
初 4-8	ช่วงนี้ตื่นสายทุกวัน	chuang ni teun sai tuk wan	chūangˋ nī~ dɯ̄nˇ sāiˊ tuk~ wan	最近每天都睡過頭	engine-auto	
初 4-8	เด็กๆ ไม่ยอมตื่น	dek dek mai yom teun	dhekˇ dhekˇ maiˋ yɔ̄m dɯ̄nˇ	小孩子們不肯起床	engine-auto	
初 4-8	เด็กๆ ไม่ยอมตื่นไปเรียน	dek dek mai yom teun pai rian	dhekˇ dhekˇ maiˋ yɔ̄m dɯ̄nˇ bai rīan	不肯起床去上學	engine-auto	
初 4-8	เราไม่ยอมตื่นไปทำงาน	rao mai yom teun pai tam ngan	rāu maiˋ yɔ̄m dɯ̄nˇ bai tam ngān	我們不肯起床去工作	engine-auto	
初 4-8	ตื่นเต้น	teun ten	dɯ̄nˇ dēnˋ	興奮 / 緊張	engine-auto	
初 4-8	ผมตื่นเต้นมาก ผมไม่กล้าร้องเพลง	phom teun ten mak phom mai kla rong phleng	pomˊ dɯ̄nˇ dēnˋ mākˋ pomˊ maiˋ glāˋ rɔ̄ng~ plēng	我很緊張，不敢唱歌	engine-auto	
初 4-8	ไม่ต้องตื่นเต้นนะ สบายสบาย	mai tong teun ten na sabai sabai	maiˋ dɔ̄ngˋ dɯ̄nˇ dēnˋ na~ saˇ bhāi saˇ bhāi	不要緊張，放輕鬆	engine-auto	
初 4-8	พัก	phak	pak~	休息	book-exact	(book-exact已用引擎重新驗證)
初 4-8	พักเที่ยง	phak thiang	pak~ tīangˋ	午休	engine-auto	
初 4-8	พักกลางวัน	phak klang wan	pak~ glāng wan	午休 (另一說法)	engine-auto	
初 4-8	พักกี่นาที	phak ki na thi	pak~ gīˇ nā tī	休息幾分鐘？	engine-auto	
初 4-8	พักกี่โมงถึงกี่โมง	phak ki mong teung ki mong	pak~ gīˇ mōng tɯngˊ gīˇ mōng	從幾點休息到幾點？	engine-auto	
初 4-8	พักผ่อน	phak phon	pak~ pɔ̄nˇ	休息 / 度假 (時間較長)	engine-auto	
初 4-8	วันหยุดยาวจะไปพักผ่อนที่ไหนดี	wan yut yao cha pai phak phon ti nai di	wan yutˇ yā jaˇ bai pak~ pɔ̄nˇ tīˋ naiˊ dhī	連假要去哪裡度假比較好？	derived	
初 4-8	รอ	ro	rɔ̄	等待	engine-auto	
初 4-8	คุณกำลังรอใครอยู่	khun kamlang ro khrai yu	kun gam lang rɔ̄ krai yūˋ	你在等誰？	engine-auto	
初 4-8	รอสักครูนะคะ เดี๋ยวไปดูให้ค่ะ	ro sak khru na kha diao pai du hai kha	rɔ̄ sakˇ krū na~ ka~ dhīauˊ bai dhū haiˋ kaˋ	請稍等一下，我去看一下	engine-auto	
初 4-8	รอแป๊บนะ ใกล้จะถึงแล้ว	ro paep na klai cha teung laeo	rɔ̄ bɛ̄p~ na~ glaiˋ jaˇ tɯngˊ lɛ̄u~	等一下，快要到了	engine-auto	
初 4-8	แป๊บนะ	paep na	bɛ̄p~ na~	一下子 (常用語)	engine-auto	
初 4-8	เรียก	riak	rīakˋ	叫 / 呼叫	engine-auto	
初 4-8	ช่วยเรียกรถให้หน่อย	chuai riak rot hai noi	chūayˋ rīakˋ rot~ haiˋ nɔ̄iˇ	請幫我叫車	engine-auto	
初 4-8	เรียกฟู้ดแพนด้ามาส่ง	riak fut phaen da ma song	rīakˋ fūt~ pɛ̄n dhāˋ mā songˇ	叫 Foodpanda 來送餐	derived	
初 4-8	ถ่าย	tai	tāiˇ	拍照 / 拍	engine-auto	
初 4-8	เดี๋ยวเดี๋ยว ถ่ายรูปก่อน	diao diao tai rup kon	dhīauˊ dhīauˊ tāiˇ rūpˋ gɔ̄nˇ	等等，先拍照	engine-auto	
初 4-8	ดารากำลังถ่ายละครอยู่	dara kamlang tai la khon yu	dhā rā gam lang tāiˇ la~ kɔ̄n yūˋ	明星正在拍戲	derived	
初 4-8	ช่วยถ่ายเอกสารให้หน่อย	chuai tai ek ka san hai noi	chūayˋ tāiˇ ēkˇ sānˊ haiˋ nɔ̄iˇ	請幫我影印	engine-auto	
初 4-8	เอกสาร	ek ka san	ēkˇ sānˊ	文件	book-exact	(book-exact已用引擎重新驗證)
初 4-8	ถ้าจะเปิดบัญชี ต้องใช้เอกสารอะไรบ้าง	ta cha poet ban chi tong chai ek ka san arai bang	tāˋ jaˇ bə̄tˇ bhan chī dɔ̄ngˋ chai~ ēkˇ sānˊ aˇ rai bhāngˋ	如果要開戶，要用哪些文件？	engine-auto	
初 4-8	จองตั๋วเครื่องบิน	chong tua khreuang bin	jɔ̄ng dūaˊ krɯ̄angˋ bhin	訂機票	engine-auto	
初 4-8	จองตั๋วเครื่องบินหรือยัง	chong tua khreuang bin reu yang	jɔ̄ng dūaˊ krɯ̄angˋ bhin rɯ̄ˊ yang	訂機票了嗎？	engine-auto	
初 4-8	จองไม่ทัน ที่นั่งเต็มแล้ว	chong mai than ti nang tem laeo	jɔ̄ng maiˋ tan tīˋ nangˋ dem lɛ̄u~	來不及訂，位子已經滿了	engine-auto	
初 4-8	จะจองกี่โมงคะ	cha chong ki mong kha	jaˇ jɔ̄ng gīˇ mōng ka~	要訂幾點？	engine-auto	
初 4-8	เพิ่งกินข้าวเสร็จ	pheung kin khao set	pə̄ngˋ gin kāuˋ sretˇ	剛剛吃完飯	engine-auto	
初 4-8	เพิ่งจอดรถเสร็จ	pheung chot rot set	pə̄ngˋ jɔ̄tˇ rot~ sretˇ	剛停完車	engine-auto	
初 4-8	เขาเพิ่งตื่น	khao pheung teun	kāuˊ pə̄ngˋ dɯ̄nˇ	他剛起床	engine-auto	
初 4-8	รีบ	rip	rīpˋ	趕快 / 匆忙	engine-auto	
初 4-8	รีบไปทิ้งขยะ	rip pai ting kha ya	rīpˋ bai ting~ kaˇ yaˇ	趕快去丟垃圾	derived	
初 4-8	ต้องรีบไปหาหมอ	tong rip pai ha mo	dɔ̄ngˋ rīpˋ bai hāˊ mɔ̄ˊ	趕快去看醫生	engine-auto	
初 4-8	ตอนนี้ผมต้องรีบไปทำธุระ	ton ni phom tong rip pai tam tura	dɔ̄n nī~ pomˊ dɔ̄ngˋ rīpˋ bai tam tu~ ra~	我現在要趕去辦點事	engine-auto	
初 4-8	เมื่อคืนนอนดึก ก็เลยตื่นสาย	meua kheun non deuk ko loei teun sai	mɯ̄aˋ kɯ̄n nɔ̄n dhɯkˇ gɔ̄ˋ lə̄i dɯ̄nˇ sāiˊ	昨天晚睡，所以晚起	engine-auto	
初 4-8	เขามาสายบ่อยๆ	khao ma sai boi boi	kāuˊ mā sāiˊ bhɔ̄iˇ bhɔ̄iˇ	他常常遲到	engine-auto	
初 4-8	ของขวัญวันเกิด	khong kwan wan koet	kɔ̄ngˊ kwanˊ wan gə̄tˇ	生日禮物	engine-auto	
初 4-8	ให้ของขวัญวันเกิดพ่อ	hai khong kwan wan koet pho	haiˋ kɔ̄ngˊ kwanˊ wan gə̄tˇ pɔ̄ˋ	給爸爸生日禮物	engine-auto	
初 4-8	ให้ของขวัญวันเกิดแม่	hai khong kwan wan koet mae	haiˋ kɔ̄ngˊ kwanˊ wan gə̄tˇ mɛ̄ˋ	給媽媽生日禮物	engine-auto	
初 4-8	ให้ของขวัญวันเกิดแฟน	hai khong kwan wan koet faen	haiˋ kɔ̄ngˊ kwanˊ wan gə̄tˇ fɛ̄n	給另一半生日禮物	engine-auto	
初 4-8	ข่าว	khao	kāuˇ	新聞 / 消息	engine-auto	
初 4-8	พอตื่นนอนก็เปิดทีวีดูข่าว	pho teun non ko poet ti wi du khao	pɔ̄ dɯ̄nˇ nɔ̄n gɔ̄ˋ bə̄tˇ tī wī dhū kāuˇ	一起床就開電視看新聞	engine-auto	
初 4-8	ฉันมีข่าวดีจะบอกเธอ	chan mi khao di cha bok thoe	chanˊ mī kāˇ dhī jaˇ bhɔ̄kˇ tə̄	我有好消息要告訴你	derived	
初 4-8	มีข่าวดีจะบอก	mi khao di cha bok	mī kāˇ dhī jaˇ bhɔ̄kˇ	有好消息要說	derived	
初 4-8	เดี๋ยวพวกเราสั่งฟู้ดแพนด้ามากินกัน	diao phuak rao sang fut phaen da ma kin kan	dhīauˊ pūakˋ rāu sangˇ fūt~ pɛ̄n dhāˋ mā gin gan	等一下我們叫Foodpanda來一起吃吧	engine-auto	
初 4-8	สั่ง	sang	sangˇ	點餐 / 命令	engine-auto	
初 4-8	หัวหน้าสั่งลูกน้องทำความสะอาด	hua na sang luk nong tam khwam sa at	hūaˊ nāˋ sangˇ lūkˋ nɔ̄ng~ tam kwām saˇ ātˇ	主管命令下屬打掃	engine-auto	
初 4-8	เห็นใจ	hen chai	henˊ jai	同情 / 體諒	engine-auto	
初 4-8	เห็นใจผมหน่อย	hen chai phom noi	henˊ jai pomˊ nɔ̄iˇ	同情我一下	engine-auto	
初 4-8	เห็นใจฉันหน่อย	hen chai chan noi	henˊ jai chanˊ nɔ̄iˇ	體諒我一下	engine-auto	
初 4-8	ไม่ ฉันไม่เห็นใจคุณ	mai chan mai hen chai khun	maiˋ chanˊ maiˋ henˊ jai kun	我不同情你	engine-auto	
初 5-1	พอ...ก็...	pho...ko...	pɔ̄...gɔ̄ˋ...	一...就... (當...)	engine-auto	
初 5-1	พอซื้อเสร็จก็ต้องกินทันที	pho seu set ko tong kin tan ti	pɔ̄ sɯ̄~ sretˇ gɔ̄ˋ dɔ̄ngˋ gin tan tī	一買完就立刻吃	engine-auto	
初 5-1	เห็นใจ	hen chai	henˊ jai	同情 / 體諒	engine-auto	
初 5-1	เห็นใจผมหน่อย	hen chai phom noi	henˊ jai pomˊ nɔ̄iˇ	同情我一下	engine-auto	
初 5-1	เห็นใจฉันหน่อย	hen chai chan noi	henˊ jai chanˊ nɔ̄iˇ	體諒我一下	engine-auto	
初 5-1	ไม่ ฉันไม่เห็นใจคุณ	mai chan mai hen chai khun	maiˋ chanˊ maiˋ henˊ jai kun	我不同情你	engine-auto	
初 5-1	เห็นกับตา	hen kap ta	henˊ gapˇ dā	親眼所見	engine-auto	
初 5-1	ฉันเห็นกับตา เมื่อกี้มีเสือมาจริงๆ	chan hen kap ta meua ki mi seua ma ching ching	chanˊ henˊ gapˇ dā mɯ̄aˋ gīˋ mī sɯ̄aˊ mā jing jing	我親眼看到剛才有老虎來	derived	
初 5-1	คนขี้ลืม	khon ki leu-m	kon kīˋ lɯ̄m	愛忘記的人	engine-auto	
初 5-1	คุณยายเป็นคนขี้ลืม	khun yai pen khon ki leu-m	kun yāi ben kon kīˋ lɯ̄m	外婆是個愛忘記的人	engine-auto	
初 5-1	ตอนออกจากห้องลืมเอากุญแจออกมา	ton ok chak hong leu-m ao kunchae ok ma	dɔ̄n ɔ̄kˇ jākˇ hɔ̄ngˋ lɯ̄m au gun jɛ̄ ɔ̄kˇ mā	離開房間時忘了帶鑰匙	engine-auto	
初 5-1	ตอนออกจากบ้านลืมเอากุญแจออกมา	ton ok chak ban leu-m ao kunchae ok ma	dɔ̄n ɔ̄kˇ jākˇ bhānˋ lɯ̄m au gun jɛ̄ ɔ̄kˇ mā	離開家時忘了帶鑰匙	engine-auto	
初 5-1	ลืมหมดแล้ว	leu-m mot laeo	lɯ̄m motˇ lɛ̄u~	全部忘光了	derived	
初 5-1	น้ำมันหมด	nam man mot	nām~ man motˇ	沒油了	derived	
初 5-1	เวลาหมดแล้ว	we-la mot laeo	wē lā motˇ lɛ̄u~	沒時間了	derived	
初 5-1	พา	pha	pā	帶 / 領	engine-auto	
初 5-1	พาลูกไปเที่ยวสวนสัตว์	pha luk pai thiao suan sat	pā lūkˋ bai tīauˋ sūanˊ satˇ	帶小孩去動物園玩	engine-auto	
初 5-1	พาแฟนไปเที่ยวภาคตะวันออก	pha faen pai thiao pak tawan ok	pā fɛ̄n bai tīauˋ pākˋ daˇ wan ɔ̄kˇ	帶另一半去東部玩	engine-auto	
初 5-1	เติม	teurm	də̄m	填 / 加 / 充值	engine-auto	
初 5-1	จะเติมน้ำซุปไหมคะ	cha teurm nam sup mai kha	jaˇ də̄m nām~ sup~ maiˊ ka~	要加湯嗎？	engine-auto	
初 5-1	ไม่ต้องครับ / ไม่ต้องค่ะ	mai tong khrap / mai tong kha	maiˋ dɔ̄ngˋ krap~ / maiˋ dɔ̄ngˋ kaˋ	不用	engine-auto	
初 5-1	เติมเงิน 500 บาทครับ	teurm ngoen ha roi bat khrap	də̄m ngə̄n 500 bhātˇ krap~	充值 (加錢) 500 泰銖	engine-auto	
初 5-1	เติมเงิน 100 บาทค่ะ	teurm ngoen neung roi bat kha	də̄m ngə̄n 100 bhātˇ kaˋ	充值 100 泰銖	engine-auto	
初 5-1	95 เติมเต็ม	kao ha teurm tem	95 də̄m dem	95 (無鉛汽油) 加滿	engine-auto	
初 5-1	ขยะเต็มถัง	kha ya tem tang	kaˇ yaˇ dem tangˊ	垃圾滿桶	derived	
初 5-1	คนเต็มร้าน	khon tem ran	kon dem rān~	餐廳客滿	engine-auto	
初 5-1	เก่าแล้วแต่ไม่ยอมทิ้ง	kao laeo tae mai yom ting	gāuˇ lɛ̄u~ dɛ̄ˇ maiˋ yɔ̄m ting~	舊了但不肯丟	engine-auto	
初 5-1	ยังใช้ได้ ทิ้งทำไม	yang chai dai ting tammai	yang chai~ dhaiˋ ting~ tam mai	還能用，為什麼要丟？	engine-auto	
初 5-1	ถูกแฟนทิ้ง	thuk faen ting	tūkˇ fɛ̄n ting~	被另一半甩了 (被丟)	engine-auto	
初 5-1	ตั้งแต่...	tang tae	dangˋ dɛ̄ˇ...	自從...	engine-auto	
初 5-1	ตั้งแต่เลี้ยงแมว ฉันก็ไปไหนไม่ได้	tang tae liang maeo chan ko pai nai mai dai	dangˋ dɛ̄ˇ līang~ mɛ̄u chanˊ gɔ̄ˋ bai naiˊ maiˋ dhaiˋ	自從養了貓以後，我哪裡都不能去	engine-auto	
初 5-1	ตลอดไป / ตลอดชีวิต	talot pai / talot chiwit	daˇ lɔ̄tˋ bai / daˇ lɔ̄tˋ chī wit~	永遠 / 一輩子	derived	
初 5-1	ผมจะรักคุณคนเดียวตลอดไป	phom cha rak khun khon diao talot pai	pomˊ jaˇ rak~ kun kon dhīau daˇ lɔ̄tˋ bai	我會永遠只愛你一個人	derived	
初 5-1	นางเอก	nang ek	nāng ēkˇ	女主角	engine-auto	
初 5-1	พระเอก	phra ek	pra~ ēkˇ	男主角	book-exact	(book-exact已用引擎重新驗證)
初 5-1	เชื่อ	cheua	chɯ̄aˋ	相信	engine-auto	
初 5-1	ฉันไม่เชื่อคุณ	chan mai cheua khun	chanˊ maiˋ chɯ̄aˋ kun	我不相信你	engine-auto	
初 5-1	ตอนเช้า	ton chao	dɔ̄n chāu~	早上	engine-auto	
初 5-1	ตอนบ่าย	ton bai	dɔ̄n bhāiˇ	下午	engine-auto	
初 5-1	ตอนนี้	ton ni	dɔ̄n nī~	現在	engine-auto	
初 5-1	ตอนไหน	ton nai	dɔ̄n naiˊ	什麼時候	engine-auto	
初 5-1	ตอนกินข้าว	ton kin khao	dɔ̄n gin kāuˋ	吃飯的時候	engine-auto	
初 5-1	ตอนเด็ก	ton dek	dɔ̄n dhekˇ	小時候	engine-auto	
初 5-1	ขอถามหน่อย คุณว่างช่วงไหน	kho tam noi khun wang chuang nai	kɔ̄ˊ tāmˊ nɔ̄iˇ kun wāngˋ chūangˋ naiˊ	請問你哪段時間有空？	engine-auto	
初 5-1	ส่วนใหญ่ฉันว่างช่วงบ่ายโมงถึงบ่ายสามโมง	suan yai chan wang chuang bai mong teung bai sam mong	sūanˇ yaiˇ chanˊ wāngˋ chūangˋ bhāiˇ mōng tɯngˊ bhāiˇ sāmˊ mōng	大部分我下午一點到三點有空	engine-auto	
初 5-1	ฉันว่างช่วงบ่าย	chan wang chuang bai	chanˊ wāngˋ chūangˋ bhāiˇ	我下午有空	engine-auto	
初 5-1	ช่วงนี้เขาไม่ยอมไปทำงาน	chuang ni khao mai yom pai tam ngan	chūangˋ nī~ kāuˊ maiˋ yɔ̄m bai tam ngān	最近他不肯去上班	engine-auto	
初 5-1	ช่วงตรุษจีน หยุดเรียนสามอาทิตย์	chuang trut chin yut rian sam athit	chūangˋ drutˇ jīn yutˇ rīan sāmˊ ā tit~	春節期間我們放假三週	engine-auto	
初 5-1	ก่อน	kon	gɔ̄nˇ	在...之前 / 先	book-exact	(book-exact已用引擎重新驗證)
初 5-1	ก่อนไป	kon pai	gɔ̄nˇ bai	去之前	engine-auto	
初 5-1	สามปีก่อน	sam pi kon	sāmˊ bī gɔ̄nˇ	三年前	engine-auto	
初 5-1	สองเดือนก่อน	song deuan kon	sɔ̄ngˊ dhɯ̄an gɔ̄nˇ	兩個月前	engine-auto	
初 5-1	เมื่อก่อน	meua kon	mɯ̄aˋ gɔ̄nˇ	以前	book-exact	(book-exact已用引擎重新驗證)
初 5-1	เมื่อก่อนเขาเห็นแก่ตัวมาก	meua kon khao hen kae tua mak	mɯ̄aˋ gɔ̄nˇ kāuˊ henˊ gɛ̄ˇ dūa mākˋ	以前他很自私	engine-auto	
初 5-1	เมื่อก่อนอินเทอร์เน็ตแพงมาก ตอนนี้ถูกลง	meua kon in toe net phaeng mak ton ni tuk long	mɯ̄aˋ gɔ̄nˇ in tə̄ net~ pɛ̄ng mākˋ dɔ̄n nī~ tūkˇ long	以前網路很貴，但現在變便宜了	engine-auto	
初 5-1	เดี๋ยวผมต้องพาแม่ไปหาหมอ ผมขอตัวก่อนนะ	diao phom tong pha mae pai ha mo phom kho tua kon na	dhīauˊ pomˊ dɔ̄ngˋ pā mɛ̄ˋ bai hāˊ mɔ̄ˊ pomˊ kɔ̄ˊ dūa gɔ̄nˇ na~	等一下我要帶媽媽去看醫生，我先告辭了	engine-auto	
初 5-1	ขอคิดดูก่อน	kho kit du kon	kɔ̄ˊ kit~ dhū gɔ̄nˇ	先考慮看看	engine-auto	
初 5-1	ไปกัมพูชากันไหม	pai kam phu cha kan mai	bai gam pū chā gan maiˊ	要一起去柬埔寨嗎？	engine-auto	
初 5-1	เมื่อกี้เธอพูดอะไร	meua ki thoe phut arai	mɯ̄aˋ gīˋ tə̄ pūtˋ aˇ rai	你剛才在說什麼？	engine-auto	
初 5-1	ผมเพิ่งทิ้งไปเมื่อกี้เอง	phom pheung ting pai meua ki eng	pomˊ pə̄ngˋ ting~ bai mɯ̄aˋ gīˋ ēng	我剛才把它丟掉了	engine-auto	
初 5-1	หลัง	lang	langˊ	在...之後 / 後面	engine-auto	
初 5-1	ยาหลังอาหาร	ya lang a han	yā langˊ ā hānˊ	飯後藥	engine-auto	
初 5-1	หลังเที่ยงคืนไม่ขายเหล้า	lang thiang kheun mai khai lao	langˊ tīangˋ kɯ̄n maiˋ kāiˊ lāuˋ	半夜後 7-11 不賣酒	engine-auto	
初 5-1	หลังจากเรียนภาษาไทยก็ไปเมืองไทยทำธุรกิจ	lang chak rian phasa thai ko pai meuang thai tam tu ra kit	langˊ jākˇ rīan pā sāˊ tai gɔ̄ˋ bai mɯ̄ang tai tam tun gitˇ	學完泰文後去泰國做生意	engine-auto	
初 5-1	คุณเลี้ยงสัตว์อะไรบ้าง	khun liang sat arai bang	kun līang~ satˇ aˇ rai bhāngˋ	你養哪些動物？	engine-auto	
初 5-1	คุณเลี้ยงหมากี่ตัว	khun liang ma ki tua	kun līang~ māˊ gīˇ dūa	你養幾隻狗？	engine-auto	
初 5-1	พระเอกหล่อมาก	phra ek lo mak	pra~ ēkˇ lɔ̄ˇ mākˋ	男主角很帥	engine-auto	
初 5-1	ไม่รู้จัก	mai ru chak	maiˋ rū~ jakˇ	不知道 / 不認識	engine-auto	
初 5-1	นางเอกสวยมาก	nang ek suai mak	nāng ēkˇ sūayˊ mākˋ	女主角很美	engine-auto	
初 5-1	ตัวร้ายร้ายมากๆ	tua rai rai mak mak	dūa rāi~ rāi~ mākˋ mākˋ	那個反派角色非常壞	engine-auto	
初 5-1	แฟนมีต	faen mit		粉絲 / 粉絲見面會	unresolved	英文外來語/正式縮寫/原始資料異常，見全課-仍不確定清單.tsv
初 5-1	แฟนมีตวันที่เท่าไหร่	faen mit wan thi thao rai		粉絲見面會是幾號？	unresolved	英文外來語/正式縮寫/原始資料異常，見全課-仍不確定清單.tsv
初 5-1	แฟนมีตที่ไต้หวันวันที่ 30	faen mit thi tai wan wan thi sam sip		台灣的粉絲見面會在30號	unresolved	英文外來語/正式縮寫/原始資料異常，見全課-仍不確定清單.tsv
初 5-1	แฟนมีตที่ไต้หวันสนุกมาก	faen mit thi tai wan sanuk mak		台灣的粉絲見面會很有趣	unresolved	英文外來語/正式縮寫/原始資料異常，見全課-仍不確定清單.tsv
初 5-1	FC	FC	FC	粉絲	engine-auto	
初 5-1	ผู้จัดการดารา	phu chat kan dara	pūˋ jatˇ gān dhā rā	明星的經紀人	engine-auto	
初 5-1	ผู้จัดการนักร้อง	phu chat kan nak rong	pūˋ jatˇ gān nak~ rɔ̄ng~	歌手的經紀人	engine-auto	
初 5-1	ผู้จัดการ	phu chat kan	pūˋ jatˇ gān	經理 / 主管	engine-auto	
初 5-1	ผู้จัดการอยู่ไหม	phu chat kan yu mai	pūˋ jatˇ gān yūˋ maiˊ	經理在嗎？	engine-auto	
初 5-1	ช่วยเรียกผู้จัดการให้หน่อย	chuai riak phu chat kan hai noi	chūayˋ rīakˋ pūˋ jatˇ gān haiˋ nɔ̄iˇ	請幫我叫一下經理	engine-auto	
初 5-1	ช่อง	chong	chɔ̄ngˋ	頻道 / 台	engine-auto	
初 5-1	คุณชอบดูช่องอะไร / คุณชอบดูช่องไหน	khun chop du chong arai / khun chop du chong nai	kun chɔ̄pˋ dhū chɔ̄ngˋ aˇ rai / kun chɔ̄pˋ dhū chɔ̄ngˋ naiˊ	你喜歡看哪一台？	engine-auto	
初 5-1	ซีรีส์ช่องไหนสนุก / ละครช่องไหนสนุก	siri chong nai sanuk / la khon chong nai sanuk	sī rī chɔ̄ngˋ naiˊ saˇ nuk~ / la~ kɔ̄n chɔ̄ngˋ naiˊ saˇ nuk~	哪一台的影集/連續劇好看？	derived	
初 5-1	เดี๋ยวนี้	diao ni	dhīauˊ nī~	現在 / 馬上 (放句尾)	engine-auto	
初 5-1	ไปเดี๋ยวนี้	pai diao ni	bai dhīauˊ nī~	立刻去	engine-auto	
初 5-1	เดี๋ยวนี้	diao ni	dhīauˊ nī~	現在 / 這些日子 (放句首)	engine-auto	
初 5-1	เดี๋ยวนี้อยู่ไต้หวัน	diao ni yu tai wan	dhīauˊ nī~ yūˋ daiˋ wanˊ	現在住在台灣	engine-auto	
初 5-1	ตอนนี้	ton ni	dɔ̄n nī~	現在 (當下那個時間)	engine-auto	
初 5-1	ตอนนี้อยู่ไต้หวัน	ton ni yu tai wan	dɔ̄n nī~ yūˋ daiˋ wanˊ	現在住在台灣	engine-auto	
初 5-1	ตอนนี้ฝนตก / ตอนนี้ฝนกำลังตก	ton ni fon tok / ton ni fon kamlang tok	dɔ̄n nī~ fonˊ dokˇ / dɔ̄n nī~ fonˊ gam lang dokˇ	現在正在下雨	derived	
初 5-1	เรียกผู้จัดการออกมาหน่อย	riak phu chat kan ok ma noi	rīakˋ pūˋ jatˇ gān ɔ̄kˇ mā nɔ̄iˇ	叫經理出來一下	engine-auto	
初 5-1	คิดว่า	kit wa	kit~ wāˋ	覺得 / 認為	engine-auto	
初 5-1	ตัวเอง	tua eng	dūa ēng	自己	engine-auto	
初 5-1	รวย	ruai	rūay	富有 / 有錢	engine-auto	
初 5-1	คิดว่าตัวเองรวย	kit wa tua eng ruai	kit~ wāˋ dūa ēng rūay	認為自己很有錢	engine-auto	
初 5-1	...เลย	...loei	...lə̄i	一點也不... (用於強調)	engine-auto	
初 5-1	ไม่ม่ฮ้วนเลย	mai uan loei		一點也不胖	unresolved	英文外來語/正式縮寫/原始資料異常，見全課-仍不確定清單.tsv
初 5-1	กินเลย ไม่ต้องเกรงใจ	kin loei mai tong kreng chai	gin lə̄i maiˋ dɔ̄ngˋ grēng jai	吃吧！不要客氣	engine-auto	
初 5-1	ฉันคิดว่าคุณไม่อ้วนเลย	chan kit wa khun mai uan loei	chanˊ kit~ wāˋ kun maiˋ ūanˋ lə̄i	我覺得你一點也不胖	engine-auto	
初 5-1	คิดว่าตัวเองเก่ง	kit wa tua eng keng	kit~ wāˋ dūa ēng gēngˇ	認為自己很厲害	engine-auto	
初 5-1	คุณคิดว่ายังไง	khun kit wa yang ngai	kun kit~ wāˋ yang ngai	你覺得呢？	engine-auto	
初 5-1	ยังไม่แก่หรอก	yang mai kae rok	yang maiˋ gɛ̄ˇ rɔ̄kˇ	還沒老啦	book-exact	(book-exact已用引擎重新驗證)
初 5-1	ฉันแก่แล้ว	chan kae laeo	chanˊ gɛ̄ˇ lɛ̄u~	我老了	engine-auto	
初 5-1	ผักแก่ ไม่อร่อย	phak kae mai a-roi	pakˇ gɛ̄ˇ maiˋ aˇ rɔ̄iˋ	菜很老，不好吃	engine-auto	
初 5-1	เกินไป	koern pai	gə̄n bai	太過於...	engine-auto	
初 5-1	เผ็ดเกินไป	phet koern pai	petˇ gə̄n bai	太辣了	engine-auto	
初 5-1	หวานเกินไป	wan koern pai	wānˊ gə̄n bai	太甜了	engine-auto	
初 5-1	แพงเกินไป	phaeng koern pai	pɛ̄ng gə̄n bai	太貴了	engine-auto	
初 5-1	แพงเกินไป ถูกหน่อยได้ไหม	phaeng koern pai tuk noi dai mai	pɛ̄ng gə̄n bai tūkˇ nɔ̄iˇ dhaiˋ maiˊ	太貴了，可以便宜一點嗎？	engine-auto	
初 5-1	พูดมากเกินไปแล้วนะ	phut mak koern pai laeo na	pūtˋ mākˋ gə̄n bai lɛ̄u~ na~	說太多了喔	book-exact	(book-exact已用引擎重新驗證)
初 5-1	...ไปหน่อย	...pai noi	...bai nɔ̄iˇ	有點... / ...了一點	engine-auto	
初 5-1	เค็มไปหน่อย	khem pai noi	kem bai nɔ̄iˇ	有點太鹹了	engine-auto	
初 5-1	อ้วนไปหน่อย	uan pai noi	ūanˋ bai nɔ̄iˇ	最近變胖了一點	engine-auto	
初 5-1	แก่ไปหน่อย	kae pai noi	gɛ̄ˇ bai nɔ̄iˇ	變老了一點	engine-auto	
初 5-1	เปรี้ยวไปหน่อย	priao pai noi	brīauˋ bai nɔ̄iˇ	有點太酸了	engine-auto	
初 5-1	รถไฟความเร็วสูง	rot fai khwam reo sung	rot~ fai kwām rew sūngˊ	高鐵	engine-auto	
初 5-1	เร็ว	reo	rew	快	engine-auto	
初 5-1	สูง	sung	sūngˊ	高	engine-auto	
初 5-1	นั่งรถไฟความเร็วสูงไปเกาสง	nang rot fai khwam reo sung pai kao song	nangˋ rot~ fai kwām rew sūngˊ bai gāu songˊ	坐高鐵去高雄	derived	
初 5-1	จน	chon	jon	窮	book-exact	(book-exact已用引擎重新驗證)
初 5-1	คนจน	khon chon	kon jon	窮人	derived	
初 5-1	คนรวย / คนมีเงิน	khon ruai / khon mi ngoen	kon rūay / kon mī ngə̄n	有錢人	engine-auto	
初 5-1	เศรษฐี	set thi	srētˇ tīˊ	富翁	engine-auto	
初 5-1	มหาเศรษฐี	maha set thi	ma~ hāˊ srētˇ tīˊ	大富翁	derived	
初 5-1	มหาวิทยาลัย	mahawittayalai	ma~ hāˊ wi~ ta~ yā lai	大學	derived	
初 5-1	มหากษัตริย์	mahakasat	ma~ hāˊ gaˇ satˇ ri~	國王	derived	
初 5-1	มหาสมุทร	mahasamut	ma~ hāˊ saˇ mut~	大海 / 洋	derived	
初 5-1	ทำอย่างไรให้รวย	tam yang ngai hai ruai	tam yāngˋ rai haiˋ rūay	如何變有錢？	engine-auto	
初 5-1	ทำธุรกิจส่วนตัว	tam tu-ra-kit suan tua	tam tun gitˇ sūanˇ dūa	做個人生意 (私人的)	engine-auto	
初 5-1	ของใช้ส่วนตัว	khong chai suan tua	kɔ̄ngˊ chai~ sūanˇ dūa	私人物品	engine-auto	
初 5-1	ขอหวย	kho huai	kɔ̄ˊ hūayˊ	買彩券 / 賭博	derived	
初 5-1	เล่นหุ้น	len hun	lēnˋ hunˋ	玩股票	engine-auto	
初 5-1	ขอให้รวยๆ	kho hai ruai ruai	kɔ̄ˊ haiˋ rūay rūay	祝你大發財	book-exact	(book-exact已用引擎重新驗證)
初 5-1	เมื่อก่อนรวย เดี๋ยวนี้จน	meua kon ruai diao ni chon	mɯ̄aˋ gɔ̄nˇ rūay dhīauˊ nī~ jon	以前有錢，現在窮	derived	
初 5-1	รวยแต่แก่	ruai tae kae	rūay dɛ̄ˇ gɛ̄ˇ	有錢但老了	engine-auto	
初 5-1	หล่อแต่จน	lo tae chon	lɔ̄ˇ dɛ̄ˇ jon	帥但是窮	derived	
初 5-1	คนจนเล่นหวย คนรวยเล่นหุ้น	khon chon len huai khon ruai len hun	kon jon lēnˋ hūayˊ kon rūay lēnˋ hunˋ	窮人買彩券，有錢人玩股票	book-exact	(book-exact已用引擎重新驗證)
初 5-1	ต่ำ	tam	damˇ	低 / 矮	engine-auto	
初 5-1	สูง	sung	sūngˊ	高	engine-auto	
初 5-1	ไทเป 101 สูงกี่ชั้นคะ	tai-pe neung sun neung sung ki chan kha	tai bē 101 sūngˊ gīˇ chan~ ka~	台北101有幾層樓高？	engine-auto	
初 5-1	คุณสูงเท่าไหร่	khun sung thao rai	kun sūngˊ tāuˋ raiˇ	你多高？	engine-auto	
初 5-1	160 เซน	roi hok sip sen	160 sēn	160公分	engine-auto	
初 5-1	คะแนน	kha-naen	ka~ nɛ̄n	分數	engine-auto	
初 5-1	ได้คะแนนสูง	dai kha-naen sung	dhaiˋ ka~ nɛ̄n sūngˊ	得高分	engine-auto	
初 5-1	ได้คะแนนต่ำ	dai kha-naen tam	dhaiˋ ka~ nɛ̄n damˇ	他得低分	engine-auto	
初 5-1	20 คะแนน	yi sip kha-naen	20 ka~ nɛ̄n	20分	engine-auto	
初 5-1	ราคาสูง	ra-kha sung	rā kā sūngˊ	價格高	engine-auto	
初 5-1	ฉันคิดว่าราคานี้สูงไปหน่อย	chan kit wa ra-kha ni sung pai noi	chanˊ kit~ wāˋ rā kā nī~ sūngˊ bai nɔ̄iˇ	我覺得這個價格高了一點	engine-auto	
初 5-1	IQ สูง	IQ sung	IQ sūngˊ	IQ 高	engine-auto	
初 5-1	IQ ต่ำ	IQ tam	IQ damˇ	IQ 低	engine-auto	
初 5-1	EQ สูง	EQ sung	EQ sūngˊ	EQ 高	engine-auto	
初 5-1	EQ ต่ำ	EQ tam	EQ damˇ	EQ 低	engine-auto	
初 5-1	เร็ว	reo	rew	快	engine-auto	
初 5-1	ช้า	cha	chā~	慢	book-exact	(book-exact已用引擎重新驗證)
初 5-1	ขับรถเร็ว / ขับรถช้า	khap rot reo / khap rot cha	kapˇ rot~ rew / kapˇ rot~ chā~	開車快 / 開車慢	engine-auto	
初 5-1	แท็กซี่เมืองไทยขับรถเร็ว	taek-si meuang thai khap rot reo	tɛk~ sīˋ mɯ̄ang tai kapˇ rot~ rew	泰國計程車開很快	engine-auto	
初 5-1	ขับรถเร็วเกินไป	khap rot reo koern pai	kapˇ rot~ rew gə̄n bai	開太快了	engine-auto	
初 5-1	เวลาผ่านไปเร็ว	we-la phan pai reo	wē lā pānˇ bai rew	時間過得很快	engine-auto	
初 5-1	นอนดึกแก่เร็ว	non deuk kae reo	nɔ̄n dhɯkˇ gɛ̄ˇ rew	晚睡老得快	engine-auto	
初 5-1	พูดช้าๆ หน่อยได้ไหมคะ	phut cha cha noi dai mai kha	pūtˋ chā~ chā~ nɔ̄iˇ dhaiˋ maiˊ ka~	請說慢一點可以嗎？	engine-auto	
初 5-1	แต่งงานเร็ว	taeng ngan reo	dɛ̄ngˇ ngān rew	早婚 / 快婚	book-exact	(book-exact已用引擎重新驗證)
初 5-1	แต่งงานช้า	taeng ngan cha	dɛ̄ngˇ ngān chā~	晚婚	engine-auto	
初 5-1	มาเร็ว	ma reo	mā rew	早到	engine-auto	
初 5-1	มาช้า	ma cha	mā chā~	晚到	engine-auto	
初 5-1	แก่แล้วเหนื่อยง่าย	kae laeo neua-i ngai	gɛ̄ˇ lɛ̄u~ nɯ̄aiˇ ngāiˋ	老了容易累	engine-auto	
初 5-1	ง่าย	ngai	ngāiˋ	容易 / 簡單	engine-auto	
初 5-1	ยาก	yak	yākˋ	難	engine-auto	
初 5-1	ภาษาไทยง่ายไหม	phasa thai ngai mai	pā sāˊ tai ngāiˋ maiˊ	泰文簡單嗎？	engine-auto	
初 5-1	แก่แล้วไม่มีอะไรดี	kae laeo mai mi arai di	gɛ̄ˇ lɛ̄u~ maiˋ mī aˇ rai dhī	老了沒什麼好的	book-exact	(book-exact已用引擎重新驗證)
初 5-1	พวกเรายังไม่แก่	phuak rao yang mai kae	pūakˋ rāu yang maiˋ gɛ̄ˇ	我們還沒老	engine-auto	
初 5-1	กินข้าวไม่ตรงเวลาแก่ง่าย	kin khao mai trong we-la kae ngai	gin kāuˋ maiˋ drong wē lā gɛ̄ˇ ngāiˋ	飲食不正常老得快	engine-auto	
初 5-1	ไม่ยาวกกำลังกาย	mai ok kam-lang kai		不運動	unresolved	英文外來語/正式縮寫/原始資料異常，見全課-仍不確定清單.tsv
初 5-1	ออกกำลังกาย	ok kam-lang kai	ɔ̄kˇ gam lang gāi	運動	engine-auto	
初 5-1	ชอบออกกำลังกายไหมคะ	chop ok kam-lang kai mai kha	chɔ̄pˋ ɔ̄kˇ gam lang gāi maiˊ ka~	喜歡運動嗎？	engine-auto	
初 5-1	ต้องออกกำลังกายบ่อยๆ / ออกกำลังกายทุกวัน	tong ok kam-lang kai boi boi / ok kam-lang kai tuk wan	dɔ̄ngˋ ɔ̄kˇ gam lang gāi bhɔ̄iˇ bhɔ̄iˇ / ɔ̄kˇ gam lang gāi tuk~ wan	要常常運動 / 每天運動	engine-auto	
初 5-1	ถ้าไม่ออกกำลังกายแก่ง่าย	ta mai ok kam-lang kai kae ngai	tāˋ maiˋ ɔ̄kˇ gam lang gāi gɛ̄ˇ ngāiˋ	如果不運動老得快	engine-auto	
初 5-1	เตี้ย	tia	dīaˋ	矮	engine-auto	
初 5-1	ต่ำ	tam	damˇ	矮 / 低	engine-auto	
初 5-1	สูง	sung	sūngˊ	高	engine-auto	
初 5-1	คนไทยส่วนใหญ่เตี้ยกว่าฝรั่ง	khon thai suan yai tia kwa farang	kon tai sūanˇ yaiˇ dīaˋ gwāˇ faˇ rangˋ	泰國人大部分比外國人矮	book-exact	(book-exact已用引擎重新驗證)
初 5-1	ฉันเตี้ยกว่าเขา	chan tia kwa khao	chanˊ dīaˋ gwāˇ kāuˊ	我比他矮	engine-auto	
初 5-1	เขาเตี้ยกว่าฉัน	khao tia kwa chan	kāuˊ dīaˋ gwāˇ chanˊ	他比我矮	engine-auto	
初 5-1	ผอม / ผอมลง	phom / phom long	pɔ̄mˊ / pɔ̄mˊ long	瘦 / 瘦下來	engine-auto	
初 5-1	อ้วนขึ้น	uan kheun	ūanˋ kɯnˋ	變胖	engine-auto	
初 5-1	คุณผอมลงหรืออ้วนขึ้น	khun phom long reu uan kheun	kun pɔ̄mˊ long rɯ̄ˊ ūanˋ kɯnˋ	你變瘦了還是變胖了？	engine-auto	
初 5-1	อ้วนขึ้นกี่กิโล	uan kheun ki kilo	ūanˋ kɯnˋ gīˇ giˇ lō	胖了幾公斤？	engine-auto	
初 5-1	อ้วนขึ้น 4 กิโล	uan kheun si kilo	ūanˋ kɯnˋ 4 giˇ lō	胖了 4 公斤	engine-auto	
初 5-1	อ้วนขึ้น 2 กิโล	uan kheun song kilo	ūanˋ kɯnˋ 2 giˇ lō	老師胖了 2 公斤	engine-auto	
初 5-1	ผอมลงทำยาก	phom long tam yak	pɔ̄mˊ long tam yākˋ	要瘦下來很難	engine-auto	
初 5-1	อยากผอม อยากหุ่นดี	yak phom yak hun di	yākˋ pɔ̄mˊ yākˋ hunˇ dhī	想瘦 / 想身材好	book-exact	(book-exact已用引擎重新驗證)
初 5-1	อยากผอม อยากหุ่นดีไหมคะ	yak phom yak hun di mai kha	yākˋ pɔ̄mˊ yākˋ hunˇ dhī maiˊ ka~	你想變瘦、想身材好嗎？	engine-auto	
初 5-1	ฉันหุ่นดีแล้ว	chan hun di laeo	chanˊ hunˇ dhī lɛ̄u~	我身材已經很好了	engine-auto	
初 5-1	คิดว่าตัวเองหุ่นดี	kit wa tua eng hun di	kit~ wāˋ dūa ēng hunˇ dhī	認為自己身材很好	engine-auto	
初 5-1	ทั้งเตี้ยทั้งอ้วน	tang tia tang uan	tang~ dīaˋ tang~ ūanˋ	又矮又胖	book-exact	(book-exact已用引擎重新驗證)
初 5-1	ทั้งเผ็ดทั้งอร่อย	tang phet tang a roi	tang~ petˇ tang~ aˇ rɔ̄iˋ	又辣又好吃	engine-auto	
初 5-1	ทั้งรวยทั้งสวย	tang ruai tang suai	tang~ rūay tang~ sūayˊ	又有錢又漂亮	engine-auto	
初 5-1	วิธีลดความอ้วน	witi lot khwam uan	wi~ tī lot~ kwām ūanˋ	減肥的方法	book-exact	(book-exact已用引擎重新驗證)
初 5-1	วิธีทำอาหาร	witi tam a han	wi~ tī tam ā hānˊ	烹飪的方法	engine-auto	
初 5-1	วิธีที่หนึ่ง	witi thi neung	wi~ tī tīˋ nɯngˇ	第一個方法	engine-auto	
初 5-1	วิธีที่สอง	witi thi song	wi~ tī tīˋ sɔ̄ngˊ	第二個方法	engine-auto	
初 5-1	เต้นแอโรบิก	ten ae ro bik	dēnˋ ɛ̄ rō bhikˇ	跳有氧舞蹈	engine-auto	
初 5-1	เล่นโยคะ	len yo kha	lēnˋ yō ka~	做瑜珈	engine-auto	
初 5-1	เล่นโยคะทำให้แข็งแรง	len yo kha tam hai khaeng raeng	lēnˋ yō ka~ tam haiˋ kɛngˊ rɛ̄ng	做瑜珈會讓身體強壯	engine-auto	
初 5-1	ไปฟิตเนส	pai fit net	bai fit~ nētˋ	去健身房	book-exact	(book-exact已用引擎重新驗證)
初 5-1	กินอาหารไขมันต่ำ	kin a han khai man tam	gin ā hānˊ kaiˊ man damˇ	吃低脂食物	engine-auto	
初 5-1	กินแต่ผักลวกไข่ต้ม	kin tae phak luak khai tom	gin dɛ̄ˇ pakˇ lūakˋ kaiˇ domˋ	只吃燙青菜跟水煮蛋	book-exact	(book-exact已用引擎重新驗證)
初 5-2	2 ทุ่มครึ่ง	Song Thum Khrueng	2 tumˋ krɯngˋ	8點半了	engine-auto	
初 5-2	ตรงเวลา	Trong Wela	drong wē lā	準時	engine-auto	
初 5-2	ฉันคิดว่าเขาไม่รักคุณ	Chan Khit Wa Khao Mai Rak Khun	chanˊ kit~ wāˋ kāuˊ maiˋ rak~ kun	我認為他不愛你	engine-auto	
初 5-2	ฉันคิดว่าเขาเป็นมหาเศรษฐี	Chan Khit Wa Khao Pen Maha Setthi	chanˊ kit~ wāˋ kāuˊ ben ma~ hāˊ srētˇ tīˊ	我認為他是大富翁	derived	
初 5-2	มหาเศรษฐี	Maha Setthi	ma~ hāˊ srētˇ tīˊ	大富翁	derived	
初 5-2	ผมคิดว่าเรื่องนี้เชื่อไม่ได้	Phom Khit Wa Rueang Ni Chuea Mai Dai	pomˊ kit~ wāˋ rɯ̄angˋ nī~ chɯ̄aˋ maiˋ dhaiˋ	我認為這件事不可信（男）	engine-auto	
初 5-2	ฉันคิดว่าเรื่องนี้เชื่อไม่ได้	Chan Khit Wa Rueang Ni Chuea Mai Dai	chanˊ kit~ wāˋ rɯ̄angˋ nī~ chɯ̄aˋ maiˋ dhaiˋ	我認為這件事不可信（女）	engine-auto	
初 5-2	แพงเกินไป	Phaeng Koen Pai	pɛ̄ng gə̄n bai	太貴了	engine-auto	
初 5-2	แพงเกิน	Phaeng Koen	pɛ̄ng gə̄n	太貴了（省略）	engine-auto	
初 5-2	แพงไป	Phaeng Pai	pɛ̄ng bai	太貴了（省略）	engine-auto	
初 5-2	ถูกหน่อยได้ไหมคะ	Thuk Noi Dai Mai Kha	tūkˇ nɔ̄iˇ dhaiˋ maiˊ ka~	可以便宜一點嗎	engine-auto	
初 5-2	คุณพูดเร็วเกินไป	Khun Phut Reo Koen Pai	kun pūtˋ rew gə̄n bai	你說太快了	engine-auto	
初 5-2	ผมฟังไม่ทัน	Phom Fang Mai Than	pomˊ fang maiˋ tan	我聽不進去 / 跟不上（男）	engine-auto	
初 5-2	ฉันฟังไม่ทัน	Chan Fang Mai Than	chanˊ fang maiˋ tan	我聽不進去 / 跟不上（女）	engine-auto	
初 5-2	คุณพูดเร็วไป	Khun Phut Reo Pai	kun pūtˋ rew bai	你說太快了	engine-auto	
初 5-2	คุณพูดเร็วเกิน	Khun Phut Reo Koen	kun pūtˋ rew gə̄n	你說太快了	engine-auto	
初 5-2	บะหมี่	Ba Mi	bhaˇ mīˇ	麵	engine-auto	
初 5-2	เกี๊ยว	Kiao	gīau~	餛飩	engine-auto	
初 5-2	เยอะเกินไป	Yoe Koen Pai	yə~ gə̄n bai	太多了	engine-auto	
初 5-2	ฉันกินไม่หมด	Chan Kin Mai Mot	chanˊ gin maiˋ motˇ	我吃不完	derived	
初 5-2	ลืมหมดแล้ว	Luem Mot Laeo	lɯ̄m motˇ lɛ̄u~	忘光了	derived	
初 5-2	ผมกินไม่หมด	Phom Kin Mai Mot	pomˊ gin maiˋ motˇ	我吃不完（男）	derived	
初 5-2	ไปหน่อย	Pai Noi	bai nɔ̄iˇ	...了一點	engine-auto	
初 5-2	เร็วไปหน่อย	Reo Pai Noi	rew bai nɔ̄iˇ	快了一點	engine-auto	
初 5-2	ช้าไปหน่อย	Cha Pai Noi	chā~ bai nɔ̄iˇ	慢了一點	engine-auto	
初 5-2	หนักไปหน่อย	Nak Pai Noi	nakˇ bai nɔ̄iˇ	重了一點	engine-auto	
初 5-2	เบาไปหน่อย	Bao Pai Noi	bhāu bai nɔ̄iˇ	輕了一點	engine-auto	
初 5-2	มะพร้าวลูกละ 45 บาท	Ma Phrao Luk La Si Sip Ha Bat	ma~ prāu~ lūkˋ la~ 45 bhātˇ	椰子一顆45泰銖	engine-auto	
初 5-2	ฉันคิดว่าราคานี้แพงไปหน่อย	Chan Khit Wa Rakha Ni Phaeng Pai Noi	chanˊ kit~ wāˋ rā kā nī~ pɛ̄ng bai nɔ̄iˇ	我認為這個價格貴了一點（女）	engine-auto	
初 5-2	ผมคิดว่าราคานี้แพงไปหน่อย	Phom Khit Wa Rakha Ni Phaeng Pai Noi	pomˊ kit~ wāˋ rā kā nī~ pɛ̄ng bai nɔ̄iˇ	我認為這個價格貴了一點（男）	engine-auto	
初 5-2	ฉันคิดว่าราคานี้สูงไปหน่อย	Chan Khit Wa Rakha Ni Sung Pai Noi	chanˊ kit~ wāˋ rā kā nī~ sūngˊ bai nɔ̄iˇ	我認為這個價格高了一點	engine-auto	
初 5-2	ฉันคิดว่าสีนี้เข้มไปหน่อย	Chan Khit Wa Si Ni Khem Pai Noi	chanˊ kit~ wāˋ sīˊ nī~ kēmˋ bai nɔ̄iˇ	我認為這個顏色深了一點	engine-auto	
初 5-2	เค็ม	Khem	kem	很鹹	engine-auto	
初 5-2	รวย	Ruay	rūay	富有	engine-auto	
初 5-2	ลูกคนรวย พ่อเป็นมหาเศรษฐี	Luk Khon Ruay Pho Pen Maha Setthi	lūkˋ kon rūay pɔ̄ˋ ben ma~ hāˊ srētˇ tīˊ	有錢人的小孩，爸爸是大富翁	derived	
初 5-2	ที่บ้านรวยมาก อะไรก็มี	Thi Ban Ruay Mak Arai Ko Mi	tīˋ bhānˋ rūay mākˋ aˇ rai gɔ̄ˋ mī	家裡很富有，什麼都有	engine-auto	
初 5-2	จน	Chon	jon	窮	book-exact	(book-exact已用引擎重新驗證)
初 5-2	ทำไมเขาจน	Thammai Khao Chon	tam mai kāuˊ jon	為什麼他很窮呢	derived	
初 5-2	อย่าดูถูกคนจน	Ya Du Thuk Khon Chon	yāˋ dhū tūkˇ kon jon	別看不起窮人	derived	
初 5-2	พวกเราเห็นใจคนจน	Phuak Rao Hen Chai Khon Chon	pūakˋ rāu henˊ jai kon jon	我們同情窮人	derived	
初 5-2	หวย	Huay	hūayˊ	樂透 / 彩券	derived	
初 5-2	ถูกหวย	Thuk Huay	tūkˇ hūayˊ	中獎	derived	
初 5-2	แก่	Kae	gɛ̄ˇ	老	book-exact	(book-exact已用引擎重新驗證)
初 5-2	คนแก่	Khon Kae	kon gɛ̄ˇ	老人	engine-auto	
初 5-2	ผลไม้แก่	Phonlamai Kae	ponˊ mai~ gɛ̄ˇ	老的（熟透的）水果	derived	
初 5-2	มะม่วงแก่	Mamuang Kae	ma~ mūangˋ gɛ̄ˇ	老的（熟透的）芒果	engine-auto	
初 5-2	ผักแก่	Phak Kae	pakˇ gɛ̄ˇ	老的（粗的）蔬菜	engine-auto	
初 5-2	ผักแก่ไม่อร่อย	Phak Kae Mai Aroi	pakˇ gɛ̄ˇ maiˋ aˇ rɔ̄iˋ	菜很老不好吃	engine-auto	
初 5-2	แก่เกินไป	Kae Koen Pai	gɛ̄ˇ gə̄n bai	太老了	engine-auto	
初 5-2	หน้าแก่	Na Kae	nāˋ gɛ̄ˇ	臉看起來很老	engine-auto	
初 5-2	หน้าอ่อน	Na On	nāˋ ɔ̄nˇ	臉看起來很年輕	engine-auto	
初 5-2	ไม่ค่อยเห็นคนแก่บนรถไฟฟ้า	Mai Khoi Hen Khon Kae Bon Rot Fai Fa	maiˋ kɔ̄iˋ henˊ kon gɛ̄ˇ bhon rot~ fai fā~	我不太常看到老人在捷運上	engine-auto	
初 5-2	เร็ว	Reo	rew	快 / 早	engine-auto	
初 5-2	แต่งงานเร็ว	Taeng Ngan Reo	dɛ̄ngˇ ngān rew	早結婚	book-exact	(book-exact已用引擎重新驗證)
初 5-2	นอนเร็ว	Non Reo	nɔ̄n rew	早睡	engine-auto	
初 5-2	เดินเร็ว	Doen Reo	dhə̄n rew	走得快	engine-auto	
初 5-2	ขับรถเร็ว	Khap Rot Reo	kapˇ rot~ rew	開車開得快	engine-auto	
初 5-2	เร็วๆ หน่อย	Reo Reo Noi	rew rew nɔ̄iˇ	快一點快一點	engine-auto	
初 5-2	เร็วหน่อย เร็วหน่อย	Reo Noi Reo Noi	rew nɔ̄iˇ rew nɔ̄iˇ	快一點快一點	engine-auto	
初 5-2	ช้า	Cha	chā~	晚 / 慢	book-exact	(book-exact已用引擎重新驗證)
初 5-2	แต่งงานช้า	Taeng Ngan Cha	dɛ̄ngˇ ngān chā~	晚結婚	engine-auto	
初 5-2	พูดช้าๆ หน่อย	Phut Cha Cha Noi	pūtˋ chā~ chā~ nɔ̄iˇ	說慢一點	engine-auto	
初 5-2	ผมฟังไม่ทัน	Phom Fang Mai Than	pomˊ fang maiˋ tan	我聽不進去（男）	engine-auto	
初 5-2	ฉันฟังไม่ทัน	Chan Fang Mai Than	chanˊ fang maiˋ tan	我聽不進去（女）	engine-auto	
初 5-2	เดินช้าๆ หน่อย	Doen Cha Cha Noi	dhə̄n chā~ chā~ nɔ̄iˇ	走慢一點	engine-auto	
初 5-2	ผมตามไม่ทัน	Phom Tam Mai Than	pomˊ dām maiˋ tan	我跟不上（男）	engine-auto	
初 5-2	ทำไมอาหารมาช้าอย่างนี้	Thammai Ahan Ma Cha Yang Ni	tam mai ā hānˊ mā chā~ yāngˋ nī~	為什麼上菜這麼慢	engine-auto	
初 5-2	สูง	Sung	sūngˊ	高	engine-auto	
初 5-2	คุณสูงเท่าไหร่	Khun Sung Thaorai	kun sūngˊ tāuˋ raiˇ	你多高	engine-auto	
初 5-2	ผมสูง 180 เซน	Phom Sung Roi Paet Sip Sen	pomˊ sūngˊ 180 sēn	我 180 公分高（男）	engine-auto	
初 5-2	ฉันสูง 180 เซน	Chan Sung Roi Paet Sip Sen	chanˊ sūngˊ 180 sēn	我 180 公分高（女）	engine-auto	
初 5-2	ไทเป 101 สูงเท่าไหร่	Taipei Nueng Sun Nueng Sung Thaorai	tai bē 101 sūngˊ tāuˋ raiˇ	台北 101 多高	engine-auto	
初 5-2	เขาเสียงสูงมาก	Khao Siang Sung Mak	kāuˊ sīangˊ sūngˊ mākˋ	他聲音很高	engine-auto	
初 5-2	เตี้ย	Tia	dīaˋ	矮	engine-auto	
初 5-2	ฉันเตี้ยกว่าน้องสาว	Chan Tia Kwa Nong Sao	chanˊ dīaˋ gwāˇ nɔ̄ng~ sāuˊ	我比妹妹矮	engine-auto	
初 5-2	ผมเตี้ยกว่าน้องสาว	Phom Tia Kwa Nong Sao	pomˊ dīaˋ gwāˇ nɔ̄ng~ sāuˊ	我比妹妹矮（男）	engine-auto	
初 5-2	พี่สาวเตี้ยที่สุด	Phi Sao Tia Thi Sut	pīˋ sāuˊ dīaˋ tīˋ sutˇ	姐姐最矮	engine-auto	
初 5-2	ต่ำ	Tam	damˇ	低	engine-auto	
初 5-2	คะแนนต่ำ	Khanaen Tam	ka~ nɛ̄n damˇ	分數低	engine-auto	
初 5-2	ทำไมคะแนนต่ำอย่างนี้	Thammai Khanaen Tam Yang Ni	tam mai ka~ nɛ̄n damˇ yāngˋ nī~	為什麼分數這麼低	engine-auto	
初 5-2	ส่วนใหญ่ผู้ชายเสียงต่ำ	Suan Yai Phu Chai Siang Tam	sūanˇ yaiˇ pūˋ chāi sīangˊ damˇ	大部分男人聲音很低	engine-auto	
初 5-2	คะแนนเต็มเท่าไหร่	Khanaen Tem Thaorai	ka~ nɛ̄n dem tāuˋ raiˇ	滿分是多少	engine-auto	
初 5-2	เขาได้ทั้งหมดกี่คะแนน	Khao Dai Thang Mot Ki Khanaen	kāuˊ dhaiˋ tang~ motˇ gīˇ ka~ nɛ̄n	他全部得到幾票（幾分）	derived	
初 5-2	ลงคะแนน	Long Khanaen	long ka~ nɛ̄n	投票 / 下分數	engine-auto	
初 5-2	คุณลงคะแนนให้ใคร	Khun Long Khanaen Hai Khrai	kun long ka~ nɛ̄n haiˋ krai	你投票給誰	engine-auto	
初 5-2	ง่าย	Ngai	ngāiˋ	容易 / 簡單	engine-auto	
初 5-2	เหนื่อยง่าย	Nueai Ngai	nɯ̄aiˇ ngāiˋ	容易累	engine-auto	
初 5-2	ลืมง่าย	Luem Ngai	lɯ̄m ngāiˋ	容易忘記	engine-auto	
初 5-2	หิวง่าย	Hiu Ngai	hiwˊ ngāiˋ	容易餓	engine-auto	
初 5-2	ภาษาไทยง่าย ภาษาไทยไม่ยาก	Phasa Thai Ngai Phasa Thai Mai Yak	pā sāˊ tai ngāiˋ pā sāˊ tai maiˋ yākˋ	泰文容易，泰文不難	engine-auto	
初 5-2	พูดง่ายแต่ทำยาก	Phut Ngai Tae Tham Yak	pūtˋ ngāiˋ dɛ̄ˇ tam yākˋ	說得很簡單，但很難做	engine-auto	
初 5-2	ผอม	Phom	pɔ̄mˊ	瘦	book-exact	(book-exact已用引擎重新驗證)
初 5-2	ฉันคิดว่าตัวเองผอมมาก	Chan Khit Wa Tua Eng Phom Mak	chanˊ kit~ wāˋ dūa ēng pɔ̄mˊ mākˋ	我覺得自己很瘦	engine-auto	
初 5-2	ช่วงนี้คุณผอมไปหน่อยนะ	Chuang Ni Khun Phom Pai Noi Na	chūangˋ nī~ kun pɔ̄mˊ bai nɔ̄iˇ na~	最近你瘦了一點喔	engine-auto	
初 5-2	หุ่นดี	Hun Di	hunˇ dhī	身材好	engine-auto	
初 5-2	หุ่น	Hun	hunˇ	身材	engine-auto	
初 5-2	ถ้าอยากหุ่นดีต้องออกกำลังกาย	Tha Yak Hun Di Tong Ok Kamlang Kai	tāˋ yākˋ hunˇ dhī dɔ̄ngˋ ɔ̄kˇ gam lang gāi	如果想要身材好，要運動	engine-auto	
初 5-2	ถ้าอยากหุ่นดีต้องกินน้อย	Tha Yak Hun Di Tong Kin Noi	tāˋ yākˋ hunˇ dhī dɔ̄ngˋ gin nɔ̄i~	如果想要身材好，要少吃	engine-auto	
初 5-2	ต้องกินน้อยๆ	Tong Kin Noi Noi	dɔ̄ngˋ gin nɔ̄i~ nɔ̄i~	要吃少一點（強調）	engine-auto	
初 5-2	ถ้าอยากหุ่นดีต้องกินน้อยๆ	Tha Yak Hun Di Tong Kin Noi Noi	tāˋ yākˋ hunˇ dhī dɔ̄ngˋ gin nɔ̄i~ nɔ̄i~	如果想要身材好，要少吃一點	engine-auto	
初 5-2	ถ้าอยากหุ่นดีต้องกินแต่ไข่ต้ม	Tha Yak Hun Di Tong Kin Tae Khai Tom	tāˋ yākˋ hunˇ dhī dɔ̄ngˋ gin dɛ̄ˇ kaiˇ domˋ	如果想要身材好，只能吃水煮蛋	engine-auto	
初 5-2	ออกกำลังกาย	Ok Kamlang Kai	ɔ̄kˇ gam lang gāi	運動	engine-auto	
初 5-2	ออกกำลังกายทำให้เราแข็งแรง	Ok Kamlang Kai Tham Hai Rao Khaeng Raeng	ɔ̄kˇ gam lang gāi tam haiˋ rāu kɛngˊ rɛ̄ng	運動讓我們強壯	engine-auto	
初 5-2	คุณชอบออกกำลังกายไหม	Khun Chop Ok Kamlang Kai Mai	kun chɔ̄pˋ ɔ̄kˇ gam lang gāi maiˊ	你喜歡運動嗎	engine-auto	
初 5-2	ไม่มีเวลาไปออกกำลังกาย	Mai Mi Wela Pai Ok Kamlang Kai	maiˋ mī wē lā bai ɔ̄kˇ gam lang gāi	沒有時間去運動	engine-auto	
初 5-2	ทำธุรกิจส่วนตัว	Tham Thurakit Suan Tua	tam tun gitˇ sūanˇ dūa	做私人生意	engine-auto	
初 5-2	ส่วนตัว	Suan Tua	sūanˇ dūa	私人 / 個人	engine-auto	
初 5-2	เวลาส่วนตัว	Wela Suan Tua	wē lā sūanˇ dūa	私人時間	engine-auto	
初 5-2	เรื่องส่วนตัว	Rueang Suan Tua	rɯ̄angˋ sūanˇ dūa	私人的事情	engine-auto	
初 5-2	ของใช้ส่วนตัว	Khong Chai Suan Tua	kɔ̄ngˊ chai~ sūanˇ dūa	私人用品	engine-auto	
初 5-2	เครื่องบินส่วนตัว	Khrueang Bin Suan Tua	krɯ̄angˋ bhin sūanˇ dūa	私人飛機	engine-auto	
初 5-2	ทั้ง...ทั้ง...	Thang Thang	tang~...tang~...	又...又...	engine-auto	
初 5-2	ทั้งเตี้ยทั้งอ้วน	Thang Tia Thang Uan	tang~ dīaˋ tang~ ūanˋ	又矮又胖	book-exact	(book-exact已用引擎重新驗證)
初 5-2	ทั้งถูกทั้งดี	Thang Thuk Thang Di	tang~ tūkˇ tang~ dhī	又便宜又好	engine-auto	
初 5-2	ผู้ชายคนนี้ทั้งหล่อทั้งรวย	Phu Chai Khon Ni Thang Lo Thang Ruay	pūˋ chāi kon nī~ tang~ lɔ̄ˇ tang~ rūay	這個男人又帥又有錢	engine-auto	
初 5-2	ผู้หญิงคนนี้ทั้งสูงทั้งหุ่นดี	Phu Ying Khon Ni Thang Sung Thang Hun Di	pūˋ yingˊ kon nī~ tang~ sūngˊ tang~ hunˇ dhī	這個女人又高又身材好	engine-auto	
初 5-2	เต้นแอโรบิก	Ten Aerobik	dēnˋ ɛ̄ rō bhikˇ	跳有氧體操	engine-auto	
初 5-2	ฟังเพลงไปเต้นไป	Fang Phleng Pai Ten Pai	fang plēng bai dēnˋ bai	一邊聽歌一邊跳舞	engine-auto	
初 5-2	เต้นไม่หยุด	Ten Mai Yut	dēnˋ maiˋ yutˇ	跳個不停	engine-auto	
初 5-2	ทั้งร้องทั้งเต้น	Thang Rong Thang Ten	tang~ rɔ̄ng~ tang~ dēnˋ	又唱又跳	engine-auto	
初 5-2	วิธี	Withi	wi~ tī	方法	engine-auto	
初 5-2	วิธีลดความอ้วน	Withi Lot Khwam Uan	wi~ tī lot~ kwām ūanˋ	減肥的方法	book-exact	(book-exact已用引擎重新驗證)
初 5-2	ทั้งหมดมีกี่วิธี	Thang Mot Mi Ki Withi	tang~ motˇ mī gīˇ wi~ tī	全部有幾個方法	derived	
初 5-2	มีหลายวิธี	Mi Lai Withi	mī lāiˊ wi~ tī	有好幾個方法	engine-auto	
初 5-2	วิธีที่หนึ่ง	Withi Thi Nueng	wi~ tī tīˋ nɯngˇ	第一個方法	engine-auto	
初 5-2	วิธีแรก	Withi Raek	wi~ tī rɛ̄kˋ	第一個方法	engine-auto	
初 5-2	เหมือนกัน	Muean Kan	mɯ̄anˊ gan	一樣	engine-auto	
初 5-2	อยากนอน	Yak Non	yākˋ nɔ̄n	想睡覺	engine-auto	
初 5-2	ง่วง	Nguang	ngūangˋ	困了	engine-auto	
初 5-2	ง่วงเหมือนกัน	Nguang Muean Kan	ngūangˋ mɯ̄anˊ gan	一樣困	engine-auto	
初 5-2	งง	Ngong	ngong	迷惑 / 糊塗 / 混淆	derived	
初 5-2	ก็งงเหมือนกัน	Ko Ngong Muean Kan	gɔ̄ˋ ngong mɯ̄anˊ gan	一樣糊塗	derived	
初 5-2	งงมาก	Ngong Mak	ngong mākˋ	很糊塗	derived	
初 5-2	ยิ่งฟังยิ่งงง	Ying Fang Ying Ngong	yingˋ fang yingˋ ngong	越聽越糊塗	derived	
初 5-2	แพงเกินไป ชอบแค่ไหน ก็ไม่ซื้อ	Phaeng Koen Pai Chop Khae Nai Ko Mai Sue	pɛ̄ng gə̄n bai chɔ̄pˋ kɛ̄ˋ naiˊ gɔ̄ˋ maiˋ sɯ̄~	太貴了，多喜歡也不買	engine-auto	
初 5-2	แค่ไหน	Khae Nai	kɛ̄ˋ naiˊ	多麼 / 多少	engine-auto	
初 5-2	สกปรก	Sokkaprok	sokˇ brokˇ	髒	derived	
初 5-2	อร่อยแค่ไหน ก็ไม่กิน	Aroi Khae Nai Ko Mai Kin	aˇ rɔ̄iˋ kɛ̄ˋ naiˊ gɔ̄ˋ maiˋ gin	多好吃也不吃	engine-auto	
初 5-2	เอาแค่ไหน	Ao Khae Nai	au kɛ̄ˋ naiˊ	要多少	engine-auto	
初 5-2	สั้นแค่ไหน	San Khae Nai	sanˋ kɛ̄ˋ naiˊ	剪多短	engine-auto	
初 5-2	แค่นี้	Khae Ni	kɛ̄ˋ nī~	就這樣	engine-auto	
初 5-2	ปัญหา	Panha	ban hāˊ	問題	engine-auto	
初 5-2	แค่นี้ไม่มีปัญหา	Khae Ni Mai Mi Panha	kɛ̄ˋ nī~ maiˋ mī ban hāˊ	就這樣，沒問題	engine-auto	
初 5-2	แค่	Khae	kɛ̄ˋ	只	engine-auto	
初 5-2	เรียนภาษาไทยแค่ปีเดียวเอง	Rian Phasa Thai Khae Pi Diao Eng	rīan pā sāˊ tai kɛ̄ˋ bī dhīau ēng	只學泰文一年而已	book-exact	(book-exact已用引擎重新驗證)
初 5-2	ปีเดียว	Pi Diao	bī dhīau	一年	engine-auto	
初 5-2	เอง	Eng	ēng	而已	engine-auto	
初 5-2	ตั้งใจ	Tang Chai	dangˋ jai	認真	book-exact	(book-exact已用引擎重新驗證)
初 5-2	สอน	Son	sɔ̄nˊ	教	engine-auto	
初 5-2	ตั้งใจสอน	Tang Chai Son	dangˋ jai sɔ̄nˊ	認真教	engine-auto	
初 5-2	สอนภาษาไทย	Son Phasa Thai	sɔ̄nˊ pā sāˊ tai	教泰文	engine-auto	
初 5-2	สอนภาษาอังกฤษ	Son Phasa Angkrit	sɔ̄nˊ pā sāˊ ang gritˇ	教英文	derived	
初 5-2	ฉันสอนคุณ	Chan Son Khun	chanˊ sɔ̄nˊ kun	我教你	engine-auto	
初 5-2	ตั้งใจเรียน	Tang Chai Rian	dangˋ jai rīan	認真學習 / 認真上課	engine-auto	
初 5-2	ตั้งใจเรียนไหม	Tang Chai Rian Mai	dangˋ jai rīan maiˊ	有認真上課嗎	engine-auto	
初 5-2	ตั้งใจมาก	Tang Chai Mak	dangˋ jai mākˋ	很認真	engine-auto	
初 5-2	ตั้งใจจะ	Tang Chai Cha	dangˋ jai jaˇ	打算要	engine-auto	
初 5-2	ตั้งใจจะไปญี่ปุ่น	Tang Chai Cha Pai Yipun	dangˋ jai jaˇ bai yīˋ bunˇ	打算要去日本	engine-auto	
初 5-2	ตั้งใจ	Tang Chai	dangˋ jai	故意	book-exact	(book-exact已用引擎重新驗證)
初 5-2	ขอโทษครับ ผมไม่ได้ตั้งใจ	Kho Thot Khrap Phom Mai Dai Tang Chai	kɔ̄ˊ tōtˋ krap~ pomˊ maiˋ dhaiˋ dangˋ jai	對不起，我不是故意的	engine-auto	
初 5-2	เบื่อ	Buea	bhɯ̄aˇ	無聊 / 厭煩	engine-auto	
初 5-2	เบื่อกงาน	Buea Ngan		厭煩工作	unresolved	英文外來語/正式縮寫/原始資料異常，見全課-仍不確定清單.tsv
初 5-2	ช่วงนี้เบื่องานไหม	Chuang Ni Buea Ngan Mai	chūangˋ nī~ bhɯ̄aˇ ngān maiˊ	最近厭煩工作嗎	engine-auto	
初 5-2	เบื่องานมากๆ	Buea Ngan Mak Mak	bhɯ̄aˇ ngān mākˋ mākˋ	非常厭煩工作	engine-auto	
初 5-2	เบื่อแฟน	Buea Faen	bhɯ̄aˇ fɛ̄n	厭煩情人	engine-auto	
初 5-2	เบื่อบ้าน	Buea Ban	bhɯ̄aˇ bhānˋ	厭煩家裡	engine-auto	
初 5-2	เบื่อจะตายแล้ว	Buea Cha Tai Laeo	bhɯ̄aˇ jaˇ dāi lɛ̄u~	煩死了 / 厭煩到要死了	engine-auto	
初 5-2	ร้อนจะตายแล้ว	Ron Cha Tai Laeo	rɔ̄n~ jaˇ dāi lɛ̄u~	熱死了	engine-auto	
初 5-2	กินเบื่อแล้ว	Kin Buea Laeo	gin bhɯ̄aˇ lɛ̄u~	吃膩了	engine-auto	
初 5-2	กินมาม่าทุกวัน กินเบื่อแล้ว	Kin Mama Thuk Wan Kin Buea Laeo	gin mā māˋ tuk~ wan gin bhɯ̄aˇ lɛ̄u~	每天吃泡麵，吃膩了	engine-auto	
初 5-2	กินเท่าไหร่ก็ไม่เบื่อ	Kin Thaorai Ko Mai Buea	gin tāuˋ raiˇ gɔ̄ˋ maiˋ bhɯ̄aˇ	吃多少也不膩	engine-auto	
初 5-2	เซ็งจะตายแล้ว	Seng Cha Tai Laeo	seng jaˇ dāi lɛ̄u~	煩悶 / 煩死了	engine-auto	
初 5-2	เซ็งมาก	Seng Mak	seng mākˋ	很煩	engine-auto	
初 5-2	ซวย	Suay	sūay	倒霉	engine-auto	
初 5-2	เขาซวยจริงๆ	Khao Suay Ching Ching	kāuˊ sūay jing jing	他真的很倒霉	derived	
初 5-2	น่าเบื่อ	Na Buea	nāˋ bhɯ̄aˇ	令人覺得無聊 / 好無聊	engine-auto	
初 5-2	น่ารำคาญ	Na Ramkhan	nāˋ ram kān	令人煩躁	engine-auto	
初 5-2	ขยัน	Khayan	kaˇ yanˊ	勤奮 / 勤勞	book-exact	(book-exact已用引擎重新驗證)
初 5-2	ขยันทำงาน	Khayan Tham Ngan	kaˇ yanˊ tam ngān	勤勞工作	derived	
初 5-2	ฉันก็เหมือนกัน	Chan Ko Muean Kan	chanˊ gɔ̄ˋ mɯ̄anˊ gan	我也是（勤勞工作）	engine-auto	
初 5-2	ขยันเรียน	Khayan Rian	kaˇ yanˊ rīan	勤勞學習	derived	
初 5-2	ขยันเรียนไหม	Khayan Rian Mai	kaˇ yanˊ rīan maiˊ	有勤勞學習嗎	derived	
初 5-2	ขยันหาเงิน	Khayan Ha Ngoen	kaˇ yanˊ hāˊ ngə̄n	勤勞賺錢	derived	
初 5-2	ขยันหาเงินไหม	Khayan Ha Ngoen Mai	kaˇ yanˊ hāˊ ngə̄n maiˊ	有勤勞賺錢嗎	derived	
初 5-2	ขยันเก็บเงิน	Khayan Kep Ngoen	kaˇ yanˊ gepˇ ngə̄n	勤勞存錢	derived	
初 5-2	เก็บเงิน / เก็บตังค์	Kep Ngoen / Kep Tang	gepˇ ngə̄n / gepˇ dang	存錢 / 結帳	engine-auto	
初 5-2	พี่คะ / น้องคะ เก็บเงินค่ะ	Phi Kha / Nong Kha Kep Ngoen Kha	pīˋ ka~ / nɔ̄ng~ ka~ gepˇ ngə̄n kaˋ	哥哥/姐姐 結帳	engine-auto	
初 5-2	ขยันทำการบ้าน	Khayan Tham Kan Ban	kaˇ yanˊ tam gān bhānˋ	勤勞做作業	derived	
初 5-2	ขยันทำการบ้านไหม	Khayan Tham Kan Ban Mai	kaˇ yanˊ tam gān bhānˋ maiˊ	有勤勞做作業嗎	derived	
初 5-2	ฉันขยันทำการบ้าน	Chan Khayan Tham Kan Ban	chanˊ kaˇ yanˊ tam gān bhānˋ	我勤勞做作業	derived	
初 5-2	ขยันจัง	Khayan Chang	kaˇ yanˊ jang	真勤勞	derived	
初 5-2	ขยันจริงๆ	Khayan Ching Ching	kaˇ yanˊ jing jing	真的很勤勞	derived	
初 5-2	แพงจัง	Phaeng Chang	pɛ̄ng jang	真貴	engine-auto	
初 5-2	ร้อนจัง	Ron Chang	rɔ̄n~ jang	真熱	engine-auto	
初 5-2	น่ารักจัง	Na Rak Chang	nāˋ rak~ jang	真可愛	engine-auto	
初 5-2	เฉย	Choei	chə̄iˊ	無動於衷 / 還好 / 沒反應	engine-auto	
初 5-2	เฉยๆ	Choei Choei	chə̄iˊ chə̄iˊ	還好 / 馬馬虎虎	engine-auto	
初 5-2	อร่อยไหม เฉยๆ	Aroi Mai Choei Choei	aˇ rɔ̄iˋ maiˊ chə̄iˊ chə̄iˊ	好吃嗎？還好	engine-auto	
初 5-2	ดูเฉยๆ	Du Choei Choei	dhū chə̄iˊ chə̄iˊ	只是看看	engine-auto	
初 5-2	คิดเฉยๆ	Khit Choei Choei	kit~ chə̄iˊ chə̄iˊ	只是想想	engine-auto	
初 5-2	อยู่เฉยๆ	Yu Choei Choei	yūˋ chə̄iˊ chə̄iˊ	乖乖待著 / 不要動	engine-auto	
初 5-2	โทรหาเฉยๆ	Tho Ha Choei Choei	tō hāˊ chə̄iˊ chə̄iˊ	只是打電話來（找某人）	engine-auto	
初 5-2	เดินเล่นเฉยๆ	Doen Len Choei Choei	dhə̄n lēnˋ chə̄iˊ chə̄iˊ	只是散散步	engine-auto	
初 5-2	ทำหน้าเฉยๆ	Tham Na Choei Choei	tam nāˋ chə̄iˊ chə̄iˊ	面無表情 / 做一個沒反應的臉	engine-auto	
初 5-2	น่าเบื่อ	Na Buea	nāˋ bhɯ̄aˇ	好無聊 / 令人覺得無聊	engine-auto	
初 5-2	น่ารำคาญ	Na Ramkhan	nāˋ ram kān	令人煩躁	engine-auto	
初 5-2	สะดวก	Saduak	saˇ dhūakˇ	方便	book-exact	(book-exact已用引擎重新驗證)
初 5-2	ติดต่อสะดวก	Tittat Saduak	ditˇ dɔ̄ˇ saˇ dhūakˇ	聯絡方便	engine-auto	
初 5-2	ติดต่อ	Tittat	ditˇ dɔ̄ˇ	聯絡	book-exact	(book-exact已用引擎重新驗證)
初 5-2	ถ้ามีปัญหาต้องติดต่อใคร	Tha Mi Panha Tong Tittat Khrai	tāˋ mī ban hāˊ dɔ̄ngˋ ditˇ dɔ̄ˇ krai	如果有問題要跟誰聯絡	engine-auto	
初 5-2	เข้าออกสะดวก	Khao Ok Saduak	kāuˋ ɔ̄kˇ saˇ dhūakˇ	進出方便	engine-auto	
初 5-2	ถ้ามีรถไฟฟ้าไปไหนมาไหนสะดวก	Tha Mi Rot Fai Fa Pai Nai Ma Nai Saduak	tāˋ mī rot~ fai fā~ bai naiˊ mā naiˊ saˇ dhūakˇ	如果有捷運去哪裡都方便	engine-auto	
初 5-2	ตอนนี้ไม่สะดวก	Ton Ni Mai Saduak	dɔ̄n nī~ maiˋ saˇ dhūakˇ	現在不方便	engine-auto	
初 5-2	กำลังเรียนภาษาไทยไม่สะดวกคุย	Kamlang Rian Phasa Thai Mai Saduak Khui	gam lang rīan pā sāˊ tai maiˋ saˇ dhūakˇ kui	正在學泰文不方便講話	engine-auto	
初 5-2	ธรรมดา	Thammada	tam dhā	普通 / 平常 / 通常	derived	
初 5-2	คนธรรมดา	Khon Thammada	kon tam dhā	普通人	derived	
初 5-2	ปกติ	Pokkati	bokˇ diˇ	正常 / 平常	derived	
初 5-2	วันธรรมดา	Wan Thammada	wan tam dhā	平日	derived	
初 5-2	พิเศษ	Phiset	pi~ sētˇ	特別	engine-auto	
初 5-2	คนพิเศษ	Khon Phiset	kon pi~ sētˇ	特別的人	engine-auto	
初 5-2	ราคาพิเศษ	Rakha Phiset	rā kā pi~ sētˇ	特價	engine-auto	
初 5-2	ธรรมดา 30 พิเศษ 60	Thammada 30 Phiset 60	tam dhā 30 pi~ sētˇ 60	普通30（塊）特大60（塊）	derived	
初 5-2	เป็นเรื่องธรรมดา	Pen Rueang Thammada	ben rɯ̄angˋ tam dhā	是平常的事情	derived	
初 5-2	เรียนพิเศษ	Rian Phiset	rīan pi~ sētˇ	補習 / 特別學習	engine-auto	
初 5-2	ไปเรียนพิเศษ	Pai Rian Phiset	bai rīan pi~ sētˇ	去補習	engine-auto	
初 5-2	สำคัญ	Samkhan	samˊ kan	重要	engine-auto	
初 5-2	ธุระสำคัญ	Thurak Samkhan	tu~ ra~ samˊ kan	要務 / 重要任務	engine-auto	
初 5-2	เรื่องสำคัญ	Rueang Samkhan	rɯ̄angˋ samˊ kan	重要的事情	engine-auto	
初 5-2	เอกสารสำคัญ	Ekkasan Samkhan	ēkˇ sānˊ samˊ kan	重要文件	engine-auto	
初 5-2	ถ่ายเอกสาร	Thai Ekkasan	tāiˇ ēkˇ sānˊ	影印	engine-auto	
初 5-2	อย่าทำหาย	Ya Tham Hai	yāˋ tam hāiˊ	別弄丟	engine-auto	
初 5-2	สุขภาพสำคัญที่สุด	Sukkhaphap Samkhan Thi Sut	sukˇ pāpˋ samˊ kan tīˋ sutˇ	健康最重要	engine-auto	
初 5-2	เห็นด้วยไหม	Hen Duai Mai	henˊ dhūayˋ maiˊ	同意嗎	engine-auto	
初 5-2	อุ่น	Un	unˇ	溫	engine-auto	
初 5-2	ยังอุ่นอยู่	Yang Un Yu	yang unˇ yūˋ	還溫著呢	engine-auto	
初 5-2	รีบกิน	Rip Kin	rīpˋ gin	趕快吃	engine-auto	
初 5-2	เครื่องทำน้ำอุ่น	Khrueang Tham Nam Un	krɯ̄angˋ tam nām~ unˇ	熱水器	engine-auto	
初 5-2	น้ำร้อน	Nam Ron	nām~ rɔ̄n~	熱水	engine-auto	
初 5-2	เครื่องทำน้ำอุ่นเสีย	Khrueang Tham Nam Un Sia	krɯ̄angˋ tam nām~ unˇ sīaˊ	熱水器壞了	engine-auto	
初 5-2	ช่วยอุ่นให้หน่อย	Chuay Un Hai Noi	chūayˋ unˇ haiˋ nɔ̄iˇ	請幫我加熱一下	engine-auto	
初 5-2	เวฟไหมคะ	Web Mai Kha	wēpˋ maiˊ ka~	要微波嗎	engine-auto	
初 5-2	ช่วยเวฟให้หน่อย	Chuay Web Hai Noi	chūayˋ wēpˋ haiˋ nɔ̄iˇ	請幫我微波一下	engine-auto	
初 5-2	เวฟกี่นาที	Web Ki Nathi	wēpˋ gīˇ nā tī	微波幾分鐘	engine-auto	
初 5-2	ปลอดภัย	Plot Phai	blɔ̄tˇ pai	安全	book-exact	(book-exact已用引擎重新驗證)
初 5-2	ปลอดภัยไว้ก่อน	Plot Phai Wai Kon	blɔ̄tˇ pai wai~ gɔ̄nˇ	安全第一	book-exact	(book-exact已用引擎重新驗證)
初 5-2	อันตราย	Antarai	an drāi	危險 / 危害	engine-auto	
初 5-2	ต่อ	To	dɔ̄ˇ	對... / 繼續	engine-auto	
初 5-2	อันตรายต่อสุขภาพ	Antarai To Sukkhaphap	an drāi dɔ̄ˇ sukˇ pāpˋ	危害健康	engine-auto	
初 5-2	สว่าง	Sawang	saˇ wāngˋ	亮	derived	
初 5-2	สว่างไม่พอ	Sawang Mai Pho	saˇ wāngˋ maiˋ pɔ̄	不夠亮	derived	
初 5-2	ฟ้าสว่างแล้ว	Fa Sawang Laeo	fā~ saˇ wāngˋ lɛ̄u~	天亮了	derived	
初 5-2	ตาสว่าง	Ta Sawang	dā saˇ wāngˋ	眼睛亮了 / 看清事實	derived	
初 5-2	มืด	Mueat	mɯ̄tˋ	暗	engine-auto	
初 5-2	ห้องมืด	Hong Mueat	hɔ̄ngˋ mɯ̄tˋ	房間暗	engine-auto	
初 5-2	หน้ามืด	Na Mueat	nāˋ mɯ̄tˋ	眼前發黑 / 暈倒	engine-auto	
初 5-2	ตลาดมืด	Talat Mueat	daˇ lātˋ mɯ̄tˋ	黑市	engine-auto	
初 5-2	ม้ามืด	Ma Mueat	mā~ mɯ̄tˋ	黑馬	engine-auto	
初 5-2	เขาเป็นม้ามืด	Khao Pen Ma Mueat	kāuˊ ben mā~ mɯ̄tˋ	他是黑馬	engine-auto	
初 5-2	สุขสันต์วันตรุษจีน	Suk San Wan Trut Chin	sukˇ sanˊ wan drutˇ jīn	新春快樂	engine-auto	
初 5-3	อ้วนขึ้น	uan khuen	ūanˋ kɯnˋ	變胖了	engine-auto	
初 5-3	อ้วน	uan	ūanˋ	胖	engine-auto	
初 5-3	ขึ้น	khuen	kɯnˋ	上 / 起來	engine-auto	
初 5-3	กินแล้วก็นอน	kin laeo ko non	gin lɛ̄u~ gɔ̄ˋ nɔ̄n	吃然後睡覺	engine-auto	
初 5-3	นอนแล้วก็กิน	non laeo ko kin	nɔ̄n lɛ̄u~ gɔ̄ˋ gin	睡覺然後吃	engine-auto	
初 5-3	หวังว่าทุกคนจำภาษาไทยได้	wang wa thuk khon cham phasa thai dai	wangˊ wāˋ tuk~ kon jam pā sāˊ tai dhaiˋ	希望大家還記得泰文	engine-auto	
初 5-3	ง่วง	nguang	ngūangˋ	想睡覺 / 困	engine-auto	
初 5-3	อยากนอน	yak non	yākˋ nɔ̄n	想睡覺	engine-auto	
初 5-3	ง่วงก็ไปนอน	nguang ko pai non	ngūangˋ gɔ̄ˋ bai nɔ̄n	困就去睡覺	engine-auto	
初 5-3	ง่วงแต่ไม่ยอมนอน	nguang tae mai yom non	ngūangˋ dɛ̄ˇ maiˋ yɔ̄m nɔ̄n	困但不肯睡	engine-auto	
初 5-3	ถ้าง่วงอย่าขับรถ	tha nguang ya khap rot	tāˋ ngūangˋ yāˋ kapˇ rot~	如果困別開車	engine-auto	
初 5-3	อย่าขับรถดีกว่า	ya khap rot di kwa	yāˋ kapˇ rot~ dhī gwāˇ	別開車比較好	engine-auto	
初 5-3	ถ้าง่วงอย่าขับรถดีกว่า	tha nguang ya khap rot di kwa	tāˋ ngūangˋ yāˋ kapˇ rot~ dhī gwāˇ	如果困別開車比較好	engine-auto	
初 5-3	งง	ngong	ngong	迷糊 / 搞混	derived	
初 5-3	คุณยิ่งพูดฉันยิ่งงง	khun ying phut chan ying ngong	kun yingˋ pūtˋ chanˊ yingˋ ngong	你越說我越糊塗	derived	
初 5-3	เรื่องนี้ยิ่งฟังยิ่งงง	rueang ni ying fang ying ngong	rɯ̄angˋ nī~ yingˋ fang yingˋ ngong	這件事情越聽越糊塗	derived	
初 5-3	เขาทำให้ผมงงจริงๆ	khao tham hai phom ngong ching ching	kāuˊ tam haiˋ pomˊ ngong jing jing	他真的讓我搞混（男）	derived	
初 5-3	เขาทำให้ฉันงงจริงๆ	khao tham hai chan ngong ching ching	kāuˊ tam haiˋ chanˊ ngong jing jing	他真的讓我搞混（女）	derived	
初 5-3	เหมือน	muean	mɯ̄anˊ	像 / 一樣	engine-auto	
初 5-3	โง่เหมือนควาย	ngo muean khwai	ngōˋ mɯ̄anˊ kwāi	笨如水牛	engine-auto	
初 5-3	พี่สาวหน้าเหมือนแม่	phi sao na muean mae	pīˋ sāuˊ nāˋ mɯ̄anˊ mɛ̄ˋ	姐姐的臉長得跟媽媽一樣	engine-auto	
初 5-3	เอาเหมือนกับโต๊ะข้างๆ	ao muean kap to khang khang	au mɯ̄anˊ gapˇ do~ kāngˋ kāngˋ	要跟隔壁桌一樣的菜	engine-auto	
初 5-3	เอาเหมือนโต๊ะข้างๆ	ao muean to khang khang	au mɯ̄anˊ do~ kāngˋ kāngˋ	要跟隔壁桌一樣的菜（省略語）	engine-auto	
初 5-3	ผมก็ไม่กล้ากินเหมือนกัน	phom ko mai kla kin muean kan	pomˊ gɔ̄ˋ maiˋ glāˋ gin mɯ̄anˊ gan	我也一樣不敢吃（男）	engine-auto	
初 5-3	ฉันก็ไม่กล้ากินเหมือนกัน	chan ko mai kla kin muean kan	chanˊ gɔ̄ˋ maiˋ glāˋ gin mɯ̄anˊ gan	我也一樣不敢吃（女）	engine-auto	
初 5-3	ผมก็ชอบเหมือนกัน	phom ko chop muean kan	pomˊ gɔ̄ˋ chɔ̄pˋ mɯ̄anˊ gan	我也一樣喜歡	engine-auto	
初 5-3	ผมก็กลัวเหมือนกัน	phom ko klua muean kan	pomˊ gɔ̄ˋ glūa mɯ̄anˊ gan	我也一樣怕（男）	engine-auto	
初 5-3	ฉันก็กลัวเหมือนกัน	chan ko klua muean kan	chanˊ gɔ̄ˋ glūa mɯ̄anˊ gan	我也一樣怕（女）	engine-auto	
初 5-3	ชอบแค่ไหนก็ไม่ซื้อ	chop khae nai ko mai sue	chɔ̄pˋ kɛ̄ˋ naiˊ gɔ̄ˋ maiˋ sɯ̄~	多喜歡也不買	engine-auto	
初 5-3	แค่ไหน	khae nai	kɛ̄ˋ naiˊ	多麼	engine-auto	
初 5-3	เก่งแค่ไหน ถ้าขี้เกียจก็ไม่รวย	keng khae nai tha khikiat ko mai ruai	gēngˇ kɛ̄ˋ naiˊ tāˋ kīˋ gīatˇ gɔ̄ˋ maiˋ rūay	不管多麼厲害，如果懶惰，就不會富有	engine-auto	
初 5-3	แพงแค่ไหนก็จะซื้อ	phaeng khae nai ko cha sue	pɛ̄ng kɛ̄ˋ naiˊ gɔ̄ˋ jaˇ sɯ̄~	不管多貴也會買	engine-auto	
初 5-3	เอาเผ็ดแค่ไหน	ao phet khae nai	au petˇ kɛ̄ˋ naiˊ	要多辣呢？	engine-auto	
初 5-3	แค่นี้พอไหม	khae ni pho mai	kɛ̄ˋ nī~ pɔ̄ maiˊ	這樣夠嗎？	engine-auto	
初 5-3	แค่นี้พอแล้ว	khae ni pho laeo	kɛ̄ˋ nī~ pɔ̄ lɛ̄u~	這樣夠了	engine-auto	
初 5-3	แค่นี้ไม่พอ	khae ni mai pho	kɛ̄ˋ nī~ maiˋ pɔ̄	這樣不夠	engine-auto	
初 5-3	แค่นี้นะ บ๊ายบาย	khae ni na baibai	kɛ̄ˋ nī~ na~ bhāi~ bhāi	就這樣喔，掰掰	engine-auto	
初 5-3	ตัดผม	tat phom	datˇ pomˊ	剪頭髮	engine-auto	
初 5-3	ตัดสั้นแค่นี้พอ	tat san khae ni pho	datˇ sanˋ kɛ̄ˋ nī~ pɔ̄	剪這樣短就夠	engine-auto	
初 5-3	ถ้ามีปัญหา เอากลับมาเปลี่ยนได้ไหม	tha mi panha ao klap ma plian dai mai	tāˋ mī ban hāˊ au glapˇ mā blīanˇ dhaiˋ maiˊ	如果有問題，可以拿來換嗎？	engine-auto	
初 5-3	ถ้ามีปัญหา ต้องติดต่อใคร	tha mi panha tong tiktio khrai	tāˋ mī ban hāˊ dɔ̄ngˋ ditˇ dɔ̄ˇ krai	如果有問題，要跟誰聯絡？	engine-auto	
初 5-3	ตั้งใจ	tangchai	dangˋ jai	刻意 / 認真	book-exact	(book-exact已用引擎重新驗證)
初 5-3	ดูละคร	du lakhorn	dhū la~ kɔ̄n	看劇	derived	
初 5-3	พระเอก	phra ek	pra~ ēkˇ	男主角	book-exact	(book-exact已用引擎重新驗證)
初 5-3	นางเอก	nang ek	nāng ēkˇ	女主角	engine-auto	
初 5-3	ขอโทษนะ ผมไม่ได้ตั้งใจทำให้คุณเสียใจ	khothot na phom mai dai tangchai tham hai khun siachai	kɔ̄ˊ tōtˋ na~ pomˊ maiˋ dhaiˋ dangˋ jai tam haiˋ kun sīaˊ jai	對不起喔，我不是故意讓你傷心難過	engine-auto	
初 5-3	ขอโทษนะ ฉันไม่ได้ตั้งใจ	khothot na chan mai dai tangchai	kɔ̄ˊ tōtˋ na~ chanˊ maiˋ dhaiˋ dangˋ jai	對不起，我不是故意的	engine-auto	
初 5-3	ทำอะไรก็ต้องตั้งใจ	tham arai ko tong tangchai	tam aˇ rai gɔ̄ˋ dɔ̄ngˋ dangˋ jai	做什麼都要認真	engine-auto	
初 5-3	ตั้งใจเรียน	tangchai rian	dangˋ jai rīan	認真上課	engine-auto	
初 5-3	ตั้งใจสอน	tangchai sorn	dangˋ jai sɔ̄nˊ	認真教書	engine-auto	
初 5-3	ขยัน	khayan	kaˇ yanˊ	勤勞 / 努力	book-exact	(book-exact已用引擎重新驗證)
初 5-3	ถ้าไม่ขยัน ก็จะไม่มีเงิน	tha mai khayan ko cha mai mi ngoen	tāˋ maiˋ kaˇ yanˊ gɔ̄ˋ jaˇ maiˋ mī ngə̄n	如果不勤勞，就會沒有錢	derived	
初 5-3	ขยันทำงาน	khayan thamngan	kaˇ yanˊ tam ngān	勤勞工作	derived	
初 5-3	ถ้าอยากหุ่นดี ต้องขยันออกกำลังกาย	tha yak hun di tong khayan ok kamlang kai	tāˋ yākˋ hunˇ dhī dɔ̄ngˋ kaˇ yanˊ ɔ̄kˇ gam lang gāi	如果想要好身材，就要勤勞運動	derived	
初 5-3	ขยันทำการบ้าน	khayan tham kanban	kaˇ yanˊ tam gān bhānˋ	努力做作業	derived	
初 5-3	การบ้าน	kanban	gān bhānˋ	作業 / 功課	engine-auto	
初 5-3	การบ้านภาษาอังกฤษ	kanban phasa angkrit	gān bhānˋ pā sāˊ ang gritˇ	英文作業	derived	
初 5-3	เด็กๆ ไม่ยอมทำการบ้าน	dek dek mai yom tham kanban	dhekˇ dhekˇ maiˋ yɔ̄m tam gān bhānˋ	小朋友們不肯做作業	engine-auto	
初 5-3	ตอนเด็ก คุณการบ้านเยอะไหม	torn dek khun kanban yoe mai	dɔ̄n dhekˇ kun gān bhānˋ yə~ maiˊ	小時候你有很多作業嗎？	engine-auto	
初 5-3	สะดวก	saduak	saˇ dhūakˇ	方便	book-exact	(book-exact已用引擎重新驗證)
初 5-3	ตอนนี้สะดวกคุยไหม	torn ni saduak khui mai	dɔ̄n nī~ saˇ dhūakˇ kui maiˊ	現在你方便講話嗎？	engine-auto	
初 5-3	ตอนนี้ผมไม่สะดวก	torn ni phom mai saduak	dɔ̄n nī~ pomˊ maiˋ saˇ dhūakˇ	現在我不方便	engine-auto	
初 5-3	กำลังเรียนภาษาไทยอยู่	kamlang rian phasa thai yu	gam lang rīan pā sāˊ tai yūˋ	正在學泰文	engine-auto	
初 5-3	คุณสะดวกตอนไหน	khun saduak torn nai	kun saˇ dhūakˇ dɔ̄n naiˊ	你何時方便？	engine-auto	
初 5-3	ไปไหนมาไหนสะดวก	pai nai ma nai saduak	bai naiˊ mā naiˊ saˇ dhūakˇ	去哪裡都方便	engine-auto	
初 5-3	ติดต่อสะดวก	tiktio saduak	ditˇ dɔ̄ˇ saˇ dhūakˇ	聯絡方便	engine-auto	
初 5-3	เดี๋ยวนี้ติดต่อกันสะดวก	diao ni tiktio kan saduak	dhīauˊ nī~ ditˇ dɔ̄ˇ gan saˇ dhūakˇ	現在聯絡很方便	engine-auto	
初 5-3	ต้องติดต่อเบอร์ 0213456789	tong tiktio boe sun song nueng sam si ha hok chet paet kao	dɔ̄ngˋ ditˇ dɔ̄ˇ bhə̄ 0213456789	要聯絡這個號碼	engine-auto	
初 5-3	สำคัญ	samkhan	samˊ kan	重要	engine-auto	
初 5-3	เรื่องนี้สำคัญมาก	rueang ni samkhan mak	rɯ̄angˋ nī~ samˊ kan mākˋ	這件事情很重要	engine-auto	
初 5-3	ไม่มีอะไรสำคัญกว่าคุณ	mai mi arai samkhan kwa khun	maiˋ mī aˇ rai samˊ kan gwāˇ kun	沒什麼比你重要	engine-auto	
初 5-3	ไม่มีอะไรสำคัญกว่าเงิน	mai mi arai samkhan kwa ngoen	maiˋ mī aˇ rai samˊ kan gwāˇ ngə̄n	沒什麼比錢重要	engine-auto	
初 5-3	ไม่มีอะไรสำคัญกว่าสุขภาพ	mai mi arai samkhan kwa sukhaphap	maiˋ mī aˇ rai samˊ kan gwāˇ sukˇ pāpˋ	沒什麼比健康重要	engine-auto	
初 5-3	เบื่อ	buea	bhɯ̄aˇ	膩了 / 無聊	engine-auto	
初 5-3	กินทุกวัน กินเบื่อแล้ว	kin thuk wan kin buea laeo	gin tuk~ wan gin bhɯ̄aˇ lɛ̄u~	每天都吃，吃膩了	engine-auto	
初 5-3	ฟังทุกวัน ฟังเบื่อแล้ว	fang thuk wan fang buea laeo	fang tuk~ wan fang bhɯ̄aˇ lɛ̄u~	每天都聽，聽膩了	engine-auto	
初 5-3	เบื่อเบื่อ เบื่อจะตายแล้ว	buea buea buea cha tai laeo	bhɯ̄aˇ bhɯ̄aˇ bhɯ̄aˇ jaˇ dāi lɛ̄u~	無聊死了	engine-auto	
初 5-3	เฉย	choei	chə̄iˊ	沒感覺 / 平淡	engine-auto	
初 5-3	หนังเรื่องนี้สนุกไหม	nang rueang ni sanuk mai	nangˊ rɯ̄angˋ nī~ saˇ nuk~ maiˊ	這部電影有趣嗎？	engine-auto	
初 5-3	เฉยเฉย	choei choei	chə̄iˊ chə̄iˊ	還好 / 普通	engine-auto	
初 5-3	หนังเรื่องนี้เฉยเฉย	nang rueang ni choei choei	nangˊ rɯ̄angˋ nī~ chə̄iˊ chə̄iˊ	這部電影普通	engine-auto	
初 5-3	ร้านนี้อร่อยไหม	ran ni aroi mai	rān~ nī~ aˇ rɔ̄iˋ maiˊ	這間餐廳好吃嗎？	engine-auto	
初 5-3	ร้านนี้เฉยเฉย	ran ni choei choei	rān~ nī~ chə̄iˊ chə̄iˊ	這間餐廳普通	engine-auto	
初 5-3	ใช้ได้	chai dai	chai~ dhaiˋ	還可以 / 不錯	engine-auto	
初 5-3	ธรรมดา	thammada	tam dhā	普通 / 平常	derived	
初 5-3	คนธรรมดา	khon thammada	kon tam dhā	普通人	derived	
初 5-3	เรื่องธรรมดา	rueang thammada	rɯ̄angˋ tam dhā	平常的事	derived	
初 5-3	ผมเป็นแค่คนธรรมดา ไม่ใช่มหาเศรษฐี	phom pen khae khon thammada mai chai maha setthi	pomˊ ben kɛ̄ˋ kon tam dhā maiˋ chaiˋ ma~ hāˊ srētˇ tīˊ	我只是個普通人，不是大富翁	derived	
初 5-3	เศรษฐี	setthi	srētˇ tīˊ	富翁	engine-auto	
初 5-3	วันธรรมดา	wan thammada	wan tam dhā	平日	derived	
初 5-3	เที่ยววันธรรมดา ทั้งถูก ทั้งคนน้อย	thiao wan thammada thang thuk thang khon noi	tīauˋ wan tam dhā tang~ tūkˇ tang~ kon nɔ̄i~	平日去玩，既便宜人又少	derived	
初 5-3	ปัญหาก็คือ ไม่มีเวลา วันธรรมดาต้องทำงาน	panha ko khue mai mi wela wan thammada tong thamngan	ban hāˊ gɔ̄ˋ kɯ̄ maiˋ mī wē lā wan tam dhā dɔ̄ngˋ tam ngān	問題是平日要工作沒時間	derived	
初 5-3	พิเศษ	phiset	pi~ sētˇ	特別	engine-auto	
初 5-3	ข้าวขาหมูพิเศษหนึ่งจาน	khaokhamu phiset nueng chan	kāuˋ kāˊ mūˊ pi~ sētˇ nɯngˇ jān	大份豬腳飯一盤	engine-auto	
初 5-3	ราคานี้เป็นราคาพิเศษแล้ว	rakha ni pen rakha phiset laeo	rā kā nī~ ben rā kā pi~ sētˇ lɛ̄u~	這個價格已經是特價了	engine-auto	
初 5-3	วันนี้เป็นวันพิเศษ	wan ni pen wan phiset	wan nī~ ben wan pi~ sētˇ	今天是個特別的日子	engine-auto	
初 5-3	อุ่น	un	unˇ	溫 / 加熱	engine-auto	
初 5-3	ถ้าเจ็บคอ ต้องกินน้ำอุ่นเยอะๆ	tha chep kho tong kin nam un yoe yoe	tāˋ jepˇ kɔ̄ dɔ̄ngˋ gin nām~ unˇ yə~ yə~	如果喉嚨痛，要多喝溫水	engine-auto	
初 5-3	เครื่องทำน้ำอุ่น	khruang tham nam un	krɯ̄angˋ tam nām~ unˇ	熱水器	engine-auto	
初 5-3	ที่ห้องเครื่องทำน้ำอุ่นเสียครับ	thi hong khruang tham nam un sia khrap	tīˋ hɔ̄ngˋ krɯ̄angˋ tam nām~ unˇ sīaˊ krap~	房間的熱水器壞了	engine-auto	
初 5-3	ช่วยอุ่นให้หน่อยค่ะ	chuai un hai noi kha	chūayˋ unˇ haiˋ nɔ̄iˇ kaˋ	請幫我加熱一下	engine-auto	
初 5-3	ช่วยเวฟให้หน่อยค่ะ	chuai wep hai noi kha	chūayˋ wēpˋ haiˋ nɔ̄iˇ kaˋ	請幫我微波一下	engine-auto	
初 5-3	ปลอดภัย	plort phai	blɔ̄tˇ pai	安全	book-exact	(book-exact已用引擎重新驗證)
初 5-3	ปลอดภัยไว้ก่อน	plort phai wai korn	blɔ̄tˇ pai wai~ gɔ̄nˇ	安全第一	book-exact	(book-exact已用引擎重新驗證)
初 5-3	ฉันคิดว่าวิธีนี้ปลอดภัยที่สุด	chan khit wa withi ni plort phai thi sut	chanˊ kit~ wāˋ wi~ tī nī~ blɔ̄tˇ pai tīˋ sutˇ	我認為這個方法是最安全的	engine-auto	
初 5-3	อันตราย	antarai	an drāi	危險	engine-auto	
初 5-3	ที่นั่นอันตรายไหม	thi nan antarai mai	tīˋ nanˋ an drāi maiˊ	那邊危險嗎？	engine-auto	
初 5-3	ที่นั่นอันตรายมาก คุณอย่าไปดีกว่า	thi nan antarai mak khun ya pai di kwa	tīˋ nanˋ an drāi mākˋ kun yāˋ bai dhī gwāˇ	那邊很危險，你別去比較好	engine-auto	
初 5-3	อันตรายต่อสุขภาพ	antarai tor sukhaphap	an drāi dɔ̄ˇ sukˇ pāpˋ	危害健康	engine-auto	
初 5-3	สว่าง	sawang	saˇ wāngˋ	亮	derived	
初 5-3	ฟ้าสว่างแล้ว ตื่นได้แล้ว	fa sawang laeo tuen dai laeo	fā~ saˇ wāngˋ lɛ̄u~ dɯ̄nˇ dhaiˋ lɛ̄u~	天亮了，可以起床了	derived	
初 5-3	มือถือสว่างเกินไป	mue thue sawang koen pai	mɯ̄ tɯ̄ˊ saˇ wāngˋ gə̄n bai	手機太亮了	derived	
初 5-3	มือถือสว่างไป	mue thue sawang pai	mɯ̄ tɯ̄ˊ saˇ wāngˋ bai	手機太亮了（省略語）	derived	
初 5-3	เธอตาสว่างหรือยัง	thoe ta sawang rue yang	tə̄ dā saˇ wāngˋ rɯ̄ˊ yang	妳看清事實（大開眼界）了嗎？	derived	
初 5-3	มืด	muet	mɯ̄tˋ	暗	engine-auto	
初 5-3	ฟ้ามืดแล้ว	fa muet laeo	fā~ mɯ̄tˋ lɛ̄u~	天黑了	engine-auto	
初 5-3	ห้องมืดเกินไป	hong muet koen pai	hɔ̄ngˋ mɯ̄tˋ gə̄n bai	房間太暗了	engine-auto	
初 5-3	ห้องมืดไป	hong muet pai	hɔ̄ngˋ mɯ̄tˋ bai	房間太暗了（省略語）	engine-auto	
初 5-3	เขาเป็นม้ามืด	khao pen ma muet	kāuˊ ben mā~ mɯ̄tˋ	他是黑馬	engine-auto	
初 5-3	เป็น	pen	ben	是	book-exact	(book-exact已用引擎重新驗證)
初 5-3	ไม่ใช่	mai chai	maiˋ chaiˋ	不是	engine-auto	
初 5-3	รู้สึก	ru suek	rū~ sɯkˇ	感覺	engine-auto	
初 5-3	รู้สึกอะไรไหม	ru suek a rai mai	rū~ sɯkˇ aˇ rai maiˊ	有感覺到什麼嗎	engine-auto	
初 5-3	รู้สึกง่วงนอน	ru suek nguang non	rū~ sɯkˇ ngūangˋ nɔ̄n	感覺想睡覺	engine-auto	
初 5-3	รู้สึกง่วง	ru suek nguang	rū~ sɯkˇ ngūangˋ	感覺睏	engine-auto	
初 5-3	รู้สึกงง	ru suek ngong	rū~ sɯkˇ ngong	感到很糊塗	derived	
初 5-3	รู้สึกหนาว	ru suek nao	rū~ sɯkˇ nāuˊ	覺得很冷	engine-auto	
初 5-3	รู้สึกสนุก	ru suek sa nook	rū~ sɯkˇ saˇ nuk~	感到好玩	engine-auto	
初 5-3	รู้สึกแปลก	ru suek plaek	rū~ sɯkˇ blɛ̄kˇ	感覺奇怪	engine-auto	
初 5-3	รู้สึกแปลกจัง	ru suek plaek jang	rū~ sɯkˇ blɛ̄kˇ jang	感覺真奇怪	book-exact	(book-exact已用引擎重新驗證)
初 5-3	แปลก	plaek	blɛ̄kˇ	奇怪	engine-auto	
初 5-3	จัง	jang	jang	真的（口語）	engine-auto	
初 5-3	แปลกมาก	plaek mak	blɛ̄kˇ mākˋ	非常奇怪	engine-auto	
初 5-3	แปลกจริงๆ	plaek jing jing	blɛ̄kˇ jing jing	真的奇怪	derived	
初 5-3	วันนี้คุณดูแปลกๆ	wan nee khun doo plaek plaek	wan nī~ kun dhū blɛ̄kˇ blɛ̄kˇ	今天你看起來怪怪的	engine-auto	
初 5-3	ร้อนจัง	ron jang	rɔ̄n~ jang	真熱	engine-auto	
初 5-3	น่ารักจัง	na rak jang	nāˋ rak~ jang	真可愛	engine-auto	
初 5-3	เก่งจัง	keng jang	gēngˇ jang	真厲害	engine-auto	
初 5-3	ชินแล้ว	chin laeo	chin lɛ̄u~	習慣了	engine-auto	
初 5-3	ชิน	chin	chin	習慣	engine-auto	
初 5-3	ชินหรือยัง	chin rue yang	chin rɯ̄ˊ yang	習慣了嗎	engine-auto	
初 5-3	ยังไม่ชิน	yang mai chin	yang maiˋ chin	還不習慣	engine-auto	
初 5-3	ชินแล้วก็เลยไม่รู้สึก	chin laeo kor loei mai ru suek	chin lɛ̄u~ gɔ̄ˋ lə̄i maiˋ rū~ sɯkˇ	習慣了所以就沒感覺了	book-exact	(book-exact已用引擎重新驗證)
初 5-3	ต่างกัน	tang kan	dāngˇ gan	不同、有差異	engine-auto	
初 5-3	ต่างกันยังไง	tang kan yang ngai	dāngˇ gan yang ngai	有什麼不同	engine-auto	
初 5-3	ช็อกโกแลตสองอันนี้ต่างกันยังไง	chock ko laet song an nee tang kan yang ngai	chɔ̄kˋ gō lɛ̄tˋ sɔ̄ngˊ an nī~ dāngˇ gan yang ngai	這兩個巧克力有什麼不同	engine-auto	
初 5-3	ราคาต่างกัน	ra kha tang kan	rā kā dāngˇ gan	價格不同	book-exact	(book-exact已用引擎重新驗證)
初 5-3	อันนี้หวานกว่า	an nee wan kwa	an nī~ wānˊ gwāˇ	這個比較甜	engine-auto	
初 5-3	อายุต่างกัน	a yu tang kan	ā yu~ dāngˇ gan	年紀不同	engine-auto	
初 5-3	ไต้หวันกับเมืองไทยเวลาต่างกันหนึ่งชั่วโมง	tai wan kap mueang thai ve la tang kan nueng chu a mong	daiˋ wanˊ gapˇ mɯ̄ang tai wē lā dāngˇ gan nɯngˇ chūaˋ mōng	台灣跟泰國時間差一小時	engine-auto	
初 5-3	สามทุ่มครึ่ง	sam thum khrueng	sāmˊ tumˋ krɯngˋ	九點半	engine-auto	
初 5-3	สองทุ่มครึ่ง	song thum khrueng	sɔ̄ngˊ tumˋ krɯngˋ	八點半	engine-auto	
初 5-3	เป็นโรคอะไร	pen rok a rai	ben rōkˋ aˇ rai	得了什麼病	engine-auto	
初 5-3	โรค	rok	rōkˋ	疾病	book-exact	(book-exact已用引擎重新驗證)
初 5-3	เป็น	pen	ben	是（患病）	book-exact	(book-exact已用引擎重新驗證)
初 5-3	เป็นโรคเบาหวาน	pen rok bao wan	ben rōkˋ bhāu wānˊ	患有糖尿病	book-exact	(book-exact已用引擎重新驗證)
初 5-3	เบาหวาน	bao wan	bhāu wānˊ	糖尿病	engine-auto	
初 5-3	มะเร็ง	ma reng	ma~ reng	癌症	engine-auto	
初 5-3	เขาเป็นมะเร็ง	khao pen ma reng	kāuˊ ben ma~ reng	他患有癌症	engine-auto	
初 5-3	เอดส์	et	ētˇ	愛滋病	engine-auto	
初 5-3	เขาเป็นเอดส์	khao pen et	kāuˊ ben ētˇ	他患有愛滋病	engine-auto	
初 5-3	กรอบ	krop	grɔ̄pˇ	很脆	book-exact	(book-exact已用引擎重新驗證)
初 5-3	คะน้าหมูกรอบ	khana moo krop	ka~ nā~ mūˊ grɔ̄pˇ	芥蘭脆皮豬肉	engine-auto	
初 5-3	หมูกรอบ	moo krop	mūˊ grɔ̄pˇ	脆皮豬肉（燒肉）	engine-auto	
初 5-3	ก็ชอบเหมือนกัน	kor chop muean kan	gɔ̄ˋ chɔ̄pˋ mɯ̄anˊ gan	也喜歡	engine-auto	
初 5-3	ไก่ทอดกรอบ	kai thot krop	gaiˇ tɔ̄tˋ grɔ̄pˇ	脆皮炸雞	engine-auto	
初 5-3	กินไก่ทอดกรอบไหมคะ	kin kai thot krop mai kha	gin gaiˇ tɔ̄tˋ grɔ̄pˇ maiˊ ka~	吃脆皮炸雞嗎？	engine-auto	
初 5-3	เอากรอบๆ หน่อย	ao krop krop noi	au grɔ̄pˇ grɔ̄pˇ nɔ̄iˇ	要脆一點	engine-auto	
初 5-3	ขม	khom	komˊ	苦	derived	
初 5-3	มะระ	ma ra	ma~ ra~	苦瓜	engine-auto	
初 5-3	ประโยชน์	pra yote	braˇ yōtˋ	好處（有用）	engine-auto	
初 5-3	มะระขมแต่มีประโยชน์	ma ra khom tae mee pra yote	ma~ ra~ komˊ dɛ̄ˇ mī braˇ yōtˋ	苦瓜很苦但是很有好處	derived	
初 5-3	กลัว	klua	glūa	怕	engine-auto	
初 5-3	ตกงาน	tok ngan	dokˇ ngān	失業	engine-auto	
初 5-3	กลัวตกงานไหมคะ	klua tok ngan mai kha	glūa dokˇ ngān maiˊ ka~	怕失業嗎？	engine-auto	
初 5-3	กลัวตกเครื่อง	klua tok khrueang	glūa dokˇ krɯ̄angˋ	怕趕不上飛機	engine-auto	
初 5-3	เครื่องตก	khrueang tok	krɯ̄angˋ dokˇ	墜機	engine-auto	
初 5-3	กลัวติดโรค	klua tit rok	glūa ditˇ rōkˋ	怕染病	engine-auto	
初 5-3	ติด	tit	ditˇ	靠近（染、黏）	engine-auto	
初 5-3	ติดโรค	tit rok	ditˇ rōkˋ	染病	engine-auto	
初 5-3	ติดโควิด 19	tit covid sip kao	ditˇ kō wit~ 19	感染新冠肺炎	engine-auto	
初 5-3	กลัวเมียจับได้	klua mia chap dai	glūa mīa japˇ dhaiˋ	怕老婆抓到	engine-auto	
初 5-3	จับได้	chap dai	japˇ dhaiˋ	抓到	engine-auto	
初 5-3	เหม็น	men	menˊ	臭	book-exact	(book-exact已用引擎重新驗證)
初 5-3	เหม็นควันรถ	men khwan rot	menˊ kwan rot~	臭車煙	engine-auto	
初 5-3	ควัน	khwan	kwan	煙	engine-auto	
初 5-3	เหม็นควันบุหรี่	men khwan buri	menˊ kwan bhuˇ rīˇ	臭菸味	engine-auto	
初 5-3	เหม็นคาว	men khao	menˊ kāu	腥味	engine-auto	
初 5-3	เต้าหู้เหม็น	tao hoo men	dāuˋ hūˋ menˊ	臭豆腐	engine-auto	
初 5-3	ยิ่งเหม็นยิ่งอร่อย	ying men ying a roy	yingˋ menˊ yingˋ aˇ rɔ̄iˋ	越臭越好吃	engine-auto	
初 5-3	กลิ่น	klin	glinˇ	氣味	engine-auto	
初 5-3	กลิ่นตัว	klin tua	glinˇ dūa	體味	engine-auto	
初 5-3	กลิ่นตัวเหม็น	klin tua men	glinˇ dūa menˊ	體味很臭	engine-auto	
初 5-3	เขามีกลิ่นตัว	khao mee klin tua	kāuˊ mī glinˇ dūa	他有體味	engine-auto	
初 5-3	กลิ่นปาก	klin pak	glinˇ bākˇ	口臭	engine-auto	
初 5-3	กินกระเทียมเยอะมีกลิ่นปาก	kin kra thiam yer mee klin pak	gin graˇ tīam yə~ mī glinˇ bākˇ	吃很多大蒜會有口臭	engine-auto	
初 5-3	ไหม้	mai	maiˋ	燒焦	engine-auto	
初 5-3	กลิ่นไหม้	klin mai	glinˇ maiˋ	燒焦味	engine-auto	
初 5-3	ไหม้แล้ว	mai laeo	maiˋ lɛ̄u~	燒焦了	engine-auto	
初 5-3	หมูย่างไหม้แล้ว	moo yang mai laeo	mūˊ yāngˋ maiˋ lɛ̄u~	烤豬肉燒焦了	engine-auto	
初 5-3	กลิ่นแปลกๆ	klin plaek plaek	glinˇ blɛ̄kˇ blɛ̄kˇ	怪怪的味道	engine-auto	
初 5-3	ดุ	du	dhuˇ	兇	engine-auto	
初 5-3	メียดุ	mia du		老婆很兇	unresolved	英文外來語/正式縮寫/原始資料異常，見全課-仍不確定清單.tsv
初 5-3	ผีดุ	phee du	pīˊ dhuˇ	惡鬼	engine-auto	
初 5-3	เจ้านาย	chao nai	jāuˋ nāi	上司	engine-auto	
初 5-3	เจ้านายดุ	chao nai du	jāuˋ nāi dhuˇ	上司很兇	engine-auto	
初 5-3	หน้าดุ	na du	nāˋ dhuˇ	看起來很兇	engine-auto	
初 5-3	โดนพ่อดุ	don phor du	dhōn pɔ̄ˋ dhuˇ	被爸爸罵	engine-auto	
初 5-3	แย่	yae	yɛ̄ˋ	糟糕	engine-auto	
初 5-3	ช่วงนี้อากาศแย่	chuang nee a kat yae	chūangˋ nī~ ā gātˇ yɛ̄ˋ	最近天氣很糟	engine-auto	
初 5-3	อากาศ	a kat	ā gātˇ	天氣	book-exact	(book-exact已用引擎重新驗證)
初 5-3	วันนี้อากาศเป็นยังไง	wan nee a kat pen yang ngai	wan nī~ ā gātˇ ben yang ngai	今天天氣怎麼樣	engine-auto	
初 5-3	อากาศเย็นสบาย	a kat yen sa bai	ā gātˇ yen saˇ bhāi	天氣涼爽舒適	engine-auto	
初 5-3	อาการ	a kan	ā gān	症狀	engine-auto	
初 5-3	อาการแย่	a kan yae	ā gān yɛ̄ˋ	症狀很糟	engine-auto	
初 5-3	นิสัย	ni sai	ni~ saiˊ	個性	engine-auto	
初 5-3	นิสัยแย่	ni sai yae	ni~ saiˊ yɛ̄ˋ	個性很糟	engine-auto	
初 5-3	คนนี้นิสัยแย่มาก	khon nee ni sai yae mak	kon nī~ ni~ saiˊ yɛ̄ˋ mākˋ	這個人個性很糟	engine-auto	
初 5-3	นิสัยแย่จริงๆ	ni sai yae jing jing	ni~ saiˊ yɛ̄ˋ jing jing	個性真的變很糟	derived	
初 5-3	ขับรถแย่	khap rot yae	kapˇ rot~ yɛ̄ˋ	開車技術很爛	engine-auto	
初 5-3	รสชาติ	rot chaat	rot~ chātˋ	口味（味道）	book-exact	(book-exact已用引擎重新驗證)
初 5-3	อร่อยไหม	a roy mai	aˇ rɔ̄iˋ maiˊ	好吃嗎	engine-auto	
初 5-3	รสชาติเป็นยังไงบ้าง	rot chaat pen yang ngai bang	rot~ chātˋ ben yang ngai bhāngˋ	口味如何呢	derived	
初 5-3	รสชาติดี	rot chaat dee	rot~ chātˋ dhī	口味很好	derived	
初 5-3	รสชาติอร่อย	rot chaat a roy	rot~ chātˋ aˇ rɔ̄iˋ	味道很好吃	derived	
初 5-3	ไม่มีรสชาติ	mai mee rot chaat	maiˋ mī rot~ chātˋ	沒有味道	derived	
初 5-3	รสชาติแย่มาก	rot chaat yae mak	rot~ chātˋ yɛ̄ˋ mākˋ	味道很糟糕	derived	
初 5-3	มาม่ารสอะไร	ma ma rot a rai	mā māˋ rot~ aˇ rai	泡麵什麼口味	book-exact	(book-exact已用引擎重新驗證)
初 5-3	คุณชอบมาม่ารสอะไร	khun chop ma ma rot a rai	kun chɔ̄pˋ mā māˋ rot~ aˇ rai	你喜歡什麼口味的泡麵	derived	
初 5-3	มาม่ารสต้มยำ	ma ma rot tom yum	mā māˋ rot~ domˋ yam	酸辣蝦湯口味泡麵	derived	
初 5-3	มาม่ารสแกงเขียวหวาน	ma ma rot kaeng khiao wan	mā māˋ rot~ gɛ̄ng kīauˊ wānˊ	綠咖哩口味泡麵	derived	
初 5-3	.	.	.	.	engine-auto	
初 5-3	แย่	yae	yɛ̄ˋ	糟糕	engine-auto	
初 5-3	ช่วงนี้อากาศแย่	chuang nee a kat yae	chūangˋ nī~ ā gātˇ yɛ̄ˋ	最近天氣很糟	engine-auto	
初 5-3	อากาศ	a kat	ā gātˇ	天氣	book-exact	(book-exact已用引擎重新驗證)
初 5-3	วันนี้อากาศเป็นยังไง	wan nee a kat pen yang ngai	wan nī~ ā gātˇ ben yang ngai	今天天氣怎麼樣	engine-auto	
初 5-3	อากาศเย็นสบาย	a kat yen sa bai	ā gātˇ yen saˇ bhāi	天氣涼爽舒適	engine-auto	
初 5-3	อาการ	a kan	ā gān	症狀	engine-auto	
初 5-3	อาการแย่	a kan yae	ā gān yɛ̄ˋ	症狀很糟	engine-auto	
初 5-3	นิสัย	ni sai	ni~ saiˊ	個性	engine-auto	
初 5-3	นิสัยแย่	ni sai yae	ni~ saiˊ yɛ̄ˋ	個性很糟	engine-auto	
初 5-3	คนนี้นิสัยแย่มาก	khon nee ni sai yae mak	kon nī~ ni~ saiˊ yɛ̄ˋ mākˋ	這個人個性很糟	engine-auto	
初 5-3	นิสัยแย่จริงๆ	ni sai yae jing jing	ni~ saiˊ yɛ̄ˋ jing jing	個性真的變很糟	derived	
初 5-3	ขับรถแย่	khap rot yae	kapˇ rot~ yɛ̄ˋ	開車技術很爛	engine-auto	
初 5-3	รสชาติ	rot chaat	rot~ chātˋ	口味（味道）	book-exact	(book-exact已用引擎重新驗證)
初 5-3	อร่อยไหม	a roy mai	aˇ rɔ̄iˋ maiˊ	好吃嗎	engine-auto	
初 5-3	รสชาติเป็นยังไงบ้าง	rot chaat pen yang ngai bang	rot~ chātˋ ben yang ngai bhāngˋ	口味如何呢	derived	
初 5-3	รสชาติดี	rot chaat dee	rot~ chātˋ dhī	口味很好	derived	
初 5-3	รสชาติอร่อย	rot chaat a roy	rot~ chātˋ aˇ rɔ̄iˋ	味道很好吃	derived	
初 5-3	ไม่มีรสชาติ	mai mee rot chaat	maiˋ mī rot~ chātˋ	沒有味道	derived	
初 5-3	รสชาติแย่มาก	rot chaat yae mak	rot~ chātˋ yɛ̄ˋ mākˋ	味道很糟糕	derived	
初 5-3	มาม่ารสอะไร	ma ma rot a rai	mā māˋ rot~ aˇ rai	泡麵什麼口味	book-exact	(book-exact已用引擎重新驗證)
初 5-3	คุณชอบมาม่ารสอะไร	khun chop ma ma rot a rai	kun chɔ̄pˋ mā māˋ rot~ aˇ rai	你喜歡什麼口味的泡麵	derived	
初 5-3	มาม่ารสต้มยำ	ma ma rot tom yum	mā māˋ rot~ domˋ yam	酸辣蝦湯口味泡麵	derived	
初 5-3	มาม่ารสแกงเขียวหวาน	ma ma rot kaeng khiao wan	mā māˋ rot~ gɛ̄ng kīauˊ wānˊ	綠咖哩口味泡麵	derived	
初 5-3	รู้สึก	ru suek	rū~ sɯkˇ	感覺	engine-auto	
初 5-3	รู้สึกอะไรไหม	ru suek a rai mai	rū~ sɯkˇ aˇ rai maiˊ	有感覺到什麼嗎	engine-auto	
初 5-3	รู้สึกง่วงนอน	ru suek nguang non	rū~ sɯkˇ ngūangˋ nɔ̄n	感覺想睡覺	engine-auto	
初 5-3	รู้สึกง่วง	ru suek nguang	rū~ sɯkˇ ngūangˋ	感覺睏	engine-auto	
初 5-3	รู้สึกงง	ru suek ngong	rū~ sɯkˇ ngong	感到很糊塗	derived	
初 5-3	รู้สึกหนาว	ru suek nao	rū~ sɯkˇ nāuˊ	覺得很冷	engine-auto	
初 5-3	รู้สึกสนุก	ru suek sa nook	rū~ sɯkˇ saˇ nuk~	感到好玩	engine-auto	
初 5-3	รู้สึกแปลก	ru suek plaek	rū~ sɯkˇ blɛ̄kˇ	感覺奇怪	engine-auto	
初 5-3	รู้สึกแปลกจัง	ru suek plaek jang	rū~ sɯkˇ blɛ̄kˇ jang	感覺真奇怪	book-exact	(book-exact已用引擎重新驗證)
初 5-3	แปลก	plaek	blɛ̄kˇ	奇怪	engine-auto	
初 5-3	จัง	jang	jang	真的（口語）	engine-auto	
初 5-3	แปลกมาก	plaek mak	blɛ̄kˇ mākˋ	非常奇怪	engine-auto	
初 5-3	แปลกจริงๆ	plaek jing jing	blɛ̄kˇ jing jing	真的奇怪	derived	
初 5-3	วันนี้คุณดูแปลกๆ	wan nee khun doo plaek plaek	wan nī~ kun dhū blɛ̄kˇ blɛ̄kˇ	今天你看起來怪怪的	engine-auto	
初 5-3	ร้อนจัง	ron jang	rɔ̄n~ jang	真熱	engine-auto	
初 5-3	น่ารักจัง	na rak jang	nāˋ rak~ jang	真可愛	engine-auto	
初 5-3	เก่งจัง	keng jang	gēngˇ jang	真厲害	engine-auto	
初 5-3	ชินแล้ว	chin laeo	chin lɛ̄u~	習慣了	engine-auto	
初 5-3	ชิน	chin	chin	習慣	engine-auto	
初 5-3	ชินหรือยัง	chin rue yang	chin rɯ̄ˊ yang	習慣了嗎	engine-auto	
初 5-3	還不進	yang mai chin	還不進	還不習慣	engine-auto	
初 5-3	ชินแล้วก็เลยไม่รู้สึก	chin laeo kor loei mai ru suek	chin lɛ̄u~ gɔ̄ˋ lə̄i maiˋ rū~ sɯkˇ	習慣了所以就沒感覺了	book-exact	(book-exact已用引擎重新驗證)
初 5-3	ต่างกัน	tang kan	dāngˇ gan	不同、有差異	engine-auto	
初 5-3	ต่างกันยังไง	tang kan yang ngai	dāngˇ gan yang ngai	有什麼不同	engine-auto	
初 5-3	ช็อกโกแลตสองอันนี้ต่างกันยังไง	chock ko laet song an nee tang kan yang ngai	chɔ̄kˋ gō lɛ̄tˋ sɔ̄ngˊ an nī~ dāngˇ gan yang ngai	這兩個巧克力有什麼不同	engine-auto	
初 5-3	ราคาต่างกัน	ra kha tang kan	rā kā dāngˇ gan	價格不同	book-exact	(book-exact已用引擎重新驗證)
初 5-3	อันนี้หวานกว่า	an nee wan kwa	an nī~ wānˊ gwāˇ	這個比較甜	engine-auto	
初 5-3	อายุต่างกัน	a yu tang kan	ā yu~ dāngˇ gan	年紀不同	engine-auto	
初 5-3	ไต้หวันกับเมืองไทยเวลาต่างกันหนึ่งชั่วโมง	tai wan kap mueang thai ve la tang kan nueng chu a mong	daiˋ wanˊ gapˇ mɯ̄ang tai wē lā dāngˇ gan nɯngˇ chūaˋ mōng	台灣跟泰國時間差一小時	engine-auto	
初 5-3	三ทุ่มครึ่ง	sam thum khrueng	三 tumˋ krɯngˋ	九點半	engine-auto	
初 5-3	二ทุ่มครึ่ง	song thum khrueng	二 tumˋ krɯngˋ	八點半	engine-auto	
初 5-3	เป็นโรคอะไร	pen rok a rai	ben rōkˋ aˇ rai	得了什麼病	engine-auto	
初 5-3	โรค	rok	rōkˋ	疾病	book-exact	(book-exact已用引擎重新驗證)
初 5-3	เป็น	pen	ben	是（用於患病）	book-exact	(book-exact已用引擎重新驗證)
初 5-3	เป็นโรคเบาหวาน	pen rok bao wan	ben rōkˋ bhāu wānˊ	患有糖尿病	book-exact	(book-exact已用引擎重新驗證)
初 5-3	เบาหวาน	bao wan	bhāu wānˊ	糖尿病	engine-auto	
初 5-3	มะเร็ง	ma reng	ma~ reng	癌症	engine-auto	
初 5-3	เขาเป็นมะเร็ง	khao pen ma reng	kāuˊ ben ma~ reng	他患有癌症	engine-auto	
初 5-3	เอดส์	et	ētˇ	愛滋病	engine-auto	
初 5-3	เขาเป็นเอดส์	khao pen et	kāuˊ ben ētˇ	他患有愛滋病	engine-auto	
初 5-3	กรอบ	krop	grɔ̄pˇ	很脆	book-exact	(book-exact已用引擎重新驗證)
初 5-3	คะน้าหมูกรอบ	khana moo krop	ka~ nā~ mūˊ grɔ̄pˇ	芥蘭脆皮豬肉	engine-auto	
初 5-3	หมูกรอบ	moo krop	mūˊ grɔ̄pˇ	脆皮豬肉（燒肉）	engine-auto	
初 5-3	ก็ชอบเหมือนกัน	kor chop muean kan	gɔ̄ˋ chɔ̄pˋ mɯ̄anˊ gan	也喜歡	engine-auto	
初 5-3	ไก่ทอดกรอบ	kai thot krop	gaiˇ tɔ̄tˋ grɔ̄pˇ	脆皮炸雞	engine-auto	
初 5-3	กินไก่ทอดกรอบไหมคะ	kin kai thot krop mai kha	gin gaiˇ tɔ̄tˋ grɔ̄pˇ maiˊ ka~	吃脆皮炸雞嗎？	engine-auto	
初 5-3	เอากรอบๆ หน่อย	ao krop krop noi	au grɔ̄pˇ grɔ̄pˇ nɔ̄iˇ	要脆一點	engine-auto	
初 5-3	ขม	khom	komˊ	苦	derived	
初 5-3	มะระ	ma ra	ma~ ra~	苦瓜	engine-auto	
初 5-3	ประโยชน์	pra yote	braˇ yōtˋ	好處（有用）	engine-auto	
初 5-3	มะระขมแต่มีประโยชน์	ma ra khom tae mee pra yote	ma~ ra~ komˊ dɛ̄ˇ mī braˇ yōtˋ	苦瓜很苦但是很有好處	derived	
初 5-3	กลัว	klua	glūa	怕	engine-auto	
初 5-3	ตกงาน	tok ngan	dokˇ ngān	失業	engine-auto	
初 5-3	กลัวตกงานไหมคะ	klua tok ngan mai kha	glūa dokˇ ngān maiˊ ka~	怕失業嗎？	engine-auto	
初 5-3	กลัวตกเครื่อง	klua tok khrueang	glūa dokˇ krɯ̄angˋ	怕趕不上飛機	engine-auto	
初 5-3	เครื่องตก	khrueang tok	krɯ̄angˋ dokˇ	墜機	engine-auto	
初 5-3	กลัวติดโรค	klua tit rok	glūa ditˇ rōkˋ	怕染病	engine-auto	
初 5-3	ติด	tit	ditˇ	靠近（染、黏）	engine-auto	
初 5-3	ติดโรค	tit rok	ditˇ rōkˋ	染病	engine-auto	
初 5-3	ติดโควิด 19	tit covid sip kao	ditˇ kō wit~ 19	感染新冠肺炎	engine-auto	
初 5-3	กลัวเมียจับได้	klua mia chap dai	glūa mīa japˇ dhaiˋ	怕老婆抓到	engine-auto	
初 5-3	จับได้	chap dai	japˇ dhaiˋ	抓到	engine-auto	
初 5-3	เหม็น	men	menˊ	臭	book-exact	(book-exact已用引擎重新驗證)
初 5-3	เหม็นควันรถ	men khwan rot	menˊ kwan rot~	臭車煙	engine-auto	
初 5-3	ควัน	khwan	kwan	煙	engine-auto	
初 5-3	เหม็นควันบุหรี่	men khwan buri	menˊ kwan bhuˇ rīˇ	臭菸味	engine-auto	
初 5-3	เหม็นคาว	men khao	menˊ kāu	腥味	engine-auto	
初 5-3	เต้าหู้เหม็น	tao hoo men	dāuˋ hūˋ menˊ	臭豆腐	engine-auto	
初 5-3	ยิ่งเหม็นยิ่งอร่อย	ying men ying a roy	yingˋ menˊ yingˋ aˇ rɔ̄iˋ	越臭越好吃	engine-auto	
初 5-3	กลิ่น	klin	glinˇ	氣味	engine-auto	
初 5-3	กลิ่นตัว	klin tua	glinˇ dūa	體味	engine-auto	
初 5-3	กลิ่นตัวเหม็น	klin tua men	glinˇ dūa menˊ	體味很臭	engine-auto	
初 5-3	เขามีกลิ่นตัว	khao mee klin tua	kāuˊ mī glinˇ dūa	他有體味	engine-auto	
初 5-3	กลิ่นปาก	klin pak	glinˇ bākˇ	口臭	engine-auto	
初 5-3	กินกระเทียมเยอะมีกลิ่นปาก	kin kra thiam yer mee klin pak	gin graˇ tīam yə~ mī glinˇ bākˇ	吃很多大蒜會有口臭	engine-auto	
初 5-3	ไหม้	mai	maiˋ	燒焦	engine-auto	
初 5-3	กลิ่นไหม้	klin mai	glinˇ maiˋ	燒焦味	engine-auto	
初 5-3	ไหม้แล้ว	mai laeo	maiˋ lɛ̄u~	燒焦了	engine-auto	
初 5-3	หมูย่างไหม้แล้ว	moo yang mai laeo	mūˊ yāngˋ maiˋ lɛ̄u~	烤豬肉燒焦了	engine-auto	
初 5-3	กลิ่นแปลกๆ	klin plaek plaek	glinˇ blɛ̄kˇ blɛ̄kˇ	怪怪的味道	engine-auto	
初 5-3	ดุ	du	dhuˇ	兇	engine-auto	
初 5-3	เมียดุ	mia du	mīa dhuˇ	老婆很兇	engine-auto	
初 5-3	ผีดุ	phee du	pīˊ dhuˇ	惡鬼	engine-auto	
初 5-3	เจ้านาย	chao nai	jāuˋ nāi	上司	engine-auto	
初 5-3	เจ้านายดุ	chao nai du	jāuˋ nāi dhuˇ	上司很兇	engine-auto	
初 5-3	หน้าดุ	na du	nāˋ dhuˇ	看起來很兇	engine-auto	
初 5-3	โ動พ่อดุ	don phor du		被爸爸罵	unresolved	英文外來語/正式縮寫/原始資料異常，見全課-仍不確定清單.tsv
初 5-3	แย่	yae	yɛ̄ˋ	糟糕	engine-auto	
初 5-3	ช่วงนี้อากาศแย่	chuang nee a kat yae	chūangˋ nī~ ā gātˇ yɛ̄ˋ	最近天氣很糟	engine-auto	
初 5-3	อากาศ	a kat	ā gātˇ	天氣	book-exact	(book-exact已用引擎重新驗證)
初 5-3	วันนี้อากาศเป็นยังไง	wan nee a kat pen yang ngai	wan nī~ ā gātˇ ben yang ngai	今天天氣怎麼樣	engine-auto	
初 5-3	อากาศเย็นสบาย	a kat yen sa bai	ā gātˇ yen saˇ bhāi	天氣涼爽舒適	engine-auto	
初 5-3	อาการ	a kan	ā gān	症狀	engine-auto	
初 5-3	อาการแย่	a kan yae	ā gān yɛ̄ˋ	症狀很糟	engine-auto	
初 5-3	นิสัย	ni sai	ni~ saiˊ	個性	engine-auto	
初 5-3	นิสัยแย่	ni sai yae	ni~ saiˊ yɛ̄ˋ	個性很糟	engine-auto	
初 5-3	คนนี้นิสัยแย่มาก	khon nee ni sai yae mak	kon nī~ ni~ saiˊ yɛ̄ˋ mākˋ	這個人個性很糟	engine-auto	
初 5-3	นิสัยแย่จริงๆ	ni sai yae jing jing	ni~ saiˊ yɛ̄ˋ jing jing	個性真的變很糟	derived	
初 5-3	ขับรถแย่	khap rot yae	kapˇ rot~ yɛ̄ˋ	開車技術很爛	engine-auto	
初 5-3	รสชาติ	rot chaat	rot~ chātˋ	口味（味道）	book-exact	(book-exact已用引擎重新驗證)
初 5-3	อร่อยไหม	a roy mai	aˇ rɔ̄iˋ maiˊ	好吃嗎	engine-auto	
初 5-3	รสชาติเป็นยังไงบ้าง	rot chaat pen yang ngai bang	rot~ chātˋ ben yang ngai bhāngˋ	口味如何呢	derived	
初 5-3	รสชาติดี	rot chaat dee	rot~ chātˋ dhī	口味很好	derived	
初 5-3	รสชาติอร่อย	rot chaat a roy	rot~ chātˋ aˇ rɔ̄iˋ	味道很好吃	derived	
初 5-3	ไม่มีรสชาติ	mai mee rot chaat	maiˋ mī rot~ chātˋ	沒有味道	derived	
初 5-3	รสชาติแย่มาก	rot chaat yae mak	rot~ chātˋ yɛ̄ˋ mākˋ	味道很糟糕	derived	
初 5-3	มาม่ารสอะไร	ma ma rot a rai	mā māˋ rot~ aˇ rai	泡麵什麼口味	book-exact	(book-exact已用引擎重新驗證)
初 5-3	คุณชอบมาม่ารสอะไร	khun chop ma ma rot a rai	kun chɔ̄pˋ mā māˋ rot~ aˇ rai	你喜歡什麼口味的泡麵	derived	
初 5-3	มาม่ารสต้มยำ	ma ma rot tom yum	mā māˋ rot~ domˋ yam	酸辣蝦湯口味泡麵	derived	
初 5-3	มาม่ารสแกงเขียวหวาน	ma ma rot kaeng khiao wan	mā māˋ rot~ gɛ̄ng kīauˊ wānˊ	綠咖哩口味泡麵	derived	
初 5-3	ยุ่ง	yung	yungˋ	忙	engine-auto	
初 5-3	ช่วงนี้งานยุ่ง	chuang nee ngan yung	chūangˋ nī~ ngān yungˋ	這陣子工作忙	engine-auto	
初 5-3	ช่วงนี้ยุ่งไหม	chuang nee yung mai	chūangˋ nī~ yungˋ maiˊ	這陣子忙嗎	engine-auto	
初 5-3	ยุ่ง	yung	yungˋ	管（干涉）	engine-auto	
初 5-3	ยุ่งกับฉัน	yung kap chan	yungˋ gapˇ chanˊ	管我	engine-auto	
初 5-3	อย่ามายุ่งกับผม	ya ma yung kap phom	yāˋ mā yungˋ gapˇ pomˊ	別來管我	engine-auto	
初 5-3	อย่าไปยุ่งกับเขา	ya pai yung kap khao	yāˋ bai yungˋ gapˇ kāuˊ	別去管他	engine-auto	
初 5-3	กำลังยุ่งอยู่	kam lang yung yu	gam lang yungˋ yūˋ	正在忙	engine-auto	
初 5-3	เดี๋ยวโทรกลับ	dieo tho klap	dhīauˊ tō glapˇ	等一下回撥	engine-auto	
初 5-3	แน่นอน	nae non	nɛ̄ˋ nɔ̄n	當然（一定）	book-exact	(book-exact已用引擎重新驗證)
初 5-3	ยังไม่แน่นอน	yang mai nae non	yang maiˋ nɛ̄ˋ nɔ̄n	還不確定	engine-auto	
初 5-3	ยังไม่แน่	yang mai nae	yang maiˋ nɛ̄ˋ	還不確定（簡略）	engine-auto	
初 5-3	ศูนย์คะแนน	soon khanaen	sūnˊ ka~ nɛ̄n	零分	engine-auto	
初 5-3	ตายแน่นอน	tai nae non	dāi nɛ̄ˋ nɔ̄n	死定了	engine-auto	
初 5-3	ตายแน่	tai nae	dāi nɛ̄ˋ	死定了（語氣強烈）	engine-auto	
初 5-3	ตายแน่ๆ	tai nae nae	dāi nɛ̄ˋ nɛ̄ˋ	死定了（重複強調）	engine-auto	
初 5-3	คิวยาวแน่นอน	queue yao nae non	kiw yāu nɛ̄ˋ nɔ̄n	一定排很長	engine-auto	
初 5-3	เข้าคิว	khao queue	kāuˋ kiw	排隊	engine-auto	
初 5-3	เข้าคิวซื้อมือถือ	khao queue sue mue thue	kāuˋ kiw sɯ̄~ mɯ̄ tɯ̄ˊ	排隊買手機	engine-auto	
初 5-3	ซื้อหวยพรุ่งนี้รวยแน่นอน	sue huai phrung nee ruai nae non	sɯ̄~ hūayˊ prungˋ nī~ rūay nɛ̄ˋ nɔ̄n	買彩券明天一定發財	derived	
初 5-3	รวยแน่ๆ	ruai nae nae	rūay nɛ̄ˋ nɛ̄ˋ	一定發財	engine-auto	
初 5-3	บ้า	ba	bhāˋ	瘋	engine-auto	
初 5-3	บ้าหวย	ba huai	bhāˋ hūayˊ	瘋樂透	derived	
初 5-3	บ้าบอล	ba bon	bhāˋ bhɔ̄n	瘋足球	engine-auto	
初 5-3	บ้าเบสบอล	ba baseball	bhāˋ bhētˇ bhɔ̄n	瘋棒球	engine-auto	
初 5-3	บ้าดารา	ba dara	bhāˋ dhā rā	瘋明星	engine-auto	
初 5-3	บ้าจี้	ba jee	bhāˋ jīˋ	怕癢	engine-auto	
初 5-3	คนบ้างาน	khon ba ngan	kon bhāˋ ngān	工作狂	engine-auto	
初 5-3	คนบ้า	khon ba	kon bhāˋ	瘋子	engine-auto	
初 5-3	ตรงนั้นมีคนบ้า	trong nan mee khon ba	drong nan~ mī kon bhāˋ	那邊有瘋子	engine-auto	
初 5-3	ยาบ้า	ya ba	yā bhāˋ	瘋狂藥丸（安非他命）	engine-auto	
初 5-3	อาทิตย์หน้าเจอกัน	athit na choe kan	ā tit~ nāˋ jə̄ gan	下禮拜見	engine-auto	
初 5-3	วันนี้ขอบคุณมากนะคะ	wan nee khop khun mak na kha	wan nī~ kɔ̄pˇ kun mākˋ na~ ka~	今天非常感謝	engine-auto	
初 5-4	ครั้งที่ 4	krang tee see	krang~ tīˋ 4	第四次	engine-auto	
初 5-4	รู้สึก	roo seuk	rū~ sɯkˇ	覺得	engine-auto	
初 5-4	กลัว	glua	glūa	害怕	engine-auto	
初 5-4	รู้สึกกลัว	roo seuk glua	rū~ sɯkˇ glūa	覺得害怕	engine-auto	
初 5-4	ขี้เกียจ	kee giat	kīˋ gīatˇ	懶惰	engine-auto	
初 5-4	รู้สึกขี้เกียจ	roo seuk kee giat	rū~ sɯkˇ kīˋ gīatˇ	覺得懶惰	engine-auto	
初 5-4	ง่าย	ngai	ngāiˋ	容易	engine-auto	
初 5-4	เหนื่อย	neuay	nɯ̄aiˇ	累	engine-auto	
初 5-4	เหนื่อยง่าย	neuay ngai	nɯ̄aiˇ ngāiˋ	容易累	engine-auto	
初 5-4	รู้สึกเหนื่อยง่าย	roo seuk neuay ngai	rū~ sɯkˇ nɯ̄aiˇ ngāiˋ	覺得容易累	engine-auto	
初 5-4	เบื่อ	beua	bhɯ̄aˇ	無聊	engine-auto	
初 5-4	รู้สึกเบื่อ	roo seuk beua	rū~ sɯkˇ bhɯ̄aˇ	覺得無聊	engine-auto	
初 5-4	เสียดาย	sia dai	sīaˊ dhāi	可惜	engine-auto	
初 5-4	รู้สึกเสียดาย	roo seuk sia dai	rū~ sɯkˇ sīaˊ dhāi	覺得可惜	engine-auto	
初 5-4	รู้สึกเหม็น	roo seuk men	rū~ sɯkˇ menˊ	覺得臭	engine-auto	
初 5-4	แปลก	bplaek	blɛ̄kˇ	奇怪	engine-auto	
初 5-4	รสชาติ	rot chat	rot~ chātˋ	味道	book-exact	(book-exact已用引擎重新驗證)
初 5-4	รสชาติแปลกๆ	rot chat bplaek bplaek	rot~ chātˋ blɛ̄kˇ blɛ̄kˇ	味道怪怪的	derived	
初 5-4	วันนี้คุณดูแปลกๆ	wan nee kun doo bplaek bplaek	wan nī~ kun dhū blɛ̄kˇ blɛ̄kˇ	今天你看起來怪怪的	engine-auto	
初 5-4	ช่วงนี้มีเรื่องแปลกๆ	chuang nee mee rueang bplaek bplaek	chūangˋ nī~ mī rɯ̄angˋ blɛ̄kˇ blɛ̄kˇ	最近有奇怪的事情發生	engine-auto	
初 5-4	คนแปลกหน้า	kon bplaek na	kon blɛ̄kˇ nāˋ	陌生人	engine-auto	
初 5-4	อย่าเชื่อคนแปลกหน้า	ya cheua kon bplaek na	yāˋ chɯ̄aˋ kon blɛ̄kˇ nāˋ	不要相信陌生人	engine-auto	
初 5-4	ชินแล้วก็เลยไม่รู้สึก	chin laew gor loey mai roo seuk	chin lɛ̄u~ gɔ̄ˋ lə̄i maiˋ rū~ sɯkˇ	習慣了所以沒感覺	book-exact	(book-exact已用引擎重新驗證)
初 5-4	อยู่ไต้หวันชินหรือยัง	yoo dtai wan chin reu yang	yūˋ daiˋ wanˊ chin rɯ̄ˊ yang	在台灣習慣了嗎	engine-auto	
初 5-4	อยู่เมืองไทยชินหรือยัง	yoo mueang tai chin reu yang	yūˋ mɯ̄ang tai chin rɯ̄ˊ yang	在泰國習慣了嗎	engine-auto	
初 5-4	อยู่ 10 ปีแล้วแต่ยังไม่ชิน	yoo sip pee laew dtae yang mai chin	yūˋ 10 bī lɛ̄u~ dɛ̄ˇ yang maiˋ chin	住十年了但還不習慣	engine-auto	
初 5-4	ใจเย็นๆ เดี๋ยวก็ชิน	jai yen yen diao gor chin	jai yen yen dhīauˊ gɔ̄ˋ chin	冷靜點，等一下就習慣了	engine-auto	
初 5-4	ต่างกัน	dtang gan	dāngˇ gan	不同	engine-auto	
初 5-4	สองรุ่นนี้ต่างกันยังไง	song roon nee dtang gan yang ngai	sɔ̄ngˊ runˋ nī~ dāngˇ gan yang ngai	這兩款有什麼不同	engine-auto	
初 5-4	ราคาต่างกัน	ra ka dtang gan	rā kā dāngˇ gan	價格不同	book-exact	(book-exact已用引擎重新驗證)
初 5-4	沒有什麼不同	mai mee arai dtang gan loey	沒有什麼不同	沒什麼不同	engine-auto	
初 5-4	ต่างกันแค่ราคา	dtang gan kae ra ka	dāngˇ gan kɛ̄ˋ rā kā	只差在價格	engine-auto	
初 5-4	ราคาต่างกันหนึ่งหมื่นบาท	ra ka dtang gan neung muen baat	rā kā dāngˇ gan nɯngˇ mɯ̄nˇ bhātˇ	價格差一萬銖	engine-auto	
初 5-4	โรค	rok	rōkˋ	疾病	book-exact	(book-exact已用引擎重新驗證)
初 5-4	เขาเป็นโรคอะไร	kao bpen rok arai	kāuˊ ben rōkˋ aˇ rai	他得了什麼病？	engine-auto	
初 5-4	เขาเป็นโรคเอดส์	kao bpen rok et	kāuˊ ben rōkˋ ētˇ	他得了愛滋病	engine-auto	
初 5-4	ภรรยาเป็นโรคมะเร็ง	panyaya bpen rok ma reng	pan yā ben rōkˋ ma~ reng	妻子得了癌症	derived	
初 5-4	ปู่เป็นโรคเบาหวาน	bpoo bpen rok bao waan	būˇ ben rōkˋ bhāu wānˊ	爺爺有糖尿病	engine-auto	
初 5-4	โรคหัวใจ	rok hua jai	rōkˋ hūaˊ jai	心臟病	engine-auto	
初 5-4	เขาเป็นโรคหัวใจ	kao bpen rok hua jai	kāuˊ ben rōkˋ hūaˊ jai	他得了心臟病	engine-auto	
初 5-4	กรอบ	grop	grɔ̄pˇ	酥脆	book-exact	(book-exact已用引擎重新驗證)
初 5-4	ไก่ทอดกรอบ	gai tot grop	gaiˇ tɔ̄tˋ grɔ̄pˇ	脆皮炸雞	engine-auto	
初 5-4	ข้าวหมูกรอบ	kao moo grop	kāuˋ mūˊ grɔ̄pˇ	脆皮燒肉飯	engine-auto	
初 5-4	ชอบกินข้าวหมูกรอบไหมคะ	chop gin kao moo grop mai ka	chɔ̄pˋ gin kāuˋ mūˊ grɔ̄pˇ maiˊ ka~	你喜歡吃脆皮燒肉飯嗎？	engine-auto	
初 5-4	ยิ่งกรอบยิ่งอร่อย	ying grop ying aroi	yingˋ grɔ̄pˇ yingˋ aˇ rɔ̄iˋ	越脆越好吃	engine-auto	
初 5-4	ช่วยทอดกรอบๆ หน่อย	chuay tot grop grop noi	chūayˋ tɔ̄tˋ grɔ̄pˇ grɔ̄pˇ nɔ̄iˇ	麻煩幫忙炸脆一點	engine-auto	
初 5-4	ขม	kom	komˊ	苦	derived	
初 5-4	ของอะไรมีรสขม	kong arai mee rot kom	kɔ̄ngˊ aˇ rai mī rot~ komˊ	什麼東西有苦味？	derived	
初 5-4	มะระ	ma ra	ma~ ra~	苦瓜	engine-auto	
初 5-4	มะระมีรสขม	ma ra mee rot kom	ma~ ra~ mī rot~ komˊ	苦瓜有苦味	derived	
初 5-4	กาแฟมีรสขม	ga fae mee rot kom	gā fɛ̄ mī rot~ komˊ	咖啡有苦味	derived	
初 5-4	ยาก็มีรสขม	ya gor mee rot kom	yā gɔ̄ˋ mī rot~ komˊ	藥也有苦味	derived	
初 5-4	มีประโยชน์	mee bprayot	mī braˇ yōtˋ	有益 / 有好處	engine-auto	
初 5-4	เล่นเกม	len gem	lēnˋ gēm	玩遊戲	engine-auto	
初 5-4	เล่นเกมออนไลน์	len gem on lai	lēnˋ gēm ɔ̄n lai	線上遊戲	engine-auto	
初 5-4	คิดว่าเล่นเกมมีประโยชน์ไหมคะ	kit wa len gem mee bprayot mai ka	kit~ wāˋ lēnˋ gēm mī braˇ yōtˋ maiˊ ka~	你認為玩遊戲有好處嗎？	engine-auto	
初 5-4	บุหรี่	bu ree	bhuˇ rīˇ	香菸	engine-auto	
初 5-4	คิดว่าบุหรี่มีประโยชน์ไหมคะ	kit wa bu ree mee bprayot mai ka	kit~ wāˋ bhuˇ rīˇ mī braˇ yōtˋ maiˊ ka~	你認為香菸有好處嗎？	engine-auto	
初 5-4	บุหรี่ไม่มีประโยชน์	bu ree mai mee bprayot	bhuˇ rīˇ maiˋ mī braˇ yōtˋ	香菸沒有好處	engine-auto	
初 5-4	ออกกำลังกายมีประโยชน์ไหมคะ	ok gam lang gai mee bprayot mai ka	ɔ̄kˇ gam lang gāi mī braˇ yōtˋ maiˊ ka~	運動有好處嗎？	engine-auto	
初 5-4	เหม็น	men	menˊ	臭	book-exact	(book-exact已用引擎重新驗證)
初 5-4	ทุเรียน	tu rian	tu~ rīan	榴槤	engine-auto	
初 5-4	เหม็นจริงๆ	men jing jing	menˊ jing jing	真的臭	derived	
初 5-4	ทุเรียนเหม็นจริงๆ	tu rian men jing jing	tu~ rīan menˊ jing jing	榴槤真的臭	derived	
初 5-4	ทุเรียนเหม็นเกินไป	tu rian men gern bpai	tu~ rīan menˊ gə̄n bai	榴槤太臭了	engine-auto	
初 5-4	ทุเรียนเหม็นไปหน่อย	tu rian men bpai noi	tu~ rīan menˊ bai nɔ̄iˇ	榴槤臭了點	engine-auto	
初 5-4	ทำไมเหม็นอย่างนี้	tam mai men yang nee	tam mai menˊ yāngˋ nī~	為什麼這麼臭	engine-auto	
初 5-4	ควัน	kwan	kwan	煙	engine-auto	
初 5-4	ควันบุหรี่	kwan bu ree	kwan bhuˇ rīˇ	菸煙	engine-auto	
初 5-4	ควันรถ	kwan rot	kwan rot~	車煙	engine-auto	
初 5-4	ควันไฟ	kwan fai	kwan fai	火煙	engine-auto	
初 5-4	ควันดำ	kwan dam	kwan dham	黑煙	engine-auto	
初 5-4	คาว	kao	kāu	腥味	engine-auto	
初 5-4	เหม็นคาว	men kao	menˊ kāu	腥臭	engine-auto	
初 5-4	กลิ่นคาวปลา	glin kao bpla	glinˇ kāu blā	魚腥味	engine-auto	
初 5-4	เหม็นคาวเกินไป ทิ้งเถอะ	men kao gern bpai ting te	menˊ kāu gə̄n bai ting~ təˇ	腥味太重了，丟掉吧	engine-auto	
初 5-4	กลิ่น	glin	glinˇ	氣味	engine-auto	
初 5-4	คุณชอบน้ำหอมกลิ่นนี้ไหม	kun chop nam hom glin nee mai	kun chɔ̄pˋ nām~ hɔ̄mˊ glinˇ nī~ maiˊ	你喜歡這款香水的味道嗎	engine-auto	
初 5-4	กลิ่นอะไร เหม็นทั้งบ้านเลย	glin arai men tang baan loey	glinˇ aˇ rai menˊ tang~ bhānˋ lə̄i	什麼味道？臭得全家都是	engine-auto	
初 5-4	กลิ่นปาก	glin bpaak	glinˇ bākˇ	口臭	engine-auto	
初 5-4	ถ้ากินกระเทียมเยอะเกินไป จะมีกลิ่นปาก	ta gin gra tiam yuh gern bpai ja mee glin bpaak	tāˋ gin graˇ tīam yə~ gə̄n bai jaˇ mī glinˇ bākˇ	如果大蒜吃太多，會有口臭	engine-auto	
初 5-4	กลิ่นตัว	glin dtua	glinˇ dūa	體味	engine-auto	
初 5-4	รสชาติ	rot chat	rot~ chātˋ	味道（口味）	book-exact	(book-exact已用引擎重新驗證)
初 5-4	รสชาติเป็นยังไง	rot chat bpen yang ngai	rot~ chātˋ ben yang ngai	味道怎麼樣	derived	
初 5-4	รสชาติเฉยๆ	rot chat choey choey	rot~ chātˋ chə̄iˊ chə̄iˊ	味道普通（馬馬虎虎）	derived	
初 5-4	รสชาติแย่มาก	rot chat yae maak	rot~ chātˋ yɛ̄ˋ mākˋ	味道很糟	derived	
初 5-4	รสช็อกโกแลต	rot chok go laet	rot~ chɔ̄kˋ gō lɛ̄tˋ	巧克力口味	derived	
初 5-4	ไอติมรสช็อกโกแลต	ai dtim rot chok go laet	ai dim rot~ chɔ̄kˋ gō lɛ̄tˋ	巧克力口味冰淇淋	derived	
初 5-4	ไอติมรสสตรอว์เบอร์รี	ai dtim rot sa dtor ber ree	ai dim rot~ saˇ rɔ̄ bhə̄ rī	草莓口味冰淇淋	derived	
初 5-4	มาม่ารสต้มยำกุ้ง	ma ma rot dtom yam goong	mā māˋ rot~ domˋ yam gungˋ	泰式酸辣蝦口味泡麵	derived	
初 5-4	คนส่วนใหญ่กลัวอะไรที่สุด	kon suan yai glua arai tee soot	kon sūanˇ yaiˇ glūa aˇ rai tīˋ sutˇ	大多數人最怕什麼？	engine-auto	
初 5-4	คนส่วนใหญ่กลัวอะไรมากที่สุด	kon suan yai glua arai maak tee soot	kon sūanˇ yaiˇ glūa aˇ rai mākˋ tīˋ sutˇ	大多數人最怕什麼？（加強）	engine-auto	
初 5-4	คนส่วนใหญ่กลัวผี	kon suan yai glua pee	kon sūanˇ yaiˇ glūa pīˊ	大多數人怕鬼	engine-auto	
初 5-4	คนส่วนใหญ่กลัวอ้วน	kon suan yai glua uan	kon sūanˇ yaiˇ glūa ūanˋ	大多數人怕胖	engine-auto	
初 5-4	คนส่วนใหญ่กลัวไม่มีเงิน	kon suan yai glua mai mee ngen	kon sūanˇ yaiˇ glūa maiˋ mī ngə̄n	大多數人怕沒錢	engine-auto	
初 5-4	ดุ	du	dhuˇ	兇	engine-auto	
初 5-4	พ่อเป็นคนดุ	por bpen kon du	pɔ̄ˋ ben kon dhuˇ	爸爸是很兇的人	engine-auto	
初 5-4	พ่อของคุณดุไหมคะ	por kong kun du mai ka	pɔ̄ˋ kɔ̄ngˊ kun dhuˇ maiˊ ka~	你爸爸兇嗎？	engine-auto	
初 5-4	พ่อเป็นคนดุมาก	por bpen kon du maak	pɔ̄ˋ ben kon dhuˇ mākˋ	爸爸是很兇的人（強調）	engine-auto	
初 5-4	เขาโดนพ่อดุบ่อยๆ	kao don por du boy boy	kāuˊ dhōn pɔ̄ˋ dhuˇ bhɔ̄iˇ bhɔ̄iˇ	他常被爸爸罵	engine-auto	
初 5-4	เขาโดนพ่อดุ	kao don por du	kāuˊ dhōn pɔ̄ˋ dhuˇ	他被爸爸罵	engine-auto	
初 5-4	เขาถูกพ่อดุ	kao took por du	kāuˊ tūkˇ pɔ̄ˋ dhuˇ	他被爸爸罵（正式）	engine-auto	
初 5-4	แย่	yae	yɛ̄ˋ	糟糕	engine-auto	
初 5-4	นิสัยแย่	ni sai yae	ni~ saiˊ yɛ̄ˋ	個性很差	engine-auto	
初 5-4	ทำไมคุณนิสัยแย่อย่างนี้	tam mai kun ni sai yae yang nee	tam mai kun ni~ saiˊ yɛ̄ˋ yāngˋ nī~	為什麼你個性這麼糟？	engine-auto	
初 5-4	ช่วงนี้รู้สึกแย่มาก	chuang nee roo seuk yae maak	chūangˋ nī~ rū~ sɯkˇ yɛ̄ˋ mākˋ	最近心情感到很糟	engine-auto	
初 5-4	แย่แล้ว	yae laew	yɛ̄ˋ lɛ̄u~	糟了	engine-auto	
初 5-4	แย่แล้ว ลืมเอากุญแจออกมา	yae laew luem ao goon jae ok ma	yɛ̄ˋ lɛ̄u~ lɯ̄m au gun jɛ̄ ɔ̄kˇ mā	糟了，我忘記帶鑰匙出來	engine-auto	
初 5-4	อาการแย่	aa gaan yae	ā gān yɛ̄ˋ	症狀很糟	engine-auto	
初 5-4	อาการ	aa gaan	ā gān	症狀	engine-auto	
初 5-4	มีอาการยังไงบ้าง	mee aa gaan yang ngai baang	mī ā gān yang ngai bhāngˋ	有哪些症狀？	engine-auto	
初 5-4	มีอาการกี่วันแล้ว	mee aa gaan gee wan laew	mī ā gān gīˇ wan lɛ̄u~	有症狀幾天了？	engine-auto	
初 5-4	มีอาการประมาณ 3-4 วัน	mee aa gaan bpra maan saam see wan	mī ā gān braˇ mān 3-4 wan	大約三、四天	engine-auto	
初 5-4	มีอาการประมาณ 3-4 วันแล้ว	mee aa gaan bpra maan saam see wan laew	mī ā gān braˇ mān 3-4 wan lɛ̄u~	大約三、四天了	engine-auto	
初 5-4	ยุ่ง	yung	yungˋ	很忙	engine-auto	
初 5-4	อาทิตย์นี้คุณยุ่งไหม	atit nee kun yung mai	ā tit~ nī~ kun yungˋ maiˊ	這禮拜你忙嗎？	engine-auto	
初 5-4	คุณกำลังยุ่งอะไรอยู่	kun gam lang yung arai yoo	kun gam lang yungˋ aˇ rai yūˋ	你在忙什麼？	engine-auto	
初 5-4	อย่าไปยุ่งกับเขา	ya bpai yung gap kao	yāˋ bai yungˋ gapˇ kāuˊ	別去管他	engine-auto	
初 5-4	อย่าไปยุ่งเรื่องของคนอื่น	ya bpai yung rueang kong kon eun	yāˋ bai yungˋ rɯ̄angˋ kɔ̄ngˊ kon ɯ̄nˇ	別去管別人的事	engine-auto	
初 5-4	บ้า	ba	bhāˋ	瘋	engine-auto	
初 5-4	ผู้ชายไทยบ้าฟุตบอลมากๆ	poo chai tai ba foot bon mak mak	pūˋ chāi tai bhāˋ fut~ bhɔ̄n mākˋ mākˋ	泰國男人非常瘋足球	engine-auto	
初 5-4	ผู้ชายไต้หวันบ้าฟุตบอลไหม	poo chai dtai wan ba foot bon mai	pūˋ chāi daiˋ wanˊ bhāˋ fut~ bhɔ̄n maiˊ	台灣男人瘋足球嗎？	engine-auto	
初 5-4	ผู้ชายไต้หวันบ้าเบสบอล	poo chai dtai wan ba bet bon	pūˋ chāi daiˋ wanˊ bhāˋ bhētˇ bhɔ̄n	台灣男人瘋棒球	engine-auto	
初 5-4	คนบ้า	kon ba	kon bhāˋ	瘋子	engine-auto	
初 5-4	ร้องเพลง	rong pleng	rɔ̄ng~ plēng	唱歌	engine-auto	
初 5-4	คนบ้าร้องเพลงทั้งวัน	kon ba rong pleng tang wan	kon bhāˋ rɔ̄ng~ plēng tang~ wan	瘋子整天唱歌	engine-auto	
初 5-4	คนบ้างาน	kon ba ngan	kon bhāˋ ngān	工作狂	engine-auto	
初 5-4	แน่นอน	nae non	nɛ̄ˋ nɔ̄n	肯定 / 一定	book-exact	(book-exact已用引擎重新驗證)
初 5-4	ถ้าเมียจับได้ ตายแน่นอน	ta mia jap dai dtai nae non	tāˋ mīa japˇ dhaiˋ dāi nɛ̄ˋ nɔ̄n	如果老婆抓到一定死定了	engine-auto	
初 5-4	แน่ๆ	nae nae	nɛ̄ˋ nɛ̄ˋ	肯定（口語）	engine-auto	
初 5-4	ถ้าเมียจับได้ ตายแน่ๆ	ta mia jap dai dtai nae nae	tāˋ mīa japˇ dhaiˋ dāi nɛ̄ˋ nɛ̄ˋ	如果老婆抓到一定死定了（口語）	engine-auto	
初 5-4	ตายแน่	dtai nae	dāi nɛ̄ˋ	死定了	engine-auto	
初 5-4	ยาบ้า	ya ba	yā bhāˋ	安非他命（瘋藥）	engine-auto	
初 5-4	如果有安非他命一定會被抓	ta mee ya ba took jap nae non	如果有安非他命一定會被抓	如果有安非他命一定會被抓	engine-auto	
初 5-4	如果有安非他命一定會被抓	ta mee ya ba don jap nae non	如果有安非他命一定會被抓	如果有安非他命一定會被抓（口語）	engine-auto	
初 5-4	คิว	cue	kiw	排隊	engine-auto	
初 5-4	ต้องเข้าคิว	dtong kao cue	dɔ̄ngˋ kāuˋ kiw	要排隊	engine-auto	
初 5-4	อย่าแซงคิว	ya saeng cue	yāˋ sɛ̄ng kiw	不要插隊	engine-auto	
初 5-4	ถึงคิวที่เท่าไหร่แล้ว	teung cue tee tao rai laew	tɯngˊ kiw tīˋ tāuˋ raiˇ lɛ̄u~	輪到幾號了	engine-auto	
初 5-4	เป็น	pen	ben	是/活著的	book-exact	(book-exact已用引擎重新驗證)
初 5-4	เป็นโรคอะไร	pen rok arai	ben rōkˋ aˇ rai	得到什麼病？	engine-auto	
初 5-4	เป็นอะไร	pen arai	ben aˇ rai	怎麼了？	engine-auto	
初 5-4	ไม่สบายหรือเปล่า	mai sabai rue plao	maiˋ saˇ bhāi rɯ̄ˊ blāuˇ	是不舒服嗎？	engine-auto	
初 5-4	เป็นอะไร ทำไมไม่มาทำงาน	pen arai thammai mai ma tham ngan	ben aˇ rai tam mai maiˋ mā tam ngān	怎麼了？為什麼沒來上班？	engine-auto	
初 5-4	เป็นอะไร ทำไมไม่พูดกับฉัน	pen arai thammai mai phut kap chan	ben aˇ rai tam mai maiˋ pūtˋ gapˇ chanˊ	怎麼了？為什麼不跟我說話？	engine-auto	
初 5-4	เป็นยังไง	pen yang ngai	ben yang ngai	怎麼樣？	book-exact	(book-exact已用引擎重新驗證)
初 5-4	ช่วงนี้เป็นยังไง	chuang ni pen yang ngai	chūangˋ nī~ ben yang ngai	這陣子怎麼樣？	engine-auto	
初 5-4	อยู่เมืองไทยเป็นยังไง สบายดีไหม	yu mueang thai pen yang ngai sabai di mai	yūˋ mɯ̄ang tai ben yang ngai saˇ bhāi dhī maiˊ	在泰國怎麼樣？過得好嗎？	engine-auto	
初 5-4	เรียนภาษาไทยเป็นยังไง	rian phasa thai pen yang ngai	rīan pā sāˊ tai ben yang ngai	學泰文覺得怎麼樣？	engine-auto	
初 5-4	เป็นไปได้	pen pai dai	ben bai dhaiˋ	有可能	engine-auto	
初 5-4	เป็นไปไม่ได้	pen pai mai dai	ben bai maiˋ dhaiˋ	不可能	book-exact	(book-exact已用引擎重新驗證)
初 5-4	พรุ่งนี้ไต้หวันหิมะตก เป็นไปได้หรือเป็นไปไม่ได้	phrung ni tai wan hima tok pen pai dai rue pen pai mai dai	prungˋ nī~ daiˋ wanˊ hiˇ ma~ dokˇ ben bai dhaiˋ rɯ̄ˊ ben bai maiˋ dhaiˋ	明天台灣下雪，有可能還是不可能？	engine-auto	
初 5-4	พรุ่งนี้ฝนจะตก เป็นไปได้หรือเป็นไปไม่ได้	phrung ni fon cha tok pen pai dai rue pen pai mai dai	prungˋ nī~ fonˊ jaˇ dokˇ ben bai dhaiˋ rɯ̄ˊ ben bai maiˋ dhaiˋ	明天會下雨，有可能還是不可能？	derived	
初 5-4	ทำ	tam	tam	做	engine-auto	
初 5-4	ทำหน้าเครียด	tam na khriat	tam nāˋ krīatˋ	擺臭臉	engine-auto	
初 5-4	หน้า	na	nāˋ	臉	engine-auto	
初 5-4	เครียด	khriat	krīatˋ	緊張、壓力	engine-auto	
初 5-4	ทำงานเครียดมาก	tam ngan khriat mak	tam ngān krīatˋ mākˋ	工作壓力很大	engine-auto	
初 5-4	ช่วงนี้เครียดมาก	chuang ni khriat mak	chūangˋ nī~ krīatˋ mākˋ	最近壓力很大喔	engine-auto	
初 5-4	ทำหน้าซื่อ	tam na sue	tam nāˋ sɯ̄ˋ	擺一副正經（老實）的樣子	engine-auto	
初 5-4	做หน้าไม่เข้าใจ	tam na mai khao chai	做 nāˋ maiˋ kāuˋ jai	擺出一副不懂的樣子	engine-auto	
初 5-4	做หน้าไม่รู้	tam na mai ru	做 nāˋ maiˋ rū~	擺出一副不知道的樣子	engine-auto	
初 5-4	ช่วงนี้เครียดไหม	chuang ni khriat mai	chūangˋ nī~ krīatˋ maiˊ	你最近有壓力嗎？	engine-auto	
初 5-4	ช่วงนี้เครียดไหมคะ	chuang ni khriat mai kha	chūangˋ nī~ krīatˋ maiˊ ka~	最近有壓力嗎？（禮貌句尾）	engine-auto	
初 5-4	ไม่เครียด	mai khriat	maiˋ krīatˋ	不壓力、不緊張	engine-auto	
初 5-4	หมาตัวนี้ทำหน้าซื่อ	ma tua ni tam na sue	māˊ dūa nī~ tam nāˋ sɯ̄ˋ	這隻狗擺出一副正經的樣子	engine-auto	
初 5-4	ทำหน้าน่ารัก	tam na na rak	tam nāˋ nāˋ rak~	裝可愛、擺出可愛的樣子	engine-auto	
初 5-4	นิสัย	ni sai	ni~ saiˊ	個性	engine-auto	
初 5-4	นิสัยแย่	ni sai yae	ni~ saiˊ yɛ̄ˋ	個性糟糕、壞習慣	engine-auto	
初 5-4	นิสัยไม่ดี	ni sai mai di	ni~ saiˊ maiˋ dhī	個性不好	engine-auto	
初 5-4	สมน้ำหน้า	som nam na	somˊ nām~ nāˋ	活該	derived	
初 5-4	โดนตี	don ti	dhōn dī	被打	engine-auto	
初 5-4	โดน	don	dhōn	被（被動）	engine-auto	
初 5-4	ถูกตี	thuk ti	tūkˇ dī	被打（另一種說法）	engine-auto	
初 5-4	อย่าซีเรียส	ya si riat	yāˋ sī rīatˋ	別緊張、別太嚴肅	engine-auto	
初 5-4	สบายๆ	sabai sabai	saˇ bhāi saˇ bhāi	輕鬆	engine-auto	
初 5-4	ไม่เป็นไร	mai pen rai	maiˋ ben rai	沒關係	engine-auto	
初 5-4	ยุ่ง	yung	yungˋ	很忙	engine-auto	
初 5-4	อาทิตย์นี้คุณยุ่งไหม	atit nee kun yung mai	ā tit~ nī~ kun yungˋ maiˊ	這禮拜你忙嗎？	engine-auto	
初 5-4	คุณกำลังยุ่งอะไรอยู่	kun gam lang yung arai yoo	kun gam lang yungˋ aˇ rai yūˋ	你在忙什麼？	engine-auto	
初 5-4	อย่าไปยุ่งกับเขา	ya bpai yung gap kao	yāˋ bai yungˋ gapˇ kāuˊ	別去管他	engine-auto	
初 5-4	อย่าไปยุ่งเรื่องของคนอื่น	ya bpai yung rueang kong kon eun	yāˋ bai yungˋ rɯ̄angˋ kɔ̄ngˊ kon ɯ̄nˇ	別去管別人的事	engine-auto	
初 5-4	บ้า	ba	bhāˋ	瘋	engine-auto	
初 5-4	ผู้ชายไทยบ้าฟุตบอลมากๆ	poo chai tai ba foot bon mak mak	pūˋ chāi tai bhāˋ fut~ bhɔ̄n mākˋ mākˋ	泰國男人非常瘋足球	engine-auto	
初 5-4	ผู้ชายไต้หวันบ้าฟุตบอลไหม	poo chai dtai wan ba foot bon mai	pūˋ chāi daiˋ wanˊ bhāˋ fut~ bhɔ̄n maiˊ	台灣男人瘋足球嗎？	engine-auto	
初 5-4	ผู้ชายไต้หวันบ้าเบสบอล	poo chai dtai wan ba bet bon	pūˋ chāi daiˋ wanˊ bhāˋ bhētˇ bhɔ̄n	台灣男人瘋棒球	engine-auto	
初 5-4	คนบ้า	kon ba	kon bhāˋ	瘋子	engine-auto	
初 5-4	ร้องเพลง	rong pleng	rɔ̄ng~ plēng	唱歌	engine-auto	
初 5-4	คนบ้าร้องเพลงทั้งวัน	kon ba rong pleng tang wan	kon bhāˋ rɔ̄ng~ plēng tang~ wan	瘋子整天唱歌	engine-auto	
初 5-4	คนบ้างาน	kon ba ngan	kon bhāˋ ngān	工作狂	engine-auto	
初 5-4	แน่นอน	nae non	nɛ̄ˋ nɔ̄n	肯定 / 一定	book-exact	(book-exact已用引擎重新驗證)
初 5-4	ถ้าเมียจับได้ ตายแน่นอน	ta mia jap dai dtai nae non	tāˋ mīa japˇ dhaiˋ dāi nɛ̄ˋ nɔ̄n	如果老婆抓到一定死定了	engine-auto	
初 5-4	แน่ๆ	nae nae	nɛ̄ˋ nɛ̄ˋ	肯定（口語）	engine-auto	
初 5-4	ถ้าเมียจับได้ ตายแน่ๆ	ta mia jap dai dtai nae nae	tāˋ mīa japˇ dhaiˋ dāi nɛ̄ˋ nɛ̄ˋ	如果老婆抓到一定死定了（口語）	engine-auto	
初 5-4	ตายแน่	dtai nae	dāi nɛ̄ˋ	死定了	engine-auto	
初 5-4	ยาบ้า	ya ba	yā bhāˋ	安非他命（瘋藥）	engine-auto	
初 5-4	ถ้ามียาบ้า ถูกจับแน่นอน	ta mee ya ba took jap nae non	tāˋ mī yā bhāˋ tūkˇ japˇ nɛ̄ˋ nɔ̄n	如果有安非他命一定會被抓	engine-auto	
初 5-4	ถ้ามียาบ้า โดนจับแน่นอน	ta mee ya ba don jap nae non	tāˋ mī yā bhāˋ dhōn japˇ nɛ̄ˋ nɔ̄n	如果有安非他命一定會被抓（口語）	engine-auto	
初 5-4	คิว	cue	kiw	排隊	engine-auto	
初 5-4	ต้องเข้าคิว	dtong kao cue	dɔ̄ngˋ kāuˋ kiw	要排隊	engine-auto	
初 5-4	อย่าแซงคิว	ya saeng cue	yāˋ sɛ̄ng kiw	不要插隊	engine-auto	
初 5-4	ถึงคิวที่เท่าไหร่แล้ว	teung cue tee tao rai laew	tɯngˊ kiw tīˋ tāuˋ raiˇ lɛ̄u~	輪到幾號了	engine-auto	
初 5-4	เป็นลม	bpen lom	ben lom	昏倒	derived	
初 5-4	เขาเป็นลม	kao bpen lom	kāuˊ ben lom	他昏倒了	derived	
初 5-4	เคยเป็นลมไหม	koey bpen lom mai	kə̄i ben lom maiˊ	你曾經昏倒過嗎？	derived	
初 5-4	เป็นหวัด	bpen wat	ben watˇ	感冒	engine-auto	
初 5-4	เคยเป็นหวัดไหมคะ	koey bpen wat mai ka	kə̄i ben watˇ maiˊ ka~	你感冒過嗎？	engine-auto	
初 5-4	ช่วงนี้มีคนเป็นหวัดเยอะ	chuang nee mee kon bpen wat yuh	chūangˋ nī~ mī kon ben watˇ yə~	最近有很多人感冒	engine-auto	
初 5-4	เป็นไข้	bpen kai	ben kaiˋ	發燒	engine-auto	
初 5-4	เป็นไข้หลายวันแล้ว	bpen kai lai wan laew	ben kaiˋ lāiˊ wan lɛ̄u~	發燒好幾天了	engine-auto	
初 5-4	มีไข้สูง	mee kai soong	mī kaiˋ sūngˊ	高燒	engine-auto	
初 5-4	เป็นบ้า	bpen ba	ben bhāˋ	瘋了	engine-auto	
初 5-4	เขาเป็นบ้า	kao bpen ba	kāuˊ ben bhāˋ	他瘋了	engine-auto	
初 5-4	ทำไมเขาเป็นบ้า	tam mai kao bpen ba	tam mai kāuˊ ben bhāˋ	為什麼他瘋了？	engine-auto	
初 5-4	เป็นห่วง	bpen huang	ben hūangˇ	擔心	derived	
初 5-4	ฉันเป็นห่วงคุณนะ	chan bpen huang kun na	chanˊ ben hūangˇ kun na~	我很擔心你	derived	
初 5-4	ไม่ต้องเป็นห่วง	mai dtong bpen huang	maiˋ dɔ̄ngˋ ben hūangˇ	不用擔心	derived	
初 5-4	เป็นเพื่อน	bpen puean	ben pɯ̄anˋ	作伴	engine-auto	
初 5-4	ทำงานเป็นเพื่อน	tam ngan bpen puean	tam ngān ben pɯ̄anˋ	陪你做OT	engine-auto	
初 5-4	ไปดูหนังเป็นเพื่อน	bpai doo nang bpen puean	bai dhū nangˊ ben pɯ̄anˋ	陪你去看電影	engine-auto	
初 5-4	เป็นหนี้	bpen nee	ben nīˋ	負債	engine-auto	
初 5-4	ฉันเป็นหนี้เพื่อน	chan bpen nee puean	chanˊ ben nīˋ pɯ̄anˋ	我欠朋友錢	engine-auto	
初 5-4	ฉันเป็นหนี้เขา 500 บาท	chan bpen nee kao ha roi baat	chanˊ ben nīˋ kāuˊ 500 bhātˇ	我欠他500塊	engine-auto	
初 5-4	มีหนี้เยอะ	mee nee yuh	mī nīˋ yə~	負債很多	engine-auto	
初 5-4	เป็นคู่	bpen koo	ben kūˋ	一對	engine-auto	
初 5-4	เป็นคู่กันตั้งแต่ชาติที่แล้ว	bpen koo gan dtang dtae chat tee laew	ben kūˋ gan dangˋ dɛ̄ˇ chātˋ tīˋ lɛ̄u~	前世就是一對夫妻	derived	
初 5-4	เป็นอันขาด	bpen an kat	ben an kātˇ	絕對不	engine-auto	
初 5-4	อย่ามาสายเป็นอันขาด	ya ma sai bpen an kat	yāˋ mā sāiˊ ben an kātˇ	絕對不能遲到	engine-auto	
初 5-4	ห้าม...เป็นอันขาด	ham ... bpen an kat	hāmˋ...ben an kātˇ	絕對不准在這裡停下	engine-auto	
初 5-4	หน้าที่	na tee	nāˋ tīˋ	責任 / 任務	engine-auto	
初 5-4	เป็นหน้าที่ของพ่อแม่	bpen na tee kong por mae	ben nāˋ tīˋ kɔ̄ngˊ pɔ̄ˋ mɛ̄ˋ	是父母的責任	engine-auto	
初 5-4	เป็นกันเอง	bpen gan eng	ben gan ēng	很親切的 / 很近人的	engine-auto	
初 5-4	พวกเราเป็นกันเอง	puak rao bpen gan eng	pūakˋ rāu ben gan ēng	我們很親切	engine-auto	
初 5-4	เป็นพิเศษ	bpen pi set	ben pi~ sētˇ	特別的	engine-auto	
初 5-4	อร่อยเป็นพิเศษ	aroi bpen pi set	aˇ rɔ̄iˋ ben pi~ sētˇ	特別好吃	engine-auto	
初 5-4	แพงเป็นพิเศษ	paeng bpen pi set	pɛ̄ng ben pi~ sētˇ	特別貴	engine-auto	
初 5-4	น่า	Na	nāˋ	令人.../值得...	book-exact	(book-exact已用引擎重新驗證)
初 5-4	น่ารัก	Na rak	nāˋ rak~	可愛	engine-auto	
初 5-4	หมาน่ารัก	Ma na rak	māˊ nāˋ rak~	狗狗很可愛	engine-auto	
初 5-4	น่ากิน	Na kin	nāˋ gin	看起來好吃	engine-auto	
初 5-4	อาหารน่ากิน	A han na kin	ā hānˊ nāˋ gin	食物看起來很好吃	engine-auto	
初 5-4	น่าซื้อ	Na sue	nāˋ sɯ̄~	值得買	engine-auto	
初 5-4	ร้านนี้น่าซื้อ	Ran ni na sue	rān~ nī~ nāˋ sɯ̄~	這間店值得買	engine-auto	
初 5-4	น่าอยู่	Na yu	nāˋ yūˋ	宜居/值得住	engine-auto	
初 5-4	ประเทศไทยน่าอยู่	Pra thet Thai na yu	braˇ tētˋ tai nāˋ yūˋ	泰國很宜居	engine-auto	
初 5-4	โรงแรมนี้น่าอยู่	Rong raem ni na yu	rōng rɛ̄m nī~ nāˋ yūˋ	這間飯店很宜居/值得住	engine-auto	
初 5-4	น่าเที่ยว	Na thiao	nāˋ tīauˋ	值得去玩	engine-auto	
初 5-4	เมืองไทยน่าเที่ยว	Mueang Thai na thiao	mɯ̄ang tai nāˋ tīauˋ	泰國城市值得去玩	engine-auto	
初 5-4	น่าคิด	Na khit	nāˋ kit~	值得思考	engine-auto	
初 5-4	เรื่องนี้น่าคิด	Rueang ni na khit	rɯ̄angˋ nī~ nāˋ kit~	這件事值得思考	engine-auto	
初 5-4	น่าเชื่อ	Na chuea	nāˋ chɯ̄aˋ	可信/值得相信	engine-auto	
初 5-4	บริษัทน่าเชื่อ	Bo ri sat na chuea	bhɔ̄ ri~ satˇ nāˋ chɯ̄aˋ	公司很可信	derived	
初 5-4	น่าเบื่อ	Na buea	nāˋ bhɯ̄aˇ	無聊/令人厭倦	engine-auto	
初 5-4	ไม่มีอะไรทำ น่าเบื่อ	Mai mi a rai tham na buea	maiˋ mī aˇ rai tam nāˋ bhɯ̄aˇ	沒什麼事好做，真無聊	engine-auto	
初 5-4	น่าอาย	Na ai	nāˋ āi	丟臉/令人害羞	engine-auto	
初 5-4	ฉันอาย	Chan ai	chanˊ āi	我害羞	engine-auto	
初 5-4	เรื่องนี้โอ้น่าอายจริงๆ	Rueang ni o na ai jing jing	rɯ̄angˋ nī~ ōˋ nāˋ āi jing jing	這件事真的很丟臉	derived	
初 5-4	น่าสนใจ	Na son chai	nāˋ sonˊ jai	有趣/令人感興趣	derived	
初 5-4	ฉันสนใจภาษาไทย	Chan son chai pha sa Thai	chanˊ sonˊ jai pā sāˊ tai	我對泰文感興趣	derived	
初 5-4	ภาษาไทยน่าสนใจ	Pha sa Thai na son chai	pā sāˊ tai nāˋ sonˊ jai	泰文很有趣	derived	
初 5-4	น่าเป็นห่วง	Na pen huang	nāˋ ben hūangˇ	令人擔心	derived	
初 5-4	อาการน่าเป็นห่วง	A kan na pen huang	ā gān nāˋ ben hūangˇ	症狀令人擔心	derived	
初 5-4	น่ากลัว	Na klua	nāˋ glūa	可怕	engine-auto	
初 5-4	ฉลามน่ากลัว	Cha lam na klua	chaˇ lāˊ nāˋ glūa	鯊魚很可怕	derived	
初 5-4	น่าสงสาร	Na song san	nāˋ songˊ sānˊ	可憐/令人同情	derived	
初 5-4	สงสารฉันหน่อย	Song san chan noi	songˊ sānˊ chanˊ nɔ̄iˇ	同情我一下	derived	
初 5-4	แมวน่าสงสาร	Maew na song san	mɛ̄u nāˋ songˊ sānˊ	貓咪很可憐	derived	
初 5-4	น่าเสียดาย	Na sia dai	nāˋ sīaˊ dhāi	可惜	engine-auto	
初 5-4	ไอติมตกน่าเสียดาย	Ai tim tok na sia dai	ai dim dokˇ nāˋ sīaˊ dhāi	冰淇淋掉了真可惜	engine-auto	
初 5-4	ขี้	khii	kīˋ	大便	engine-auto	
初 5-4	ขี้หนาว	khii nao	kīˋ nāuˊ	怕冷	engine-auto	
初 5-4	ขี้ร้อน	khii ron	kīˋ rɔ̄n~	怕熱	engine-auto	
初 5-4	อาย	ai	āi	害羞	engine-auto	
初 5-4	ขี้อาย	khii ai	kīˋ āi	容易害羞	engine-auto	
初 5-4	ขี้กลัว	khii klua	kīˋ glūa	容易害怕	engine-auto	
初 5-4	เหงา	ngao	ngāuˊ	孤單/寂寞	engine-auto	
初 5-4	ขี้เหงา	khii ngao	kīˋ ngāuˊ	怕寂寞	engine-auto	
初 5-4	ขี้เหนียว	khii niao	kīˋ nīauˊ	小氣	engine-auto	
初 5-4	ขี้เกียจ	khii kiat	kīˋ gīatˇ	懶惰	engine-auto	
初 5-4	โม้	mo	mō~	吹牛	engine-auto	
初 5-4	ขี้โม้	khii mo	kīˋ mō~	愛吹牛	engine-auto	
初 5-4	บ่น	bon	bhonˇ	抱怨	derived	
初 5-4	ขี้บ่น	khii bon	kīˋ bhonˇ	愛抱怨	derived	
初 5-4	หึง	hueng	hɯngˊ	吃醋	engine-auto	
初 5-4	ขี้หึง	khii hueng	kīˋ hɯngˊ	愛吃醋	engine-auto	
初 5-4	โมโห	moho	mō hōˊ	生氣	engine-auto	
初 5-4	ขี้โมโห	khii moho	kīˋ mō hōˊ	愛生氣	engine-auto	
初 5-4	สงสัย	songsai	songˊ saiˊ	懷疑/好奇	derived	
初 5-4	ขี้สงสัย	khii songsai	kīˋ songˊ saiˊ	多疑	derived	
初 5-4	ตกใจ	tokchai	dokˇ jai	嚇到	engine-auto	
初 5-4	ขี้ตกใจ	khii tokchai	kīˋ dokˇ jai	容易嚇到	engine-auto	
初 5-4	เมา	mao	māu	喝醉	engine-auto	
初 5-4	ขี้เมา	khii mao	kīˋ māu	酒鬼	engine-auto	
初 5-4	ผัดขี้เมา	phat khii mao	patˇ kīˋ māu	醉鬼炒（料理名）	engine-auto	
初 5-4	มาม่าขี้เมา	mama khii mao	mā māˋ kīˋ māu	醉鬼泡麵	engine-auto	
初 5-4	พริกไทยสด	phrik thai sot	prik~ tai sotˇ	生胡椒	engine-auto	
初 5-4	ขี้เมาทะเล	khii mao thale	kīˋ māu ta~ lē	海鮮醉鬼炒	engine-auto	
初 5-5	ฉันเป็นคนไต้หวัน	Chan pen khon Taiwan	chanˊ ben kon daiˋ wanˊ	我是台灣人	engine-auto	
初 5-5	ฉันเป็นครู	Chan pen khru	chanˊ ben krū	我是老師	engine-auto	
初 5-5	เป็นหวัด	Pen wat	ben watˇ	感冒	engine-auto	
初 5-5	เป็นอะไร	Pen arai	ben aˇ rai	怎麼了	engine-auto	
初 5-5	เป็นอะไร ทำไมดูแปลกๆ	Pen arai thammai du plaek plaek	ben aˇ rai tam mai dhū blɛ̄kˇ blɛ̄kˇ	怎麼了，為什麼看起來怪怪的	engine-auto	
初 5-5	เป็นอะไร ไม่สบายหรือเปล่า	Pen arai mai sabai rue plao	ben aˇ rai maiˋ saˇ bhāi rɯ̄ˊ blāuˇ	怎麼了，是不是不舒服呢	engine-auto	
初 5-5	เป็นยังไง	Pen yang ngai	ben yang ngai	怎麼樣	book-exact	(book-exact已用引擎重新驗證)
初 5-5	เป็นยังไงบ้าง	Pen yang ngai bang	ben yang ngai bhāngˋ	最近怎麼樣	engine-auto	
初 5-5	ไม่เจอกันนาน	Mai choe kan nan	maiˋ jə̄ gan nān	好久不見	engine-auto	
初 5-5	ไม่เจอกันนาน เป็นยังไงบ้าง	Mai choe kan nan pen yang ngai bang	maiˋ jə̄ gan nān ben yang ngai bhāngˋ	好久不見，最近怎麼樣	engine-auto	
初 5-5	สบายดีไหม	Sabai di mai	saˇ bhāi dhī maiˊ	你好嗎	engine-auto	
初 5-5	คิดถึงจังเลย	Khit thueng chang loei	kit~ tɯngˊ jang lə̄i	真想你	engine-auto	
初 5-5	รู้สึกแปลกจัง	Rusuek plaek chang	rū~ sɯkˇ blɛ̄kˇ jang	感覺真奇怪	book-exact	(book-exact已用引擎重新驗證)
初 5-5	เป็นไปได้	Pen pai dai	ben bai dhaiˋ	有可能	engine-auto	
初 5-5	เป็นไปไม่ได้	Pen pai mai dai	ben bai maiˋ dhaiˋ	不可能	book-exact	(book-exact已用引擎重新驗證)
初 5-5	พรุ่งนี้ฝนจะตกเป็นไปไม่ได้	Phrungni fon cha tok pen pai mai dai	prungˋ nī~ fonˊ jaˇ dokˇ ben bai maiˋ dhaiˋ	明天下雨是不可能的	derived	
初 5-5	พรุ่งนี้หิมะจะตก เป็นไปได้ หรือ เป็นไปไม่ได้	Phrungni hima cha tok pen pai dai rue pen pai mai dai	prungˋ nī~ hiˇ ma~ jaˇ dokˇ ben bai dhaiˋ rɯ̄ˊ ben bai maiˋ dhaiˋ	明天下雪是有可能還是不可能	engine-auto	
初 5-5	เป็นหวัด	pen wat	ben watˇ	感冒	engine-auto	
初 5-5	เป็นหวัดกี่วันแล้ว	pen wat ki wan laeo	ben watˇ gīˇ wan lɛ̄u~	感冒幾天了	engine-auto	
初 5-5	เป็นหวัด 3 วันแล้ว	pen wat sam wan laeo	ben watˇ 3 wan lɛ̄u~	感冒三天了	engine-auto	
初 5-5	เพิ่งเป็นหวัด 2 3 วันเอง	phoeng pen wat song sam wan eng	pə̄ngˋ ben watˇ 2 3 wan ēng	剛感冒兩三天而已	engine-auto	
初 5-5	แค่เป็นหวัดเอง	khae pen wat eng	kɛ̄ˋ ben watˇ ēng	只感冒而已	engine-auto	
初 5-5	เป็นลม	pen lom	ben lom	昏倒	derived	
初 5-5	เพราะว่าร้อน ก็เลยเป็นลม	phrao wa ron ko loei pen lom	prɔ~ wāˋ rɔ̄n~ gɔ̄ˋ lə̄i ben lom	因為很熱，所以就昏倒了	derived	
初 5-5	ช่วยด้วย เพื่อนผมเป็นลม	chuai duai phuean phom pen lom	chūayˋ dhūayˋ pɯ̄anˋ pomˊ ben lom	救命啊，我朋友昏倒了	derived	
初 5-5	ช่วยด้วยค่ะ เพื่อนผมเป็นลม	chuai duai kha phuean phom pen lom	chūayˋ dhūayˋ kaˋ pɯ̄anˋ pomˊ ben lom	救命啊，我朋友昏倒了 (女)	derived	
初 5-5	เป็นไข้	pen khai	ben kaiˋ	發燒	engine-auto	
初 5-5	เป็นไข้สูง	pen khai sung	ben kaiˋ sūngˊ	發高燒	engine-auto	
初 5-5	ต้องรีบไปหาหมอ	tong rip pai ha mo	dɔ̄ngˋ rīpˋ bai hāˊ mɔ̄ˊ	必須趕快去看醫生	engine-auto	
初 5-5	เป็นบ้า	pen ba	ben bhāˋ	發瘋	engine-auto	
初 5-5	ฟังเธอบ่นทุกวัน ผมใกล้จะเป็นบ้าแล้ว	fang thoe bon thuk wan phom klai cha pen ba laeo	fang tə̄ bhonˇ tuk~ wan pomˊ glaiˋ jaˇ ben bhāˋ lɛ̄u~	聽你抱怨每天，我快要發瘋了 (男)	derived	
初 5-5	ฟังเธอบ่นทุกวัน ฉันใกล้จะเป็นบ้าแล้ว	fang thoe bon thuk wan chan klai cha pen ba laeo	fang tə̄ bhonˇ tuk~ wan chanˊ glaiˋ jaˇ ben bhāˋ lɛ̄u~	聽你抱怨每天，我快要發瘋了 (女)	derived	
初 5-5	ผมใกล้จะบ้าแล้ว	phom klai cha ba laeo	pomˊ glaiˋ jaˇ bhāˋ lɛ̄u~	我快要瘋了	engine-auto	
初 5-5	เป็นห่วง	pen huang	ben hūangˇ	擔心	derived	
初 5-5	ผมเป็นห่วงคุณนะ	phom pen huang khun na	pomˊ ben hūangˇ kun na~	我好擔心你喔	derived	
初 5-5	ไม่ต้องเป็นห่วงฉัน	mai tong pen huang chan	maiˋ dɔ̄ngˋ ben hūangˇ chanˊ	不用擔心我	derived	
初 5-5	ฉันสบายดี	chan sabai di	chanˊ saˇ bhāi dhī	我很好	engine-auto	
初 5-5	เป็นหนี้	pen ni	ben nīˋ	負債	engine-auto	
初 5-5	คุณเป็นหนี้ผม 2,000 บาท	khun pen ni phom song phan bat	kun ben nīˋ pomˊ 2,000 bhātˇ	你欠我兩千塊 (男)	engine-auto	
初 5-5	คุณเป็นหนี้ฉัน 2,000 บาท	khun pen ni chan song phan bat	kun ben nīˋ chanˊ 2,000 bhātˇ	你欠我兩千塊 (女)	engine-auto	
初 5-5	ฉันเป็นหนี้คุณเมื่อไหร่	chan pen ni khun muearai	chanˊ ben nīˋ kun mɯ̄aˋ raiˇ	我什麼時候欠你錢 (女)	engine-auto	
初 5-5	ผมเป็นหนี้คุณเมื่อไหร่	phom pen ni khun muearai	pomˊ ben nīˋ kun mɯ̄aˋ raiˇ	我什麼時候欠你錢 (男)	engine-auto	
初 5-5	ตั้งแต่ชาติที่แล้ว	tang tae chat thi laeo	dangˋ dɛ̄ˇ chātˋ tīˋ lɛ̄u~	從上輩子開始	derived	
初 5-5	เป็นคู่	pen khu	ben kūˋ	一對	engine-auto	
初 5-5	เล่นเป็นคู่	len pen khu	lēnˋ ben kūˋ	兩個人一組（玩遊戲）	engine-auto	
初 5-5	พวกเขาเป็นคู่ตั้งแต่ชาติที่แล้ว	phuak khao pen khu tang tae chat thi laeo	pūakˋ kāuˊ ben kūˋ dangˋ dɛ̄ˇ chātˋ tīˋ lɛ̄u~	他們從上輩子就是一對	derived	
初 5-5	พวกเขาเป็นคู่กันตั้งแต่ชาติที่แล้ว	phuak khao pen khu kan tang tae chat thi laeo	pūakˋ kāuˊ ben kūˋ gan dangˋ dɛ̄ˇ chātˋ tīˋ lɛ̄u~	他們（彼此）從上輩子就是一對	derived	
初 5-5	เป็นอันขาด	pen an khat	ben an kātˇ	絕對	engine-auto	
初 5-5	ห้ามใส่กางเกงขาสั้นเป็นอันขาด	ham sai kangkeng kha san pen an khat	hāmˋ saiˇ gāng gēng kāˊ sanˋ ben an kātˇ	絕對禁止穿短褲	engine-auto	
初 5-5	ห้ามใส่กระโปรงสั้นเป็นอันขาด	ham sai krapong san pen an khat	hāmˋ saiˇ graˇ brōng sanˋ ben an kātˇ	絕對禁止穿短裙	engine-auto	
初 5-5	เป็นหน้าที่	pen na thi	ben nāˋ tīˋ	責任	engine-auto	
初 5-5	ทำความสะอาดเป็นหน้าที่ของใคร	tham khwam sa-at pen na thi khong khrai	tam kwām saˇ ātˇ ben nāˋ tīˋ kɔ̄ngˊ krai	打掃是誰的責任？	engine-auto	
初 5-5	เป็นหน้าที่ของทุกคน	pen na thi khong thuk khon	ben nāˋ tīˋ kɔ̄ngˊ tuk~ kon	是每個人的責任	engine-auto	
初 5-5	เป็นกันเอง	pen kan eng	ben gan ēng	親切的 / 自己人	engine-auto	
初 5-5	พวกเราเป็นคนกันเองไม่ต้องเกรงใจ	phuak rao pen khon kan eng mai tong kreng chai	pūakˋ rāu ben kon gan ēng maiˋ dɔ̄ngˋ grēng jai	我們是自己人，不用客氣	engine-auto	
初 5-5	ราคานี้เป็นราคาคนกันเอง	rakha ni pen rakha khon kan eng	rā kā nī~ ben rā kā kon gan ēng	這個價格是自己人的價格	engine-auto	
初 5-5	เป็นพิเศษ	pen phi set	ben pi~ sētˇ	特別的	engine-auto	
初 5-5	เรื่องนี้สำคัญเป็นพิเศษ	rueang ni samkhan pen phi set	rɯ̄angˋ nī~ samˊ kan ben pi~ sētˇ	這件事情特別重要	engine-auto	
初 5-5	รสชาติอร่อยเป็นพิเศษ	rotchat aroi pen phi set	rot~ chātˋ aˇ rɔ̄iˋ ben pi~ sētˇ	味道特別好吃	derived	
初 5-5	วันนี้ง่วงเป็นพิเศษ	วันนี้ง่วงเป็นพิเศษ	wan nī~ ngūangˋ ben pi~ sētˇ	今天特別想睡覺	engine-auto	
初 5-5	ขี้เหนียว	Kee Neow	kīˋ nīauˊ	小氣	engine-auto	
初 5-5	ฉันคิดว่าเขาขี้เหนียวเกินไป	Chan khid wa kao kee neow kern pai	chanˊ kit~ wāˋ kāuˊ kīˋ nīauˊ gə̄n bai	我覺得他太小氣了	engine-auto	
初 5-5	เขารวยแต่เขาขี้เหนียวไปหน่อย	Kao ruay tae kao kee neow pai noi	kāuˊ rūay dɛ̄ˇ kāuˊ kīˋ nīauˊ bai nɔ̄iˇ	他很有錢，但他有點小氣	engine-auto	
初 5-5	ขี้โม้	Kee Mo	kīˋ mō~	愛吹牛	engine-auto	
初 5-5	เด็กคนนี้ขี้โม้	Dek kon nee kee mo	dhekˇ kon nī~ kīˋ mō~	這小孩愛吹牛	engine-auto	
初 5-5	โม้ไม่หยุดเลย	Mo mai yud loei	mō~ maiˋ yutˇ lə̄i	吹牛個不停	engine-auto	
初 5-5	ขี้หึง	Kee Hung	kīˋ hɯngˊ	愛吃醋	engine-auto	
初 5-5	แฟนเป็นคนขี้หึง	Fan pen kon kee hung	fɛ̄n ben kon kīˋ hɯngˊ	女朋友是愛吃醋的人	engine-auto	
初 5-5	หึงตลอดเวลา	Hung talord wela	hɯngˊ daˇ lɔ̄tˋ wē lā	隨時都在吃醋	derived	
初 5-5	ขี้โมโห	Kee Mo ho	kīˋ mō hōˊ	愛生氣	engine-auto	
初 5-5	คุณโมโหใคร	Khun mo ho khrai	kun mō hōˊ krai	你生誰的氣	engine-auto	
初 5-5	ใครทำให้เขาโมโห	Khrai tham hai kao mo ho	krai tam haiˋ kāuˊ mō hōˊ	誰讓他生氣	engine-auto	
初 5-5	เขาเป็นคนโมโหง่าย	Kao pen kon mo ho ngai	kāuˊ ben kon mō hōˊ ngāiˋ	他是很容易生氣的人	engine-auto	
初 5-5	เขาเป็นคนขี้โมโห	Kao pen kon kee mo ho	kāuˊ ben kon kīˋ mō hōˊ	他是愛生氣的人	engine-auto	
初 5-5	ขี้สงสัย	Kee Songsay	kīˋ songˊ saiˊ	愛好奇/懷疑	derived	
初 5-5	ผมสงสัยจังทำไมแท็กซี่เมืองไทยมีหลายสี	Phom songsay jang thammai taxi mueang Thai mee lai si	pomˊ songˊ saiˊ jang tam mai tɛk~ sīˋ mɯ̄ang tai mī lāiˊ sīˊ	我很好奇為什麼泰國計程車有這麼多顏色	derived	
初 5-5	คุณสงสัยไหมมันต่างกันยังไง	Khun songsay mai man tang kan yang ngai	kun songˊ saiˊ maiˊ man dāngˇ gan yang ngai	你好奇嗎？它有什麼不同？	derived	
初 5-5	ขี้ตกใจ	Kee Tok jai	kīˋ dokˇ jai	愛驚嚇	engine-auto	
初 5-5	รู้สึกตกใจมาก	Roo sue k tok jai mak	rū~ sɯkˇ dokˇ jai mākˋ	感到很驚嚇	engine-auto	
初 5-5	เห็นข่าวแล้วรู้สึกตกใจมาก	Hen khao laew roo sue k tok jai mak	henˊ kāuˇ lɛ̄u~ rū~ sɯkˇ dokˇ jai mākˋ	看到新聞了，感到很驚嚇	engine-auto	
初 5-5	ขี้เมา	Kee Mao	kīˋ māu	酒鬼	engine-auto	
初 5-5	พ่อขี้เมา	Phor kee mao	pɔ̄ˋ kīˋ māu	爸爸是酒鬼	engine-auto	
初 5-5	ขี้เมาตกเครื่องสมน้ำหน้า	Kee mao tok khrueang som nam na	kīˋ māu dokˇ krɯ̄angˋ somˊ nām~ nāˋ	酒鬼趕不上飛機，活該	derived	
初 5-5	ซื่อ	Sue	sɯ̄ˋ	老實	engine-auto	
初 5-5	ทำหน้าซื่อ	Tham na sue	tam nāˋ sɯ̄ˋ	臉看起來很老實	engine-auto	
初 5-5	นิสัยซื่อมาก	Nisai sue mak	ni~ saiˊ sɯ̄ˋ mākˋ	個性很老實	engine-auto	
初 5-5	เถ้าแก่ร้านนี้นิสัยซื่อมาก	Thao kae ran nee nisai sue mak	tāuˋ gɛ̄ˇ rān~ nī~ ni~ saiˊ sɯ̄ˋ mākˋ	這家店老闆個性很老實	engine-auto	
初 5-5	ซีเรียส	Serious	sī rīatˋ	認真/嚴肅	engine-auto	
初 5-5	做หน้าซีเรียสมาก	Tham na serious mak	做 nāˋ sī rīatˋ mākˋ	臉看起來很認真	engine-auto	
初 5-5	อย่าซีเรียสแค่พูดเล่นเอง	Ya serious khae pood len eng	yāˋ sī rīatˋ kɛ̄ˋ pūtˋ lēnˋ ēng	別當真，只是開玩笑而已	engine-auto	
初 5-5	เครียด	Kried	krīatˋ	壓力	engine-auto	
初 5-5	ทำหน้าเครียด	Tham na kried	tam nāˋ krīatˋ	臉看起來很有壓力	engine-auto	
初 5-5	เป็นหนี้เยอะก็เลยเครียด	Pen nee yuer kor loei kried	ben nīˋ yə~ gɔ̄ˋ lə̄i krīatˋ	負債很多所以有壓力	engine-auto	
初 5-5	ช่วงนี้เครียดมากก็เลยนอนไม่หลับ	Chuang nee kried mak kor loei norn mai lub	chūangˋ nī~ krīatˋ mākˋ gɔ̄ˋ lə̄i nɔ̄n maiˋ lapˇ	最近壓力很大所以睡不著	engine-auto	
初 5-5	มีอะไรสงสัยไหมคะ	Mee arai songsay mai ka	mī aˇ rai songˊ saiˊ maiˊ ka~	有什麼疑問嗎	derived	
初 5-5	ช่วงนี้อากาศเป็นอย่างไร	chuang ni akat pen yang rai	chūangˋ nī~ ā gātˇ ben yāngˋ rai	最近天氣如何？	engine-auto	
初 5-5	อากาศ	akat	ā gātˇ	天氣	book-exact	(book-exact已用引擎重新驗證)
初 5-5	อุณหภูมิ	un ha phum	uˇ na~ pūm	氣溫	derived	
初 5-5	องศา	ong sa	ong sāˊ	度	derived	
初 5-5	วันนี้อุณหภูมิ กี่องศา	wan ni un ha phum ki ong sa	wan nī~ uˇ na~ pūm gīˇ ong sāˊ	今天氣溫幾度？	derived	
初 5-5	25 องศา	yi sip ha ong sa	25 ong sāˊ	25度	derived	
初 5-5	90 องศา	kao sip ong sa	90 ong sāˊ	90度	derived	
初 5-5	อบขนมปัง ใช้อุณหภูมิ กี่องศา	op kha nom pang chai un ha phum ki ong sa	opˇ kaˇ nom bang chai~ uˇ na~ pūm gīˇ ong sāˊ	烤麵包用幾度氣溫？	derived	
初 5-5	ในเมืองไทย ปีหนึ่ง มี 3 ฤดู	nai mueang thai pi nueng mi sam rue du	nai mɯ̄ang tai bī nɯngˇ mī 3 rɯ dhū	在泰國一年有三個季節	derived	
初 5-5	ปีหนึ่ง	pi nueng	bī nɯngˇ	一年	engine-auto	
初 5-5	1 ปี	nueng pi	1 bī	一年（正式）	engine-auto	
初 5-5	ฤดู	rue du	rɯ dhū	季節	derived	
初 5-5	ฤดูร้อน	rue du ron	rɯ dhū rɔ̄n~	夏季	derived	
初 5-5	ฤดูฝน	rue du fon	rɯ dhū fonˊ	雨季	derived	
初 5-5	ฤดูหนาว	rue du nao	rɯ dhū nāuˊ	冬季	derived	
初 5-5	อบอ้าว	op ao	opˇ āuˋ	悶熱	engine-auto	
初 5-5	ฤดูร้อน อากาศที่ไทเป อบอ้าว	rue du ron akat thi thai pe op ao	rɯ dhū rɔ̄n~ ā gātˇ tīˋ tai bē opˇ āuˋ	夏季台北的天氣悶熱	derived	
初 5-5	ฤดูหนาว อากาศที่ไทเป หนาวชื้น	rue du nao akat thi thai pe nao chuen	rɯ dhū nāuˊ ā gātˇ tīˋ tai bē nāuˊ chɯ̄n~	冬季台北的天氣濕冷	derived	
初 5-5	ชื้น	chuen	chɯ̄n~	潮濕	engine-auto	
初 5-5	โลก	lok	lōkˋ	地球、世界	engine-auto	
初 5-5	โลกร้อน	lok ron	lōkˋ rɔ̄n~	全球暖化	engine-auto	
初 5-5	ละลาย	la lai	la~ lāi	溶解、融化	engine-auto	
初 5-5	โลกร้อน ทำให้น้ำแข็ง ละลาย	lok ron tham hai nam khaeng la lai	lōkˋ rɔ̄n~ tam haiˋ nām~ kɛngˊ la~ lāi	全球暖化導致冰塊融化	engine-auto	
初 5-5	ที่ไต้หวัน ไม่มี ฤดูฝน	thi tai wan mai mi rue du fon	tīˋ daiˋ wanˊ maiˋ mī rɯ dhū fonˊ	在台灣沒有雨季	derived	
初 5-5	ฝนตกทั้งปี	fon tok thang pi	fonˊ dokˇ tang~ bī	全年下雨	derived	
初 5-5	หน้า	na	nāˋ	季節（口語）、臉、前面	engine-auto	
初 5-5	หน้าร้อน	na ron	nāˋ rɔ̄n~	夏季（口語）	engine-auto	
初 5-5	หน้าฝน	na fon	nāˋ fonˊ	雨季（口語）	derived	
初 5-5	หน้าหนาว	na nao	nāˋ nāuˊ	冬季（口語）	engine-auto	
初 5-5	ฤดูใบไม้ผลิ	rue du bai mai phli	rɯ dhū bhai mai~ pliˇ	春季	derived	
初 5-5	ใบไม้	bai mai	bhai mai~	葉子	engine-auto	
初 5-5	ผลิ	phli	pliˇ	綻放、發芽	engine-auto	
初 5-5	ฤดูใบไม้ร่วง	rue du bai mai ruang	rɯ dhū bhai mai~ rūangˋ	秋季	derived	
初 5-5	ร่วง	ruang	rūangˋ	掉落	engine-auto	
初 5-5	ผมร่วง	phom ruang	pomˊ rūangˋ	掉頭髮	engine-auto	
初 5-5	หน้าทุเรียน	na thu rian	nāˋ tu~ rīan	榴槤季	engine-auto	
初 5-5	ฤดูทุเรียน	rue du thu rian	rɯ dhū tu~ rīan	榴槤季	derived	
初 5-5	ช่วงนี้เป็นหน้าทุเรียน	chuang ni pen na thu rian	chūangˋ nī~ ben nāˋ tu~ rīan	最近是榴槤季	engine-auto	
初 5-5	หน้าสับปะรด	na sap pa rot	nāˋ sapˇ baˇ rot~	鳳梨季	derived	
初 5-5	หน้าลำไย	na lam yai	nāˋ lam yai	龍眼季	engine-auto	
初 5-5	ช่วงนี้อากาศเป็นอย่างไร	chuang ni akat pen yang rai	chūangˋ nī~ ā gātˇ ben yāngˋ rai	最近天氣如何？	engine-auto	
初 5-5	อากาศ	akat	ā gātˇ	天氣	book-exact	(book-exact已用引擎重新驗證)
初 5-5	อุณหภูมิ	un ha phum	uˇ na~ pūm	氣溫	derived	
初 5-5	องศา	ong sa	ong sāˊ	度	derived	
初 5-5	วันนี้อุณหภูมิ กี่องศา	wan ni un ha phum ki ong sa	wan nī~ uˇ na~ pūm gīˇ ong sāˊ	今天氣溫幾度？	derived	
初 5-5	25 องศา	yi sip ha ong sa	25 ong sāˊ	25度	derived	
初 5-5	90 องศา	kao sip ong sa	90 ong sāˊ	90度	derived	
初 5-5	อบขนมปัง ใช้อุณหภูมิ กี่องศา	op kha nom pang chai un ha phum ki ong sa	opˇ kaˇ nom bang chai~ uˇ na~ pūm gīˇ ong sāˊ	烤麵包用幾度氣溫？	derived	
初 5-5	ในเมืองไทย ปีหนึ่ง มี 3 ฤดู	nai mueang thai pi nueng mi sam rue du	nai mɯ̄ang tai bī nɯngˇ mī 3 rɯ dhū	在泰國一年有三個季節	derived	
初 5-5	ปีหนึ่ง	pi nueng	bī nɯngˇ	一年	engine-auto	
初 5-5	1 ปี	nueng pi	1 bī	一年（正式）	engine-auto	
初 5-5	ฤดู	rue du	rɯ dhū	季節	derived	
初 5-5	ฤดูร้อน	rue du ron	rɯ dhū rɔ̄n~	夏季	derived	
初 5-5	ฤดูฝน	rue du fon	rɯ dhū fonˊ	雨季	derived	
初 5-5	ฤดูหนาว	rue du nao	rɯ dhū nāuˊ	冬季	derived	
初 5-5	อบอ้าว	op ao	opˇ āuˋ	悶熱	engine-auto	
初 5-5	ฤดูร้อน อากาศที่ไทเป อบอ้าว	rue du ron akat thi thai pe op ao	rɯ dhū rɔ̄n~ ā gātˇ tīˋ tai bē opˇ āuˋ	夏季台北的天氣悶熱	derived	
初 5-5	ฤดูหนาว อากาศที่ไทเป หนาวชื้น	rue du nao akat thi thai pe nao chuen	rɯ dhū nāuˊ ā gātˇ tīˋ tai bē nāuˊ chɯ̄n~	冬季台北的天氣濕冷	derived	
初 5-5	ชื้น	chuen	chɯ̄n~	潮濕	engine-auto	
初 5-5	โลก	lok	lōkˋ	地球、世界	engine-auto	
初 5-5	โลกร้อน	lok ron	lōkˋ rɔ̄n~	全球暖化	engine-auto	
初 5-5	ละลาย	la lai	la~ lāi	溶解、融化	engine-auto	
初 5-5	โลกร้อน ทำให้น้ำแข็ง ละลาย	lok ron tham hai nam khaeng la lai	lōkˋ rɔ̄n~ tam haiˋ nām~ kɛngˊ la~ lāi	全球暖化導致冰塊融化	engine-auto	
初 5-5	ที่ไต้หวัน ไม่มี ฤดูฝน	thi tai wan mai mi rue du fon	tīˋ daiˋ wanˊ maiˋ mī rɯ dhū fonˊ	在台灣沒有雨季	derived	
初 5-5	ฝนตกทั้งปี	fon tok thang pi	fonˊ dokˇ tang~ bī	全年下雨	derived	
初 5-5	หน้า	na	nāˋ	季節（口語）、臉、前面	engine-auto	
初 5-5	หน้าร้อน	na ron	nāˋ rɔ̄n~	夏季（口語）	engine-auto	
初 5-5	หน้าฝน	na fon	nāˋ fonˊ	雨季（口語）	derived	
初 5-5	หน้าหนาว	na nao	nāˋ nāuˊ	冬季（口語）	engine-auto	
初 5-5	ฤดูใบไม้ผลิ	rue du bai mai phli	rɯ dhū bhai mai~ pliˇ	春季	derived	
初 5-5	ใบไม้	bai mai	bhai mai~	葉子	engine-auto	
初 5-5	ผลิ	phli	pliˇ	綻放、發芽	engine-auto	
初 5-5	ฤดูใบไม้ร่วง	rue du bai mai ruang	rɯ dhū bhai mai~ rūangˋ	秋季	derived	
初 5-5	ร่วง	ruang	rūangˋ	掉落	engine-auto	
初 5-5	ผมร่วง	phom ruang	pomˊ rūangˋ	掉頭髮	engine-auto	
初 5-5	หน้าทุเรียน	na thu rian	nāˋ tu~ rīan	榴槤季	engine-auto	
初 5-5	ฤดูทุเรียน	rue du thu rian	rɯ dhū tu~ rīan	榴槤季	derived	
初 5-5	ช่วงนี้เป็นหน้าทุเรียน	chuang ni pen na thu rian	chūangˋ nī~ ben nāˋ tu~ rīan	最近是榴槤季	engine-auto	
初 5-5	หน้าสับปะรด	na sap pa rot	nāˋ sapˇ baˇ rot~	鳳梨季	derived	
初 5-5	หน้าลำไย	na lam yai	nāˋ lam yai	龍眼季	engine-auto	
初 5-5	น้ำท่วมบ่อย	nam thuam boy	nām~ tūamˋ bhɔ̄iˇ	經常淹水	engine-auto	
初 5-5	น้ำท่วมหนัก	nam thuam nak	nām~ tūamˋ nakˇ	淹大水	engine-auto	
初 5-5	น้ำท่วม	nam thuam	nām~ tūamˋ	淹水	engine-auto	
初 5-5	แผ่นดินไหว	phaen din wai	pɛ̄nˇ dhin waiˊ	地震	book-exact	(book-exact已用引擎重新驗證)
初 5-5	ภูเขาไฟระเบิด	phu khao fai ra boet	pū kāuˊ fai ra~ bhə̄tˇ	火山爆發	book-exact	(book-exact已用引擎重新驗證)
初 5-5	ภูเขา	phu khao	pū kāuˊ	山	engine-auto	
初 5-5	ระเบิด	ra boet	ra~ bhə̄tˇ	爆發/炸彈	engine-auto	
初 5-5	ไฟไหม้	fai mai	fai maiˋ	火災	engine-auto	
初 5-5	ช่วยด้วย	chuay duay	chūayˋ dhūayˋ	救命	engine-auto	
初 5-5	สึนามิ	su na mi	sɯˇ nā mi~	海嘯	engine-auto	
初 5-5	ตากลม	tak lom	dā glom	吹風	derived	
初 5-5	ตากฝน	tak fon	dākˇ fonˊ	淋雨	derived	
初 5-5	ตากแดด	tak daet	dākˇ dhɛ̄tˇ	曬太陽	engine-auto	
初 5-5	แดด	daet	dhɛ̄tˇ	陽光	engine-auto	
初 5-5	ไม่มีแดด	mai mi daet	maiˋ mī dhɛ̄tˇ	沒有陽光	engine-auto	
初 5-5	ตากเสื้อ	tak suea	dākˇ sɯ̄aˋ	晾衣服	engine-auto	
初 5-5	พระอาทิตย์	phra athit	pra~ ā tit~	太陽	book-exact	(book-exact已用引擎重新驗證)
初 5-5	ดูพระอาทิตย์ขึ้น	du phra athit khuen	dhū pra~ ā tit~ kɯnˋ	看日出	engine-auto	
初 5-5	พระจันทร์	phra chan	pra~ jan	月亮	book-exact	(book-exact已用引擎重新驗證)
初 5-5	วันจันทร์	wan chan	wan jan	星期一	derived	
初 5-5	สีเหลือง	si lueang	sīˊ lɯ̄angˊ	黃色	engine-auto	
初 5-5	พระจันทร์เต็มดวง	phra chan tem duang	pra~ jan dem dhūang	滿月	derived	
初 5-5	เต็ม	tem	dem	滿	engine-auto	
初 5-5	ดวง	duang	dhūang	顆 (量詞)	engine-auto	
初 5-5	ดวงดาว	duang dao	dhūang dhāu	星星	engine-auto	
初 5-5	ดาวตก	dao tok	dhāu dokˇ	流星	engine-auto	
初 5-5	ดูดาวตก	du dao tok	dhū dhāu dokˇ	看流星	engine-auto	
初 5-5	ดวงขึ้น	duang khuen	dhūang kɯnˋ	走好運/運勢上升	engine-auto	
初 5-5	ดวงตก	duang tok	dhūang dokˇ	走霉運/運勢下降	engine-auto	
初 5-5	ดูหมอ	du mo	dhū mɔ̄ˊ	算命 (看老師)	engine-auto	
初 5-5	ดูดวง	du duang	dhū dhūang	算命 (看運勢)	engine-auto	
初 5-5	กัน	kan	gan	一起/預防	engine-auto	
初 5-5	กินข้าวกัน	kin khao kan	gin kāuˋ gan	一起吃飯	engine-auto	
初 5-5	เสื้อกันหนาว	suea kan nao	sɯ̄aˋ gan nāuˊ	外套/防寒衣	engine-auto	
初 5-5	เสื้อกันฝน	suea kan fon	sɯ̄aˋ gan fonˊ	雨衣	derived	
初 5-5	ร่มกันแดด	rom kan daet	romˋ gan dhɛ̄tˇ	陽傘	derived	
初 5-5	ร่มกันฝน	rom kan fon	romˋ gan fonˊ	雨傘	derived	
初 5-5	ร่ม	rom	romˋ	傘	derived	
初 5-5	แว่นกันแดด	waen kan daet	wɛ̄nˋ gan dhɛ̄tˇ	太陽眼鏡	engine-auto	
初 5-5	ครีมกันแดด	khreem kan daet	krīm gan dhɛ̄tˇ	防曬乳	engine-auto	
初 5-5	หมวกกันน็อก	muak kan nok	mūakˇ gan nɔ̄kˋ	安全帽	engine-auto	
初 5-5	หมวก	muak	mūakˇ	帽子	engine-auto	
初 5-5	ใส่หมวก	sai muak	saiˇ mūakˇ	戴帽子	engine-auto	
初 5-5	ถอดหมวก	thot muak	tɔ̄tˇ mūakˇ	脫帽子	engine-auto	
初 5-5	อาทิตย์หน้าเจอกัน	athit na joe kan	ā tit~ nāˋ jə̄ gan	下週見	engine-auto	
初 5-5	วันนี้ฝันดี	wan ni fan di	wan nī~ fanˊ dhī	今天祝有個好夢	engine-auto	
初 5-5	ขอบคุณมาก	khop khun mak	kɔ̄pˇ kun mākˋ	非常感謝	engine-auto	
初 5-6	อุณหภูมิ	unaphum	uˇ na~ pūm	溫度	derived	
初 5-6	พรุ่งนี้อุณหภูมิเท่าไหร่	phrung ni unaphum thao rai	prungˋ nī~ uˇ na~ pūm tāuˋ raiˇ	明天溫度幾度	derived	
初 5-6	พรุ่งนี้อุณหภูมิจะสูงขึ้น	phrung ni unaphum cha sung khuen	prungˋ nī~ uˇ na~ pūm jaˇ sūngˊ kɯnˋ	明天溫度會升高	derived	
初 5-6	องศา	ongsa	ong sāˊ	度（溫度單位）	derived	
初 5-6	ภาคเหนืออุณหภูมิกี่องศา	phak nuea unaphum ki ongsa	pākˋ nɯ̄aˊ uˇ na~ pūm gīˇ ong sāˊ	北部溫度幾度	derived	
初 5-6	ภาคเหนืออุณหภูมิสามสิบสามองศา	phak nuea unaphum sam sip sam ongsa	pākˋ nɯ̄aˊ uˇ na~ pūm sāmˊ sipˇ sāmˊ ong sāˊ	北部溫度三十三度	derived	
初 5-6	อบขนมปังใช้กี่องศา	op khanom pang chai ki ongsa	opˇ kaˇ nom bang chai~ gīˇ ong sāˊ	烤麵包要用幾度	derived	
初 5-6	ใช้สองร้อยองศา	chai song roi ongsa	chai~ sɔ̄ngˊ rɔ̄i~ ong sāˊ	用兩百度	derived	
初 5-6	ฤดู	ruedu	rɯ dhū	季節	derived	
初 5-6	ฤดูร้อน	ruedu ron	rɯ dhū rɔ̄n~	夏季	derived	
初 5-6	ฤดูร้อนบางจังหวัดร้อนมากๆ	ruedu ron bang changwat ron mak mak	rɯ dhū rɔ̄n~ bhāng jang watˇ rɔ̄n~ mākˋ mākˋ	夏天有些府非常熱	derived	
初 5-6	ฤดูร้อนอุณหภูมิสูงถึงสี่สิบองศา	ruedu ron unaphum sung thueng si sip ongsa	rɯ dhū rɔ̄n~ uˇ na~ pūm sūngˊ tɯngˊ sīˇ sipˇ ong sāˊ	夏天溫度高達四十度	derived	
初 5-6	ฤดูฝน	ruedu fon	rɯ dhū fonˊ	雨季	derived	
初 5-6	เดือนห้าถึงเดือนสิบเป็นฤดูฝน	duean ha thueng duean sip pen ruedu fon	dhɯ̄an hāˋ tɯngˊ dhɯ̄an sipˇ ben rɯ dhū fonˊ	五月到十月是雨季	derived	
初 5-6	ฤดูหนาว	ruedu nao	rɯ dhū nāuˊ	冬季	derived	
初 5-6	ฤดูหนาวปีนี้	ruedu nao pi ni	rɯ dhū nāuˊ bī nī~	今年的冬天	derived	
初 5-6	ที่ยุโรปหิมะตกหนัก	thi yurop hima tok nak	tīˋ yu~ rōpˋ hiˇ ma~ dokˇ nakˇ	在歐洲雪下得很大	engine-auto	
初 5-6	ฤดูหนาวปีนี้ที่ยุโรปหิมะตกหนัก	ruedu nao pi ni thi yurop hima tok nak	rɯ dhū nāuˊ bī nī~ tīˋ yu~ rōpˋ hiˇ ma~ dokˇ nakˇ	今年冬天在歐洲雪下得很大	derived	
初 5-6	ฤดูใบไม้ผลิ	ruedu bai mai phli	rɯ dhū bhai mai~ pliˇ	春季	derived	
初 5-6	อากาศเย็นสบาย	akat yen sabai	ā gātˇ yen saˇ bhāi	天氣涼爽	engine-auto	
初 5-6	ฤดูใบไม้ผลิอากาศเย็นสบาย	ruedu bai mai phli akat yen sabai	rɯ dhū bhai mai~ pliˇ ā gātˇ yen saˇ bhāi	春天天氣涼爽	derived	
初 5-6	อากาศไม่หนาวไม่ร้อน	akat mai nao mai ron	ā gātˇ maiˋ nāuˊ maiˋ rɔ̄n~	天氣不冷不熱	engine-auto	
初 5-6	ฤดูใบไม้ร่วง	ruedu bai mai ruang	rɯ dhū bhai mai~ rūangˋ	秋季	derived	
初 5-6	หลายที่ใบไม้จะเปลี่ยนสี	lai thi bai mai cha plian si	lāiˊ tīˋ bhai mai~ jaˇ blīanˇ sīˊ	很多地方葉子會變色	engine-auto	
初 5-6	ฤดูใบไม้ร่วงหลายที่ใบไม้จะเปลี่ยนสี	ruedu bai mai ruang lai thi bai mai cha plian si	rɯ dhū bhai mai~ rūangˋ lāiˊ tīˋ bhai mai~ jaˇ blīanˇ sīˊ	秋天很多地方的葉子會變色	derived	
初 5-6	หน้ามะม่วง	na mamuang	nāˋ ma~ mūangˋ	芒果季	engine-auto	
初 5-6	หน้าผลไม้อะไร	na phonlamai arai	nāˋ ponˊ mai~ aˇ rai	什麼水果季	derived	
初 5-6	ทำไมโลกร้อน	thammai lok ron	tam mai lōkˋ rɔ̄n~	為什麼地球暖化	engine-auto	
初 5-6	พวกเราต้องช่วยกัน	phuak rao tong chuai kan	pūakˋ rāu dɔ̄ngˋ chūayˋ gan	我們必須互相幫忙	engine-auto	
初 5-6	ลดโลกร้อน	lot lok ron	lot~ lōkˋ rɔ̄n~	減緩地球暖化	derived	
初 5-6	พวกเราต้องช่วยกันลดโลกร้อน	phuak rao tong chuai kan lot lok ron	pūakˋ rāu dɔ̄ngˋ chūayˋ gan lot~ lōkˋ rɔ̄n~	我們必須互相幫忙減緩地球暖化	derived	
初 5-6	รีบกินเร็ว	rip kin rew	rīpˋ gin rew	趕快吃	engine-auto	
初 5-6	ละลายหมดแล้ว	lalai mot laeo	la~ lāi motˇ lɛ̄u~	都融化了	derived	
初 5-6	พอเห็นคุณแล้ว	pho hen khun laeo	pɔ̄ henˊ kun lɛ̄u~	一看到你	engine-auto	
初 5-6	ใจของฉันก็ละลาย	chai khong chan ko lalai	jai kɔ̄ngˊ chanˊ gɔ̄ˋ la~ lāi	我的心就融化了	engine-auto	
初 5-6	อากาศแห้งแล้ง	akat haeng laeng	ā gātˇ hɛ̄ngˋ lɛ̄ng~	天氣乾燥	engine-auto	
初 5-6	ภาคอีสานอากาศแห้งแล้ง	phak isan akat haeng laeng	pākˋ ī sānˊ ā gātˇ hɛ̄ngˋ lɛ̄ng~	東北地區天氣乾燥	engine-auto	
初 5-6	ทั้งร้อนทั้งอบอ้าว	thang ron thang op ao	tang~ rɔ̄n~ tang~ opˇ āuˋ	又熱又悶	engine-auto	
初 5-6	อากาศทั้งร้อนทั้งอบอ้าว	akat thang ron thang op ao	ā gātˇ tang~ rɔ̄n~ tang~ opˇ āuˋ	天氣又熱又悶	engine-auto	
初 5-6	บนภูเขาอากาศชื้นมาก	bon phukhao akat chuen mak	bhon pū kāuˊ ā gātˇ chɯ̄n~ mākˋ	山上天氣非常潮濕	engine-auto	
初 5-6	เสื้อยังชื้นอยู่	suea yang chuen yu	sɯ̄aˋ yang chɯ̄n~ yūˋ	衣服還濕濕的	engine-auto	
初 5-6	วันนี้ไม่มีแดด	wan ni mai mi daet	wan nī~ maiˋ mī dhɛ̄tˇ	今天沒有太陽	engine-auto	
初 5-6	วันนี้มีแดดไหม	wan ni mi daet mai	wan nī~ mī dhɛ̄tˇ maiˊ	今天有太陽嗎	engine-auto	
初 5-6	เสื้อก็เลยยังชื้นอยู่	suea ko loei yang chuen yu	sɯ̄aˋ gɔ̄ˋ lə̄i yang chɯ̄n~ yūˋ	所以衣服還是濕濕的	engine-auto	
初 5-6	พรุ่งนี้จะมีพายุ	phrung ni cha mi phayu	prungˋ nī~ jaˇ mī pā yu~	明天會有暴風雨	engine-auto	
初 5-6	อย่าออกทะเลเป็นอันขาด	ya ok thale pen an khat	yāˋ ɔ̄kˇ ta~ lē ben an kātˇ	絕對不要出海	engine-auto	
初 5-6	วันพุธจะมีไต้ฝุ่น	wan phut cha mi taifun	wan put~ jaˇ mī daiˋ funˇ	星期三會有颱風	engine-auto	
初 5-6	ถ้ามีไต้ฝุ่น	tha mi taifun	tāˋ mī daiˋ funˇ	如果有颱風	engine-auto	
初 5-6	ก็จะหยุดเรียนหยุดงาน	ko cha yut rian yut ngan	gɔ̄ˋ jaˇ yutˇ rīan yutˇ ngān	就會停課停班	engine-auto	
初 5-6	พอฝนตกก็น้ำท่วม	pho fon tok ko nam thuam	pɔ̄ fonˊ dokˇ gɔ̄ˋ nām~ tūamˋ	一下雨就淹水	derived	
初 5-6	ฤดูฝนปีนี้	ruedu fon pi ni	rɯ dhū fonˊ bī nī~	今年的雨季	derived	
初 5-6	หลายประเทศน้ำท่วม	lai prathet nam thuam	lāiˊ braˇ tētˋ nām~ tūamˋ	很多國家淹水	engine-auto	
初 5-6	กลัวแผ่นดินไหวไหม	klua phaendin wai mai	glūa pɛ̄nˇ dhin waiˊ maiˊ	怕地震嗎	engine-auto	
初 5-6	แผ่นดินไหวครั้งนี้แรงมาก	phaendin wai khrang ni raeng mak	pɛ̄nˇ dhin waiˊ krang~ nī~ rɛ̄ng mākˋ	這次地震非常強烈	engine-auto	
初 5-6	ภูเขาไฟระเบิด	phukhaofai raboet	pū kāuˊ fai ra~ bhə̄tˇ	火山爆發	book-exact	(book-exact已用引擎重新驗證)
初 5-6	ไม่อยากเจอ	mai yak choe	maiˋ yākˋ jə̄	不想遇到	engine-auto	
初 5-6	ข้างหน้ามีรถระเบิด	khang na mi rot raboet	kāngˋ nāˋ mī rot~ ra~ bhə̄tˇ	前面有車子爆炸	engine-auto	
初 5-6	แปลกจังทำไมมีระเบิด	plaek chang thammai mi raboet	blɛ̄kˇ jang tam mai mī ra~ bhə̄tˇ	真奇怪為什麼有爆炸	engine-auto	
初 5-6	พระอาทิตย์ขึ้น	phra athit khuen	pra~ ā tit~ kɯnˋ	日出	engine-auto	
初 5-6	ไปอาลีซานดูพระอาทิตย์ขึ้น	pai alisan du phra athit khuen	bai ā lī sān dhū pra~ ā tit~ kɯnˋ	去阿里山看日出	engine-auto	
初 5-6	ไปอาลีซานดูพระอาทิตย์ขึ้นกัน	pai alisan du phra athit khuen kan	bai ā lī sān dhū pra~ ā tit~ kɯnˋ gan	一起去阿里山看日出吧	engine-auto	
初 5-6	คืนนี้พระจันทร์ดวงโต	khuen ni phra chan duang to	kɯ̄n nī~ pra~ jan dhūang dō	今晚月亮很大	derived	
初 5-6	ดวงขึ้นทำอะไรก็ดี	duang khuen tham arai ko di	dhūang kɯnˋ tam aˇ rai gɔ̄ˋ dhī	運氣好做什麼都順利	engine-auto	
初 5-6	ดวงตกทำอะไรก็แย่	duang tok tham arai ko yae	dhūang dokˇ tam aˇ rai gɔ̄ˋ yɛ̄ˋ	運氣差做什麼都倒楣	engine-auto	
初 5-6	ฝนตกแรง	fon tok raeng	fonˊ dokˇ rɛ̄ng	雨下得很大	derived	
初 5-6	ลมแรง	lom raeng	lom rɛ̄ng	風很大	derived	
初 5-6	ผู้ชายแรงเยอะ	phuchai raeng yoe	pūˋ chāi rɛ̄ng yə~	男生力氣大	engine-auto	
初 5-6	บนฟ้ามีเมฆมากๆ	bon fa mi mek mak mak	bhon fā~ mī mēkˋ mākˋ mākˋ	天空有很多雲	engine-auto	
初 5-6	เมฆดำเยอะมาก	mek dam yoe mak	mēkˋ dham yə~ mākˋ	烏雲很多	engine-auto	
初 5-6	ฝนต้องตกแน่นอน	fon tong tok naenon	fonˊ dɔ̄ngˋ dokˇ nɛ̄ˋ nɔ̄n	一定會下雨	derived	
初 5-6	ถ้าอยากดูทะเลหมอก	tha yak du thale mok	tāˋ yākˋ dhū ta~ lē mɔ̄kˇ	如果想看雲海	engine-auto	
初 5-6	ต้องไปหน้าฝน	tong pai na fon	dɔ̄ngˋ bai nāˋ fonˊ	必須在雨季去	derived	
初 5-6	ช่วยด้วยไฟไหม้ไฟไหม้	chuai duai fai mai fai mai	chūayˋ dhūayˋ fai maiˋ fai maiˋ	救命啊失火了	engine-auto	
初 5-6	ไฟไหม้ที่ไหน	fai mai thi nai	fai maiˋ tīˋ naiˊ	哪裡失火了	engine-auto	
初 5-6	ไฟไหม้บ้าน	fai mai ban	fai maiˋ bhānˋ	房子失火	engine-auto	
初 5-6	ไฟไหม้ห้าง	fai mai hang	fai maiˋ hāngˋ	百貨公司失火	engine-auto	
初 5-6	ถ้าไฟไหม้	tha fai mai	tāˋ fai maiˋ	如果失火	engine-auto	
初 5-6	ต้องโทรหนึ่งเก้าเก้า	tong tho nueng kao kao	dɔ̄ngˋ tō nɯngˇ gāuˋ gāuˋ	必須打一九九	engine-auto	
初 5-6	ยี่สิบปีที่แล้ว	yi sip pi thi laeo	yīˋ sipˇ bī tīˋ lɛ̄u~	二十年前	engine-auto	
初 5-6	ที่ภูเก็ต	thi phuket	tīˋ pū getˇ	在普吉島	engine-auto	
初 5-6	เคยเกิดสึนามิ	khoei koet su na mi	kə̄i gə̄tˇ sɯˇ nā mi~	曾經發生過海嘯	engine-auto	
初 5-6	ตากเสื้อ	tak suea	dākˇ sɯ̄aˋ	曬衣服	engine-auto	
初 5-6	ตากแดดทั้งวัน	tak daet thang wan	dākˇ dhɛ̄tˇ tang~ wan	曬了一整天的太陽	engine-auto	
初 5-6	แม่กำลังตากปลา	mae kamlang tak pla	mɛ̄ˋ gam lang dākˇ blā	媽媽正在曬魚	engine-auto	
初 5-6	ครีมกันแดดสองยี่ห้อนี้	khrim kan daet song yiho ni	krīm gan dhɛ̄tˇ sɔ̄ngˊ yīˋ hɔ̄ˋ nī~	這兩個牌子的防曬乳	engine-auto	
初 5-6	ต่างกันยังไง	tang kan yangngai	dāngˇ gan yang ngai	有什麼不同	engine-auto	
初 5-6	ไม่ใส่หมวกกันน็อค	mai sai muak kan nok	maiˋ saiˇ mūakˇ gan nɔ̄kˋ	沒戴安全帽	engine-auto	
初 5-6	ถ้าไม่ใส่หมวกกันน็อค	tha mai sai muak kan nok	tāˋ maiˋ saiˇ mūakˇ gan nɔ̄kˋ	如果沒戴安全帽	engine-auto	
初 5-6	ถูกจับแน่นอน	thuk chap naenon	tūkˇ japˇ nɛ̄ˋ nɔ̄n	一定會被抓	engine-auto	
初 5-6	แย่แล้วลืมเอาร่มมา	yae laeo luem ao rom ma	yɛ̄ˋ lɛ̄u~ lɯ̄m au romˋ mā	糟了忘記帶傘來	derived	
初 5-6	ถ้าไม่มีร่ม	tha mai mi rom	tāˋ maiˋ mī romˋ	如果沒有傘	derived	
初 5-6	ต้องตากฝนกลับบ้าน	tong tak fon klap ban	dɔ̄ngˋ dākˇ fonˊ glapˇ bhānˋ	就必須淋雨回家	derived	
初 5-6	อร่อยมาก	aroi mak	aˇ rɔ̄iˋ mākˋ	非常好吃	engine-auto	
初 5-6	ลองกินดู	long kin du	lɔ̄ng gin dhū	試吃看看	engine-auto	
初 5-6	พอแล้ว	pho laeo	pɔ̄ lɛ̄u~	夠了	engine-auto	
初 5-6	ไม่มีเวลา	mai mi wela	maiˋ mī wē lā	沒有時間	engine-auto	
初 5-6	เดี๋ยวเจอกันนะคะ	diao choe kan na kha	dhīauˊ jə̄ gan na~ ka~	待會見	engine-auto	
初 5-6	เปิดเพลงก่อน	poet phleng kon	bə̄tˇ plēng gɔ̄nˇ	先開音樂	engine-auto	
初 5-6	ระวัง	rawang	ra~ wang	小心	engine-auto	
初 5-6	ระวังหมา	rawang ma	ra~ wang māˊ	小心狗	engine-auto	
初 5-6	ลูกข้ามถนน	luk kham thanon	lūkˋ kāmˋ taˇ non	小孩過馬路	derived	
初 5-6	ระวังรถ	rawang rot	ra~ wang rot~	小心車	engine-auto	
初 5-6	ระวังช้าง	rawang chang	ra~ wang chāng~	小心大象	engine-auto	
初 5-6	ถูกหลอก	thuk lok	tūkˇ lɔ̄kˇ	被騙	engine-auto	
初 5-6	ระวังถูกหลอก	rawang thuk lok	ra~ wang tūkˇ lɔ̄kˇ	小心被騙	engine-auto	
初 5-6	เขาหลอกฉัน	khao lok chan	kāuˊ lɔ̄kˇ chanˊ	他騙我	engine-auto	
初 5-6	ตายแน่	tai nae	dāi nɛ̄ˋ	死定了	engine-auto	
初 5-6	ถ้าคุณหลอกฉันตายแน่ๆ	tha khun lok chan tai nae nae	tāˋ kun lɔ̄kˇ chanˊ dāi nɛ̄ˋ nɛ̄ˋ	如果你騙我死定了	engine-auto	
初 5-6	คุณแน่ใจ	khun nae chai	kun nɛ̄ˋ jai	你確定嗎	book-exact	(book-exact已用引擎重新驗證)
初 5-6	ฉันแน่ใจ	chan nae chai	chanˊ nɛ̄ˋ jai	我確定	engine-auto	
初 5-6	ชัวร์	chua	chūa	確定	engine-auto	
初 5-6	จะแต่งงานชัวร์ยัง	cha taeng ngan chua yang	jaˇ dɛ̄ngˇ ngān chūa yang	確定要結婚了嗎	engine-auto	
初 5-6	ฉันชัวร์มาก	chan chua mak	chanˊ chūa mākˋ	我非常確定	engine-auto	
初 5-6	ไม่แน่ใจ	mai nae chai	maiˋ nɛ̄ˋ jai	不確定	engine-auto	
初 5-6	ไม่ชัวร์	mai chua	maiˋ chūa	不確定	engine-auto	
初 5-6	ตกใจ	tok chai	dokˇ jai	嚇一跳	engine-auto	
初 5-6	ตกใจหมดเลย	tok chai mot loei	dokˇ jai motˇ lə̄i	嚇死我了	book-exact	(book-exact已用引擎重新驗證)
初 5-6	คิดมาก	khit mak	kit~ mākˋ	想太多	engine-auto	
初 5-6	อย่าไปคิดมาก	ya pai khit mak	yāˋ bai kit~ mākˋ	別想太多	engine-auto	
初 5-6	เบียร์ต้องแช่เย็น	bia tong chae yen	bhīa dɔ̄ngˋ chɛ̄ˋ yen	啤酒必須冷藏	engine-auto	
初 5-6	ไม่อย่างนั้น	mai yang nan	maiˋ yāngˋ nan~	否則	engine-auto	
初 5-6	ไม่อย่างนั้นไม่อร่อย	mai yang nan mai aroi	maiˋ yāngˋ nan~ maiˋ aˇ rɔ̄iˋ	否則不好吃	book-exact	(book-exact已用引擎重新驗證)
初 5-6	เลือดไหล	lueat lai	lɯ̄atˋ laiˊ	流血	engine-auto	
初 5-6	อากาศร้อนมาก	akat ron mak	ā gātˇ rɔ̄n~ mākˋ	天氣很熱	engine-auto	
初 5-6	เหงื่อ	nguea	ngɯ̄aˇ	汗	engine-auto	
初 5-6	เหงื่อไหล	nguea lai	ngɯ̄aˇ laiˊ	流汗	engine-auto	
初 5-6	น้ำตา	nam ta	nām~ dā	眼淚	engine-auto	
初 5-6	น้ำตาไหล	nam ta lai	nām~ dā laiˊ	流眼淚	engine-auto	
初 5-6	น้ำลาย	nam lai	nām~ lāi	口水	engine-auto	
初 5-6	น้ำลายไหล	nam lai lai	nām~ lāi laiˊ	流口水	engine-auto	
初 5-6	จมูก	chamuk	jaˇ mūkˋ	鼻子	derived	
初 5-6	น้ำมูก	nam muk	nām~ mūkˋ	鼻涕	engine-auto	
初 5-6	น้ำมูกไหล	nam muk lai	nām~ mūkˋ laiˊ	流鼻涕	engine-auto	
初 5-6	น้ำไม่ไหล	nam mai lai	nām~ maiˋ laiˊ	停水	engine-auto	
初 5-6	ห้ามเข้า	ham khao	hāmˋ kāuˋ	禁止進入	engine-auto	
初 5-6	รองเท้าแตะ	rong thao tae	rɔ̄ng tāu~ dɛˇ	拖鞋	engine-auto	
初 5-6	ห้ามใส่รองเท้าแตะ	ham sai rong thao tae	hāmˋ saiˇ rɔ̄ng tāu~ dɛˇ	禁止穿拖鞋	engine-auto	
初 5-6	แตะ	tae	dɛˇ	碰觸	engine-auto	
初 5-6	แตะไหล่	tae lai	dɛˇ laiˇ	碰肩膀	engine-auto	
初 5-6	แตะมือ	tae mue	dɛˇ mɯ̄	碰手	engine-auto	
初 5-6	แตะหัว	tae hua	dɛˇ hūaˊ	碰頭	engine-auto	
初 5-6	ห้ามมาสาย	ham ma sai	hāmˋ mā sāiˊ	禁止遲到	engine-auto	
初 5-6	ห้ามกินเหล้า	ham kin lao	hāmˋ gin lāuˋ	禁止喝酒	engine-auto	
初 5-6	วันพระห้ามกินเหล้า	wan phra ham kin lao	wan pra~ hāmˋ gin lāuˋ	佛日禁止喝酒	engine-auto	
初 5-6	ห้ามสูบบุหรี่	ham sup buri	hāmˋ sūpˇ bhuˇ rīˇ	禁止吸菸	engine-auto	
初 5-6	ห้ามถ่ายรูป	ham thai rup	hāmˋ tāiˇ rūpˋ	禁止拍照	engine-auto	
初 5-6	แบบนี้	baep ni	bhɛ̄pˇ nī~	這樣	engine-auto	
初 5-6	ห้ามทำแบบนี้	ham tham baep ni	hāmˋ tam bhɛ̄pˇ nī~	禁止這樣做	engine-auto	
初 5-6	อย่างนี้	yang ni	yāngˋ nī~	這樣	engine-auto	
初 5-6	ห้ามทำอย่างนี้	ham tham yang ni	hāmˋ tam yāngˋ nī~	禁止這樣做	engine-auto	
初 5-6	เสื้อแบบนี้	suea baep ni	sɯ̄aˋ bhɛ̄pˇ nī~	這種衣服	engine-auto	
初 5-6	อาบน้ำ	ap nam	āpˇ nām~	洗澡	engine-auto	
初 5-6	อาบน้ำวันละ 2 ครั้ง	ap nam wan la song khrang	āpˇ nām~ wan la~ 2 krang~	一天洗兩次澡	engine-auto	
初 5-6	แปรงฟัน	praeng fan	brɛ̄ng fan	刷牙	engine-auto	
初 5-6	หวีผม	wi phom	wīˊ pomˊ	梳頭髮	book-exact	(book-exact已用引擎重新驗證)
初 5-6	แต่งตัว	taeng tua	dɛ̄ngˇ dūa	打扮	book-exact	(book-exact已用引擎重新驗證)
初 5-6	แต่งหน้า	taeng na	dɛ̄ngˇ nāˋ	化妝	book-exact	(book-exact已用引擎重新驗證)
初 5-6	รีบออกจากบ้าน	rip ok chak ban	rīpˋ ɔ̄kˇ jākˇ bhānˋ	趕快出門	book-exact	(book-exact已用引擎重新驗證)
初 5-6	วิ่ง	wing	wingˋ	跑	engine-auto	
初 5-6	วิ่งขึ้นรถ	wing khuen rot	wingˋ kɯnˋ rot~	跑上車	book-exact	(book-exact已用引擎重新驗證)
初 5-6	โชคดีที่มาทัน	chok di thi ma than	chō ka~ dhī tīˋ mā tan	幸好趕上	book-exact	(book-exact已用引擎重新驗證)
初 5-6	แต่งบ้าน	taeng ban	dɛ̄ngˇ bhānˋ	佈置家裡	engine-auto	
初 5-6	แต่งรถ	taeng rot	dɛ̄ngˇ rot~	改裝車	engine-auto	
初 5-6	ตกแต่ง	tok taeng	dokˇ dɛ̄ngˇ	裝飾	engine-auto	
初 5-6	ตกแต่งบ้าน	tok taeng ban	dokˇ dɛ̄ngˇ bhānˋ	裝飾家裡	engine-auto	
初 5-6	ตกแต่งร้าน	tok taeng ran	dokˇ dɛ̄ngˇ rān~	裝飾店面	engine-auto	
初 5-6	แต่งหน้าอ่อน	taeng na on	dɛ̄ngˇ nāˋ ɔ̄nˇ	化淡妝	engine-auto	
初 5-6	สีอ่อน	si on	sīˊ ɔ̄nˇ	淺色	engine-auto	
初 5-6	สีเข้ม	si khem	sīˊ kēmˋ	深色	engine-auto	
初 5-6	แต่งหน้าเข้ม	taeng na khem	dɛ̄ngˇ nāˋ kēmˋ	化濃妝	engine-auto	
初 5-6	แต่งหน้าจัด	taeng na chat	dɛ̄ngˇ nāˋ jatˇ	化濃妝	engine-auto	
初 5-6	รสชาติจัด	rot chat chat	rot~ chātˋ jatˇ	味道重	derived	
初 5-6	เผ็ดจัด	phet chat	petˇ jatˇ	非常辣	engine-auto	
初 5-6	เปรี้ยวจัด	priao chat	brīauˋ jatˇ	非常酸	engine-auto	
初 5-6	เค็มจัด	khem chat	kem jatˇ	非常鹹	engine-auto	
初 5-6	ร้อนจัด	ron chat	rɔ̄n~ jatˇ	非常熱	engine-auto	
初 5-6	เย็นจัด	yen chat	yen jatˇ	非常冷	engine-auto	
初 5-6	หนาวจัด	nao chat	nāuˊ jatˇ	非常冷	engine-auto	
初 5-6	รถติด	rot tit	rot~ ditˇ	塞車	engine-auto	
初 5-6	ขน	khon	konˊ	毛	derived	
初 5-6	ขนไก่	khon kai	konˊ gaiˇ	雞毛	derived	
初 5-6	ขนหมู	khon mu	konˊ mūˊ	豬毛	derived	
初 5-6	ขนตา	khon ta	konˊ dā	睫毛	derived	
初 5-6	ติดขนตา	tit khon ta	ditˇ konˊ dā	貼睫毛	derived	
初 5-6	แต่งตัวเปรี้ยว	taeng tua priao	dɛ̄ngˇ dūa brīauˋ	穿著性感惹火	engine-auto	
初 5-6	แต่งตัวเซ็กซี่	taeng tua seksi	dɛ̄ngˇ dūa sek~ sīˋ	穿著性感	engine-auto	
初 5-6	แต่งตัวทันสมัย	taeng tua than samai	dɛ̄ngˇ dūa tan saˇ maiˊ	穿著時髦	derived	
初 5-6	สมัยนี้	samai ni	saˇ maiˊ nī~	這個時代	derived	
初 5-6	สมัยเด็ก	samai dek	saˇ maiˊ dhekˇ	小時候	derived	
初 5-6	แต่งตัวเท่	taeng tua the	dɛ̄ngˇ dūa tēˋ	穿著帥氣	engine-auto	
初 5-6	แต่งตัวสุภาพ	taeng tua suphap	dɛ̄ngˇ dūa suˇ pāpˋ	穿著端莊	engine-auto	
初 5-6	พูดสุภาพ	phut suphap	pūtˋ suˇ pāpˋ	說話有禮貌	engine-auto	
初 5-6	แต่งตัวเชย	taeng tua choei	dɛ̄ngˇ dūa chə̄i	穿著老土	engine-auto	
初 5-6	ไม่เห็นถูกเลย	mai hen thuk loei	maiˋ henˊ tūkˇ lə̄i	根本不覺得便宜	engine-auto	
初 5-6	ไม่เห็นสนุกเลย	mai hen sanuk loei	maiˋ henˊ saˇ nuk~ lə̄i	根本不覺得好玩	engine-auto	
初 5-6	ไม่เห็นเป็นไรเลย	mai hen pen rai loei	maiˋ henˊ ben rai lə̄i	根本沒關係	engine-auto	
初 5-6	ไม่เห็นมีอะไรน่าซื้อเลย	mai hen mi arai na suea loei	maiˋ henˊ mī aˇ rai nāˋ sɯ̄~ lə̄i	根本沒什麼好買的	engine-auto	
初 5-6	น่าซื้อ	na suea	nāˋ sɯ̄~	值得買	engine-auto	
初 5-6	แช่เท้า	chae thao	chɛ̄ˋ tāu~	泡腳	engine-auto	
初 5-6	แช่ตู้เย็น	chae tu yen	chɛ̄ˋ dūˋ yen	放冰箱冷藏	engine-auto	
初 5-6	นมต้องแช่ตู้เย็น	nom tong chae tu yen	nom dɔ̄ngˋ chɛ̄ˋ dūˋ yen	牛奶必須放冰箱	engine-auto	
初 5-6	กุ้งแช่น้ำปลา	kung chae nam pla	gungˋ chɛ̄ˋ nām~ blā	魚露生蝦	engine-auto	
初 5-6	น้ำจิ้ม	nam chim	nām~ jimˋ	沾醬	engine-auto	
初 5-6	อาหารแช่แข็ง	ahan chae khaeng	ā hānˊ chɛ̄ˋ kɛngˊ	冷凍食品	engine-auto	
初 5-6	น้ำแข็ง	nam khaeng	nām~ kɛngˊ	冰塊	engine-auto	
初 5-6	ละลายน้ำแข็ง	lalai nam khaeng	la~ lāi nām~ kɛngˊ	解凍	engine-auto	
初 5-7	ช่วงนี้อากาศแย่	chuang ni akat yae	chūangˋ nī~ ā gātˇ yɛ̄ˋ	最近天氣很糟	engine-auto	
初 5-7	ระวังเป็นหวัด	rawang pen wat	ra~ wang ben watˇ	小心感冒	engine-auto	
初 5-7	อย่าเชื่อคนอื่นมากเกินไป	ya chuea khon uen mak koen pai	yāˋ chɯ̄aˋ kon ɯ̄nˇ mākˋ gə̄n bai	別太相信別人	engine-auto	
初 5-7	ระวังถูกหลอก	rawang thuk lok	ra~ wang tūkˇ lɔ̄kˇ	小心被騙	engine-auto	
初 5-7	เขาถูกหลอกเงิน	khao thuk lok ngoen	kāuˊ tūkˇ lɔ̄kˇ ngə̄n	他被騙錢	engine-auto	
初 5-7	เขาหลอกฉัน	khao lok chan	kāuˊ lɔ̄kˇ chanˊ	他騙我	engine-auto	
初 5-7	เค้าหลอกฉันว่าเค้าเป็นมหาเศรษฐี	khao lok chan wa khao pen mahasetthi	kāu~ lɔ̄kˇ chanˊ wāˋ kāu~ ben ma~ hāˊ srētˇ tīˊ	他騙我說他是大富翁	derived	
初 5-7	ตกใจ	tok chai	dokˇ jai	嚇一跳	engine-auto	
初 5-7	อย่าทำให้เขาตกใจ	ya tham hai khao tok chai	yāˋ tam haiˋ kāuˊ dokˇ jai	別嚇到他	engine-auto	
初 5-7	เขาเป็นโรคหัวใจ	khao pen rok hua chai	kāuˊ ben rōkˋ hūaˊ jai	他有心臟病	engine-auto	
初 5-7	บ้าตกใจหมดเลย	ba tok chai mot loei	bhāˋ dokˇ jai motˇ lə̄i	瘋了嚇死我了	derived	
初 5-7	อุ๊ยตกใจหมดเลย	ui tok chai mot loei	ui~ dokˇ jai motˇ lə̄i	哎呀嚇死我了	derived	
初 5-7	อุ๊ยเจ็บจังเลย	ui chep chang loei	ui~ jepˇ jang lə̄i	哎呀好痛	engine-auto	
初 5-7	ไม่อย่างนั้น	mai yang nan	maiˋ yāngˋ nan~	否則	engine-auto	
初 5-7	ต้องกินทันที	tong kin than thi	dɔ̄ngˋ gin tan tī	必須馬上吃	engine-auto	
初 5-7	ไม่อย่างนั้นไม่อร่อย	mai yang nan mai aroi	maiˋ yāngˋ nan~ maiˋ aˇ rɔ̄iˋ	否則不好吃	book-exact	(book-exact已用引擎重新驗證)
初 5-7	ต้องจองก่อน	tong chong kon	dɔ̄ngˋ jɔ̄ng gɔ̄nˇ	必須先訂位	engine-auto	
初 5-7	ไม่อย่างนั้นรอนานแน่นอน	mai yang nan ro nan naenon	maiˋ yāngˋ nan~ rɔ̄ nān nɛ̄ˋ nɔ̄n	否則一定等很久	engine-auto	
初 5-7	เลือดไหล	lueat lai	lɯ̄atˋ laiˊ	流血	engine-auto	
初 5-7	แย่แล้วเลือดไหลไม่หยุด	yae laeo lueat lai mai yut	yɛ̄ˋ lɛ̄u~ lɯ̄atˋ laiˊ maiˋ yutˇ	糟了流血不止	engine-auto	
初 5-7	ทำอย่างไรดี	tham yang rai di	tam yāngˋ rai dhī	怎麼辦才好	engine-auto	
初 5-7	ทำยังไงดี	tham yang ngai di	tam yang ngai dhī	怎麼辦	engine-auto	
初 5-7	ไปหาหมอดีกว่า	pai ha mo di kwa	bai hāˊ mɔ̄ˊ dhī gwāˇ	去看醫生比較好	engine-auto	
初 5-7	เหงื่อไหล	nguea lai	ngɯ̄aˇ laiˊ	流汗	engine-auto	
初 5-7	ออกกำลังกาย	ok kamlang kai	ɔ̄kˇ gam lang gāi	運動	engine-auto	
初 5-7	ทำให้พวกเราเหงื่อไหล	tham hai phuak rao nguea lai	tam haiˋ pūakˋ rāu ngɯ̄aˇ laiˊ	讓我們流汗	engine-auto	
初 5-7	ฤดูร้อน	ruedu ron	rɯ dhū rɔ̄n~	夏季	derived	
初 5-7	เหงื่อออกง่าย	nguea ok ngai	ngɯ̄aˇ ɔ̄kˇ ngāiˋ	容易出汗	engine-auto	
初 5-7	น้ำตาไหล	nam ta lai	nām~ dā laiˊ	流眼淚	engine-auto	
初 5-7	หนังเรื่องนี้	nang rueang ni	nangˊ rɯ̄angˋ nī~	這部電影	engine-auto	
初 5-7	ดูแล้วน้ำตาไหล	tu laeo nam ta lai	dhū lɛ̄u~ nām~ dā laiˊ	看了會流淚	engine-auto	
初 5-7	ร้องไห้แต่ไม่มีน้ำตา	rong hai tae mai mi nam ta	rɔ̄ng~ haiˋ dɛ̄ˇ maiˋ mī nām~ dā	哭但沒眼淚	engine-auto	
初 5-7	น้ำลายไหล	nam lai lai	nām~ lāi laiˊ	流口水	engine-auto	
初 5-7	อาหารน่ากิน	ahan na kin	ā hānˊ nāˋ gin	食物看起來很好吃	engine-auto	
初 5-7	ไม่น่ากิน	mai na kin	maiˋ nāˋ gin	看起來不好吃	engine-auto	
初 5-7	เห็นแล้วน้ำลายไหล	hen laeo nam lai lai	henˊ lɛ̄u~ nām~ lāi laiˊ	看了就流口水	engine-auto	
初 5-7	มีอาการยังไงบ้าง	mi akan yang ngai bang	mī ā gān yang ngai bhāngˋ	有什麼症狀	engine-auto	
初 5-7	มีน้ำมูกไหม	mi nam muk mai	mī nām~ mūkˋ maiˊ	有流鼻涕嗎	engine-auto	
初 5-7	ไม่มีน้ำมูก	mai mi nam muk	maiˋ mī nām~ mūkˋ	沒有流鼻涕	engine-auto	
初 5-7	ถ้าไม่มีน้ำมูก	tha mai mi nam muk	tāˋ maiˋ mī nām~ mūkˋ	如果沒有流鼻涕	engine-auto	
初 5-7	ก็ไม่ต้องกินยา	ko mai tong kin ya	gɔ̄ˋ maiˋ dɔ̄ngˋ gin yā	就不用吃藥	engine-auto	
初 5-7	น้ำไม่ไหล	nam mai lai	nām~ maiˋ laiˊ	停水	engine-auto	
初 5-7	ช่วยมาดูให้หน่อย	chuai ma tu hai noi	chūayˋ mā dhū haiˋ nɔ̄iˇ	請來幫忙看一下	engine-auto	
初 5-7	ได้มั้คะ	tai mai kha		可以嗎	unresolved	英文外來語/正式縮寫/原始資料異常，見全課-仍不確定清單.tsv
初 5-7	หลังจากวันนี้	lang chak wan ni	langˊ jākˇ wan nī~	從今天起	engine-auto	
初 5-7	ห้ามทำแบบนี้	ham tham baep ni	hāmˋ tam bhɛ̄pˇ nī~	禁止這樣做	engine-auto	
初 5-7	ห้ามทำอย่างนี้	ham tham yang ni	hāmˋ tam yāngˋ nī~	禁止這樣做	engine-auto	
初 5-7	ห้ามมาสาย	ham ma sai	hāmˋ mā sāiˊ	禁止遲到	engine-auto	
初 5-7	นี่เป็นคำสั่ง	ni pen kham sang	nīˋ ben kam sangˇ	這是命令	engine-auto	
初 5-7	ห้ามสูบบุหรี่เป็นอันขาด	ham sup buri pen an khat	hāmˋ sūpˇ bhuˇ rīˇ ben an kātˇ	絕對禁止抽菸	engine-auto	
初 5-7	ใกล้จะถึงคริสต์มาสแล้ว	klai cha thueng khritsamat laeo	glaiˋ jaˇ tɯngˊ krit~ mātˋ lɛ̄u~	快到聖誕節了	engine-auto	
初 5-7	ต้องแต่งบ้าน	tong taeng ban	dɔ̄ngˋ dɛ̄ngˇ bhānˋ	要佈置家裡	engine-auto	
初 5-7	ใกล้จะถึงตรุษจีนแล้ว	klai cha thueng trut chin laeo	glaiˋ jaˇ tɯngˊ drutˇ jīn lɛ̄u~	快到春節了	engine-auto	
初 5-7	ผู้ชายไทยบางคน	phuchai thai bang khon	pūˋ chāi tai bhāng kon	一些泰國男生	engine-auto	
初 5-7	แต่งรถ	taeng rot	dɛ̄ngˇ rot~	改裝車	engine-auto	
初 5-7	บางคนชอบแต่งรถ	bang khon chop taeng rot	bhāng kon chɔ̄pˋ dɛ̄ngˇ rot~	有些人喜歡改裝車	engine-auto	
初 5-7	ตกแต่ง	tok taeng	dokˇ dɛ̄ngˇ	裝飾	engine-auto	
初 5-7	ตกแต่งใหม่ทั้งหมด	tok taeng mai thang mot	dokˇ dɛ̄ngˇ maiˇ tang~ motˇ	全部重新裝潢	derived	
初 5-7	ตกแต่งต้องใช้เวลา	tok taeng tong chai wela	dokˇ dɛ̄ngˇ dɔ̄ngˋ chai~ wē lā	裝潢需要時間	engine-auto	
初 5-7	ใช้เวลาประมาณสามอาทิตย์	chai wela praman sam athit	chai~ wē lā braˇ mān sāmˊ ā tit~	大約需要三個星期	engine-auto	
初 5-7	แต่งหน้า	taeng na	dɛ̄ngˇ nāˋ	化妝	book-exact	(book-exact已用引擎重新驗證)
初 5-7	แต่งหน้าเข้ม	taeng na khem	dɛ̄ngˇ nāˋ kēmˋ	化濃妝	engine-auto	
初 5-7	ชอบผู้หญิงแต่งหน้าเข้ม	chop phuying taeng na khem	chɔ̄pˋ pūˋ yingˊ dɛ̄ngˇ nāˋ kēmˋ	喜歡化濃妝的女生	engine-auto	
初 5-7	ผมไม่ค่อยชอบผู้หญิงแต่งหน้าเข้ม	phom mai khoi chop phuying taeng na khem	pomˊ maiˋ kɔ̄iˋ chɔ̄pˋ pūˋ yingˊ dɛ̄ngˇ nāˋ kēmˋ	我不怎麼喜歡化濃妝的女生	engine-auto	
初 5-7	แต่งหน้าอ่อน	taeng na on	dɛ̄ngˇ nāˋ ɔ̄nˇ	化淡妝	engine-auto	
初 5-7	ไม่แต่งหน้าก็สวย	mai taeng na ko suai	maiˋ dɛ̄ngˇ nāˋ gɔ̄ˋ sūayˊ	不化妝也漂亮	engine-auto	
初 5-7	ทำเค้กเป็นมย	tham khek pen mai		會做蛋糕嗎	unresolved	英文外來語/正式縮寫/原始資料異常，見全課-仍不確定清單.tsv
初 5-7	ทำไม่เป็น	tham mai pen	tam maiˋ ben	不會做	engine-auto	
初 5-7	แต่งหน้าเค้ก	taeng na khek	dɛ̄ngˇ nāˋ kēk~	裝飾蛋糕	engine-auto	
初 5-7	แต่งตัว	taeng tua	dɛ̄ngˇ dūa	打扮	book-exact	(book-exact已用引擎重新驗證)
初 5-7	แต่งตัวสุภาพ	taeng tua suphap	dɛ̄ngˇ dūa suˇ pāpˋ	穿著端莊	engine-auto	
初 5-7	ไปวัดต้องแต่งตัวสุภาพ	pai wat tong taeng tua suphap	bai wat~ dɔ̄ngˋ dɛ̄ngˇ dūa suˇ pāpˋ	去寺廟必須穿著端莊	engine-auto	
初 5-7	ไปวัดห้ามแต่งตัวเซ็กซี่	pai wat ham taeng tua seksi	bai wat~ hāmˋ dɛ̄ngˇ dūa sek~ sīˋ	去寺廟禁止穿著性感	engine-auto	
初 5-7	เท่	the	tēˋ	帥氣	engine-auto	
初 5-7	ดาราคนนี้เท่มาก	dara khon ni the mak	dhā rā kon nī~ tēˋ mākˋ	這位明星很帥	engine-auto	
初 5-7	ยิ่งแก่ยิ่งเท่	ying kae ying the	yingˋ gɛ̄ˇ yingˋ tēˋ	越老越帥	engine-auto	
初 5-7	กระเป๋าใบนี้เท่มาก	krapao bai ni the mak	graˇ bāuˊ bhai nī~ tēˋ mākˋ	這個包包很酷	engine-auto	
初 5-7	ไม่เห็นด้วย	mai hen tuai	maiˋ henˊ dhūayˋ	不同意	engine-auto	
初 5-7	กระเป๋าใบนี้ไม่เท่	krapao bai ni mai the	graˇ bāuˊ bhai nī~ maiˋ tēˋ	這個包包不酷	engine-auto	
初 5-7	เชย	choei	chə̄i	俗氣	engine-auto	
初 5-7	เธอไม่รู้จักเขาเชยจริงๆ	thoe mai ru chak khao choei ching ching	tə̄ maiˋ rū~ jakˇ kāuˊ chə̄i jing jing	你不認識他真土	derived	
初 5-7	ทำไมเชยอย่างนี้	thammai choei yang ni	tam mai chə̄i yāngˋ nī~	為什麼這麼老土	engine-auto	
初 5-7	สมัย	samai	saˇ maiˊ	時代	derived	
初 5-7	ทันสมัย	than samai	tan saˇ maiˊ	時髦	derived	
初 5-7	ไม่ทันสมัยจริงๆ	mai than samai ching ching	maiˋ tan saˇ maiˊ jing jing	真不跟上時代	derived	
初 5-7	สมัยเด็ก	samai dek	saˇ maiˊ dhekˇ	小時候	derived	
初 5-7	สมัยปู่ย่าตายาย	samai pu ya ta yai	saˇ maiˊ būˇ yāˋ dā yāi	阿公阿嬤的時代	derived	
初 5-7	ถูกแฟนทิ้งไม่เห็นเป็นไรเลย	thuk faen thing mai hen pen rai loei	tūkˇ fɛ̄n ting~ maiˋ henˊ ben rai lə̄i	被情人拋棄根本沒關係	engine-auto	
初 5-7	เต้าหู้เหม็นไม่เห็นอร่อยเลย	taohu men mai hen aroi loei	dāuˋ hūˋ menˊ maiˋ henˊ aˇ rɔ̄iˋ lə̄i	臭豆腐根本不覺得好吃	engine-auto	
初 5-7	เขาว่างมากไม่เห็นยุ่งเลย	khao wang mak mai hen yung loei	kāuˊ wāngˋ mākˋ maiˋ henˊ yungˋ lə̄i	他很閒根本不覺得忙	engine-auto	
初 5-7	ถ้ากินไม่หมด	tha kin mai mot	tāˋ gin maiˋ motˇ	如果吃不完	derived	
初 5-7	แช่ตู้เย็น	chae tu yen	chɛ̄ˋ dūˋ yen	放冰箱冷藏	engine-auto	
初 5-7	ใส่ตู้เย็น	sai tu yen	saiˇ dūˋ yen	放入冰箱	engine-auto	
初 5-7	อย่าลืมแช่ตู้เย็น	ya luem chae tu yen	yāˋ lɯ̄m chɛ̄ˋ dūˋ yen	別忘了放冰箱	engine-auto	
初 5-7	ช่วงฤดูหนาว	chuang ruedu nao	chūangˋ rɯ dhū nāuˊ	冬季期間	derived	
初 5-7	แช่	chae	chɛ̄ˋ	浸泡	engine-auto	
初 5-7	แช่ออนเซ็น	chae onsen	chɛ̄ˋ ɔ̄n sen	泡溫泉	engine-auto	
初 5-7	แช่เท้า	chae thao	chɛ̄ˋ tāu~	泡腳	engine-auto	
初 5-7	ชอบไปญี่ปุ่นแช่ออนเซ็น	chop pai yipun chae onsen	chɔ̄pˋ bai yīˋ bunˇ chɛ̄ˋ ɔ̄n sen	喜歡去日本泡溫泉	engine-auto	
初 5-7	อาบน้ำ	ap nam	āpˇ nām~	洗澡	engine-auto	
初 5-7	คุณอาบน้ำหรือยัง	khun ap nam rue yang	kun āpˇ nām~ rɯ̄ˊ yang	你洗澡了嗎	engine-auto	
初 5-7	ผมอาบน้ำแล้ว	phom ap nam laeo	pomˊ āpˇ nām~ lɛ̄u~	我洗澡了	engine-auto	
初 5-7	ยังไม่อาบน้ำ	yang mai ap nam	yang maiˋ āpˇ nām~	還沒洗澡	engine-auto	
初 5-7	เครื่องทำน้ำอุ่นเสีย	khrueang tham nam un sia	krɯ̄angˋ tam nām~ unˇ sīaˊ	熱水器壞了	engine-auto	
初 5-7	ฉันจะอาบน้ำได้ยังไง	chan cha ap nam dai yang ngai	chanˊ jaˇ āpˇ nām~ dhaiˋ yang ngai	我要怎麼洗澡	engine-auto	
初 5-7	แปรงฟัน	praeng fan	brɛ̄ng fan	刷牙	engine-auto	
初 5-7	ตื่นเช้าล้างหน้าแปรงฟัน	tuen chao lang na praeng fan	dɯ̄nˇ chāu~ lāng~ nāˋ brɛ̄ng fan	早起洗臉刷牙	engine-auto	
初 5-7	ก่อนนอนก็ต้องแปรงฟัน	kon non ko tong praeng fan	gɔ̄nˇ nɔ̄n gɔ̄ˋ dɔ̄ngˋ brɛ̄ng fan	睡前也要刷牙	engine-auto	
初 5-7	ถ้าไม่แปรงฟัน	tha mai praeng fan	tāˋ maiˋ brɛ̄ng fan	如果不刷牙	engine-auto	
初 5-7	กลิ่นปาก	klin pak	glinˇ bākˇ	口臭	engine-auto	
初 5-7	ก็จะมีกลิ่นปาก	ko cha mi klin pak	gɔ̄ˋ jaˇ mī glinˇ bākˇ	就會有口臭	engine-auto	
初 5-7	วิ่ง	wing	wingˋ	跑	engine-auto	
初 5-7	วิ่งเร็วมาก	wing rew mak	wingˋ rew mākˋ	跑很快	engine-auto	
初 5-7	เค้าวิ่งเร็วมาก	khao wing rew mak	kāu~ wingˋ rew mākˋ	他跑得非常快	engine-auto	
初 5-7	วิ่งตามไม่ทัน	wing tam mai than	wingˋ dām maiˋ tan	追不上	engine-auto	
初 5-7	ฉันวิ่งตามเค้าไม่ทัน	chan wing tam khao mai than	chanˊ wingˋ dām kāu~ maiˋ tan	我跑得追不上他	engine-auto	
初 5-7	โอเคมั้ยคะ	o khe mai kha	ō kē mai~ ka~	可以嗎	engine-auto	
初 5-7	เห็น	hen	henˊ	看見	book-exact	(book-exact已用引擎重新驗證)
初 5-7	ขอบคุณมากค่ะ	khop khun mak kha	kɔ̄pˇ kun mākˋ kaˋ	非常感謝	engine-auto	
初 5-7	เดี๋ยวนะคะ	diao na kha	dhīauˊ na~ ka~	等一下喔	engine-auto	
初 5-7	เคยไปแล้ว	khoei pai laeo	kə̄i bai lɛ̄u~	曾經去過了	engine-auto	
初 5-7	ไปแล้ว	pai laeo	bai lɛ̄u~	去過了	engine-auto	
初 5-7	ประตู	pra tu	braˇ dū	門	engine-auto	
初 5-7	ประตูน้ำ	pra tu nam	braˇ dū nām~	水門	engine-auto	
初 5-7	พันทิพย์พลาซ่าประตูน้ำ	phan thip phla sa pra tu nam	pan tip~ plā sāˋ braˇ dū nām~	潘提普廣場水門店	engine-auto	
初 5-7	ตอบนะ	top na	dɔ̄pˇ na~	回答喔	engine-auto	
初 5-7	มากันนะ	ma kan na	mā gan na~	一起來喔	engine-auto	
初 5-7	ถนนข้าวสาร	tha non khao san	taˇ non kāuˋ sānˊ	考山路	book-exact	(book-exact已用引擎重新驗證)
初 5-7	เคยไปค่ะ	khoei pai kha	kə̄i bai kaˋ	曾經去過	engine-auto	
初 5-7	ไปตอนไหน	pai ton nai	bai dɔ̄n naiˊ	什麼時候去的	engine-auto	
初 5-7	สงกรานต์	song kran	songˊ grān	潑水節	derived	
初 5-7	ยาวที่สุดนะคะ	yao thi sut na kha	yāu tīˋ sutˇ na~ ka~	最長的喔	engine-auto	
初 5-7	ไปทำไม	pai tham mai	bai tam mai	去做什麼	engine-auto	
初 5-7	ซื้อทองใหม่	suea thong mai	sɯ̄~ tɔ̄ng maiˇ	買新黃金	engine-auto	
初 5-7	เยาวราช	yao wa rat	yāuu rātˋ	耀華力路（唐人街）	engine-auto	
初 5-7	อนุสาวรีย์	a nu sa wa ri	aˇ nu~ sāuˊ rī	紀念碑	book-exact	(book-exact已用引擎重新驗證)
初 5-7	อ้าไปไหนพี่	a pai nai phi	āˋ bai naiˊ pīˋ	哥哥/姐姐去哪裡	engine-auto	
初 5-7	ไปอนุสาวรีย์	pai a nu sa wa ri	bai aˇ nu~ sāuˊ rī	去紀念碑	derived	
初 5-7	ประเทศ	pra thet	braˇ tētˋ	國家	engine-auto	
初 5-7	คะแนน	kha naen	ka~ nɛ̄n	分數	engine-auto	
初 5-7	สถานีขนส่ง	sa tha ni khon song	saˇ tāˊ nī konˊ songˇ	客運站	book-exact	(book-exact已用引擎重新驗證)
初 5-7	สถานีขนส่งหมอชิต	sa tha ni khon song mo chit	saˇ tāˊ nī konˊ songˇ mɔ̄ˊ chit~	摩七客運站	derived	
初 5-7	ไปเหนือ	pai nuea	bai nɯ̄aˊ	往北部	engine-auto	
初 5-7	สถานีขนส่งสายใต้	sa tha ni khon song sai tai	saˇ tāˊ nī konˊ songˇ sāiˊ daiˋ	南部客運站	derived	
初 5-7	ไปขนส่งใหม่	pai khon song mai	bai konˊ songˇ maiˇ	去新客運站	derived	
初 5-7	แม่น้ำเจ้าพระยา	mae nam chao phra ya	mɛ̄ˋ nām~ jāuˋ pra~ yā	昭披耶河	engine-auto	
初 5-7	พยายาม	pha ya yam	pa~ yā yām	努力 / 嘗試	derived	
初 5-7	นั่งเรือในน้ำเจ้าพระยาไง	nang ruea nai nam chao phra ya ngai	nangˋ rɯ̄a nai nām~ jāuˋ pra~ yā ngai	在昭披耶河搭船啊	engine-auto	
初 5-7	เจอใช่มั้ย	choe chai mai	jə̄ chaiˋ mai~	找到了對嗎	engine-auto	
初 5-7	ใช่ๆ	chai chai	chaiˋ chaiˋ	是的是的	engine-auto	
初 5-7	แม่น	maen	mɛ̄nˋ	準確	engine-auto	
初 5-7	รอ	ro	rɔ̄	等待	engine-auto	
初 5-7	สะพานตากสิน	sa phan tak sin	saˇ pān dākˇ sinˊ	達信橋	engine-auto	
初 5-7	พิพิธภัณฑ์	phi phit tha phan	pi~ pit~ pan	博物館	book-exact	(book-exact已用引擎重新驗證)
初 5-7	วัด	wat	wat~	寺廟	engine-auto	
初 5-7	พิพิธภัณฑ์แห่งชาตินะคะ	phi phit tha phan haeng chat na kha	pi~ pit~ pan hɛ̄ngˇ chātˋ na~ ka~	國家博物館喔	derived	
初 5-7	มอง	mong	mɔ̄ng	看	engine-auto	
初 5-7	ใครไปคะ	khrai pai kha	krai bai ka~	誰去的	engine-auto	
初 5-7	ไม่เคยไป	mai khoei pai	maiˋ kə̄i bai	不曾去過	engine-auto	
初 5-7	เข้าใจนะคะ	khao chai na kha	kāuˋ jai na~ ka~	懂了嗎	engine-auto	
初 5-7	อด	ot	otˇ	忍耐 / 挨餓	derived	
初 5-7	ซอยสุเทพ	soi su thep	sɔ̄i suˇ tēpˋ	素貼巷	engine-auto	
初 5-7	อาบน้ำให้นะคะ	ap nam hai na kha	āpˇ nām~ haiˋ na~ ka~	幫忙洗澡喔	engine-auto	
初 5-7	ตลาดน้ำ	ta lat nam	daˇ lātˋ nām~	水上市場	engine-auto	
初 5-7	ตลาดน้ำอัมพวา	ta lat nam am pha wa		安帕瓦水上市場	unresolved	英文外來語/正式縮寫/原始資料異常，見全課-仍不確定清單.tsv
初 5-7	ตลาดรถไฟ	ta lat rot fai	daˇ lātˋ rot~ fai	火車夜市	book-exact	(book-exact已用引擎重新驗證)
初 5-7	รถไฟ	rot fai	rot~ fai	火車	engine-auto	
初 5-7	เจดีย์	che di	jē dhī	佛塔	engine-auto	
初 5-7	เขา	khao	kāuˊ	他 / 山	engine-auto	
初 5-7	เขาไป	khao pai	kāuˊ bai	他去	engine-auto	
初 5-7	พระปฐมเจดีย์	phra pa thom che di	pra~ baˇ toˊ jē dhī	佛統大塔	derived	
初 5-7	ปราสาทหิน	pra sat hin	brā sātˇ hinˊ	石宮	engine-auto	
初 5-7	ปราสาท	pra sat	brā sātˇ	城堡	engine-auto	
初 5-7	น้ำตก	nam tok	nām~ dokˇ	瀑布	engine-auto	
初 5-7	เคยกินมั้ย	khoei kin mai	kə̄i gin mai~	曾經吃過嗎	engine-auto	
初 5-7	น่ากินมั้ย	na kin mai	nāˋ gin mai~	看起來好吃嗎	engine-auto	
初 5-7	ชายทะเล	chai tha le	chāi ta~ lē	海灘	engine-auto	
初 5-7	ชายแดน	chai daen	chāi dhɛ̄n	邊境	engine-auto	
初 5-7	ชายแดนลาว	chai daen lao	chāi dhɛ̄n lāu	寮國邊境	engine-auto	
初 5-7	ชายแดนมาเลเซีย	chai daen ma le sia	chāi dhɛ̄n mā lē sīa	馬來西亞邊境	engine-auto	
初 5-7	ภูมิพล	phu mi phon		蒲美蓬	unresolved	英文外來語/正式縮寫/原始資料異常，見全課-仍不確定清單.tsv
初 5-7	ป่าสัก	pa sak	bāˇ sakˇ	巴塞（地名/河川名）	engine-auto	
初 5-8	คิดว่า	Khit wa	kit~ wāˋ	認為、覺得	engine-auto	
初 5-8	เพื่อนคิดว่าเขาโกหก	Phuean khit wa khao kohok	pɯ̄anˋ kit~ wāˋ kāuˊ gō hokˇ	朋友認為他說謊	engine-auto	
初 5-8	ฉันคิดว่าตัวเองยังไม่แก่	Chan khit wa tua eng yang mai kae	chanˊ kit~ wāˋ dūa ēng yang maiˋ gɛ̄ˇ	我認為自己還沒老（女性）	engine-auto	
初 5-8	ผมคิดว่าตัวเองยังไม่แก่	Phom khit wa tua eng yang mai kae	pomˊ kit~ wāˋ dūa ēng yang maiˋ gɛ̄ˇ	我認為自己還沒老（男性）	engine-auto	
初 5-8	ผมคิดว่าเรื่องนี้น่าสงสัย	Phom khit wa rueang ni na songsai	pomˊ kit~ wāˋ rɯ̄angˋ nī~ nāˋ songˊ saiˊ	我認為這件事情很可疑	derived	
初 5-8	เกินไป	Koen pai	gə̄n bai	太過、過度	engine-auto	
初 5-8	แต่งตัวเซ็กซี่เกินไป	Taeng tua sexy koen pai	dɛ̄ngˇ dūa sek~ sīˋ gə̄n bai	穿著太性感了	engine-auto	
初 5-8	แต่งหน้าเข้มเกินไป	Taeng na khem koen pai	dɛ̄ngˇ nāˋ kēmˋ gə̄n bai	化妝太濃了	engine-auto	
初 5-8	ขับรถเร็วเกินไป	Khap rot reo koen pai	kapˇ rot~ rew gə̄n bai	開車太快了	engine-auto	
初 5-8	ไปหน่อย	Pai noi	bai nɔ̄iˇ	有點...、稍微...	engine-auto	
初 5-8	รสชาติขมไปหน่อย	Rotchat khom pai noi	rot~ chātˋ komˊ bai nɔ̄iˇ	味道有點苦	derived	
初 5-8	กลิ่นเหม็นไปหน่อย	Klin men pai noi	glinˇ menˊ bai nɔ̄iˇ	氣味有點臭	engine-auto	
初 5-8	ละครเรื่องนี้น่าเบื่อไปหน่อย	Lakhon rueang ni na buea pai noi	la~ kɔ̄n rɯ̄angˋ nī~ nāˋ bhɯ̄aˇ bai nɔ̄iˇ	這部劇有點無聊	derived	
初 5-8	รวย	Ruay	rūay	富有	engine-auto	
初 5-8	ถ้าไม่ขยันก็ไม่รวย	Tha mai khayan ko mai ruay	tāˋ maiˋ kaˇ yanˊ gɔ̄ˋ maiˋ rūay	如果不勤奮就不會富有	derived	
初 5-8	อยากรวยต้องขยัน	Yak ruay tong khayan	yākˋ rūay dɔ̄ngˋ kaˇ yanˊ	想要富有就要勤奮	derived	
初 5-8	มหาเศรษฐี	Maha setthi	ma~ hāˊ srētˇ tīˊ	大富翁、億萬富翁	derived	
初 5-8	พวกเขาเป็นมหาเศรษฐี	Phuak khao pen maha setthi	pūakˋ kāuˊ ben ma~ hāˊ srētˇ tīˊ	他們是大富翁	derived	
初 5-8	เคยเล่นเกมมหาเศรษฐีไหม	Khoei len kem maha setthi mai	kə̄i lēnˋ gēm ma~ hāˊ srētˇ tīˊ maiˊ	玩過大富翁遊戲嗎？	derived	
初 5-8	จน	Chon	jon	窮、貧窮	book-exact	(book-exact已用引擎重新驗證)
初 5-8	คนจนน่าสงสาร	Khon chon na songsan	kon jon nāˋ songˊ sānˊ	窮人很可憐	derived	
初 5-8	เขาจนมากเป็นหนี้เยอะ	Khao chon mak pen ni yoe	kāuˊ jon mākˋ ben nīˋ yə~	他很窮且負債很多	derived	
初 5-8	ถ้าไม่อยากแก่ต้องออกกำลังกาย	Tha mai yak kae tong ok kamlang kai	tāˋ maiˋ yākˋ gɛ̄ˇ dɔ̄ngˋ ɔ̄kˇ gam lang gāi	如果不想老就要運動	engine-auto	
初 5-8	คนแก่เหนื่อยง่าย	Khon kae nueai ngai	kon gɛ̄ˇ nɯ̄aiˇ ngāiˋ	老人容易累	engine-auto	
初 5-8	เร็ว	rew	rew	快 / 早	engine-auto	
初 5-8	แท็กซี่ขับรถเร็ว ฉันกลัว	thek si khap rot rew chan klua	tɛk~ sīˋ kapˇ rot~ rew chanˊ glūa	計程車開太快了，我害怕。	engine-auto	
初 5-8	คุณพูดเร็วเกินไป ฉันฟังไม่เข้าใจ	khun phut rew koen pai chan fang mai khao chai	kun pūtˋ rew gə̄n bai chanˊ fang maiˋ kāuˋ jai	你說得太快了，我聽不懂。	engine-auto	
初 5-8	พวกเรามาเร็วเกินไป ร้านยังไม่เปิด	phuak rao ma rew koen pai ran yang mai poet	pūakˋ rāu mā rew gə̄n bai rān~ yang maiˋ bə̄tˇ	我們太早來了，店還沒開。	engine-auto	
初 5-8	ช้า	cha	chā~	慢	book-exact	(book-exact已用引擎重新驗證)
初 5-8	ช่วยพูดช้าๆ หน่อย	chuai phut cha cha noi	chūayˋ pūtˋ chā~ chā~ nɔ̄iˇ	請說慢一點。	engine-auto	
初 5-8	ทำไมอาหารช้าอย่างนี้	tham mai a han cha yang ni	tam mai ā hānˊ chā~ yāngˋ nī~	為什麼菜這麼慢？	engine-auto	
初 5-8	ทำให้ตัวสูงขึ้นอย่างไร	tham hai tua sung khuen yang rai	tam haiˋ dūa sūngˊ kɯnˋ yāngˋ rai	如何讓身體變高？	engine-auto	
初 5-8	ทำให้ตัวสูงขึ้นยังไง	tham hai tua sung khuen yang ngai	tam haiˋ dūa sūngˊ kɯnˋ yang ngai	如何讓身體變高（口語）？	engine-auto	
初 5-8	EQ สูงสำคัญมากนะคะ	EQ sung sam khan mak na kha	EQ sūngˊ samˊ kan mākˋ na~ ka~	EQ高非常重要。	engine-auto	
初 5-8	ตัวเตี้ย	tua tia	dūa dīaˋ	矮	engine-auto	
初 5-8	พี่ชายเตี้ยกว่าน้องชาย	phi chai tia kwa nong chai	pīˋ chāi dīaˋ gwāˇ nɔ̄ng~ chāi	哥哥比弟弟矮。	engine-auto	
初 5-8	ต่ำ	tam	damˇ	低	engine-auto	
初 5-8	คะแนนต่ำ สมน้ำหน้า	kha naen tam som nam na	ka~ nɛ̄n damˇ somˊ nām~ nāˋ	分數很低，活該	derived	
初 5-8	พรุ่งนี้อุณหภูมิจะต่ำลง	phrung ni un ha phum cha tam long	prungˋ nī~ uˇ na~ pūm jaˇ damˇ long	明天氣溫會降低	derived	
初 5-8	อากาศเปลี่ยนบ่อย ทำให้พวกเราเป็นหวัดง่าย	a kat plian boi tham hai phuak rao pen wat ngai	ā gātˇ blīanˇ bhɔ̄iˇ tam haiˋ pūakˋ rāu ben watˇ ngāiˋ	天氣常變化，讓我們容易感冒	engine-auto	
初 5-8	ผอม	phom	pɔ̄mˊ	瘦	book-exact	(book-exact已用引擎重新驗證)
初 5-8	ช่วงนี้ผอมลงไหมคะ	chuang ni phom long mai kha	chūangˋ nī~ pɔ̄mˊ long maiˊ ka~	最近變瘦了嗎？	engine-auto	
初 5-8	ผอมลง 3 กิโล	phom long sam ki lo	pɔ̄mˊ long 3 giˇ lō	瘦了三公斤	engine-auto	
初 5-8	ทำยังไงก็ไม่ผอมลง	tham yang ngai ko mai phom long	tam yang ngai gɔ̄ˋ maiˋ pɔ̄mˊ long	怎麼做都不會瘦	engine-auto	
初 5-8	กินแต่ผักลวกกับไข่ต้มก็ไม่ผอมลง	kin tae phak luak kap khai tom ko mai phom long	gin dɛ̄ˇ pakˇ lūakˋ gapˇ kaiˇ domˋ gɔ̄ˋ maiˋ pɔ̄mˊ long	只吃燙青菜跟水煮蛋也不會瘦	engine-auto	
初 5-8	ฉันคิดว่าเธอหุ่นดีกว่าเมื่อก่อน	chan khit wa thoe hun di kwa muea kon	chanˊ kit~ wāˋ tə̄ hunˇ dhī gwāˇ mɯ̄aˋ gɔ̄nˇ	我覺得妳身材比以前好	engine-auto	
初 5-8	ไม่ต้องลดความอ้วนแล้ว	mai tong lot khwam uan laeo	maiˋ dɔ̄ngˋ lot~ kwām ūanˋ lɛ̄u~	不用減肥了	derived	
初 5-8	ส่วนตัว	suan tua	sūanˇ dūa	個人 / 私人	engine-auto	
初 5-8	เขามโนว่าบ้านเขามีเครื่องบินส่วนตัว	khao ma no wa ban khao mi khrueang bin suan tua	kāuˊ ma~ nō wāˋ bhānˋ kāuˊ mī krɯ̄angˋ bhin sūanˇ dūa	他吹牛說他家有私人飛機	derived	
初 5-8	ทั้งเตี้ยทั้งอ้วน	thang tia thang uan	tang~ dīaˋ tang~ ūanˋ	又矮又胖	book-exact	(book-exact已用引擎重新驗證)
初 5-8	เมียทั้งขี้บ่นทั้งขี้หึง	mia thang khi bon thang khi hueng	mīa tang~ kīˋ bhonˇ tang~ kīˋ hɯngˊ	老婆又愛抱怨又愛吃醋	derived	
初 5-8	อากาศทั้งร้อนทั้งอบอ้าว	akat thang ron thang op ao	ā gātˇ tang~ rɔ̄n~ tang~ opˇ āuˋ	天氣又熱又悶	engine-auto	
初 5-8	ร้องเพลงเป็นแต่เต้นไม่เป็น	rong phleng pen tae ten mai pen	rɔ̄ng~ plēng ben dɛ̄ˇ dēnˋ maiˋ ben	會唱歌但不會跳舞	engine-auto	
初 5-8	เค้าเต้นเหมือนคนบ้าเลย	khao ten muean khon ba loei	kāu~ dēnˋ mɯ̄anˊ kon bhāˋ lə̄i	他跳起舞來像瘋子一樣	engine-auto	
初 5-8	วิธีทำไข่เจียวมีหลายวิธี	withi tham khai chiao mi lai withi	wi~ tī tam kaiˇ jīau mī lāiˊ wi~ tī	煎蛋有很多種做法	engine-auto	
初 5-8	ตอนนี้คุณง่วงไหม	ton ni khun nguang mai	dɔ̄n nī~ kun ngūangˋ maiˊ	現在你睏嗎	engine-auto	
初 5-8	ถ้าง่วงอย่าขับรถเป็นอันขาด	tha nguang ya khap rot pen an khat	tāˋ ngūangˋ yāˋ kapˇ rot~ ben an kātˇ	如果睏了絕對不要開車	engine-auto	
初 5-8	อันตรายมาก	antarai mak	an drāi mākˋ	非常危險	engine-auto	
初 5-8	ฟังแล้วรู้สึกงง	fang laeo rusuek ngong	fang lɛ̄u~ rū~ sɯkˇ ngong	聽了感到困惑	derived	
初 5-8	เค้าหลอกฉันทำให้ฉันงง	khao lok chan tham hai chan ngong	kāu~ lɔ̄kˇ chanˊ tam haiˋ chanˊ ngong	他騙我讓我感到困惑	derived	
初 5-8	ทำไมไม่เหมือนในรูปเลย	Tham may may muean nay rup loei	tam mai maiˋ mɯ̄anˊ nai rūpˋ lə̄i	為什麼跟照片完全不一樣	engine-auto	
初 5-8	รู้สึกตื่นเต้นเหมือนกัน	rusuek tuen ten muean kan	rū~ sɯkˇ dɯ̄nˇ dēnˋ mɯ̄anˊ gan	也感到緊張	engine-auto	
初 5-8	ฉันก็ตกใจเหมือนกัน	chan ko tok chai muean kan	chanˊ gɔ̄ˋ dokˇ jai mɯ̄anˊ gan	我也嚇一跳	engine-auto	
初 5-8	ฉันก็กลัวเหมือนกัน	chan ko klua muean kan	chanˊ gɔ̄ˋ glūa mɯ̄anˊ gan	我也害怕	engine-auto	
初 5-8	บางคนเป็นได้แค่เพื่อน	bang khon pen dai khae phuean	bhāng kon ben dhaiˋ kɛ̄ˋ pɯ̄anˋ	有些人只能當朋友	engine-auto	
初 5-8	แค่ 5 บาท	khae ha bat	kɛ̄ˋ 5 bhātˇ	只要 5 塊	engine-auto	
初 5-8	อาการของย่าหนักแค่ไหน	akan khong ya nak khae nai	ā gān kɔ̄ngˊ yāˋ nakˇ kɛ̄ˋ naiˊ	奶奶的病多嚴重	engine-auto	
初 5-8	กินแค่นี้ระวังเป็นลมนะ	kin khae ni rawang pen lom na	gin kɛ̄ˋ nī~ ra~ wang ben lom na~	只吃這樣小心暈倒喔	derived	
初 5-8	ระวังถูกหลอก	rawang thuk lok	ra~ wang tūkˇ lɔ̄kˇ	小心被騙	engine-auto	
初 5-8	เหนื่อยเป็นพิเศษ	nueai pen phiset	nɯ̄aiˇ ben pi~ sētˇ	特別累	engine-auto	
初 5-8	ถ้ามีปัญหาอะไร โทรมาได้ทุกเวลานะ	Tha mi pan ha a rai tho ma dai thuk we la na	tāˋ mī ban hāˊ aˇ rai tō mā dhaiˋ tuk~ wē lā na~	如果有任何問題，隨時都可以打電話來哦	engine-auto	
初 5-8	คุณตั้งใจทำให้ผมตกใจ	Khun tang jai tham hai phom tok jai	kun dangˋ jai tam haiˋ pomˊ dokˇ jai	你故意讓我嚇到了	engine-auto	
初 5-8	คุณตั้งใจทำให้ฉันตกใจ	Khun tang jai tham hai chan tok jai	kun dangˋ jai tam haiˋ chanˊ dokˇ jai	你故意讓我嚇到了 (女)	engine-auto	
初 5-8	คุณตั้งใจหลอกฉัน	Khun tang jai lok chan	kun dangˋ jai lɔ̄kˇ chanˊ	你故意欺騙我	engine-auto	
初 5-8	ทำอะไรก็ต้องตั้งใจ	Tham a rai ko tong tang jai	tam aˇ rai gɔ̄ˋ dɔ̄ngˋ dangˋ jai	做什麼事都要認真	engine-auto	
初 5-8	ต้องขยันเรียนหนังสือ	Tong kha yan rian nang seu	dɔ̄ngˋ kaˇ yanˊ rīan nangˊ sɯ̄ˊ	要勤勞讀書	derived	
初 5-8	ต้องขยันทำงาน	Tong kha yan tham ngan	dɔ̄ngˋ kaˇ yanˊ tam ngān	要勤快工作	derived	
初 5-8	ผมมีเรื่องสำคัญจะบอกคุณ	Phom mi rueang sam khan ja bok khun	pomˊ mī rɯ̄angˋ samˊ kan jaˇ bhɔ̄kˇ kun	我有重要的事情要告訴你	engine-auto	
初 5-8	ฉันมีเรื่องสำคัญจะบอกคุณ	Chan mi rueang sam khan ja bok khun	chanˊ mī rɯ̄angˋ samˊ kan jaˇ bhɔ̄kˇ kun	我有重要的事情要告訴你 (女)	engine-auto	
初 5-8	คนสำคัญในชีวิต	Khon sam khan nai chi wit	kon samˊ kan nai chī wit~	生命中重要的人	engine-auto	
初 5-8	ไทเปไปไหนมาไหนสะดวกมาก	Thai pe pai nai ma nai sa duak mak	tai bē bai naiˊ mā naiˊ saˇ dhūakˇ mākˋ	台北去哪裡都非常方便	engine-auto	
初 5-8	วันนี้ไม่สะดวก วันหลังนะ	Wan ni mai sa duak wan lang na	wan nī~ maiˋ saˇ dhūakˇ wan langˊ na~	今天不方便，改天哦	engine-auto	
初 5-8	ถ้ามีปัญหาต้องติดต่อใคร	Tha mi pan ha tong tit to khrai	tāˋ mī ban hāˊ dɔ̄ngˋ ditˇ dɔ̄ˇ krai	如果有問題要聯絡誰	engine-auto	
初 5-8	ผมติดต่อเขาไม่ได้	Phom tit to khao mai dai	pomˊ ditˇ dɔ̄ˇ kāuˊ maiˋ dhaiˋ	我聯絡不到他	engine-auto	
初 5-8	ฉันติดต่อเขาไม่ได้	Chan tit to khao mai dai	chanˊ ditˇ dɔ̄ˇ kāuˊ maiˋ dhaiˋ	我聯絡不到他 (女)	engine-auto	
初 5-8	ช่วงนี้เบื่อเมียมาก	Chuang ni buea mia mak	chūangˋ nī~ bhɯ̄aˇ mīa mākˋ	最近很煩老婆	engine-auto	
初 5-8	ช่วงนี้เบื่อบ้านมาก	Chuang ni buea ban mak	chūangˋ nī~ bhɯ̄aˇ bhānˋ mākˋ	最近很煩家裡	engine-auto	
初 5-8	เสื้อตัวนี้เท่ไหม	Suea tua ni the mai	sɯ̄aˋ dūa nī~ tēˋ maiˊ	這件衣服酷嗎	engine-auto	
初 5-8	รสชาติเฉยๆ	Rot chat choei choei	rot~ chātˋ chə̄iˊ chə̄iˊ	味道普普通通	derived	
初 5-8	คนธรรมดา	Khon tham ma da	kon tam dhā	普通人	derived	
初 5-8	วันธรรมดา	Wan tham ma da	wan tam dhā	平日	derived	
初 5-8	คนพิเศษ	Khon phi set	kon pi~ sētˇ	特別的人	engine-auto	
初 5-8	วันพิเศษ	Wan phi set	wan pi~ sētˇ	特別的日子	engine-auto	
初 5-8	จะเอาข้าวมันไก่ธรรมดาหรือพิเศษคะ	Ja ao khao man kai tham ma da rue phi set kha	jaˇ au kāuˋ man gaiˇ tam dhā rɯ̄ˊ pi~ sētˇ ka~	要一份海南雞飯普通的還是加大的	derived	
初 5-8	อุ่น	un	unˇ	溫水	engine-auto	
初 5-8	ถ้าเจ็บคอ ต้องกินน้ำอุ่นเยอะๆ	tha jep kho tong kin nam un yoe yoe	tāˋ jepˇ kɔ̄ dɔ̄ngˋ gin nām~ unˇ yə~ yə~	如果喉嚨痛，要多喝溫水。	engine-auto	
初 5-8	ช่วยอุ่นให้หน่อย	chuay un hai noi	chūayˋ unˇ haiˋ nɔ̄iˇ	幫我加熱一下。	engine-auto	
初 5-8	ช่วยอุ่นอาหารให้หน่อย	chuay un ahan hai noi	chūayˋ unˇ ā hānˊ haiˋ nɔ̄iˇ	幫我加熱一下食物。	engine-auto	
初 5-8	ช่วยอุ่นอาหารให้หน่อยค่ะ	chuay un ahan hai noi kha	chūayˋ unˇ ā hānˊ haiˋ nɔ̄iˇ kaˋ	幫我加熱一下食物（女性口吻）。	engine-auto	
初 5-8	มีบางที่ ถ้าไปคนเดียว ไม่ปลอดภัย	mi bang thi tha pai khon diao mai plot phai	mī bhāng tīˋ tāˋ bai kon dhīau maiˋ blɔ̄tˇ pai	有些地方一個人去不安全。	engine-auto	
初 5-8	บุหรี่	buri	bhuˇ rīˇ	香菸	engine-auto	
初 5-8	บุหรี่อันตรายไหมคะ	buri antrai mai kha	bhuˇ rīˇ an drāi maiˊ ka~	香菸危險嗎？	engine-auto	
初 5-8	คุณคิดว่าบุหรี่อันตรายไหมคะ	khun khit wa buri antrai mai kha	kun kit~ wāˋ bhuˇ rīˇ an drāi maiˊ ka~	你覺得香菸危險嗎？	engine-auto	
初 5-8	ระเบิด	raboet	ra~ bhə̄tˇ	炸彈	engine-auto	
初 5-8	ภูเขาไฟระเบิด	phukhao fai raboet	pū kāuˊ fai ra~ bhə̄tˇ	火山爆發	book-exact	(book-exact已用引擎重新驗證)
初 5-8	ระเบิดอันตรายไหม	raboet antrai mai	ra~ bhə̄tˇ an drāi maiˊ	炸彈危險嗎？	engine-auto	
初 5-8	พัดลม	phat lom	pat~ lom	電風扇	book-exact	(book-exact已用引擎重新驗證)
初 5-8	จิ้ม พัดลมอันตรายไหม	jim phat lom antrai mai	jimˋ pat~ lom an drāi maiˊ	詹姆士，電風扇危險嗎？	derived	
初 5-8	หน้ามืด	na muet	nāˋ mɯ̄tˋ	暈眩 / 昏頭	engine-auto	
初 5-8	เคยหน้ามืดไหมคะ	khoei na muet mai kha	kə̄i nāˋ mɯ̄tˋ maiˊ ka~	曾經暈眩過嗎？	engine-auto	
初 5-8	ผมไม่เคยหน้ามืดครับ	phom mai khoei na muet khrap	pomˊ maiˋ kə̄i nāˋ mɯ̄tˋ krap~	我不曾暈眩。	engine-auto	
初 5-8	ม้ามืด	ma muet	mā~ mɯ̄tˋ	黑馬	engine-auto	
初 5-8	ตลาดมืด	talat muet	daˇ lātˋ mɯ̄tˋ	黑市	engine-auto	
初 5-8	ไม่รู้หน้ามืดซื้อมาได้ยังไง	mai ru na muet bue ma dai yang ngai	maiˋ rū~ nāˋ mɯ̄tˋ sɯ̄~ mā dhaiˋ yang ngai	不知道是鬼遮眼，怎麼買得到的。	engine-auto	
初 5-8	สว่าง	sawang	saˇ wāngˋ	亮	derived	
初 5-8	ห้องสว่าง	hong sawang	hɔ̄ngˋ saˇ wāngˋ	房間很亮	derived	
初 5-8	เมื่อไหร่คุณจะตาสว่าง เค้าหลอกคุณหลายครั้งแล้ว	muearai khun cha ta sawang khao lok khun lai khrang laeo	mɯ̄aˋ raiˇ kun jaˇ dā saˇ wāngˋ kāu~ lɔ̄kˇ kun lāiˊ krang~ lɛ̄u~	你什麼時候才會清醒？他騙你好幾次了。	derived	
初 5-8	รู้สึกโมโห	rusuek moho	rū~ sɯkˇ mō hōˊ	感覺生氣	engine-auto	
初 5-8	สงสัย	songsai	songˊ saiˊ	懷疑	derived	
初 5-8	รู้สึกสงสัย	rusuek songsai	rū~ sɯkˇ songˊ saiˊ	感覺懷疑	derived	
初 5-8	รู้สึกเครียด	rusuek khriat	rū~ sɯkˇ krīatˋ	感覺緊張 / 壓力大	engine-auto	
初 5-8	เหงา	ngao	ngāuˊ	寂寞	engine-auto	
初 5-8	รู้สึกเหงา	rusuek ngao	rū~ sɯkˇ ngāuˊ	感覺寂寞	engine-auto	
初 5-8	มีแฟนแล้วก็เลยไม่เหงา	mi faen laeo ko loei mai ngao	mī fɛ̄n lɛ̄u~ gɔ̄ˋ lə̄i maiˋ ngāuˊ	有男朋友了所以不寂寞。	engine-auto	
初 5-8	รู้สึกงง	rusuek ngong	rū~ sɯkˇ ngong	感覺疑惑 / 迷惘	derived	
初 5-8	สงสาร	songsan	songˊ sānˊ	可憐	derived	
初 5-8	รู้สึกสงสาร	rusuek songsan	rū~ sɯkˇ songˊ sānˊ	感覺可憐	derived	
初 5-8	อาม่า ทำไมไม่รู้สึกอะไรเลย	ama thamai mai rusuek arai loei	ā māˋ tam mai maiˋ rū~ sɯkˇ aˇ rai lə̄i	阿嬤，你怎麼沒感覺？	engine-auto	
初 5-8	รสชาติแปลกๆ ทำไมขมอย่างนี้	rotchat plaek plaek thamai khom yang ni	rot~ chātˋ blɛ̄kˇ blɛ̄kˇ tam mai komˊ yāngˋ nī~	味道怪怪的，為什麼這麼苦？	derived	
初 5-8	ชิน	chin	chin	習慣	engine-auto	
初 5-8	ยังไม่ชินกับคอมเครื่องใหม่	yang mai chin kap khom khrueang mai	yang maiˋ chin gapˇ kɔ̄m krɯ̄angˋ maiˇ	還不習慣新電腦。	engine-auto	
初 5-8	ยังไม่ชินกับอากาศ	yang mai chin kap akat	yang maiˋ chin gapˇ ā gātˇ	還不習慣天氣。	engine-auto	
初 5-8	ใช้บ่อยๆ เดี๋ยวก็ชิน	chai boi boi diao ko chin	chai~ bhɔ̄iˇ bhɔ̄iˇ dhīauˊ gɔ̄ˋ chin	常使用，等一下就習慣了。	engine-auto	
初 5-8	อายุต่างกัน	ayu tang kan	ā yu~ dāngˇ gan	年紀不一樣	engine-auto	
初 5-8	อายุต่างกัน 20 ปี	ayu tang kan yi sip pi	ā yu~ dāngˇ gan 20 bī	年紀差20歲	engine-auto	
初 5-8	ชอบต่างกัน	chop tang kan	chɔ̄pˋ dāngˇ gan	喜歡的不一樣	engine-auto	
初 5-8	2 รูปนี้ ต่างกันตรงไหน	song rup ni tang kan trong nai	2 rūpˋ nī~ dāngˇ gan drong naiˊ	這兩張照片哪裡不一樣？	engine-auto	
初 5-8	กลิ่นอะไร	klin arai	glinˇ aˇ rai	什麼味道？	engine-auto	
初 5-8	กลิ่นแปลกๆ	klin plaek plaek	glinˇ blɛ̄kˇ blɛ̄kˇ	奇怪的味道	engine-auto	
初 5-8	กลิ่นเหม็น	klin men	glinˇ menˊ	臭味	engine-auto	
初 5-8	กลิ่นหอม	klin hom	glinˇ hɔ̄mˊ	香味	engine-auto	
初 5-8	กลิ่นดอกไม้	klin dok mai	glinˇ dhɔ̄kˇ mai~	花香	engine-auto	
初 5-8	กลิ่นผลไม้	klin phon la mai	glinˇ ponˊ mai~	果香	derived	
初 5-8	กลิ่นปาก	klin pak	glinˇ bākˇ	口臭	engine-auto	
初 5-8	กลิ่นตัว	klin tua	glinˇ dūa	體味	engine-auto	
初 5-8	อาการแย่	akan yae	ā gān yɛ̄ˋ	症狀很糟糕	engine-auto	
初 5-8	มีอาการยังไงบ้าง	mi akan yang ngai bang	mī ā gān yang ngai bhāngˋ	有什麼症狀？	engine-auto	
初 5-8	มีอาการกี่วันแล้ว	mi akan ki wan laeo	mī ā gān gīˇ wan lɛ̄u~	有症狀幾天了？	engine-auto	
初 5-8	อาการหนักไหม	akan nak mai	ā gān nakˇ maiˊ	症狀嚴重嗎？	engine-auto	
初 5-8	อาการน่าเป็นห่วง	akan na pen huang	ā gān nāˋ ben hūangˇ	症狀令人擔心	derived	
初 5-8	ยุ่ง	yung	yungˋ	忙 / 管	engine-auto	
初 5-8	ตอนนี้ยุ่งมาก	ton ni yung mak	dɔ̄n nī~ yungˋ mākˋ	現在很忙	engine-auto	
初 5-8	ยุ่งเรื่องอะไรอยู่	yung rueang arai yu	yungˋ rɯ̄angˋ aˇ rai yūˋ	在忙什麼事？	engine-auto	
初 5-8	อย่ามายุ่งกับผม	ya ma yung kap phom	yāˋ mā yungˋ gapˇ pomˊ	別來管我	engine-auto	
初 5-8	คนบ้างาน	khon ba ngan	kon bhāˋ ngān	工作狂	engine-auto	
初 5-8	ไม่เป็นคนบ้างาน	mai pen khon ba ngan	maiˋ ben kon bhāˋ ngān	不是工作狂	engine-auto	
初 5-8	สามีเป็นคนบ้างาน	sami pen khon ba ngan	sāˊ mī ben kon bhāˋ ngān	老公是工作狂	engine-auto	
初 5-8	อย่าบ้าเกินไป	ya ba koen pai	yāˋ bhāˋ gə̄n bai	別太瘋狂	engine-auto	
初 5-8	อย่าบ้ามากเกินไป	ya ba mak koen pai	yāˋ bhāˋ mākˋ gə̄n bai	別太過分瘋狂	engine-auto	
初 5-8	ถ้ามียาบ้า โดนจับแน่นอน	tha mi ya ba don chap naenon	tāˋ mī yā bhāˋ dhōn japˇ nɛ̄ˋ nɔ̄n	如果有毒品一定被抓	engine-auto	
初 5-8	โรค	rok	rōkˋ	病	book-exact	(book-exact已用引擎重新驗證)
初 5-8	เขาเป็นโรคอะไร	khao pen rok arai	kāuˊ ben rōkˋ aˇ rai	他生什麼病？	engine-auto	
初 5-8	ไม่รู้เขาเป็นโรคอะไร	mai ru khao pen rok arai	maiˋ rū~ kāuˊ ben rōkˋ aˇ rai	不知道他生什麼病	engine-auto	
初 5-8	เขามีโรคอะไร	khao mi rok arai	kāuˊ mī rōkˋ aˇ rai	他有什麼病？	engine-auto	
初 5-8	เป็นโรคเบาหวาน	pen rok bao wan	ben rōkˋ bhāu wānˊ	患有糖尿病	book-exact	(book-exact已用引擎重新驗證)
初 5-8	หึงแน่นอน	hueng naenon	hɯngˊ nɛ̄ˋ nɔ̄n	一定吃醋	engine-auto	
初 5-8	โมโหแน่นอน	moho naenon	mō hōˊ nɛ̄ˋ nɔ̄n	一定生氣	engine-auto	
初 5-8	ถ้าฝนตกหนักน้ำท่วมแน่นอน	tha fon tok nak nam thuam naenon	tāˋ fonˊ dokˇ nakˇ nām~ tūamˋ nɛ̄ˋ nɔ̄n	如果下大雨一定淹水	derived	
初 5-總複習	อยากเป็นคนเก่ง	yak pen khon keng	yākˋ ben kon gēngˇ	想成為厲害的人	engine-auto	
初 5-總複習	อยากเป็นคนสวย	yak pen khon suai	yākˋ ben kon sūayˊ	想成為漂亮的人	engine-auto	
初 5-總複習	อยากเป็นหมอ	yak pen mo	yākˋ ben mɔ̄ˊ	想當醫生	engine-auto	
初 5-總複習	ตอนเด็ก	ton dek	dɔ̄n dhekˇ	小時候	engine-auto	
初 5-總複習	ตอนเด็กๆ อยากเป็นหมอ	ton dek dek yak pen mo	dɔ̄n dhekˇ dhekˇ yākˋ ben mɔ̄ˊ	小時候想當醫生	engine-auto	
初 5-總複習	ตอนโต	ton to	dɔ̄n dō	長大後	engine-auto	
初 5-總複習	อยากเป็นอะไร	yak pen arai	yākˋ ben aˇ rai	想成為什麼	engine-auto	
初 5-總複習	ตอนโตอยากเป็นอะไรคะ	ton to yak pen arai kha	dɔ̄n dō yākˋ ben aˇ rai ka~	長大後想成為什麼呢	engine-auto	
初 5-總複習	คนรวย	khon ruai	kon rūay	有錢人	engine-auto	
初 5-總複習	ตอนโตอยากเป็นคนรวย	ton to yak pen khon ruai	dɔ̄n dō yākˋ ben kon rūay	長大後想成為有錢人	engine-auto	
初 5-總複習	ทำอย่างไร	tham yang rai	tam yāngˋ rai	怎麼做	engine-auto	
初 5-總複習	ทำอย่างไรให้รวย	tham yang rai hai ruai	tam yāngˋ rai haiˋ rūay	怎麼做才能變有錢	engine-auto	
初 5-總複習	ทำอย่างไรให้เก่ง	tham yang rai hai keng	tam yāngˋ rai haiˋ gēngˇ	怎麼做才能變厲害	engine-auto	
初 5-總複習	ทำอย่างไรให้พูดภาษาไทยได้	tham yang rai hai phut phasa thai dai	tam yāngˋ rai haiˋ pūtˋ pā sāˊ tai dhaiˋ	怎麼做才能說泰語	engine-auto	
初 5-總複習	พูดภาษาไทยได้	phut phasa thai dai	pūtˋ pā sāˊ tai dhaiˋ	會說泰語	engine-auto	
初 5-總複習	ทำยังไง	tham yang ngai	tam yang ngai	怎麼做	engine-auto	
初 5-總複習	พูดบ่อยๆ	phut boi boi	pūtˋ bhɔ̄iˇ bhɔ̄iˇ	常常說	engine-auto	
初 5-總複習	พูดภาษาไทยบ่อยๆ	phut phasa thai boi boi	pūtˋ pā sāˊ tai bhɔ̄iˇ bhɔ̄iˇ	常常說泰語	engine-auto	
初 5-總複習	ฟังบ่อยๆ	fang boi boi	fang bhɔ̄iˇ bhɔ̄iˇ	常常聽	engine-auto	
初 5-總複習	ฟังภาษาไทยบ่อยๆ	fang phasa thai boi boi	fang pā sāˊ tai bhɔ̄iˇ bhɔ̄iˇ	常常聽泰語	engine-auto	
初 5-總複習	วิธี	withi	wi~ tī	方法	engine-auto	
初 5-總複習	วิธีอะไร	withi arai	wi~ tī aˇ rai	什麼方法	engine-auto	
初 5-總複習	มีวิธีอะไร	mi withi arai	mī wi~ tī aˇ rai	有什麼方法	engine-auto	
初 5-總複習	ดูซีรีส์	tu siri	dhū sī rī	看劇	engine-auto	
初 5-總複習	ดูซีรีส์ไทย	tu siri thai	dhū sī rī tai	看泰劇	engine-auto	
初 5-總複習	ฟังเพลง	fang phleng	fang plēng	聽歌	engine-auto	
初 5-總複習	ฟังเพลงไทย	fang phleng thai	fang plēng tai	聽泰文歌	engine-auto	
初 5-總複習	ลดความอ้วน	lot khwam uan	lot~ kwām ūanˋ	減肥	derived	
初 5-總複習	เล่นโยคะ	len yokha	lēnˋ yō ka~	做瑜珈	engine-auto	
初 5-總複習	ออกกำลังกาย	ok kamlang kai	ɔ̄kˇ gam lang gāi	運動	engine-auto	
初 5-總複習	ไปว่ายน้ำ	pai wai nam	bai wāiˋ nām~	去游泳	engine-auto	
初 5-總複習	กินอาหารไขมันต่ำ	kin ahan khai man tam	gin ā hānˊ kaiˊ man damˇ	吃低脂食物	engine-auto	
初 5-總複習	เต้นแอโรบิก	ten aeropik	dēnˋ ɛ̄ rō bhikˇ	跳有氧舞蹈	engine-auto	
初 5-總複習	ไปฟิตเนส	pai fitnet	bai fit~ nētˋ	去健身房	book-exact	(book-exact已用引擎重新驗證)
初 5-總複習	กินผักลวก	kin phak luak	gin pakˇ lūakˋ	吃燙青菜	engine-auto	
初 5-總複習	ไข่ต้ม	khai tom	kaiˇ domˋ	水煮蛋	engine-auto	
初 5-總複習	ไข่เจียว	khai chiao	kaiˇ jīau	煎蛋	engine-auto	
初 5-總複習	กินได้มั้ย	kin dai mai	gin dhaiˋ mai~	可以吃嗎	engine-auto	
初 5-總複習	กินได้	kin dai	gin dhaiˋ	可以吃	engine-auto	
初 5-總複習	ไม่เป็นไร	mai pen rai	maiˋ ben rai	沒關係	engine-auto	
初 5-總複習	ของทอด	khong thot	kɔ̄ngˊ tɔ̄tˋ	炸物	engine-auto	
初 5-總複習	ไม่ได้	mai dai	maiˋ dhaiˋ	不行	book-exact	(book-exact已用引擎重新驗證)
初 5-總複習	เรื่องพรุ่งนี้	rueang phrung ni	rɯ̄angˋ prungˋ nī~	明天的事	engine-auto	
初 5-總複習	มีวิธีอะไรบ้าง	mi withi arai bang	mī wi~ tī aˇ rai bhāngˋ	有什麼方法	engine-auto	
初 5-總複習	เล่นหุ้น	len hun	lēnˋ hunˋ	玩股票	engine-auto	
初 5-總複習	ซื้อหุ้น	suea hun	sɯ̄~ hunˋ	買股票	engine-auto	
初 5-總複習	หุ้น	hun	hunˋ	股票	engine-auto	
初 5-總複習	หุ้นดี	hun di	hunˋ dhī	股票好	engine-auto	
初 5-總複習	หุ้นแย่	hun yae	hunˋ yɛ̄ˋ	股票差	engine-auto	
初 5-總複習	เล่น	len	lēnˋ	玩	engine-auto	
初 5-總複習	เล่นกีตาร์	len kita	lēnˋ gī dā	彈吉他	engine-auto	
初 5-總複習	เล่นเกม	len kem	lēnˋ gēm	玩遊戲	engine-auto	
初 5-總複習	ซื้อหวย	suea huai	sɯ̄~ hūayˊ	買彩券	derived	
初 5-總複習	ซื้อหวยบ่อยๆ	suea huai boi boi	sɯ̄~ hūayˊ bhɔ̄iˇ bhɔ̄iˇ	常常買彩券	derived	
初 5-總複習	ทำธุรกิจ	tham thurakit	tam tun gitˇ	做生意	engine-auto	
初 5-總複習	ธุรกิจส่วนตัว	thurakit suan tua	tun gitˇ sūanˇ dūa	個人事業	engine-auto	
初 5-總複習	รถส่วนตัว	rot suan tua	rot~ sūanˇ dūa	私人車	engine-auto	
初 5-總複習	ห้องส่วนตัว	hong suan tua	hɔ̄ngˋ sūanˇ dūa	私人房間	engine-auto	
初 5-總複習	เก้าอี้ส่วนตัว	kaoi suan tua	gāuˋ īˋ sūanˇ dūa	專屬椅子	engine-auto	
初 5-總複習	ทำธุรกิจส่วนตัว	tham thurakit suan tua	tam tun gitˇ sūanˇ dūa	自己創業	engine-auto	
初 5-總複習	ธุรกิจ	thurakit	tun gitˇ	生意	book-exact	(book-exact已用引擎重新驗證)
初 5-總複習	ทำธุรกิจที่ไหน	tham thurakit thi nai	tam tun gitˇ tīˋ naiˊ	在哪裡做生意	engine-auto	
初 5-總複習	ทำธุรกิจอะไร	tham thurakit arai	tam tun gitˇ aˇ rai	做什麼生意	engine-auto	
初 5-總複習	เมื่อก่อน	muea kon	mɯ̄aˋ gɔ̄nˇ	以前	book-exact	(book-exact已用引擎重新驗證)
初 5-總複習	เมื่อก่อนอ้วน	muea kon uan	mɯ̄aˋ gɔ̄nˇ ūanˋ	以前胖	engine-auto	
初 5-總複習	แต่เดี๋ยวนี้	tae diao ni	dɛ̄ˇ dhīauˊ nī~	但現在	engine-auto	
初 5-總複習	อ้วนเหมือนกัน	uan muean kan	ūanˋ mɯ̄anˊ gan	一樣胖	engine-auto	
初 5-總複習	แต่เดี๋ยวนี้ผอม	tae diao ni phom	dɛ̄ˇ dhīauˊ nī~ pɔ̄mˊ	但現在瘦	engine-auto	
初 5-總複習	เมื่อก่อนจน	muea kon chon	mɯ̄aˋ gɔ̄nˇ jon	以前窮	derived	
初 5-總複習	ก็จนเหมือนกัน	ko chon muean kan	gɔ̄ˋ jon mɯ̄anˊ gan	也一樣窮	derived	
初 5-總複習	รวย	ruai	rūay	有錢	engine-auto	
初 5-總複習	แต่เดี๋ยวนี้รวย	tae diao ni ruai	dɛ̄ˇ dhīauˊ nī~ rūay	但現在有錢	engine-auto	
初 5-總複習	เมื่อก่อนไม่มีเงิน	muea kon mai mi ngoen	mɯ̄aˋ gɔ̄nˇ maiˋ mī ngə̄n	以前沒有錢	engine-auto	
初 5-總複習	มีเงินนิดหน่อย	mi ngoen nit noi	mī ngə̄n nit~ nɔ̄iˇ	有一點錢	engine-auto	
初 5-總複習	ก็มีเงินนิดหน่อย	ko mi ngoen nit noi	gɔ̄ˋ mī ngə̄n nit~ nɔ̄iˇ	也有一點錢	engine-auto	
初 5-總複習	แต่เดี๋ยวนี้มีเงินนิดหน่อย	tae diao ni mi ngoen nit noi	dɛ̄ˇ dhīauˊ nī~ mī ngə̄n nit~ nɔ̄iˇ	但現在有一點錢	engine-auto	
初 5-總複習	เมื่อก่อนไม่สวย	muea kon mai suai	mɯ̄aˋ gɔ̄nˇ maiˋ sūayˊ	以前不漂亮	engine-auto	
初 5-總複習	สวยมาก	suai mak	sūayˊ mākˋ	很漂亮	engine-auto	
初 5-總複習	แต่เดี๋ยวนี้สวยมาก	tae diao ni suai mak	dɛ̄ˇ dhīauˊ nī~ sūayˊ mākˋ	但現在很漂亮	engine-auto	
初 5-總複習	เมื่อก่อนไม่เก่ง	muea kon mai keng	mɯ̄aˋ gɔ̄nˇ maiˋ gēngˇ	以前不厲害	engine-auto	
初 5-總複習	เก่งมาก	keng mak	gēngˇ mākˋ	很厲害	engine-auto	
初 5-總複習	แต่เดี๋ยวนี้เก่งมาก	tae diao ni keng mak	dɛ̄ˇ dhīauˊ nī~ gēngˇ mākˋ	但現在很厲害	engine-auto	
初 5-總複習	เมื่อก่อนพูดภาษาไทยไม่ได้	muea kon phut phasa thai mai dai	mɯ̄aˋ gɔ̄nˇ pūtˋ pā sāˊ tai maiˋ dhaiˋ	以前不會說泰語	engine-auto	
初 5-總複習	พูดได้แล้ว	phut dai laeo	pūtˋ dhaiˋ lɛ̄u~	會說了	engine-auto	
初 5-總複習	เมื่อก่อนฟังภาษาไทยไม่ได้	muea kon fang phasa thai mai dai	mɯ̄aˋ gɔ̄nˇ fang pā sāˊ tai maiˋ dhaiˋ	以前聽不懂泰語	engine-auto	
初 5-總複習	แต่เดี๋ยวนี้ฟังได้แล้ว	tae diao ni fang dai laeo	dɛ̄ˇ dhīauˊ nī~ fang dhaiˋ lɛ̄u~	但現在聽得懂了	engine-auto	
初 5-總複習	เมื่อก่อนอ่านภาษาไทยไม่ได้	muea kon an phasa thai mai dai	mɯ̄aˋ gɔ̄nˇ ānˇ pā sāˊ tai maiˋ dhaiˋ	以前不會讀泰語	engine-auto	
初 5-總複習	แต่ตอนนี้	tae ton ni	dɛ̄ˇ dɔ̄n nī~	但現在	engine-auto	
初 5-總複習	ตอนนี้ก็อ่านไม่ได้	ton ni ko an mai dai	dɔ̄n nī~ gɔ̄ˋ ānˇ maiˋ dhaiˋ	現在也不會讀	engine-auto	
初 5-總複習	เมื่อก่อนทำอาหารไม่เป็น	muea kon tham ahan mai pen	mɯ̄aˋ gɔ̄nˇ tam ā hānˊ maiˋ ben	以前不會做菜	engine-auto	
初 5-總複習	ทำไม่เป็น	tham mai pen	tam maiˋ ben	不會做	engine-auto	
初 5-總複習	ไม่หล่อ	mai lo	maiˋ lɔ̄ˇ	不帥	engine-auto	
初 5-總複習	หล่อ	lo	lɔ̄ˇ	帥	engine-auto	
初 5-總複習	แต่ไม่หล่อ	tae mai lo	dɛ̄ˇ maiˋ lɔ̄ˇ	但不帥	engine-auto	
初 5-總複習	แต่ไม่รวย	tae mai ruai	dɛ̄ˇ maiˋ rūay	但沒錢	engine-auto	
初 5-總複習	สวย	suai	sūayˊ	漂亮	engine-auto	
初 5-總複習	แต่ไม่เก่ง	tae mai keng	dɛ̄ˇ maiˋ gēngˇ	但不厲害	engine-auto	
初 5-總複習	เก่ง	keng	gēngˇ	厲害	engine-auto	
初 5-總複習	เก่งแต่ไม่สวย	keng tae mai suai	gēngˇ dɛ̄ˇ maiˋ sūayˊ	厲害但不漂亮	engine-auto	
初 5-總複習	รวยแต่ไม่เก่ง	ruai tae mai keng	rūay dɛ̄ˇ maiˋ gēngˇ	有錢但不厲害	engine-auto	
初 5-總複習	เก่งแต่ไม่รวย	keng tae mai ruai	gēngˇ dɛ̄ˇ maiˋ rūay	厲害但沒錢	engine-auto	
初 5-總複習	รวยแต่แก่	ruai tae kae	rūay dɛ̄ˇ gɛ̄ˇ	有錢但老	engine-auto	
初 5-總複習	หนุ่มๆ สาวๆ	num num sao sao	numˇ numˇ sāuˊ sāuˊ	年輕男女	engine-auto	
初 5-總複習	หนุ่มสาว	num sao	numˇ sāuˊ	年輕男女	engine-auto	
初 5-總複習	หน้าอ่อน	na on	nāˋ ɔ̄nˇ	看起來年輕（娃娃臉）	engine-auto	
初 5-總複習	หน้าอ่อนแต่ไม่รวย	na on tae mai ruai	nāˋ ɔ̄nˇ dɛ̄ˇ maiˋ rūay	看起來年輕但沒錢	engine-auto	
初 5-總複習	หน้าแก่	na kae	nāˋ gɛ̄ˇ	看起來老	engine-auto	
初 5-總複習	แต่รวยมาก	tae ruai mak	dɛ̄ˇ rūay mākˋ	但很有錢	engine-auto	
初 5-總複習	เก่า	kao	gāuˇ	舊	engine-auto	
初 5-總複習	สูง	sung	sūngˊ	高	engine-auto	
初 5-總複習	ต่ำ	tam	damˇ	低	engine-auto	
初 5-總複習	เตี้ย	tia	dīaˋ	矮	engine-auto	
初 5-總複習	คะแนน	kha naen	ka~ nɛ̄n	分數	engine-auto	
初 5-總複習	คะแนนสูง	kha naen sung	ka~ nɛ̄n sūngˊ	分數高	engine-auto	
初 5-總複習	คะแนนต่ำ	kha naen tam	ka~ nɛ̄n damˇ	分數低	engine-auto	
初 5-總複習	ราคา	ra kha	rā kā	價格	book-exact	(book-exact已用引擎重新驗證)
初 5-總複習	ราคาสูง	ra kha sung	rā kā sūngˊ	價格高	engine-auto	
初 5-總複習	ราคาต่ำ	ra kha tam	rā kā damˇ	價格低	engine-auto	
初 5-總複習	ไอคิวต่ำ	ai khiu tam	ai kiw damˇ	智商低	engine-auto	
初 5-總複習	ไอคิวสูง	ai khiu sung	ai kiw sūngˊ	智商高	engine-auto	
初 5-總複習	อีคิวต่ำ	i khiu tam	ī kiw damˇ	情商低	engine-auto	
初 5-總複習	บ้าน	ban	bhānˋ	房子	engine-auto	
初 5-總複習	กี่ชั้น	ki chan	gīˇ chan~	幾層樓	engine-auto	
初 5-總複習	สูงกี่ชั้น	sung ki chan	sūngˊ gīˇ chan~	幾層樓高	engine-auto	
初 5-總複習	สูง 3 ชั้น	sung sam chan	sūngˊ 3 chan~	三層樓高	engine-auto	
初 5-總複習	บ้านสูง 3 ชั้น	ban sung sam chan	bhānˋ sūngˊ 3 chan~	房子三層樓高	engine-auto	
初 5-總複習	ชั้นเดียว	chan diao	chan~ dhīau	一層樓	engine-auto	
初 5-總複習	คนเดียว	khon diao	kon dhīau	一個人	engine-auto	
初 5-總複習	เอาอันเดียว	ao an diao	au an dhīau	要一個	engine-auto	
初 5-總複習	ไม่สูง	mai sung	maiˋ sūngˊ	不高	engine-auto	
初 5-總複習	สูงเท่าไหร่	sung thao rai	sūngˊ tāuˋ raiˇ	多高	engine-auto	
初 5-總複習	ราคาเท่าไหร่	ra kha thao rai	rā kā tāuˋ raiˇ	多少錢	engine-auto	
初 5-總複習	ได้	dai	dhaiˋ	得到	engine-auto	
初 5-總複習	ได้เท่าไหร่	dai thao rai	dhaiˋ tāuˋ raiˇ	得到多少	engine-auto	
初 5-總複習	ได้คะแนนเท่าไหร่	dai kha naen thao rai	dhaiˋ ka~ nɛ̄n tāuˋ raiˇ	得到幾分	engine-auto	
初 5-總複習	ได้เงินเท่าไหร่	dai ngoen thao rai	dhaiˋ ngə̄n tāuˋ raiˇ	得到多少錢	engine-auto	
初 5-總複習	ช้า	cha	chā~	慢	book-exact	(book-exact已用引擎重新驗證)
初 5-總複習	เร็ว	rew	rew	快	engine-auto	
初 5-總複習	ขับรถ	khap rot	kapˇ rot~	開車	book-exact	(book-exact已用引擎重新驗證)
初 5-總複習	ขับรถเร็ว	khap rot rew	kapˇ rot~ rew	開車快	engine-auto	
初 5-總複習	ขับรถช้า	khap rot cha	kapˇ rot~ chā~	開車慢	engine-auto	
初 5-總複習	เดินช้า	doen cha	dhə̄n chā~	走得慢	engine-auto	
初 5-總複習	เดินเร็ว	doen rew	dhə̄n rew	走得快	engine-auto	
初 5-總複習	ทำเร็ว	tham rew	tam rew	做得快	engine-auto	
初 5-總複習	ทำช้า	tham cha	tam chā~	做得慢	engine-auto	
初 5-總複習	มาเร็ว	ma rew	mā rew	來得快	engine-auto	
初 5-總複習	มาช้า	ma cha	mā chā~	來得慢	engine-auto	
初 5-總複習	ไปเร็ว	pai rew	bai rew	去得快	engine-auto	
初 5-總複習	ไปช้า	pai cha	bai chā~	去得慢	engine-auto	
初 5-總複習	พูดเร็ว	phut rew	pūtˋ rew	說得快	engine-auto	
初 5-總複習	พูดช้า	phut cha	pūtˋ chā~	說得慢	engine-auto	
初 5-總複習	พูดช้าๆ หน่อยได้มั้ย	phut cha cha noi dai mai	pūtˋ chā~ chā~ nɔ̄iˇ dhaiˋ mai~	可以說慢一點嗎	engine-auto	
初 5-總複習	ฟังไม่ทัน	fang mai than	fang maiˋ tan	聽不及(來不及聽)	engine-auto	
初 5-總複習	พูดอีกที	phut ik thi	pūtˋ īkˇ tī	再說一次	engine-auto	
初 5-總複習	พูดอีกทีได้ไหม	phut ik thi dai mai	pūtˋ īkˇ tī dhaiˋ maiˊ	可以再說一次嗎	engine-auto	
初 5-總複習	เวลา	we la	wē lā	時間	engine-auto	
初 5-總複習	เวลาผ่านไปเร็ว	we la phan pai rew	wē lā pānˇ bai rew	時間過得快	engine-auto	
初 5-總複習	เวลาผ่านไปช้า	we la phan pai cha	wē lā pānˇ bai chā~	時間過得慢	engine-auto	
初 5-總複習	ปีนี้	pi ni	bī nī~	今年	engine-auto	
初 5-總複習	พอ	pho	pɔ̄	夠	engine-auto	
初 5-總複習	พอแล้ว	pho laeo	pɔ̄ lɛ̄u~	夠了	engine-auto	
初 5-總複習	นอนดึก	non duek	nɔ̄n dhɯkˇ	晚睡	engine-auto	
初 5-總複習	ทำงานดึก	tham ngan duek	tam ngān dhɯkˇ	工作到很晚	engine-auto	
初 5-總複習	กินดึก	kin duek	gin dhɯkˇ	吃宵夜(很晚吃)	engine-auto	
初 5-總複習	ห้ามนอนดึก	ham non duek	hāmˋ nɔ̄n dhɯkˇ	禁止晚睡	engine-auto	
初 5-總複習	แก่เร็ว	kae rew	gɛ̄ˇ rew	老得快	engine-auto	
初 5-總複習	ห้ามกินดึก	ham kin duek	hāmˋ gin dhɯkˇ	禁止太晚吃	engine-auto	
初 5-總複習	อ้วนเร็ว	uan rew	ūanˋ rew	胖得快	engine-auto	
初 5-總複習	ความเร็ว	khwam rew	kwām rew	速度	engine-auto	
初 5-總複習	แต่งงานเร็ว	taeng ngan rew	dɛ̄ngˇ ngān rew	早結婚	book-exact	(book-exact已用引擎重新驗證)
初 5-總複習	แต่งงานช้า	taeng ngan cha	dɛ̄ngˇ ngān chā~	晚結婚	engine-auto	
初 5-總複習	มีลูก	mi luk	mī lūkˋ	有小孩	engine-auto	
初 5-總複習	มีลูกเร็ว	mi luk rew	mī lūkˋ rew	這麼早有小孩	engine-auto	
初 5-總複習	มีลูกช้า	mi luk cha	mī lūkˋ chā~	比較晚有小孩	engine-auto	
初 5-總複習	ทำงานเร็ว	tham ngan rew	tam ngān rew	工作快	engine-auto	
初 5-總複習	ทำงานช้า	tham ngan cha	tam ngān chā~	工作慢	engine-auto	
初 5-總複習	กลับบ้าน	klap ban	glapˇ bhānˋ	回家	engine-auto	
初 5-總複習	กลับบ้านเร็ว	klap ban rew	glapˇ bhānˋ rew	提早回家	engine-auto	
初 5-總複習	กลับบ้านช้า	klap ban cha	glapˇ bhānˋ chā~	晚回家	engine-auto	
初 5-總複習	จะกลับบ้านช้า	cha klap ban cha	jaˇ glapˇ bhānˋ chā~	會晚回家	engine-auto	
初 5-總複習	ง่าย	ngai	ngāiˋ	容易	engine-auto	
初 5-總複習	เรียนง่าย	rian ngai	rīan ngāiˋ	容易學	engine-auto	
初 5-總複習	ไปง่าย	pai ngai	bai ngāiˋ	容易去	engine-auto	
初 5-總複習	มาง่าย	ma ngai	mā ngāiˋ	容易來	engine-auto	
初 5-總複習	ยาก	yak	yākˋ	困難	engine-auto	
初 5-總複習	เรียนยาก	rian yak	rīan yākˋ	難學	engine-auto	
初 5-總複習	ทำยาก	tham yak	tam yākˋ	難做	engine-auto	
初 5-總複習	ไปยาก	pai yak	bai yākˋ	難去	engine-auto	
初 5-總複習	มายาก	ma yak	mā yākˋ	難來	engine-auto	
初 5-總複習	เหนื่อย	nueai	nɯ̄aiˇ	累	engine-auto	
初 5-總複習	เหนื่อยง่าย	nueai ngai	nɯ̄aiˇ ngāiˋ	容易累	engine-auto	
初 5-總複習	แก่แล้ว	kae laeo	gɛ̄ˇ lɛ̄u~	老了	engine-auto	
初 5-總複習	ตาไม่ดี	ta mai di	dā maiˋ dhī	視力不好	engine-auto	
初 5-總複習	หูไม่ดี	hu mai di	hūˊ maiˋ dhī	聽力不好	engine-auto	
初 5-總複習	อ้วนง่าย	uan ngai	ūanˋ ngāiˋ	容易胖	engine-auto	
初 5-總複習	เมื่อย	mueai	mɯ̄aiˋ	痠痛	engine-auto	
初 5-總複習	เมื่อยง่าย	mueai ngai	mɯ̄aiˋ ngāiˋ	容易痠痛	engine-auto	
初 5-總複習	ตรงเวลา	trong we la	drong wē lā	準時	engine-auto	
初 5-總複習	ไม่ตรงเวลา	mai trong we la	maiˋ drong wē lā	不準時	book-exact	(book-exact已用引擎重新驗證)
初 5-總複習	กินข้าวตรงเวลา	kin khao trong we la	gin kāuˋ drong wē lā	準時吃飯	engine-auto	
初 5-總複習	ทำงานตรงเวลา	tham ngan trong we la	tam ngān drong wē lā	準時工作	engine-auto	
初 5-總複習	มาเรียนภาษาไทยตรงเวลา	ma rian phasa thai trong we la	mā rīan pā sāˊ tai drong wē lā	準時來學泰語	engine-auto	
初 5-總複習	ผอม	phom	pɔ̄mˊ	瘦	book-exact	(book-exact已用引擎重新驗證)
初 5-總複習	อยากอ้วน	yak uan	yākˋ ūanˋ	想變胖	engine-auto	
初 5-總複習	อยากผอม	yak phom	yākˋ pɔ̄mˊ	想變瘦	engine-auto	
初 5-總複習	คนไทยอยากผอม	khon thai yak phom	kon tai yākˋ pɔ̄mˊ	泰國人想變瘦	engine-auto	
初 5-總複習	ก็อยาก	ko yak	gɔ̄ˋ yākˋ	也想	engine-auto	
初 5-總複習	ก็อยากผอม	ko yak phom	gɔ̄ˋ yākˋ pɔ̄mˊ	也想變瘦	engine-auto	
初 5-總複習	คนไทยเตี้ย	khon thai tia	kon tai dīaˋ	泰國人矮	engine-auto	
初 5-總複習	เตี้ยนิดหน่อย	tia nit noi	dīaˋ nit~ nɔ̄iˇ	矮一點	engine-auto	
初 5-總複習	เตี้ยกว่า	tia kwa	dīaˋ gwāˇ	比較矮	engine-auto	
初 5-總複習	คนไทยเตี้ยกว่าคนไต้หวัน	khon thai tia kwa khon taiwan	kon tai dīaˋ gwāˇ kon daiˋ wanˊ	泰國人比台灣人矮	engine-auto	
初 5-總複習	สวยกว่า	suai kwa	sūayˊ gwāˇ	比較漂亮	engine-auto	
初 5-總複習	เก่งกว่า	keng kwa	gēngˇ gwāˇ	比較厲害	engine-auto	
初 5-總複習	อร่อยกว่า	aroi kwa	aˇ rɔ̄iˋ gwāˇ	比較好吃	engine-auto	
初 5-總複習	หอมกว่า	hom kwa	hɔ̄mˊ gwāˇ	比較香	engine-auto	
初 5-總複習	สดกว่า	sot kwa	sotˇ gwāˇ	比較新鮮	engine-auto	
初 5-總複習	รวยกว่า	ruai kwa	rūay gwāˇ	比較有錢	engine-auto	
初 5-總複習	แก่กว่า	kae kwa	gɛ̄ˇ gwāˇ	比較老	engine-auto	
初 5-總複習	อ่อนกว่า	on kwa	ɔ̄nˇ gwāˇ	比較年輕（臉）	engine-auto	
初 5-總複習	หนุ่มกว่า	num kwa	numˇ gwāˇ	比較年輕（男）	engine-auto	
初 5-總複習	สาวกว่า	sao kwa	sāuˊ gwāˇ	比較年輕（女）	engine-auto	
初 5-總複習	ทั้งเตี้ยทั้งอ้วน	thang tia thang uan	tang~ dīaˋ tang~ ūanˋ	又矮又胖	book-exact	(book-exact已用引擎重新驗證)
初 5-總複習	ทั้งสวยทั้งเก่ง	thang suai thang keng	tang~ sūayˊ tang~ gēngˇ	又漂亮又厲害	engine-auto	
初 5-總複習	ทั้งรวยทั้งหล่อ	thang ruai thang lo	tang~ rūay tang~ lɔ̄ˇ	又有錢又帥	engine-auto	
初 5-總複習	ทั้งไม่สวยทั้งไม่เก่ง	thang mai suai thang mai keng	tang~ maiˋ sūayˊ tang~ maiˋ gēngˇ	既不漂亮也不厲害	engine-auto	
初 5-總複習	ทั้งอ้วนทั้งจน	thang uan thang chon	tang~ ūanˋ tang~ jon	又胖又窮	derived	
初 5-總複習	ทั้งถูกทั้งอร่อย	thang thuk thang aroi	tang~ tūkˇ tang~ aˇ rɔ̄iˋ	又便宜又好吃	engine-auto	
初 5-總複習	ทั้งถูกทั้งดี	thang thuk thang di	tang~ tūkˇ tang~ dhī	又便宜又好	engine-auto	
初 5-總複習	ทั้งแพง	thang phaeng	tang~ pɛ̄ng	又貴	engine-auto	
初 5-總複習	ทั้งแพงทั้งไม่อร่อย	thang phaeng thang mai aroi	tang~ pɛ̄ng tang~ maiˋ aˇ rɔ̄iˋ	又貴又難吃	engine-auto	
初 5-總複習	ทั้งสนุก	thang sanuk	tang~ saˇ nuk~	又好玩	engine-auto	
初 5-總複習	ทั้งถูกทั้งสนุก	thang thuk thang sanuk	tang~ tūkˇ tang~ saˇ nuk~	又便宜又好玩	engine-auto	
初 5-總複習	ทั้งถูกทั้งของเยอะ	thang thuk thang khong yoe	tang~ tūkˇ tang~ kɔ̄ngˊ yə~	既便宜東西又多	engine-auto	
初 5-總複習	คิดว่า	khit wa	kit~ wāˋ	認為	engine-auto	
初 5-總複習	ฉันคิดว่า	chan khit wa	chanˊ kit~ wāˋ	我認為	engine-auto	
初 5-總複習	ไม่มี	mai mi	maiˋ mī	沒有	book-exact	(book-exact已用引擎重新驗證)
初 5-總複習	ฝนไม่ตก	fon mai tok	fonˊ maiˋ dokˇ	不下雨	derived	
初 5-總複習	ฝนตก	fon tok	fonˊ dokˇ	下雨	derived	
初 5-總複習	ข้างนอกฝนไม่ตก	khang nok fon mai tok	kāngˋ nɔ̄kˋ fonˊ maiˋ dokˇ	外面不下雨	derived	
初 5-總複習	ข้างนอกฝนตก	khang nok fon tok	kāngˋ nɔ̄kˋ fonˊ dokˇ	外面下雨	derived	
初 5-總複習	ตัวเอง	tua eng	dūa ēng	自己	engine-auto	
初 5-總複習	ฉันคิดว่าตัวเองสวย	chan khit wa tua eng suai	chanˊ kit~ wāˋ dūa ēng sūayˊ	我認為自己漂亮	engine-auto	
初 5-總複習	ฉันคิดว่าตัวเองผอม	chan khit wa tua eng phom	chanˊ kit~ wāˋ dūa ēng pɔ̄mˊ	我認為自己瘦	engine-auto	
初 5-總複習	ไม่อ้วนเลย	mai uan loei	maiˋ ūanˋ lə̄i	一點也不胖	engine-auto	
初 5-總複習	ไม่น่ารักเลย	mai na rak loei	maiˋ nāˋ rak~ lə̄i	一點也不可愛	engine-auto	
初 5-總複習	ไม่อร่อยเลย	mai aroi loei	maiˋ aˇ rɔ̄iˋ lə̄i	一點也不好吃	engine-auto	
初 5-總複習	ไม่สนุกเลย	mai sanuk loei	maiˋ saˇ nuk~ lə̄i	一點也不好玩	engine-auto	
初 5-總複習	ไม่ยากเลย	mai yak loei	maiˋ yākˋ lə̄i	一點也不難	engine-auto	
初 5-總複習	ไม่ง่ายเลย	mai ngai loei	maiˋ ngāiˋ lə̄i	一點也不簡單	engine-auto	
初 5-總複習	ไม่เผ็ดเลย	mai phet loei	maiˋ petˇ lə̄i	一點也不辣	engine-auto	
初 5-總複習	ไม่หิวเลย	mai hiu loei	maiˋ hiwˊ lə̄i	一點也不餓	engine-auto	
初 5-總複習	ไม่เข้าใจเลย	mai khao chai loei	maiˋ kāuˋ jai lə̄i	一點也不懂	engine-auto	
初 5-總複習	เกินไป	koen pai	gə̄n bai	太過了	engine-auto	
初 5-總複習	อิ่มเกินไป	im koen pai	imˇ gə̄n bai	太飽了	engine-auto	
初 5-總複習	งานหนัก	ngan nak	ngān nakˇ	工作繁重	engine-auto	
初 5-總複習	งานหนักเกินไป	ngan nak koen pai	ngān nakˇ gə̄n bai	工作太重了	engine-auto	
初 5-總複習	เฉยๆ	choei choei	chə̄iˊ chə̄iˊ	還好	engine-auto	
初 5-總複習	ช่วงนี้งานหนัก	chuang ni ngan nak	chūangˋ nī~ ngān nakˇ	最近工作繁重	engine-auto	
初 5-總複習	ช่วงนี้งานหนักมั้ย	chuang ni ngan nak mai	chūangˋ nī~ ngān nakˇ mai~	最近工作繁重嗎	engine-auto	
初 5-總複習	ทุกวัน	thuk wan	tuk~ wan	每天	engine-auto	
初 5-總複習	งานหนักทุกวัน	ngan nak thuk wan	ngān nakˇ tuk~ wan	每天工作繁重	engine-auto	
初 5-總複習	งานเบา	ngan bao	ngān bhāu	工作輕鬆	engine-auto	
初 5-總複習	ถือ	thue	tɯ̄ˊ	拿	engine-auto	
初 5-總複習	ถือของหนัก	thue khong nak	tɯ̄ˊ kɔ̄ngˊ nakˇ	拿重物	engine-auto	
初 5-總複習	ถือของเบา	thue khong bao	tɯ̄ˊ kɔ̄ngˊ bhāu	拿輕物	engine-auto	
初 5-總複習	ไปหน่อย	pai noi	bai nɔ̄iˇ	...了一點	engine-auto	
初 5-總複習	ไกลไปหน่อย	klai pai noi	glai bai nɔ̄iˇ	遠了一點	engine-auto	
初 5-總複習	แพงไปหน่อย	phaeng pai noi	pɛ̄ng bai nɔ̄iˇ	貴了一點	engine-auto	
初 5-總複習	รถไฟความเร็วสูง	rot fai khwam rew sung	rot~ fai kwām rew sūngˊ	高鐵	engine-auto	
初 5-總複習	นั่งรถไฟความเร็วสูง	nang rot fai khwam rew sung	nangˋ rot~ fai kwām rew sūngˊ	搭高鐵	engine-auto	
初 5-總複習	นั่ง	nang	nangˋ	坐	book-exact	(book-exact已用引擎重新驗證)
初 5-總複習	ตั้งใจ	tang chai	dangˋ jai	專心	book-exact	(book-exact已用引擎重新驗證)
初 5-總複習	ตั้งใจทำอะไร	tang chai tham arai	dangˋ jai tam aˇ rai	專心做什麼	engine-auto	
初 5-總複習	ตั้งใจเรียน	tang chai rian	dangˋ jai rīan	專心學習	engine-auto	
初 5-總複習	วันนี้จะตั้งใจกลับบ้านเร็ว	wan ni cha tang chai klap ban rew	wan nī~ jaˇ dangˋ jai glapˇ bhānˋ rew	今天會用心早點回家	engine-auto	
初 5-總複習	ตั้งใจหางาน	tang chai ha ngan	dangˋ jai hāˊ ngān	用心找工作	engine-auto	
初 5-總複習	ตั้งใจสอน	tang chai son	dangˋ jai sɔ̄nˊ	用心教	engine-auto	
初 5-總複習	ลูก	luk	lūkˋ	孩子	book-exact	(book-exact已用引擎重新驗證)
初 5-總複習	ลูกชาย	luk chai	lūkˋ chāi	兒子	engine-auto	
初 5-總複習	ลูกสาว	luk sao	lūkˋ sāuˊ	女兒	engine-auto	
初 5-總複習	มีลูกไหม	mi luk mai	mī lūkˋ maiˊ	有小孩嗎	engine-auto	
初 5-總複習	มีลูกชาย	mi luk chai	mī lūkˋ chāi	有兒子	engine-auto	
初 5-總複習	มีลูกสาวมั้ย	mi luk sao mai	mī lūkˋ sāuˊ mai~	有女兒嗎	engine-auto	
初 5-總複習	ขยัน	khayan	kaˇ yanˊ	勤勞	book-exact	(book-exact已用引擎重新驗證)
初 5-總複習	ขยันหาเงิน	khayan ha ngoen	kaˇ yanˊ hāˊ ngə̄n	勤勞賺錢	derived	
初 5-總複習	ขยันเก็บเงิน	khayan kep ngoen	kaˇ yanˊ gepˇ ngə̄n	勤勞存錢	derived	
初 5-總複習	ทำการบ้าน	tham kan ban	tam gān bhānˋ	寫作業	engine-auto	
初 5-總複習	ขยันทำการบ้าน	khayan tham kan ban	kaˇ yanˊ tam gān bhānˋ	勤勞寫作業	derived	
初 5-總複習	ขยันฟังเพลงภาษาไทย	khayan fang phleng phasa thai	kaˇ yanˊ fang plēng pā sāˊ tai	勤勞聽泰文歌	derived	
初 5-總複習	ขยันพูดภาษาไทยทุกวัน	khayan phut phasa thai thuk wan	kaˇ yanˊ pūtˋ pā sāˊ tai tuk~ wan	每天勤勞說泰語	derived	
初 5-總複習	ขยันดูซีรีส์ไทย	khayan tu siri thai	kaˇ yanˊ dhū sī rī tai	勤勞看泰劇	derived	
初 5-總複習	ขยันดูซีรีส์ไทยทุกวัน	khayan tu siri thai thuk wan	kaˇ yanˊ dhū sī rī tai tuk~ wan	每天勤勞看泰劇	derived	
初 5-總複習	ขยัน จัง	khayan chang	kaˇ yanˊ jang	很勤勞	derived	
初 5-總複習	น่า รัก จัง	na rak chang	nāˋ rak~ jang	很可愛	engine-auto	
初 5-總複習	ชิว จัง	chiu chang		很悠閒	unresolved	英文外來語/正式縮寫/原始資料異常，見全課-仍不確定清單.tsv
初 5-總複習	อิ่ม จัง	im chang	imˇ jang	很飽	engine-auto	
初 5-總複習	อยาก ไป จัง	yak pai chang	yākˋ bai jang	很想去	engine-auto	
初 5-總複習	อยาก มา จัง	yak ma chang	yākˋ mā jang	很想來	engine-auto	
初 5-總複習	อยาก เรียน จัง	yak rian chang	yākˋ rīan jang	很想學	engine-auto	
初 5-總複習	สบาย จัง	sabai chang	saˇ bhāi jang	很舒服	engine-auto	
初 5-總複習	สะดวก จัง	saduak chang	saˇ dhūakˇ jang	很方便	engine-auto	
初 5-總複習	สะดวก ติด ต่อ	saduak tit to	saˇ dhūakˇ ditˇ dɔ̄ˇ	方便聯絡	engine-auto	
初 5-總複習	ตอน ไหน	ton nai	dɔ̄n naiˊ	什麼時候	engine-auto	
初 5-總複習	ตรง ไหน	trong nai	drong naiˊ	哪裡	engine-auto	
初 5-總複習	ติด ต่อ สะดวก	tit to saduak	ditˇ dɔ̄ˇ saˇ dhūakˇ	聯絡方便	engine-auto	
初 5-總複習	เข้า ออก สะดวก	khao ok saduak	kāuˋ ɔ̄kˇ saˇ dhūakˇ	進出方便	engine-auto	
初 5-總複習	ไป ไหน มา ไหน สะดวก	pai nai ma nai saduak	bai naiˊ mā naiˊ saˇ dhūakˇ	去哪裡都方便	engine-auto	
初 5-總複習	ตอน นี้ ไม่ สะดวก	ton ni mai saduak	dɔ̄n nī~ maiˋ saˇ dhūakˇ	現在不方便	engine-auto	
初 5-總複習	ตรง นี้ ไม่ สะดวก	trong ni mai saduak	drong nī~ maiˋ saˇ dhūakˇ	這裡不方便	engine-auto	
初 5-總複習	คุย ได้	khui dai	kui dhaiˋ	可以聊	engine-auto	
初 5-總複習	ไม่ ว่าง	mai wang	maiˋ wāngˋ	沒空	engine-auto	
初 5-總複習	ตอน นี้ ทำ อะไร อยู่	ton ni tham arai yu	dɔ̄n nī~ tam aˇ rai yūˋ	現在正在做什麼	engine-auto	
初 5-總複習	ตรง นี้ ทำ อะไร อยู่	trong ni tham arai yu	drong nī~ tam aˇ rai yūˋ	這裡正在做什麼	engine-auto	
初 5-總複習	ทำ ธุระ	tham thura	tam tu~ ra~	辦事情	engine-auto	
初 5-總複習	ทำ ธุระ อยู่	tham thura yu	tam tu~ ra~ yūˋ	正在辦事	engine-auto	
初 5-總複習	สำคัญ มั้ย	samkhan mai	samˊ kan mai~	重要嗎	engine-auto	
初 5-總複習	สำคัญ มาก	samkhan mak	samˊ kan mākˋ	很重要	engine-auto	
初 5-總複習	ธุระ สำคัญ	thura samkhan	tu~ ra~ samˊ kan	重要的事情	engine-auto	
初 5-總複習	วัน สำคัญ	wan samkhan	wan samˊ kan	重要的日子	engine-auto	
初 5-總複習	วัน เกิด	wan koet	wan gə̄tˇ	生日	engine-auto	
初 5-總複習	วัน พ่อ	wan pho	wan pɔ̄ˋ	父親節	engine-auto	
初 5-總複習	วัน แม่	wan mae	wan mɛ̄ˋ	母親節	engine-auto	
初 5-總複習	วัน แต่ง งาน	wan taeng ngan	wan dɛ̄ngˇ ngān	結婚日	engine-auto	
初 5-總複習	เฉย ๆ	choei choei	chə̄iˊ chə̄iˊ	還好 / 沒感覺	engine-auto	
初 5-總複習	เรื่อง สำคัญ	rueang samkhan	rɯ̄angˋ samˊ kan	重要的事	engine-auto	
初 5-總複習	มี เรื่อง สำคัญ	mi rueang samkhan	mī rɯ̄angˋ samˊ kan	有重要的事	engine-auto	
初 5-總複習	เอกสาร	ek kasan	ēkˇ sānˊ	文件	book-exact	(book-exact已用引擎重新驗證)
初 5-總複習	คน สำคัญ	khon samkhan	kon samˊ kan	重要的人	engine-auto	
初 5-總複習	พวก เรา มี คน สำคัญ	phuak rao mi khon samkhan	pūakˋ rāu mī kon samˊ kan	我們有重要的人	engine-auto	
初 5-總複習	มี ใคร บ้าง	mi khrai bang	mī krai bhāngˋ	有誰呢	engine-auto	
初 5-總複習	ทุก คน สำคัญ หมด เลย	thuk khon samkhan mot loei	tuk~ kon samˊ kan motˇ lə̄i	每個人都很重要	derived	
初 5-總複習	พ่อ แม่	pho mae	pɔ̄ˋ mɛ̄ˋ	父母	engine-auto	
初 5-總複習	แมว	maeo	mɛ̄u	貓	engine-auto	
初 5-總複習	ไม่ เข้า ใจ	mai khao chai	maiˋ kāuˋ jai	不明白	engine-auto	
初 5-總複習	พูด ภาษา อะไร	phut phasa arai	pūtˋ pā sāˊ aˇ rai	說什麼語言	engine-auto	
初 5-總複習	ส่วน ตัว	suan tua	sūanˇ dūa	私人	engine-auto	
初 5-總複習	ปัญหา	panha	ban hāˊ	問題	engine-auto	
初 5-總複習	ปัญหา ลูก	panha luk	ban hāˊ lūkˋ	孩子的問題	engine-auto	
初 5-總複習	ไม่ สำคัญ	mai samkhan	maiˋ samˊ kan	不重要	engine-auto	
初 5-總複習	พูด เล่น	phut len	pūtˋ lēnˋ	開玩笑	engine-auto	
初 5-總複習	พี่ สาว	phi sao	pīˋ sāuˊ	姐姐	engine-auto	
初 5-總複習	อยาก รู้ มาก เลย	yak ru mak loei	yākˋ rū~ mākˋ lə̄i	非常想知道	engine-auto	
初 5-總複習	พูด อะไร อยู่	phut arai yu	pūtˋ aˇ rai yūˋ	正在說什麼	engine-auto	
初 5-總複習	ครู	khru	krū	老師	engine-auto	
初 5-總複習	มี น้อง	mi nong	mī nɔ̄ng~	有弟弟妹妹	engine-auto	
初 5-總複習	เมีย น้อย	mia noi	mīa nɔ̄i~	小老婆 / 情婦	engine-auto	
初 5-總複習	ลูก ของ เมีย น้อย	luk khong mia noi	lūkˋ kɔ̄ngˊ mīa nɔ̄i~	小老婆的孩子	engine-auto	
初 5-總複習	พิเศษ	phiset	pi~ sētˇ	特別	engine-auto	
初 5-總複習	ขยัน เป็น พิเศษ	khayan pen phiset	kaˇ yanˊ ben pi~ sētˇ	特別勤勞	derived	
初 5-總複習	วัน นี้ ขยัน เป็น พิเศษ	wan ni khayan pen phiset	wan nī~ kaˇ yanˊ ben pi~ sētˇ	今天特別勤勞	derived	
初 5-總複習	วัน นี้ สวย เป็น พิเศษ	wan ni suai pen phiset	wan nī~ sūayˊ ben pi~ sētˇ	今天特別漂亮	engine-auto	
初 5-總複習	วัน นี้ เก่ง เป็น พิเศษ	wan ni keng pen phiset	wan nī~ gēngˇ ben pi~ sētˇ	今天特別厲害	engine-auto	
初 5-總複習	หิว เป็น พิเศษ	hiu pen phiset	hiwˊ ben pi~ sētˇ	特別餓	engine-auto	
初 5-總複習	คน พิเศษ	khon phiset	kon pi~ sētˇ	特別的人	engine-auto	
初 5-總複習	ธรรมดา	thammada	tam dhā	普通	derived	
初 5-總複習	คน ธรรมดา	khon thammada	kon tam dhā	普通人	derived	
初 5-總複習	มี คน พิเศษ หรือ ยัง	mi khon phiset rue yang	mī kon pi~ sētˇ rɯ̄ˊ yang	有特別的人了嗎	engine-auto	
初 5-總複習	หลาย คน	lai khon	lāiˊ kon	很多人	engine-auto	
初 5-總複習	หัว ใจ	hua chai	hūaˊ jai	心	engine-auto	
初 5-總複習	เมีย หลวง	mia luang	mīa lūangˊ	大老婆	engine-auto	
初 5-總複習	แฟน	faen	fɛ̄n	情人	engine-auto	
初 5-總複習	ราคา พิเศษ	rakha phiset	rā kā pi~ sētˇ	特別價格	engine-auto	
初 5-總複習	ราคา ธรรมดา	rakha thammada	rā kā tam dhā	普通價格	derived	
初 5-總複習	กะเพรา หมู	kaphrao mu	gaˇ prāu mūˊ	打拋豬	engine-auto	
初 5-總複習	เอา พิเศษ หรือ ธรรมดา	ao phiset rue thammada	au pi~ sētˇ rɯ̄ˊ tam dhā	要特大份還是普通份	derived	
初 5-總複習	กิน ก๋วยเตี๋ยว	kin kuaitiao	gin gūayˊ dīauˊ	吃麵	derived	
初 5-總複習	หลาย อย่าง	lai yang	lāiˊ yāngˋ	很多種	engine-auto	
初 5-總複習	สั่ง หลาย อย่าง	sang lai yang	sangˇ lāiˊ yāngˋ	點很多種	engine-auto	
初 5-總複習	เป็น เรื่อง ธรรมดา	pen rueang thammada	ben rɯ̄angˋ tam dhā	是平常的事	derived	
初 5-總複習	เป็น เรื่อง พิเศษ	pen rueang phiset	ben rɯ̄angˋ pi~ sētˇ	是特別的事	engine-auto	
初 5-總複習	เรียน พิเศษ	rian phiset	rīan pi~ sētˇ	補習	engine-auto	
初 5-總複習	เบื่อ	buea	bhɯ̄aˇ	煩 / 無聊	engine-auto	
初 5-總複習	เบื่อ อะไร	buea arai	bhɯ̄aˇ aˇ rai	煩什麼	engine-auto	
初 5-總複習	เบื่อ งาน	buea ngan	bhɯ̄aˇ ngān	厭倦工作	engine-auto	
初 5-總複習	เบื่อ คน	buea khon	bhɯ̄aˇ kon	煩人	engine-auto	
初 5-總複習	เบื่อ เรียน	buea rian	bhɯ̄aˇ rīan	厭倦學習	engine-auto	
初 5-總複習	เบื่อ จะ ตาย แล้ว	buea cha tai laeo	bhɯ̄aˇ jaˇ dāi lɛ̄u~	煩死了	engine-auto	
初 5-總複習	เหนื่อย จะ ตาย แล้ว	nueai cha tai laeo	nɯ̄aiˇ jaˇ dāi lɛ̄u~	累死了	engine-auto	
初 5-總複習	ร้อน จะ ตาย แล้ว	ron cha tai laeo	rɔ̄n~ jaˇ dāi lɛ̄u~	熱死了	engine-auto	
初 5-總複習	หนาว จะ ตาย แล้ว	nao cha tai laeo	nāuˊ jaˇ dāi lɛ̄u~	冷死了	engine-auto	
初 5-總複習	อิ่ม จะ ตาย แล้ว	im cha tai laeo	imˇ jaˇ dāi lɛ̄u~	飽死了	engine-auto	
初 5-總複習	กิน เบื่อ แล้ว	kin buea laeo	gin bhɯ̄aˇ lɛ̄u~	吃膩了	engine-auto	
初 5-總複習	ทำ เบื่อ แล้ว	tham buea laeo	tam bhɯ̄aˇ lɛ̄u~	做膩了	engine-auto	
初 5-總複習	ไป เบื่อ แล้ว	pai buea laeo	bai bhɯ̄aˇ lɛ̄u~	去膩了	engine-auto	
初 5-總複習	ไป เท่า ไหร่ ก็ ไม่ เบื่อ	pai thao rai ko mai buea	bai tāuˋ raiˇ gɔ̄ˋ maiˋ bhɯ̄aˇ	去幾次都不膩	engine-auto	
初 5-總複習	กิน เท่า ไหร่ ก็ ไม่ เบื่อ	kin thao rai ko mai buea	gin tāuˋ raiˇ gɔ̄ˋ maiˋ bhɯ̄aˇ	怎麼吃都不膩	engine-auto	
初 5-總複習	ทำ เท่า ไหร่ ก็ ไม่ เบื่อ	tham thao rai ko mai buea	tam tāuˋ raiˇ gɔ̄ˋ maiˋ bhɯ̄aˇ	怎麼做都不膩	engine-auto	
初 5-總複習	เบื่อ ที่ สุด	buea thi sut	bhɯ̄aˇ tīˋ sutˇ	最無聊	engine-auto	
初 5-總複習	สวย ที่ สุด	suai thi sut	sūayˊ tīˋ sutˇ	最漂亮	engine-auto	
初 5-總複習	ซวย	suai	sūay	倒楣	engine-auto	
初 5-總複習	ซวย แล้ว	suai laeo	sūay lɛ̄u~	倒楣了	engine-auto	
初 5-總複習	วัน นี้ สวย ที่ สุด	wan ni suai thi sut	wan nī~ sūayˊ tīˋ sutˇ	今天最漂亮	engine-auto	
初 5-總複習	วัน นี้ ซวย ที่ สุด	wan ni suai thi sut	wan nī~ sūay tīˋ sutˇ	今天最倒楣	engine-auto	
初 5-總複習	เซ็ง	seng	seng	掃興 / 鬱悶	engine-auto	
初 5-總複習	เซ็ง ที่ สุด	seng thi sut	seng tīˋ sutˇ	最掃興	engine-auto	
初 5-總複習	ทำไม ไม่ เปลี่ยน	thammai mai plian	tam mai maiˋ blīanˇ	為什麼不換	engine-auto	
初 5-總複習	ไม่ รู้ จะ ทำ อะไร	mai ru cha tham arai	maiˋ rū~ jaˇ tam aˇ rai	不知道要做什麼	engine-auto	
初 5-總複習	อุ่น	un	unˇ	溫熱	engine-auto	
初 5-總複習	เวฟ มั้ย	wef mai	wēpˋ mai~	要微波嗎	engine-auto	
初 5-總複習	เวฟ หน่อย	wef noi	wēpˋ nɔ̄iˇ	微波一下	engine-auto	
初 5-總複習	เวฟ ให้ หน่อย ได้ มั้ย คะ	wef hai noi dai mai kha	wēpˋ haiˋ nɔ̄iˇ dhaiˋ mai~ ka~	可以幫忙微波嗎？(女)	engine-auto	
初 5-總複習	เวฟ ให้ หน่อย ได้ มั้ย ครับ	wef hai noi dai mai khrap	wēpˋ haiˋ nɔ̄iˇ dhaiˋ mai~ krap~	可以幫忙微波嗎？(男)	engine-auto	
初 5-總複習	ยัง อุ่น อยู่	yang un yu	yang unˇ yūˋ	還溫熱著	engine-auto	
初 5-總複習	ยัง ร้อน อยู่	yang ron yu	yang rɔ̄n~ yūˋ	還熱著	engine-auto	
初 5-總複習	เครื่อง ทำ น้ำ อุ่น	khrueang tham nam un	krɯ̄angˋ tam nām~ unˇ	熱水器	engine-auto	
初 5-總複習	เครื่อง ทำ น้ำ ร้อน	khrueang tham nam ron	krɯ̄angˋ tam nām~ rɔ̄n~	飲水機(熱水)	engine-auto	
初 5-總複習	สว่าง	sawang	saˇ wāngˋ	明亮	derived	
初 5-總複習	สว่าง มั้ย	sawang mai	saˇ wāngˋ mai~	亮嗎	derived	
初 5-總複習	สว่าง มาก	sawang mak	saˇ wāngˋ mākˋ	很亮	derived	
初 5-總複習	มืด	muet	mɯ̄tˋ	暗	engine-auto	
初 5-總複習	ข้าง นอก มืด ไหม	khang nok muet mai	kāngˋ nɔ̄kˋ mɯ̄tˋ maiˊ	外面暗嗎	engine-auto	
初 5-總複習	เหมือน กัน	muean kan	mɯ̄anˊ gan	一樣	engine-auto	
初 5-總複習	ง่วง	nguang	ngūangˋ	睏	engine-auto	
初 5-總複習	ง่วง เหมือน กัน	nguang muean kan	ngūangˋ mɯ̄anˊ gan	也一樣想睡	engine-auto	
初 5-總複習	เหนื่อย เหมือน กัน	nueai muean kan	nɯ̄aiˇ mɯ̄anˊ gan	也一樣累	engine-auto	
初 5-總複習	อยาก กิน เหมือน กัน	yak kin muean kan	yākˋ gin mɯ̄anˊ gan	也一樣想吃	engine-auto	
初 5-總複習	งง	ngong	ngong	懵 / 疑惑	derived	
初 5-總複習	งง เหมือน กัน	ngong muean kan	ngong mɯ̄anˊ gan	也一樣懵	derived	
初 5-總複習	ไม่ เข้า ใจ เหมือน กัน	mai khao chai muean kan	maiˋ kāuˋ jai mɯ̄anˊ gan	也一樣不明白	engine-auto	
初 5-總複習	งง นิด หน่อย	ngong nit noi	ngong nit~ nɔ̄iˇ	有點懵	derived	
初 5-總複習	แพง เกิน ไป	phaeng koen pai	pɛ̄ng gə̄n bai	太貴	engine-auto	
初 5-總複習	ไกล เกิน ไป	klai koen pai	glai gə̄n bai	太遠	engine-auto	
初 5-總複習	เหนื่อย เกิน ไป	nueai koen pai	nɯ̄aiˇ gə̄n bai	太累	engine-auto	
初 5-總複習	สวย เกิน ไป	suai koen pai	sūayˊ gə̄n bai	太漂亮	engine-auto	
初 5-總複習	สวย จัง อ่ะ	suai chang a	sūayˊ jang aˇ	真漂亮啊	engine-auto	
初 5-總複習	เก่ง จัง เลย อ่ะ	keng chang loei a	gēngˇ jang lə̄i aˇ	真的很厲害啊	engine-auto	
初 5-總複習	อร่อย จัง เลย อ่ะ	aroi chang loei a	aˇ rɔ̄iˋ jang lə̄i aˇ	真的很好吃啊	engine-auto	
初 5-總複習	รวย จัง เลย อ่ะ	ruai chang loei a	rūay jang lə̄i aˇ	真的很有錢啊	engine-auto	
初 5-總複習	จน จัง เลย อ่ะ	chon chang loei a	jon jang lə̄i aˇ	真的很窮啊	derived	
初 5-總複習	รู้ สึก อะไร	ru suek arai	rū~ sɯkˇ aˇ rai	感覺什麼	engine-auto	
初 5-總複習	ไม่ รู้ สึก อะไร	mai ru suek arai	maiˋ rū~ sɯkˇ aˇ rai	沒什麼感覺	engine-auto	
初 5-總複習	คิด ว่า อะไร	khit wa arai	kit~ wāˋ aˇ rai	覺得什麼	engine-auto	
初 5-總複習	รู้ สึก แปลก ๆ	ru suek plaek plaek	rū~ sɯkˇ blɛ̄kˇ blɛ̄kˇ	感覺怪怪的	engine-auto	
初 5-總複習	รู้ สึก สนุก	ru suek sanuk	rū~ sɯkˇ saˇ nuk~	覺得好玩	engine-auto	
初 5-總複習	รู้ สึก ไม่ อยาก กลับ	ru suek mai yak klap	rū~ sɯkˇ maiˋ yākˋ glapˇ	覺得不想回去	engine-auto	
初 5-總複習	รู้ สึก เบื่อ	ru suek buea	rū~ sɯkˇ bhɯ̄aˇ	覺得無聊	engine-auto	
初 5-總複習	รู้ สึก เซ็ง ๆ	ru suek seng seng	rū~ sɯkˇ seng seng	覺得掃興	engine-auto	
初 5-總複習	รู้ สึก อยาก กลับ บ้าน	ru suek yak klap ban	rū~ sɯkˇ yākˋ glapˇ bhānˋ	覺得想回家	engine-auto	
初 5-總複習	รู้ สึก ไม่ อยาก ทำ งาน	ru suek mai yak tham ngan	rū~ sɯkˇ maiˋ yākˋ tam ngān	覺得不想工作	engine-auto	
初 5-總複習	รู้ สึก ไม่ อยาก คุย กับ หัว หน้า	ru suek mai yak khui kap hua na	rū~ sɯkˇ maiˋ yākˋ kui gapˇ hūaˊ nāˋ	覺得不想跟主管說話	engine-auto	
初 5-總複習	เพื่อน ร่วม งาน	phuean ruam ngan	pɯ̄anˋ rūamˋ ngān	同事	engine-auto	
初 5-總複習	รู้ สึก ไม่ อยาก คุย กับ เพื่อน ร่วม งาน	ru suek mai yak khui kap phuean ruam ngan	rū~ sɯkˇ maiˋ yākˋ kui gapˇ pɯ̄anˋ rūamˋ ngān	覺得不想跟同事說話	engine-auto	
初 5-總複習	รู้ สึก ยาก	ru suek yak	rū~ sɯkˇ yākˋ	覺得難	engine-auto	
初 5-總複習	รู้ สึก ยาก นิด หน่อย	ru suek yak nit noi	rū~ sɯkˇ yākˋ nit~ nɔ̄iˇ	覺得有點難	engine-auto	
初 5-總複習	รู้ สึก ธรรมดา	ru suek thammada	rū~ sɯkˇ tam dhā	覺得普通	derived	
初 5-總複習	รู้ สึก เฉย ๆ	ru suek choei choei	rū~ sɯkˇ chə̄iˊ chə̄iˊ	覺得還好	engine-auto	
初 5-總複習	ชิน	chin	chin	習慣	engine-auto	
初 5-總複習	ชิน แล้ว	chin laeo	chin lɛ̄u~	習慣了	engine-auto	
初 5-總複習	ชิน หรือ ยัง	chin rue yang	chin rɯ̄ˊ yang	習慣了嗎	engine-auto	
初 5-總複習	รู้ สึก ชิน แล้ว	ru suek chin laeo	rū~ sɯkˇ chin lɛ̄u~	覺得習慣了	engine-auto	
初 5-總複習	ต่าง กัน อย่าง ไร	tang kan yang rai	dāngˇ gan yāngˋ rai	有什麼不同	engine-auto	
初 5-總複習	อัน นี้ กับ อัน นี้ ต่าง กัน ยัง ไง	an ni kap an ni tang kan yang ngai	an nī~ gapˇ an nī~ dāngˇ gan yang ngai	這個和這個有什麼不同	engine-auto	
初 5-總複習	อัน นี้ กับ อัน นั้น ต่าง กัน ยัง ไง	an ni kap an nan tang kan yang ngai	an nī~ gapˇ an nan~ dāngˇ gan yang ngai	這個和那個有什麼不同	engine-auto	
初 5-總複習	จาน นี้ กับ จาน นี้ ต่าง กัน ยัง ไง	chan ni kap chan ni tang kan yang ngai	jān nī~ gapˇ jān nī~ dāngˇ gan yang ngai	這盤和這盤有什麼不同	engine-auto	
初 5-總複習	ชา นม กับ ชา ไทย ต่าง กัน ยัง ไง	cha nom kap cha thai tang kan yang ngai	chā nom gapˇ chā tai dāngˇ gan yang ngai	奶茶和泰式奶茶有什麼不同	engine-auto	
初 5-總複習	หวาน เหมือน กัน	wan muean kan	wānˊ mɯ̄anˊ gan	一樣甜	engine-auto	
初 5-總複習	ไม่ ค่อย กิน	mai khoi kin	maiˋ kɔ̄iˋ gin	不常吃	engine-auto	
初 5-總複習	ชา ไทย	cha thai	chā tai	泰式奶茶	engine-auto	
初 5-總複習	แก้ว ใหญ่ มาก	kaeo yai mak	gɛ̄uˋ yaiˇ mākˋ	杯子很大	engine-auto	
初 5-總複習	เวลา ต่าง กัน	wela tang kan	wē lā dāngˇ gan	時差	engine-auto	
初 5-總複習	กี่ ชั่วโมง	ki chuamong	gīˇ chūaˋ mōng	幾個小時	engine-auto	
初 5-總複習	เวลา ต่าง กัน กี่ ชั่วโมง	wela tang kan ki chuamong	wē lā dāngˇ gan gīˇ chūaˋ mōng	時差幾個小時	engine-auto	
初 5-總複習	โรค	rok	rōkˋ	疾病	book-exact	(book-exact已用引擎重新驗證)
初 5-總複習	เป็น โรค อะไร	pen rok arai	ben rōkˋ aˇ rai	得什麼病	engine-auto	
初 5-總複習	โรค เอดส์	rok et	rōkˋ ētˇ	愛滋病	engine-auto	
初 5-總複習	โรค มะเร็ง	rok mareng	rōkˋ ma~ reng	癌症	engine-auto	
初 5-總複習	โรค เบา หวาน	rok bao wan	rōkˋ bhāu wānˊ	糖尿病	engine-auto	
初 5-總複習	เป็น อะไร	pen arai	ben aˇ rai	怎麼了	engine-auto	
初 5-總複習	เป็น ยัง ไง	pen yang ngai	ben yang ngai	怎麼樣	book-exact	(book-exact已用引擎重新驗證)
初 5-總複習	เป็น ไป ไม่ ได้	pen pai mai dai	ben bai maiˋ dhaiˋ	不可能	book-exact	(book-exact已用引擎重新驗證)
初 5-總複習	เป็น ไป ได้	pen pai dai	ben bai dhaiˋ	可能	engine-auto	
初 5-總複習	เครียด	khriat	krīatˋ	壓力大	engine-auto	
初 5-總複習	รู้ สึก เครียด มาก	ru suek khriat mak	rū~ sɯkˇ krīatˋ mākˋ	覺得壓力很大	engine-auto	
初 5-總複習	รู้ สึก หิว มาก	ru suek hiu mak	rū~ sɯkˇ hiwˊ mākˋ	覺得很餓	engine-auto	
初 5-總複習	รู้ สึก หนาว มาก	ru suek nao mak	rū~ sɯkˇ nāuˊ mākˋ	覺得很冷	engine-auto	
初 5-總複習	รู้ สึก ไม่ สบาย	ru suek mai sabai	rū~ sɯkˇ maiˋ saˇ bhāi	覺得不舒服	engine-auto	
初 5-總複習	รู้ สึก ไม่ สบาย ใจ	ru suek mai sabai chai	rū~ sɯkˇ maiˋ saˇ bhāi jai	覺得心裡不舒服	engine-auto	
初 5-總複習	เป็น ยัง ไง บ้าง	pen yang ngai bang	ben yang ngai bhāngˋ	怎麼樣了	engine-auto	
初 5-總複習	ทำ งาน เป็น ยัง ไง บ้าง	tham ngan pen yang ngai bang	tam ngān ben yang ngai bhāngˋ	工作怎麼樣了	engine-auto	
初 5-總複習	รู้ สึก เครียด	ru suek khriat	rū~ sɯkˇ krīatˋ	覺得有壓力	engine-auto	
初 5-總複習	รู้ สึก งาน หนัก	ru suek ngan nak	rū~ sɯkˇ ngān nakˇ	覺得工作繁重	engine-auto	
初 5-總複習	นิสัย	nisai	ni~ saiˊ	個性	engine-auto	
初 5-總複習	นิสัย แย่	nisai yae	ni~ saiˊ yɛ̄ˋ	脾氣壞	engine-auto	
初 5-總複習	สม น้ำ หน้า	som nam na	somˊ nām~ nāˋ	活該	derived	
初 5-總複習	อย่า ซีเรียส	ya siriat	yāˋ sī rīatˋ	別太嚴肅	engine-auto	
初 5-總複習	เครียด	khriat	krīatˋ	壓力大	engine-auto	
初 5-總複習	เป็น ลม	pen lom	ben lom	暈倒	derived	
初 5-總複習	เป็น หวัด	pen wat	ben watˇ	感冒	engine-auto	
初 5-總複習	เป็น ไข้	pen khai	ben kaiˋ	發燒	engine-auto	
初 5-總複習	ยา แก้ ไข้	ya kae khai	yā gɛ̄ˋ kaiˋ	退燒藥	engine-auto	
初 5-總複習	ท้อง เสีย	thong sia	tɔ̄ng~ sīaˊ	拉肚子	engine-auto	
初 5-總複習	ยา แก้ ท้อง เสีย	ya kae thong sia	yā gɛ̄ˋ tɔ̄ng~ sīaˊ	止瀉藥	engine-auto	
初 5-總複習	ยา แก้ หวัด	ya kae wat	yā gɛ̄ˋ watˇ	感冒藥	engine-auto	
初 5-總複習	ซื้อ ง่าย	suea ngai	sɯ̄~ ngāiˋ	容易買	engine-auto	
初 5-總複習	ต้อง ไป ร้าน ขาย ยา	tong pai ran khai ya	dɔ̄ngˋ bai rān~ kāiˊ yā	必須去藥局	engine-auto	
初 5-總複習	เป็น บ้า	pen ba	ben bhāˋ	發瘋	engine-auto	
初 5-總複習	เกือบ	kueap	gɯ̄apˇ	幾乎	engine-auto	
初 5-總複習	เกือบ เป็น บ้า	kueap pen ba	gɯ̄apˇ ben bhāˋ	差點發瘋	engine-auto	
初 5-總複習	เป็น ห่วง	pen huang	ben hūangˇ	擔心	derived	
初 5-總複習	เป็น เพื่อน	pen phuean	ben pɯ̄anˋ	當伴（陪同）	engine-auto	
初 5-總複習	กิน ข้าว เป็น เพื่อน	kin khao pen phuean	gin kāuˋ ben pɯ̄anˋ	陪吃飯	engine-auto	
初 5-總複習	ไป กิน ข้าว เป็น เพื่อน	pai kin khao pen phuean	bai gin kāuˋ ben pɯ̄anˋ	去陪吃飯	engine-auto	
初 5-總複習	มาเรียน เป็น เพื่อน	ma rian pen phuean	mā rīan ben pɯ̄anˋ	陪同來學習	engine-auto	
初 5-總複習	ไป เมือง ไทย เป็น เพื่อน	pai mueang thai pen phuean	bai mɯ̄ang tai ben pɯ̄anˋ	陪同去泰國	engine-auto	
初 5-總複習	น่า รัก	na rak	nāˋ rak~	可愛	engine-auto	
初 5-總複習	น่า กิน	na kin	nāˋ gin	看起來好吃	engine-auto	
初 5-總複習	น่า อยู่	na yu	nāˋ yūˋ	宜居	engine-auto	
初 5-總複習	น่า เที่ยว	na thiao	nāˋ tīauˋ	值得去玩	engine-auto	
初 5-總複習	น่า คิด	na khit	nāˋ kit~	值得思考	engine-auto	
初 5-總複習	น่า เชื่อ	na chuea	nāˋ chɯ̄aˋ	可信	engine-auto	
初 5-總複習	ไม่ น่า เชื่อ	mai na chuea	maiˋ nāˋ chɯ̄aˋ	難以置信	engine-auto	
初 5-總複習	นิสัย ของ พวก เรา	nisai khong phuak rao	ni~ saiˊ kɔ̄ngˊ pūakˋ rāu	我們的個性	engine-auto	
初 5-總複習	ขี้ หนาว	khi nao	kīˋ nāuˊ	怕冷	engine-auto	
初 5-總複習	ขี้ ร้อน	khi ron	kīˋ rɔ̄n~	怕熱	engine-auto	
初 5-總複習	ขี้ อาย	khi ai	kīˋ āi	害羞	engine-auto	
初 5-總複習	ขี้ กลัว	khi klua	kīˋ glūa	容易害怕（膽小）	engine-auto	
初 5-總複習	ขี้ เหงา	khi ngao	kīˋ ngāuˊ	怕孤單	engine-auto	
初 5-總複習	หนาว	nao	nāuˊ	冷	engine-auto	
初 5-總複習	เหงา	ngao	ngāuˊ	孤單	engine-auto	
初 5-總複習	ขี้ เหนียว	khi niao	kīˋ nīauˊ	小氣	engine-auto	
初 5-總複習	ขี้ เกียจ	khi kiat	kīˋ gīatˇ	懶惰	engine-auto	
初 5-總複習	ขี้ โม้	khi mo	kīˋ mō~	愛吹牛	engine-auto	
初 5-總複習	ขี้ บ่น	khi bon	kīˋ bhonˇ	愛抱怨	derived	
初 5-總複習	ขี้ โมโห	khi moho	kīˋ mō hōˊ	愛生氣	engine-auto	
初 5-總複習	ขี้ สงสัย	khi songsai	kīˋ songˊ saiˊ	愛懷疑（好奇）	derived	
初 5-總複習	ขี้ ตก ใจ	khi tok chai	kīˋ dokˇ jai	容易嚇到	engine-auto	
初 5-總複習	ขี้ เมา	khi mao	kīˋ māu	愛喝酒（酒鬼）	engine-auto	
初 5-總複習	นิสัย ของ พวก เรา มี อะไร บ้าง	nisai khong phuak rao mi arai bang	ni~ saiˊ kɔ̄ngˊ pūakˋ rāu mī aˇ rai bhāngˋ	我們的個性有哪些	engine-auto	
初 5-總複習	กลัว ผี	klua phi	glūa pīˊ	怕鬼	engine-auto	
初 5-總複習	กลัว พูด	klua phut	glūa pūtˋ	害怕說	engine-auto	
初 5-總複習	กลัว พูด ผิด	klua phut phit	glūa pūtˋ pitˇ	怕說錯	engine-auto	
初 5-總複習	เรียน ที่ ไหน	rian thi nai	rīan tīˋ naiˊ	在哪裡學的	engine-auto	
初 5-總複習	น่า อาย	na ai	nāˋ āi	丟臉（不好意思）	engine-auto	
初 5-總複習	น่า สน ใจ	na son chai	nāˋ sonˊ jai	有趣（吸引人）	derived	
初 5-總複習	น่า เป็น ห่วง	na pen huang	nāˋ ben hūangˇ	令人擔心	derived	
初 5-總複習	น่า สงสาร	na song san	nāˋ songˊ sānˊ	可憐	derived	
初 5-總複習	น่า เสีย ดาย	na sia dai	nāˋ sīaˊ dhāi	可惜	engine-auto	
初 5-總複習	อากาศ	akat	ā gātˇ	天氣	book-exact	(book-exact已用引擎重新驗證)
初 5-總複習	ช่วง นี้ อากาศ เป็น อย่าง ไร	chuang ni akat pen yang rai	chūangˋ nī~ ā gātˇ ben yāngˋ rai	最近天氣如何	engine-auto	
初 5-總複習	ช่วง นี้ อากาศ เป็น ยัง ไง	chuang ni akat pen yang ngai	chūangˋ nī~ ā gātˇ ben yang ngai	最近天氣怎麼樣	engine-auto	
初 5-總複習	เดี๋ยว ร้อน เดี๋ยว หนาว	diao ron diao nao	dhīauˊ rɔ̄n~ dhīauˊ nāuˊ	忽冷忽熱	engine-auto	
初 5-總複習	เดี๋ยว ฝน ตก	diao fon tok	dhīauˊ fonˊ dokˇ	一下子下雨	derived	
初 5-總複習	เดี๋ยว ฝน ไม่ ตก	diao fon mai tok	dhīauˊ fonˊ maiˋ dokˇ	一下子不下雨	derived	
初 5-總複習	ฤดู	ruedu	rɯ dhū	季節	derived	
初 5-總複習	หน้า ร้อน	na ron	nāˋ rɔ̄n~	夏天	engine-auto	
初 5-總複習	หน้า ฝน	na fon	nāˋ fonˊ	雨季	derived	
初 5-總複習	หน้า หนาว	na nao	nāˋ nāuˊ	冬天	engine-auto	
初 5-總複習	ฤดู ใบ ไม้ ผลิ	ruedu bai mai phli	rɯ dhū bhai mai~ pliˇ	春天	derived	
初 5-總複習	ฤดู ใบ ไม้ ร่วง	ruedu bai mai ruang	rɯ dhū bhai mai~ rūangˋ	秋天	derived	
初 5-總複習	หน้า ทุเรียน	na thurian	nāˋ tu~ rīan	榴槤季	engine-auto	
初 5-總複習	ฤดู ทุเรียน	ruedu thurian	rɯ dhū tu~ rīan	榴槤季（ฤดู）	derived	
初 5-總複習	หน้า มะม่วง	na mamuang	nāˋ ma~ mūangˋ	芒果季	engine-auto	
初 5-總複習	ฤดู มะม่วง	ruedu mamuang	rɯ dhū ma~ mūangˋ	芒果季（ฤดู）	derived	
初 5-總複習	มี ผลไม้ อะไร บ้าง ที่ ชอบ กิน	mi phonlamai arai bang thi chop kin	mī ponˊ mai~ aˇ rai bhāngˋ tīˋ chɔ̄pˋ gin	有哪些喜歡吃的水果	derived	
初 5-總複習	หน้า มังคุด	na mangkhut	nāˋ mang kut~	山竹季	engine-auto	
初 5-總複習	หน้า ร้อน ที่ เมือง ไทย	na ron thi mueang thai	nāˋ rɔ̄n~ tīˋ mɯ̄ang tai	泰國的夏天	engine-auto	
初 5-總複習	หน้า ผลไม้	na phonlamai	nāˋ ponˊ mai~	水果季	derived	
初 5-總複習	อากาศ เย็น	akat yen	ā gātˇ yen	天氣涼	engine-auto	
初 5-總複習	เย็น สบาย	yen sabai	yen saˇ bhāi	涼爽	engine-auto	
初 5-總複習	อากาศ เย็น สบาย	akat yen sabai	ā gātˇ yen saˇ bhāi	天氣涼爽	engine-auto	
初 5-總複習	แห้ง	haeng	hɛ̄ngˋ	乾	engine-auto	
初 5-總複習	แห้ง แล้ง	haeng laeng	hɛ̄ngˋ lɛ̄ng~	乾燥（乾旱）	engine-auto	
初 5-總複習	ชื้น	chuen	chɯ̄n~	潮濕	engine-auto	
初 5-總複習	อบ อ้าว	op ao	opˇ āuˋ	悶熱	engine-auto	
初 5-總複習	ช่วง อากาศ เปลี่ยน	chuang akat plian	chūangˋ ā gātˇ blīanˇ	天氣變化的時期	engine-auto	
初 5-總複習	ระวัง	rawang	ra~ wang	小心	engine-auto	
初 5-總複習	ระวัง เป็น ไข้	rawang pen khai	ra~ wang ben kaiˋ	小心發燒	engine-auto	
初 5-總複習	ระวัง เป็น หวัด	rawang pen wat	ra~ wang ben watˇ	小心感冒	engine-auto	
初 5-總複習	พายุ	phayu	pā yu~	暴風雨	book-exact	(book-exact已用引擎重新驗證)
初 5-總複習	ใต้ ฝุ่น	taifun	daiˋ funˇ	颱風	engine-auto	
初 5-總複習	แผ่น ดิน ไหว	phaendin wai	pɛ̄nˇ dhin waiˊ	地震	book-exact	(book-exact已用引擎重新驗證)
初 5-總複習	น้ำ ท่วม	nam thuam	nām~ tūamˋ	淹水	engine-auto	
初 5-總複習	ภู เขา ไฟ ระเบิด	phukhaofai raboet	pū kāuˊ fai ra~ bhə̄tˇ	火山爆發	book-exact	(book-exact已用引擎重新驗證)
初 5-總複習	พระ อาทิตย์	phra athit	pra~ ā tit~	太陽	book-exact	(book-exact已用引擎重新驗證)
初 5-總複習	พระ อาทิตย์ ขึ้น	phra athit khuen	pra~ ā tit~ kɯnˋ	日出	engine-auto	
初 5-總複習	พระ อาทิตย์ ตก	phra athit tok	pra~ ā tit~ dokˇ	日落	engine-auto	
初 5-總複習	ทิศ	thit	tit~	方向	engine-auto	
初 5-總複習	ทิศ ตะวัน ออก	thit tawan ok	tit~ daˇ wan ɔ̄kˇ	東方	engine-auto	
初 5-總複習	ทิศ เหนือ	thit nuea	tit~ nɯ̄aˊ	北方	engine-auto	
初 5-總複習	ทิศ ใต้	thit tai	tit~ daiˋ	南方	engine-auto	
初 5-總複習	ตะวัน ตก	tawan tok	daˇ wan dokˇ	西方	engine-auto	
初 5-總複習	ทิศ ตะวัน ตก	thit tawan tok	tit~ daˇ wan dokˇ	西方（方向）	engine-auto	
初 5-總複習	พระ จันทร์	phra chan	pra~ jan	月亮	book-exact	(book-exact已用引擎重新驗證)
初 5-總複習	เต็ม ดวง	tem duang	dem dhūang	滿月（圓）	engine-auto	
初 5-總複習	ครึ่ง ดวง	khrueng duang	krɯngˋ dhūang	半月	engine-auto	
初 5-總複習	พระ จันทร์ ครึ่ง ดวง	phra chan khrueng duang	pra~ jan krɯngˋ dhūang	半個月亮	derived	
初 5-總複習	พระ จันทร์ เต็ม ดวง	phra chan tem duang	pra~ jan dem dhūang	滿月	derived	
初 5-總複習	ดวง ดาว	duang dao	dhūang dhāu	星星	engine-auto	
初 5-總複習	ดวง ขึ้น	duang khuen	dhūang kɯnˋ	走運	engine-auto	
初 5-總複習	ดวง ตก	duang tok	dhūang dokˇ	倒楣	engine-auto	
初 5-總複習	ฟ้า ร้อง	fa rong	fā~ rɔ̄ng~	打雷	engine-auto	
初 5-總複習	ฟ้า ผ่า	fa pha	fā~ pāˇ	閃電（劈下）	engine-auto	
初 5-總複習	ลม	lom	lom	風	derived	
初 5-總複習	ลม แรง	lom raeng	lom rɛ̄ng	風大	derived	
初 5-總複習	ลม หนาว	lom nao	lom nāuˊ	冷風	derived	
初 5-總複習	ลม ร้อน	lom ron	lom rɔ̄n~	熱風	derived	
初 5-總複習	ฝน ตก	fon tok	fonˊ dokˇ	下雨	derived	
初 5-總複習	ฝน ตก หนัก	fon tok nak	fonˊ dokˇ nakˇ	下大雨	derived	
初 5-總複習	ฝน ตก แรง	fon tok raeng	fonˊ dokˇ rɛ̄ng	雨下得大	derived	
初 5-總複習	หิมะ	hima	hiˇ ma~	雪	engine-auto	
初 5-總複習	หิมะ ตก	hima tok	hiˇ ma~ dokˇ	下雪	engine-auto	
初 5-總複習	หมอก	mok	mɔ̄kˇ	霧	engine-auto	
初 5-總複習	เมฆ	mek	mēkˋ	雲	engine-auto	
初 5-總複習	เมฆ เยอะ	mek yoe	mēkˋ yə~	多雲	engine-auto	
初 5-總複習	หมอก เยอะ	mok yoe	mɔ̄kˇ yə~	多霧	engine-auto	
初 5-總複習	ไฟ ไหม้	fai mai	fai maiˋ	火災	engine-auto	
初 5-總複習	สึนามิ	sunami	sɯˇ nā mi~	海嘯	engine-auto	
初 5-總複習	ตาก ลม	tak lom	dākˇ lom	吹風	derived	
初 5-總複習	ตาก ฝน	tak fon	dākˇ fonˊ	淋雨	derived	
初 5-總複習	ตาก แดด	tak daet	dākˇ dhɛ̄tˇ	曬太陽	engine-auto	
初 5-總複習	เสื้อ กัน แดด	suea kan daet	sɯ̄aˋ gan dhɛ̄tˇ	防曬外套	engine-auto	
初 5-總複習	เสื้อ กัน หนาว	suea kan nao	sɯ̄aˋ gan nāuˊ	禦寒外套	engine-auto	
初 5-總複習	เสื้อ กัน ฝน	suea kan fon	sɯ̄aˋ gan fonˊ	雨衣	derived	
初 5-總複習	แว่น กัน แดด	waen kan daet	wɛ̄nˋ gan dhɛ̄tˇ	太陽眼鏡	engine-auto	
初 5-總複習	ครีม กัน แดด	khrim kan daet	krīm gan dhɛ̄tˇ	防曬乳	engine-auto	
初 5-總複習	หมวก กัน น็อค	muak kan nok	mūakˇ gan nɔ̄kˋ	安全帽	engine-auto	
初 5-總複習	ระวัง รถ	rawang rot	ra~ wang rot~	小心車	engine-auto	
初 5-總複習	ระวัง คน	rawang khon	ra~ wang kon	小心人	engine-auto	
初 5-總複習	ระวัง ถูก หลอก	rawang thuk lok	ra~ wang tūkˇ lɔ̄kˇ	小心被騙	engine-auto	
初 5-總複習	ตาย แน่ ๆ	tai nae nae	dāi nɛ̄ˋ nɛ̄ˋ	死定了	engine-auto	
初 5-總複習	ชัวร์	chua	chūa	確定	engine-auto	
初 5-總複習	ไม่ ชัวร์	mai chua	maiˋ chūa	不確定	engine-auto	
初 5-總複習	ตก ใจ แน่ ๆ	tok chai nae nae	dokˇ jai nɛ̄ˋ nɛ̄ˋ	肯定會嚇到	engine-auto	
初 5-總複習	ตก ใจ หมด เลย	tok chai mot loei	dokˇ jai motˇ lə̄i	嚇死我了	book-exact	(book-exact已用引擎重新驗證)
初 5-總複習	คิด มาก	khit mak	kit~ mākˋ	想太多	engine-auto	
初 5-總複習	อย่า คิด มาก	ya khit mak	yāˋ kit~ mākˋ	別想太多	engine-auto	
初 5-總複習	เลือด	lueat	lɯ̄atˋ	血	book-exact	(book-exact已用引擎重新驗證)
初 5-總複習	เลือด ไหล	lueat lai	lɯ̄atˋ laiˊ	流血	engine-auto	
初 5-總複習	เหงื่อ	nguea	ngɯ̄aˇ	汗	engine-auto	
初 5-總複習	เหงื่อ ไหล	nguea lai	ngɯ̄aˇ laiˊ	流汗	engine-auto	
初 5-總複習	สุขภาพ ไม่ แข็ง แรง	sukhaphap mai khaeng raeng	sukˇ pāpˋ maiˋ kɛngˊ rɛ̄ng	身體不健康	engine-auto	
初 5-總複習	ปวด หัว	puat hua	būatˇ hūaˊ	頭痛	engine-auto	
初 5-總複習	เหม็น มาก	men mak	menˊ mākˋ	很臭	engine-auto	
初 5-總複習	ไม่ มี เวลา	mai mi wela	maiˋ mī wē lā	沒時間	engine-auto	
初 5-總複習	อาบ น้ำ แล้ว ก็ นอน	ap nam laeo ko non	āpˇ nām~ lɛ̄u~ gɔ̄ˋ nɔ̄n	洗澡然後睡覺	engine-auto	
初 5-總複習	ผิว ดำ	phiu dam	piwˊ dham	皮膚黑	engine-auto	
初 5-總複習	ผิว ขาว	phiu khao	piwˊ kāuˊ	皮膚白	engine-auto	
初 5-總複習	ภาค กลาง	phak klang	pākˋ glāng	中部	engine-auto	
初 5-總複習	ภาค เหนือ	phak nuea	pākˋ nɯ̄aˊ	北部	engine-auto	
初 5-總複習	ภาค อีสาน	phak isan	pākˋ ī sānˊ	東北	engine-auto	
初 5-總複習	ภาค ใต้	phak tai	pākˋ daiˋ	南部	engine-auto	
初 5-總複習	อยู่ ใกล้ พระ อาทิตย์	yu klai phra athit	yūˋ glaiˋ pra~ ā tit~	離太陽近	engine-auto	
初 5-總複習	ทำ งาน หนัก	tham ngan nak	tam ngān nakˇ	工作繁重	engine-auto	
初 5-總複習	ทำ งาน ข้าง นอก	tham ngan khang nok	tam ngān kāngˋ nɔ̄kˋ	在外面工作	engine-auto	
初 5-總複習	ข้าง ๆ	khang khang	kāngˋ kāngˋ	旁邊	engine-auto	
初 5-總複習	ข้าง บ้าน	khang ban	kāngˋ bhānˋ	隔壁	engine-auto	
初 5-總複習	รู้สึก แปลก ๆ	ru suek plaek plaek	rū~ sɯkˇ blɛ̄kˇ blɛ̄kˇ	覺得怪怪的	engine-auto	
初 5-總複習	เมื่อ ก่อน	muea kon	mɯ̄aˋ gɔ̄nˇ	以前	book-exact	(book-exact已用引擎重新驗證)
初 5-總複習	แปลก ๆ	plaek plaek	blɛ̄kˇ blɛ̄kˇ	怪怪的	engine-auto	
初 5-總複習	แช่ เย็น	chae yen	chɛ̄ˋ yen	冷藏	engine-auto	
初 5-總複習	ตู้ เย็น	tu yen	dūˋ yen	冰箱	engine-auto	
初 5-總複習	ไม่ อย่าง นั้น	mai yang nan	maiˋ yāngˋ nan~	否則	engine-auto	
初 5-總複習	ไม่ อร่อย	mai aroi	maiˋ aˇ rɔ̄iˋ	不好吃	engine-auto	
初 5-總複習	เกลือ	kluea	glɯ̄a	鹽	engine-auto	
初 5-總複習	แกง จืด	kaeng chuet	gɛ̄ng jɯ̄tˇ	清湯	engine-auto	
初 5-總複習	รส ชาติ	rot chat	rot~ chātˋ	味道	book-exact	(book-exact已用引擎重新驗證)
初 5-總複習	รส อร่อย	rot aroi	rot~ aˇ rɔ̄iˋ	好吃的味道	derived	
初 5-總複習	รส เผ็ด	rot phet	rot~ petˇ	辣味	derived	
初 5-總複習	รส หวาน	rot wan	rot~ wānˊ	甜味	derived	
初 5-總複習	รส เค็ม	rot khem	rot~ kem	鹹味	derived	
初 5-總複習	ต่าง กัน	tang kan	dāngˇ gan	不同	engine-auto	
初 5-總複習	เผ็ด นิด หน่อย	phet nit noi	petˇ nit~ nɔ̄iˇ	有點辣	engine-auto	
初 5-總複習	พริก 1 เม็ด	phrik nueng met	prik~ 1 met~	一顆辣椒	engine-auto	
初 5-總複習	ห้าม เข้า	ham khao	hāmˋ kāuˋ	禁止進入	engine-auto	
初 5-總複習	อย่า เข้า	ya khao	yāˋ kāuˋ	不要進去	engine-auto	
初 5-總複習	รอง เท้า แตะ	rong thao tae	rɔ̄ng tāu~ dɛˇ	拖鞋	engine-auto	
初 5-總複習	ห้าม มา สาย	ham ma sai	hāmˋ mā sāiˊ	禁止遲到	engine-auto	
初 5-總複習	ห้าม สูบ บุหรี่	ham sup buri	hāmˋ sūpˇ bhuˇ rīˇ	禁止吸菸	engine-auto	
初 5-總複習	ห้าม ถ่าย รูป	ham thai rup	hāmˋ tāiˇ rūpˋ	禁止拍照	engine-auto	
初 5-總複習	ห้าม ทำ แบบ นี้	ham tham baep ni	hāmˋ tam bhɛ̄pˇ nī~	禁止這樣做	engine-auto	
初 5-總複習	ทำ แบบ นี้	tham baep ni	tam bhɛ̄pˇ nī~	這樣做	engine-auto	
初 5-總複習	ตื่น นอน	tuen non	dɯ̄nˇ nɔ̄n	起床	engine-auto	
初 5-總複習	แปรง ฟัน	praeng fan	brɛ̄ng fan	刷牙	engine-auto	
初 5-總複習	หวี ผม	wi phom	wīˊ pomˊ	梳頭髮	book-exact	(book-exact已用引擎重新驗證)
初 5-總複習	แต่ง ตัว สวย	taeng tua suai	dɛ̄ngˇ dūa sūayˊ	打扮漂亮	engine-auto	
初 5-總複習	แต่ง หน้า	taeng na	dɛ̄ngˇ nāˋ	化妝	book-exact	(book-exact已用引擎重新驗證)
初 5-總複習	รีบ ออก จาก บ้าน	rip ok chak ban	rīpˋ ɔ̄kˇ jākˇ bhānˋ	趕快出門	book-exact	(book-exact已用引擎重新驗證)
初 5-總複習	วิ่ง ขึ้น รถ	wing khuen rot	wingˋ kɯnˋ rot~	跑上車	book-exact	(book-exact已用引擎重新驗證)
初 5-總複習	โชค ดี ที่ มา ทัน	chok di thi ma than	chōkˋ dhī tīˋ mā tan	幸好趕上	book-exact	(book-exact已用引擎重新驗證)
初 5-總複習	แต่ง บ้าน	taeng ban	dɛ̄ngˇ bhānˋ	佈置家裡	engine-auto	
初 5-總複習	แต่ง รถ	taeng rot	dɛ̄ngˇ rot~	改裝車	engine-auto	
初 5-總複習	แต่ง หน้า อ่อน	taeng na on	dɛ̄ngˇ nāˋ ɔ̄nˇ	化淡妝	engine-auto	
初 5-總複習	แต่ง หน้า เข้ม	taeng na khem	dɛ̄ngˇ nāˋ kēmˋ	化濃妝	engine-auto	
初 5-總複習	แต่ง หน้า จัด	taeng na chat	dɛ̄ngˇ nāˋ jatˇ	化大濃妝	engine-auto	
初 5-總複習	แต่ง ตัว	taeng tua	dɛ̄ngˇ dūa	打扮	book-exact	(book-exact已用引擎重新驗證)
初 5-總複習	แต่ง ตัว เปรี้ยว	taeng tua priao	dɛ̄ngˇ dūa brīauˋ	穿著火辣	engine-auto	
初 5-總複習	แต่ง ตัว เซ็กซี่	taeng tua seksi	dɛ̄ngˇ dūa sek~ sīˋ	穿著性感	engine-auto	
初 5-總複習	ทัน สมัย	than samai	tan saˇ maiˊ	時髦	derived	
初 5-總複習	แต่ง ตัว ทัน สมัย	taeng tua than samai	dɛ̄ngˇ dūa tan saˇ maiˊ	穿著時髦	derived	
初 5-總複習	แต่ง ตัว เชย	taeng tua choei	dɛ̄ngˇ dūa chə̄i	穿著俗氣	engine-auto	
初 5-總複習	แต่ง ตัว สุภาพ	taeng tua suphap	dɛ̄ngˇ dūa suˇ pāpˋ	穿著端莊	engine-auto	
初 5-總複習	ไม่ เห็น ถูก เลย	mai hen thuk loei	maiˋ henˊ tūkˇ lə̄i	根本不覺得便宜	engine-auto	
初 5-總複習	ไม่ เห็น สวย เลย	mai hen suai loei	maiˋ henˊ sūayˊ lə̄i	根本不覺得漂亮	engine-auto	
初 5-總複習	ไม่ เห็น เก่ง เลย	mai hen keng loei	maiˋ henˊ gēngˇ lə̄i	根本不覺得厲害	engine-auto	
初 5-總複習	ไม่ เห็น อร่อย เลย	mai hen aroi loei	maiˋ henˊ aˇ rɔ̄iˋ lə̄i	根本不覺得好吃	engine-auto	
初 5-總複習	ไม่ เห็น สนุก เลย	mai hen sanuk loei	maiˋ henˊ saˇ nuk~ lə̄i	根本不覺得好玩	engine-auto	
初 5-總複習	ไม่ เห็น เป็น ไร เลย	mai hen pen rai loei	maiˋ henˊ ben rai lə̄i	根本沒關係	engine-auto	
初 5-總複習	ไม่ เห็น มี อะไร น่า ซื้อ เลย	mai hen mi arai na suea loei	maiˋ henˊ mī aˇ rai nāˋ sɯ̄~ lə̄i	根本沒有什麼好買的	engine-auto	
初 5-總複習	แช่	chae	chɛ̄ˋ	泡	engine-auto	
初 5-總複習	แช่ น้ำ อุ่น	chae nam un	chɛ̄ˋ nām~ unˇ	泡溫水	engine-auto	
初 5-總複習	แช่ เท้า	chae thao	chɛ̄ˋ tāu~	泡腳	engine-auto	
初 5-總複習	แช่ ตู้ เย็น	chae tu yen	chɛ̄ˋ dūˋ yen	放冰箱	engine-auto	
初 5-總複習	อาหาร แช่ แข็ง	ahan chae khaeng	ā hānˊ chɛ̄ˋ kɛngˊ	冷凍食品	engine-auto	
初 5-總複習	กรุงเทพ	krung thep	grung tēpˋ	曼谷	engine-auto	
初 5-總複習	ถนน ข้าว สาร	thanon khao san	taˇ non kāuˋ sānˊ	考山路	book-exact	(book-exact已用引擎重新驗證)
初 5-總複習	เยาวราช	yaowarat	yāuu rātˋ	耀華力路（唐人街）	engine-auto	
初 5-總複習	สถานี ขน ส่ง	sathani khon song	saˇ tāˊ nī konˊ songˇ	客運站	book-exact	(book-exact已用引擎重新驗證)
初 5-總複習	แม่ น้ำ	mae nam	mɛ̄ˋ nām~	河流	engine-auto	
初 5-總複習	สะพาน	saphan	saˇ pān	橋	book-exact	(book-exact已用引擎重新驗證)
初 5-總複習	ตลาด น้ำ	talat nam	daˇ lātˋ nām~	水上市場	engine-auto	
初 5-總複習	น้ำ ตก	nam tok	nām~ dokˇ	瀑布	engine-auto	
初 5-總複習	ทะเล	thale	ta~ lē	海（海灘）	engine-auto	
中 1-1	เป็นอะไร	pen arai	ben aˇ rai	怎麼了？	engine-auto	
中 1-1	สีหน้าดูแปลกๆ	si na du plaek plaek	sīˊ nāˋ dhū blɛ̄kˇ blɛ̄kˇ	臉色看起來怪怪的	engine-auto	
中 1-1	ไม่สบายหรือเปล่า	mai sabai rue plao	maiˋ saˇ bhāi rɯ̄ˊ blāuˇ	是不是不舒服呢？	engine-auto	
中 1-1	ช่วงนี้เป็นยังไงบ้าง	chuang ni pen yang ngai bang	chūangˋ nī~ ben yang ngai bhāngˋ	最近怎麼樣呢？	engine-auto	
中 1-1	คุณสบายดีไหม	khun sabai di mai	kun saˇ bhāi dhī maiˊ	你好嗎？	engine-auto	
中 1-1	ธุรกิจเป็นยังไงบ้าง	thu ra kit pen yang ngai bang	tun gitˇ ben yang ngai bhāngˋ	生意如何？	engine-auto	
中 1-1	ขายดีไหม	khai di mai	kāiˊ dhī maiˊ	賣得好嗎？	engine-auto	
中 1-1	ขายไม่ค่อยดี	khai mai khoi di	kāiˊ maiˋ kɔ̄iˋ dhī	賣得不太好	engine-auto	
中 1-1	เป็นไปได้	pen pai dai	ben bai dhaiˋ	有可能	engine-auto	
中 1-1	เป็นไปไม่ได้	pen pai mai dai	ben bai maiˋ dhaiˋ	不可能	book-exact	(book-exact已用引擎重新驗證)
中 1-1	พรุ่งนี้ไทเปหิมะจะตกเป็นไปได้ไหม	phrung ni thai pe hi ma cha tok pen pai dai mai	prungˋ nī~ tai bē hiˇ ma~ jaˇ dokˇ ben bai dhaiˋ maiˊ	明天台北下雪有可能嗎？	engine-auto	
中 1-1	ภูเขาไฟระเบิด	phu khao fai ra boet	pū kāuˊ fai ra~ bhə̄tˇ	火山爆發	book-exact	(book-exact已用引擎重新驗證)
中 1-1	ถ้าพรุ่งนี้ภูเขาไฟระเบิดเป็นไปได้ไหมคะ	tha phrung ni phu khao fai ra boet pen pai dai mai kha	tāˋ prungˋ nī~ pū kāuˊ fai ra~ bhə̄tˇ ben bai dhaiˋ maiˊ ka~	如果明天火山爆發有可能嗎？	engine-auto	
中 1-1	อะไรอะไรก็เป็นไปได้	a rai a rai ko pen pai dai	aˇ rai aˇ rai gɔ̄ˋ ben bai dhaiˋ	什麼都有可能	engine-auto	
中 1-1	แผ่นดินไหว	phaen din wai	pɛ̄nˇ dhin waiˊ	地震	book-exact	(book-exact已用引擎重新驗證)
中 1-1	พรุ่งนี้แผ่นดินไหวเป็นไปได้ไหม	phrung ni phaen din wai pen pai dai mai	prungˋ nī~ pɛ̄nˇ dhin waiˊ ben bai dhaiˋ maiˊ	明天地震有可能嗎？	engine-auto	
中 1-1	ที่ไหนไหนเป็นไปได้	thi nai nai pen pai dai	tīˋ naiˊ naiˊ ben bai dhaiˋ	哪裡都有可能	engine-auto	
中 1-1	เป็นไข้กี่วันแล้ว	pen khai ki wan laeo	ben kaiˋ gīˇ wan lɛ̄u~	發燒幾天了？	engine-auto	
中 1-1	มีไข้	mi khai	mī kaiˋ	發燒	engine-auto	
中 1-1	มีไข้สองสามวันแล้ว	mi khai song sam wan laeo	mī kaiˋ sɔ̄ngˊ sāmˊ wan lɛ̄u~	發燒兩三天了	engine-auto	
中 1-1	ไข้สูง	khai sung	kaiˋ sūngˊ	高燒	engine-auto	
中 1-1	ไข้สูงกี่องศา	khai sung ki ong sa	kaiˋ sūngˊ gīˇ ong sāˊ	高燒幾度？	derived	
中 1-1	เป็นเพื่อน	pen phuean	ben pɯ̄anˋ	陪、作伴	engine-auto	
中 1-1	ไปซื้อของเป็นเพื่อนหน่อย	pai sue khong pen phuean noi	bai sɯ̄~ kɔ̄ngˊ ben pɯ̄anˋ nɔ̄iˇ	陪我去買東西一下	engine-auto	
中 1-1	ไปเป็นเพื่อนไหม	pai pen phuean mai	bai ben pɯ̄anˋ maiˊ	要陪（我）去嗎？	engine-auto	
中 1-1	ไปดูหนังเป็นเพื่อนหน่อย	pai du nang pen phuean noi	bai dhū nangˊ ben pɯ̄anˋ nɔ̄iˇ	陪我看電影一下	engine-auto	
中 1-1	ผมเป็นห่วงคุณนะครับ	phom pen huang khun na khrap	pomˊ ben hūangˇ kun na~ krap~	我好擔心你喔（男用）	derived	
中 1-1	ฉันเป็นห่วงคุณนะคะ	chan pen huang khun na kha	chanˊ ben hūangˇ kun na~ ka~	我好擔心你喔（女用）	derived	
中 1-1	ไม่ต้องเป็นห่วงนะ ฉันสบายดี	mai tong pen huang na chan sabai di	maiˋ dɔ̄ngˋ ben hūangˇ na~ chanˊ saˇ bhāi dhī	不用擔心，我很好	derived	
中 1-1	ผมห่วงคุณนะ	phom huang khun na	pomˊ hūangˇ kun na~	我擔心你喔	derived	
中 1-1	ไม่ต้องห่วง	mai tong huang	maiˋ dɔ̄ngˋ hūangˇ	不用擔心	derived	
中 1-1	เขาเป็นหนี้ฉัน	khao pen ni chan	kāuˊ ben nīˋ chanˊ	他欠我錢	engine-auto	
中 1-1	เขาเป็นหนี้ฉันห้าร้อยบาท	khao pen ni chan ha roi bat	kāuˊ ben nīˋ chanˊ hāˋ rɔ̄i~ bhātˇ	他欠我五百泰銖	engine-auto	
中 1-1	เขาเป็นหนี้เยอะ น่าสงสาร	khao pen ni yoe na song san	kāuˊ ben nīˋ yə~ nāˋ songˊ sānˊ	他欠債很多，好可憐	derived	
中 1-1	ตั้งใจฟังนะ	tang chai fang na	dangˋ jai fang na~	專心聽喔	engine-auto	
中 1-1	ภาษาไทยน่าสนใจ	pha sa thai na son chai	pā sāˊ tai nāˋ sonˊ jai	泰語很有趣	derived	
中 1-1	ภาษาไทยน่าสนใจไหมคะ	pha sa thai na son chai mai kha	pā sāˊ tai nāˋ sonˊ jai maiˊ ka~	泰語有趣嗎？	derived	
中 1-1	ภาษาอังกฤษก็น่าสนใจ	pha sa ang krit ko na son chai	pā sāˊ ang gritˇ gɔ̄ˋ nāˋ sonˊ jai	英語也很有趣	derived	
中 1-1	เรื่องนี้น่าสนใจ	rueang ni na son chai	rɯ̄angˋ nī~ nāˋ sonˊ jai	這件事很有趣	derived	
中 1-1	สนุก	sa nuk	saˇ nuk~	有趣、好玩	engine-auto	
中 1-1	คนแก่บางคน ขี้บ่น	khon gae bang khon khi bon	kon gɛ̄ˇ bhāng kon kīˋ bhonˇ	一些老人愛抱怨	derived	
中 1-1	บ่นไม่หยุด	bon mai yut	bhonˇ maiˋ yutˇ	抱怨不停	derived	
中 1-1	บ่นทั้งวัน	bon thang wan	bhonˇ tang~ wan	整天抱怨	derived	
中 1-1	สงสัย	song sai	songˊ saiˊ	懷疑、好奇	derived	
中 1-1	ถ้ามีอะไรสงสัย ถามได้นะ	tha mi arai song sai tham dai na	tāˋ mī aˇ rai songˊ saiˊ tāmˊ dhaiˋ na~	如果你有什麼疑問可以問喔	derived	
中 1-1	ฉันสงสัยว่าทำไมเขารวยอย่างนี้	chan song sai wa thammai khao ruai yang ni	chanˊ songˊ saiˊ wāˋ tam mai kāuˊ rūay yāngˋ nī~	我好奇為什麼他那麼富有	derived	
中 1-1	นิสัยของเขา ซื่อมาก	nisai khong khao sue mak	ni~ saiˊ kɔ̄ngˊ kāuˊ sɯ̄ˋ mākˋ	他的個性很老實	engine-auto	
中 1-1	เถ้าแก่ไม่ซื่อ อย่าเชื่อเขา	thao gae mai sue ya chuea khao	tāuˋ gɛ̄ˇ maiˋ sɯ̄ˋ yāˋ chɯ̄aˋ kāuˊ	老闆不老實，不要相信他	engine-auto	
中 1-1	ฤดู	rue du	rɯ dhū	季節	derived	
中 1-1	ฤดูใบไม้ผลิ	rue du bai mai phli	rɯ dhū bhai mai~ pliˇ	春天	derived	
中 1-1	ฤดูร้อน	rue du ron	rɯ dhū rɔ̄n~	夏天	derived	
中 1-1	ฤดูฝน	rue du fon	rɯ dhū fonˊ	雨季	derived	
中 1-1	ฤดูใบไม้ร่วง	rue du bai mai ruang	rɯ dhū bhai mai~ rūangˋ	秋天	derived	
中 1-1	ผมร่วง	phom ruang	pomˊ rūangˋ	掉頭髮	engine-auto	
中 1-1	ฤดูหนาว	rue du nao	rɯ dhū nāuˊ	冬天	derived	
中 1-1	คุณคิดว่าไปเที่ยวฤดูไหนดีนะ	khun khit wa pai thiao rue du nai di na	kun kit~ wāˋ bai tīauˋ rɯ dhū naiˊ dhī na~	你覺得去旅遊哪個季節好呢	derived	
中 1-1	หน้าร้อน	na ron	nāˋ rɔ̄n~	夏天（口語）	engine-auto	
中 1-1	ช่วงฤดูร้อน อุณหภูมิกี่องศา	chuang rue du ron un haphum gi ong sa	chūangˋ rɯ dhū rɔ̄n~ uˇ na~ pūm gīˇ ong sāˊ	夏季時，氣溫是幾度呢	derived	
中 1-1	อุณหภูมิ 35 ถึง 40 องศา	un haphum sam sip ha thueng si sip ong sa	uˇ na~ pūm 35 tɯngˊ 40 ong sāˊ	氣溫 35 到 40 度	derived	
中 1-1	แรง	raeng	rɛ̄ng	強、有力	engine-auto	
中 1-1	ลมแรง	lom raeng	lom rɛ̄ng	風很大	derived	
中 1-1	ชินจูลมแรงไหม	shin chu lom raeng mai	chin jū lom rɛ̄ng maiˊ	新竹風大嗎	derived	
中 1-1	แผ่นดินไหวครั้งนี้แรงมาก	phaen din wai khrang ni raeng mak	pɛ̄nˇ dhin waiˊ krang~ nī~ rɛ̄ng mākˋ	這次地震很大（強）	engine-auto	
中 1-1	ไต้หวัน อากาศชื้นมาก	tai wan a gat chuen mak	daiˋ wanˊ ā gātˇ chɯ̄n~ mākˋ	台灣天氣很潮濕	engine-auto	
中 1-1	เสื้อยังชื้นอยู่	suea yang chuen yu	sɯ̄aˋ yang chɯ̄n~ yūˋ	衣服還濕濕（潮濕）的	engine-auto	
中 1-1	ตาก	tak	dākˇ	晾、淋、曬	engine-auto	
中 1-1	ตากฝน ระวังเป็นหวัด	tak fon ra wang pen wat	dākˇ fonˊ ra~ wang ben watˇ	淋雨，小心感冒	derived	
中 1-1	ตากแดด	tak daet	dākˇ dhɛ̄tˇ	曬太陽	engine-auto	
中 1-1	ตากแดด ระวังผิวดำ	tak daet ra wang phiu dam	dākˇ dhɛ̄tˇ ra~ wang piwˊ dham	曬太陽，小心皮膚變黑	engine-auto	
中 1-1	ช่วยกันลดโลกร้อน	Chuai kan lot lok ron	chūayˋ gan lot~ lōkˋ rɔ̄n~	共同減少全球暖化	derived	
中 1-1	แช่ตู้เย็น	Chae tu yen	chɛ̄ˋ dūˋ yen	冰在冰箱	engine-auto	
中 1-1	ไม่เช่นนั้นเสียแน่ๆ	Mai chai nan sia nae nae	maiˋ chēnˋ nan~ sīaˊ nɛ̄ˋ nɛ̄ˋ	不然一定會壞掉	engine-auto	
中 1-1	ไม่เช่นนั้นเสียแน่นอน	Mai chai nan sia nae non	maiˋ chēnˋ nan~ sīaˊ nɛ̄ˋ nɔ̄n	不然絕對會壞掉	engine-auto	
中 1-1	เป็นหวัดน้ำมูกไหล	Pen wat nam muk lai	ben watˇ nām~ mūkˋ laiˊ	感冒流鼻水	engine-auto	
中 1-1	น้ำไม่ไหล	Nam mai lai	nām~ maiˋ laiˊ	沒水了	engine-auto	
中 1-1	ช่วยมาดูให้หน่อย	Chuai ma du hai noi	chūayˋ mā dhū haiˋ nɔ̄iˇ	請來幫我看一下	engine-auto	
中 1-1	ห้ามใส่กระโปรงสั้นเป็นอันขาด	Ham sai kra prong san pen an khat	hāmˋ saiˇ graˇ brōng sanˋ ben an kātˇ	絕對禁止穿短裙	engine-auto	
中 1-1	ห้ามใส่ขาสั้นเป็นอันขาด	Ham sai kha san pen an khat	hāmˋ saiˇ kāˊ sanˋ ben an kātˇ	絕對禁止穿短褲	engine-auto	
中 1-1	ห้ามใส่รองเท้าแตะเป็นอันขาด	Ham sai rong thao tae pen an khat	hāmˋ saiˇ rɔ̄ng tāu~ dɛˇ ben an kātˇ	絕對禁止穿拖鞋	engine-auto	
中 1-1	สุภาพ	Su phap	suˇ pāpˋ	得體、有禮貌	engine-auto	
中 1-1	แต่งตัวสุภาพ	Taeng tua su phap	dɛ̄ngˇ dūa suˇ pāpˋ	穿著得體	engine-auto	
中 1-1	เขาเป็นคนสุภาพ	Khao pen khon su phap	kāuˊ ben kon suˇ pāpˋ	他是個有禮貌的人	engine-auto	
中 1-1	ไม่เห็นสวยเลย	Mai hen suay loei	maiˋ henˊ sūayˊ lə̄i	一點也不漂亮	engine-auto	
中 1-1	ไม่เห็นสนุกเลย	Mai hen sanuk loei	maiˋ henˊ saˇ nuk~ lə̄i	一點也不好玩	engine-auto	
中 1-1	ไม่เห็นแก่เลย	Mai hen kae loei	maiˋ henˊ gɛ̄ˇ lə̄i	一點也不老	engine-auto	
中 1-1	ไม่เห็นสำคัญเลย	Mai hen sam khan loei	maiˋ henˊ samˊ kan lə̄i	一點也不重要	engine-auto	
中 1-1	คนแก่ตกใจง่าย	Khon kae tok chai ngai	kon gɛ̄ˇ dokˇ jai ngāiˋ	老人容易受驚嚇	engine-auto	
中 1-1	เขาเป็นโรคหัวใจ	Khao pen rok hua chai	kāuˊ ben rōkˋ hūaˊ jai	他有心臟病	engine-auto	
中 1-1	อย่าทำให้เขาตกใจ	Ya tham hai khao tok chai	yāˋ tam haiˋ kāuˊ dokˇ jai	不要嚇到他	engine-auto	
中 1-1	อุ๊ย ตกใจหมดเลย	Ui tok chai mot loei	ui~ dokˇ jai motˇ lə̄i	哎呀，嚇死我了	derived	
中 1-1	ว้าย ตกใจหมดเลย	Wai tok chai mot loei	wāi~ dokˇ jai motˇ lə̄i	哇，嚇死我了	derived	
中 1-1	คิดมาก	Khit mak	kit~ mākˋ	想太多	engine-auto	
中 1-1	คิดมากผมจะขาว	Khit mak phom cha khao	kit~ mākˋ pomˊ jaˇ kāuˊ	想太多頭髮會變白	engine-auto	
中 1-1	คิดมากก็ไม่มีประโยชน์	Khit mak ko mai mi pra yot	kit~ mākˋ gɔ̄ˋ maiˋ mī braˇ yōtˋ	想太多也沒用	engine-auto	
中 1-1	ตื่นนอน	Tuen non	dɯ̄nˇ nɔ̄n	起床	engine-auto	
中 1-1	ตื่นนอนกี่โมงคะ	Tuen non ki mong kha	dɯ̄nˇ nɔ̄n gīˇ mōng ka~	幾點起床呢	engine-auto	
中 1-1	อาบน้ำ	Ap nam	āpˇ nām~	洗澡	engine-auto	
中 1-1	อาบน้ำหรือยังคะ	Ap nam rue yang kha	āpˇ nām~ rɯ̄ˊ yang ka~	洗澡了嗎	engine-auto	
中 1-1	ล้างหน้า	Lang na	lāng~ nāˋ	洗臉	engine-auto	
中 1-1	คุณจะล้างหน้าก่อนหรืออาบน้ำก่อน	Khun cha lang na kon rue ap nam kon	kun jaˇ lāng~ nāˋ gɔ̄nˇ rɯ̄ˊ āpˇ nām~ gɔ̄nˇ	你要先洗臉還是先洗澡	engine-auto	
中 1-1	แปรงฟัน	Praeng fan	brɛ̄ng fan	刷牙	engine-auto	
中 1-1	ล้างหน้าหรือแปรงฟันก่อน	Lang na rue praeng fan kon	lāng~ nāˋ rɯ̄ˊ brɛ̄ng fan gɔ̄nˇ	先洗臉還是先刷牙	engine-auto	
中 1-1	ล้างหน้าก่อนแล้วก็ไปแปรงฟัน	Lang na kon laeo ko pai praeng fan	lāng~ nāˋ gɔ̄nˇ lɛ̄u~ gɔ̄ˋ bai brɛ̄ng fan	先洗臉然後去刷牙	engine-auto	
中 1-1	ตาก	Tak	dākˇ	曬、晾	engine-auto	
中 1-1	ตัด	Tat	datˇ	剪、切	engine-auto	
中 1-1	ตัดผม	Tat phom	datˇ pomˊ	剪頭髮	engine-auto	
中 1-1	ตัดเสื้อ	Tat suea	datˇ sɯ̄aˋ	裁衣服	engine-auto	
中 1-1	ตากเสื้อ	Tak suea	dākˇ sɯ̄aˋ	曬衣服	engine-auto	
中 1-1	ถึงเวลาเรียนต่อแล้วนะคะ	Thueng wela rian to laeo na kha	tɯngˊ wē lā rīan dɔ̄ˇ lɛ̄u~ na~ ka~	該上課了	engine-auto	
中 1-1	โรง	Rong	rōng	大空間/場所	book-exact	(book-exact已用引擎重新驗證)
中 1-1	โรงเรียน	Rong rian	rōng rīan	學校	engine-auto	
中 1-1	โรงเรียนชื่ออะไร	Rong rian chue arai	rōng rīan chɯ̄ˋ aˇ rai	你的學校叫什麼名字？	engine-auto	
中 1-1	รถโรงเรียน	Rot rong rian	rot~ rōng rīan	校車	engine-auto	
中 1-1	นั่งรถโรงเรียนไปโรงเรียนไหม	Nang rot rong rian pai rong rian mai	nangˋ rot~ rōng rīan bai rōng rīan maiˊ	坐校車去學校嗎？	engine-auto	
中 1-1	ไปโรงเรียนยังไง	Pai rong rian yangngai	bai rōng rīan yang ngai	怎麼去學校？	engine-auto	
中 1-1	นั่งเรือไปโรงเรียน	Nang ruea pai rong rian	nangˋ rɯ̄a bai rōng rīan	坐船去學校	engine-auto	
中 1-1	โรงงาน	Rong ngan	rōng ngān	工廠	engine-auto	
中 1-1	โรงงานเสื้อ	Rong ngan suea	rōng ngān sɯ̄aˋ	成衣廠	engine-auto	
中 1-1	โรงงานรองเท้า	Rong ngan rongthao	rōng ngān rɔ̄ng tāu~	鞋廠	engine-auto	
中 1-1	ไฟไหม้	Fai mai	fai maiˋ	失火/火災	engine-auto	
中 1-1	โรงงานไฟไหม้	Rong ngan fai mai	rōng ngān fai maiˋ	工廠失火	engine-auto	
中 1-1	น้ำท่วม	Nam thuam	nām~ tūamˋ	淹水	engine-auto	
中 1-1	โรงงานน้ำท่วม	Rong ngan nam thuam	rōng ngān nām~ tūamˋ	工廠淹水	engine-auto	
中 1-1	โรงแรม	Rong raem	rōng rɛ̄m	飯店	engine-auto	
中 1-1	อยู่โรงแรมไหน	Yu rong raem nai	yūˋ rōng rɛ̄m naiˊ	住在（哪一家）飯店？	engine-auto	
中 1-1	โรงแรมติดรถไฟฟ้า	Rong raem tit rot fai fa	rōng rɛ̄m ditˇ rot~ fai fā~	飯店在捷運站旁	engine-auto	
中 1-1	โรงแรมติด BTS	Rong raem tit BTS	rōng rɛ̄m ditˇ BTS	飯店在 BTS 旁	engine-auto	
中 1-1	จองโรงแรม	Chong rong raem	jɔ̄ng rōng rɛ̄m	訂飯店	engine-auto	
中 1-1	จองโรงแรมที่ Agoda	Chong rong raem thi Agoda	jɔ̄ng rōng rɛ̄m tīˋ Agoda	在 Agoda 訂飯店	engine-auto	
中 1-1	จองโรงแรมใน Agoda	Chong rong raem nai Agoda	jɔ̄ng rōng rɛ̄m nai Agoda	在 Agoda 訂飯店 (in)	engine-auto	
中 1-1	จองโรงแรมที่ Booking.com	Chong rong raem thi Booking.com	jɔ̄ng rōng rɛ̄m tīˋ Booking.com	在 Booking.com 訂飯店	engine-auto	
中 1-1	พยาบาล	Phayaban	pa~ yā bhān	照料/護理	book-exact	(book-exact已用引擎重新驗證)
中 1-1	โรงพยาบาล	Rong phayaban	rōng pa~ yā bhān	醫院	derived	
中 1-1	รีบพาไปโรงพยาบาล	Rip pha pai rong phayaban	rīpˋ pā bai rōng pa~ yā bhān	趕快帶（他）去醫院	derived	
中 1-1	โรงหนัง	Rong nang	rōng nangˊ	電影院	engine-auto	
中 1-1	โรงเบียร์	Rong bia	rōng bhīa	啤酒屋（音樂餐廳）	engine-auto	
中 1-1	ไปโรงเบียร์กันไหม	Pai rong bia kan mai	bai rōng bhīa gan maiˊ	要去啤酒屋嗎？	engine-auto	
中 1-1	ซ่อม	Som	sɔ̄mˋ	維修/修理	book-exact	(book-exact已用引擎重新驗證)
中 1-1	ซ่อมเครื่องบิน	Som khrueangbin	sɔ̄mˋ krɯ̄angˋ bhin	修飛機	engine-auto	
中 1-1	ซ่อมนาฬิกา	Som nalika	sɔ̄mˋ nā li~ gā	修手錶	engine-auto	
中 1-1	ซ่อมคอมพิวเตอร์	Som khomphiutoe	sɔ̄mˋ kɔ̄m piw də̄	修電腦	engine-auto	
中 1-1	โรงซ่อม	Rong som	rōng sɔ̄mˋ	維修場	engine-auto	
中 1-1	โรงซ่อมรถ	Rong som rot	rōng sɔ̄mˋ rot~	修車廠	engine-auto	
中 1-1	ร้านซ่อม	Ran som	rān~ sɔ̄mˋ	維修店	engine-auto	
中 1-1	ร้าน	Ran	rān~	店舖	book-exact	(book-exact已用引擎重新驗證)
中 1-1	ร้านซ่อมนาฬิกา	Ran som nalika	rān~ sɔ̄mˋ nā li~ gā	手錶維修店	engine-auto	
中 1-1	ร้านซ่อมรองเท้า	Ran som rongthao	rān~ sɔ̄mˋ rɔ̄ng tāu~	修鞋店	engine-auto	
中 1-1	ร้านซ่อมมือถือ	Ran som mue thue	rān~ sɔ̄mˋ mɯ̄ tɯ̄ˊ	手機維修店	engine-auto	
中 1-1	โรงพัก	Rong phak	rōng pak~	派出所	engine-auto	
中 1-1	พัก	Phak	pak~	休息	book-exact	(book-exact已用引擎重新驗證)
中 1-1	พักห้านาที	Phak ha nathi	pak~ hāˋ nā tī	休息五分鐘	engine-auto	
中 1-1	โรงพิมพ์	Rong phim	rōng pim	印刷廠	engine-auto	
中 1-1	หนังสือพิมพ์	Nang sue phim	nangˊ sɯ̄ˊ pim	報紙	engine-auto	
中 1-1	โรงพิมพ์เล็ก	Rong phim lek	rōng pim lek~	小印刷廠	engine-auto	
中 1-1	โรงพิมพ์ใหญ่	Rong phim yai	rōng pim yaiˇ	大印刷廠	engine-auto	
中 1-1	คลินิก	Khlinik	kli~ nik~	診所	book-exact	(book-exact已用引擎重新驗證)
中 1-1	คลินิกหมอฟัน	Khlinik mo fan	kli~ nik~ mɔ̄ˊ fan	牙醫診所	engine-auto	
中 1-1	คลินิกฟัน	Khlinik fan	kli~ nik~ fan	牙科診所	engine-auto	
中 1-1	คลินิกหมอตา	Khlinik mo ta	kli~ nik~ mɔ̄ˊ dā	眼科診所（醫生）	engine-auto	
中 1-1	คลินิกตา	Khlinik ta	kli~ nik~ dā	眼科診所	engine-auto	
中 1-1	คลินิกหมอผิวหนัง	Khlinik mo phiu nang	kli~ nik~ mɔ̄ˊ piwˊ nangˊ	皮膚科診所	engine-auto	
中 1-1	คลินิกหมอหัวใจ	Khlinik mo hua chai	kli~ nik~ mɔ̄ˊ hūaˊ jai	心臟科診所	engine-auto	
中 1-1	รถพยาบาล	Rot phayaban	rot~ pa~ yā bhān	救護車	derived	
中 1-1	คุณพยาบาล	Khun phayaban	kun pa~ yā bhān	護理師小姐	derived	
中 1-1	คุณพยาบาลคะ หมอจะมาเมื่อไหร่	Khun phayaban kha mo cha ma muearai	kun pa~ yā bhān ka~ mɔ̄ˊ jaˇ mā mɯ̄aˋ raiˇ	護理師小姐，醫生什麼時候會來？	derived	
中 1-1	อนุบาล	Anuban	aˇ nu~ bhān	幼兒園	derived	
中 1-1	โรงเรียนอนุบาล	Rongrian anuban	rōng rīan aˇ nu~ bhān	幼兒園學校	derived	
中 1-1	อนุบาล 1	Anuban nueng	aˇ nu~ bhān 1	幼兒園小班	derived	
中 1-1	อนุบาล 2	Anuban song	aˇ nu~ bhān 2	幼兒園中班	derived	
中 1-1	อนุบาล 3	Anuban sam	aˇ nu~ bhān 3	幼兒園大班	derived	
中 1-1	ประถม	Prathom	braˇ tomˊ	小學	derived	
中 1-1	ประถมศึกษา	Prathomsueksa	braˇ tomˊ sɯkˇ sāˊ	小學（正式用法）	derived	
中 1-1	ป.1	Po nueng		小一	unresolved	英文外來語/正式縮寫/原始資料異常，見全課-仍不確定清單.tsv
中 1-1	ประถม 1	Prathom nueng	braˇ tomˊ 1	小一（另一種說法）	derived	
中 1-1	ประถม 6	Prathom hok	braˇ tomˊ 6	小六	derived	
中 1-1	ป.6	Po hok		小六（口語）	unresolved	英文外來語/正式縮寫/原始資料異常，見全課-仍不確定清單.tsv
中 1-1	มัธยม	Matthayom	mat~ yom	中學	derived	
中 1-1	มัธยมต้น	Matthayom ton	mat~ yom donˋ	國中	derived	
中 1-1	ม.ต้น	Mo ton		國中（口語簡稱）	unresolved	英文外來語/正式縮寫/原始資料異常，見全課-仍不確定清單.tsv
中 1-1	มัธยมปลาย	Matthayom plai	mat~ yom blāi	高中	derived	
中 1-1	ม.4	Mo si		高一	unresolved	英文外來語/正式縮寫/原始資料異常，見全課-仍不確定清單.tsv
中 1-1	โรงเรียนรัฐบาล	Rongrian ratthaban	rōng rīan rat~ bhān	公立學校	engine-auto	
中 1-1	รัฐบาล	Ratthaban	rat~ bhān	政府	engine-auto	
中 1-1	แย่	Yae	yɛ̄ˋ	糟糕	engine-auto	
中 1-1	โรงเรียนเอกชน	Rongrian ekkachon	rōng rīan ēkˇ chon	私立學校	derived	
中 1-1	โรงพยาบาลรัฐบาล	Rongphayaban ratthaban	rōng pa~ yā bhān rat~ bhān	公立醫院	derived	
中 1-1	โรงพยาบาลเอกชน	Rongphayaban ekkachon	rōng pa~ yā bhān ēkˇ chon	私立醫院	derived	
中 1-1	โรงเรียนนานาชาติ	Rongrian nanachat	rōng rīan nā nā chātˋ	國際學校	derived	
中 1-1	สนามบินนานาชาติ	Sanam bin nanachat	saˇ nām bhin nā nā chātˋ	國際機場	derived	
中 1-1	อาหารนานาชาติ	Ahan nanachat	ā hānˊ nā nā chātˋ	國際食物	derived	
中 1-1	ไปเรียนโรงเรียนนานาชาติที่เมืองไทย	Pai rian rongrian nanachat thi mueang thai	bai rīan rōng rīan nā nā chātˋ tīˋ mɯ̄ang tai	在泰國讀國際學校	derived	
中 1-1	เรียนพิเศษ	Rian phiset	rīan pi~ sētˇ	補習	engine-auto	
中 1-1	เคยไปเรียนพิเศษไหมคะ	Khoei pai rian phiset mai kha	kə̄i bai rīan pi~ sētˇ maiˊ ka~	有去過補習嗎？	engine-auto	
中 1-1	สอบ	Sop	sɔ̄pˇ	考試	engine-auto	
中 1-1	เข้า	Khao	kāuˋ	進入	book-exact	(book-exact已用引擎重新驗證)
中 1-1	สอบเข้าอนุบาล	Sop khao anuban	sɔ̄pˇ kāuˋ aˇ nu~ bhān	考進幼兒園	derived	
中 1-1	สอบเข้าประถม	Sop khao prathom	sɔ̄pˇ kāuˋ braˇ tomˊ	考進小學	derived	
中 1-1	สอบเข้ามัธยมต้น	Sop khao matthayom ton	sɔ̄pˇ kāuˋ mat~ yom donˋ	考進國中	derived	
中 1-1	สอบเข้ามัธยมปลาย	Sop khao matthayom plai	sɔ̄pˇ kāuˋ mat~ yom blāi	考進高中	derived	
中 1-1	สอบกลางเทอม	Sop klang thoem	sɔ̄pˇ glāng tə̄m	期中考	engine-auto	
中 1-1	สอบติด	Sop tit	sɔ̄pˇ ditˇ	考上	engine-auto	
中 1-1	สอบผ่าน	Sop phan	sɔ̄pˇ pānˇ	考試通過	engine-auto	
中 1-1	สอบตก	Sop tok	sɔ̄pˇ dokˇ	考試不及格	engine-auto	
中 1-1	มีการสอบ	Mi kan sop	mī gān sɔ̄pˇ	有考試	engine-auto	
中 1-1	ข้อสอบ	Kho sop	kɔ̄ˋ sɔ̄pˇ	考題	engine-auto	
中 1-1	ข้อสอบยาก	Kho sop yak	kɔ̄ˋ sɔ̄pˇ yākˋ	考題很難	engine-auto	
中 1-1	มหาวิทยาลัย	Mahawitthayalai	ma~ hāˊ wi~ ta~ yā lai	大學	derived	
中 1-1	มหาลัย	Mahalai	ma~ hāˊ lai	大學（口語）	derived	
中 1-1	จุฬาลงกรณ์มหาวิทยาลัย	Chulalongkon mahawitthayalai	juˇ lā long gɔ̄n ma~ hāˊ wi~ ta~ yā lai	朱拉隆功大學	derived	
中 1-1	มหาวิทยาลัยธรรมศาสตร์	Mahawitthayalai thammasat	ma~ hāˊ wi~ ta~ yā lai tam sātˇ	法政大學	derived	
中 1-1	มหาวิทยาลัยเกษตรศาสตร์	Mahawitthayalai kasetsat	ma~ hāˊ wi~ ta~ yā lai gē satˇ sātˇ	農業大學	derived	
中 1-1	มหาวิทยาลัยมหิดล	Mahawitthayalai mahidon	ma~ hāˊ wi~ ta~ yā lai ma~ hiˇ dhon	瑪希敦大學	derived	
中 1-1	มหาวิทยาลัยเชียงใหม่	Mahawitthayalai chiang mai	ma~ hāˊ wi~ ta~ yā lai chīang maiˇ	清邁大學	derived	
中 1-1	มหาวิทยาลัยเอแบค	Mahawitthayalai e baek	ma~ hāˊ wi~ ta~ yā lai ē bhɛ̄kˇ	易三倉大學	derived	
中 1-1	ปริญญา	Parinya	brin yā	學位	book-exact	(book-exact已用引擎重新驗證)
中 1-1	ปริญญาตรี	Parinya tri	brin yā drī	學士學位	engine-auto	
中 1-1	ปริญญาโท	Parinya tho	brin yā tō	碩士學位	engine-auto	
中 1-1	ปริญญาเอก	Parinya ek	brin yā ēkˇ	博士學位	engine-auto	
中 1-1	ไม้เอก	Mai ek	mai~ ēkˇ	第一聲調符號	engine-auto	
中 1-1	ไม้โท	Mai tho	mai~ tō	第二聲調符號	engine-auto	
中 1-1	ไม้ตรี	Mai tri	mai~ drī	第三聲調符號	engine-auto	
中 1-1	ไม้จัตวา	Mai chattawa	mai~ jatˇ wā	第四聲調符號	engine-auto	
中 1-1	แล้วเรียนจบแล้วจะต่อโทไหม	Laeo rian chop laeo cha to tho mai	lɛ̄u~ rīan jopˇ lɛ̄~ jaˇ dɔ̄ˇ tō maiˊ	畢業後要繼續唸碩士嗎？	derived	
中 1-1	ต่อ	To	dɔ̄ˇ	繼續	engine-auto	
中 1-1	โท	Tho	tō	碩士（簡稱）	engine-auto	
中 1-1	คิดจะ	Khit cha	kit~ jaˇ	打算	engine-auto	
中 1-1	ไปเรียน	Pai rian	bai rīan	去唸書	engine-auto	
中 1-1	เอก	Ek	ēkˇ	博士（簡稱）	book-exact	(book-exact已用引擎重新驗證)
中 1-1	เมืองนอก	Mueang nok	mɯ̄ang nɔ̄kˋ	國外	engine-auto	
中 1-1	คิดจะไปเรียนเอกที่เมืองนอก	Khit cha pai rian ek thi mueang nok	kit~ jaˇ bai rīan ēkˇ tīˋ mɯ̄ang nɔ̄kˋ	打算去國外唸博士	book-exact	(book-exact已用引擎重新驗證)
中 1-1	ผู้จัดการ	Phu chat kan	pūˋ jatˇ gān	經理	engine-auto	
中 1-1	ผู้จัดการเข้าโรงงานตอนไหน	Phu chat kan khao rong ngan ton nai	pūˋ jatˇ gān kāuˋ rōng ngān dɔ̄n naiˊ	經理什麼時候進工廠？	engine-auto	
中 1-1	อาการหนัก	Akan nak	ā gān nakˇ	症狀嚴重	engine-auto	
中 1-1	ต้องเข้าโรงพยาบาลไหม	Tong khao rong phayaban mai	dɔ̄ngˋ kāuˋ rōng pa~ yā bhān maiˊ	需要去醫院嗎？	derived	
中 1-1	ชั้น	Chan	chan~	層/年級	engine-auto	
中 1-1	ชั้น 8	Chan paet	chan~ 8	第八層	engine-auto	
中 1-1	ตอนนี้เรียนอยู่ชั้นอะไร	Ton ni rian yu chan arai	dɔ̄n nī~ rīan yūˋ chan~ aˇ rai	現在讀幾年級？	engine-auto	
中 1-1	อยู่ ป.1	Yu po nueng		讀小一	unresolved	英文外來語/正式縮寫/原始資料異常，見全課-仍不確定清單.tsv
中 1-1	อยู่ ม.2	Yu mo song		讀國二	unresolved	英文外來語/正式縮寫/原始資料異常，見全課-仍不確定清單.tsv
中 1-1	ปีที่เท่าไหร่	Pi thi thaorai	bī tīˋ tāuˋ raiˇ	第幾年（大學用）	book-exact	(book-exact已用引擎重新驗證)
中 1-1	ตอนนี้เรียนปีที่เท่าไหร่	Ton ni rian pi thi thaorai	dɔ̄n nī~ rīan bī tīˋ tāuˋ raiˇ	現在讀（大學）幾年級？	engine-auto	
中 1-1	อีกสองอาทิตย์เจอกันนะคะ	Ik song athit choe kan na kha	īkˇ sɔ̄ngˊ ā tit~ jə̄ gan na~ ka~	兩週後見	engine-auto	
中 1-2	ประถม	pra thom	braˇ tomˊ	國小（口語）	derived	
中 1-2	ประถมศึกษา	pra thom suek sa	braˇ tomˊ sɯkˇ sāˊ	國小（正式）	derived	
中 1-2	ประถมเรียนโรงเรียนไหน	pra thom rian rong rian nai	braˇ tomˊ rīan rōng rīan naiˊ	國小讀哪間學校？	derived	
中 1-2	ม.ต้น	mo ton		國中（簡稱）	unresolved	英文外來語/正式縮寫/原始資料異常，見全課-仍不確定清單.tsv
中 1-2	มัธยมต้น	mat tha yom ton	mat~ yom donˋ	國中（全稱）	derived	
中 1-2	ม.ต้นเรียนโรงเรียนไหน	mo ton rian rong rian nai		國中讀哪間學校？	unresolved	英文外來語/正式縮寫/原始資料異常，見全課-仍不確定清單.tsv
中 1-2	อนุบาล	a nu ban	aˇ nu~ bhān	幼稚園	derived	
中 1-2	ตอนอนุบาลนั่งรถโรงเรียนค่ะ	ton a nu ban nang rot rong rian kha	dɔ̄n aˇ nu~ bhān nangˋ rot~ rōng rīan kaˋ	幼稚園的時候坐學校巴士	derived	
中 1-2	ตอนอนุบาลนั่งรถโรงเรียนไปโรงเรียน	ton a nu ban nang rot rong rian pai rong rian	dɔ̄n aˇ nu~ bhān nangˋ rot~ rōng rīan bai rōng rīan	幼稚園的時候坐學校巴士去學校	derived	
中 1-2	ฉันเดินไปโรงเรียน	chan doen pai rong rian	chanˊ dhə̄n bai rōng rīan	我走路去學校	engine-auto	
中 1-2	นั่งเรือไปโรงเรียน	nang ruea pai rong rian	nangˋ rɯ̄a bai rōng rīan	搭船去學校	engine-auto	
中 1-2	โรงงาน	rong ngan	rōng ngān	工廠	engine-auto	
中 1-2	โรงงานอยู่เมืองไทย	rong ngan yu mueang thai	rōng ngān yūˋ mɯ̄ang tai	工廠在泰國	engine-auto	
中 1-2	โรงงานอยู่ใกล้ที่ไหน	rong ngan yu klai thi nai	rōng ngān yūˋ glaiˋ tīˋ naiˊ	工廠靠近哪裡？	engine-auto	
中 1-2	โรงงานอยู่แถวไหน	rong ngan yu thaeo nai	rōng ngān yūˋ tɛ̄uˊ naiˊ	工廠在哪一帶？	engine-auto	
中 1-2	คนงาน	khon ngan	kon ngān	工人	engine-auto	
中 1-2	โรงงานมีคนงานกี่คน	rong ngan mi khon ngan ki khon	rōng ngān mī kon ngān gīˇ kon	工廠有幾個工人？	engine-auto	
中 1-2	โรงงานมีคนงานพันคน	rong ngan mi khon ngan phan khon	rōng ngān mī kon ngān pan kon	工廠有一千個工人	engine-auto	
中 1-2	โรงแรม	rong raem	rōng rɛ̄m	飯店/旅館	engine-auto	
中 1-2	เขาพักโรงแรมห้าดาวค่ะ	khao phak rong raem ha dao kha	kāuˊ pak~ rōng rɛ̄m hāˋ dhāu kaˋ	他住五星級飯店	engine-auto	
中 1-2	เขาพักโรงแรมห้าดาว	khao phak rong raem ha dao	kāuˊ pak~ rōng rɛ̄m hāˋ dhāu	他住五星級飯店	engine-auto	
中 1-2	ติด	tit	ditˇ	緊鄰/靠近	engine-auto	
中 1-2	รถติด	rot tit	rot~ ditˇ	塞車	engine-auto	
中 1-2	สถานีรถไฟฟ้า	sa tha ni rot fai fa	saˇ tāˊ nī rot~ fai fā~	捷運站	engine-auto	
中 1-2	โรงแรมติดสถานีรถไฟฟ้า	rong raem tit sa tha ni rot fai fa	rōng rɛ̄m ditˇ saˇ tāˊ nī rot~ fai fā~	飯店緊鄰捷運站	engine-auto	
中 1-2	จองโรงแรมที่ Agoda ถูกกว่า	chong rong raem thi Agoda thuk kwa	jɔ̄ng rōng rɛ̄m tīˋ Agoda tūkˇ gwāˇ	在Agoda訂飯店比較便宜	engine-auto	
中 1-2	จองโรงแรมใน Agoda ถูกกว่า	chong rong raem nai Agoda thuk kwa	jɔ̄ng rōng rɛ̄m nai Agoda tūkˇ gwāˇ	在Agoda訂飯店比較便宜	engine-auto	
中 1-2	โรงพยาบาล	rong pha ya ban	rōng pa~ yā bhān	醫院（正式）	derived	
中 1-2	แถวนี้มีโรงพยาบาลมั้ย	thaeo ni mi rong pha ya ban mai	tɛ̄uˊ nī~ mī rōng pa~ yā bhān mai~	這附近有醫院嗎？	derived	
中 1-2	อาการ	a kan	ā gān	症狀 / 病情	engine-auto	
中 1-2	หนัก	nak	nakˇ	嚴重 / 重	engine-auto	
中 1-2	นอนโรงพยาบาล	non rong pha ya ban	nɔ̄n rōng pa~ yā bhān	住院	derived	
中 1-2	ต้องนอนโรงพยาบาล	tong non rong pha ya ban	dɔ̄ngˋ nɔ̄n rōng pa~ yā bhān	必須住院	derived	
中 1-2	ต้องอยู่โรงพยาบาล	tong yu rong pha ya ban	dɔ̄ngˋ yūˋ rōng pa~ yā bhān	必須待在醫院	derived	
中 1-2	อาการหนักต้องนอนโรงพยาบาล	a kan nak tong non rong pha ya ban	ā gān nakˇ dɔ̄ngˋ nɔ̄n rōng pa~ yā bhān	症狀嚴重必須住院	derived	
中 1-2	อาการหนักต้องอยู่โรงพยาบาล	a kan nak tong yu rong pha ya ban	ā gān nakˇ dɔ̄ngˋ yūˋ rōng pa~ yā bhān	症狀嚴重必須待在醫院	derived	
中 1-2	โรงบาล	rong ban	rōng bhān	醫院（口語）	engine-auto	
中 1-2	อาการหนักต้องนอนโรงบาล	a kan nak tong non rong ban	ā gān nakˇ dɔ̄ngˋ nɔ̄n rōng bhān	症狀嚴重必須住院（口語）	engine-auto	
中 1-2	แถวนี้มีโรงบาลมั้ย	thaeo ni mi rong ban mai	tɛ̄uˊ nī~ mī rōng bhān mai~	這附近有醫院嗎？（口語）	engine-auto	
中 1-2	รถพยาบาล	rot pha ya ban	rot~ pa~ yā bhān	救護車	derived	
中 1-2	ช่วยเรียกรถพยาบาลให้หน่อย	chuai riak rot pha ya ban hai noi	chūayˋ rīakˋ rot~ pa~ yā bhān haiˋ nɔ̄iˇ	請幫我叫救護車	derived	
中 1-2	ให้ทาง	hai thang	haiˋ tāng	讓路	engine-auto	
中 1-2	ต้องให้ทางรถพยาบาล	tong hai thang rot pha ya ban	dɔ̄ngˋ haiˋ tāng rot~ pa~ yā bhān	必須讓路給救護車	derived	
中 1-2	รถพยาบาลถึงแล้ว	rot pha ya ban thueng laeo	rot~ pa~ yā bhān tɯngˊ lɛ̄u~	救護車到了	derived	
中 1-2	พยาบาล	pha ya ban	pa~ yā bhān	護士 / 護理師	book-exact	(book-exact已用引擎重新驗證)
中 1-2	คุณพยาบาล	khun pha ya ban	kun pa~ yā bhān	護士小姐/先生（尊稱）	derived	
中 1-2	ผมปวดหัว	phom puat hua	pomˊ būatˇ hūaˊ	我頭痛（男性自稱）	engine-auto	
中 1-2	คุณพยาบาลคะ ฉันรู้สึกปวดหัว	khun pha ya ban kha chan ru suek puat hua	kun pa~ yā bhān ka~ chanˊ rū~ sɯkˇ būatˇ hūaˊ	護士小姐，我覺得頭痛	derived	
中 1-2	พาเพื่อนไปหาหมอ	pha phuean pai ha mo	pā pɯ̄anˋ bai hāˊ mɔ̄ˊ	帶朋友去看醫生	engine-auto	
中 1-2	คุณพยาบาลครับ อาการเพื่อนผมเป็นยังไงบ้างครับ	khun pha ya ban khrap a kan phuean phom pen yang ngai bang khrap	kun pa~ yā bhān krap~ ā gān pɯ̄anˋ pomˊ ben yang ngai bhāngˋ krap~	護士小姐，我朋友的狀況怎麼樣？（男性問）	derived	
中 1-2	เพื่อนฉันอาการเป็นยังไงบ้างคะ	phuean chan a kan pen yang ngai bang kha	pɯ̄anˋ chanˊ ā gān ben yang ngai bhāngˋ ka~	我朋友的狀況怎麼樣？（女性問）	engine-auto	
中 1-2	เพื่อนคุณอาการหนักมาก	phuean khun a kan nak mak	pɯ̄anˋ kun ā gān nakˇ mākˋ	你朋友的症狀非常嚴重	engine-auto	
中 1-2	อาการไม่หนัก	a kan mai nak	ā gān maiˋ nakˇ	症狀不嚴重	engine-auto	
中 1-2	不ต้องเป็นห่วง	mai tong pen huang	不 dɔ̄ngˋ ben hūangˇ	不用擔心	derived	
中 1-2	คลินิก	khli nik	kli~ nik~	診所	book-exact	(book-exact已用引擎重新驗證)
中 1-2	คลินิกฟัน	khli nik fan	kli~ nik~ fan	牙科診所	engine-auto	
中 1-2	คลินิกเด็ก	khli nik dek	kli~ nik~ dhekˇ	小兒科診所	engine-auto	
中 1-2	คลินิกหู คอ จมูก	khli nik hu kho cha muk	kli~ nik~ hūˊ kɔ̄ jaˇ mūkˋ	耳鼻喉科診所	derived	
中 1-2	เคยไปคลินิกหู คอ จมูก มั้ย	khoei pai khli nik hu kho cha muk mai	kə̄i bai kli~ nik~ hūˊ kɔ̄ jaˇ mūkˋ mai~	有去過耳鼻喉科診所嗎？	derived	
中 1-2	โรงหนัง	rong nang	rōng nangˊ	電影院	engine-auto	
中 1-2	โรงหนังมีหลายแบบ	rong nang mi lai baep	rōng nangˊ mī lāiˊ bhɛ̄pˇ	電影院有好幾種	engine-auto	
中 1-2	เคยไปโรงหนังที่เมืองไทยไหมคะ	khoei pai rong nang thi mueang thai mai kha	kə̄i bai rōng nangˊ tīˋ mɯ̄ang tai maiˊ ka~	去過泰國的電影院嗎？	engine-auto	
中 1-2	ส่วนใหญ่โรงหนังอยู่ในห้าง	suan yai rong nang yu nai hang	sūanˇ yaiˇ rōng nangˊ yūˋ nai hāngˋ	大部分電影院在百貨公司裡	engine-auto	
中 1-2	โรงพัก	rong phak	rōng pak~	派出所 / 警察局	engine-auto	
中 1-2	คุณต้องไปโรงพัก	khun tong pai rong phak	kun dɔ̄ngˋ bai rōng pak~	你得去派出所	engine-auto	
中 1-2	ทำไมฉันต้องไปโรงพัก	tham mai chan tong pai rong phak	tam mai chanˊ dɔ̄ngˋ bai rōng pak~	為什麼我要去派出所？	engine-auto	
中 1-2	ซ่อมนาฬิกา	som na li ka	sɔ̄mˋ nā li~ gā	修手錶	engine-auto	
中 1-2	ร้านซ่อมนาฬิกา	ran som na li ka	rān~ sɔ̄mˋ nā li~ gā	鐘錶修理店	engine-auto	
中 1-2	เคยไปซ่อมนาฬิกาไหมคะ	khoei pai som na li ka mai kha	kə̄i bai sɔ̄mˋ nā li~ gā maiˊ ka~	去過修手錶嗎？	engine-auto	
中 1-2	ร้านซ่อมรองเท้า	ran som rong thao	rān~ sɔ̄mˋ rɔ̄ng tāu~	鞋子修理店	engine-auto	
中 1-2	รองเท้าเสีย เอาไปซ่อม หรือ ซื้อใหม่	rong thao sia ao pai som rue sue mai	rɔ̄ng tāu~ sīaˊ au bai sɔ̄mˋ rɯ̄ˊ sɯ̄~ maiˇ	鞋子壞了，拿去修還是買新的？	engine-auto	
中 1-2	ร้านซ่อมคอมพิวเตอร์	ran som khom phiu toe	rān~ sɔ̄mˋ kɔ̄m piw də̄	電腦修理店	engine-auto	
中 1-2	ซ่อมไม่เป็นเลย	som mai pen loei	sɔ̄mˋ maiˋ ben lə̄i	完全不會修	engine-auto	
中 1-2	ซ่อมไม่ได้แล้ว ต้องซื้อใหม่	som mai dai laeo tong sue mai	sɔ̄mˋ maiˋ dhaiˋ lɛ̄u~ dɔ̄ngˋ sɯ̄~ maiˇ	修不好了，必須買新的	engine-auto	
中 1-2	โรงพิมพ์	rong phim	rōng pim	印刷廠	engine-auto	
中 1-2	พิมพ์	phim	pim	打字	book-exact	(book-exact已用引擎重新驗證)
中 1-2	ฉันพิมพ์ภาษาอังกฤษเร็วมาก	chan phim pha sa ang krit reo mak	chanˊ pim pā sāˊ ang gritˇ rew mākˋ	我打英文很快	derived	
中 1-2	ฉันพิมพ์ภาษาจีนช้ามาก	chan phim pha sa chin cha mak	chanˊ pim pā sāˊ jīn chā~ mākˋ	我打中文很慢	engine-auto	
中 1-2	พิมพ์ภาษาจีนช้าไหม	phim pha sa chin cha mai	pim pā sāˊ jīn chā~ maiˊ	你打中文很慢嗎？	engine-auto	
中 1-2	ฉันพิมพ์ภาษาไทยไม่เป็น	chan phim pha sa thai mai pen	chanˊ pim pā sāˊ tai maiˋ ben	我不會打泰文字	engine-auto	
中 1-2	รัฐบาล	rat tha ban	rat~ bhān	政府 / 公立	engine-auto	
中 1-2	โรงเรียนรัฐบาล	rong rian rat tha ban	rōng rīan rat~ bhān	公立學校	engine-auto	
中 1-2	ปิดเทอมเมื่อไหร่	pit thoem muea rai	bitˇ tə̄m mɯ̄aˋ raiˇ	什麼時候放假？	engine-auto	
中 1-2	โรงเรียนรัฐบาลปิดเทอมเมื่อไหร่	rong rian rat tha ban pit thoem muea rai	rōng rīan rat~ bhān bitˇ tə̄m mɯ̄aˋ raiˇ	公立學校什麼時候放假？	engine-auto	
中 1-2	ที่ไต้หวันล่ะคะ โรงเรียนรัฐบาลปิดเทอมเมื่อไหร่คะ	thi tai wan la kha rong rian rat tha ban pit thoem muea rai kha	tīˋ daiˋ wanˊ laˋ ka~ rōng rīan rat~ bhān bitˇ tə̄m mɯ̄aˋ raiˇ ka~	台灣呢？公立學校什麼時候放假呢？	engine-auto	
中 1-2	ปิดเทอมเดือนเจ็ดเดือนแปด	pit thoem duean chet duean paet	bitˇ tə̄m dhɯ̄an jetˇ dhɯ̄an bɛ̄tˇ	七、八月放假	engine-auto	
中 1-2	ปิดเทอมเดือนกรกฎาคม	pit thoem duean ka ra ka da khom	bitˇ tə̄m dhɯ̄an gaˇ ra~ dā kom	七月放假	derived	
中 1-2	สิงหาคม	sing ha khom	singˊ hāˊ kom	八月	derived	
中 1-2	โรงพยาบาลรัฐบาล	rong pha ya ban rat tha ban	rōng pa~ yā bhān rat~ bhān	公立醫院	derived	
中 1-2	คนไข้	khon khai	kon kaiˋ	病人	engine-auto	
中 1-2	ไข้	khai	kaiˋ	發燒	engine-auto	
中 1-2	โรงพยาบาลรัฐบาลคนไข้เยอะมาก	rong pha ya ban rat tha ban khon khai yeo mak	rōng pa~ yā bhān rat~ bhān kon kaiˋ yə~ mākˋ	公立醫院病人非常多	derived	
中 1-2	คนส่วนใหญ่จะบ่นว่ารัฐบาลแย่	khon suan yai cha bon wa rat tha ban yae	kon sūanˇ yaiˇ jaˇ bhonˇ wāˋ rat~ bhān yɛ̄ˋ	大部分的人會抱怨政府很糟糕	derived	
中 1-2	เอกชน	ek ka chon	ēkˇ chon	私立	derived	
中 1-2	ค่าเทอม	kha thoem	kāˋ tə̄m	學費（學期費）	engine-auto	
中 1-2	ค่าเรียน	kha rian	kāˋ rīan	學費	engine-auto	
中 1-2	โรงเรียนเอกชนค่าเทอมแพงมาก	rong rian ek ka chon kha thoem phaeng mak	rōng rīan ēkˇ chon kāˋ tə̄m pɛ̄ng mākˋ	私立學校學費很貴	derived	
中 1-2	คนรวยจะไปโรงพยาบาลเอกชน	khon ruai cha pai rong pha ya ban ek ka chon	kon rūay jaˇ bai rōng pa~ yā bhān ēkˇ chon	有錢人會去私立醫院	derived	
中 1-2	จะไปโรงพยาบาลเอกชนหรือโรงพยาบาลรัฐบาลคะ	cha pai rong pha ya ban ek ka chon rue rong pha ya ban rat tha ban kha	jaˇ bai rōng pa~ yā bhān ēkˇ chon rɯ̄ˊ rōng pa~ yā bhān rat~ bhān ka~	會去私立醫院還是公立醫院呢？	derived	
中 1-2	นานาชาติ	na na chat	nā nā chātˋ	國際	derived	
中 1-2	โรงเรียนนานาชาติ	rong rian na na chat	rōng rīan nā nā chātˋ	國際學校	derived	
中 1-2	อาหารนานาชาติ	a han na na chat	ā hānˊ nā nā chātˋ	國際美食	derived	
中 1-2	มีอาหารนานาชาติเยอะมาก	mi a han na na chat yeo mak	mī ā hānˊ nā nā chātˋ yə~ mākˋ	有很多國際美食	derived	
中 1-2	สนามบินนานาชาติ	sa nam bin na na chat	saˇ nām bhin nā nā chātˋ	國際機場	derived	
中 1-2	ที่ไต้หวันสอบเข้ามหาวิทยาลัยยากมั้ย	thi tai wan sop khao ma ha wit tha ya lai yak mai	tīˋ daiˋ wanˊ sɔ̄pˇ kāuˋ ma~ hāˊ wi~ ta~ yā lai yākˋ mai~	在台灣考進大學難嗎？	derived	
中 1-2	สอบกลางเทอมยากมาก	sop klang thoem yak mak	sɔ̄pˇ glāng tə̄m yākˋ mākˋ	期中考非常難	engine-auto	
中 1-2	สอบไม่ผ่าน	sop mai phan	sɔ̄pˇ maiˋ pānˇ	考試不及格	engine-auto	
中 1-2	นักเรียนหลายคนสอบไม่ผ่าน	nak rian lai khon sop mai phan	nak~ rīan lāiˊ kon sɔ̄pˇ maiˋ pānˇ	很多學生考試不及格	engine-auto	
中 1-2	ผู้จัดการ	phu chat kan	pūˋ jatˇ gān	經理 / 經紀人	engine-auto	
中 1-2	ผู้จัดการเข้าโรงงานตรงเวลามาก	phu chat kan khao rong ngan trong we la mak	pūˋ jatˇ gān kāuˋ rōng ngān drong wē lā mākˋ	經理非常準時進工廠	engine-auto	
中 1-2	ดารา	da ra	dhā rā	明星	engine-auto	
中 1-2	ผู้จัดการดารา	phu chat kan da ra	pūˋ jatˇ gān dhā rā	明星的經紀人	engine-auto	
中 1-2	นักร้อง	nak rong	nak~ rɔ̄ng~	歌手	engine-auto	
中 1-2	ผู้จัดการนักร้อง	phu chat kan nak rong	pūˋ jatˇ gān nak~ rɔ̄ng~	歌手的經紀人	engine-auto	
中 1-2	ปริญญา	pa rin ya	brin yā	學位 / 學歷	book-exact	(book-exact已用引擎重新驗證)
中 1-2	เค้าจบปริญญาโทจากเมืองนอก	khao chop pa rin ya tho chak mueang nok	kāu~ jopˇ brin yā tō jākˇ mɯ̄ang nɔ̄kˋ	他從國外碩士畢業	derived	
中 1-2	จบโทจากเมืองนอก	chop tho chak mueang nok	jopˇ tō jākˇ mɯ̄ang nɔ̄kˋ	從國外碩士畢業（簡稱）	derived	
中 1-2	ผู้จัดการเรียนจบปริญญาเอก	phu chat kan rian chop pa rin ya ek	pūˋ jatˇ gān rīan jopˇ brin yā ēkˇ	經理是博士畢業	derived	
中 1-2	เริ่ม	roem	rə̄mˋ	開始	engine-auto	
中 1-2	เริ่มงาน	roem ngan	rə̄mˋ ngān	開始工作 / 上班	engine-auto	
中 1-2	เริ่มงานกี่โมง	roem ngan ki mong	rə̄mˋ ngān gīˇ mōng	幾點開始工作？	engine-auto	
中 1-2	เริ่มงานกี่โมงคะ	roem ngan ki mong kha	rə̄mˋ ngān gīˇ mōng ka~	幾點開始工作呢？（女性語氣）	engine-auto	
中 1-2	ไม่แน่นอน	mai nae non	maiˋ nɛ̄ˋ nɔ̄n	不一定	engine-auto	
中 1-2	เริ่มเรียน	roem rian	rə̄mˋ rīan	開始上課	engine-auto	
中 1-2	เริ่มเรียน 2 ทุ่มครึ่ง	roem rian song thum krueng	rə̄mˋ rīan 2 tumˋ krɯngˋ	晚上八點半開始上課	engine-auto	
中 1-2	เริ่มเรียนภาษาไทยตั้งแต่เมื่อไหร่	roem rian pha sa thai tang tae muea rai	rə̄mˋ rīan pā sāˊ tai dangˋ dɛ̄ˇ mɯ̄aˋ raiˇ	從什麼時候開始學泰文？	engine-auto	
中 1-2	เริ่มเรียนภาษาไทยตั้งแต่เมื่อไหร่คะ	roem rian pha sa thai tang tae muea rai kha	rə̄mˋ rīan pā sāˊ tai dangˋ dɛ̄ˇ mɯ̄aˋ raiˇ ka~	從什麼時候開始學泰文呢？（女性語氣）	engine-auto	
中 1-2	ฉันเริ่มเรียนภาษาไทยตั้งแต่ปีที่แล้ว	chan roem rian pha sa thai tang tae pi thi laeo	chanˊ rə̄mˋ rīan pā sāˊ tai dangˋ dɛ̄ˇ bī tīˋ lɛ̄u~	我從去年開始學泰文	engine-auto	
中 1-2	เริ่มฟังเข้าใจแล้ว	roem fang khao chai laeo	rə̄mˋ fang kāuˋ jai lɛ̄u~	開始聽得懂了	engine-auto	
中 1-2	เริ่มพูดเก่งแล้ว	roem phut keng laeo	rə̄mˋ pūtˋ gēngˇ lɛ̄u~	開始很會講話了	engine-auto	
中 1-2	ไปหาหมอ	pai ha mo	bai hāˊ mɔ̄ˊ	看醫生	engine-auto	
中 1-2	เริ่มมีอาการปวด	roem mi a kan puat	rə̄mˋ mī ā gān būatˇ	開始有痛的症狀	engine-auto	
中 1-2	2-3 วันที่แล้ว	song sam wan thi laeo	2-3 wan tīˋ lɛ̄u~	兩三天前	engine-auto	
中 1-2	ประชุม	pra chum	braˇ chum	開會 / 會議	engine-auto	
中 1-2	ประชุมเริ่มกี่โมง	pra chum roem ki mong	braˇ chum rə̄mˋ gīˇ mōng	會議幾點開始？	engine-auto	
中 1-2	เลิก	loek	lə̄kˋ	結束 / 停止 / 戒	engine-auto	
中 1-2	เลิกงาน	loek ngan	lə̄kˋ ngān	下班	engine-auto	
中 1-2	เลิกเรียน	loek rian	lə̄kˋ rīan	下課 / 放學	engine-auto	
中 1-2	เลิกเรียนแล้ว	loek rian laeo	lə̄kˋ rīan lɛ̄u~	下課了 / 放學了	engine-auto	
中 1-2	เลิกกินเหล้า	loek kin lao	lə̄kˋ gin lāuˋ	戒酒	engine-auto	
中 1-2	เลิกสูบบุหรี่	loek sup bu ri	lə̄kˋ sūpˇ bhuˇ rīˇ	戒菸	engine-auto	
中 1-2	สูบ	sup	sūpˇ	抽（菸）	engine-auto	
中 1-2	บุหรี่	bu ri	bhuˇ rīˇ	香菸	engine-auto	
中 1-2	เลิกบุหรี่	loek bu ri	lə̄kˋ bhuˇ rīˇ	戒菸（省略吸）	engine-auto	
中 1-2	เลิกเหล้า	loek lao	lə̄kˋ lāuˋ	戒酒（省略喝）	engine-auto	
中 1-2	ภรรยาท้อง	phan ra ya thong	pan yā tɔ̄ng~	老婆懷孕	derived	
中 1-2	เลิกกัน	loek kan	lə̄kˋ gan	分手 / 分開	engine-auto	
中 1-2	พวกเราเลิกกันแล้ว	phuak rao loek kan laeo	pūakˋ rāu lə̄kˋ gan lɛ̄u~	我們已經分手了	engine-auto	
中 1-2	พวกเขาเลิกกันแล้ว	phuak khao loek kan laeo	pūakˋ kāuˊ lə̄kˋ gan lɛ̄u~	他們已經分手了	engine-auto	
中 1-2	ไหว	wai	waiˊ	受得了 / 可以	engine-auto	
中 1-2	เดินไหวไหม	doen wai mai	dhə̄n waiˊ maiˊ	走得動嗎？ / 走得了嗎？	engine-auto	
中 1-2	ขับรถไม่ไหว	khap rot mai wai	kapˇ rot~ maiˋ waiˊ	開車開不動了	engine-auto	
中 1-2	ไม่ไหว	mai wai	maiˋ waiˊ	受不了	engine-auto	
中 1-2	ไม่ไหวแล้ว	mai wai laeo	maiˋ waiˊ lɛ̄u~	受不了了	engine-auto	
中 1-2	กระเป๋าหนัก ถือไม่ไหว	kra pao nak thue mai wai	graˇ bāuˊ nakˇ tɯ̄ˊ maiˋ waiˊ	包包很重，拿不動	engine-auto	
中 1-2	เดินไหว	doen wai	dhə̄n waiˊ	走得動	engine-auto	
中 1-2	ถือไหว	thue wai	tɯ̄ˊ waiˊ	拿得動	engine-auto	
中 1-2	ถือไม่ไหว	thue mai wai	tɯ̄ˊ maiˋ waiˊ	拿不動	engine-auto	
中 1-2	เดินไม่ไหว	doen mai wai	dhə̄n maiˋ waiˊ	走不動	engine-auto	
中 1-2	อิ่มมาก กินไม่ไหว	im mak kin mai wai	imˇ mākˋ gin maiˋ waiˊ	很飽，吃不下	engine-auto	
中 1-2	อิ่มมาก กินไม่ไหวแล้ว	im mak kin mai wai laeo	imˇ mākˋ gin maiˋ waiˊ lɛ̄u~	很飽，吃不下了	engine-auto	
中 1-2	ลา	la	lā	請假 / 告辭	engine-auto	
中 1-2	ลางาน	la ngan	lā ngān	請假（工作）	engine-auto	
中 1-2	ลางานสองอาทิตย์	la ngan song a thit	lā ngān sɔ̄ngˊ ā tit~	請假兩個星期	engine-auto	
中 1-2	ลากิจ	la kit	lā gitˇ	請事假	engine-auto	
中 1-2	ธุรกิจ	thu ra kit	tun gitˇ	生意	book-exact	(book-exact已用引擎重新驗證)
中 1-2	ลาแต่งงาน	la taeng ngan	lā dɛ̄ngˇ ngān	請婚假	engine-auto	
中 1-2	ลาป่วย	la puai	lā būayˇ	請病假	engine-auto	
中 1-2	ป่วย	puai	būayˇ	生病	engine-auto	
中 1-2	เขาป่วยสามวันแล้ว	khao puai sam wan laeo	kāuˊ būayˇ sāmˊ wan lɛ̄u~	他生病三天了	engine-auto	
中 1-2	ลาออก	la ok	lā ɔ̄kˇ	離職	engine-auto	
中 1-2	ไม่ไหวแล้ว ลาออกดีกว่า	mai wai laeo la ok di kwa	maiˋ waiˊ lɛ̄u~ lā ɔ̄kˇ dhī gwāˇ	受不了了，離職比較好	engine-auto	
中 1-2	ลาพักร้อนประจำปี	la phak ron pra cham pi	lā pak~ rɔ̄n~ braˇ jam bī	請特休 / 年假	engine-auto	
中 1-2	พักร้อน	phak ron	pak~ rɔ̄n~	特休 / 消暑	engine-auto	
中 1-2	ประจำปี	pra cham pi	braˇ jam bī	每年的 / 固定的	engine-auto	
中 1-2	ขอลาพักร้อนค่ะ	kho la phak ron kha	kɔ̄ˊ lā pak~ rɔ̄n~ kaˋ	我想請特休（女性語氣）	engine-auto	
中 1-2	ฉันอยากลาพักร้อน	chan yak la phak ron	chanˊ yākˋ lā pak~ rɔ̄n~	我想請特休	engine-auto	
中 1-2	จ่าย	chai	jāiˇ	付 / 支付	engine-auto	
中 1-2	จ่ายเงิน	chai ngat	jāiˇ ngə̄n	付錢	engine-auto	
中 1-2	จ่ายเงินหรือยัง	chai ngat rue yang	jāiˇ ngə̄n rɯ̄ˊ yang	付錢了嗎？	engine-auto	
中 1-2	เงินสด	ngat sot	ngə̄n sotˇ	現金	engine-auto	
中 1-2	จ่ายสด	chai sot	jāiˇ sotˇ	付現	engine-auto	
中 1-2	ต้องจ่ายสดค่ะ	tong chai sot kha	dɔ̄ngˋ jāiˇ sotˇ kaˋ	必須付現	engine-auto	
中 1-2	จ่ายเช็ค	chai chek	jāiˇ chek~	付支票	engine-auto	
中 1-2	ค่า	kha	kāˋ	費用	book-exact	(book-exact已用引擎重新驗證)
中 1-2	จ่ายค่าน้ำ	chai kha nam	jāiˇ kāˋ nām~	付水費	engine-auto	
中 1-2	จ่ายค่าไฟ	chai kha fai	jāiˇ kāˋ fai	付電費	engine-auto	
中 1-2	จ่ายค่าไฟเท่าไหร่คะ	chai kha fai thao rai kha	jāiˇ kāˋ fai tāuˋ raiˇ ka~	電費多少錢？	engine-auto	
中 1-2	ไปจ่ายตลาด	pai chai ta lat	bai jāiˇ daˇ lātˋ	去市場買菜 / 去上街	engine-auto	
中 1-2	ชอบไปจ่ายตลาดไหมคะ	chop pai chai ta lat mai kha	chɔ̄pˋ bai jāiˇ daˇ lātˋ maiˊ ka~	喜歡去市場買菜嗎？	engine-auto	
中 1-2	ชอบไปจ่ายตลาดมาก	chop pai chai ta lat mak	chɔ̄pˋ bai jāiˇ daˇ lātˋ mākˋ	非常喜歡去市場買菜	engine-auto	
中 1-2	วันจ่าย	wan chai	wan jāiˇ	除夕（春節）	engine-auto	
中 1-2	ทอน	thon	tɔ̄n	找錢 / 找	engine-auto	
中 1-2	ต้องทอนเท่าไหร่	tong thon thao rai	dɔ̄ngˋ tɔ̄n tāuˋ raiˇ	要找多少錢？	engine-auto	
中 1-2	ต้องทอนเท่าไหร่	tong thon thao rai	dɔ̄ngˋ tɔ̄n tāuˋ raiˇ	要找多少錢呢？	engine-auto	
中 1-2	ทอนเงิน	thon ngat	tɔ̄n ngə̄n	找（錢）	engine-auto	
中 1-2	ต้องทอน 40 บาท	tong thon si sip bat	dɔ̄ngˋ tɔ̄n 40 bhātˇ	要找40元	engine-auto	
中 1-2	ไม่ต้องทอน	mai tong thon	maiˋ dɔ̄ngˋ tɔ̄n	不用找	engine-auto	
中 1-2	ให้ทิป	hai thip	haiˋ tip~	給小費	engine-auto	
中 1-2	ทิป	thip	tip~	小費	engine-auto	
中 1-2	เงินทอน	ngat thon	ngə̄n tɔ̄n	找回來的錢（名詞）	engine-auto	
中 1-2	นี่เงินทอนค่ะ	ni ngat thon kha	nīˋ ngə̄n tɔ̄n kaˋ	這是找您的錢	engine-auto	
中 1-2	เงินทอน	ngat thon	ngə̄n tɔ̄n	找回來的錢	engine-auto	
中 1-2	เพิ่ม	phoem	pə̄mˋ	增加 / 外加	engine-auto	
中 1-2	สั่งอะไรเพิ่มไหม	sang a rai phoem mai	sangˇ aˇ rai pə̄mˋ maiˊ	還要再點什麼嗎？	engine-auto	
中 1-2	อยากสั่งอะไรเพิ่มไหม	yak sang a rai phoem mai	yākˋ sangˇ aˇ rai pə̄mˋ maiˊ	想要再加點什麼嗎？	engine-auto	
中 1-2	ไม่ต้องแล้ว	mai tong laeo	maiˋ dɔ̄ngˋ lɛ̄u~	不用了	engine-auto	
中 1-2	พอแล้ว	pho laeo	pɔ̄ lɛ̄u~	夠了	engine-auto	
中 1-2	ฉันธุรกิจต้องเพิ่มเงินอีกห้าพันกว่า	chan thu ra kit tong phoem nguen ik ha phan kwa	chanˊ tun gitˇ dɔ̄ngˋ pə̄mˋ ngə̄n īkˇ hāˋ pan gwāˇ	我生意需要再增加五千多元	engine-auto	
中 1-2	กว่า	kwa	gwāˇ	多（放數字後面）	engine-auto	
中 1-2	อายุสามสิบกว่า	a yu sam sip kwa	ā yu~ sāmˊ sipˇ gwāˇ	三十多歲	engine-auto	
中 1-2	เงินหาย	nguen hai	ngə̄n hāiˊ	錢不見了	engine-auto	
中 1-2	หาย	hai	hāiˊ	不見 / 消失 / 痊癒	engine-auto	
中 1-2	เคยเงินหายไหม	khoei nguen hai mai	kə̄i ngə̄n hāiˊ maiˊ	曾經錢不見過嗎？	engine-auto	
中 1-2	กระเป๋าหาย	kra pao hai	graˇ bāuˊ hāiˊ	包包不見了	engine-auto	
中 1-2	หายไปไหนมา	hai pai nai ma	hāiˊ bai naiˊ mā	消失去哪裡了？	engine-auto	
中 1-2	สบายดีไหม	sa bai di mai	saˇ bhāi dhī maiˊ	你好嗎？	engine-auto	
中 1-2	คิดถึงจังเลย	khit thueng chang loei	kit~ tɯngˊ jang lə̄i	好想你喔	engine-auto	
中 1-2	หายเจ็บ	hai chep	hāiˊ jepˇ	不痛了	engine-auto	
中 1-2	เจ็บ	chep	jepˇ	痛	engine-auto	
中 1-2	หายเจ็บหรือยัง	hai chep rue yang	hāiˊ jepˇ rɯ̄ˊ yang	不痛了嗎？ / 痛好了沒？	engine-auto	
中 1-2	หายหิวหรือยัง	hai hiu rue yang	hāiˊ hiwˊ rɯ̄ˊ yang	不餓了嗎？	engine-auto	
中 1-2	ยัง	yang	yang	還沒	engine-auto	
中 1-2	ยังหิว	yang hiu	yang hiwˊ	還很餓	engine-auto	
中 1-2	หายคิดถึงหรือยัง	hai khit thueng rue yang	hāiˊ kit~ tɯngˊ rɯ̄ˊ yang	不想念了嗎？	engine-auto	
中 1-2	หายแล้ว	hai laeo	hāiˊ lɛ̄u~	好了 / 痊癒了	engine-auto	
中 1-2	ประจำ	pra cham	braˇ jam	固定的 / 常常的	engine-auto	
中 1-2	ประจำเดือน	pra cham duean	braˇ jam dhɯ̄an	月經	engine-auto	
中 1-2	ผู้หญิงมีประจำเดือน	phu ying mi pra cham duean	pūˋ yingˊ mī braˇ jam dhɯ̄an	女人有月經	engine-auto	
中 1-2	รถประจำทาง	rot pra cham thang	rot~ braˇ jam tāng	公車（正式）	engine-auto	
中 1-2	รถเมล์	rot me	rot~ mē	公車（口語）	engine-auto	
中 1-2	เคยนั่งรถประจำทางไหมคะ	khoei nang rot pra cham thang mai kha	kə̄i nangˋ rot~ braˇ jam tāng maiˊ ka~	曾搭過公車嗎？	engine-auto	
中 1-2	โรครกประจำตัว	rok pra cham tua		慢性病	unresolved	英文外來語/正式縮寫/原始資料異常，見全課-仍不確定清單.tsv
中 1-2	โรค	rok	rōkˋ	疾病	book-exact	(book-exact已用引擎重新驗證)
中 1-2	โรคเบาหวาน	rok bao wan	rōkˋ bhāu wānˊ	糖尿病	engine-auto	
中 1-2	โรคหัวใจ	rok hua chai	rōkˋ hūaˊ jai	心臟病	engine-auto	
中 1-2	โรคมะเร็ง	rok ma reng	rōkˋ ma~ reng	癌症	engine-auto	
中 1-2	ไม่มีโรคประจำตัวนะคะ	mai mi rok pra cham tua na kha	maiˋ mī rōkˋ braˇ jam dūa na~ ka~	沒有慢性病呢	engine-auto	
中 1-2	ยาประจำบ้าน	ya pra cham ban	yā braˇ jam bhānˋ	家庭常備藥	engine-auto	
中 1-2	ที่บ้านของคุณมียาประจำบ้านไหมคะ	thi ban khon khun mi ya pra cham ban mai kha	tīˋ bhānˋ kɔ̄ngˊ kun mī yā braˇ jam bhānˋ maiˊ ka~	你家有家庭常備藥嗎？	engine-auto	
中 1-2	บ้านผมมียาประจำบ้านครับ	ban phom mi ya pra cham ban khrap	bhānˋ pomˊ mī yā braˇ jam bhānˋ krap~	我家有家庭常備藥（男性自稱）	engine-auto	
中 1-2	ตรวจสุขภาพประจำปี	truat suk kha phap pra cham pi	drūatˇ sukˇ pāpˋ braˇ jam bī	年度健康檢查	engine-auto	
中 1-2	ตรวจ	truat	drūatˇ	檢查	engine-auto	
中 1-2	ตรวจกระเป๋าเดินทาง	truat kra pao doen thang	drūatˇ graˇ bāuˊ dhə̄n tāng	檢查行李	engine-auto	
中 1-2	สุขภาพ	suk kha phap	sukˇ pāpˋ	健康	book-exact	(book-exact已用引擎重新驗證)
中 1-2	ขอให้สุขภาพแข็งแรง	kho hai suk kha phap khaeng raeng	kɔ̄ˊ haiˋ sukˇ pāpˋ kɛngˊ rɛ̄ng	祝你身體健康	engine-auto	
中 1-2	ลูกค้าประจำ	luk kha pra cham	lūkˋ kā~ braˇ jam	常客	engine-auto	
中 1-2	ร้านประจำ	ran pra cham	rān~ braˇ jam	常去的店	engine-auto	
中 1-2	งานประจำ	ngan pra cham	ngān braˇ jam	正職 / 全職工作	engine-auto	
中 1-2	งานพาร์ทไทม์	ngan phat thaim	ngān pātˋ tai	兼職工作（Part-time）	engine-auto	
中 1-2	มาสายเป็นประจำ	ma sai pen pra cham	mā sāiˊ ben braˇ jam	經常遲到（固定地）	engine-auto	
中 1-2	มาสายบ่อย ๆ	ma sai boi boi	mā sāiˊ bhɔ̄iˇ bhɔ̄iˇ	經常遲到（常常）	engine-auto	
中 1-2	มาสายประจำ	ma sai pra cham	mā sāiˊ braˇ jam	經常遲到（簡稱）	engine-auto	
中 1-2	ฉันคิดว่า	chan khit wa	chanˊ kit~ wāˋ	我認為（女性自稱）	engine-auto	
中 1-2	ฉันหวังว่า	chan wang wa	chanˊ wangˊ wāˋ	我希望（女性自稱）	engine-auto	
中 1-2	หวัง	wang	wangˊ	希望 / 盼望	engine-auto	
中 1-2	ฉันหวังว่าพรุ่งนี้จะเป็นเศรษฐี	chan wang wa phrung ni cha pen set thi	chanˊ wangˊ wāˋ prungˋ nī~ jaˇ ben srētˇ tīˊ	我希望明天會變成大富翁（女性自稱）	engine-auto	
中 1-2	ฉันหวังว่าฉันจะหาเงินได้เยอะ ๆ	chan wang wa chan cha ha nguen dai yeo yeo	chanˊ wangˊ wāˋ chanˊ jaˇ hāˊ ngə̄n dhaiˋ yə~ yə~	我希望我可以賺很多錢（女性自稱）	engine-auto	
中 1-2	หาเงิน	ha nguen	hāˊ ngə̄n	賺錢	engine-auto	
中 1-2	นั่นก็แสดงว่า	nan ko sa daeng wa	nanˋ gɔ̄ˋ saˇ dhɛ̄ng wāˋ	那就表示說 / 那就意味著	derived	
中 1-2	นั่น	nan	nanˋ	นั่น	engine-auto	
中 1-2	ก็	ko	gɔ̄ˋ	就	engine-auto	
中 1-2	แสดง	sa daeng	saˇ dhɛ̄ng	表示 / 表達 / 表演	derived	
中 1-2	นั่นก็แสดงว่าเขาไม่อยากคุยกับเรา	nan ko sa daeng wa khao mai yak khui kap rao	nanˋ gɔ̄ˋ saˇ dhɛ̄ng wāˋ kāuˊ maiˋ yākˋ kui gapˇ rāu	那就表示說他不想要跟我們聊天了	derived	
中 1-2	นี่หมายความว่า	ni mai khwam wa	nīˋ māiˊ kwām wāˋ	這意思是 / 這意味著	engine-auto	
中 1-2	นี่	ni	nīˋ	這	engine-auto	
中 1-2	หมายความ	mai khwam	māiˊ kwām	意思	engine-auto	
中 1-2	นี่หมายความว่าห้ามเข้า	ni mai khwam wa ham khao	nīˋ māiˊ kwām wāˋ hāmˋ kāuˋ	這是禁止進入的意思	engine-auto	
中 1-2	นี่หมายความว่าอะไร	ni mai khwam wa a rai	nīˋ māiˊ kwām wāˋ aˇ rai	這是什麼意思？	engine-auto	
中 1-2	นี่หมายความว่าห้ามจอด	ni mai khwam wa ham chot	nīˋ māiˊ kwām wāˋ hāmˋ jɔ̄tˇ	這是禁止停車的意思	engine-auto	
中 1-2	นี่หมายความว่าห้ามเลี้ยวซ้าย	ni mai khwam wa ham liao sai	nīˋ māiˊ kwām wāˋ hāmˋ līau~ sāi~	這是禁止左轉的意思	engine-auto	
中 1-2	คำนี้หมายความว่าอะไร	kham ni mai khwam wa a rai	kam nī~ māiˊ kwām wāˋ aˇ rai	這個字是什麼意思？	engine-auto	
中 1-2	อดทนไว้ก่อน	ot thon wai kon	otˇ ton wai~ gɔ̄nˇ	先忍著	derived	
中 1-2	อดทน	ot thon	otˇ ton	忍耐	derived	
中 1-2	ไว้	wai	wai~	著（置於動詞後）	engine-auto	
中 1-2	ทิ้งไว้	thing wai	ting~ wai~	丟著（在某處）	engine-auto	
中 1-2	เก็บไว้ดี ๆ	kep wai di di	gepˇ wai~ dhī dhī	好好收著	engine-auto	
中 1-2	ก่อน	kon	gɔ̄nˇ	先 / 以前	book-exact	(book-exact已用引擎重新驗證)
中 1-2	อดทนไว้ก่อน	ot thon wai kon	otˇ ton wai~ gɔ̄nˇ	先忍著（重複確認）	derived	
中 1-2	นอนหลับฝันดีนะคะ อาทิตย์หน้าเจอกันค่ะ ขอบคุณนะคะ	non lap fan di na kha a thit na choe kan kha khop khun na kha	nɔ̄n lapˇ fanˊ dhī na~ ka~ ā tit~ nāˋ jə̄ gan kaˋ kɔ̄pˇ kun na~ ka~	祝大家有個好夢，下週見，謝謝大家	engine-auto	
中 1-3	โรงเรียน	rong rian	rōng rīan	學校	engine-auto	
中 1-3	โรงแรม	rong raem	rōng rɛ̄m	飯店	engine-auto	
中 1-3	โรงงาน	rong ngan	rōng ngān	工廠	engine-auto	
中 1-3	โรงพยาบาล	rong pha ya ban	rōng pa~ yā bhān	醫院	derived	
中 1-3	โรงหนัง	rong nang	rōng nangˊ	電影院	engine-auto	
中 1-3	เริ่ม	roem	rə̄mˋ	開始	engine-auto	
中 1-3	เริ่มทำงาน	roem tham ngan	rə̄mˋ tam ngān	開始上班	engine-auto	
中 1-3	เริ่มเรียนภาษาไทย	roem rian pha sa thai	rə̄mˋ rīan pā sāˊ tai	開始學泰文	engine-auto	
中 1-3	เริ่มกี่โมง	roem ki mong	rə̄mˋ gīˇ mōng	幾點開始	engine-auto	
中 1-3	รถไฟฟ้า	rot fai fa	rot~ fai fā~	捷運 / 電車	engine-auto	
中 1-3	ที่ไทเป	thi thai pe	tīˋ tai bē	在台北	engine-auto	
中 1-3	รถไฟฟ้าที่ไทเปเริ่มกี่โมง	rot fai fa thi thai pe roem ki mong	rot~ fai fā~ tīˋ tai bē rə̄mˋ gīˇ mōng	台北的捷運幾點開始？	engine-auto	
中 1-3	รถไฟฟ้าที่ไทเปเริ่มหกโมงเช้า	rot fai fa thi thai pe roem hok mong chao	rot~ fai fā~ tīˋ tai bē rə̄mˋ hokˇ mōng chāu~	台北的捷運早上六點開始	engine-auto	
中 1-3	เริ่มขายเหล้ากี่โมง	roem khai lao ki mong	rə̄mˋ kāiˊ lāuˋ gīˇ mōng	幾點開始賣酒？	engine-auto	
中 1-3	เริ่มขายเหล้าสิบเอ็ดโมง	roem khai lao sip et mong	rə̄mˋ kāiˊ lāuˋ sipˇ etˇ mōng	十一點開始賣酒	engine-auto	
中 1-3	เลิก	loek	lə̄kˋ	結束 / 下班 / 下課 / 戒	engine-auto	
中 1-3	เลิกงาน	loek ngan	lə̄kˋ ngān	下班	engine-auto	
中 1-3	เลิกเรียน	loek rian	lə̄kˋ rīan	下課	engine-auto	
中 1-3	เลิกงานหรือยัง	loek ngan rue yang	lə̄kˋ ngān rɯ̄ˊ yang	下班了嗎？	engine-auto	
中 1-3	เลิกงานแล้ว	loek ngan laeo	lə̄kˋ ngān lɛ̄u~	已經下班了	engine-auto	
中 1-3	ยังไม่เลิกงาน	yang mai loek ngan	yang maiˋ lə̄kˋ ngān	還沒下班	engine-auto	
中 1-3	เลิกเหล้า	loek lao	lə̄kˋ lāuˋ	戒酒	engine-auto	
中 1-3	เลิกบุหรี่	loek buri	lə̄kˋ bhuˇ rīˇ	戒菸	engine-auto	
中 1-3	ตั้งใจจะ	tang chai cha	dangˋ jai jaˇ	打算 / 決定	engine-auto	
中 1-3	ปีนี้ตั้งใจจะเลิก	pi ni tang chai cha loek	bī nī~ dangˋ jai jaˇ lə̄kˋ	今年打算要戒掉...	engine-auto	
中 1-3	ปีนี้ตั้งใจจะเลิกขี้เกียจ	pi ni tang chai cha loek khi kiet	bī nī~ dangˋ jai jaˇ lə̄kˋ kīˋ gīatˇ	今年打算改掉懶惰的習慣	engine-auto	
中 1-3	ปีนี้ตั้งใจจะเลิกมาสาย	pi ni tang chai cha loek ma sai	bī nī~ dangˋ jai jaˇ lə̄kˋ mā sāiˊ	今年打算改掉遲到的習慣	engine-auto	
中 1-3	ปีนี้ตั้งใจจะเลิกตื่นสาย	pi ni tang chai cha loek tuen sai	bī nī~ dangˋ jai jaˇ lə̄kˋ dɯ̄nˇ sāiˊ	今年打算改掉晚起的習慣	engine-auto	
中 1-3	ปีนี้ตั้งใจจะเลิกนอนดึก	pi ni tang chai cha loek non duek	bī nī~ dangˋ jai jaˇ lə̄kˋ nɔ̄n dhɯkˇ	今年打算改掉熬夜的習慣	engine-auto	
中 1-3	ไหว	wai	waiˊ	得（動詞後，表示能力）	engine-auto	
中 1-3	ไม่ไหว	mai wai	maiˋ waiˊ	不行了 / 受不了 / ...不了	engine-auto	
中 1-3	เดินไม่ไหวแล้ว	doen mai wai laeo	dhə̄n maiˋ waiˊ lɛ̄u~	走不了了 / 走不動了	engine-auto	
中 1-3	อยากไปนวด	yak pai nuat	yākˋ bai nūatˋ	想去按摩	engine-auto	
中 1-3	เดินไม่ไหวแล้ว อยากไปนวดค่ะ	doen mai wai laeo yak pai nuat kha	dhə̄n maiˋ waiˊ lɛ̄u~ yākˋ bai nūatˋ kaˋ	走不了了，我想去按摩（女）	engine-auto	
中 1-3	อยากกลับโรงแรม	yak klap rong raem	yākˋ glapˇ rōng rɛ̄m	想回飯店	engine-auto	
中 1-3	เดินไม่ไหวแล้ว อยากกลับโรงแรม	doen mai wai laeo yak klap rong raem	dhə̄n maiˋ waiˊ lɛ̄u~ yākˋ glapˇ rōng rɛ̄m	走不了了，想回飯店	engine-auto	
中 1-3	อิ่มมาก กินไม่ไหวแล้ว	im mak kin mai wai laeo	imˇ mākˋ gin maiˋ waiˊ lɛ̄u~	很飽，吃不下了	engine-auto	
中 1-3	เช้าเกินไป ตื่นไม่ไหวค่ะ	chao koen pai tuen mai wai kha	chāu~ gə̄n bai dɯ̄nˇ maiˋ waiˊ kaˋ	太早了，起不來（女）	engine-auto	
中 1-3	วันนี้ลา	wan ni la	wan nī~ lā	今天請假	engine-auto	
中 1-3	ลาไปไหน	la pai nai	lā bai naiˊ	請假去哪裡？	engine-auto	
中 1-3	ลาไปหาหมอ	la pai ha mo	lā bai hāˊ mɔ̄ˊ	請假去看醫生	engine-auto	
中 1-3	ลาไปเที่ยว	la pai thiao	lā bai tīauˋ	請假去玩	engine-auto	
中 1-3	จ่ายเงินหรือยังคะ	chai ngoen rue yang kha	jāiˇ ngə̄n rɯ̄ˊ yang ka~	付錢了嗎？（女）	engine-auto	
中 1-3	จ่ายก่อนค่ะ	chai kon kha	jāiˇ gɔ̄nˇ kaˋ	先付錢（女）	engine-auto	
中 1-3	ทุกเดือนต้องจ่ายค่าอะไรบ้าง	thuk duean tong chai kha a rai bang	tuk~ dhɯ̄an dɔ̄ngˋ jāiˇ kāˋ aˇ rai bhāngˋ	每個月需要繳一些什麼費用？	engine-auto	
中 1-3	ค่าเช่า	kha chao	kāˋ chāuˋ	租金	engine-auto	
中 1-3	จ่ายค่าน้ำ	chai kha nam	jāiˇ kāˋ nām~	付水費	engine-auto	
中 1-3	จ่ายค่าไฟ	chai kha fai	jāiˇ kāˋ fai	付電費	engine-auto	
中 1-3	จ่ายค่ามือถือ	chai kha mue thue	jāiˇ kāˋ mɯ̄ tɯ̄ˊ	付手機費	engine-auto	
中 1-3	จ่ายค่าเช่า	chai kha chao	jāiˇ kāˋ chāuˋ	付租金	engine-auto	
中 1-3	เลี้ยงหมา	liang ma	līang~ māˊ	養狗	engine-auto	
中 1-3	เลี้ยงแมว	liang maeo	līang~ mɛ̄u	養貓	engine-auto	
中 1-3	จ่ายค่าอาหารแมว	chai kha a han maeo	jāiˇ kāˋ ā hānˊ mɛ̄u	付貓飼料費	engine-auto	
中 1-3	จ่ายค่าอาหารหมา	chai kha a han ma	jāiˇ kāˋ ā hānˊ māˊ	付狗飼料費	engine-auto	
中 1-3	ค่าส่วนกลาง	kha suan klang	kāˋ sūanˇ glāng	社區管理費	engine-auto	
中 1-3	ส่วนใหญ่	suan yai	sūanˇ yaiˇ	大部分	engine-auto	
中 1-3	ส่วน	suan	sūanˇ	部分	engine-auto	
中 1-3	กลาง	klang	glāng	中 / 中間	engine-auto	
中 1-3	เดือนละเท่าไหร่	duean la thao rai	dhɯ̄an la~ tāuˋ raiˇ	每個月多少錢？	engine-auto	
中 1-3	ค่าส่วนกลางเดือนละเท่าไหร่คะ	kha suan klang duean la thao rai kha	kāˋ sūanˇ glāng dhɯ̄an la~ tāuˋ raiˇ ka~	管理費一個月多少錢？（女）	engine-auto	
中 1-3	ทอน	thon	tɔ̄n	找（錢）	engine-auto	
中 1-3	ไม่ต้องทอนค่ะ	mai tong thon kha	maiˋ dɔ̄ngˋ tɔ̄n kaˋ	不用找（女）	engine-auto	
中 1-3	เพิ่ม	phoem	pə̄mˋ	加	engine-auto	
中 1-3	เติม	toem	də̄m	加 / 補滿	engine-auto	
中 1-3	เติมข้าว	toem khao	də̄m kāuˋ	續飯	engine-auto	
中 1-3	เพิ่มข้าว	phoem khao	pə̄mˋ kāuˋ	加飯	engine-auto	
中 1-3	เติมโค้กฟรี	toem khok fri	də̄m kōk~ frī	免費續杯可樂	engine-auto	
中 1-3	เพิ่มเส้น	phoem sen	pə̄mˋ sēnˋ	加麵	engine-auto	
中 1-3	ถ้ามีอาหารเช้า ต้องเพิ่มเงินเท่าไหร่คะ	tha mi a han chao tong phoem ngoen thao rai kha	tāˋ mī ā hānˊ chāu~ dɔ̄ngˋ pə̄mˋ ngə̄n tāuˋ raiˇ ka~	如果有早餐，要加多少錢？（女）	engine-auto	
中 1-3	ต้องเพิ่มเงินสองร้อย	tong phoem ngoen song roi	dɔ̄ngˋ pə̄mˋ ngə̄n sɔ̄ngˊ rɔ̄i~	需要加錢二百	engine-auto	
中 1-3	หาย	hai	hāiˊ	不見了 / 好了	engine-auto	
中 1-3	มือถือหาย	mue thue hai	mɯ̄ tɯ̄ˊ hāiˊ	手機不見了	engine-auto	
中 1-3	กระเป๋าตังหาย	kra pao tang hai	graˇ bāuˊ dang hāiˊ	錢包不見了	engine-auto	
中 1-3	กุญแจหาย	kun chae hai	gun jɛ̄ hāiˊ	鑰匙不見了	engine-auto	
中 1-3	หายไม่สบายแล้ว	hai mai sa bai laeo	hāiˊ maiˋ saˇ bhāi lɛ̄u~	病好了 / 痊癒了	engine-auto	
中 1-3	หายแล้ว	hai laeo	hāiˊ lɛ̄u~	好了	engine-auto	
中 1-3	หายหรือยัง	hai rue yang	hāiˊ rɯ̄ˊ yang	好了嗎？	engine-auto	
中 1-3	หายหรือยังคะ	hai rue yang kha	hāiˊ rɯ̄ˊ yang ka~	好了嗎？（女）	engine-auto	
中 1-3	หายเร็วๆ นะคะ	hai reo reo na kha	hāiˊ rew rew na~ ka~	早日康復（女）	engine-auto	
中 1-3	ประจำ	pra cham	braˇ jam	固定 / 常年的	engine-auto	
中 1-3	ลูกค้าประจำ	luk kha pra cham	lūkˋ kā~ braˇ jam	常客	engine-auto	
中 1-3	ร้านประจำ	ran pra cham	rān~ braˇ jam	常去的店	engine-auto	
中 1-3	อยากไปนวด คุณมีร้านนวดประจำไหม	yak pai nuat khun mi ran nuat pra cham mai	yākˋ bai nūatˋ kun mī rān~ nūatˋ braˇ jam maiˊ	我想去按摩，你有常去的按摩店嗎？	engine-auto	
中 1-3	มีร้านประจำไหม	mi ran pra cham mai	mī rān~ braˇ jam maiˊ	有常去的店嗎？	engine-auto	
中 1-3	ฉันคิดว่า	chan khit wa	chanˊ kit~ wāˋ	我覺得 / 我認為	engine-auto	
中 1-3	ผมคิดว่า	phom khit wa	pomˊ kit~ wāˋ	我覺得 / 我認為（男）	engine-auto	
中 1-3	คิดว่าศุกร์นี้หยุด	khit wa suk ni yut	kit~ wāˋ sukˇ nī~ yutˇ	覺得這禮拜五會停班	engine-auto	
中 1-3	คิดว่าศุกร์นี้ไม่หยุด	khit wa suk ni mai yut	kit~ wāˋ sukˇ nī~ maiˋ yutˇ	覺得這禮拜五不會停班	engine-auto	
中 1-3	ฉันคิดว่าศุกร์นี้หยุด	chan khit wa suk ni yut	chanˊ kit~ wāˋ sukˇ nī~ yutˇ	我覺得這禮拜五會停班	engine-auto	
中 1-3	ไม่หยุด	mai yut	maiˋ yutˇ	不停 / 不放假	engine-auto	
中 1-3	ฉันหวังว่า	chan wang wa	chanˊ wangˊ wāˋ	我希望	engine-auto	
中 1-3	นั่นก็แสดงว่า	nan ko sadaeng wa	nanˋ gɔ̄ˋ saˇ dhɛ̄ng wāˋ	那也表示說	derived	
中 1-3	นี่หมายความว่า	ni maikhwam wa	nīˋ māiˊ kwām wāˋ	這意味著	engine-auto	
中 1-3	แสดงว่า	sadaeng wa	saˇ dhɛ̄ng wāˋ	表示說 / 顯然	derived	
中 1-3	แสดง	sadaeng	saˇ dhɛ̄ng	表演 / 表示	derived	
中 1-3	นักแสดง	nak sadaeng	nak~ saˇ dhɛ̄ng	演員	derived	
中 1-3	นักร้อง	nak rong	nak~ rɔ̄ng~	歌手	engine-auto	
中 1-3	นักข่าว	nak khao	nak~ kāuˇ	記者	engine-auto	
中 1-3	ไปดูการแสดง	pai du kan sadaeng	bai dhū gān saˇ dhɛ̄ng	去看表演	derived	
中 1-3	การแสดงเริ่มกี่โมงคะ	kan sadaeng roem ki mong kha	gān saˇ dhɛ̄ng rə̄mˋ gīˇ mōng ka~	表演幾點開始？（女）	derived	
中 1-3	วันนี้เรียนอะไร	wan ni rian a rai	wan nī~ rīan aˇ rai	今天學什麼？	engine-auto	
中 1-3	เริ่ม	roem	rə̄mˋ	開始	engine-auto	
中 1-3	ตัก	tak	dakˇ	舀 / 盛	engine-auto	
中 1-3	ตักข้าว	tak khao	dakˇ kāuˋ	盛飯	engine-auto	
中 1-3	ตักน้ำ	tak nam	dakˇ nām~	舀水 / 舀湯	engine-auto	
中 1-3	ตักบาตร	tak bat	dakˇ bātˇ	供僧 / 托缽 / 齋僧	derived	
中 1-3	บาตร	bat	bātˇ	缽	derived	
中 1-3	ทำอาหาร	tham a han	tam ā hānˊ	做飯 / 做菜	engine-auto	
中 1-3	อยากตักบาตร	yak tak bat	yākˋ dakˇ bātˇ	想供僧 / 想體驗托缽	derived	
中 1-3	ตักข้าวใส่จาน	tak khao sai chan	dakˇ kāuˋ saiˇ jān	盛飯裝盤	engine-auto	
中 1-3	ใส่	sai	saiˇ	放 / 穿 / 戴	engine-auto	
中 1-3	ใส่เสื้อ	sai suea	saiˇ sɯ̄aˋ	穿衣服	engine-auto	
中 1-3	ใส่กางเกง	sai kangkeng	saiˇ gāng gēng	穿褲子	engine-auto	
中 1-3	ทำไมต้องเรียน	tham mai tong rian	tam mai dɔ̄ngˋ rīan	為什麼要學？	engine-auto	
中 1-3	คุณตักถึงไหม	khun tak thueng mai	kun dakˇ tɯngˊ maiˊ	你盛得到嗎？ / 你夾得到嗎？	engine-auto	
中 1-3	คุณตักถึงไหมคะ	khun tak thueng mai kha	kun dakˇ tɯngˊ maiˊ ka~	你盛得到嗎？（女）	engine-auto	
中 1-3	ช่วยตักให้หน่อยค่ะ	chuai tak hai noi kha	chūayˋ dakˇ haiˋ nɔ̄iˇ kaˋ	幫我盛一下（女）	engine-auto	
中 1-3	ไปกินบุฟเฟต์	pai kin buf fe	bai gin bhupˇ fē	去吃自助餐 / 百匯	engine-auto	
中 1-3	กินอาหารเช้า	kin a han chao	gin ā hānˊ chāu~	吃早餐	engine-auto	
中 1-3	ไปตักอาหาร	pai tak a han	bai dakˇ ā hānˊ	去夾菜 / 去盛菜	engine-auto	
中 1-3	ผมไปตักอาหาร	phom pai tak a han	pomˊ bai dakˇ ā hānˊ	我去夾菜 / 我去拿菜（男）	engine-auto	
中 1-3	คุณจองโต๊ะ	khun chong to	kun jɔ̄ng do~	你佔位 / 你訂位	engine-auto	
中 1-3	ฉันไปตักอาหาร คุณไปจองโต๊ะค่ะ	chan pai tak a han khun pai chong to kha	chanˊ bai dakˇ ā hānˊ kun bai jɔ̄ng do~ kaˋ	我去拿菜，你先去佔位。（女）	engine-auto	
中 1-3	ดึง	dueng	dhɯng	拉	engine-auto	
中 1-3	ดึงประตู	dueng pratu	dhɯng braˇ dū	拉門	engine-auto	
中 1-3	ดึงออกมาดู	dueng ok ma du	dhɯng ɔ̄kˇ mā dhū	拉出來看	engine-auto	
中 1-3	ดึงลิ้นชัก	dueng lin chak	dhɯng lin~ chak~	拉抽屜	engine-auto	
中 1-3	ลิ้นชัก	lin chak	lin~ chak~	抽屜	engine-auto	
中 1-3	ลิ้น	lin	lin~	舌頭	engine-auto	
中 1-3	อยู่ในลิ้นชัก	yu nai lin chak	yūˋ nai lin~ chak~	在抽屜裡	engine-auto	
中 1-3	แก้วอยู่ในลิ้นชัก	kaeo yu nai lin chak	gɛ̄uˋ yūˋ nai lin~ chak~	杯子在抽屜裡	engine-auto	
中 1-3	ชาอยู่ในลิ้นชัก	cha yu nai lin chak	chā yūˋ nai lin~ chak~	茶在抽屜裡	engine-auto	
中 1-3	ขนมอยู่ในลิ้นชัก	khanom yu nai lin chak	kaˇ nom yūˋ nai lin~ chak~	點心 / 零食在抽屜裡	engine-auto	
中 1-3	โดราเอมอนอยู่ในลิ้นชัก	doraemon yu nai lin chak	dhō rā ē mɔ̄n yūˋ nai lin~ chak~	哆啦A夢在抽屜裡	engine-auto	
中 1-3	ลิ้นชักซ้ายบน	lin chak sai bon	lin~ chak~ sāi~ bhon	左上的抽屜	engine-auto	
中 1-3	อยู่ในลิ้นชักขวาล่าง	yu nai lin chak khwa lang	yūˋ nai lin~ chak~ kwāˊ lāngˋ	在右下的抽屜裡	engine-auto	
中 1-3	หยิบ	yip	yipˇ	拿	engine-auto	
中 1-3	เอา	ao	au	拿 / 要	book-exact	(book-exact已用引擎重新驗證)
中 1-3	ไปเอาโต๊ะ	pai ao to	bai au do~	去拿桌子	engine-auto	
中 1-3	ไปเอาเก้าอี้	pai ao kao i	bai au gāuˋ īˋ	去拿椅子	engine-auto	
中 1-3	หยิบของ	yip khong	yipˇ kɔ̄ngˊ	拿東西	engine-auto	
中 1-3	สูงเกินไป ฉันหยิบไม่ถึงค่ะ	sung koen pai chan yip mai thueng kha	sūngˊ gə̄n bai chanˊ yipˇ maiˋ tɯngˊ kaˋ	太高了，我拿不到 (女)	engine-auto	
中 1-3	ช่วยหยิบให้หน่อยครับ	chuai yip hai noi khrap	chūayˋ yipˇ haiˋ nɔ̄iˇ krap~	幫我拿一下 (男)	engine-auto	
中 1-3	ช่วยหยิบให้หน่อยค่ะ	chuai yip hai noi kha	chūayˋ yipˇ haiˋ nɔ̄iˇ kaˋ	幫我拿一下 (女)	engine-auto	
中 1-3	ไปหยิบเสื้อผ้า	pai yip suea pha	bai yipˇ sɯ̄aˋ pāˋ	去拿衣服	engine-auto	
中 1-3	ไปหยิบเงิน	pai yip ngoen	bai yipˇ ngə̄n	去拿錢	engine-auto	
中 1-3	เคี้ยว	khiao	kīau~	嚼 / 咬	engine-auto	
中 1-3	เขียว	khiao	kīauˊ	綠色	engine-auto	
中 1-3	เคี้ยวข้าว	khiao khao	kīau~ kāuˋ	嚼飯	engine-auto	
中 1-3	เคี้ยวหมาก	khiao mak	kīau~ mākˇ	嚼檳榔	engine-auto	
中 1-3	หมากฝรั่ง	mak fa rang	mākˇ faˇ rangˋ	口香糖	derived	
中 1-3	เคี้ยวหมากฝรั่ง	khiao mak fa rang	kīau~ mākˇ faˇ rangˋ	嚼口香糖	derived	
中 1-3	เวลานั่งรถไฟฟ้า	wela nang rot fai fa	wē lā nangˋ rot~ fai fā~	搭捷運的時候	engine-auto	
中 1-3	เคี้ยวหมากฝรั่งไม่ได้	khiao mak fa rang mai dai	kīau~ mākˇ faˇ rangˋ maiˋ dhaiˋ	不能嚼口香糖	derived	
中 1-3	กอด	kot	gɔ̄tˇ	抱	engine-auto	
中 1-3	กอดอก	kot ok	gɔ̄ dhɔ̄kˇ	抱胸	engine-auto	
中 1-3	กอดให้แน่น	kot hai naen	gɔ̄tˇ haiˋ nɛ̄nˋ	抱緊	engine-auto	
中 1-3	แน่น	naen	nɛ̄nˋ	緊 / 擁擠	engine-auto	
中 1-3	กางเกงแน่นมากค่ะ	kangkeng naen mak kha	gāng gēng nɛ̄nˋ mākˋ kaˋ	褲子很緊 (女)	engine-auto	
中 1-3	รองเท้าแน่นมากค่ะ	rong thaeo naen mak kha	rɔ̄ng tāu~ nɛ̄nˋ mākˋ kaˋ	鞋子很緊 (女)	engine-auto	
中 1-3	ช่วงเลิกงาน รถไฟฟ้าจะแน่นมากค่ะ	chuang loek ngan rot fai fa cha naen mak kha	chūangˋ lə̄kˋ ngān rot~ fai fā~ jaˇ nɛ̄nˋ mākˋ kaˋ	下班時間捷運會很擠 (女)	engine-auto	
中 1-3	เก็บตัง	gep tang	gepˇ dang	收錢 / 買單	engine-auto	
中 1-3	เก็บ	gep	gepˇ	收起來 / 撿	engine-auto	
中 1-3	หยิบ	yip	yipˇ	拿	engine-auto	
中 1-3	ย้าย	yai	yāi~	搬 / 遷移	engine-auto	
中 1-3	ย้ายเข้า	yai khao	yāi~ kāuˋ	搬進去	engine-auto	
中 1-3	ย้ายเข้าเมื่อไหร่	yai khao muearai	yāi~ kāuˋ mɯ̄aˋ raiˇ	什麼時候搬進去？	engine-auto	
中 1-3	ย้ายเข้าอาทิตย์หน้าได้ไหม	yai khao athit na dai mai	yāi~ kāuˋ ā tit~ nāˋ dhaiˋ maiˊ	下禮拜搬進去可以嗎？	engine-auto	
中 1-3	ย้ายเข้าเดือนหน้าได้ไหม	yai khao duean na dai mai	yāi~ kāuˋ dhɯ̄an nāˋ dhaiˋ maiˊ	下個月搬進去可以嗎？	engine-auto	
中 1-3	ย้ายออก	yai ok	yāi~ ɔ̄kˇ	搬走	engine-auto	
中 1-3	ย้ายบ้าน	yai ban	yāi~ bhānˋ	搬家	engine-auto	
中 1-3	ย้ายงาน	yai ngan	yāi~ ngān	換工作	engine-auto	
中 1-3	ย้ายตำแหน่ง	yai tamnaeng	yāi~ dam nɛ̄ngˇ	調職	engine-auto	
中 1-3	เปลี่ยนงาน	plian ngan	blīanˇ ngān	換工作	engine-auto	
中 1-3	เปลี่ยนตำแหน่ง	plian tamnaeng	blīanˇ dam nɛ̄ngˇ	變更職位 / 調職	engine-auto	
中 1-3	ย้ายไปข้างนอกได้ไหมครับ	yai pai khang nok dai mai khrap	yāi~ bai kāngˋ nɔ̄kˋ dhaiˋ maiˊ krap~	移到外面可以嗎？	engine-auto	
中 1-3	ย้ายไปข้างในได้ไหมครับ	yai pai khang nai dai mai khrap	yāi~ bai kāngˋ nai dhaiˋ maiˊ krap~	移到裡面可以嗎？	engine-auto	
中 1-3	ย้ายไปข้างบนได้ไหมครับ	yai pai khang bon dai mai khrap	yāi~ bai kāngˋ bhon dhaiˋ maiˊ krap~	移到上面可以嗎？	engine-auto	
中 1-3	แทน	thaen	tɛ̄n	代替	engine-auto	
中 1-3	สอนแทน	son thaen	sɔ̄nˊ tɛ̄n	代課	engine-auto	
中 1-3	ตัวแทน	tua thaen	dūa tɛ̄n	代表 / 代理商	engine-auto	
中 1-3	เป็นตัวแทนไต้หวัน	pen tua thaen taiwan	ben dūa tɛ̄n daiˋ wanˊ	作為台灣代表	engine-auto	
中 1-3	มีตัวแทนที่เมืองไทย	mi tua thaen thi mueang thai	mī dūa tɛ̄n tīˋ mɯ̄ang tai	在泰國有代理商	engine-auto	
中 1-3	ใช้ A แทน B	chai A thaen B	chai~ A tɛ̄n B	用 A 代替 B	engine-auto	
中 1-3	ใช้ซีอิ๊วแทนน้ำปลา	chai si iu thaen nampla	chai~ sī iw~ tɛ̄n nām~ blā	用醬油代替魚露	engine-auto	
中 1-3	ใช้มือถือแทนกล้อง	chai mue thue thaen klong	chai~ mɯ̄ tɯ̄ˊ tɛ̄n glɔ̄ngˋ	用手機代替相機	engine-auto	
中 1-3	ใช้ไฟฟ้าแทนน้ำมัน	chai fai fa thaen nam man	chai~ fai fā~ tɛ̄n nām~ man	用電代替油	engine-auto	
中 1-3	จด	chot	jotˇ	記 / 記下來 / 做筆記	derived	
中 1-3	จดหมายเลข	chot mai lek	jotˇ māiˊ lēkˋ	記下號碼	derived	
中 1-3	หมายเลข	mai lek	māiˊ lēkˋ	號碼	engine-auto	
中 1-3	จดเบอร์	chot boe	jotˇ bhə̄	記下號碼	derived	
中 1-3	เบอร์	boe	bhə̄	號碼	engine-auto	
中 1-3	เลข	lek	lēkˋ	數字 / 號碼	engine-auto	
中 1-3	เลขอารบิก	lek arabik		阿拉伯數字	unresolved	英文外來語/正式縮寫/原始資料異常，見全課-仍不確定清單.tsv
中 1-3	เลขไทย	lek thai	lēkˋ tai	泰文數字	engine-auto	
中 1-3	ซื้อตั๋ว	sue tua	sɯ̄~ dūaˊ	買門票 / 買車票	engine-auto	
中 1-3	จดทะเบียน	chot thabian	jotˇ ta~ bhīan	登記	derived	
中 1-3	จอดรถ	chawt rot	jɔ̄tˇ rot~	停車	engine-auto	
中 1-3	จดทะเบียนแต่งงาน	chot thabian taengngan	jotˇ ta~ bhīan dɛ̄ngˇ ngān	結婚登記	derived	
中 1-3	จดทะเบียนบริษัท	chot thabian borisat	jotˇ ta~ bhīan bhɔ̄ ri~ satˇ	登記公司	derived	
中 1-3	บริษัท	borisat	bhɔ̄ ri~ satˇ	公司	derived	
中 1-3	ทะเบียนรถ	thabian rot	ta~ bhīan rot~	車牌	engine-auto	
中 1-3	จดทะเบียนรถ	chot thabian rot	jotˇ ta~ bhīan rot~	記下車牌	derived	
中 1-3	ทะเบียนบ้าน	thabian ban	ta~ bhīan bhānˋ	戶籍 / 戶口名簿	engine-auto	
中 1-3	จดจำไว้	chot cham wai	jotˇ jam wai~	牢記在心 / 記牢在心	derived	
中 1-3	จำ	cham	jam	記 / 記住 (用腦記)	engine-auto	
中 1-3	จดแล้วก็จำ	chot laeo ko cham	jotˇ lɛ̄u~ gɔ̄ˋ jam	先寫一下然後再用腦記	derived	
中 1-3	เตรียม	triam	drīam	準備	engine-auto	
中 1-3	เตรียมขนมไปด้วย	triam khanom pai duai	drīam kaˇ nom bai dhūayˋ	準備零食去	engine-auto	
中 1-3	ด้วย	duai	dhūayˋ	語氣詞 (表示叫、命令別人做事)	engine-auto	
中 1-3	ไปซื้อด้วยนะ	pai sue duai na	bai sɯ̄~ dhūayˋ na~	記得去買喔	engine-auto	
中 1-3	กินข้าวด้วยนะ	kin khao duai na	gin kāuˋ dhūayˋ na~	記得吃飯喔	engine-auto	
中 1-3	เตรียมขนมไปด้วยนะ	triam khanom pai duai na	drīam kaˇ nom bai dhūayˋ na~	記得準備零食去喔	engine-auto	
中 1-3	เตรียมตัวไป	triam tua pai	drīam dūa bai	準備去	engine-auto	
中 1-3	เตรียมตัวไปเที่ยวเมืองไทย	triam tua pai thiao mueang thai	drīam dūa bai tīauˋ mɯ̄ang tai	準備去泰國玩	engine-auto	
中 1-3	เตรียมพร้อมหรือยัง	triam phrom rue yang	drīam prɔ̄m~ rɯ̄ˊ yang	準備好了嗎	engine-auto	
中 1-3	พร้อม	phrom	prɔ̄m~	準備好	engine-auto	
中 1-3	พร้อมหรือยังครับ	phrom rue yang khrap	prɔ̄m~ rɯ̄ˊ yang krap~	準備好了嗎？(男)	engine-auto	
中 1-3	พร้อมหรือยังคะ	phrom rue yang kha	prɔ̄m~ rɯ̄ˊ yang ka~	準備好了嗎？(女)	engine-auto	
中 1-3	วันศุกร์นี้มีพายุ	wan suk ni mi phayu	wan sukˇ nī~ mī pā yu~	這個星期五有颱風	engine-auto	
中 1-3	เซ็น	sen	sen	簽 / 簽名	engine-auto	
中 1-3	เซ็นชื่อ	sen chue	sen chɯ̄ˋ	簽名 (動詞)	engine-auto	
中 1-3	เซ็นสัญญาเช่า	sen sanya chao	sen sanˊ yā chāuˋ	簽租約	engine-auto	
中 1-3	เซ็นกี่ปี	sen ki pi	sen gīˇ bī	簽幾年	engine-auto	
中 1-3	เซ็นกี่ปีคะ	sen ki pi kha	sen gīˇ bī ka~	簽幾年呢？(女)	engine-auto	
中 1-3	ลายเซ็น	lai sen	lāi sen	親筆簽名 / 筆跡 (名詞)	engine-auto	
中 1-3	ขอ	kho	kɔ̄ˊ	請求 / 請	engine-auto	
中 1-3	ขอลายเซ็นหน่อยค่ะ	kho lai sen noi kha	kɔ̄ˊ lāi sen nɔ̄iˇ kaˋ	可以給我簽名嗎？(女)	engine-auto	
中 1-3	สองปี	song pi	sɔ̄ngˊ bī	兩年	engine-auto	
中 1-3	สองปีที่ผ่านมา	song pi thi phan ma	sɔ̄ngˊ bī tīˋ pānˇ mā	過去這兩年	engine-auto	
中 1-3	ผ่าน	phan	pānˇ	通過 / 經過 / 合格	engine-auto	
中 1-3	ร้านนี้ไม่ผ่านค่ะ	ran ni mai phan kha	rān~ nī~ maiˋ pānˇ kaˋ	這家店不合格 (女)	engine-auto	
中 1-3	เลิกงาน	loek ngan	lə̄kˋ ngān	下班	engine-auto	
中 1-3	ผ่านรถไฟฟ้าไหม	phan rot fai fa mai	pānˇ rot~ fai fā~ maiˊ	會經過捷運嗎？	engine-auto	
中 1-3	ติดรถ	tit rot	ditˇ rot~	搭便車	engine-auto	
中 1-3	รถติด	rot tit	rot~ ditˇ	塞車	engine-auto	
中 1-3	ติด	tit	ditˇ	黏 / 貼	engine-auto	
中 1-3	ติดรถได้ไหมคะ	tit rot dai mai kha	ditˇ rot~ dhaiˋ maiˊ ka~	可以搭便車嗎？(女)	engine-auto	
中 1-3	เตรียมตัวแต่งงาน	triam tua taengngan	drīam dūa dɛ̄ngˇ ngān	準備結婚 (包含身心準備)	engine-auto	
中 1-3	เตรียมแต่งงาน	triam taengngan	drīam dɛ̄ngˇ ngān	準備結婚 (單純準備婚禮)	engine-auto	
中 1-3	ทำหน้า	tham na	tam nāˋ	做臉 / 整容 / 臉部美容	engine-auto	
中 1-3	ทุกอย่างพร้อมแล้ว	thuk yang phrom laeo	tuk~ yāngˋ prɔ̄m~ lɛ̄u~	一切都準備好了	engine-auto	
中 1-3	ชอบทุกอย่าง	chop thuk yang	chɔ̄pˋ tuk~ yāngˋ	什麼都喜歡 / 喜歡每一樣	engine-auto	
中 1-3	มีทุกอย่าง	mi thuk yang	mī tuk~ yāngˋ	什麼都有 / 應有盡有	engine-auto	
中 1-3	แต่ยังขาดเงิน	tae yang khat ngoen	dɛ̄ˇ yang kātˇ ngə̄n	但還缺錢	engine-auto	
中 1-3	ขาด	khat	kātˇ	缺 / 缺少 / 缺席	engine-auto	
中 1-3	ขาดเรียน	khat rian	kātˇ rīan	缺課 / 曠課	engine-auto	
中 1-3	อาทิตย์ที่แล้วขาดเรียน	athit thi laeo khat rian	ā tit~ tīˋ lɛ̄u~ kātˇ rīan	上週缺課	engine-auto	
中 1-3	ขาดงาน	khat ngan	kātˇ ngān	曠工 / 沒去上班	engine-auto	
中 1-3	ขาดต้มยำค่ะ	khat tom yam kha	kātˇ domˋ yam kaˋ	少了酸辣湯 (女)	engine-auto	
中 1-3	ขาดหนึ่งคน	khat nueng khon	kātˇ nɯngˇ kon	少了一個人	engine-auto	
中 1-3	บังเอิญ	bang oen	bhang ə̄n	剛好 / 碰巧 / 偶然	engine-auto	
中 1-3	บังเอิญเจอ	bang oen choe	bhang ə̄n jə̄	碰巧遇到	engine-auto	
中 1-3	บังเอิญเจอนักเรียน	bang oen choe nak rian	bhang ə̄n jə̄ nak~ rīan	碰巧遇到學生	engine-auto	
中 1-3	บังเอิญมาก	bang oen mak	bhang ə̄n mākˋ	很巧 / 非常巧	engine-auto	
中 1-3	บังเอิญมากค่ะ	bang oen mak kha	bhang ə̄n mākˋ kaˋ	很巧啊 (女)	engine-auto	
中 1-4	ช่วยตักต้มยำกุ้งให้หน่อย	chuai tak tom yam kung hai noi	chūayˋ dakˇ domˋ yam gungˋ haiˋ nɔ̄iˇ	請幫忙舀冬蔭功	engine-auto	
中 1-4	ช่วยตักส้มตำให้หน่อย	chuai tak som tam hai noi	chūayˋ dakˇ somˋ dam haiˋ nɔ̄iˇ	請幫忙舀涼拌木瓜絲	engine-auto	
中 1-4	ฉันตักไม่ถึง	chan tak mai thueng	chanˊ dakˇ maiˋ tɯngˊ	我舀不到	engine-auto	
中 1-4	ตักบาตร	tak bat	dakˇ bātˇ	托缽供僧	derived	
中 1-4	ใส่บาตร	sai bat	saiˇ bātˇ	供僧	derived	
中 1-4	ทุกเช้าจะเห็นคนตักบาตร	thuk chao cha hen khon tak bat	tuk~ chāu~ jaˇ henˊ kon dakˇ bātˇ	每天早上會看到人供僧	derived	
中 1-4	ทุกเช้าจะเห็นคนใส่บาตร	thuk chao cha hen khon sai bat	tuk~ chāu~ jaˇ henˊ kon saiˇ bātˇ	每天早上會看到人供僧	derived	
中 1-4	คุณยายตักบาตรทุกวัน	khun yai tak bat thuk wan	kun yāi dakˇ bātˇ tuk~ wan	奶奶每天供僧	derived	
中 1-4	ดึง	dueng	dhɯng	拉	engine-auto	
中 1-4	ดึงเสื้อ	dueng suea	dhɯng sɯ̄aˋ	拉衣服	engine-auto	
中 1-4	ดึงประตู	dueng pratu	dhɯng braˇ dū	拉門	engine-auto	
中 1-4	ไปออกกำลังกาย	pai ok kamlang kai	bai ɔ̄kˇ gam lang gāi	去運動	engine-auto	
中 1-4	ดึงแรงๆ	dueng raeng raeng	dhɯng rɛ̄ng rɛ̄ng	用力拉	engine-auto	
中 1-4	ดึงประตูไม่ออก	dueng pratu mai ok	dhɯng braˇ dū maiˋ ɔ̄kˇ	拉不開門	engine-auto	
中 1-4	ดึงลิ้นชัก	dueng lin chak	dhɯng lin~ chak~	拉開抽屜	engine-auto	
中 1-4	ลิ้นชัก	lin chak	lin~ chak~	抽屜	engine-auto	
中 1-4	กุญแจอยู่ที่ไหน	kunchae yu thi nai	gun jɛ̄ yūˋ tīˋ naiˊ	鑰匙在哪裡	engine-auto	
中 1-4	กุญแจอยู่ในลิ้นชัก	kunchae yu nai lin chak	gun jɛ̄ yūˋ nai lin~ chak~	鑰匙在抽屜裡	engine-auto	
中 1-4	เอาเงินเก็บไว้ในลิ้นชัก	ao ngoen kep wai nai lin chak	au ngə̄n gepˇ wai~ nai lin~ chak~	把錢收在抽屜裡	engine-auto	
中 1-4	เอาเงินเก็บไว้ที่ไหน	ao ngoen kep wai thi nai	au ngə̄n gepˇ wai~ tīˋ naiˊ	把錢收在哪裡	engine-auto	
中 1-4	เก็บไว้ในแบงค์	kep wai nai baeng	gepˇ wai~ nai bhɛ̄ng	存在銀行裡	engine-auto	
中 1-4	หยิบ	yip	yipˇ	拿取	engine-auto	
中 1-4	มือถืออยู่ไหน	mue thue yu nai	mɯ̄ tɯ̄ˊ yūˋ naiˊ	手機在哪裡	engine-auto	
中 1-4	ใครหยิบไป	khrai yip pai	krai yipˇ bai	誰拿走了	engine-auto	
中 1-4	ใครหยิบมือถือไป	khrai yip mue thue pai	krai yipˇ mɯ̄ tɯ̄ˊ bai	誰拿走手機了	engine-auto	
中 1-4	ช่วยหยิบให้หน่อย	chuai yip hai noi	chūayˋ yipˇ haiˋ nɔ̄iˇ	請幫忙拿一下	engine-auto	
中 1-4	ช่วยหยิบปากกาสีฟ้าให้หน่อย	chuai yip pakka si fa hai noi	chūayˋ yipˇ bākˇ gā sīˊ fā~ haiˋ nɔ̄iˇ	請幫忙拿藍色原子筆	engine-auto	
中 1-4	หยิบเก้าอี้	yip kaoi	yipˇ gāuˋ īˋ	拿椅子	engine-auto	
中 1-4	ช่วยหยิบทิชชู่ให้หน่อย	chuai yip thichu hai noi	chūayˋ yipˇ tit~ chūˋ haiˋ nɔ̄iˇ	請幫忙拿衛生紙	engine-auto	
中 1-4	เคี้ยว	khiao	kīau~	嚼	engine-auto	
中 1-4	เคี้ยวช้าๆหน่อย	khiao cha cha noi	kīau~ chā~ chā~ nɔ̄iˇ	嚼慢一點	engine-auto	
中 1-4	อย่าเคี้ยวเร็วเกินไป	ya khiao reo koen pai	yāˋ kīau~ rew gə̄n bai	別嚼太快	engine-auto	
中 1-4	เคี้ยวหมาก	khiao mak	kīau~ mākˇ	嚼檳榔	engine-auto	
中 1-4	เคี้ยวหมากทำให้เป็นมะเร็งได้	khiao mak tham hai pen mareng dai	kīau~ mākˇ tam haiˋ ben ma~ reng dhaiˋ	嚼檳榔會致癌	engine-auto	
中 1-4	ไม่ค่อยมีคนเคี้ยวหมากแล้ว	mai khoi mi khon khiao mak laeo	maiˋ kɔ̄iˋ mī kon kīau~ mākˇ lɛ̄u~	不太有人嚼檳榔了	engine-auto	
中 1-4	หมากฝรั่ง	mak farang	mākˇ faˇ rangˋ	口香糖	derived	
中 1-4	เขาชอบเคี้ยวหมากฝรั่ง	khao chop khiao mak farang	kāuˊ chɔ̄pˋ kīau~ mākˇ faˇ rangˋ	เขาชอบเคี้ยวหมากฝรั่ง	derived	
中 1-4	ไม่ชอบเคี้ยวหมากฝรั่ง	mai chop khiao mak farang	maiˋ chɔ̄pˋ kīau~ mākˇ faˇ rangˋ	不喜歡嚼口香糖	derived	
中 1-4	เมื่อยปาก	mueai pak	mɯ̄aiˋ bākˇ	嘴巴痠	engine-auto	
中 1-4	กอด	kot	gɔ̄tˇ	抱	engine-auto	
中 1-4	ฉันเครียดมากเลย	chan khriat mak loei	chanˊ krīatˋ mākˋ lə̄i	我壓力很大	engine-auto	
中 1-4	ไม่เครียดเลย	mai khriat loei	maiˋ krīatˋ lə̄i	一點都不覺得有壓力	engine-auto	
中 1-4	มีความสุขทุกวัน	mi khwam suk thuk wan	mī kwām sukˇ tuk~ wan	每天都很開心	engine-auto	
中 1-4	ให้ฉันกอดหน่อย	hai chan kot noi	haiˋ chanˊ gɔ̄tˇ nɔ̄iˇ	讓我抱一下	engine-auto	
中 1-4	ขอหน่อย	kho noi	kɔ̄ˊ nɔ̄iˇ	給我一點	engine-auto	
中 1-4	ขอเงินหน่อย	kho ngoen noi	kɔ̄ˊ ngə̄n nɔ̄iˇ	給我一點錢	engine-auto	
中 1-4	ขอกอดหน่อย	kho kot noi	kɔ̄ˊ gɔ̄tˇ nɔ̄iˇ	讓我抱一下	engine-auto	
中 1-4	ไม่เป็นไร สู้ๆนะ	mai pen rai su su na	maiˋ ben rai sūˋ sūˋ na~	沒關係加油喔	engine-auto	
中 1-4	กอดๆ ไม่เป็นไร สู้ๆนะ	kot kot mai pen rai su su na	gɔ̄tˇ gɔ̄tˇ maiˋ ben rai sūˋ sūˋ na~	抱抱沒關係加油喔	engine-auto	
中 1-4	กอดให้แน่น	kot hai naen	gɔ̄tˇ haiˋ nɛ̄nˋ	抱緊一點	engine-auto	
中 1-4	กอดแน่น	kot naen	gɔ̄tˇ nɛ̄nˋ	抱緊	engine-auto	
中 1-4	เลิกงาน	loek ngan	lə̄kˋ ngān	下班	engine-auto	
中 1-4	บนรถไฟฟ้าคนแน่นมาก	bon rot faifa khon naen mak	bhon rot~ fai fā~ kon nɛ̄nˋ mākˋ	捷運上人很擠	engine-auto	
中 1-4	บนรถเมล์คนแน่นมาก	bon rot me khon naen mak	bhon rot~ mē kon nɛ̄nˋ mākˋ	公車上人很擠	engine-auto	
中 1-4	คนแน่นมาก	khon naen mak	kon nɛ̄nˋ mākˋ	人非常擁擠	engine-auto	
中 1-4	วันนี้อยู่บ้าน	wan ni yu ban	wan nī~ yūˋ bhānˋ	今天待在家	engine-auto	
中 1-4	ขี่มอเตอร์ไซค์	khi motoesai	kīˇ mɔ̄ də̄ sai	騎機車	engine-auto	
中 1-4	รู้สึกแน่นหน้าอก	rusuek naen na ok	rū~ sɯkˇ nɛ̄nˋ nāˋ okˇ	覺得胸悶	derived	
中 1-4	เคยแน่นหน้าอก	khoei naen na ok	kə̄i nɛ̄nˋ nāˋ okˇ	曾經胸悶過	derived	
中 1-4	ย้าย	yai	yāi~	搬移	engine-auto	
中 1-4	ร้านนี้ย้ายไปไหน	ran ni yai pai nai	rān~ nī~ yāi~ bai naiˊ	這家店搬去ไหน	engine-auto	
中 1-4	เขาย้ายออกไปนานหรือยัง	khao yai ok pai nan rue yang	kāuˊ yāi~ ɔ̄kˇ bai nān rɯ̄ˊ yang	他搬出去很久了嗎	engine-auto	
中 1-4	ย้ายออกไป	yai ok pai	yāi~ ɔ̄kˇ bai	搬走	engine-auto	
中 1-4	เขาย้ายไปตั้งแต่เดือนที่แล้ว	khao yai pai tang tae duean thi laeo	kāuˊ yāi~ bai dangˋ dɛ̄ˇ dhɯ̄an tīˋ lɛ̄u~	他從上個月就搬走了	engine-auto	
中 1-4	ย้ายบ้าน	yai ban	yāi~ bhānˋ	搬家	engine-auto	
中 1-4	ย้ายเข้า	yai khao	yāi~ kāuˋ	搬進來	engine-auto	
中 1-4	ย้ายงาน	yai ngan	yāi~ ngān	換工作	engine-auto	
中 1-4	ย้ายตำแหน่ง	yai tamnaeng	yāi~ dam nɛ̄ngˇ	調職	engine-auto	
中 1-4	เขามีตำแหน่งอะไร	khao mi tamnaeng arai	kāuˊ mī dam nɛ̄ngˇ aˇ rai	他是什麼職位	engine-auto	
中 1-4	ตำแหน่งผู้จัดการ	tamnaeng phu chat kan	dam nɛ̄ngˇ pūˋ jatˇ gān	經理職位	engine-auto	
中 1-4	ตำแหน่งแม่บ้าน	tamnaeng mae ban	dam nɛ̄ngˇ mɛ̄ˋ bhānˋ	清潔員職位	engine-auto	
中 1-4	แทน	thaen	tɛ̄n	代替	engine-auto	
中 1-4	ปากกาน้ำเงิน	pakka namngoen	bākˇ gā nām~ ngə̄n	藍筆	engine-auto	
中 1-4	ใช้ปากกาดำแทนก็ได้	chai pakka dam thaen ko dai	chai~ bākˇ gā dham tɛ̄n gɔ̄ˋ dhaiˋ	用黑筆代替也可以	engine-auto	
中 1-4	ใช้ปากกาดำแทนไม่ได้	chai pakka dam thaen mai dai	chai~ bākˇ gā dham tɛ̄n maiˋ dhaiˋ	不能用黑筆代替	engine-auto	
中 1-4	ใช้ซีอิ๊วแทนน้ำปลาได้ไหม	chai si-io thaen nampla dai mai	chai~ sī iw~ tɛ̄n nām~ blā dhaiˋ maiˊ	可以用醬油代替魚露嗎	engine-auto	
中 1-4	จด	chot	jotˇ	記抄寫	derived	
中 1-4	จดทันไหม	chot than mai	jotˇ tan maiˊ	抄得及嗎	derived	
中 1-4	จดทัน	chot than	jotˇ tan	抄得及	derived	
中 1-4	รอแป๊บนึง	ro paep nueng	rɔ̄ bɛ̄p~ nɯng	等一下	engine-auto	
中 1-4	แป๊บนะ	paep na	bɛ̄p~ na~	等等	engine-auto	
中 1-4	ฉันไปเอาปากกามาจดก่อน	chan pai ao pakka ma chot kon	chanˊ bai au bākˇ gā mā jotˇ gɔ̄nˇ	我先去拿筆來記	derived	
中 1-4	ขอเชิญหมายเลข 123	kho choen mai lek nueng song sam	kɔ̄ˊ chə̄n māiˊ lēkˋ 123	請一二三號	engine-auto	
中 1-4	ที่เคาน์เตอร์ 1	thi khao toe nueng	tīˋ kāu də̄ 1	在一號櫃檯	engine-auto	
中 1-4	ตอนนี้ถึงหมายเลขที่เท่าไหร่แล้วคะ	ton ni thueng mai lek thi thao rai laeo kha	dɔ̄n nī~ tɯngˊ māiˊ lēkˋ tīˋ tāuˋ raiˇ lɛ̄u~ ka~	現在到幾號了	engine-auto	
中 1-4	ตอนนี้ถึงหมายเลขอะไรแล้วคะ	ton ni thueng mai lek arai laeo kha	dɔ̄n nī~ tɯngˊ māiˊ lēkˋ aˇ rai lɛ̄u~ ka~	現在到幾號了	engine-auto	
中 1-4	จดทะเบียน	chot thabian	jotˇ ta~ bhīan	登記註冊	derived	
中 1-4	ทะเบียนบ้าน	thabian ban	ta~ bhīan bhānˋ	戶口名簿	engine-auto	
中 1-4	ทะเบียนแต่งงาน	thabian taeng ngan	ta~ bhīan dɛ̄ngˇ ngān	結婚登記	engine-auto	
中 1-4	ทะเบียนรถ	thabian rot	ta~ bhīan rot~	車牌	engine-auto	
中 1-4	จำเลขทะเบียนรถได้ไหม	cham lek thabian rot dai mai	jam lēkˋ ta~ bhīan rot~ dhaiˋ maiˊ	記得車牌號碼嗎	engine-auto	
中 1-4	จดทะเบียนบริษัท	chot thabian borisat	jotˇ ta~ bhīan bhɔ̄ ri~ satˇ	公司註冊	derived	
中 1-4	จดทะเบียนร้านอาหาร	chot thabian ran ahan	jotˇ ta~ bhīan rān~ ā hānˊ	餐廳註冊	derived	
中 1-4	เตรียมตัวไปเที่ยว	triam tua pai thiao	drīam dūa bai tīauˋ	準備去旅遊	engine-auto	
中 1-4	เตรียมอาหารเช้า	triam ahan chao	drīam ā hānˊ chāu~	準備早餐	engine-auto	
中 1-4	ไข่กระทะ	khai kratha	kaiˇ graˇ ta~	平底鍋煎蛋	engine-auto	
中 1-4	เตรียมตัวสอบเข้ามหาวิทยาลัย	triam tua sop khao mahawitthayalai	drīam dūa sɔ̄pˇ kāuˋ ma~ hāˊ wi~ ta~ yā lai	準備考大學	derived	
中 1-4	พร้อม	phrom	prɔ̄m~	準備好	engine-auto	
中 1-4	อาหารเย็นพร้อมแล้ว	ahan yen phrom laeo	ā hānˊ yen prɔ̄m~ lɛ̄u~	晚餐準備好了	engine-auto	
中 1-4	กินได้แล้ว	kin dai laeo	gin dhaiˋ lɛ̄u~	可以吃了	engine-auto	
中 1-4	พร้อมประชุมหรือยัง	phrom prachum rue yang	prɔ̄m~ braˇ chum rɯ̄ˊ yang	準備好開會了嗎	engine-auto	
中 1-4	ฉันพร้อมแล้ว	chan phrom laeo	chanˊ prɔ̄m~ lɛ̄u~	我準備好了	engine-auto	
中 1-4	ยังไม่พร้อม	yang mai phrom	yang maiˋ prɔ̄m~	還沒準備好	engine-auto	
中 1-4	ผมพร้อมเริ่มงานใหม่แล้ว	phom phrom roem ngan mai laeo	pomˊ prɔ̄m~ rə̄mˋ ngān maiˇ lɛ̄u~	我準備好開始新工作了	engine-auto	
中 1-4	เซ็นชื่อตรงนี้ค่ะ	sen chue trong ni kha	sen chɯ̄ˋ drong nī~ kaˋ	請在這裡簽名	engine-auto	
中 1-4	เซ็นสัญญาซื้อบ้าน	sen sanya sue ban	sen sanˊ yā sɯ̄~ bhānˋ	簽買房合約	engine-auto	
中 1-4	ขอลายเซ็นหน่อยได้ไหมคะ	kho lai sen noi dai mai kha	kɔ̄ˊ lāi sen nɔ̄iˇ dhaiˋ maiˊ ka~	可以請你簽名嗎	engine-auto	
中 1-4	ขาดเงิน	khat ngoen	kātˇ ngə̄n	缺錢	engine-auto	
中 1-4	ทอนเงินขาด	thon ngoen khat	tɔ̄n ngə̄n kātˇ	找零少給了	engine-auto	
中 1-4	ทอนเงินขาด 1000 บาท	thon ngoen khat nueng phan bat	tɔ̄n ngə̄n kātˇ 1000 bhātˇ	找錢少了一千泰銖	engine-auto	
中 1-4	ถ้าขาดอะไรก็บอกนะ	tha khat arai ko bok na	tāˋ kātˇ aˇ rai gɔ̄ˋ bhɔ̄kˇ na~	如果缺什麼就說喔	engine-auto	
中 1-4	กระดาษขาด	kradat khat	graˇ dhātˇ kātˇ	紙破了	engine-auto	
中 1-4	แบงค์ขาด	baeng khat	bhɛ̄ng kātˇ	鈔票破了	engine-auto	
中 1-4	เสื้อขาด	suea khat	sɯ̄aˋ kātˇ	衣服破了	engine-auto	
中 1-4	บังเอิญ	bang-oen	bhang ə̄n	偶然碰巧	engine-auto	
中 1-4	ฉันบังเอิญผ่านมาแถวนี้	chan bang-oen phan ma thaeo ni	chanˊ bhang ə̄n pānˇ mā tɛ̄uˊ nī~	我碰巧經過這附近	engine-auto	
中 1-4	บังเอิญเจอเพื่อนใหม่	bang-oen choe phuean mai	bhang ə̄n jə̄ pɯ̄anˋ maiˇ	碰巧遇到新朋友	engine-auto	
中 1-4	บังเอิญเจอแฟนเก่า	bang-oen choe faen kao	bhang ə̄n jə̄ fɛ̄n gāuˇ	碰巧遇到前任	engine-auto	
中 1-4	บนสะพานลอย	bon saphan loi	bhon saˇ pān lɔ̄i	在天橋上	engine-auto	
中 1-4	8 เดือนที่ผ่านมา	paet duean thi phan ma	8 dhɯ̄an tīˋ pānˇ mā	過去八個月	engine-auto	
中 1-4	ภาษาไทยก้าวหน้าเยอะ	phasa thai kao na yoe	pā sāˊ tai gāuˋ nāˋ yə~	泰語進步很多	engine-auto	
中 1-4	เรื่องที่ผ่านมา	rueang thi phan ma	rɯ̄angˋ tīˋ pānˇ mā	過去的事情	engine-auto	
中 1-4	พวกเราลืมมันเถอะ	phuak rao luem man thoe	pūakˋ rāu lɯ̄m man təˇ	我們忘了它吧	engine-auto	
中 1-4	วันนี้มีนัด	wan ni mi nat	wan nī~ mī nat~	今天有約	engine-auto	
中 1-4	ถ้าเขาไม่มาผิดนัด	tha khao mai ma phit nat	tāˋ kāuˊ maiˋ mā pitˇ nat~	如果他不來就是爽約	engine-auto	
中 1-4	ห้ามผิดนัด	ham phit nat	hāmˋ pitˇ nat~	禁止爽約	engine-auto	
中 1-4	นัดกับเพื่อน	nat kap phuean	nat~ gapˇ pɯ̄anˋ	和朋友約	engine-auto	
中 1-4	วันนี้นัดกับเพื่อนค่ะ	wan ni nat kap phuean kha	wan nī~ nat~ gapˇ pɯ̄anˋ kaˋ	今天和朋友有約	engine-auto	
中 1-4	มีนัดกับใคร	mi nat kap khrai	mī nat~ gapˇ krai	和誰有約	engine-auto	
中 1-4	นัดกี่โมง	nat ki mong	nat~ gīˇ mōng	約幾點	engine-auto	
中 1-4	นัด 8 น.	nat paet no		約八點	unresolved	英文外來語/正式縮寫/原始資料異常，見全課-仍不確定清單.tsv
中 1-4	ตลาดนัด	talat nat	daˇ lātˋ nat~	市集夜市	engine-auto	
中 1-4	ตลาดวันจันทร์วันพุธวันศุกร์	talat wan chan wan phut wan suk	daˇ lātˋ wan jan wan put~ wan sukˇ	星期一三五的市集	derived	
中 1-4	เคยไปตลาดนัดจตุจักรคะ	khoei pai talat nat chatuchak kha	kə̄i bai daˇ lātˋ nat~ jaˇ duˇ jakˇ ka~	曾經去過恰圖恰市集嗎	derived	
中 1-4	รวม	ruam	rūam	包含	engine-auto	
中 1-4	รวมอาหารเช้า	ruam ahan chao	rūam ā hānˊ chāu~	包含早餐	engine-auto	
中 1-4	ยังไม่รวมอาหารเช้า	yang mai ruam ahan chao	yang maiˋ rūam ā hānˊ chāu~	還沒包含早餐	engine-auto	
中 1-4	ภาษี	phasi	pā sīˊ	稅	engine-auto	
中 1-4	รวมภาษี	ruam phasi	rūam pā sīˊ	含稅	engine-auto	
中 1-4	รวมภาษีแล้ว	ruam phasi laeo	rūam pā sīˊ lɛ̄u~	已經含稅了	engine-auto	
中 1-4	เสียภาษี	sia phasi	sīaˊ pā sīˊ	繳稅	engine-auto	
中 1-4	จ่าย	chai	jāiˇ	支付	engine-auto	
中 1-4	รวมแวต	ruam waet	rūam wɛ̄tˋ	含增值稅	engine-auto	
中 1-4	รวมแวตแล้ว	ruam waet laeo	rūam wɛ̄tˋ lɛ̄u~	已經含增值稅了	engine-auto	
中 1-4	รวมค่าบริการ	ruam kha borikan	rūam kāˋ bhɔ̄ ri~ gān	包含服務費	derived	
中 1-4	ค่าบริการ 10%	kha borikan sip poesen	kāˋ bhɔ̄ ri~ gān 10%	百分之十服務費	derived	
中 1-4	รวมแล้ว	ruam laeo	rūam lɛ̄u~	包含了	engine-auto	
中 1-4	รวมคุณแล้ว	ruam khun laeo	rūam kun lɛ̄u~	包含你在內了	engine-auto	
中 1-4	ยังไม่รวม	yang mai ruam	yang maiˋ rūam	還沒包含	engine-auto	
中 1-4	ผัดผักรวมมิตร	phat phak ruam mit	patˇ pakˇ rūam mit~	綜合炒蔬菜	derived	
中 1-4	รวมมิตร	ruam mit	rūam mit~	綜合	derived	
中 1-4	รวมสีดำรวมกับสีขาวเป็นสีเทา	ruam si dam ruam kap si khao pen si thao	rūam sīˊ dham rūam gapˇ sīˊ kāuˊ ben sīˊ tāu	黑色加白色變成灰色	engine-auto	
中 1-4	แถม	thaem	tɛ̄mˊ	贈送	engine-auto	
中 1-4	ซื้อ 1 แถม 1	sue nueng thaem nueng	sɯ̄~ 1 tɛ̄mˊ 1	買一送一	engine-auto	
中 1-4	ซื้ออันใหญ่แถมอันเล็ก	sue an yai thaem an lek	sɯ̄~ an yaiˇ tɛ̄mˊ an lek~	買大的送小的	engine-auto	
中 1-4	ซื้อ 2 แถม 1	sue song thaem nueng	sɯ̄~ 2 tɛ̄mˊ 1	買二送一	engine-auto	
中 1-4	ฟรี	fri	frī	免費	engine-auto	
中 1-4	ของแถม	khong thaem	kɔ̄ngˊ tɛ̄mˊ	贈品	engine-auto	
中 1-4	มีของแถมเยอะมาก	mi khong thaem yoe mak	mī kɔ̄ngˊ tɛ̄mˊ yə~ mākˋ	有很多贈品	engine-auto	
中 1-4	ฝัน	fan	fanˊ	夢	engine-auto	
中 1-4	เคยฝันร้าย	khoei fan rai	kə̄i fanˊ rāi~	曾經做噩夢	engine-auto	
中 1-4	ฝันเป็นจริง	fan pen ching	fanˊ ben jing	夢想成真	derived	
中 1-4	ขอให้ฝันเป็นจริง	kho hai fan pen ching	kɔ̄ˊ haiˋ fanˊ ben jing	祝你夢想成真	derived	
中 1-4	ฝันกลางวัน	fan klang wan	fanˊ glāng wan	白日夢	engine-auto	
中 1-4	พรุ่งนี้ฉันจะเป็นมหาเศรษฐี	phrung ni chan cha pen mahasetthi	prungˋ nī~ chanˊ jaˇ ben ma~ hāˊ srētˇ tīˊ	明天我會成為億萬富翁	derived	
中 1-4	ฝันไปเถอะ	fan pai thoe	fanˊ bai təˇ	做夢吧	engine-auto	
中 1-4	กินเถอะ	kin thoe	gin təˇ	吃吧	engine-auto	
中 1-4	ไปเถอะ	pai thoe	bai təˇ	走吧	engine-auto	
中 1-4	มาเถอะ	มาเถอะ	mā təˇ	來吧	engine-auto	
中 1-4	ชอบยก	chop yok	chɔ̄pˋ yok~	喜歡舉	derived	
中 1-4	ยกมือ	yok mue	yok~ mɯ̄	舉手	derived	
中 1-4	ยกมือถามได้	yok mue tham dai	yok~ mɯ̄ tāmˊ dhaiˋ	可以舉手發問	derived	
中 1-4	ยกมือไหว้	yok mue wai	yok~ mɯ̄ waiˋ	舉手合十禮	derived	
中 1-4	ยกโต๊ะ	yok to	yok~ do~	搬桌子	derived	
中 1-4	หยิบ	yip	yipˇ	拿	engine-auto	
中 1-4	ยกโต๊ะคนเดียวก็ได้	yok to khon diao ko dai	yok~ do~ kon dhīau gɔ̄ˋ dhaiˋ	一個人搬桌子也可以	derived	
中 1-4	ยกตัวอย่าง	yok tua yang	yok~ dūa yāngˋ	舉例	derived	
中 1-4	อาหารไต้หวันมีอะไรอร่อยบ้าง	ahan taiwan mi arai aroi bang	ā hānˊ daiˋ wanˊ mī aˇ rai aˇ rɔ̄iˋ bhāngˋ	台灣食物有什麼好吃的	engine-auto	
中 1-4	ยกตัวอย่างให้ฟังหน่อย	yok tua yang hai fang noi	yok~ dūa yāngˋ haiˋ fang nɔ̄iˇ	請舉例給我聽	derived	
中 1-4	ยกโทษ	yok thot	yok~ tōtˋ	原諒	derived	
中 1-4	ยกโทษให้ฉันนะ	yok thot hai chan na	yok~ tōtˋ haiˋ chanˊ na~	原諒我吧	derived	
中 1-4	ดีกันนะ	di kan na	dhī gan na~	和好吧	engine-auto	
中 1-4	ช่วยยกของหน่อย	chuai yok khong noi	chūayˋ yok~ kɔ̄ngˊ nɔ̄iˇ	請幫忙搬東西	derived	
中 1-4	ช่วยยกกระเป๋าเดินทางหน่อย	chuai yok krapao doen thang noi	chūayˋ yok~ graˇ bāuˊ dhə̄n tāng nɔ̄iˇ	請幫忙提行李箱	derived	
中 1-4	ตั้งตัว	tang tua	dangˋ dūa	立足	engine-auto	
中 1-4	ตั้งใจ	tang chai	dangˋ jai	專心用心	book-exact	(book-exact已用引擎重新驗證)
中 1-4	ตั้งโรงงาน	tang rong ngan	dangˋ rōng ngān	設立工廠	engine-auto	
中 1-4	เขาไปตั้งโรงงานที่เมืองไทย	khao pai tang rong ngan thi mueang thai	kāuˊ bai dangˋ rōng ngān tīˋ mɯ̄ang tai	他去泰國設立工廠	engine-auto	
中 1-4	ตั้งบริษัท	tang borisat	dangˋ bhɔ̄ ri~ satˇ	設立公司	derived	
中 1-4	ตั้งนาฬิกา	tang nalika	dangˋ nā li~ gā	設鬧鐘	engine-auto	
中 1-4	ตั้งเวลา	tang wela	dangˋ wē lā	設定時間	engine-auto	
中 1-4	ตั้งตัวแทนขาย	tang tua thaen khai	dangˋ dūa tɛ̄n kāiˊ	設立銷售代理	engine-auto	
中 1-4	ตัวแทน	tua thaen	dūa tɛ̄n	代表代理	engine-auto	
中 1-4	ตัวแทนขาย	tua thaen khai	dūa tɛ̄n kāiˊ	銷售代理	engine-auto	
中 1-4	ตัวแทนบริษัท	tua thaen borisat	dūa tɛ̄n bhɔ̄ ri~ satˇ	公司代表	derived	
中 1-4	ตัวแทนโรงเรียน	tua thaen rong rian	dūa tɛ̄n rōng rīan	學校代表	engine-auto	
中 1-4	ตั้งใจเรียน	tang chai rian	dangˋ jai rīan	專心學習	engine-auto	
中 1-4	ผลิต	phalit	paˇ lit~	生產製造	engine-auto	
中 1-4	โรงงานผลิตสินค้า	rong ngan phalit sinkha	rōng ngān paˇ lit~ sinˊ kā~	工廠生產商品	engine-auto	
中 1-4	สินค้า	sinkha	sinˊ kā~	商品	engine-auto	
中 1-4	เซเว่นขายสินค้าอะไร	sewen khai sinkha arai	sē wēnˋ kāiˊ sinˊ kā~ aˇ rai	便利商店賣什麼商品	engine-auto	
中 1-4	ผลิตสายไฟ	phalit sai fai	paˇ lit~ sāiˊ fai	生產電線	engine-auto	
中 1-4	สายไฟ	sai fai	sāiˊ fai	電線	engine-auto	
中 1-4	ผลิตชิ้นส่วนคอม	ผลิตชิ้นส่วนคอม	paˇ lit~ chin~ sūanˇ kɔ̄m	生產電腦零件	engine-auto	
中 1-4	ชิ้นส่วน	chin suan	chin~ sūanˇ	零件	engine-auto	
中 1-4	ชิ้นส่วนรถยนต์	chin suan rot yon	chin~ sūanˇ rot~ yon	汽車零件	derived	
中 1-4	ชิ้นส่วนเครื่องบิน	chin suan khrueang bin	chin~ sūanˇ krɯ̄angˋ bhin	飛機零件	engine-auto	
中 1-4	แผนกผลิต	phaenaek phalit	paˇ nɛ̄kˋ paˇ lit~	生產部門	derived	
中 1-4	แผนก	phaenaek	paˇ nɛ̄kˋ	部門	derived	
中 1-4	ทำงานแผนกไหน	tham ngan phaenaek nai	tam ngān paˇ nɛ̄kˋ naiˊ	在哪個部門工作	derived	
中 1-4	ส่ง	song	songˇ	送寄	derived	
中 1-4	รถรับส่ง	rot rap song	rot~ rap~ songˇ	接送車	derived	
中 1-4	ส่งออก	song ok	songˇ ɔ̄kˇ	出口	derived	
中 1-4	ส่งออกชิ้นส่วนคอม	song ok chin suan khom	songˇ ɔ̄kˇ chin~ sūanˇ kɔ̄m	出口電腦零件	derived	
中 1-4	ส่งลูกไปเรียน	song luk pai rian	songˇ lūkˋ bai rīan	送孩子去上學	derived	
中 1-4	ไม่ต้องส่งลูกไปโรงเรียน	mai tong song luk pai rong rian	maiˋ dɔ̄ngˋ songˇ lūkˋ bai rōng rīan	不用送孩子去學校	derived	
中 1-4	ส่งไปเรียนเมืองนอก	song pai rian mueang nok	songˇ bai rīan mɯ̄ang nɔ̄kˋ	送去國外讀書	derived	
中 1-4	หลง	long	longˊ	迷路迷戀迷失	derived	
中 1-4	หลงทาง	long thang	longˊ tāng	迷路	derived	
中 1-4	หลงทางบ่อยๆค่ะ	long thang boi boi kha	longˊ tāng bhɔ̄iˇ bhɔ̄iˇ kaˋ	經常迷路	derived	
中 1-4	หลงเชื่อ	long chuea	longˊ chɯ̄aˋ	誤信	derived	
中 1-4	อย่าหลงเชื่อ	ya long chuea	yāˋ longˊ chɯ̄aˋ	別誤信	derived	
中 1-4	เขาหลอกคุณ	khao lok khun	kāuˊ lɔ̄kˇ kun	เขาหลอกคุณ	engine-auto	
中 1-4	หลงรัก	long rak	longˊ rak~	迷戀	derived	
中 1-4	ขี้หลงขี้ลืม	khi long khi luem	kīˋ longˊ kīˋ lɯ̄m	健忘	derived	
中 1-4	คนแก่ขี้หลงขี้ลืม	khon kae khi long khi luem	kon gɛ̄ˇ kīˋ longˊ kīˋ lɯ̄m	老人健忘	derived	
中 1-4	ลอง	long	lɔ̄ng	嘗試	engine-auto	
中 1-4	ลองชิม	long chim	lɔ̄ng chim	試吃	engine-auto	
中 1-4	ลองชิมได้มั้ยคะ	long chim dai mai kha	lɔ̄ng chim dhaiˋ mai~ ka~	可以試吃嗎	engine-auto	
中 1-4	ลองใส่	long sai	lɔ̄ng saiˇ	試穿	engine-auto	
中 1-4	ต้องลองใส่ก่อน	tong long sai kon	dɔ̄ngˋ lɔ̄ng saiˇ gɔ̄nˇ	必須先試穿	engine-auto	
中 1-4	ลองคิดดูสิ	long khit du si	lɔ̄ng kit~ dhū siˇ	試著想想看	engine-auto	
中 1-4	ลองเรียน	long rian	lɔ̄ng rīan	試學試聽	engine-auto	
中 1-4	ลองใจ	long chai	lɔ̄ng jai	試探心意	engine-auto	
中 1-4	ห้องลองเสื้อ	hong long suea	hɔ̄ngˋ lɔ̄ng sɯ̄aˋ	試衣間	engine-auto	
中 1-4	มีห้องลองเสื้อไหมคะ	mi hong long suea mai kha	mī hɔ̄ngˋ lɔ̄ng sɯ̄aˋ maiˊ ka~	有試衣間嗎	engine-auto	
中 1-4	ลองอยู่ก่อนแต่ง	long yu kon taeng	lɔ̄ng yūˋ gɔ̄nˇ dɛ̄ngˇ	試婚同居	engine-auto	
中 1-4	ความสามารถ	khwam samat	kwām sāˊ mātˋ	能力	derived	
中 1-4	ความสามารถฉันยังไม่พอ	khwam samat chan yang mai pho	kwām sāˊ mātˋ chanˊ yang maiˋ pɔ̄	我的能力還不夠	derived	
中 1-4	คุณมีความสามารถอะไรบ้าง	khun mi khwam samat arai bang	kun mī kwām sāˊ mātˋ aˇ rai bhāngˋ	你有什麼能力	derived	
中 1-4	ฉันสามารถพูดภาษาไทยได้	chan samat phut phasa thai dai	chanˊ sāˊ mātˋ pūtˋ pā sāˊ tai dhaiˋ	我能說泰語	derived	
中 1-4	สามารถ	samat	sāˊ mātˋ	能夠	derived	
中 1-4	พยายาม	phayayam	pa~ yā yām	努力	derived	
中 1-4	ทำได้	tham dai	tam dhaiˋ	做得到	engine-auto	
中 1-4	ถ้าคุณพยายามก็สามารถทำได้	tha khun phayayam ko samat tham dai	tāˋ kun pa~ yā yām gɔ̄ˋ sāˊ mātˋ tam dhaiˋ	如果你努力就能做到	derived	
中 1-4	พยายามเรียน	phayayam rian	pa~ yā yām rīan	努力學習	derived	
中 1-4	พยายามพูด	phayayam phut	pa~ yā yām pūtˋ	努力說	derived	
中 1-4	ออกแบบแล้วก็ผลิตด้วย	ok baep laeo ko phalit duai	ɔ̄kˇ bhɛ̄pˇ lɛ̄u~ gɔ̄ˋ paˇ lit~ dhūayˋ	設計並且製造	engine-auto	
中 1-4	ออกแบบ	ok baep	ɔ̄kˇ bhɛ̄pˇ	設計	engine-auto	
中 1-4	อย่าทำแบบนี้	ya tham baep ni	yāˋ tam bhɛ̄pˇ nī~	別這樣做	engine-auto	
中 1-4	แล้วก็	laeo ko	lɛ̄u~ gɔ̄ˋ	然後	engine-auto	
中 1-4	แล้วค่อย	laeo khoi	lɛ̄u~ kɔ̄iˋ	然後才	engine-auto	
中 1-4	กินข้าวแล้วค่อยไปอาบน้ำ	กินข้าวแล้วค่อยไปอาบน้ำ	gin kāuˋ lɛ̄u~ kɔ̄iˋ bai āpˇ nām~	吃飯然後才去洗澡	engine-auto	
中 1-4	อธิบาย	athibai	aˇ ti~ bhāi	解釋	derived	
中 1-4	อธิบายให้ฟังหน่อย	athibai hai fang noi	aˇ ti~ bhāi haiˋ fang nɔ̄iˇ	請解釋給我聽	derived	
中 1-4	อธิบายทีหลัง	athibai thi lang	aˇ ti~ bhāi tī langˊ	之後再解釋	derived	
中 1-4	อ่านก่อนแล้วค่อยอธิบายทีหลัง	an kon laeo khoi athibai thi lang	ānˇ gɔ̄nˇ lɛ̄u~ kɔ̄iˋ aˇ ti~ bhāi tī langˊ	先讀然後再解釋	derived	
中 1-4	เรื่องนี้อธิบายยากนะ	rueang ni athibai yak na	rɯ̄angˋ nī~ aˇ ti~ bhāi yākˋ na~	這件事很難解釋	book-exact	(book-exact已用引擎重新驗證)
中 1-4	ไม่รู้จะอธิบายยังไง	mai ru cha athibai yang ngai	maiˋ rū~ jaˇ aˇ ti~ bhāi yang ngai	不知道要怎麼解釋	derived	
中 1-4	แบบ	baep	bhɛ̄pˇ	款式樣式這樣	engine-auto	
中 1-4	จำได้	cham dai	jam dhaiˋ	記得	engine-auto	
中 1-4	อยาก	yak	yākˋ	想要	engine-auto	
中 1-4	ห้ามทำแบบนี้	ham tham baep ni	hāmˋ tam bhɛ̄pˇ nī~	禁止這樣做	engine-auto	
中 1-4	ชอบแบบไหน	chop baep nai	chɔ̄pˋ bhɛ̄pˇ naiˊ	喜歡哪種款式	engine-auto	
中 1-4	วันศุกร์หน้าเจอกันค่ะ	wan suk na choe kan kha	wan sukˇ nāˋ jə̄ gan kaˋ	下週五見	engine-auto	
中 1-4	วันนี้ขอบคุณค่ะ	wan ni khop khun kha	wan nī~ kɔ̄pˇ kun kaˋ	今天謝謝	engine-auto	
中 1-5	นัด	nat	nat~	約/預約	engine-auto	
中 1-5	อย่าลืมวันนี้เรามีนัดกันนะ	ya luem wan ni rao mi nat gan na	yāˋ lɯ̄m wan nī~ rāu mī nat~ gan na~	別忘了今天我們有約喔	engine-auto	
中 1-5	เขานัดพวกเรา 8.30 น.	khao nat phuak rao paet mong khrueng		他約我們8點半	unresolved	英文外來語/正式縮寫/原始資料異常，見全課-仍不確定清單.tsv
中 1-5	ผิดนัด	phit nat	pitˇ nat~	爽約/失約	engine-auto	
中 1-5	นัดแล้วแต่ผิดนัด	nat laeo tae phit nat	nat~ lɛ̄u~ dɛ̄ˇ pitˇ nat~	約了卻爽約	engine-auto	
中 1-5	รวม	ruam	rūam	包含/包括	engine-auto	
中 1-5	ราคานี้รวมค่าบริการหรือยัง	rakha ni ruam kha borikan rue yang	rā kā nī~ rūam kāˋ bhɔ̄ ri~ gān rɯ̄ˊ yang	這個價格包含服務費了嗎	derived	
中 1-5	ราคานี้รวมอะไรบ้าง	rakha ni ruam arai bang	rā kā nī~ rūam aˇ rai bhāngˋ	這個價格包含什麼	engine-auto	
中 1-5	รถรับส่ง	rot rap song	rot~ rap~ songˇ	接送車	derived	
中 1-5	อาหารเช้า	ahan chao	ā hānˊ chāu~	早餐	engine-auto	
中 1-5	รวมรถรับส่งกับอาหารเช้า	ruam rot rap song gap ahan chao	rūam rot~ rap~ songˇ gapˇ ā hānˊ chāu~	包含接送和早餐	derived	
中 1-5	ภาษี	phasi	pā sīˊ	稅	engine-auto	
中 1-5	ไม่ต้องเสียภาษี	mai tong sia phasi	maiˋ dɔ̄ngˋ sīaˊ pā sīˊ	不用繳稅	engine-auto	
中 1-5	ไม่ต้องจ่ายภาษี	mai tong jai phasi	maiˋ dɔ̄ngˋ jāiˇ pā sīˊ	不用付稅	engine-auto	
中 1-5	ต้องเสียภาษี 5%	tong sia phasi ha poesen	dɔ̄ngˋ sīaˊ pā sīˊ 5%	必須繳納5%的稅	engine-auto	
中 1-5	ราคานี้รวมแวตแล้ว	rakha ni ruam waet laeo	rā kā nī~ rūam wɛ̄tˋ lɛ̄u~	這個價格已含增值稅	engine-auto	
中 1-5	ขอบคุณที่ใช้บริการ	khop khun thi chai borikan	kɔ̄pˇ kun tīˋ chai~ bhɔ̄ ri~ gān	感謝您使用我們的服務	derived	
中 1-5	โรงแรม 5 ดาว	rongraem ha dao	rōng rɛ̄m 5 dhāu	五星級飯店	engine-auto	
中 1-5	บริการดีมาก	borikan di mak	bhɔ̄ ri~ gān dhī mākˋ	服務非常好	derived	
中 1-5	แถม	thaem	tɛ̄mˊ	贈送/贈品	engine-auto	
中 1-5	ซื้อ 1 แถม 1	sue nueng thaem nueng	sɯ̄~ 1 tɛ̄mˊ 1	買一送一	engine-auto	
中 1-5	คุณซื้อเยอะ	khun sue yoe	kun sɯ̄~ yə~	你買很多	engine-auto	
中 1-5	ฉันแถมให้ 2 ลูก	chan thaem hai song luk	chanˊ tɛ̄mˊ haiˋ 2 lūkˋ	我多送你兩顆	engine-auto	
中 1-5	ถ้าซื้อเยอะ	tha sue yoe	tāˋ sɯ̄~ yə~	如果買很多	engine-auto	
中 1-5	ของแถม	khong thaem	kɔ̄ngˊ tɛ̄mˊ	贈品	engine-auto	
中 1-5	มีของแถมให้นะคะ	mi khong thaem hai na kha	mī kɔ̄ngˊ tɛ̄mˊ haiˋ na~ ka~	有贈品給您喔	engine-auto	
中 1-5	ฝันร้าย	fan rai	fanˊ rāi~	噩夢	engine-auto	
中 1-5	เคยฝันร้าย	khoei fan rai	kə̄i fanˊ rāi~	曾經做過噩夢	engine-auto	
中 1-5	ฝันกลางวัน	fan klang wan	fanˊ glāng wan	白日夢	engine-auto	
中 1-5	เคยฝันกลางวันมั้ย	khoei fan klang wan mai	kə̄i fanˊ glāng wan mai~	曾經做過白日夢嗎	engine-auto	
中 1-5	ยกโทษ	yok thot	yok~ tōtˋ	原諒	derived	
中 1-5	ขอโทษนะ ยกโทษให้ฉันนะคะ	kho thot na yok thot hai chan na kha	kɔ̄ˊ tōtˋ na~ yok~ tōtˋ haiˋ chanˊ na~ ka~	對不起，請原諒我	derived	
中 1-5	ไม่ ฉันไม่ยกโทษให้คุณ	mai chan mai yok thot hai khun	maiˋ chanˊ maiˋ yok~ tōtˋ haiˋ kun	不，我不原諒你	derived	
中 1-5	สงสัย	songsai	songˊ saiˊ	懷疑/有疑問	derived	
中 1-5	ถ้ามีอะไรสงสัย	tha mi arai songsai	tāˋ mī aˇ rai songˊ saiˊ	如果有任何疑問	derived	
中 1-5	ยกมือถามได้นะ	yok mue tham dai na	yok~ mɯ̄ tāmˊ dhaiˋ na~	可以舉手發問	derived	
中 1-5	ยกตัวอย่าง	yok tua yang	yok~ dūa yāngˋ	舉例	derived	
中 1-5	สินค้าไต้หวัน	sinkha taiwan	sinˊ kā~ daiˋ wanˊ	台灣商品	engine-auto	
中 1-5	สินค้าไต้หวันมีอะไรบ้าง	sinkha taiwan mi arai bang	sinˊ kā~ daiˋ wanˊ mī aˇ rai bhāngˋ	台灣商品有什麼	engine-auto	
中 1-5	ช่วยยกตัวอย่างให้ฟังหน่อย	chuai yok tua yang hai fang noi	chūayˋ yok~ dūa yāngˋ haiˋ fang nɔ̄iˇ	請舉個例子給我聽聽	derived	
中 1-5	ตั้ง	tang	dangˋ	設立/設定	engine-auto	
中 1-5	โรงงาน	rongngan	rōng ngān	工廠	engine-auto	
中 1-5	นักธุรกิจชาวไต้หวัน	nak thurakit chao taiwan	nak~ tun gitˇ chāu daiˋ wanˊ	台灣商人	engine-auto	
中 1-5	ไปตั้งโรงงานที่เมืองไทย	pai tang rongngan thi mueang thai	bai dangˋ rōng ngān tīˋ mɯ̄ang tai	去泰國設立工廠	engine-auto	
中 1-5	ตั้งบริษัท	tang borisat	dangˋ bhɔ̄ ri~ satˇ	設立公司	derived	
中 1-5	ใครตั้งบริษัท TSMC	khrai tang borisat TSMC	krai dangˋ bhɔ̄ ri~ satˇ TSMC	誰創立了TSMC	derived	
中 1-5	ตั้งนาฬิกา	tang nalika	dangˋ nā li~ gā	設鬧鐘	engine-auto	
中 1-5	เมื่อคืนลืมตั้งนาฬิกา	muea khuen luem tang nalika	mɯ̄aˋ kɯ̄n lɯ̄m dangˋ nā li~ gā	昨晚忘記設鬧鐘	engine-auto	
中 1-5	ฉันตั้งนาฬิกา	tang nalika	chanˊ dangˋ nā li~ gā	我設鬧鐘	engine-auto	
中 1-5	ก็เลยตื่นสาย	ko loei tuen sai	gɔ̄ˋ lə̄i dɯ̄nˇ sāiˊ	所以晚起了	engine-auto	
中 1-5	ตัวแทน	tuathaen	dūa tɛ̄n	代表/代理	engine-auto	
中 1-5	ตัวแทนโรงเรียน	tuathaen rongrian	dūa tɛ̄n rōng rīan	學校代表	engine-auto	
中 1-5	เขาเป็นตัวแทนโรงเรียน	khao pen tuathaen rongrian	kāuˊ ben dūa tɛ̄n rōng rīan	他是學校代表	engine-auto	
中 1-5	พวกเราเป็นตัวแทนบริษัท	phuak rao pen tuathaen borisat	pūakˋ rāu ben dūa tɛ̄n bhɔ̄ ri~ satˇ	我們是公司代表	derived	
中 1-5	ไปประชุมนานาชาติ	pai prachum nanachat	bai braˇ chum nā nā chātˋ	去參加國際會議	derived	
中 1-5	ตั้งตัวแทนขายที่เมืองไทย	tang tuathaen khai thi mueang thai	dangˋ dūa tɛ̄n kāiˊ tīˋ mɯ̄ang tai	在泰國設立銷售代理	engine-auto	
中 1-5	ผลิต	phalit	paˇ lit~	生產/製造	engine-auto	
中 1-5	โรงงานของคุณผลิตสินค้าอะไร	rongngan khong khun phalit sinkha arai	rōng ngān kɔ̄ngˊ kun paˇ lit~ sinˊ kā~ aˇ rai	你的工廠生產什麼產品	engine-auto	
中 1-5	โรงงานของฉันผลิตสายไฟ	rongngan khong chan phalit sai fai	rōng ngān kɔ̄ngˊ chanˊ paˇ lit~ sāiˊ fai	我的工廠生產電線	engine-auto	
中 1-5	โรงงานของฉันผลิตชิ้นส่วนคอม	rongngan khong chan phalit chin suan khom	rōng ngān kɔ̄ngˊ chanˊ paˇ lit~ chin~ sūanˇ kɔ̄m	我的工廠生產電腦零件	engine-auto	
中 1-5	ออกแบบ	okbaep	ɔ̄kˇ bhɛ̄pˇ	設計	engine-auto	
中 1-5	ออกแบบรถ	okbaep rot	ɔ̄kˇ bhɛ̄pˇ rot~	設計汽車	engine-auto	
中 1-5	ออกแบบบ้าน	okbaep ban	ɔ̄kˇ bhɛ̄pˇ bhānˋ	設計房子	engine-auto	
中 1-5	ออกแบบเสื้อ	okbaep suea	ɔ̄kˇ bhɛ̄pˇ sɯ̄aˋ	設計衣服	engine-auto	
中 1-5	นักออกแบบ	nak okbaep	nak~ ɔ̄kˇ bhɛ̄pˇ	設計師	engine-auto	
中 1-5	ฉันไม่ใช่นักออกแบบ	chan mai chai nak okbaep	chanˊ maiˋ chaiˋ nak~ ɔ̄kˇ bhɛ̄pˇ	我不是設計師	engine-auto	
中 1-5	แผนก	phaenaek	paˇ nɛ̄kˋ	部門/科別	derived	
中 1-5	เขาถูกย้ายไปแผนกบัญชี	khao thuk yai pai phaenaek banchi	kāuˊ tūkˇ yāi~ bai paˇ nɛ̄kˋ bhan chī	他被調去會計部	derived	
中 1-5	แผนกหูคอจมูก	phaenaek hu kho chamuk	paˇ nɛ̄kˋ hūˊ kɔ̄ jaˇ mūkˋ	耳鼻喉科	derived	
中 1-5	ถ้าอยากซื้อของเด็ก	tha yak sue khong dek	tāˋ yākˋ sɯ̄~ kɔ̄ngˊ dhekˇ	如果想買小孩的東西	engine-auto	
中 1-5	ต้องไปแผนกสินค้าเด็ก	tong pai phaenaek sinkha dek	dɔ̄ngˋ bai paˇ nɛ̄kˋ sinˊ kā~ dhekˇ	必須去兒童用品部	derived	
中 1-5	หลงทาง	long thang	longˊ tāng	迷路	derived	
中 1-5	ถ้าคุณหลงทาง	tha khun long thang	tāˋ kun longˊ tāng	如果你迷路了	derived	
中 1-5	คุณจะทำยังไง	khun cha tham yangngai	kun jaˇ tam yang ngai	你會怎麼做	engine-auto	
中 1-5	หลงเชื่อ	long chuea	longˊ chɯ̄aˋ	誤信	derived	
中 1-5	เขาหลอกคุณ อย่าหลงเชื่อ	khao lok khun ya long chuea	kāuˊ lɔ̄kˇ kun yāˋ longˊ chɯ̄aˋ	เขาหลอกคุณ อย่าหลงเชื่อ	derived	
中 1-5	หลงรัก	long rak	longˊ rak~	迷戀	derived	
中 1-5	แฟนคลับหลงรักเค้ามาก	faenkhlap long rak khao mak	fɛ̄n klap~ longˊ rak~ kāu~ mākˋ	粉絲非常迷戀他	derived	
中 1-5	ลอง	long	lɔ̄ng	嘗試	engine-auto	
中 1-5	ขอลองชิมหน่อยได้ไหมคะ	kho long chim noi dai mai kha	kɔ̄ˊ lɔ̄ng chim nɔ̄iˇ dhaiˋ maiˊ ka~	可以讓我試吃一下嗎	engine-auto	
中 1-5	ขอลองใส่หน่อยได้ไหมคะ	kho long sai noi dai mai kha	kɔ̄ˊ lɔ̄ng saiˇ nɔ̄iˇ dhaiˋ maiˊ ka~	可以讓我試穿一下嗎	engine-auto	
中 1-5	ลองใจ	long chai	lɔ̄ng jai	試探心意	engine-auto	
中 1-5	ฉันแค่ลองใจคุณ	chan khae long chai khun	chanˊ kɛ̄ˋ lɔ̄ng jai kun	我只是在試探你的心意	engine-auto	
中 1-5	อยากรู้คุณรักฉันจริงไหม	yak ru khun rak chan ching mai	yākˋ rū~ kun rak~ chanˊ jing maiˊ	想知道你是不是真的愛我	derived	
中 1-5	ห้องลองอยู่ด้านหลัง	hong long yu dan lang	hɔ̄ngˋ lɔ̄ng yūˋ dhānˋ langˊ	試衣間在後面	engine-auto	
中 1-5	อธิบาย	athibai	aˇ ti~ bhāi	解釋	derived	
中 1-5	ช่วยอธิบายให้ฟังหน่อย	chuai athibai hai fang noi	chūayˋ aˇ ti~ bhāi haiˋ fang nɔ̄iˇ	請解釋給我聽	derived	
中 1-5	อธิบายหลายครั้งแล้ว	athibai lai khrang laeo	aˇ ti~ bhāi lāiˊ krang~ lɛ̄u~	已經解釋很多次了	derived	
中 1-5	ความสามารถ	khwam samat	kwām sāˊ mātˋ	能力	derived	
中 1-5	คุณมีความสามารถอะไรบ้าง	khun mi khwam samat arai bang	kun mī kwām sāˊ mātˋ aˇ rai bhāngˋ	你有什麼專長/能力	derived	
中 1-5	ความสามารถของคุณสูงมาก	khwam samat khong khun sung mak	kwām sāˊ mātˋ kɔ̄ngˊ kun sūngˊ mākˋ	你的能力痕高	derived	
中 1-5	ความสามารถของคุณยังไม่พอ	khwam samat khong khun yang mai pho	kwām sāˊ mātˋ kɔ̄ngˊ kun yang maiˋ pɔ̄	你的能力還不夠	derived	
中 1-5	พยายาม	phayayam	pa~ yā yām	努力/嘗試	derived	
中 1-5	พยายามลดความอ้วน	phayayam lot khwam uan	pa~ yā yām lot~ kwām ūanˋ	努力減肥	derived	
中 1-5	พยายามออกกำลังกาย	phayayam ok kamlang kai	pa~ yā yām ɔ̄kˇ gam lang gāi	努力運動	derived	
中 1-5	พยายามต่อไป สู้ๆนะ	phayayam topai susu na	pa~ yā yām dɔ̄ˇ bai sūˋ sūˋ na~	繼續努力，加油喔	derived	
中 1-5	สู้ไม่สู้	su mai su	sūˋ maiˋ sūˋ	比不比得上 / 拼不拼	engine-auto	
中 1-5	A สู้ B ไม่ได้	A su B mai dai	A sūˋ B maiˋ dhaiˋ	A比不上B	engine-auto	
中 1-5	ฉันสู้เขาไม่ได้	chan su khao mai dai	chanˊ sūˋ kāuˊ maiˋ dhaiˋ	我比不上他	engine-auto	
中 1-5	แพ้ยาอะไร	phae ya arai	pɛ̄~ yā aˇ rai	對什麼藥物過敏	engine-auto	
中 1-5	ไม่แพ้ยาอะไร	mai phae ya arai	maiˋ pɛ̄~ yā aˇ rai	沒有對什麼藥物過敏	engine-auto	
中 1-5	แพ้อาหารทะเล	phae ahan thale	pɛ̄~ ā hānˊ ta~ lē	對海鮮過敏	engine-auto	
中 1-5	คนไต้หวันส่วนใหญ่แพ้อากาศ	khon taiwan suan yai phae akat	kon daiˋ wanˊ sūanˇ yaiˇ pɛ̄~ ā gātˇ	大部分台灣人對天氣過敏	engine-auto	
中 1-5	ไม่แพ้อากาศ	mai phae akat	maiˋ pɛ̄~ ā gātˇ	不對天氣過敏	engine-auto	
中 1-5	แพ้ควันบุหรี่	phae khwan buri	pɛ̄~ kwan bhuˇ rīˇ	對菸味過敏	engine-auto	
中 1-5	อาการ	akan	ā gān	症狀	engine-auto	
中 1-5	ปวดหัว	puat hua	būatˇ hūaˊ	頭痛	engine-auto	
中 1-5	ควันธูป	khwan thup	kwan tūpˋ	香的煙	engine-auto	
中 1-5	แพ้ควันธูป	phae khwan thup	pɛ̄~ kwan tūpˋ	對香的煙過敏	engine-auto	
中 1-5	น้ำตาไหล	nam ta lai	nām~ dā laiˊ	流眼淚	engine-auto	
中 1-5	แพ้ท้อง	phae thong	pɛ̄~ tɔ̄ng~	害喜 / 孕吐	engine-auto	
中 1-5	ยังไม่แต่งงาน	yang mai taeng ngan	yang maiˋ dɛ̄ngˇ ngān	還沒結婚	engine-auto	
中 1-5	แพ้ท้องหนัก	phae thong nak	pɛ̄~ tɔ̄ng~ nakˇ	害喜很嚴重	engine-auto	
中 1-5	แพ้ท้องหนัก 3 เดือน	phae thong nak sam duean	pɛ̄~ tɔ̄ng~ nakˇ 3 dhɯ̄an	嚴重害喜三個月	engine-auto	
中 1-5	แพ้น้ำตาผู้หญิง	phae nam ta phuying	pɛ̄~ nām~ dā pūˋ yingˊ	對女人的眼淚沒轍	engine-auto	
中 1-5	สู้ๆ	su su	sūˋ sūˋ	加油	book-exact	(book-exact已用引擎重新驗證)
中 1-5	อย่ายอมแพ้นะ	ya yom phae na	yāˋ yɔ̄m pɛ̄~ na~	別認輸喔 / 別放棄喔	engine-auto	
中 1-5	ยังไม่ยอมแพ้	yang mai yom phae	yang maiˋ yɔ̄m pɛ̄~	還沒認輸 / 還沒放棄	engine-auto	
中 1-5	หวังว่า	wang wa	wangˊ wāˋ	希望	engine-auto	
中 1-5	สมหวัง	som wang	somˊ wangˊ	如願以償	derived	
中 1-5	ขอให้สมหวัง	kho hai som wang	kɔ̄ˊ haiˋ somˊ wangˊ	祝你如願	derived	
中 1-5	ผิดหวัง	phit wang	pitˇ wangˊ	失望	engine-auto	
中 1-5	เคยผิดหวัง	khoei phit wang	kə̄i pitˇ wangˊ	曾經失望過	engine-auto	
中 1-5	สิ้นหวัง	sin wang	sinˋ wangˊ	絕望	engine-auto	
中 1-5	ฉันสิ้นหวังแล้ว	chan sin wang laeo	chanˊ sinˋ wangˊ lɛ̄u~	我絕望了	engine-auto	
中 1-5	สบายๆ สู้ๆ นะ อย่ายอมแพ้	sabai sabai su su na ya yom phae	saˇ bhāi saˇ bhāi sūˋ sūˋ na~ yāˋ yɔ̄m pɛ̄~	放輕鬆，加油喔，別放棄	engine-auto	
中 1-5	หวังดีกับ	wang di kap	wangˊ dhī gapˇ	為...好 / 對...有善意	engine-auto	
中 1-5	พ่อแม่หวังดีกับลูก	pho mae wang di kap luk	pɔ̄ˋ mɛ̄ˋ wangˊ dhī gapˇ lūkˋ	父母為孩子好	engine-auto	
中 1-5	ฉันหวังดีกับคุณ	chan wang di kap khun	chanˊ wangˊ dhī gapˇ kun	我為你好	engine-auto	
中 1-5	ไม่เคยมีหวัง	mai khoei mi wang	maiˋ kə̄i mī wangˊ	從未抱有希望	engine-auto	
中 1-5	หมดหวัง	mot wang	motˇ wangˊ	沒希望了	derived	
中 1-5	ซื้อใหม่	sue mai	sɯ̄~ maiˇ	買新的	engine-auto	
中 1-5	หมดเวลาแล้ว	mot wela laeo	motˇ wē lā lɛ̄u~	時間到了	derived	
中 1-5	หมดห่วง	mot huang	motˇ hūangˇ	放心了 / 不用擔心了	derived	
中 1-5	พ่อแม่หมดห่วง	pho mae mot huang	pɔ̄ˋ mɛ̄ˋ motˇ hūangˇ	父母放心了	derived	
中 1-5	หมดอายุ	mot a-yu	motˇ ā yu~	過期	derived	
中 1-5	ยังไม่หมดอายุ	yang maiหมดอายุ	yang maiˋ motˇ ā yu~	還沒過期	derived	
中 1-5	ไปแบงค์ฝากเงิน	pai baeng fak ngoen	bai bhɛ̄ng fākˇ ngə̄n	去銀行存錢	engine-auto	
中 1-5	ฝากของ	fak khong	fākˇ kɔ̄ngˊ	寄放物品	engine-auto	
中 1-5	ที่ฝากของ	thi fak khong	tīˋ fākˇ kɔ̄ngˊ	寄放物品的地方	engine-auto	
中 1-5	ฝากความหวัง	fak khwam wang	fākˇ kwām wangˊ	寄託希望	engine-auto	
中 1-5	ฝากความคิดถึง	fak khwam khitthueng	fākˇ kwām kit~ tɯngˊ	轉達思念 / 代為問候	engine-auto	
中 1-5	ฝากความคิดถึงให้เขาด้วย	fak khwam khitthueng hai khao duai	fākˇ kwām kit~ tɯngˊ haiˋ kāuˊ dhūayˋ	請幫我轉達對他的問候	engine-auto	
中 1-5	ฝากซื้อของได้มั้ย	fak sue khong dai mai	fākˇ sɯ̄~ kɔ̄ngˊ dhaiˋ mai~	可以幫我買東西嗎	engine-auto	
中 1-5	ซื้อมาฝาก	sue ma fak	sɯ̄~ mā fākˇ	買來送人 / 伴手禮	engine-auto	
中 1-5	ฉันซื้อมาฝากจากญี่ปุ่น	chan sue ma fak chak yipun	chanˊ sɯ̄~ mā fākˇ jākˇ yīˋ bunˇ	我從日本買來送你的	engine-auto	
中 1-5	ขอบคุณค่ะ	khop khun kha	kɔ̄pˇ kun kaˋ	謝謝	engine-auto	
中 1-5	ของฝากจากไทย	khong fak chak thai	kɔ̄ngˊ fākˇ jākˇ tai	來自泰國的伴手禮	engine-auto	
中 1-5	ของฝากจากไต้หวัน	khong fak chak taiwan	kɔ̄ngˊ fākˇ jākˇ daiˋ wanˊ	來自台灣的伴手禮	engine-auto	
中 1-5	เอาใจ	ao chai	au jai	討好 / 迎合	engine-auto	
中 1-5	เอาใจยาก	ao chai yak	au jai yākˋ	很難討好	engine-auto	
中 1-5	เอาใจเก่ง	ao chai keng	au jai gēngˇ	很會討好人 / 很貼心	engine-auto	
中 1-5	ไม่ใช่	mai chai	maiˋ chaiˋ	不是	engine-auto	
中 1-5	ช่างเอาใจเก่งจริงๆ	chang ao chai keng ching ching	chāngˋ au jai gēngˇ jing jing	真的很會討好人	derived	
中 1-5	เอาแต่ใจตัวเอง	ao tae chai tua eng	au dɛ̄ˇ jai dūa ēng	任性 / 以自我為中心	engine-auto	
中 1-5	ฉันไม่ใช่คนเอาแต่ใจตัวเอง	chan mai chai khon ao tae chai tua eng	chanˊ maiˋ chaiˋ kon au dɛ̄ˇ jai dūa ēng	我不是任性的人	engine-auto	
中 1-5	เยี่ยม	yiam	yīamˋ	探望	engine-auto	
中 1-5	ไปเยี่ยมญาติ	pai yiam yat	bai yīamˋ yātˋ	去探望親戚	derived	
中 1-5	มาเยี่ยมเพื่อน	ma yiam phuean	mā yīamˋ pɯ̄anˋ	來探望朋友	engine-auto	
中 1-5	เยี่ยมไข้	yiam khai	yīamˋ kaiˋ	探病	engine-auto	
中 1-5	ฉันจะไปเยี่ยมไข้ค่ะ	chan cha pai yiam khai kha	chanˊ jaˇ bai yīamˋ kaiˋ kaˋ	我要去探病	engine-auto	
中 1-5	เยี่ยมมาก	yiam mak	yīamˋ mākˋ	非常棒	engine-auto	
中 1-5	อดทนไว้ก่อน	ot thon wai kon	otˇ ton wai~ gɔ̄nˇ	先忍耐一下	derived	
中 1-5	ไว้หนวด	wai nuat	wai~ nūatˇ	留鬍子	engine-auto	
中 1-5	ไม่ไว้หนวด	mai wai nuat	maiˋ wai~ nūatˇ	不留鬍子	engine-auto	
中 1-5	หนวดปลาหมึก	nuat pla muek	nūatˇ blā mɯkˇ	章魚鬚 / 魷魚鬚	engine-auto	
中 1-5	ชอบกินปลาหมึกค่ะ	chop kin pla muek kha	chɔ̄pˋ gin blā mɯkˇ kaˋ	喜歡吃魷魚/章魚	engine-auto	
中 1-5	ไว้ผมยาว	wai phom yao	wai~ pomˊ yāu	留長髮	engine-auto	
中 1-5	ไว้เปีย	wai pia	wai~ bīa	留辮子	engine-auto	
中 1-5	ไม่เคยไว้เปีย	mai khoei wai pia	maiˋ kə̄i wai~ bīa	從沒留過辮子	engine-auto	
中 1-5	ไว้ใจไม่ได้	wai chai mai dai	wai~ jai maiˋ dhaiˋ	不可信任	engine-auto	
中 1-5	ถักเปียเป็น	thak pia pen	takˇ bīa ben	會綁辮子	engine-auto	
中 1-5	จริงหรอ	ching ro	jing rɔ̄ˊ	真的嗎	derived	
中 1-5	ฉันรับรองว่า	chan rap rong wa	chanˊ rap~ rɔ̄ng wāˋ	我保證...	engine-auto	
中 1-5	เขาเป็นคนไว้ใจได้	khao pen khon wai chai dai	kāuˊ ben kon wai~ jai dhaiˋ	他是個可以信任的人	book-exact	(book-exact已用引擎重新驗證)
中 1-5	ไปเช้าเย็นกลับ	pai chao yen klap	bai chāu~ yen glapˇ	當天來回	engine-auto	
中 1-5	ไปเช้าเย็นกลับได้ค่ะ ไม่เสียเวลาค่ะ	pai chao yen klap dai kha mai sia wela kha	bai chāu~ yen glapˇ dhaiˋ kaˋ maiˋ sīaˊ wē lā kaˋ	可以當天來回，不浪費時間	engine-auto	
中 1-5	คนหาเช้ากินค่ำ	khon ha chao kin kham	kon hāˊ chāu~ gin kamˋ	朝不保夕的人 / 靠打零工度日	engine-auto	
中 1-5	ชีวิตลำบาก	chiwit lambak	chī wit~ lam bhākˇ	生活困苦	engine-auto	
中 1-5	เห็นด้วย	hen duai	henˊ dhūayˋ	同意	engine-auto	
中 1-5	เราคบกันได้ไหม	rao khop kan dai mai	rāu kop~ gan dhaiˋ maiˊ	我們可以交往嗎	derived	
中 1-5	คบกันมา 7 ปีแล้ว	khop kan ma chet pi laeo	kop~ gan mā 7 bī lɛ̄u~	交往七年了	derived	
中 1-5	คบกันรักกันแล้วก็เลิกกัน	khop kan rak kan laeo ko loek kan	kop~ gan rak~ gan lɛ̄u~ gɔ̄ˋ lə̄kˋ gan	交往、相愛，然後分手	derived	
中 1-5	ความรักทำให้คนตาบอด	khwam rak tham hai khon ta bot	kwām rak~ tam haiˋ kon dā bhɔ̄tˇ	愛情使人盲目	engine-auto	
中 1-5	ดาวน์โหลด	daolot	dhāu lōtˇ	下載 (Download)	engine-auto	
中 1-5	โหลด	lot	lōtˇ	下載 / 載入	engine-auto	
中 1-5	อัปโหลด	aplot_	apˇ lōtˇ	上傳 (Upload)	engine-auto	
中 1-6	สู้	su	sūˋ	奮鬥 / 戰勝	engine-auto	
中 1-6	แมวกำลังสู้กัน	maeo kamlang su kan	mɛ̄u gam lang sūˋ gan	貓正在打架	engine-auto	
中 1-6	สู้ค่ะ	su kha	sūˋ kaˋ	加油	engine-auto	
中 1-6	มีแขนข้างเดียว	mi khaen khang diao	mī kɛ̄nˊ kāngˋ dhīau	只有一隻手臂	engine-auto	
中 1-6	เขาสู้ชีวิตมาก	khao su chiwit mak	kāuˊ sūˋ chī wit~ mākˋ	他為生活奮鬥 / 他很努力	engine-auto	
中 1-6	สู้ๆนะ	su su na	sūˋ sūˋ na~	加油喔	engine-auto	
中 1-6	สู้ไม่ได้	su mai dai	sūˋ maiˋ dhaiˋ	比不上	engine-auto	
中 1-6	ผมสู้เขาไม่ได้	phom su khao mai dai	pomˊ sūˋ kāuˊ maiˋ dhaiˋ	我比不上他（男）	engine-auto	
中 1-6	ฉันสู้เขาไม่ได้	chan su khao mai dai	chanˊ sūˋ kāuˊ maiˋ dhaiˋ	我比不上他（女）	engine-auto	
中 1-6	พี่สาวสวยสู้น้องสาวไม่ได้	phi sao suai su nong sao mai dai	pīˋ sāuˊ sūayˊ sūˋ nɔ̄ng~ sāuˊ maiˋ dhaiˋ	姐姐漂亮但比不上妹妹	engine-auto	
中 1-6	ร้านนี้อร่อยสู้ร้านนั้นไม่ได้	ran ni aroi su ran nan mai dai	rān~ nī~ aˇ rɔ̄iˋ sūˋ rān~ nan~ maiˋ dhaiˋ	這家店好吃但比不上那家店	engine-auto	
中 1-6	แพ้	phae	pɛ̄~	輸 / 過敏	engine-auto	
中 1-6	ผมแพ้เขาแล้ว	phom phae khao laeo	pomˊ pɛ̄~ kāuˊ lɛ̄u~	我輸給他了（男）	engine-auto	
中 1-6	ฉันแพ้เขาแล้ว	chan phae khao laeo	chanˊ pɛ̄~ kāuˊ lɛ̄u~	我輸給他了（女）	engine-auto	
中 1-6	สู้ๆนะอย่ายอมแพ้	su su na ya yom phae	sūˋ sūˋ na~ yāˋ yɔ̄m pɛ̄~	加油喔，不要認輸	engine-auto	
中 1-6	ฉันจะไม่ยอมแพ้	chan cha mai yom phae	chanˊ jaˇ maiˋ yɔ̄m pɛ̄~	我不會認輸（女）	engine-auto	
中 1-6	เคยแพ้ยาอะไรมั้ย	khoei phae ya arai mai	kə̄i pɛ̄~ yā aˇ rai mai~	曾經對什麼藥物過敏嗎	engine-auto	
中 1-6	ฉันไม่เคยแพ้ยาอะไร	chan mai khoei phae ya arai	chanˊ maiˋ kə̄i pɛ̄~ yā aˇ rai	我沒有對任何藥物過敏	engine-auto	
中 1-6	เขาแพ้อาหารทะเล	khao phae ahan thale	kāuˊ pɛ̄~ ā hānˊ ta~ lē	他對海鮮過敏	engine-auto	
中 1-6	แฟนแพ้อากาศ	faen phae akat	fɛ̄n pɛ̄~ ā gātˇ	另一半對天氣過敏	engine-auto	
中 1-6	คนส่วนใหญ่แพ้อะไร	khon suan yai phae arai	kon sūanˇ yaiˇ pɛ̄~ aˇ rai	大部分的人對什麼過敏	engine-auto	
中 1-6	ฉันคิดว่าคนส่วนใหญ่แพ้อาหารทะเลนะ	chan khit wa khon suan yai phae ahan thale na	chanˊ kit~ wāˋ kon sūanˇ yaiˇ pɛ̄~ ā hānˊ ta~ lē na~	我覺得大部分的人對海鮮過敏	engine-auto	
中 1-6	แพ้ควัน	phae khwan	pɛ̄~ kwan	對煙霧過敏	engine-auto	
中 1-6	แพ้ควันบุหรี่	phae khwan buri	pɛ̄~ kwan bhuˇ rīˇ	對香菸煙霧過敏	engine-auto	
中 1-6	แพ้ควันธูป	phae khwan thup	pɛ̄~ kwan tūpˋ	對線香煙霧過敏	engine-auto	
中 1-6	ควันรถ	khwan rot	kwan rot~	車子的廢氣	engine-auto	
中 1-6	ควันดำ	khwan dam	kwan dham	黑煙	engine-auto	
中 1-6	ควันไฟ	khwan fai	kwan fai	火的煙霧	engine-auto	
中 1-6	ควันบุหรี่	khwan buri	kwan bhuˇ rīˇ	香菸的煙霧	engine-auto	
中 1-6	ควันธูป	khwan thup	kwan tūpˋ	線香的煙霧	engine-auto	
中 1-6	แพ้ควันอะไร	phae khwan arai	pɛ̄~ kwan aˇ rai	對什麼煙霧過敏	engine-auto	
中 1-6	ไหว้พระพรหม	wai phra phrom	waiˋ pra~ pom	拜四面佛	derived	
中 1-6	รัฐบาลสั่งห้ามจุดธูป	ratthaban sang ham chut thup	rat~ bhān sangˇ hāmˋ jutˇ tūpˋ	政府下令禁止點香	engine-auto	
中 1-6	สุขสันต์วันเกิด	suk san wan koet	sukˇ sanˊ wan gə̄tˇ	生日快樂	engine-auto	
中 1-6	ขอให้สมหวังทุกอย่าง	kho hai som wang thuk yang	kɔ̄ˊ haiˋ somˊ wangˊ tuk~ yāngˋ	祝萬事如意	derived	
中 1-6	ชีวิตบางครั้งก็ผิดหวัง	chiwit bang khrang ko phit wang	chī wit~ bhāng krang~ gɔ̄ˋ pitˇ wangˊ	人生有時也會經歷失望	engine-auto	
中 1-6	พวกเรายังไม่สิ้นหวัง	phuak rao yang mai sin wang	pūakˋ rāu yang maiˋ sinˋ wangˊ	我們還沒有絕望	engine-auto	
中 1-6	หมดอายุ	mot ayu	motˇ ā yu~	過期	derived	
中 1-6	ปลากระป๋องหมดอายุหรือยัง	pla krapong mot ayu rue yang	blā graˇ bɔ̄ngˊ motˇ ā yu~ rɯ̄ˊ yang	魚罐頭過期了嗎	derived	
中 1-6	ฉันคิดว่าหมดอายุแล้ว	chan khit wa mot ayu laeo	chanˊ kit~ wāˋ motˇ ā yu~ lɛ̄u~	我認為過期了	derived	
中 1-6	อาหารหมดอายุแล้วยังกินได้มั้ย	ahan mot ayu laeo yang kin dai mai	ā hānˊ motˇ ā yu~ lɛ̄u~ yang gin dhaiˋ mai~	食物過期了還可以吃嗎	derived	
中 1-6	คิดว่ากินได้หรือกินไม่ได้คะ	khit wa kin dai rue kin mai dai kha	kit~ wāˋ gin dhaiˋ rɯ̄ˊ gin maiˋ dhaiˋ ka~	覺得可以吃還是不能吃呢	engine-auto	
中 1-6	หมดเวลาสอบแล้ว	mot wela sop laeo	motˇ wē lā sɔ̄pˇ lɛ̄u~	考試時間到了	derived	
中 1-6	ทำต่อ	tham to	tam dɔ̄ˇ	繼續做	engine-auto	
中 1-6	ทำต่อไม่ได้แล้ว	tham to mai dai laeo	tam dɔ̄ˇ maiˋ dhaiˋ lɛ̄u~	不能繼續做了	engine-auto	
中 1-6	หมดเวลาเรียนแล้ว	mot wela rian laeo	motˇ wē lā rīan lɛ̄u~	上課時間到了	derived	
中 1-6	หมดเวลาทำงานแล้ว	mot wela tham ngan laeo	motˇ wē lā tam ngān lɛ̄u~	下班時間到了	derived	
中 1-6	หมดห่วง	mot huang	motˇ hūangˇ	放心（不再擔心）	derived	
中 1-6	ลูกเลี้ยงตัวเองได้พ่อแม่ก็หมดห่วง	luk liang tua eng dai pho mae ko mot huang	lūkˋ līang~ dūa ēng dhaiˋ pɔ̄ˋ mɛ̄ˋ gɔ̄ˋ motˇ hūangˇ	孩子能養活自己，父母就放心了	derived	
中 1-6	เอาใจ	ao chai	au jai	討好	engine-auto	
中 1-6	พระเอกเอาใจนางเอก	phra ek ao chai nang ek	pra~ ēkˇ au jai nāng ēkˇ	男主角討好女主角	engine-auto	
中 1-6	ไม่ต้องทำเป็นเอาใจฉัน	mai tong tham pen ao chai chan	maiˋ dɔ̄ngˋ tam ben au jai chanˊ	不用假裝來討好我	engine-auto	
中 1-6	คุณไม่ต้องทำเป็นเอาใจ	khun mai tong tham pen ao chai	kun maiˋ dɔ̄ngˋ tam ben au jai	你不需要假裝來討好	engine-auto	
中 1-6	เอาแต่ใจตัวเอง	ao tae chai tua eng	au dɛ̄ˇ jai dūa ēng	任性	engine-auto	
中 1-6	อย่าเอาแต่ใจตัวเอง	ya ao tae chai tua eng	yāˋ au dɛ̄ˇ jai dūa ēng	別任性	engine-auto	
中 1-6	เอาแต่ใจตัวเองไม่ดี	ao tae chai tua eng mai di	au dɛ̄ˇ jai dūa ēng maiˋ dhī	任性是不好的	engine-auto	
中 1-6	ทำไมเอาแต่ใจตัวเองอย่างนี้	thammai ao tae chai tua eng yang ni	tam mai au dɛ̄ˇ jai dūa ēng yāngˋ nī~	為什麼這麼任性	engine-auto	
中 1-6	ทำไมเอาแต่ใจตัวเองแบบนี้	thammai ao tae chai tua eng baep ni	tam mai au dɛ̄ˇ jai dūa ēng bhɛ̄pˇ nī~	為什麼這麼任性	engine-auto	
中 1-6	ก็ไม่ดีเลย	ko mai di loei	gɔ̄ˋ maiˋ dhī lə̄i	一點都不好	engine-auto	
中 1-6	เด็กอะไรช่างน่ารักจริงๆ	dek arai chang na rak ching ching	dhekˇ aˇ rai chāngˋ nāˋ rak~ jing jing	這小孩真可愛	derived	
中 1-6	ผู้หญิงอะไรช่างเอาใจยากจริงๆ	phu ying arai chang ao chai yak ching ching	pūˋ yingˊ aˇ rai chāngˋ au jai yākˋ jing jing	這女人真難討好	derived	
中 1-6	ร้านนี้ช่างอร่อยจริงๆ	ran ni chang aroi ching ching	rān~ nī~ chāngˋ aˇ rɔ̄iˋ jing jing	這家店真好吃	derived	
中 1-6	เยี่ยม	yiam	yīamˋ	探望 / 優秀	engine-auto	
中 1-6	ญาติพี่น้อง	yat phi nong	yātˋ pīˋ nɔ̄ng~	親戚	derived	
中 1-6	ไปเยี่ยมญาติพี่น้อง	pai yiam yat phi nong	bai yīamˋ yātˋ pīˋ nɔ̄ng~	去探望親戚	derived	
中 1-6	มีญาติอยู่เมืองไทยมั้ย	mi yat yu mueang thai mai	mī yātˋ yūˋ mɯ̄ang tai mai~	在泰國有親戚嗎	derived	
中 1-6	ไปเยี่ยมญาติพี่น้องที่เมืองไทย	pai yiam yat phi nong thi mueang thai	bai yīamˋ yātˋ pīˋ nɔ̄ng~ tīˋ mɯ̄ang tai	去泰國探望親戚	derived	
中 1-6	เพื่อนไม่สบาย	phuean mai sabai	pɯ̄anˋ maiˋ saˇ bhāi	朋友不舒服	engine-auto	
中 1-6	เพื่อนเป็นไข้	phuean pen khai	pɯ̄anˋ ben kaiˋ	朋友發燒	engine-auto	
中 1-6	เยี่ยมไข้	yiam khai	yīamˋ kaiˋ	探病	engine-auto	
中 1-6	ไปเยี่ยมเพื่อนที่โรงพยาบาล	pai yiam phuean thi rong phayaban	bai yīamˋ pɯ̄anˋ tīˋ rōng pa~ yā bhān	去醫院探望朋友	derived	
中 1-6	ไปเยี่ยมไข้เพื่อน	pai yiam khai phuean	bai yīamˋ kaiˋ pɯ̄anˋ	去探望生病的朋友	engine-auto	
中 1-6	โรงพยาบาล	rong phayaban	rōng pa~ yā bhān	醫院	derived	
中 1-6	นางพยาบาล	nang phayaban	nāng pa~ yā bhān	護士	derived	
中 1-6	หมดเวลา	mot wela	motˇ wē lā	時間到了	derived	
中 1-6	หมดเวลาเยี่ยมไข้แล้วค่ะ	mot wela yiam khai laeo kha	motˇ wē lā yīamˋ kaiˋ lɛ̄u~ kaˋ	探病時間到了	derived	
中 1-6	คุณมีญาติที่เมืองไทยไหม	khun mi yat thi mueang thai mai	kun mī yātˋ tīˋ mɯ̄ang tai maiˊ	你在泰國有親戚嗎	derived	
中 1-6	ฉันไม่มีญาติที่เมืองไทยครับ	chan mai mi yat thi mueang thai khrap	chanˊ maiˋ mī yātˋ tīˋ mɯ̄ang tai krap~	我在泰國沒有親戚	derived	
中 1-6	อาทิตย์ที่แล้วญาติของผมมาเที่ยวไต้หวัน	athit thi laeo yat khong phom ma thiao taiwan	ā tit~ tīˋ lɛ̄u~ yātˋ kɔ̄ngˊ pomˊ mā tīauˋ daiˋ wanˊ	上個星期我的親戚來台灣玩	derived	
中 1-6	อยากลองไว้หนวด	yak long wai nuat	yākˋ lɔ̄ng wai~ nūatˇ	想試著留鬍子	engine-auto	
中 1-6	เก็บของขวัญไว้ดีๆนะ	kep khong khwan wai di di na	gepˇ kɔ̄ngˊ kwanˊ wai~ dhī dhī na~	把禮物收好喔	engine-auto	
中 1-6	เอากุญแจไว้ในลิ้นชัก	ao kunchae wai nai lin chak	au gun jɛ̄ wai~ nai lin~ chak~	把鑰匙放在抽屜裡	engine-auto	
中 1-6	ไว้ใจ	wai chai	wai~ jai	信任	engine-auto	
中 1-6	เขาไม่ซื่อไว้ใจไม่ได้	khao mai suea wai chai mai dai	kāuˊ maiˋ sɯ̄ˋ wai~ jai maiˋ dhaiˋ	他不誠實，不能信任	engine-auto	
中 1-6	หยิบเงินในลิ้นชัก	yip ngoen nai lin chak	yipˇ ngə̄n nai lin~ chak~	拿抽屜裡的錢	engine-auto	
中 1-6	อย่าไว้ใจเค้า	ya wai chai khao	yāˋ wai~ jai kāu~	別信任他	engine-auto	
中 1-6	คบกัน 7 ปีแล้ว	khop kan chet pi laeo	kop~ gan 7 bī lɛ̄u~	交往7年了	derived	
中 1-6	เลิกกัน	loek kan	lə̄kˋ gan	分手	engine-auto	
中 1-6	ตอนนี้คบกับใครอยู่	ton ni khop kap khrai yu	dɔ̄n nī~ kop~ gapˇ krai yūˋ	現在正在跟誰交往	derived	
中 1-6	คบกับคนไทย	khop kap khon thai	kop~ gapˇ kon tai	跟泰國人交往	derived	
中 1-6	คบกันกี่ปีแล้ว	khop kan ki pi laeo	kop~ gan gīˇ bī lɛ̄u~	交往幾年了	derived	
中 1-6	คบกัน 8 ปีแล้ว	khop kan paet pi laeo	kop~ gan 8 bī lɛ̄u~	交往8年了	derived	
中 1-6	เขาเห็นแก่ตัว	khao hen kae tua	kāuˊ henˊ gɛ̄ˇ dūa	他很自私	engine-auto	
中 1-6	อย่าคบกับเขา	ya khop kap khao	yāˋ kop~ gapˇ kāuˊ	別跟他交往	derived	
中 1-6	อยากคบกับเขา	yak khop kap khao	yākˋ kop~ gapˇ kāuˊ	想跟他交往	derived	
中 1-6	ผมจะไม่คบคนเห็นแก่ตัว	phom cha mai khop khon hen kae tua	pomˊ jaˇ maiˋ kop~ kon henˊ gɛ̄ˇ dūa	我不會跟自私的人交往	derived	
中 1-6	ผมรับรองว่าเขาเป็นคนไว้ใจได้	phom rap rong wa khao pen khon wai chai dai	pomˊ rap~ rɔ̄ng wāˋ kāuˊ ben kon wai~ jai dhaiˋ	我保證他是個可靠的人	engine-auto	
中 1-6	รับรอง	rap rong	rap~ rɔ̄ng	保證	engine-auto	
中 1-6	ผมรับรองว่าเขาต้องมาแน่ๆ	phom rap rong wa khao tong ma nae nae	pomˊ rap~ rɔ̄ng wāˋ kāuˊ dɔ̄ngˋ mā nɛ̄ˋ nɛ̄ˋ	我保證他一定會來	engine-auto	
中 1-6	ฉันรับรองว่าราคานี้ไม่แพง	chan rap rong wa rakha ni mai phaeng	chanˊ rap~ rɔ̄ng wāˋ rā kā nī~ maiˋ pɛ̄ng	我保證這個價格不貴	engine-auto	
中 1-6	หาเช้ากินค่ำ	ha chao kin kham	hāˊ chāu~ gin kamˋ	賺一天吃一天	engine-auto	
中 1-6	คนจนชีวิตลำบาก	khon chon chiwit lambak	kon jon chī wit~ lam bhākˇ	窮人生活辛苦	derived	
中 1-6	ลำบากนิดหน่อย	lambak nit noi	lam bhākˇ nit~ nɔ̄iˇ	有點辛苦	engine-auto	
中 1-6	เงินเดือน 20,000 บาท	ngoen duean song muen bat	ngə̄n dhɯ̄an 20,000 bhātˇ	薪水兩萬泰銖	engine-auto	
中 1-6	ชีวิตลำบากจริงๆ	chiwit lambak ching ching	chī wit~ lam bhākˇ jing jing	生活真的很辛苦	derived	
中 1-6	ไม่ลำบากเลย	mai lambak loei	maiˋ lam bhākˇ lə̄i	一點都不辛苦	engine-auto	
中 1-6	ความรักทำให้คนตาบอด	khwam rak tham hai khon ta bot	kwām rak~ tam haiˋ kon dā bhɔ̄tˇ	愛情使人盲目	engine-auto	
中 1-6	เด็กคนนี้ตาบอดตั้งแต่เกิด	dek khon ni ta bot tang tae koet	dhekˇ kon nī~ dā bhɔ̄tˇ dangˋ dɛ̄ˇ gə̄tˇ	這個小孩從出生就失明	engine-auto	
中 1-6	คนตาบอดน่าสงสาร	khon ta bot na song san	kon dā bhɔ̄tˇ nāˋ songˊ sānˊ	盲人很可憐	derived	
中 1-6	ฝากกระเป๋าเดินทางที่โรงแรม	fak krapao doen thang thi rong raem	fākˇ graˇ bāuˊ dhə̄n tāng tīˋ rōng rɛ̄m	在飯店寄放行李	engine-auto	
中 1-6	เคยฝากกระเป๋าที่โรงแรมไหมคะ	khoei fak krapao thi rong raem mai kha	kə̄i fākˇ graˇ bāuˊ tīˋ rōng rɛ̄m maiˊ ka~	曾經在飯店寄放過行李嗎	engine-auto	
中 1-6	ช่วยฉันซื้อได้ไหม	chuai chan suea dai mai	chūayˋ chanˊ sɯ̄~ dhaiˋ maiˊ	可以幫我買嗎	engine-auto	
中 1-6	ฝากซื้อหน่อยได้ไหม	fak suea noi dai mai	fākˇ sɯ̄~ nɔ̄iˇ dhaiˋ maiˊ	可以幫忙買嗎	engine-auto	
中 1-6	นี่ของฝากจากไต้หวัน	ni khong fak chak taiwan	nīˋ kɔ̄ngˊ fākˇ jākˇ daiˋ wanˊ	這是來自台灣的伴手禮	engine-auto	
中 1-6	ฉันซื้อมาฝากคุณ	chan suea ma fak khun	chanˊ sɯ̄~ mā fākˇ kun	我買來送你的（女）	engine-auto	
中 1-6	เสาร์นี้ว่างไหม	sao ni wang mai	sāuˊ nī~ wāngˋ maiˊ	這個星期六有空嗎	book-exact	(book-exact已用引擎重新驗證)
中 1-6	เสาร์นี้ไม่ได้	sao ni mai dai	sāuˊ nī~ maiˋ dhaiˋ	這個星期六不行	engine-auto	
中 1-6	ลูกใกล้จะสอบแล้ว	luk klai cha sop laeo	lūkˋ glaiˋ jaˇ sɔ̄pˇ lɛ̄u~	孩子快要考試了	engine-auto	
中 1-6	ใกล้จะสอบต้องไปส่งลูกเรียนพิเศษ	klai cha sop tong pai song luk rian phiset	glaiˋ jaˇ sɔ̄pˇ dɔ̄ngˋ bai songˇ lūkˋ rīan pi~ sētˇ	快要考試了，必須送孩子去補習	derived	
中 1-6	แต่เสาร์หน้าว่างนะ	tae sao na wang na	dɛ̄ˇ sāuˊ nāˋ wāngˋ na~	但下個星期六有空喔	engine-auto	
中 1-6	มีอะไรให้ช่วยล่ะ	mi arai hai chuai la	mī aˇ rai haiˋ chūayˋ laˋ	有什麼需要幫忙的嗎	engine-auto	
中 1-6	พอดีซื้อคอนโดใหม่	pho di suea khondo mai	pɔ̄ dhī sɯ̄~ kɔ̄n dhō maiˇ	剛好買了新公寓	engine-auto	
中 1-6	ย้ายบ้าน	yai ban	yāi~ bhānˋ	搬家	engine-auto	
中 1-6	ว่างมาช่วยย้ายบ้านไหม	wang ma chuai yai ban mai	wāngˋ mā chūayˋ yāi~ bhānˋ maiˊ	有空來幫忙搬家嗎	engine-auto	
中 1-6	อ้าว หรอ	ao ro	āuˋ rɔ̄ˊ	真的嗎	engine-auto	
中 1-6	ซื้อที่ไทยหรอ	suea thi thai ro	sɯ̄~ tīˋ tai rɔ̄ˊ	在泰國買的嗎	engine-auto	
中 1-6	นึกว่าซื้อที่ไต้หวัน	nuek wa suea thi taiwan	nɯk~ wāˋ sɯ̄~ tīˋ daiˋ wanˊ	以為在台灣買的	engine-auto	
中 1-6	จะบ้าหรอ	cha ba ro	jaˇ bhāˋ rɔ̄ˊ	瘋了嗎	engine-auto	
中 1-6	ไต้หวันบ้านราคาแพงจะตาย	taiwan ban rakha phaeng cha tai	daiˋ wanˊ bhānˋ rā kā pɛ̄ng jaˇ dāi	台灣的房子貴得要命	engine-auto	
中 1-6	ฝันไปเถอะ	fan pai thoe	fanˊ bai təˇ	作夢吧	engine-auto	
中 1-6	ใครจะไปซื้อไหว	khrai cha pai suea wai	krai jaˇ bai sɯ̄~ waiˊ	誰買得起啊	engine-auto	
中 1-6	ซื้อราคาเท่าไหร่ล่ะ	suea rakha thao rai la	sɯ̄~ rā kā tāuˋ raiˇ laˋ	買多少錢呢	book-exact	(book-exact已用引擎重新驗證)
中 1-6	ประมาณ 5 ล้านกว่า	praman ha lan kwa	braˇ mān 5 lān~ gwāˇ	大約五百多萬	engine-auto	
中 1-6	พร้อมเข้าอยู่ได้ทันที	phrom khao yu dai than thi	prɔ̄m~ kāuˋ yūˋ dhaiˋ tan tī	可以馬上入住	engine-auto	
中 1-6	ราคานี้เป็นราคารวม	rakha ni pen rakha ruam	rā kā nī~ ben rā kā rūam	這個價格是包含的價格	engine-auto	
中 1-6	รวมเฟอร์นิเจอร์แล้วนะ	ruam foe ni choe laeo na	rūam fə̄ ni~ jə̄ lɛ̄u~ na~	已經包含家具了喔	engine-auto	
中 1-6	มีไมโครเวฟกับตู้เย็นแถมให้ด้วยนะคะ	mi mai khro wef kap tu yen thaem hai duai na kha	mī mai krō wēpˋ gapˇ dūˋ yen tɛ̄mˊ haiˋ dhūayˋ na~ ka~	有微波爐，連同冰箱也有送喔	engine-auto	
中 1-6	นอกจากจะมีสระว่ายน้ำแล้วยังมีเกมรูมด้วย	nok chak cha mi sa wai nam laeo yang mi kem rum duai		除了有游泳池之外，還有遊戲室	unresolved	英文外來語/正式縮寫/原始資料異常，見全課-仍不確定清單.tsv
中 1-6	โหย เยี่ยมมากเลย	hoi yiam mak loei	hōiˊ yīamˋ mākˋ lə̄i	哇，非常棒	book-exact	(book-exact已用引擎重新驗證)
中 1-6	โหย แพงมากเลย	hoi phaeng mak loei	hōiˊ pɛ̄ng mākˋ lə̄i	哇，非常貴	engine-auto	
中 1-6	โหย น่ารักมากเลย	hoi na rak mak loei	hōiˊ nāˋ rak~ mākˋ lə̄i	哇，非常可愛	engine-auto	
中 1-6	แถวนั้นสะดวกมากเลย	thaeo nan saduak mak loei	tɛ̄uˊ nan~ saˇ dhūakˇ mākˋ lə̄i	那一帶非常方便	engine-auto	
中 1-6	มีทั้งโรงพยาบาลโรงแรมโรงเรียนโรงหนัง	mi thang rong phayaban rong raem rong rian rong nang	mī tang~ rōng pa~ yā bhān rōng rɛ̄m rōng rīan rōng nangˊ	有醫院、飯店、學校、電影院	derived	
中 1-6	มีรถประจำทาง	mi rot pracham thang	mī rot~ braˇ jam tāng	有公車	engine-auto	
中 1-6	มีรถประจำทางผ่านหลายสายเลย	mi rot pracham thang phan lai sai loei	mī rot~ braˇ jam tāng pānˇ lāiˊ sāiˊ lə̄i	有很多公車路線經過	engine-auto	
中 1-6	โหยฟังแล้วอยากย้ายไปอยู่ด้วยเลย	hoi fang laeo yak yai pai yu duai loei	hōiˊ fang lɛ̄u~ yākˋ yāi~ bai yūˋ dhūayˋ lə̄i	哇，聽了想跟著搬過去住	engine-auto	
中 1-6	โรงเรียนลูกอยู่ใกล้แถวนั้นพอดี	rong rian luk yu klai thaeo nan pho di	rōng rīan lūkˋ yūˋ glaiˋ tɛ̄uˊ nan~ pɔ̄ dhī	孩子的學校剛好在那附近	engine-auto	
中 1-6	ลูกเรียนอยู่ชั้นไหนแล้วเนี่ย	luk rian yu chan nai laeo nia	lūkˋ rīan yūˋ chan~ naiˊ lɛ̄u~ nīaˋ	孩子現在念幾年級了呢	engine-auto	
中 1-6	เรียนม.6แล้ว	rian mo hok laeo		念高三了	unresolved	英文外來語/正式縮寫/原始資料異常，見全課-仍不確定清單.tsv
中 1-6	ตอนนี้ต้องไปเรียนพิเศษทุกวันเลย	ton ni tong pai rian phiset thuk wan loei	dɔ̄n nī~ dɔ̄ngˋ bai rīan pi~ sētˇ tuk~ wan lə̄i	現在每天都要去補習	engine-auto	
中 1-6	เพื่อที่จะเตรียมสอบเข้ามหาลัยปีหน้า	phuea thi cha triam sop khao maha lai pi na	pɯ̄aˋ tīˋ jaˇ drīam sɔ̄pˇ kāuˋ ma~ hāˊ lai bī nāˋ	為了準備明年考大學	derived	
中 1-6	เวลาผ่านไปเร็วเนอะ	wela phan pai rew noe	wē lā pānˇ bai rew nē aˇ	時間過得很快捏	engine-auto	
中 1-6	แป๊บๆลูกจะเข้ามหาลัยแล้ว	paep paep luk cha khao maha lai laeo	bɛ̄p~ bɛ̄p~ lūkˋ jaˇ kāuˋ ma~ hāˊ lai lɛ̄u~	一下子孩子就要上大學了	derived	
中 1-6	ตกลงจะย้ายวันไหน	tok long cha yai wan nai	dokˇ long jaˇ yāi~ wan naiˊ	決定哪天搬家	engine-auto	
中 1-6	ก็โทรมานัดอีกทีแล้วกัน	ko tho ma nat ik thi laeo kan	gɔ̄ˋ tō mā nat~ īkˇ tī lɛ̄u~ gan	那就再打電話來約吧	engine-auto	
中 1-6	เราจะได้เตรียมลางานไว้ก่อน	rao cha dai triam la ngan wai kon	rāu jaˇ dhaiˋ drīam lā ngān wai~ gɔ̄nˇ	我們才能先準備請假	engine-auto	
中 1-6	ขอบใจนะ	khop chai na	kɔ̄pˇ jai na~	謝謝喔	engine-auto	
中 1-6	หวังว่าจะไม่ผิดนัดนะ	wang wa cha mai phit nat na	wangˊ wāˋ jaˇ maiˋ pitˇ nat~ na~	希望不會爽約喔	engine-auto	
中 1-6	รับรองว่าไม่ผิดนัดแน่นอน	rap rong wa mai phit nat naenon	rap~ rɔ̄ng wāˋ maiˋ pitˇ nat~ nɛ̄ˋ nɔ̄n	保證絕對不會爽約	engine-auto	
中 1-6	คนอย่างเราไว้ใจได้	khon yang rao wai chai dai	kon yāngˋ rāu wai~ jai dhaiˋ	像我們這樣的人很可靠	engine-auto	
中 1-6	งั้นถ้าย้ายบ้านเสร็จแล้ว	ngan tha yai ban set laeo	ngan~ tāˋ yāi~ bhānˋ sretˇ lɛ̄u~	那麼如果搬完家了	engine-auto	
中 1-6	เดี๋ยวพาไปเลี้ยงข้าวนะ	diao pha pai liang khao na	dhīauˊ pā bai līang~ kāuˋ na~	待會帶你去吃飯 (請客)	engine-auto	
中 1-6	อยากกินอะไรคิดไว้เลย	yak kin arai khit wai loei	yākˋ gin aˇ rai kit~ wai~ lə̄i	想吃什麼先想好	engine-auto	
中 1-6	แต่ห้ามแพงเกินไปนะ	tae ham phaeng koen pai na	dɛ̄ˇ hāmˋ pɛ̄ng gə̄n bai na~	但不能太貴喔	engine-auto	
中 1-6	เราไม่ใช่เศรษฐี	rao mai chai setthi	rāu maiˋ chaiˋ srētˇ tīˊ	我們不是有錢人	engine-auto	
中 1-7	พอดี	pho di	pɔ̄ dhī	剛好	engine-auto	
中 1-7	พอดีผู้จัดการมีประชุมสำคัญ	pho di phu chat kan mi pra chum sam khan	pɔ̄ dhī pūˋ jatˇ gān mī braˇ chum samˊ kan	剛好經理有重要的會議	engine-auto	
中 1-7	มีนัด	mi nat	mī nat~	有約	engine-auto	
中 1-7	พอดีมีนัดกับเพื่อน	pho di mi nat kap phuan	pɔ̄ dhī mī nat~ gapˇ pɯ̄anˋ	剛好我有跟朋友約了	engine-auto	
中 1-7	ก็เลยไปไม่ได้	ko loei pai mai dai	gɔ̄ˋ lə̄i bai maiˋ dhaiˋ	所以不能去	engine-auto	
中 1-7	รสชาติพอดีไหม	rot chat pho di mai	rot~ chātˋ pɔ̄ dhī maiˊ	味道剛好嗎	derived	
中 1-7	รสชาติพอดีแล้ว	rot chat pho di laeo	rot~ chātˋ pɔ̄ dhī lɛ̄u~	味道已經剛好了	derived	
中 1-7	ทำอาหารกินเอง	tham a han kin eng	tam ā hānˊ gin ēng	自己煮菜/做飯	engine-auto	
中 1-7	ทำอาหารกินเองไหมคะ	tham a han kin eng mai kha	tam ā hānˊ gin ēng maiˊ ka~	有自己煮菜嗎	engine-auto	
中 1-7	ทำอาหารกินเองค่ะ	tham a han kin eng kha	tam ā hānˊ gin ēng kaˋ	自己煮菜	engine-auto	
中 1-7	เติมเก้าห้า	toem kao ha	də̄m gāuˋ hāˋ	加 95	engine-auto	
中 1-7	เติมเต็ม	toem tem	də̄m dem	加滿	engine-auto	
中 1-7	ไม่ต้องเติมอะไรแล้ว	mai tong toem a rai laeo	maiˋ dɔ̄ngˋ də̄m aˇ rai lɛ̄u~	不用再加什麼了	engine-auto	
中 1-7	นึกว่า	nuek wa	nɯk~ wāˋ	以為	engine-auto	
中 1-7	ฉันนึกว่าเขาป่วย	chan nuek wa khao puai	chanˊ nɯk~ wāˋ kāuˊ būayˇ	我以為他生病	engine-auto	
中 1-7	ป่วย	puai	būayˇ	生病	engine-auto	
中 1-7	ลาป่วย	la puai	lā būayˇ	請病假	engine-auto	
中 1-7	เขาหน้าอ่อนมาก	khao na on mak	kāuˊ nāˋ ɔ̄nˇ mākˋ	他臉看起來很年輕	engine-auto	
中 1-7	ฉันนึกว่าเขาอายุแค่ 20	chan nuek wa khao ayu khae yi sip	chanˊ nɯk~ wāˋ kāuˊ ā yu~ kɛ̄ˋ 20	我以為他年紀只20歲 (女)	engine-auto	
中 1-7	ผมนึกว่าเขาอายุแค่ 30	phom nuek wa khao ayu khae sam sip	pomˊ nɯk~ wāˋ kāuˊ ā yu~ kɛ̄ˋ 30	我以為他年紀只30歲 (男)	engine-auto	
中 1-7	ย้ายไป	yai pai	yāi~ bai	移民去	engine-auto	
中 1-7	ฉันนึกว่าเขาย้ายไปอยู่เมืองไทย	chan nuek wa khao yai pai yu mueang thai	chanˊ nɯk~ wāˋ kāuˊ yāi~ bai yūˋ mɯ̄ang tai	我以為他移民去泰國了	engine-auto	
中 1-7	พอ	pho	pɔ̄	一...就...	engine-auto	
中 1-7	พอนึกได้	pho nuek dai	pɔ̄ nɯk~ dhaiˋ	一想起來	engine-auto	
中 1-7	พอตื่นขึ้นมาก็เล่นมือถือเลย	pho tuen khuen ma ko len mue thue loei	pɔ̄ dɯ̄nˇ kɯnˋ mā gɔ̄ˋ lēnˋ mɯ̄ tɯ̄ˊ lə̄i	一醒來就玩手機	engine-auto	
中 1-7	ต้องทำทันที	tong tham than thi	dɔ̄ngˋ tam tan tī	必須馬上做	engine-auto	
中 1-7	ต้องรีบทำทันที	tong rip tham than thi	dɔ̄ngˋ rīpˋ tam tan tī	必須趕快馬上做	engine-auto	
中 1-7	พอนึกได้ ต้องรีบทำทันที	pho nuek dai tong rip tham than thi	pɔ̄ nɯk~ dhaiˋ dɔ̄ngˋ rīpˋ tam tan tī	一想起來，必須趕快馬上做	engine-auto	
中 1-7	นึกไม่ออก เอากุญแจไว้ที่ไหน	nuek mai ok ao kunchae wai thi nai	nɯk~ maiˋ ɔ̄kˇ au gun jɛ̄ wai~ tīˋ naiˊ	想不起來把鑰匙放在哪裡	engine-auto	
中 1-7	นึกไม่ออกว่าเอากุญแจไว้ที่ไหน	nuek mai ok wa ao kunchae wai thi nai	nɯk~ maiˋ ɔ̄kˇ wāˋ au gun jɛ̄ wai~ tīˋ naiˊ	想不起來把鑰匙放在哪裡 (帶連接詞)	engine-auto	
中 1-7	นอกจาก	nok chak	nɔ̄kˋ jākˇ	除了...以外	engine-auto	
中 1-7	นอกจากราคาถูกแล้ว ยังซื้อหนึ่งแถมหนึ่ง	nok chak ra kha thuk laeo yang sue nueng thaem nueng	nɔ̄kˋ jākˇ rā kā tūkˇ lɛ̄u~ yang sɯ̄~ nɯngˇ tɛ̄mˊ nɯngˇ	除了價格很便宜以外，還買一送一	engine-auto	
中 1-7	อาหารไต้หวันนอกจากเต้าหู้เหม็น	a han tai wan nok chak tao hu men	ā hānˊ daiˋ wanˊ nɔ̄kˋ jākˇ dāuˋ hūˋ menˊ	台灣的食物除了臭豆腐以外	engine-auto	
中 1-7	อย่างอื่นก็อร่อยนะ	yang uen ko a roi na	yāngˋ ɯ̄nˇ gɔ̄ˋ aˇ rɔ̄iˋ na~	其他也很好吃喔	engine-auto	
中 1-7	บะหมี่เนื้อก็อร่อย	ba mi nuea ko a roi	bhaˇ mīˇ nɯ̄a~ gɔ̄ˋ aˇ rɔ̄iˋ	牛肉麵也很好吃	engine-auto	
中 1-7	สระว่ายน้ำ	sa wai nam	sraˇ wāiˋ nām~	游泳池	engine-auto	
中 1-7	สระ	sa	sraˇ	池	engine-auto	
中 1-7	ว่ายน้ำ	wai nam	wāiˋ nām~	游泳	engine-auto	
中 1-7	สระว่ายน้ำโรงแรมนี้	sa wai nam rong raem ni	sraˇ wāiˋ nām~ rōng rɛ̄m nī~	這間旅館的游泳池	engine-auto	
中 1-7	ออกแบบสวยมาก	ok baep suai mak	ɔ̄kˇ bhɛ̄pˇ sūayˊ mākˋ	設計得很漂亮	engine-auto	
中 1-7	คอนโดที่เมืองไทย	khon do thi mueang thai	kɔ̄n dhō tīˋ mɯ̄ang tai	在泰國的公寓	engine-auto	
中 1-7	ส่วนใหญ่มีสระว่ายน้ำ	suan yai mi sa wai nam	sūanˇ yaiˇ mī sraˇ wāiˋ nām~	大部分有游泳池	engine-auto	
中 1-7	เยี่ยมมากเลย	yiam mak loei	yīamˋ mākˋ lə̄i	太棒了	engine-auto	
中 1-7	เยี่ยม	yiam	yīamˋ	拜訪/很棒	engine-auto	
中 1-7	เยี่ยมญาติ	yiam yat	yīamˋ yātˋ	探望親戚	derived	
中 1-7	เดือนหน้าจะไปเยี่ยมญาติที่อังกฤษ	duan na cha pai yiam yat thi ang krit	dhɯ̄an nāˋ jaˇ bai yīamˋ yātˋ tīˋ ang gritˇ	下個月要去英國探望親戚	derived	
中 1-7	วิธีนี้เยี่ยมจริงๆ	wi thi ni yiam ching ching	wi~ tī nī~ yīamˋ jing jing	這個方法真的很棒	derived	
中 1-7	ออกเสียงเยี่ยมจริงๆ	ok siang yiam ching ching	ɔ̄kˇ sīangˊ yīamˋ jing jing	發音真的很棒	derived	
中 1-7	ทั้ง...และ...	thang lae	tang~...lɛ~...	既...又...	engine-auto	
中 1-7	ที่เที่ยว	thi thiao	tīˋ tīauˋ	旅遊景點	engine-auto	
中 1-7	เมืองไทยมีที่เที่ยวเยอะ	mueang thai mi thi thiao yoet	mɯ̄ang tai mī tīˋ tīauˋ yə~	泰國有很多旅遊景點	engine-auto	
中 1-7	มีทั้งน้ำตก	mi thang nam tok	mī tang~ nām~ dokˇ	既有瀑布	engine-auto	
中 1-7	ภูเขาและทะเล	phu khao lae tha le	pū kāuˊ lɛ~ ta~ lē	山和海	engine-auto	
中 1-7	สาย	sai	sāiˊ	號/線/條/遲到	engine-auto	
中 1-7	ต้องนั่งรถเมล์สาย 36	tong nang rot me sai sam sip hok	dɔ̄ngˋ nangˋ rot~ mē sāiˊ 36	必須搭36號公車	engine-auto	
中 1-7	ต้องนั่งรถไฟฟ้าสายไหน	tong nang rot fai fa sai nai	dɔ̄ngˋ nangˋ rot~ fai fā~ sāiˊ naiˊ	必須搭捷運哪一條線	engine-auto	
中 1-7	ถนนสายนี้ยาวมาก	tha non sai ni yao mak	taˇ non sāiˊ nī~ yāu mākˋ	這條馬路很長	derived	
中 1-7	เขามาทำงานสายตลอด	khao ma tham ngan sai ta lot	kāuˊ mā tam ngān sāiˊ daˇ lɔ̄tˋ	他來工作一直遲到	derived	
中 1-7	แป๊บ	paep	bɛ̄p~	一下下 / 一些些	engine-auto	
中 1-7	แป๊บ แป๊บ	paep paep	bɛ̄p~ bɛ̄p~	一下下 / 一些些	engine-auto	
中 1-7	โต	to	dō	長大	engine-auto	
中 1-7	แป๊บแป๊บโตเป็นสาวแล้ว	paep paep to pen sao laeo	bɛ̄p~ bɛ̄p~ dō ben sāuˊ lɛ̄u~	一下下就長大變成年輕人了 (女)	engine-auto	
中 1-7	แป๊บแป๊บเรียนม.ปลายแล้ว	paep paep rian mo plai laeo		一下下就上高中了	unresolved	英文外來語/正式縮寫/原始資料異常，見全課-仍不確定清單.tsv
中 1-7	แป๊บแป๊บ 2 ทุ่มครึ่งแล้ว	paep paep song thum khrueng laeo	bɛ̄p~ bɛ̄p~ 2 tumˋ krɯngˋ lɛ̄u~	一下下就晚上八點半了	engine-auto	
中 1-7	ตกลง	tok long	dokˇ long	決定 / 到底 / 好啊 / 行啊	engine-auto	
中 1-7	ตกลงเราจะไปเที่ยวที่ไหนกัน	tok long rao cha pai thiao thi nai kan	dokˇ long rāu jaˇ bai tīauˋ tīˋ naiˊ gan	到底我們要去哪裡玩呢	engine-auto	
中 1-7	เขาตกลงทำสัญญา 2 ปี	khao tok long tham sanya song pi	kāuˊ dokˇ long tam sanˊ yā 2 bī	他決定簽合約兩年	engine-auto	
中 1-7	ตกลงฉันเห็นด้วย	tok long chan hen duai	dokˇ long chanˊ henˊ dhūayˋ	好啊，我同意 (女)	engine-auto	
中 1-7	เขาเป็นคนมีความสามารถสูง	khao pen khon mi khwam samat sung	kāuˊ ben kon mī kwām sāˊ mātˋ sūngˊ	他是能力很高的人	derived	
中 1-7	ผมรับรองว่าเขาเป็นคนมีความสามารถสูง	phom rap rong wa khao pen khon mi khwam samat sung	pomˊ rap~ rɔ̄ng wāˋ kāuˊ ben kon mī kwām sāˊ mātˋ sūngˊ	我保證他是能力很高的人 (男)	derived	
中 1-7	ไม่กล้า	mai kla	maiˋ glāˋ	不敢	engine-auto	
中 1-7	ฉันไม่กล้ารับรองว่า	chan mai kla rap rong wa	chanˊ maiˋ glāˋ rap~ rɔ̄ng wāˋ	我不敢保證 (女)	engine-auto	
中 1-7	ทันเวลา	than wela	tan wē lā	來得及	engine-auto	
中 1-7	จะเสร็จทันเวลาไหม	cha set than wela mai	jaˇ sretˇ tan wē lā maiˊ	會來得及完成嗎	engine-auto	
中 1-7	ฉันไม่กล้ารับรองว่าจะเสร็จทันเวลาไหม	chan mai kla rap rong wa cha set than wela mai	chanˊ maiˋ glāˋ rap~ rɔ̄ng wāˋ jaˇ sretˇ tan wē lā maiˊ	我不敢保證會來得及完成嗎 (女)	engine-auto	
中 1-7	เขาเป็นเศรษฐีของเมืองไทย	khao pen setthi khong mueang thai	kāuˊ ben srētˇ tīˊ kɔ̄ngˊ mɯ̄ang tai	他是泰國的富翁	engine-auto	
中 1-7	เขาเป็นเศรษฐีเพราะว่าเขาขยัน	khao pen setthi phro wa khao khayan	kāuˊ ben srētˇ tīˊ prɔ~ wāˋ kāuˊ kaˇ yanˊ	他是富翁，因為他很用功	derived	
中 1-7	เฟอร์นิเจอร์ที่นี่ทั้งถูกสวยและดี	foe ni choe thi ni thang thuk suai lae di	fə̄ ni~ jə̄ tīˋ nīˋ tang~ tūkˇ sūayˊ lɛ~ dhī	這裡的傢俱既便宜、漂亮、又好	engine-auto	
中 1-7	โรงงานผลิตเฟอร์นิเจอร์	rong ngan phalit foe ni choe	rōng ngān paˇ lit~ fə̄ ni~ jə̄	傢俱生產工廠	engine-auto	
中 1-7	ซื้อบ้านแถมเฟอร์นิเจอร์	sue ban thaem foe ni choe	sɯ̄~ bhānˋ tɛ̄mˊ fə̄ ni~ jə̄	買房送傢俱	engine-auto	
中 1-7	ซื้อบ้านแถมเฟอร์นิเจอร์สนใจไหม	sue ban thaem foe ni choe son chai mai	sɯ̄~ bhānˋ tɛ̄mˊ fə̄ ni~ jə̄ sonˊ jai maiˊ	買房送傢俱，有興趣嗎	derived	
中 1-7	ผมสนใจครับ	phom son chai khrap	pomˊ sonˊ jai krap~	我有興趣	derived	
中 1-7	จะซื้อบ้านไหม	cha sue ban mai	jaˇ sɯ̄~ bhānˋ maiˊ	要買房子嗎	engine-auto	
中 1-7	ขอคิดดูก่อน	kho khit du kon	kɔ̄ˊ kit~ dhū gɔ̄nˇ	讓我考慮一下	engine-auto	
中 1-7	ทำงานเพื่อลูก	tham ngan phuea luk	tam ngān pɯ̄aˋ lūkˋ	為了小孩工作	engine-auto	
中 1-7	ทำงานเพื่อลูกสี่คน	tham ngan phuea luk si khon	tam ngān pɯ̄aˋ lūkˋ sīˇ kon	為了四個小孩工作	engine-auto	
中 1-7	เพื่อที่จะเตรียมสอบเข้ามหาวิทยาลัย	phuea thi cha triam sop khao mahawitthayalai	pɯ̄aˋ tīˋ jaˇ drīam sɔ̄pˇ kāuˋ ma~ hāˊ wi~ ta~ yā lai	為了要準備考大學	derived	
中 1-7	มาเรียนภาษาไทยเพื่อที่จะทำงาน	ma rian phasa thai phuea thi cha tham ngan	mā rīan pā sāˊ tai pɯ̄aˋ tīˋ jaˇ tam ngān	來上泰文為了要工作	engine-auto	
中 1-7	ไปกินจิ้มจุ่มกัน	pai kin chim chum kan	bai gin jimˋ jumˇ gan	我們去吃東北陶罐火鍋吧	engine-auto	
中 1-7	จิ้มจุ่ม	chim chum	jimˋ jumˇ	東北陶罐火鍋	engine-auto	
中 1-7	ที่... แถว...	thi thaeo	tīˋ... tɛ̄uˊ...	在...附近...	engine-auto	
中 1-7	เต่า	tao	dāuˇ	烏龜	engine-auto	
中 1-7	ฮัลโหล	han lo	han hōnˊ	餵/哈囉	engine-auto	
中 1-7	เฮ้ย	hoei	hə̄i~	喂	engine-auto	
中 1-7	แก	kae	gɛ̄	你 (朋友、平輩間用)	engine-auto	
中 1-7	วะ	wa	wa~	啊/啦 (語氣助詞，平輩用)	engine-auto	
中 1-7	แกอยู่ไหนวะ	kae yu nai wa	gɛ̄ yūˋ naiˊ wa~	你在哪裡啊	engine-auto	
中 1-7	อย่าลืมนะ	ya luem na	yāˋ lɯ̄m na~	別忘了喔	engine-auto	
中 1-7	เย็นนี้เรามีนัดกัน	yen ni rao mi nat kan	yen nī~ rāu mī nat~ gan	今天晚上我們有約喔	engine-auto	
中 1-7	แมว	maeo	mɛ̄u	貓/貓咪	engine-auto	
中 1-7	จำได้สิ	cham dai si	jam dhaiˋ siˇ	記得啊	engine-auto	
中 1-7	สิ	si	siˇ	啊/當然 (語氣助詞)	engine-auto	
中 1-7	สิ้นเดือนเงินเดือนออกแล้ว	sin duan ngoen duan ok laeo	sinˋ dhɯ̄an ngə̄n dhɯ̄an ɔ̄kˇ lɛ̄u~	月底發薪水了	engine-auto	
中 1-7	สรุปกินจิ้มจุ่มใช่ป่ะ	sarup kin chim chum chai pa	srupˇ gin jimˋ jumˇ chaiˋ baˇ	所以是要吃東北陶罐火鍋對吧	engine-auto	
中 1-7	ร้านแถวไหนอ่ะ	ran thaeo nai a	rān~ tɛ̄uˊ naiˊ aˇ	餐廳在哪一帶啊	engine-auto	
中 1-7	อ่ะ	a	aˇ	啊 (語氣助詞)	engine-auto	
中 1-7	ร้านประจำ	ran pracham	rān~ braˇ jam	常去的店 / 老地方	engine-auto	
中 1-7	เดี๋ยวพาไปกินร้านประจำ	diao pha pai kin ran pracham	dhīauˊ pā bai gin rān~ braˇ jam	等一下帶你去吃常去的店	engine-auto	
中 1-7	ร้านอยู่ข้างข้างโรงหนังเอง	ran yu khang khang rong nang eng	rān~ yūˋ kāngˋ kāngˋ rōng nangˊ ēng	餐廳就在電影院旁邊而已	engine-auto	
中 1-7	โห	ho	hōˊ	哇 / 吼 (嘆詞)	engine-auto	
中 1-7	สมหวัง	somwang	somˊ wangˊ	如願 / 實現願望	derived	
中 1-7	สักที	sak thi	sakˇ tī	終於 / 一次	engine-auto	
中 1-7	สมหวังสักที	somwang sak thi	somˊ wangˊ sakˇ tī	終於如願了	derived	
中 1-7	อยากกินมานานแล้ว	yak kin ma nan laeo	yākˋ gin mā nān lɛ̄u~	想吃很久了	engine-auto	
中 1-7	แก	kae	gɛ̄	你 (平輩用)	engine-auto	
中 1-7	จองโต๊ะ	chong to	jɔ̄ng do~	訂位 / 訂桌	engine-auto	
中 1-7	ไว้	wai	wai~	著 / 事先	engine-auto	
中 1-7	แกจองโต๊ะไว้แล้วหรือยัง	kae chong to wai laeo rue yang	gɛ̄ jɔ̄ng do~ wai~ lɛ̄u~ rɯ̄ˊ yang	你訂位了沒有	engine-auto	
中 1-7	จองแล้วตอนทุ่มนึง	chong laeo ton thum nueng	jɔ̄ng lɛ̄u~ dɔ̄n tumˋ nɯng	訂了，在晚上七點	engine-auto	
中 1-7	งั้นเจอกันที่ร้านเลยนะ	ngan cheo kan thi ran loei na	ngan~ jə̄ gan tīˋ rān~ lə̄i na~	那就在餐廳見面囉	engine-auto	
中 1-7	ที่โต๊ะอาหาร	thi to a han	tīˋ do~ ā hānˊ	在餐桌	engine-auto	
中 1-7	สั่งอะไรดี	sang a rai di	sangˇ aˇ rai dhī	點什麼好呢	engine-auto	
中 1-7	อยากกินอะไร	yak kin a rai	yākˋ gin aˇ rai	想吃什麼	engine-auto	
中 1-7	แล้วแต่เลย	laeo tae loei	lɛ̄u~ dɛ̄ˇ lə̄i	隨便你	engine-auto	
中 1-7	แล้วแต่	laeo tae	lɛ̄u~ dɛ̄ˇ	隨便	engine-auto	
中 1-7	ตามใจแก	tam chai kae	dām jai gɛ̄	隨你	engine-auto	
中 1-7	งั้น	ngan	ngan~	那麼	engine-auto	
中 1-7	ฉัน	chan	chanˊ	我	engine-auto	
中 1-7	ชุดเนื้อหนึ่ง	chut nuea nueng	chut~ nɯ̄a~ nɯngˇ	牛肉套餐一份	engine-auto	
中 1-7	ชุดหมูหนึ่ง	chut mu nueng	chut~ mūˊ nɯngˇ	豬肉套餐一份	engine-auto	
中 1-7	ชุดทะเลหนึ่ง	chut thale nueng	chut~ ta~ lē nɯngˇ	海鮮套餐一份	engine-auto	
中 1-7	อาหารทะเลที่นี่สดไหมอ่ะ	a han thale thi ni sot mai a	ā hānˊ ta~ lē tīˋ nīˋ sotˇ maiˊ aˇ	這裡的海鮮新鮮嗎	engine-auto	
中 1-7	ฉันกลัวแพ้	chan klua phae	chanˊ glūa pɛ̄~	我怕過敏	engine-auto	
中 1-7	ฉันเป็นลูกค้าประจำร้านนี้	chan pen luk kha pracham ran ni	chanˊ ben lūkˋ kā~ braˇ jam rān~ nī~	我是這間店的常客	engine-auto	
中 1-7	ลูกค้า	luk kha	lūkˋ kā~	顧客	engine-auto	
中 1-7	ลูกค้าประจำ	luk kha pracham	lūkˋ kā~ braˇ jam	常客	engine-auto	
中 1-7	ร้านนี้รับรองว่าทั้งอร่อยทั้งสดอร่อย ไว้ใจได้	ran ni rap rong wa thang a roi thang sot a roi wai chai dai	rān~ nī~ rap~ rɔ̄ng wāˋ tang~ aˇ rɔ̄iˋ tang~ sotˇ aˇ rɔ̄iˋ wai~ jai dhaiˋ	這間店保證既好吃又新鮮，可以信任	engine-auto	
中 1-7	ใช่ป่ะ	chai pa	chaiˋ baˇ	對不對	engine-auto	
中 1-7	เด็กเสิร์ฟ	dek soep	dhekˇ sə̄pˇ	服務生	engine-auto	
中 1-7	ทำไมเราฟังเด็กเสิร์ฟคุยกันไม่ค่อยเข้าใจเลย	thammai rao fang dek soep khui kan mai khoei khao chai loei	tam mai rāu fang dhekˇ sə̄pˇ kui gan maiˋ kɔ̄iˋ kāuˋ jai lə̄i	為什麼我聽服務生聊天，不太懂啊	engine-auto	
中 1-7	เด็กผู้ชาย	dek phu chai	dhekˇ pūˋ chāi	男生	engine-auto	
中 1-7	เด็กผู้หญิง	dek phu ying	dhekˇ pūˋ yingˊ	女生	engine-auto	
中 1-7	เด็กยกกระเป๋า	dek yok krapao	dhekˇ yok~ graˇ bāuˊ	行李員 / 提行李服務生	derived	
中 1-7	เด็กปั๊ม	dek pam	dhekˇ bam~	加油站員工	engine-auto	
中 1-7	ปั๊ม	pam	bam~	加油站	engine-auto	
中 1-7	อ๋อ	o	ɔ̄ˊ	哦 (驚嘆詞)	engine-auto	
中 1-7	เจ้าของร้าน	chao khong ran	jāuˋ kɔ̄ngˊ rān~	老闆 / 店東	engine-auto	
中 1-7	เจ้าของ	chao khong	jāuˋ kɔ̄ngˊ	主人 / 擁有者	engine-auto	
中 1-7	เจ้าของร้านกับเด็กเสิร์ฟเป็นคนอีสานกันหมด	chao khong ran kap dek soep pen khon isan kan mot	jāuˋ kɔ̄ngˊ rān~ gapˇ dhekˇ sə̄pˇ ben kon ī sānˊ gan motˇ	老闆和服務生全部都是東北部人	derived	
中 1-7	ในกรุงเทพ	nai krungthep	nai grung tēpˋ	在曼谷	engine-auto	
中 1-7	มีคนอีสานเยอะไหมอ่ะ	mi khon isan yoet mai a	mī kon ī sānˊ yə~ maiˊ aˇ	有很多東北部人嗎	engine-auto	
中 1-7	ก็เยอะนะ	ko yoet na	gɔ̄ˋ yē aˇ na~	也很多喔	engine-auto	
中 1-7	เข้ามา	khao ma	kāuˋ mā	進來	engine-auto	
中 1-7	ที่เข้ามาทำงาน	thi khao ma	tīˋ kāuˋ mā tam ngān	進來工作的人	engine-auto	
中 1-7	คนหาเช้ากินค่ำ	khon ha chao kin kham	kon hāˊ chāu~ gin kamˋ	日薪族 / 勉強糊口的人	engine-auto	
中 1-7	คนอีสานที่เข้ามาทำงานในกรุงเทพส่วนใหญ่เป็นคนหาเช้ากินค่ำ	khon isan thi khao ma tham ngan nai krungthep suan yai pen khon ha chao kin kham	kon ī sānˊ tīˋ kāuˋ mā tam ngān nai grung tēpˋ sūanˇ yaiˇ ben kon hāˊ chāu~ gin kamˋ	進來曼谷工作的東北部人大部分是勉強糊口的人	engine-auto	
中 1-7	ชีวิตลำบาก	chiwit lambak	chī wit~ lam bhākˇ	生活艱難	engine-auto	
中 1-7	เช่น	chen	chēnˋ	例如	engine-auto	
中 1-7	แม่บ้าน	mae ban	mɛ̄ˋ bhānˋ	清潔工 / 打雜阿姨	book-exact	(book-exact已用引擎重新驗證)
中 1-7	เช่นแม่บ้าน	chen mae ban	chēnˋ mɛ̄ˋ bhānˋ	例如清潔工	engine-auto	
中 1-7	คนขับแท็กซี่	khon khap thaeksi	kon kapˇ tɛk~ sīˋ	計程車司機	engine-auto	
中 1-7	ยาม	yam	yām	警衛 / 保全	engine-auto	
中 1-7	แสดงว่า	sa daeng wa	saˇ dhɛ̄ng wāˋ	表示說 / 顯然	derived	
中 1-7	อยู่อีสานหางานยากใช่ไหม	yu isan ha ngan yak chai mai	yūˋ ī sānˊ hāˊ ngān yākˋ chaiˋ maiˊ	住東北部找工作很難是嗎	engine-auto	
中 1-7	แสดงว่าอยู่อีสานหางานยากใช่ไหม	sa daeng wa yu isan ha ngan yak chai mai	saˇ dhɛ̄ng wāˋ yūˋ ī sānˊ hāˊ ngān yākˋ chaiˋ maiˊ	表示說住東北部找工作很難是嗎	derived	
中 1-7	เออ	oe	ə̄	呃 / 喔	engine-auto	
中 1-7	อาหารมาแล้ว	ahan ma laeo	ā hānˊ mā lɛ̄u~	菜來了	engine-auto	
中 1-7	ดีกว่า	di kwa	dhī gwāˇ	比較好 / 更好	engine-auto	
中 1-7	เราเริ่มกินกันเลยดีกว่า	rao roem kin kan loei di kwa	rāu rə̄mˋ gin gan lə̄i dhī gwāˇ	我們開始吃吧	engine-auto	
中 1-7	อย่าเพิ่ง	ya phoeng	yāˋ pə̄ngˋ	先別 / 先不要	engine-auto	
中 1-7	อย่าเพิ่งอย่าเพิ่ง	ya phoeng ya phoeng	yāˋ pə̄ngˋ yāˋ pə̄ngˋ	先別先別	engine-auto	
中 1-7	ขอถ่ายรูปก่อน	kho thai rup kon	kɔ̄ˊ tāiˇ rūpˋ gɔ̄nˇ	讓我先拍照	engine-auto	
中 1-7	จะสั่งเหล้าไหม	cha sang lao mai	jaˇ sangˇ lāuˋ maiˊ	要點酒嗎	engine-auto	
中 1-7	ฉันเลิกกินเหล้านานแล้ว	chan loek kin lao nan laeo	chanˊ lə̄kˋ gin lāuˋ nān lɛ̄u~	我戒酒很久了	engine-auto	
中 1-7	เอาถ้วยมา	ao thuay ma	au tūayˋ mā	拿碗來	engine-auto	
中 1-7	เดี๋ยวฉันตักให้	diao chan tak hai	dhīauˊ chanˊ dakˇ haiˋ	等一下我幫你舀	engine-auto	
中 1-7	ขอบใจ	khop chai	kɔ̄pˇ jai	謝謝 (平輩用)	engine-auto	
中 1-7	ขอบใจมากนะ	khop chai mak na	kɔ̄pˇ jai mākˋ na~	很謝謝你喔	engine-auto	
中 1-7	ระวังร้อนนะ	rawang ron na	ra~ wang rɔ̄n~ na~	小心燙喔	engine-auto	
中 1-7	ค่อยๆ	khoi khoi	kɔ̄iˋ kɔ̄iˋ	慢慢地	engine-auto	
中 1-7	ค่อยๆ กิน	khoi khoi kin	kɔ̄iˋ kɔ̄iˋ gin	慢慢吃	engine-auto	
中 1-7	เคี้ยว	khiao	kīau~	咀嚼	engine-auto	
中 1-7	ช้าๆ	cha cha	chā~ chā~	慢慢地 (二字)	engine-auto	
中 1-7	เคี้ยวช้าๆ	khiao cha cha	kīau~ chā~ chā~	慢慢咀嚼	engine-auto	
中 1-7	ช่วยหยิบทิชชู่ให้หน่อย	chuay yip thitchu hai noi	chūayˋ yipˇ tit~ chūˋ haiˋ nɔ̄iˇ	幫拿一下面紙	engine-auto	
中 1-7	โห ผู้หญิงที่ไว้ผมยาว นั่งโต๊ะข้างๆ	ho phu ying thi wai phom yao nang to khang khang	hōˊ pūˋ yingˊ tīˋ wai~ pomˊ yāu nangˋ do~ kāngˋ kāngˋ	坐在隔壁桌留長頭髮的女生	engine-auto	
中 1-7	คนนั้นนะสูบบุหรี่ เราไม่ชอบเลย	khon nan na sup buri rao mai chop loei	kon nan~ na~ sūpˇ bhuˇ rīˇ rāu maiˋ chɔ̄pˋ lə̄i	那個人抽菸，我完全不喜歡	engine-auto	
中 1-7	เราแพ้ควันบุหรี่	rao phae khwan buri	rāu pɛ̄~ kwan bhuˇ rīˇ	我對菸過敏	engine-auto	
中 1-7	โห น้ำจิ้มอร่อยมากเลย	ho nam chim aroi mak loei	hōˊ nām~ jimˋ aˇ rɔ̄iˋ mākˋ lə̄i	沾醬非常好吃	engine-auto	
中 1-7	อยากซื้อเป็นของฝาก	yak seu pen khong fak	yākˋ sɯ̄~ ben kɔ̄ngˊ fākˇ	想要買當伴手禮	engine-auto	
中 1-7	ให้เพื่อนที่ไต้หวัน	hai phuan thi tai wan	haiˋ pɯ̄anˋ tīˋ daiˋ wanˊ	給台灣的朋友	engine-auto	
中 1-7	ได้สิ เขามีขาย	dai si khao mi khai	dhaiˋ siˇ kāuˊ mī kāiˊ	可以啊，他有賣	engine-auto	
中 1-7	จะเอากี่ขวดล่ะ	cha ao ki khuat la	jaˇ au gīˇ kūatˇ laˋ	要幾瓶呢	derived	
中 1-7	มันเก็บไว้ได้นานไหมอ่ะ	man kep wai dai nan mai a	man gepˇ wai~ dhaiˋ nān maiˊ aˇ	它能放很久嗎	engine-auto	
中 1-7	จะหมดอายุเมื่อไหร่	cha mot ayu muea rai	jaˇ motˇ ā yu~ mɯ̄aˋ raiˇ	什麼時候會過期呢	derived	
中 1-7	เก็บไว้ได้ถึงปีหน้า	kep wai dai theung pi na	gepˇ wai~ dhaiˋ tɯngˊ bī nāˋ	可以留到明年	engine-auto	
中 1-7	งั้นเอาสองขวด	ngan ao song khuat	ngan~ au sɔ̄ngˊ kūatˇ	那麼要兩瓶	derived	
中 1-7	เรียกเขาเช็คบิลเลยไหม	riak khao chek bin loei mai	rīakˋ kāuˊ chek~ bhin lə̄i maiˊ	叫他來結帳吧	engine-auto	
中 1-7	อิ่มมาก กินไม่ไหวแล้ว	im mak kin mai wai laeo	imˇ mākˋ gin maiˋ waiˊ lɛ̄u~	好飽喔，吃不下了	engine-auto	
中 1-7	โอเค น้องๆ เช็คบิลค่ะ	o khe nong nong chek bin kha	ō kē nɔ̄ng~ nɔ̄ng~ chek~ bhin kaˋ	OK，服務生，結帳	engine-auto	
中 1-7	เด็กเสิร์ฟ	dek soep	dhekˇ sə̄pˇ	服務生	engine-auto	
中 1-7	รอเงินทอนสักครู่นะคะ	ro ngoen thon sak khru na kha	rɔ̄ ngə̄n tɔ̄n sakˇ krūˋ na~ ka~	請稍等找零	engine-auto	
中 1-7	ไม่ต้องทอนค่ะ	mai tong thon kha	maiˋ dɔ̄ngˋ tɔ̄n kaˋ	不用找	engine-auto	
中 1-7	ให้ทิป	hai thip	haiˋ tip~	給你小費	engine-auto	
中 1-8	สรุป	sarup	srupˇ	總結	engine-auto	
中 1-8	สรุปกินจิ้มจุ่มป่ะ	sarup kin chim chum pa	srupˇ gin jimˋ jumˇ baˇ	結論是吃泰式小土鍋嗎？	engine-auto	
中 1-8	สรุปว่าเราจะไปดูทะเลหมอกกันนะ	sarup wa rao cha pai du thale mok kan na	srupˇ wāˋ rāu jaˇ bai dhū ta~ lē mɔ̄kˇ gan na~	結論是我們要一起去看雲海喔	engine-auto	
中 1-8	ไปดูทะเลหมอกกันนะ	pai du thale mok kan na	bai dhū ta~ lē mɔ̄kˇ gan na~	一起去看雲海喔	engine-auto	
中 1-8	ข่าว	khao	kāuˇ	新聞	engine-auto	
中 1-8	ข่าวเขียนว่าอะไรบ้าง	khao khian wa arai bang	kāuˇ kīanˊ wāˋ aˇ rai bhāngˋ	新聞寫了些什麼	engine-auto	
中 1-8	ข่าวพูดว่าอะไรบ้าง	khao phut wa arai bang	kāuˇ pūtˋ wāˋ aˇ rai bhāngˋ	新聞說了些什麼	engine-auto	
中 1-8	ช่วย	chuai	chūayˋ	請 / 幫忙	engine-auto	
中 1-8	ให้ฟังหน่อย	hai fang noi	haiˋ fang nɔ̄iˇ	讓（我）聽一下	engine-auto	
中 1-8	ช่วยสรุปให้ฟังหน่อย	chuai sarup hai fang noi	chūayˋ srupˇ haiˋ fang nɔ̄iˇ	請幫我總結一下	engine-auto	
中 1-8	เช่น	chen	chēnˋ	例如	engine-auto	
中 1-8	สินค้า	sinkha	sinˊ kā~	商品	engine-auto	
中 1-8	ส่งออก	song ok	songˇ ɔ̄kˇ	出口	derived	
中 1-8	สินค้าส่งออก	sinkha song ok	sinˊ kā~ songˇ ɔ̄kˇ	出口商品	derived	
中 1-8	เสียภาษี	sia phasi	sīaˊ pā sīˊ	付稅	engine-auto	
中 1-8	ภาษี	phasi	pā sīˊ	稅	engine-auto	
中 1-8	รวมภาษีหรือยัง	ruam phasi rue yang	rūam pā sīˊ rɯ̄ˊ yang	包含稅了嗎	engine-auto	
中 1-8	ต่ำมาก	tam mak	damˇ mākˋ	非常低	engine-auto	
中 1-8	เช่นผักเสียภาษีต่ำมาก	chen phak sia phasi tam mak	chēnˋ pakˇ sīaˊ pā sīˊ damˇ mākˋ	例如青菜付稅非常低	engine-auto	
中 1-8	ไต้หวันมีของอร่อย	taiwan mi khong aroi	daiˋ wanˊ mī kɔ̄ngˊ aˇ rɔ̄iˋ	台灣有好吃的東西	engine-auto	
中 1-8	หลายอย่าง	lai yang	lāiˊ yāngˋ	好幾種 / 許多	engine-auto	
中 1-8	หลายอย่างเช่น	lai yang chen	lāiˊ yāngˋ chēnˋ	好幾種 例如	engine-auto	
中 1-8	โรงเรียนรัฐบาล	rongrian ratthaban	rōng rīan rat~ bhān	公立學校	engine-auto	
中 1-8	ครูโรงเรียนรัฐบาล	khru rongrian ratthaban	krū rōng rīan rat~ bhān	公立學校的老師	engine-auto	
中 1-8	โรงเรียนเอกชน	rongrian ekkachon	rōng rīan ēkˇ chon	私立學校	derived	
中 1-8	โรงเรียนนานาชาติ	rongrian nanachat	rōng rīan nā nā chātˋ	國際學校	derived	
中 1-8	ค่าเทอม	kha thoem	kāˋ tə̄m	學費	engine-auto	
中 1-8	ค่าเทอมแพงไหม	kha thoem phaeng mai	kāˋ tə̄m pɛ̄ng maiˊ	學費貴嗎	engine-auto	
中 1-8	ค่าเทอมแพงมาก	kha thoem phaeng mak	kāˋ tə̄m pɛ̄ng mākˋ	學費很貴	engine-auto	
中 1-8	โรงพยาบาล	rongphayaban	rōng pa~ yā bhān	醫院	derived	
中 1-8	โรงบาล	rongban	rōng bhān	醫院（口語）	engine-auto	
中 1-8	โรงพยาบาลรัฐบาล	rongphayaban ratthaban	rōng pa~ yā bhān rat~ bhān	公立醫院	derived	
中 1-8	โรงพยาบาลเอกชน	rongphayaban ekkachon	rōng pa~ yā bhān ēkˇ chon	私立醫院	derived	
中 1-8	ค่าหมอแพง	kha mo phaeng	kāˋ mɔ̄ˊ pɛ̄ng	看診費貴	engine-auto	
中 1-8	ตั้งโรงงาน	tang rongngan	dangˋ rōng ngān	設立工廠	engine-auto	
中 1-8	ผลิต	phalit	paˇ lit~	生產	engine-auto	
中 1-8	ชิ้นส่วนคอม	chinsuan khom	chin~ sūanˇ kɔ̄m	電腦零件	engine-auto	
中 1-8	โรงงานผลิตชิ้นส่วนคอม	rongngan phalit chinsuan khom	rōng ngān paˇ lit~ chin~ sūanˇ kɔ̄m	生產電腦零件的工廠	engine-auto	
中 1-8	โรงงานอยู่ภาคตะวันออก	rongngan yu phak tawan ok	rōng ngān yūˋ pākˋ daˇ wan ɔ̄kˇ	工廠在東部	engine-auto	
中 1-8	โรงพัก	rongphak	rōng pak~	派出所	engine-auto	
中 1-8	เมื่อก่อนของหายต้องไปโรงพัก	muea kon khong hai tong pai rongphak	mɯ̄aˋ gɔ̄nˇ kɔ̄ngˊ hāiˊ dɔ̄ngˋ bai rōng pak~	以前東西不見必須去派出所	engine-auto	
中 1-8	แต่เดี๋ยวนี้ไม่ต้องไปโรงพักก็ได้	tae diao ni mai tong pai rongphak ko dai	dɛ̄ˇ dhīauˊ nī~ maiˋ dɔ̄ngˋ bai rōng pak~ gɔ̄ˋ dhaiˋ	但是現在不用去派出所也可以	engine-auto	
中 1-8	ปริญญา	parinya	brin yā	學歷	book-exact	(book-exact已用引擎重新驗證)
中 1-8	พอจบปริญญาตรี	pho cop parinya tri	pɔ̄ jopˇ brin yā drī	一畢業於學士學位	derived	
中 1-8	ก็ไปเรียนต่อปริญญาโท	ko pai rian tor parinya tho	gɔ̄ˋ bai rīan dɔ̄ˇ brin yā tō	就去繼續唸碩士	engine-auto	
中 1-8	ปริญญาโท	parinya tho	brin yā tō	碩士學位	engine-auto	
中 1-8	เรียนต่อปริญญาโทที่เมืองนอก	rian tor parinya tho thi mueang nok	rīan dɔ̄ˇ brin yā tō tīˋ mɯ̄ang nɔ̄kˋ	在國外繼續唸碩士	engine-auto	
中 1-8	เขาสอบได้คะแนนสูงที่สุด	khao sop dai khanan sung thi sut	kāuˊ sɔ̄pˇ dhaiˋ ka~ nɛ̄n sūngˊ tīˋ sutˇ	他考試得到最高分	engine-auto	
中 1-8	ข้อสอบยากมาก	kho sop yak mak	kɔ̄ˋ sɔ̄pˇ yākˋ mākˋ	考題非常難	engine-auto	
中 1-8	ซ่อมไม่ได้แล้ว	som mai dai laeo	sɔ̄mˋ maiˋ dhaiˋ lɛ̄u~	修不好了	engine-auto	
中 1-8	ต้องซื้อใหม่	tong su mai	dɔ̄ngˋ sɯ̄~ maiˇ	必須買新的	engine-auto	
中 1-8	ค่าซ่อมเท่าไร แพงไหม	kha som thao rai phaeng mai	kāˋ sɔ̄mˋ tāuˋ rai pɛ̄ng maiˊ	修理費多少？貴嗎？	engine-auto	
中 1-8	เริ่ม	roem	rə̄mˋ	開始	engine-auto	
中 1-8	เริ่มหิวแล้ว	roem hiu laeo	rə̄mˋ hiwˊ lɛ̄u~	開始餓了	engine-auto	
中 1-8	เริ่มมีความรัก	roem mi khwam rak	rə̄mˋ mī kwām rak~	開始有愛情	engine-auto	
中 1-8	เริ่มลดความอ้วน	roem lot khwam uan	rə̄mˋ lot~ kwām ūanˋ	開始減肥	derived	
中 1-8	เลิก	loek	lə̄kˋ	停止／戒掉	engine-auto	
中 1-8	พยายาม	phayayam	pa~ yā yām	努力	derived	
中 1-8	พยายามเลิกสูบบุหรี่ 2 ปีแล้ว	phayayam loek sup buri song pi laeo	pa~ yā yām lə̄kˋ sūpˇ bhuˇ rīˇ 2 bī lɛ̄u~	努力戒煙兩年了	derived	
中 1-8	ฉันเลิกเหล้าไม่ได้	chan loek lao mai dai	chanˊ lə̄kˋ lāuˋ maiˋ dhaiˋ	我無法戒酒	engine-auto	
中 1-8	ไหว	wai	waiˊ	受得住	engine-auto	
中 1-8	ซื้อไม่ไหว	sue mai wai	sɯ̄~ maiˋ waiˊ	買不起	engine-auto	
中 1-8	ฉันซื้อไหว	chan sue wai	chanˊ sɯ̄~ waiˊ	我買得起	engine-auto	
中 1-8	เสียงดังมาก ทนไม่ไหวแล้ว	siang dang mak thon mai wai laeo	sīangˊ dhang mākˋ ton maiˋ waiˊ lɛ̄u~	很大聲，受不了了	derived	
中 1-8	ลา	la	lā	請假	engine-auto	
中 1-8	ขอลากิจไปทำธุระ	kho la kit pai tham thura	kɔ̄ˊ lā gitˇ bai tam tu~ ra~	請事假去辦事	engine-auto	
中 1-8	ลาออก	la ok	lā ɔ̄kˇ	離職	engine-auto	
中 1-8	หัวหน้าขี้บ่นอยากลาออก	hua na khi bon yak la ok	hūaˊ nāˋ kīˋ bhonˇ yākˋ lā ɔ̄kˇ	主管愛抱怨想離職	derived	
中 1-8	ลาพักร้อน	la phak ron	lā pak~ rɔ̄n~	請年休假	engine-auto	
中 1-8	ปีนี้ลาพักร้อนได้ 15 วัน	pi ni la phak ron dai 15 wan	bī nī~ lā pak~ rɔ̄n~ dhaiˋ 15 wan	今年可以請年休假15天	engine-auto	
中 1-8	ประจำ	pra tsam	braˇ jam	常常	engine-auto	
中 1-8	ทำไมมาสายประจำ	tham mai ma sai pra tsam	tam mai mā sāiˊ braˇ jam	為什麼常常遲到	engine-auto	
中 1-8	ลูกค้าประจำ	luk kha pra tsam	lūkˋ kā~ braˇ jam	常客	engine-auto	
中 1-8	ฉันเป็นลูกค้าประจำที่นี่	chan pen luk kha pra tsam thi ni	chanˊ ben lūkˋ kā~ braˇ jam tīˋ nīˋ	我是這裡的常客	engine-auto	
中 1-8	งานประจำเงินเดือนสูง	ngan pra tsam ngoen duean sung	ngān braˇ jam ngə̄n dhɯ̄an sūngˊ	正職薪水很高	engine-auto	
中 1-8	ตรวจ	truat	drūatˇ	檢查	engine-auto	
中 1-8	ตรวจสุขภาพประจำปี	truat sukkhapap pra tsam pi	drūatˇ sukˇ pāpˋ braˇ jam bī	年度健康檢查	engine-auto	
中 1-8	ครูตรวจข้อสอบ	khru truat kho sop	krū drūatˇ kɔ̄ˋ sɔ̄pˇ	老師檢查考題	engine-auto	
中 1-8	ตรวจกระเป๋าเดินทาง	truat krapao doen thang	drūatˇ graˇ bāuˊ dhə̄n tāng	檢查行李	engine-auto	
中 1-8	จ่ายค่าอาหาร	tsai kha a han	jāiˇ kāˋ ā hānˊ	付餐費	engine-auto	
中 1-8	ลืมจ่ายค่าอาหาร	luem tsai kha a han	lɯ̄m jāiˇ kāˋ ā hānˊ	忘記付餐費	engine-auto	
中 1-8	ยังไม่จ่ายภาษี	yang mai tsai pha si	yang maiˋ jāiˇ pā sīˊ	還沒付稅	engine-auto	
中 1-8	ไม่ต้องใช้เงินสด	mai tong tsai ngoen sot	maiˋ dɔ̄ngˋ chai~ ngə̄n sotˇ	不用現金	engine-auto	
中 1-8	จ่ายผ่านมือถือ	tsai phan mue thue	jāiˇ pānˇ mɯ̄ tɯ̄ˊ	透過手機支付	engine-auto	
中 1-8	เถ้าแก่ ยังไม่ทอนเงินนะคะ	thao kae yang mai thon ngoen na kha	tāuˋ gɛ̄ˇ yang maiˋ tɔ̄n ngə̄n na~ ka~	老闆，還沒找錢喔	engine-auto	
中 1-8	ขอโทษ ขอโทษ ผมลืมทอนเงิน	kho thot kho thot phom luem thon ngoen	kɔ̄ˊ tōtˋ kɔ̄ˊ tōtˋ pomˊ lɯ̄m tɔ̄n ngə̄n	對不起，對不起，我忘記找錢了	engine-auto	
中 1-8	นี่ เงินทอนครับ	ni ngoen thon khrap	nīˋ ngə̄n tɔ̄n krap~	這是找的錢	engine-auto	
中 1-8	เพิ่ม	phem	pə̄mˋ	增加	engine-auto	
中 1-8	จะสั่งอะไรเพิ่มไหมคะ	ja sang arai phem mai kha	jaˇ sangˇ aˇ rai pə̄mˋ maiˊ ka~	還要再點什麼嗎？	engine-auto	
中 1-8	ต้มยำกุ้งเพิ่มค่ะ	tom yam kung phem kha	domˋ yam gungˋ pə̄mˋ kaˋ	加點冬陰功（酸辣蝦湯）	engine-auto	
中 1-8	ไปกินบุฟเฟต์	pai kin bupfe	bai gin bhupˇ fē	去吃吃到飽	engine-auto	
中 1-8	ต้องจ่ายเพิ่มเก้าสิบเก้าบาท	tong chai phem kao sip kao bat	dɔ̄ngˋ jāiˇ pə̄mˋ gāuˋ sipˇ gāuˋ bhātˇ	需要再加付 99 銖	engine-auto	
中 1-8	กุญแจหายแล้ว	kunjae hai laew	gun jɛ̄ hāiˊ lɛ̄u~	鑰匙不見了	engine-auto	
中 1-8	ทำยังไงดี	tham yang ngai di	tam yang ngai dhī	怎麼辦才好	engine-auto	
中 1-8	มือถือหาย	mue thue hai	mɯ̄ tɯ̄ˊ hāiˊ	手機不見了	engine-auto	
中 1-8	หายไปไหนมา	hai pai nai ma	hāiˊ bai naiˊ mā	消失去哪裡了？	engine-auto	
中 1-8	ไม่เจอกันนาน	mai cheo kan nan	maiˋ jə̄ gan nān	好久不見	engine-auto	
中 1-8	ตัก	tak	dakˇ	舀 / 夾	engine-auto	
中 1-8	อย่าตักเยอะเกินไป	ya tak yoe koen pai	yāˋ dakˇ yə~ gə̄n bai	別舀太多	engine-auto	
中 1-8	ระวังกินไม่หมด	rawang kin mai mot	ra~ wang gin maiˋ motˇ	小心吃不完	derived	
中 1-8	หยิบ	yip	yipˇ	拿	engine-auto	
中 1-8	ช่วยหยิบทิชชู่ให้หน่อย	chuai yip thit chu hai noi	chūayˋ yipˇ tit~ chūˋ haiˋ nɔ̄iˇ	請幫我拿一下衛生紙	engine-auto	
中 1-8	ลิ้นชัก	lin chak	lin~ chak~	抽屜	engine-auto	
中 1-8	ช่วยหยิบเอกสารในลิ้นชักให้หน่อย	chuai yip ek kasan nai lin chak hai noi	chūayˋ yipˇ ēkˇ sānˊ nai lin~ chak~ haiˋ nɔ̄iˇ	請幫我拿一下抽屜裡的文件	engine-auto	
中 1-8	ดึง	dueng	dhɯng	拉	engine-auto	
中 1-8	ดึงไม่ออก	dueng mai ok	dhɯng maiˋ ɔ̄kˇ	拉不出來	engine-auto	
中 1-8	ฉันช่วยคุณดึง	chan chuai khun dueng	chanˊ chūayˋ kun dhɯng	我幫你拉	engine-auto	
中 1-8	เคี้ยว	khiao	kīau~	嚼	engine-auto	
中 1-8	ปวดฟันเคี้ยวข้าวไม่ไหว	puat fan khiao khao mai wai	būatˇ fan kīau~ kāuˋ maiˋ waiˊ	牙痛咬不動飯	engine-auto	
中 1-8	คุณยายชอบเคี้ยวหมาก	khun yai chop khiao mak	kun yāi chɔ̄pˋ kīau~ mākˇ	外婆喜歡嚼檳榔	engine-auto	
中 1-8	แน่น	naen	nɛ̄nˋ	緊 / 擁擠	engine-auto	
中 1-8	บนรถเมล์คนแน่นมาก	bon rot me khon naen mak	bhon rot~ mē kon nɛ̄nˋ mākˋ	公車上人非常擁擠	engine-auto	
中 1-8	ถ้าจับไม่แน่น	tha chap mai naen	tāˋ japˇ maiˋ nɛ̄nˋ	如果抓不緊	engine-auto	
中 1-8	อาจตกได้	at tok dai	ātˇ dokˇ dhaiˋ	可能會掉下去	engine-auto	
中 1-8	ฉันรู้สึกแน่นหน้าอก	chan ru suk naen na ok	chanˊ rū~ sɯkˇ nɛ̄nˋ nāˋ okˇ	我感到胸悶	derived	
中 1-8	กอด	kot	gɔ̄tˇ	抱	engine-auto	
中 1-8	แม่กอดลูก	mae kot luk	mɛ̄ˋ gɔ̄tˇ lūkˋ	媽媽抱小孩	engine-auto	
中 1-8	พระเอกกอดนางเอก	phra ek kot nang ek	pra~ ēkˇ gɔ̄tˇ nāng ēkˇ	男主角抱女主角	engine-auto	
中 1-8	ย้าย	yai	yāi~	搬 / 搬家	engine-auto	
中 1-8	เตรียมตัวย้ายเข้าบ้านใหม่	triam tua yai khao ban mai	drīam dūa yāi~ kāuˋ bhānˋ maiˇ	準備搬進新家	engine-auto	
中 1-8	หลังแต่งงานก็ย้ายมาอยู่ไต้หวัน	lang taeng ngan ko yai ma yu tai wan	langˊ dɛ̄ngˇ ngān gɔ̄ˋ yāi~ mā yūˋ daiˋ wanˊ	結婚後就搬來台灣住	engine-auto	
中 1-8	ตำแหน่ง	tam naeng	dam nɛ̄ngˇ	職位	engine-auto	
中 1-8	ตำแหน่งผู้จัดการ	tam naeng phu chat kan	dam nɛ̄ngˇ pūˋ jatˇ gān	經理職位	engine-auto	
中 1-8	ตำแหน่งผู้ช่วย	tam naeng phu chuai	dam nɛ̄ngˇ pūˋ chūayˋ	助理職位	engine-auto	
中 1-8	ตำแหน่งแม่บ้าน	tam naeng mae ban	dam nɛ̄ngˇ mɛ̄ˋ bhānˋ	房務 / 清潔人員職位	engine-auto	
中 1-8	แทน	thaen	tɛ̄n	代替	engine-auto	
中 1-8	ใช้ปากกาดำแทนก็ได้	chai pakka dam thaen ko dai	chai~ bākˇ gā dham tɛ̄n gɔ̄ˋ dhaiˋ	用黑色筆代替也可以	engine-auto	
中 1-8	เอาปลานึ่งมะนาวแทนได้ไหมคะ	ao pla nueng manao thaen dai mai kha	au blā nɯngˋ ma~ nāu tɛ̄n dhaiˋ maiˊ ka~	拿檸檬蒸魚代替可以嗎？	engine-auto	
中 1-8	จด	jot	jotˇ	記 / 筆記	derived	
中 1-8	ฟังไปจดไป	fang pai jot pai	fang bai jotˇ bai	一邊聽一邊記	derived	
中 1-8	ครูพูดเร็ว	khru phut reu	krū pūtˋ rew	老師說得很快	engine-auto	
中 1-8	นักเรียนจดไม่ทัน	nak rian jot mai than	nak~ rīan jotˇ maiˋ tan	學生來不及記	derived	
中 1-8	จดทะเบียนแต่งงาน	jot thabian taeng ngan	jotˇ ta~ bhīan dɛ̄ngˇ ngān	登記結婚	derived	
中 1-8	จดทะเบียนบริษัท	jot thabian borisat	jotˇ ta~ bhīan bhɔ̄ ri~ satˇ	登記公司	derived	
中 1-8	ถึงหมายเลข 84 หรือยังครับ	thueng mai lek 84 rue yang khrap	tɯngˊ māiˊ lēkˋ 84 rɯ̄ˊ yang krap~	到 84 號了嗎？	engine-auto	
中 1-8	ขอหมายเลขบัญชีด้วย	kho mai lek ban chi duai	kɔ̄ˊ māiˊ lēkˋ bhan chī dhūayˋ	請給我帳戶號碼	engine-auto	
中 1-8	เตรียม	triam	drīam	準備	engine-auto	
中 1-8	เตรียมตัวไปแฟนมีต	triam tua pai faen mit		準備去粉絲見面會	unresolved	英文外來語/正式縮寫/原始資料異常，見全課-仍不確定清單.tsv
中 1-8	เตรียมตัวไปเที่ยว	triam tua pai thiao	drīam dūa bai tīauˋ	準備去玩	engine-auto	
中 1-8	เตรียมเอกสาร	triam ek kasan	drīam ēkˇ sānˊ	準備文件	engine-auto	
中 1-8	พร้อม	phrom	prɔ̄m~	準備好	engine-auto	
中 1-8	อาหารพร้อมแล้ว	a han phrom laew	ā hānˊ prɔ̄m~ lɛ̄u~	餐點準備好了	engine-auto	
中 1-8	พร้อมออกเดินทางแล้ว	phrom ok doen thang laew	prɔ̄m~ ɔ̄kˇ dhə̄n tāng lɛ̄u~	準備好要出發了	engine-auto	
中 1-8	นัด	nat	nat~	約定	engine-auto	
中 1-8	วันนี้ 1 ทุ่ม	wan ni nueng thum	wan nī~ 1 tumˋ	今天晚上七點	engine-auto	
中 1-8	มีนัดดูหนังกับเพื่อน	mi nat du nang kap phuen	mī nat~ dhū nangˊ gapˇ pɯ̄anˋ	有跟朋友約去看電影	engine-auto	
中 1-8	แต่เพื่อนผิดนัด	tae phuen phit nat	dɛ̄ˇ pɯ̄anˋ pitˇ nat~	但朋友違約（放鴿子）	engine-auto	
中 1-8	รวม	ruam	rūam	包含	engine-auto	
中 1-8	รวมค่าบริการกับรวมภาษีแล้ว	ruam kha borikan kap ruam pha si laew	rūam kāˋ bhɔ̄ ri~ gān gapˇ rūam pā sīˊ lɛ̄u~	包含服務費和稅金了	derived	
中 1-8	แต่ยังไม่รวมทิป	tae yang mai ruam thip	dɛ̄ˇ yang maiˋ rūam tip~	但還沒包含小費	engine-auto	
中 1-8	ภาษี	pha si	pā sīˊ	稅金	engine-auto	
中 1-8	ต้องจ่ายภาษีกี่เปอร์เซ็นต์	tong chai pha si ki po sen	dɔ̄ngˋ jāiˇ pā sīˊ gīˇ bə̄ sen	要付幾%的稅	engine-auto	
中 1-8	ราคานี้ยังไม่รวมแวต	ra kha ni yang mai ruam waet	rā kā nī~ yang maiˋ rūam wɛ̄tˋ	這個價格還不包含增值稅	engine-auto	
中 1-8	บริการ	borikan	bhɔ̄ ri~ gān	服務	derived	
中 1-8	ร้านนี้บริการเป็นกันเอง	ran ni borikan pen kan eng	rān~ nī~ bhɔ̄ ri~ gān ben gan ēng	這家店服務很親切	derived	
中 1-8	เด็กเสิร์ฟบริการแย่	dek saep borikan yae	dhekˇ sə̄pˇ bhɔ̄ ri~ gān yɛ̄ˋ	服務生服務很糟糕	derived	
中 1-8	เจ้าของร้านบริการเยี่ยม	chao khong ran borikan yiem	jāuˋ kɔ̄ngˊ rān~ bhɔ̄ ri~ gān yīamˋ	餐廳老闆服務很棒	derived	
中 1-8	แถม	thaem	tɛ̄mˊ	贈送	engine-auto	
中 1-8	ซื้อจานแถมแก้ว	su chan thaem kaew	sɯ̄~ jān tɛ̄mˊ gɛ̄uˋ	買盤子送杯子	engine-auto	
中 1-8	ซื้อ 10,000 บาท	su nueng muen bat	sɯ̄~ 10,000 bhātˇ	買滿 10,000 銖	engine-auto	
中 1-8	รับฟรีของแถม 3 ชิ้น	rap fri khong thaem sam chin	rap~ frī kɔ̄ngˊ tɛ̄mˊ 3 chin~	免費獲得 3 件贈品	engine-auto	
中 1-8	ยก	yok	yok~	舉 / 提 / 原諒	derived	
中 1-8	ยกโทษให้ผมนะครับ	yok thot hai phom na khrap	yok~ tōtˋ haiˋ pomˊ na~ krap~	請原諒我	derived	
中 1-8	ยกตัวอย่าง	yok tua yang	yok~ dūa yāngˋ	舉例	derived	
中 1-8	ช่วยยกตัวอย่างให้ฟังหน่อย	chuai yok tua yang hai fang noi	chūayˋ yok~ dūa yāngˋ haiˋ fang nɔ̄iˇ	請舉例給我聽一下	derived	
中 1-8	ช่วยยกกระเป๋าให้หน่อย	chuai yok kra pao hai noi	chūayˋ yok~ graˇ bāuˊ haiˋ nɔ̄iˇ	請幫我提行李	derived	
中 1-8	ตั้งโรงงาน	ttang rong ngan	dangˋ rōng ngān	設立工廠	engine-auto	
中 1-8	ตั้งบริษัท	ttang bo ri sat	dangˋ bhɔ̄ ri~ satˇ	設立公司	derived	
中 1-8	ตั้งบริษัทเป็นความฝันของเขา	ttang bo ri sat pen khwam fan khong khao	dangˋ bhɔ̄ ri~ satˇ ben kwām fanˊ kɔ̄ngˊ kāuˊ	設立公司是他的夢想	derived	
中 1-8	ความฝันของยูจุนคืออะไรคะ	khwam fan khong yu jun khue a rai kha	kwām fanˊ kɔ̄ngˊ yū jun kɯ̄ aˇ rai ka~	你的夢想是什麼呢	engine-auto	
中 1-8	ตั้งใจ	ttang chai	dangˋ jai	認真	book-exact	(book-exact已用引擎重新驗證)
中 1-8	อธิบาย	a thi bai	aˇ ti~ bhāi	解釋	derived	
中 1-8	ตั้งใจฟังครูอธิบาย	ttang chai fang khru a thi bai	dangˋ jai fang krū aˇ ti~ bhāi	認真聽老師解釋	derived	
中 1-8	ตั้งนาฬิกา	ttang na li ka	dangˋ nā li~ gā	設定鬧鐘	engine-auto	
中 1-8	ตีห้า	ti ha	dī hāˋ	凌晨五點	engine-auto	
中 1-8	เจ็ดโมงเช้า	chet mong chao	jetˇ mōng chāu~	早上七點	engine-auto	
中 1-8	ตั้งนาฬิกาเจ็ดโมงเช้า	ttang na li ka chet mong chao	dangˋ nā li~ gā jetˇ mōng chāu~	設定早上七點鬧鐘	engine-auto	
中 1-8	ผลิต	pha lit	paˇ lit~	生產	engine-auto	
中 1-8	ส่งออก	song ok	songˇ ɔ̄kˇ	出口	derived	
中 1-8	ผลิตส่งออก	pha lit song ok	paˇ lit~ songˇ ɔ̄kˇ	外銷生產	derived	
中 1-8	ขาย	khai	kāiˊ	賣	engine-auto	
中 1-8	ในประเทศ	nai pra thet	nai braˇ tētˋ	國內	engine-auto	
中 1-8	ผลิตขายในประเทศ	pha lit khai nai pra thet	paˇ lit~ kāiˊ nai braˇ tētˋ	內銷生產	engine-auto	
中 1-8	โรงงาน	rong ngan	rōng ngān	工廠	engine-auto	
中 1-8	ชิ้นส่วนคอม	chin suan khom	chin~ sūanˇ kɔ̄m	電腦零件	engine-auto	
中 1-8	โรงงานผลิตชิ้นส่วนคอม	rong ngan pha lit chin suan khom	rōng ngān paˇ lit~ chin~ sūanˇ kɔ̄m	電腦零件生產工廠	engine-auto	
中 1-8	แผนก	pha naek	paˇ nɛ̄kˋ	部門	derived	
中 1-8	เครื่องใช้ไฟฟ้า	khrueang chai fai fa	krɯ̄angˋ chai~ fai fā~	家電	engine-auto	
中 1-8	แผนกเครื่องใช้ไฟฟ้า	pha naek khrueang chai fai fa	paˇ nɛ̄kˋ krɯ̄angˋ chai~ fai fā~	家電區	derived	
中 1-8	เขาเป็นผู้จัดการแผนกบัญชี	khao pen phu chat kan pha naek ban chi	kāuˊ ben pūˋ jatˇ gān paˇ nɛ̄kˋ bhan chī	他是會計部經理	derived	
中 1-8	แผนกหัวใจ	pha naek hua chai	paˇ nɛ̄kˋ hūaˊ jai	心臟科	derived	
中 1-8	ผู้ป่วย	phu puai	pūˋ būayˇ	病人	engine-auto	
中 1-8	แผนกหัวใจผู้ป่วยเยอะมาก	pha naek hua chai phu puai yoe mak	paˇ nɛ̄kˋ hūaˊ jai pūˋ būayˇ yə~ mākˋ	心臟科病人很多	derived	
中 1-8	ออกแบบ	ok baep	ɔ̄kˇ bhɛ̄pˇ	設計	engine-auto	
中 1-8	ออกแบบเยี่ยมมาก	ok baep yiam mak	ɔ̄kˇ bhɛ̄pˇ yīamˋ mākˋ	設計得非常讚	engine-auto	
中 1-8	ออกแบบก่อนแล้วค่อยผลิต	ok baep kon laeo khoi pha lit	ɔ̄kˇ bhɛ̄pˇ gɔ̄nˇ lɛ̄u~ kɔ̄iˋ paˇ lit~	先設計然後再生產	engine-auto	
中 1-8	หลง	hlong	longˊ	迷	derived	
中 1-8	หลงทาง	hlong thang	longˊ tāng	迷路	derived	
中 1-8	ขับรถ	khap rot	kapˇ rot~	開車	book-exact	(book-exact已用引擎重新驗證)
中 1-8	ขับรถหลงทางบ่อยๆ	khap rot hlong thang boi boi	kapˇ rot~ longˊ tāng bhɔ̄iˇ bhɔ̄iˇ	常常開車迷路	derived	
中 1-8	หลงเชื่อ	hlong chuea	longˊ chɯ̄aˋ	誤信	derived	
中 1-8	คนส่วนใหญ่จะหลงเชื่อคนปากหวาน	khon suan yai cha hlong chuea khon pak wan	kon sūanˇ yaiˇ jaˇ longˊ chɯ̄aˋ kon bākˇ wānˊ	大部分的人會誤信嘴巴甜的人	derived	
中 1-8	หลงรัก	hlong rak	longˊ rak~	愛上	derived	
中 1-8	ตั้งแต่วันแรกที่เจอเขา	ttang tae wan raek thi cheo khao	dangˋ dɛ̄ˇ wan rɛ̄kˋ tīˋ jə̄ kāuˊ	從遇到他的第一天起	engine-auto	
中 1-8	ฉันก็หลงรักเขา	chan ko hlong rak khao	chanˊ gɔ̄ˋ longˊ rak~ kāuˊ	我就愛上他了	derived	
中 1-8	ลองชิมดู ผมรับรองว่าคุณจะติดใจ	long chim du phom rap rong wa khun cha tit chai	lɔ̄ng chim dhū pomˊ rap~ rɔ̄ng wāˋ kun jaˇ ditˇ jai	試吃看看，我保證你會上癮	engine-auto	
中 1-8	ฉันรับรองว่าเขาเป็นคนไว้ใจได้	chan rap rong wa khao pen khon wai chai dai	chanˊ rap~ rɔ̄ng wāˋ kāuˊ ben kon wai~ jai dhaiˋ	我保證他是值得信任的人	engine-auto	
中 1-8	อย่าลองใจเขาบ่อย	ya long chai khao boi	yāˋ lɔ̄ng jai kāuˊ bhɔ̄iˇ	別常常試探他	engine-auto	
中 1-8	ระวังเขาจะทนไม่ไหวนา	ra wang khao cha thon mai wai na	ra~ wang kāuˊ jaˇ ton maiˋ waiˊ nā	小心他會受不了喔	derived	
中 1-8	คุณลองคิดดูซิ	khun long khit du si	kun lɔ̄ng kit~ dhū si~	你試著想想看吧	engine-auto	
中 1-8	ทำไมเขามาเอาใจคุณ	tham mai khao ma ao chai khun	tam mai kāuˊ mā au jai kun	為什麼他會來討好你	engine-auto	
中 1-8	ช่างกินเก่งจริงๆ	chang kin keng ching ching	chāngˋ gin gēngˇ jing jing	真的很會吃	derived	
中 1-8	ช่างน่ารักจริงๆ	chang na rak ching ching	chāngˋ nāˋ rak~ jing jing	真的很可愛	derived	
中 1-8	ช่างเอาใจยากจริงๆ	chang ao chai yak ching ching	chāngˋ au jai yākˋ jing jing	真的很難討好	derived	
中 1-8	ฉันคิดว่าเขาไว้ใจได้	chan khit wa khao wai chai dai	chanˊ kit~ wāˋ kāuˊ wai~ jai dhaiˋ	我認為他可以信任	engine-auto	
中 1-8	ฉันคิดว่าเขาไว้หนวดหล่อกว่า	chan khit wa khao wai nuat lo kwa	chanˊ kit~ wāˋ kāuˊ wai~ nūatˇ lɔ̄ˇ gwāˇ	我認為他留鬍子比較帥	engine-auto	
中 1-8	ฉันคิดว่าพวกเรายังไม่สิ้นหวัง	chan khit wa phuak rao yang mai sin wang	chanˊ kit~ wāˋ pūakˋ rāu yang maiˋ sinˋ wangˊ	我認為我們還沒絕望	engine-auto	
中 2-1	เริ่มนะคะ	roem na ka	rə̄mˋ na~ ka~	開始喔	engine-auto	
中 2-1	สู้	su	sūˋ	拼 / 加油	engine-auto	
中 2-1	สู้ๆ นะ	su su na	sūˋ sūˋ na~	加油喔	engine-auto	
中 2-1	สู้ๆ นะ อย่ายอมแพ้ ค่ะ	su su na ya yom phae kha	sūˋ sūˋ na~ yāˋ yɔ̄m pɛ̄~ kaˋ	加油喔，不要放棄（女性敬語）	engine-auto	
中 2-1	ความสามารถ	khwam sa mat	kwām sāˊ mātˋ	能力	derived	
中 2-1	ความสามารถของฉัน	khwam sa mat khong chan	kwām sāˊ mātˋ kɔ̄ngˊ chanˊ	我的能力（女性/通稱）	derived	
中 2-1	ความสามารถของฉันสู้เขาไม่ได้	khwam sa mat khong chan su khao mai dai	kwām sāˊ mātˋ kɔ̄ngˊ chanˊ sūˋ kāuˊ maiˋ dhaiˋ	我的能力比不上他	derived	
中 2-1	ความสามารถของฉันสู้เขาได้	khwam sa mat khong chan su khao dai	kwām sāˊ mātˋ kɔ̄ngˊ chanˊ sūˋ kāuˊ dhaiˋ	我的能力比得上他	derived	
中 2-1	แพ้	phae	pɛ̄~	輸 / 過敏	engine-auto	
中 2-1	ยา	ya	yā	藥	book-exact	(book-exact已用引擎重新驗證)
中 2-1	แพ้ยา	phae ya	pɛ̄~ yā	對藥過敏	engine-auto	
中 2-1	แพ้ยาอะไรมั้ยคะ	phae ya a rai mai ka	pɛ̄~ yā aˇ rai mai~ ka~	對什麼藥過敏嗎？	engine-auto	
中 2-1	ไม่มีค่ะ	mai mi ka	maiˋ mī kaˋ	沒有	engine-auto	
中 2-1	ไม่แพ้ค่ะ	mai phae ka	maiˋ pɛ̄~ kaˋ	不會過敏	engine-auto	
中 2-1	อากาศ	a kat	ā gātˇ	天氣 / 空氣	book-exact	(book-exact已用引擎重新驗證)
中 2-1	แพ้อากาศ	phae a kat	pɛ̄~ ā gātˇ	對天氣過敏	engine-auto	
中 2-1	แพ้อากาศค่ะ	phae a kat ka	pɛ̄~ ā gātˇ kaˋ	對天氣過敏（女性敬語）	engine-auto	
中 2-1	ธูป	thup	tūpˋ	香（線香）	engine-auto	
中 2-1	ควัน	khwan	kwan	煙	engine-auto	
中 2-1	ควันธูป	khwan thup	kwan tūpˋ	線香煙霧	engine-auto	
中 2-1	แพ้ควันธูป	phae khwan thup	pɛ̄~ kwan tūpˋ	對線香煙霧過敏	engine-auto	
中 2-1	ไม่แพ้ควันธูป	mai phae khwan thup	maiˋ pɛ̄~ kwan tūpˋ	不會對線香煙霧過敏	engine-auto	
中 2-1	บุหรี่	bu ri	bhuˇ rīˇ	香菸	engine-auto	
中 2-1	ควันบุหรี่	khwan bu ri	kwan bhuˇ rīˇ	菸味 / 二手菸	engine-auto	
中 2-1	แพ้ควันบุหรี่	phae khwan bu ri	pɛ̄~ kwan bhuˇ rīˇ	對二手菸過敏	engine-auto	
中 2-1	ไม่แพ้ควันบุหรี่	mai phae khwan bu ri	maiˋ pɛ̄~ kwan bhuˇ rīˇ	不會對二手菸過敏	engine-auto	
中 2-1	ไม่แพ้ควันบุหรี่ค่ะ	mai phae khwan bu ri ka	maiˋ pɛ̄~ kwan bhuˇ rīˇ kaˋ	不會對二手菸過敏（女性敬語）	engine-auto	
中 2-1	ทีม	thim	tīm	隊伍	engine-auto	
中 2-1	ทีมเอ	thim e	tīm ē	A隊	engine-auto	
中 2-1	ทีมบี	thim bi	tīm bhī	B隊	engine-auto	
中 2-1	ทีมเอแพ้ทีมบี	thim e phae thim bi	tīm ē pɛ̄~ tīm bhī	A隊輸給B隊	engine-auto	
中 2-1	คะแนน	kha naen	ka~ nɛ̄n	分數 / 得分	engine-auto	
中 2-1	แพ้ 3 คะแนน	phae sam kha naen	pɛ̄~ 3 ka~ nɛ̄n	輸了3分	engine-auto	
中 2-1	เยี่ยม	yiam	yīamˋ	拜訪 / 讚	engine-auto	
中 2-1	ญาติ	yat	yātˋ	親戚	derived	
中 2-1	จาก	chak	jākˇ	來自 / 從	engine-auto	
中 2-1	เมืองไทย	mueang thai	mɯ̄ang tai	泰國	engine-auto	
中 2-1	มีญาติจากเมืองไทยมาเยี่ยม	mi yat chak mueang thai ma yiam	mī yātˋ jākˇ mɯ̄ang tai mā yīamˋ	有來自泰國的親戚來拜訪	derived	
中 2-1	ไต้หวัน	tai wan	daiˋ wanˊ	台灣	engine-auto	
中 2-1	มีญาติจากไต้หวันมาเยี่ยม	mi yat chak tai wan ma yiam	mī yātˋ jākˇ daiˋ wanˊ mā yīamˋ	有來自台灣的親戚來拜訪	derived	
中 2-1	รสชาติ	rot chat	rot~ chātˋ	味道 / 風味	book-exact	(book-exact已用引擎重新驗證)
中 2-1	รสชาติเยี่ยมมาก	rot chat yiam mak	rot~ chātˋ yīamˋ mākˋ	味道太棒了	derived	
中 2-1	หวัง	wang	wangˊ	希望	engine-auto	
中 2-1	สมหวัง	som wang	somˊ wangˊ	如願	derived	
中 2-1	ผิดหวัง	phit wang	pitˇ wangˊ	失望	engine-auto	
中 2-1	คุณทำให้ฉันผิดหวัง	khun tham hai chan phit wang	kun tam haiˋ chanˊ pitˇ wangˊ	你讓我失望	engine-auto	
中 2-1	มีความฝัน	mi khwam fan	mī kwām fanˊ	有夢想	engine-auto	
中 2-1	มีความหวัง	mi khwam wang	mī kwām wangˊ	有希望	engine-auto	
中 2-1	มีความฝันก็มีความหวัง	mi khwam fan ko mi khwam wang	mī kwām fanˊ gɔ̄ˋ mī kwām wangˊ	有夢想就有希望	engine-auto	
中 2-1	ฉันหวังว่าคุณจะมีความสุข	chan wang wa khun ja mi khwam suk	chanˊ wangˊ wāˋ kun jaˇ mī kwām sukˇ	我希望你會幸福	engine-auto	
中 2-1	ฉันหวังว่าคุณจะเข้าใจ	chan wang wa khun ja khao jai	chanˊ wangˊ wāˋ kun jaˇ kāuˋ jai	我希望你會了解	engine-auto	
中 2-1	คบ	khop	kop~	交往	derived	
中 2-1	ตอนนี้คบกับคนไต้หวันอยู่	ton ni khop kap khon taiwan yu	dɔ̄n nī~ kop~ gapˇ kon daiˋ wanˊ yūˋ	現在正在跟台灣人交往	derived	
中 2-1	พวกเราคบกัน 5 ปีแล้ว	phuak rao khop kan ha pi laeo	pūakˋ rāu kop~ gan 5 bī lɛ̄u~	我們交往5年了	derived	
中 2-1	นึกว่า	nuek wa	nɯk~ wāˋ	以為	engine-auto	
中 2-1	ฉันนึกว่าคุณมีแฟนแล้ว	chan nuek wa khun mi faen laeo	chanˊ nɯk~ wāˋ kun mī fɛ̄n lɛ̄u~	我以為你已經有對象了	engine-auto	
中 2-1	เขาลอยกันนานแล้ว	khao loek kan nan laeo	kāuˊ lɔ̄i gan nān lɛ̄u~	他們分手很久了	engine-auto	
中 2-1	ฉันนึกว่าเขาลอยกันนานแล้ว	chan nuek wa khao loek kan nan laeo	chanˊ nɯk~ wāˋ kāuˊ lɔ̄i gan nān lɛ̄u~	我以為他們分手很久了	engine-auto	
中 2-1	เอาแต่ใจตัวเอง	ao tae jai tua eng	au dɛ̄ˇ jai dūa ēng	任性	engine-auto	
中 2-1	ลูกสาวเอาแต่ใจตัวเอง	luk sao ao tae jai tua eng	lūkˋ sāuˊ au dɛ̄ˇ jai dūa ēng	女兒很任性	engine-auto	
中 2-1	ไม่มีใครเอาแต่ใจตัวเอง	mai mi khrai ao tae jai tua eng	maiˋ mī krai au dɛ̄ˇ jai dūa ēng	沒有人任性	engine-auto	
中 2-1	น้องสาวเอาแต่ใจตัวเอง	nong sao ao tae jai tua eng	nɔ̄ng~ sāuˊ au dɛ̄ˇ jai dūa ēng	妹妹很任性	engine-auto	
中 2-1	หลานสาวเอาแต่ใจตัวเอง	lan sao ao tae jai tua eng	lānˊ sāuˊ au dɛ̄ˇ jai dūa ēng	孫女很任性	engine-auto	
中 2-1	หมายความว่า	mai khwam wa	māiˊ kwām wāˋ	意思是	engine-auto	
中 2-1	คุณพูดแบบนี้หมายความว่าอะไร	khun phut baep ni mai khwam wa arai	kun pūtˋ bhɛ̄pˇ nī~ māiˊ kwām wāˋ aˇ rai	你說這樣是什麼意思	engine-auto	
中 2-1	คำนี้หมายความว่าอะไรคะ	kham ni mai khwam wa arai kha	kam nī~ māiˊ kwām wāˋ aˇ rai ka~	這個字是什麼意思？	engine-auto	
中 2-1	คำนี้หมายความว่ากินข้าว	kham ni mai khwam wa kin khao	kam nī~ māiˊ kwām wāˋ gin kāuˋ	這個字的意思是吃飯	engine-auto	
中 2-1	แสดงว่า	sa daeng wa	saˇ dhɛ̄ng wāˋ	表示說	derived	
中 2-1	แสดงว่าเขาชอบเธอ	sa daeng wa khao chop thoe	saˇ dhɛ̄ng wāˋ kāuˊ chɔ̄pˋ tə̄	表示說他喜歡你	derived	
中 2-1	ไว้ใจ	wai jai	wai~ jai	信任	engine-auto	
中 2-1	แสดงว่าเขาไม่ไว้ใจคุณ	sa daeng wa khao mai wai jai khun	saˇ dhɛ̄ng wāˋ kāuˊ maiˋ wai~ jai kun	表示說他不信任你	derived	
中 2-1	อดทนไว้ก่อน	ot thon wai kon	otˇ ton wai~ gɔ̄nˇ	先忍著	derived	
中 2-1	อยากลาออก	yak la ok	yākˋ lā ɔ̄kˇ	想要離職	engine-auto	
中 2-1	ช่วงนี้งานหายาก	chuang ni ngan ha yak	chūangˋ nī~ ngān hāˊ yākˋ	最近工作很難找	engine-auto	
中 2-1	อย่าลาออก	ya la ok	yāˋ lā ɔ̄kˇ	別離職	engine-auto	
中 2-1	เดี๋ยวก็ได้กินแล้ว	diao ko dai kin laeo	dhīauˊ gɔ̄ˋ dhaiˋ gin lɛ̄u~	等一下就可以吃了	engine-auto	
中 2-1	บังเอิญ	bang oen	bhang ə̄n	剛好	engine-auto	
中 2-1	บังเอิญทำงานบริษัทเดียวกัน	bang oen tham ngan borisat diao kan	bhang ə̄n tam ngān bhɔ̄ ri~ satˇ dhīau gan	剛好在同一家公司工作	derived	
中 2-1	บังเอิญกลับบ้านทางเดียวกัน	bang oen klap ban thang diao kan	bhang ə̄n glapˇ bhānˋ tāng dhīau gan	剛好同路回家	engine-auto	
中 2-1	รับรองว่า	rap rong wa	rap~ rɔ̄ng wāˋ	保證	engine-auto	
中 2-1	ฉันรับรองว่าคุณต้องสมหวังแน่นอน	chan rap rong wa khun tong som wang naenon	chanˊ rap~ rɔ̄ng wāˋ kun dɔ̄ngˋ somˊ wangˊ nɛ̄ˋ nɔ̄n	我保證你一定會如願	derived	
中 2-1	ผมรับรองว่ารสชาตินี้ทุกคนชอบแน่นอน	phom rap rong wa rotchat ni thuk khon chop naenon	pomˊ rap~ rɔ̄ng wāˋ rot~ chātˋ nī~ tuk~ kon chɔ̄pˋ nɛ̄ˋ nɔ̄n	我（男性）保證這個味道大家一定會喜歡	derived	
中 2-1	แล้วค่อย	laeo khoi	lɛ̄u~ kɔ̄iˋ	然後再	engine-auto	
中 2-1	รอฝนหยุดก่อน	ro fon yut kon	rɔ̄ fonˊ yutˇ gɔ̄nˇ	先等雨停	derived	
中 2-1	แล้วค่อยไป	laeo khoi pai	lɛ̄u~ kɔ̄iˋ bai	然後再去	engine-auto	
中 2-1	อาบน้ำ แปรงฟันก่อน	ap nam praeng fan kon	āpˇ nām~ brɛ̄ng fan gɔ̄nˇ	先洗澡、刷牙	engine-auto	
中 2-1	แล้วค่อยนอน	laeo khoi non	lɛ̄u~ kɔ̄iˋ nɔ̄n	然後再睡覺	engine-auto	
中 2-1	เท่ดีค่ะ	the di kha	tēˋ dhī kaˋ	挺帥的	engine-auto	
中 2-1	ลำบาก	lam bak	lam bhākˇ	辛苦	engine-auto	
中 2-1	คนหาเช้ากินค่ำ	khon ha chao kin kham	kon hāˊ chāu~ gin kamˋ	討生活的人	engine-auto	
中 2-1	ชีวิตลำบาก	chi wit lam bak	chī wit~ lam bhākˇ	生活很辛苦	engine-auto	
中 2-1	ลำบาก แต่ ฉันจะไม่ยอมแพ้	lam bak tae chan cha mai yom phae	lam bhākˇ dɛ̄ˇ chanˊ jaˇ maiˋ yɔ̄m pɛ̄~	雖然辛苦，但我不會放棄	engine-auto	
中 2-1	ตาบอด	ta bot	dā bhɔ̄tˇ	瞎眼	engine-auto	
中 2-1	ความรักทำให้คนตาบอด	khwam rak tham hai khon ta bot	kwām rak~ tam haiˋ kon dā bhɔ̄tˇ	愛情讓人盲目	engine-auto	
中 2-1	เขาตาบอด	khao ta bot	kāuˊ dā bhɔ̄tˇ	他瞎了	engine-auto	
中 2-1	มองเห็น	mong hen	mɔ̄ng henˊ	看得見	engine-auto	
中 2-1	มองไม่เห็น	mong mai hen	mɔ̄ng maiˋ henˊ	看不到	engine-auto	
中 2-1	มองอะไรก็ไม่เห็น	mong arai ko mai hen	mɔ̄ng aˇ rai gɔ̄ˋ maiˋ henˊ	什麼都看不見	engine-auto	
中 2-1	เขาตาบอด มองอะไรก็ไม่เห็น	khao ta bot mong arai ko mai hen	kāuˊ dā bhɔ̄tˇ mɔ̄ng aˇ rai gɔ̄ˋ maiˋ henˊ	他瞎了，什麼都看不見	engine-auto	
中 2-1	ตาบอดเหรอ	ta bot lo	dā bhɔ̄tˇ hēˊ rɔ̄	眼睛瞎了嗎	engine-auto	
中 2-1	ก็อยู่ตรงนั้นเอง	ko yu trong nan eng	gɔ̄ˋ yūˋ drong nan~ ēng	就在那邊而已	engine-auto	
中 2-1	ขึ้น	khuen	kɯnˋ	上	engine-auto	
中 2-1	ขึ้นเครื่องบิน	khuen khrueang bin	kɯnˋ krɯ̄angˋ bhin	上飛機	engine-auto	
中 2-1	ขึ้นไปข้างบน	khuen pai khang bon	kɯnˋ bai kāngˋ bhon	上去樓上	engine-auto	
中 2-1	ลง	long	long	下	book-exact	(book-exact已用引擎重新驗證)
中 2-1	ลงบันได	long ban dai	long bhan dhai	下樓梯	engine-auto	
中 2-1	ออก	ok	ɔ̄kˇ	出 / 看得出來	engine-auto	
中 2-1	อ่านออกไหม	an ok mai	ānˇ ɔ̄kˇ maiˊ	讀得出嗎	engine-auto	
中 2-1	ทำ	tham	tam	做	engine-auto	
中 2-1	ทำหน้าอก	tham na ok	tam nāˋ okˇ	做胸部	derived	
中 2-1	ทำนา	tham na	tam nā	務農 / 做田	engine-auto	
中 2-1	ขึ้นเวที	khuen we thi	kɯnˋ wē tī	上台	engine-auto	
中 2-1	ขึ้นเขา	khuen khao	kɯnˋ kāuˊ	上山	engine-auto	
中 2-1	ขับรถ	khap rot	kapˇ rot~	開車	book-exact	(book-exact已用引擎重新驗證)
中 2-1	เดินเขา	doen khao	dhə̄n kāuˊ	爬山 / 健行	engine-auto	
中 2-1	เดินขึ้นเขา	doen khuen khao	dhə̄n kɯnˋ kāuˊ	步行上山	engine-auto	
中 2-1	ขึ้นทางด่วน	khuen thang duan	kɯnˋ tāng dhūanˇ	上高速公路	engine-auto	
中 2-1	นั่งแท็กซี่	nang thaeksi	nangˋ tɛk~ sīˋ	坐計程車	engine-auto	
中 2-1	จะขึ้นทางด่วนไหม	cha khuen thang duan mai	jaˇ kɯnˋ tāng dhūanˇ maiˊ	要上高速公路嗎	engine-auto	
中 2-1	ค่าทางด่วน	kha thang duan	kāˋ tāng dhūanˇ	高速公路費	engine-auto	
中 2-1	ทางด่วน	thang duan	tāng dhūanˇ	高速公路	engine-auto	
中 2-1	ไม่มีคนเก็บเงิน	mai mi khon kep ngoen	maiˋ mī kon gepˇ ngə̄n	沒有人收錢	engine-auto	
中 2-1	เร็วๆ หน่อย	reo reo noi	rew rew nɔ̄iˇ	快一點	engine-auto	
中 2-1	ขอด่วนค่ะ	kho duan kha	kɔ̄ˊ dhūanˇ kaˋ	請快一點	engine-auto	
中 2-1	ด่วนหน่อย	duan noi	dhūanˇ nɔ̄iˇ	急一點	engine-auto	
中 2-1	ขึ้นเป็นหัวหน้า	khuen pen hua na	kɯnˋ ben hūaˊ nāˋ	升為主管	engine-auto	
中 2-1	ฉันขึ้นเป็นหัวหน้าแล้ว	chan khuen pen hua na laeo	chanˊ kɯnˋ ben hūaˊ nāˋ lɛ̄u~	我升為主管了	engine-auto	
中 2-1	ยินดีด้วย	yin di duai	yin dhī dhūayˋ	恭喜	engine-auto	
中 2-1	พอนึกขึ้นได้	pho nuek khuen dai	pɔ̄ nɯk~ kɯnˋ dhaiˋ	一想起來	engine-auto	
中 2-1	พอตื่นขึ้นมาก็เล่นมือถือเลย	pho tuen khuen ma ko len mue thue loei	pɔ̄ dɯ̄nˇ kɯnˋ mā gɔ̄ˋ lēnˋ mɯ̄ tɯ̄ˊ lə̄i	一起床就玩手機	engine-auto	
中 2-1	นึกขึ้นได้	nuek khuen dai	nɯk~ kɯnˋ dhaiˋ	想起來	engine-auto	
中 2-1	นึกไม่ออก	nuek mai ok	nɯk~ maiˋ ɔ̄kˇ	想不起來	engine-auto	
中 2-1	พอน้ำหนักขึ้น	pho nam nak khuen	pɔ̄ nām~ nakˇ kɯnˋ	一體重增加	engine-auto	
中 2-1	น้ำหนัก	nam nak	nām~ nakˇ	體重	engine-auto	
中 2-1	น้ำหนักขึ้น	nam nak khuen	nām~ nakˇ kɯnˋ	體重增加	engine-auto	
中 2-1	น้ำหนักไม่ขึ้น	nam nak mai khuen	nām~ nakˇ maiˋ kɯnˋ	體重沒增加	engine-auto	
中 2-1	ต้องลดน้ำหนัก	tong lot nam nak	dɔ̄ngˋ lot~ nām~ nakˇ	必須減肥	derived	
中 2-1	ไม่กินข้าวเย็น	mai kin khao yen	maiˋ gin kāuˋ yen	不吃晚餐	engine-auto	
中 2-1	ราคาแพงขึ้น	ra kha phaeng khuen	rā kā pɛ̄ng kɯnˋ	價格變貴	engine-auto	
中 2-1	แพงขึ้น	phaeng khuen	pɛ̄ng kɯnˋ	變貴	engine-auto	
中 2-1	ตัวสูงขึ้น	tua sung khuen	dūa sūngˊ kɯnˋ	長高 / 身材變高	engine-auto	
中 2-1	สูงขึ้น	sung khuen	sūngˊ kɯnˋ	變高	engine-auto	
中 2-1	ไม่สูงขึ้นแล้ว	mai sung khuen laeo	maiˋ sūngˊ kɯnˋ lɛ̄u~	已經沒有變高了	engine-auto	
中 2-1	สบายใจขึ้น	sabai chai khuen	saˇ bhāi jai kɯnˋ	心情輕鬆起來	engine-auto	
中 2-1	ตอนนี้ยากขึ้น	ton ni yak khuen	dɔ̄n nī~ yākˋ kɯnˋ	現在變難了	engine-auto	
中 2-1	ฝนตกหนักขึ้น	fon tok nak khuen	fonˊ dokˇ nakˇ kɯnˋ	雨變大了	derived	
中 2-1	ติดต่อสะดวกขึ้น	tit to saduak khuen	ditˇ dɔ̄ˇ saˇ dhūakˇ kɯnˋ	聯絡變得更方便	engine-auto	
中 2-1	ติดต่อไม่สะดวก	tit to mai saduak	ditˇ dɔ̄ˇ maiˋ saˇ dhūakˇ	聯絡不方便	engine-auto	
中 2-1	ลง	long	long	下 / 降 / 降下	book-exact	(book-exact已用引擎重新驗證)
中 2-1	ลงทุน	long thun	long tun	投資	engine-auto	
中 2-1	ทุน	thun	tun	資金 / 資本 / 本錢	book-exact	(book-exact已用引擎重新驗證)
中 2-1	ลงทุนซื้อหุ้น	long thun su hun	long tun sɯ̄~ hunˋ	投資買股票	engine-auto	
中 2-1	ลงทุนเปิดร้าน	long thun poet ran	long tun bə̄tˇ rān~	投資開店	engine-auto	
中 2-1	ถ้ามีเงิน คุณจะลงทุนอะไร	tha mi ngoen khun cha long thun arai	tāˋ mī ngə̄n kun jaˇ long tun aˇ rai	如果有錢，你要投資什麼	engine-auto	
中 2-1	ตั้งโรงงาน	tang rong ngan	dangˋ rōng ngān	設廠 / 建工廠	engine-auto	
中 2-1	ต้องมีทุน	tong mi thun	dɔ̄ngˋ mī tun	要有資金 / 必須有資本	engine-auto	
中 2-1	ลงโทษ	long thot	long tōtˋ	處罰 / 懲罰	engine-auto	
中 2-1	ขอโทษ	kho thot	kɔ̄ˊ tōtˋ	對不起	engine-auto	
中 2-1	ยกโทษ	yok thot	yok~ tōtˋ	原諒	derived	
中 2-1	โดนลงโทษ	don long thot	dhōn long tōtˋ	被處罰	engine-auto	
中 2-1	เคยถูกลงโทษค่ะ	khei thuk long thot kha	kə̄i tūkˇ long tōtˋ kaˋ	曾被處罰過	engine-auto	
中 2-1	ลงมือทำ	long mue tham	long mɯ̄ tam	動手做 / 親自做	engine-auto	
中 2-1	ชอบพูด แต่ไม่ชอบลงมือทำ	chop phut tae mai chop long mue tham	chɔ̄pˋ pūtˋ dɛ̄ˇ maiˋ chɔ̄pˋ long mɯ̄ tam	喜歡說，但不喜歡動手做	engine-auto	
中 2-1	ลงมือทำเอง	long mue tham eng	long mɯ̄ tam ēng	自己親自做	engine-auto	
中 2-1	ลงหนังสือพิมพ์	long nang sue phim	long nangˊ sɯ̄ˊ pim	登報 / 上報紙	engine-auto	
中 2-1	ลงโฆษณา	long kho sa na	long kōtˋ nā	刊登廣告 / 下廣告	engine-auto	
中 2-1	โฆษณา	kho sa na	kōtˋ nā	廣告	engine-auto	
中 2-1	เคยดูโฆษณาไทยไหม	khei du kho sa na thai mai	kə̄i dhū kōtˋ nā tai maiˊ	曾看過泰國廣告嗎	engine-auto	
中 2-1	น้ำตาไหล	nam ta lai	nām~ dā laiˊ	流眼淚 / 掉眼淚	engine-auto	
中 2-1	ต้องลงโฆษณา	tong long kho sa na	dɔ̄ngˋ long kōtˋ nā	必須刊登廣告	engine-auto	
中 2-1	จดทะเบียนแต่งงาน	jot thabian taengngan	jotˇ ta~ bhīan dɛ̄ngˇ ngān	登記結婚	derived	
中 2-1	ลงทะเบียน	long thabian	long ta~ bhīan	註冊／登記／掛號	engine-auto	
中 2-1	ลงทะเบียนอีเมล	long thabian email	long ta~ bhīan ī mēn	註冊電子郵件	engine-auto	
中 2-1	ลงทะเบียนเรียน	long thabian rian	long ta~ bhīan rīan	報名上課	engine-auto	
中 2-1	แย่ลง	yae long	yɛ̄ˋ long	變差	engine-auto	
中 2-1	อาการแย่ลง	akan yae long	ā gān yɛ̄ˋ long	症狀變差	engine-auto	
中 2-1	ภาษาจีนแย่ลง	phasa chin yae long	pā sāˊ jīn yɛ̄ˋ long	中文變差	engine-auto	
中 2-1	ผอมลง	phom long	pɔ̄mˊ long	變瘦	engine-auto	
中 2-1	อ้วนขึ้น	uan khuen	ūanˋ kɯnˋ	變胖	engine-auto	
中 2-1	เดือนตุลาคม	duan tulakhom	dhɯ̄an duˇ lā kom	十月	derived	
中 2-1	เดือนพฤศจิกายน	duan phruetsajikayon	dhɯ̄an prɯt~ jiˇ gā yon	十一月	derived	
中 2-1	อากาศเย็นลงแล้ว	akat yen long laew	ā gātˇ yen long lɛ̄u~	天氣變涼了	engine-auto	
中 2-1	วันเสาร์อากาศจะเย็นลง	wan sao akat cha yen long	wan sāuˊ ā gātˇ jaˇ yen long	星期六天氣會變涼	engine-auto	
中 2-1	ราคาถูกลง	raka thuk long	rā kā tūkˇ long	價格變便宜	engine-auto	
中 2-1	ราคาแพงขึ้น	raka phaeng khuen	rā kā pɛ̄ng kɯnˋ	價格變貴	engine-auto	
中 2-1	ฝนตกหนักขึ้น	fon tok nak khuen	fonˊ dokˇ nakˇ kɯnˋ	雨勢變大	derived	
中 2-1	ฝนตกเบาลงแล้ว	fon tok bao long laew	fonˊ dokˇ bhāu long lɛ̄u~	雨勢變小了	derived	
中 2-1	ลงพุง	long phung	long pung	發福／大肚腩	engine-auto	
中 2-1	มีพุง	mi phung	mī pung	有小腹	engine-auto	
中 2-1	พุงใหญ่	phung yai	pung yaiˇ	肚子很大	engine-auto	
中 2-1	ออก	ok	ɔ̄kˇ	出／發	engine-auto	
中 2-1	ออกไปข้างนอก	ok pai khang nok	ɔ̄kˇ bai kāngˋ nɔ̄kˋ	出去外面	engine-auto	
中 2-1	ออกเสียงชัด	ok siang chat	ɔ̄kˇ sīangˊ chat~	發音清楚	engine-auto	
中 2-1	ออกเงิน	ok ngoen	ɔ̄kˇ ngə̄n	出錢	engine-auto	
中 2-1	ไปกินข้าวกัน	pai kin khao kan	bai gin kāuˋ gan	一起去吃飯	engine-auto	
中 2-1	คุณไม่ต้องออกเงิน	khun mai tong ok ngoen	kun maiˋ dɔ̄ngˋ ɔ̄kˇ ngə̄n	你不用出錢	engine-auto	
中 2-1	ฉันออกเงินเอง	chan ok ngoen eng	chanˊ ɔ̄kˇ ngə̄n ēng	我自己出錢	engine-auto	
中 2-1	ออกโทรทัศน์	ok thorathat	ɔ̄kˇ tō ra~ tat~	上電視	engine-auto	
中 2-1	เคยออกโทรทัศน์มั้ยคะ	khey ok thorathat mai kha	kə̄i ɔ̄kˇ tō ra~ tat~ mai~ ka~	有曾經上過電視嗎	engine-auto	
中 2-1	วันนี้ออกจากบ้านแล้ว	wan ni ok chak ban laew	wan nī~ ɔ̄kˇ jākˇ bhānˋ lɛ̄u~	今天出門了	engine-auto	
中 2-1	ออกไปทำอะไร	ok pai tham arai	ɔ̄kˇ bai tam aˇ rai	出去幹嘛	engine-auto	
中 2-1	ออกไปทำงาน	ok pai tham ngan	ɔ̄kˇ bai tam ngān	出去工作	engine-auto	
中 2-1	เขาออกจากบริษัทไปแล้ว	khao ok chak borisat pai laew	kāuˊ ɔ̄kˇ jākˇ bhɔ̄ ri~ satˇ bai lɛ̄u~	他離開公司了	derived	
中 2-1	ออกจากบริษัทเก่า	ok chak borisat kao	ɔ̄kˇ jākˇ bhɔ̄ ri~ satˇ gāuˇ	離開舊公司	derived	
中 2-1	ลาออก	la ok	lā ɔ̄kˇ	離職	engine-auto	
中 2-1	ออกจากงาน	ok chak ngan	ɔ̄kˇ jākˇ ngān	離職／離開工作	engine-auto	
中 2-1	เขาออกจากงาน 3 เดือนที่แล้วแล้ว	khao ok chak ngan sam duan thi laew laew	kāuˊ ɔ̄kˇ jākˇ ngān 3 dhɯ̄an tīˋ lɛ̄u~ lɛ̄u~	他三個月前就離職了	engine-auto	
中 2-1	เหงื่อออก	ngua ok	ngɯ̄aˇ ɔ̄kˇ	出汗／流汗	engine-auto	
中 2-1	เหงื่อไหล	ngua lai	ngɯ̄aˇ laiˊ	流汗	engine-auto	
中 2-1	เลือดไหล	luat lai	lɯ̄atˋ laiˊ	流血	engine-auto	
中 2-1	เลือดออก	luat ok	lɯ̄atˋ ɔ̄kˇ	流血／出血	engine-auto	
中 2-1	เงินเดือนออกวันที่เท่าไหร่	ngoen duan ok wan thi thao rai	ngə̄n dhɯ̄an ɔ̄kˇ wan tīˋ tāuˋ raiˇ	幾號發薪水	engine-auto	
中 2-1	เงินเดือนออกวันที่ 30	ngoen duan ok wan thi sam sip	ngə̄n dhɯ̄an ɔ̄kˇ wan tīˋ 30	30號發薪水	engine-auto	
中 2-1	รถออกกี่โมง	rot ok ki mong	rot~ ɔ̄kˇ gīˇ mōng	車子幾點開	engine-auto	
中 2-1	รถออกบ่ายโมง	rot ok bai mong	rot~ ɔ̄kˇ bhāiˇ mōng	車子下午一點開	engine-auto	
中 2-1	เรือออกวันละ 5 เที่ยว	rua ok wan la ha thiao	rɯ̄a ɔ̄kˇ wan la~ 5 tīauˋ	船一天有五班	engine-auto	
中 2-1	รถมีกี่เที่ยว	rot mi ki thiao	rot~ mī gīˇ tīauˋ	車子有幾班	engine-auto	
中 2-1	เที่ยวสุดท้าย	thiao sut thai	tīauˋ sutˇ tāi~	最後一班	engine-auto	
中 2-1	ทำตัวดี	tham tua di	tam dūa dhī	行為端正	engine-auto	
中 2-1	ต้องทำตัวดีนะ	tong tham tua di na	dɔ̄ngˋ tam dūa dhī na~	要表現好喔	engine-auto	
中 2-1	ทำตัวดีๆ	tham tua di di	tam dūa dhī dhī	表現好好的	engine-auto	
中 2-1	อย่าทำตัวไม่ดี	ya tham tua mai di	yāˋ tam dūa maiˋ dhī	別表現不好	engine-auto	
中 2-1	ทำตัว	tham tua	tam dūa	表現／做出行為	engine-auto	
中 2-1	ทำใจ	tham chai	tam jai	調適心情／接受	engine-auto	
中 2-1	ทำใจแล้ว	tham chai laew	tam jai lɛ̄u~	已經接受了	engine-auto	
中 2-1	ทำใจไม่ได้	tham chai mai dai	tam jai maiˋ dhaiˋ	無法接受	engine-auto	
中 2-1	ทำตามหน้าที่	tham tam na thi	tam dām nāˋ tīˋ	按職責做	engine-auto	
中 2-1	ทำผิดกฎหมาย	tham phit kot mai	tam pitˇ gotˇ māiˊ	違法	derived	
中 2-1	ผิดกฎหมาย	phit kot mai	pitˇ gotˇ māiˊ	違法	derived	
中 2-1	ถูกกฎหมาย	thuk kot mai	tūkˇ gotˇ māiˊ	合法	derived	
中 2-1	ทำจากอะไร	tham chak arai	tam jākˇ aˇ rai	用什麼做的	engine-auto	
中 2-1	ทำจากข้าวเหนียวกับเลือดหมู	tham chak khao niao kap luat mu	tam jākˇ kāuˋ nīauˊ gapˇ lɯ̄atˋ mūˊ	用糯米和豬血做的	engine-auto	
中 2-1	ทำจากอะไรคะ	tham chak arai kha	tam jākˇ aˇ rai ka~	是用什麼做的呢	engine-auto	
中 2-1	ทำอะไรไม่ถูก	tham arai mai thuk	tam aˇ rai maiˋ tūkˇ	手足無措	engine-auto	
中 2-1	ตื่นเต้น	tuen ten	dɯ̄nˇ dēnˋ	緊張	engine-auto	
中 2-1	ทำร้าย	tham rai	tam rāi~	傷害	engine-auto	
中 2-1	ทำร้ายตัวเอง	tham rai tua eng	tam rāi~ dūa ēng	傷害自己	engine-auto	
中 2-1	ทำร้ายคนอื่น	tham rai khon uen	tam rāi~ kon ɯ̄nˇ	傷害別人	engine-auto	
中 2-1	ทำร้ายจิตใจ	tham rai chit chai	tam rāi~ jitˇ jai	傷害心靈	engine-auto	
中 2-1	ทำร้ายร่างกาย	tham rai rang kai	tam rāi~ rāngˋ gāi	傷害身體	engine-auto	
中 2-1	เขาทำร้ายร่างกายฉัน	khao tham rai rang kai chan	kāuˊ tam rāi~ rāngˋ gāi chanˊ	他傷害我的身體	engine-auto	
中 2-1	ทำความเข้าใจกัน	tham khwam khao chai kan	tam kwām kāuˋ jai gan	互相理解	engine-auto	
中 2-1	ขึ้นอยู่กับ	khuen yu kap	kɯnˋ yūˋ gapˇ	取決於	engine-auto	
中 2-1	ขึ้นอยู่กับเวลา	khuen yu kap wela	kɯnˋ yūˋ gapˇ wē lā	看時間而定	engine-auto	
中 2-1	ขึ้นอยู่กับเงิน	khuen yu kap ngoen	kɯnˋ yūˋ gapˇ ngə̄n	看錢而定	engine-auto	
中 2-1	ขึ้นอยู่กับอากาศ	khuen yu kap akat	kɯnˋ yūˋ gapˇ ā gātˇ	看天氣而定	engine-auto	
中 2-1	ตกลงว่ายังไง	tok long wa yang ngai	dokˇ long wāˋ yang ngai	到底怎麼樣	engine-auto	
中 2-1	ตกลงจะไปมั้ย	tok long cha pai mai	dokˇ long jaˇ bai mai~	到底要去嗎	engine-auto	
中 2-1	ตกลงจะกินอะไร	tok long cha kin arai	dokˇ long jaˇ gin aˇ rai	到底要吃什麼	engine-auto	
中 2-1	รัฐบาลออกข่าว	rat tha ban ok khao	rat~ bhān ɔ̄kˇ kāuˇ	政府發布新聞	engine-auto	
中 2-1	รัฐบาลออกกฎหมายใหม่	rat tha ban ok kot mai mai	rat~ bhān ɔ̄kˇ gotˇ māiˊ maiˇ	政府頒布新法律	book-exact	(book-exact已用引擎重新驗證)
中 2-4	สมัคร	samak	saˇ makˇ	申請／應徵	derived	
中 2-4	สมัครอีเมล	samak i mel	saˇ makˇ ī mēn	申請／註冊 Email	derived	
中 2-4	สมัครเรียน	samak rian	saˇ makˇ rīan	報名上課	derived	
中 2-4	สมัครงาน	samak ngan	saˇ makˇ ngān	應徵工作	derived	
中 2-4	มีคนไปสมัครงานเยอะมาก	mi khon pai samak ngan yoe mak	mī kon bai saˇ makˇ ngān yə~ mākˋ	有很多人去應徵工作	derived	
中 2-4	รับ	rap	rap~	接／收	engine-auto	
中 2-4	รับสมัคร	rap samak	rap~ saˇ makˇ	徵聘／招募	derived	
中 2-4	พนักงาน	phanak ngan	pa~ nak~ ngān	職員	derived	
中 2-4	พนักงานขาย	phanak ngan khai	pa~ nak~ ngān kāiˊ	銷售人員	derived	
中 2-4	รับสมัครพนักงานขาย	rap samak phanak ngan khai	rap~ saˇ makˇ pa~ nak~ ngān kāiˊ	徵聘銷售人員	derived	
中 2-4	คนขับรถ	khon khap rot	kon kapˇ rot~	司機	engine-auto	
中 2-4	รับสมัครคนขับรถ	rap samak khon khap rot	rap~ saˇ makˇ kon kapˇ rot~	徵聘司機	derived	
中 2-4	ยาม	yam	yām	警衛	engine-auto	
中 2-4	รปภ.	ro po pho		保全人員	unresolved	英文外來語/正式縮寫/原始資料異常，見全課-仍不確定清單.tsv
中 2-4	รับสมัครยาม	rap samak yam	rap~ saˇ makˇ yām	徵聘警衛	derived	
中 2-4	รับสมัคร รปภ.	rap samak ro po pho		徵聘保全人員	unresolved	英文外來語/正式縮寫/原始資料異常，見全課-仍不確定清單.tsv
中 2-4	สมัครเล่น	samak len	saˇ makˇ lēnˋ	業餘的	derived	
中 2-4	มือสมัครเล่น	mue samak len	mɯ̄ saˇ makˇ lēnˋ	業餘者／業餘選手	derived	
中 2-4	นักร้องสมัครเล่น	nak rong samak len	nak~ rɔ̄ng~ saˇ makˇ lēnˋ	業餘歌手	derived	
中 2-4	นักมวยสมัครเล่น	nak muai samak len	nak~ mūay saˇ makˇ lēnˋ	業餘拳擊手	derived	
中 2-4	ฉันเป็นแค่มือสมัครเล่น	chan pen khae mue samak len	chanˊ ben kɛ̄ˋ mɯ̄ saˇ makˇ lēnˋ	我只是業餘的（女性）	derived	
中 2-4	ไม่ได้เก่งอะไร	mai dai keng arai	maiˋ dhaiˋ gēngˇ aˇ rai	沒有多厲害	engine-auto	
中 2-4	เพิ่งเรียนเอง	phoeng rian eng	pə̄ngˋ rīan ēng	才剛開始學而已	engine-auto	
中 2-4	มืออาชีพ	mue achip	mɯ̄ ā chīpˋ	專業人士／職業的	engine-auto	
中 2-4	นักมวยมืออาชีพ	nak muai mue achip	nak~ mūay mɯ̄ ā chīpˋ	職業拳擊手	engine-auto	
中 2-4	เขาเป็นนักมวยมืออาชีพ	khao pen nak muai mue achip	kāuˊ ben nak~ mūay mɯ̄ ā chīpˋ	他是職業拳擊手	engine-auto	
中 2-4	นักกีฬา	nak kila	nak~ gī lā	運動員	engine-auto	
中 2-4	รายได้	rai dai	rāi dhaiˋ	收入	engine-auto	
中 2-4	รายได้สูง	rai dai sung	rāi dhaiˋ sūngˊ	收入高	engine-auto	
中 2-4	นักกีฬามืออาชีพรายได้สูง	nak kila mue achip rai dai sung	nak~ gī lā mɯ̄ ā chīpˋ rāi dhaiˋ sūngˊ	職業運動員收入高	engine-auto	
中 2-4	อาชีพ	achip	ā chīpˋ	職業	engine-auto	
中 2-4	เขาทำอาชีพอะไร	khao tham achip arai	kāuˊ tam ā chīpˋ aˇ rai	他從事什麼職業？	engine-auto	
中 2-4	ผิดกฎหมาย	phit kotmai	pitˇ gotˇ māiˊ	違法	derived	
中 2-4	เขาทำอาชีพผิดกฎหมาย	khao tham achip phit kotmai	kāuˊ tam ā chīpˋ pitˇ gotˇ māiˊ	他從事違法的工作	derived	
中 2-4	ฝีมือ	fi mue	fīˊ mɯ̄	手藝／技術	engine-auto	
中 2-4	ฝีมือดี	fi mue di	fīˊ mɯ̄ dhī	手藝好／技術好	engine-auto	
中 2-4	พ่อครัว	pho khrua	pɔ̄ˋ krūa	男廚師	engine-auto	
中 2-4	พ่อครัวร้านนี้ฝีมือดี	pho khrua ran ni fi mue di	pɔ̄ˋ krūa rān~ nī~ fīˊ mɯ̄ dhī	這家店的廚師手藝很好	engine-auto	
中 2-4	ช่างภาพ	chang phap	chāngˋ pāpˋ	攝影師	engine-auto	
中 2-4	ช่างภาพคนนี้ฝีมือดี	chang phap khon ni fi mue di	chāngˋ pāpˋ kon nī~ fīˊ mɯ̄ dhī	這位攝影師技術很好	engine-auto	
中 2-4	ถ่ายรูป	thai rup	tāiˇ rūpˋ	拍照	engine-auto	
中 2-4	ถ่ายภาพ	thai phap	tāiˇ pāpˋ	攝影／拍照	engine-auto	
中 2-4	ถ่ายรูปสวยมาก	thai rup suai mak	tāiˇ rūpˋ sūayˊ mākˋ	照片拍得很漂亮	engine-auto	
中 2-4	ถ่ายภาพสวยมาก	thai phap suai mak	tāiˇ pāpˋ sūayˊ mākˋ	照片拍得很漂亮	engine-auto	
中 2-4	ฝีเท้า	fi thao	fīˊ tāu~	腳上功夫／球技	engine-auto	
中 2-4	นักฟุตบอลคนนี้ฝีเท้าดี	nak futbon khon ni fi thao di	nak~ fut~ bhɔ̄n kon nī~ fīˊ tāu~ dhī	這位足球員球技很好	engine-auto	
中 2-4	ฝีปาก	fi pak	fīˊ bākˇ	口才	engine-auto	
中 2-4	ทนายความฝีปากดี	thanai khwam fi pak di	ta~ nāi kwām fīˊ bākˇ dhī	律師口才很好	derived	
中 2-4	มีชื่อเสียง	mi chue siang	mī chɯ̄ˋ sīangˊ	有名／知名	engine-auto	
中 2-4	นักแสดง	nak sadaeng	nak~ saˇ dhɛ̄ng	演員	derived	
中 2-4	เป็นนักแสดงที่มีชื่อเสียง	pen nak sadaeng thi mi chue siang	ben nak~ saˇ dhɛ̄ng tīˋ mī chɯ̄ˋ sīangˊ	是知名演員	derived	
中 2-4	ดารา	dara	dhā rā	明星	engine-auto	
中 2-4	เป็นดาราที่มีชื่อเสียง	pen dara thi mi chue siang	ben dhā rā tīˋ mī chɯ̄ˋ sīangˊ	是知名明星	engine-auto	
中 2-4	เขาเป็นดาราดัง	khao pen dara dang	kāuˊ ben dhā rā dhang	他是當紅明星	engine-auto	
中 2-4	นางแบบ	nang baep	nāng bhɛ̄pˇ	女模特兒	engine-auto	
中 2-4	นายแบบ	nai baep	nāi bhɛ̄pˇ	男模特兒	engine-auto	
中 2-4	เป็นนางแบบที่มีชื่อเสียง	pen nang baep thi mi chue siang	ben nāng bhɛ̄pˇ tīˋ mī chɯ̄ˋ sīangˊ	是知名女模特兒	engine-auto	
中 2-4	นักการเมือง	nak kan mueang	nak~ gān mɯ̄ang	政治人物	engine-auto	
中 2-4	เป็นนักการเมืองที่มีชื่อเสียง	pen nak kan mueang thi mi chue siang	ben nak~ gān mɯ̄ang tīˋ mī chɯ̄ˋ sīangˊ	是知名政治人物	engine-auto	
中 2-4	ช่างแต่งหน้า	chang taeng na	chāngˋ dɛ̄ngˇ nāˋ	化妝師	engine-auto	
中 2-4	เป็นช่างแต่งหน้าที่มีชื่อเสียง	pen chang taeng na thi mi chue siang	ben chāngˋ dɛ̄ngˇ nāˋ tīˋ mī chɯ̄ˋ sīangˊ	是知名化妝師	engine-auto	
中 2-4	ดัง	dang	dhang	有名／熱門	engine-auto	
中 2-4	รายการ	rai kan	rāi gān	節目	engine-auto	
中 2-4	รายการนี้ดังมาก ใครๆ ก็ดู	rai kan ni dang mak khrai khrai ko du	rāi gān nī~ dhang mākˋ krai krai gɔ̄ˋ dhū	這個節目很紅，大家都看	engine-auto	
中 2-4	ข่าวนี้ดังมาก ใครๆ ก็รู้	khao ni dang mak khrai khrai ko ru	kāuˇ nī~ dhang mākˋ krai krai gɔ̄ˋ rū~	這則新聞很轟動，大家都知道	engine-auto	
中 2-4	นักร้องบนเวที	nak rong bon wethi	nak~ rɔ̄ng~ bhon wē tī	舞台上的歌手	engine-auto	
中 2-4	นักร้องบนเวทีชื่ออะไร	nak rong bon wethi chue arai	nak~ rɔ̄ng~ bhon wē tī chɯ̄ˋ aˇ rai	舞台上的歌手叫什麼名字？	engine-auto	
中 2-4	ชกมวย	chok muai	chok~ mūay	打拳	derived	
中 2-4	นักมวยคนนี้ชกเก่งมาก	nak muai khon ni chok keng mak	nak~ mūay kon nī~ chok~ gēngˇ mākˋ	這位拳擊手打得很好	derived	
中 2-4	ไว้ใจ	wai chai	wai~ jai	信任	engine-auto	
中 2-4	นักการเมืองไว้ใจได้ไหม	nak kan mueang wai chai dai mai	nak~ gān mɯ̄ang wai~ jai dhaiˋ maiˊ	政治人物可以信任嗎？	engine-auto	
中 2-4	นักการเมืองไว้ใจไม่ได้	nak kan mueang wai chai mai dai	nak~ gān mɯ̄ang wai~ jai maiˋ dhaiˋ	政治人物不能信任	engine-auto	
中 2-4	ช่างซ่อม	chang som	chāngˋ sɔ̄mˋ	維修師傅	engine-auto	
中 2-4	ช่วยเรียกช่างซ่อมให้หน่อย	chuai riak chang som hai noi	chūayˋ rīakˋ chāngˋ sɔ̄mˋ haiˋ nɔ̄iˇ	請幫我叫維修師傅	engine-auto	
中 2-4	คุณช่างเป็นมืออาชีพจริงๆ	khun chang pen mue achip ching ching	kun chāngˋ ben mɯ̄ ā chīpˋ jing jing	師傅真的很專業	derived	
中 2-4	ติดต่อพนักงานขาย	tit to phanak ngan khai	ditˇ dɔ̄ˇ pa~ nak~ ngān kāiˊ	聯絡銷售人員	derived	
中 2-4	ต้องติดต่อพนักงานขาย	tong tit to phanak ngan khai	dɔ̄ngˋ ditˇ dɔ̄ˇ pa~ nak~ ngān kāiˊ	必須聯絡銷售人員	derived	
中 2-4	พนักงานบริษัท	phanak ngan borisat	pa~ nak~ ngān bhɔ̄ ri~ satˇ	公司職員	derived	
中 2-4	เริ่มงานเก้าโมงเช้า	raem ngan kao mong chao	rə̄mˋ ngān gāuˋ mōng chāu~	早上九點開始上班	engine-auto	
中 2-4	พนักงานเสิร์ฟ	phanak ngan soep	pa~ nak~ ngān sə̄pˇ	服務生	derived	
中 2-4	ค่าจ้าง	kha chang	kāˋ jāngˋ	工資／酬勞	engine-auto	
中 2-4	ประมาณ	praman	braˇ mān	大約	engine-auto	
中 2-4	ชั่วโมงละ	chua mong la	chūaˋ mōng la~	每小時	engine-auto	
中 2-4	พนักงานเสิร์ฟได้ค่าจ้างประมาณชั่วโมงละสี่สิบห้าบาท	phanak ngan soep dai kha chang praman chua mong la si sip ha baht	pa~ nak~ ngān sə̄pˇ dhaiˋ kāˋ jāngˋ braˇ mān chūaˋ mōng la~ sīˇ sipˇ hāˋ bhātˇ	服務生的工資約每小時四十五泰銖	derived	
中 2-4	สั่ง	sang	sangˇ	點餐／下令	engine-auto	
中 2-4	สั่งไปนานแล้วแต่ยังไม่มาเสิร์ฟ	sang pai nan laeo tae yang mai ma soep	sangˇ bai nān lɛ̄u~ dɛ̄ˇ yang maiˋ mā sə̄pˇ	點很久了但還沒送來	engine-auto	
中 2-4	ช่วยดูให้หน่อย	chuai du hai noi	chūayˋ dhū haiˋ nɔ̄iˇ	請幫我看一下	engine-auto	
中 2-4	เสิร์ฟลูกเทนนิส	soep luk tennis	sə̄pˇ lūkˋ tēn nit~	發網球	engine-auto	
中 2-4	พนักงานธนาคาร	phanak ngan thanakhan	pa~ nak~ ngān ta~ nā kān	銀行職員	derived	
中 2-4	ฝากเงิน	fak ngoen	fākˇ ngə̄n	存錢	engine-auto	
中 2-4	ไปธนาคารฝากเงิน	pai thanakhan fak ngoen	bai ta~ nā kān fākˇ ngə̄n	去銀行存錢	derived	
中 2-4	เปิดบัญชี	poet banchi	bə̄tˇ bhan chī	開戶	engine-auto	
中 2-4	ไปธนาคารเปิดบัญชี	pai thanakhan poet banchi	bai ta~ nā kān bə̄tˇ bhan chī	去銀行開戶	derived	
中 2-4	พนักงานแบงก์	phanak ngan baeng	pa~ nak~ ngān bhɛ̄ng	銀行職員	derived	
中 2-4	ครัว	khrua	krūa	廚房／廚	book-exact	(book-exact已用引擎重新驗證)
中 2-4	แม่ครัว	mae khrua	mɛ̄ˋ krūa	女廚師	engine-auto	
中 2-4	แม่ครัวฝีมือดี	mae khrua fi mue di	mɛ̄ˋ krūa fīˊ mɯ̄ dhī	女廚師手藝很好	engine-auto	
中 2-4	ครอบครัว	khrop khrua	krɔ̄pˋ krūa	家庭	engine-auto	
中 2-4	ครอบครัวของฉัน	khrop khrua khong chan	krɔ̄pˋ krūa kɔ̄ngˊ chanˊ	我的家庭（女性）	engine-auto	
中 2-4	ครอบครัวใหญ่	khrop khrua yai	krɔ̄pˋ krūa yaiˇ	大家庭	engine-auto	
中 2-4	ครอบครัวเล็ก	khrop khrua lek	krɔ̄pˋ krūa lek~	小家庭	engine-auto	
中 2-4	ครอบครัวของฉันเป็นครอบครัวเล็ก	khrop khrua khong chan pen khrop khrua lek	krɔ̄pˋ krūa kɔ̄ngˊ chanˊ ben krɔ̄pˋ krūa lek~	我的家庭是小家庭（女性）	engine-auto	
中 2-4	ห้องครัว	hong khrua	hɔ̄ngˋ krūa	廚房	engine-auto	
中 2-4	แม่ทำอาหารอยู่ในครัว	mae tham ahan yu nai khrua	mɛ̄ˋ tam ā hānˊ yūˋ nai krūa	媽媽正在廚房做飯	engine-auto	
中 2-4	ผู้ช่วย	phu chuai	pūˋ chūayˋ	助理	engine-auto	
中 2-4	ตำแหน่ง	tamnaeng	dam nɛ̄ngˇ	職位	engine-auto	
中 2-4	รับสมัครตำแหน่งผู้ช่วย	rap samak tamnaeng phu chuai	rap~ saˇ makˇ dam nɛ̄ngˇ pūˋ chūayˋ	招募助理職位	derived	
中 2-4	ผู้จัดการใหญ่	phu chat kan yai	pūˋ jatˇ gān yaiˇ	總經理	engine-auto	
中 2-4	หัวหน้าแผนก	hua na phanaek	hūaˊ nāˋ paˇ nɛ̄kˋ	部門主管	derived	
中 2-4	เข้าประชุม	khao prachum	kāuˋ braˇ chum	參加會議／進會議室	engine-auto	
中 2-4	ผู้จัดการใหญ่เรียกหัวหน้าแผนกเข้าประชุม	phu chat kan yai riak hua na phanaek khao prachum	pūˋ jatˇ gān yaiˇ rīakˋ hūaˊ nāˋ paˇ nɛ̄kˋ kāuˋ braˇ chum	總經理叫部門主管參加會議	derived	
中 2-4	ผู้ประกาศข่าว	phu prakat khao	pūˋ braˇ gātˇ kāuˇ	新聞主播／播報員	engine-auto	
中 2-4	ผู้ประกาศข่าวต้องออกเสียงชัด	phu prakat khao tong ok siang chat	pūˋ braˇ gātˇ kāuˇ dɔ̄ngˋ ɔ̄kˇ sīangˊ chat~	新聞主播必須發音清楚	engine-auto	
中 2-4	ประกาศ	prakat	braˇ gātˇ	宣布／公告／廣播	engine-auto	
中 2-4	ประกาศหยุดเรียน	prakat yut rian	braˇ gātˇ yutˇ rīan	宣布停課	engine-auto	
中 2-4	ประกาศแต่งงาน	prakat taeng ngan	braˇ gātˇ dɛ̄ngˇ ngān	宣布結婚	engine-auto	
中 2-4	ห้างสรรพสินค้า	hang sappha sinkha	hāngˋ sapˇ sinˊ kā~	百貨公司	derived	
中 2-4	กำลังจะปิด	kamlang cha pit	gam lang jaˇ bitˇ	即將關門	engine-auto	
中 2-4	ห้างกำลังจะปิดแล้ว	hang kamlang cha pit laeo	hāngˋ gam lang jaˇ bitˇ lɛ̄u~	百貨公司快關門了	engine-auto	
中 2-4	ประกาศห้างกำลังจะปิดแล้ว	prakat hang kamlang cha pit laeo	braˇ gātˇ hāngˋ gam lang jaˇ bitˇ lɛ̄u~	廣播百貨公司快關門了	engine-auto	
中 2-4	ค้า	kha	kā~	買賣／交易	book-exact	(book-exact已用引擎重新驗證)
中 2-4	ยาบ้า	ya ba	yā bhāˋ	安非他命	engine-auto	
中 2-4	ค้ายาบ้าผิดกฎหมาย	kha ya ba phit kotmai	kā~ yā bhāˋ pitˇ gotˇ māiˊ	販賣安非他命是違法的	derived	
中 2-4	สินค้า	sinkha	sinˊ kā~	商品	engine-auto	
中 2-4	สินค้าส่งออก	sinkha song ok	sinˊ kā~ songˇ ɔ̄kˇ	出口商品	derived	
中 2-4	สินค้าส่งออกของไต้หวันมีอะไรบ้าง	sinkha song ok khong taiwan mi arai bang	sinˊ kā~ songˇ ɔ̄kˇ kɔ̄ngˊ daiˋ wanˊ mī aˇ rai bhāngˋ	台灣有哪些出口商品？	derived	
中 2-4	สินค้านำเข้า	sinkha nam khao	sinˊ kā~ nam kāuˋ	進口商品	engine-auto	
中 2-4	ร้านค้า	ran kha	rān~ kā~	商店	engine-auto	
中 2-4	ปากซอยมีร้านค้าเยอะ	pak soi mi ran kha yoe	bākˇ sɔ̄i mī rān~ kā~ yə~	巷口有很多商店	engine-auto	
中 2-4	พ่อค้า	pho kha	pɔ̄ˋ kā~	男商人／男攤販	engine-auto	
中 2-4	พ่อค้าหมูในตลาด	pho kha mu nai talat	pɔ̄ˋ kā~ mūˊ nai daˇ lātˋ	市場裡賣豬肉的男攤販	engine-auto	
中 2-4	แม่ค้า	mae kha	mɛ̄ˋ kā~	女商人／女攤販	engine-auto	
中 2-4	แม่ค้าใจดี	mae kha chai di	mɛ̄ˋ kā~ jai dhī	老闆娘很大方／人很好	engine-auto	
中 2-4	ลูกค้า	luk kha	lūkˋ kā~	顧客	engine-auto	
中 2-4	ลูกค้าขี้บ่น	luk kha khi bon	lūkˋ kā~ kīˋ bhonˇ	愛抱怨的顧客	derived	
中 2-4	ท่องเที่ยว	thong thiao	tɔ̄ngˋ tīauˋ	旅遊	engine-auto	
中 2-4	นักท่องเที่ยว	nak thong thiao	nak~ tɔ̄ngˋ tīauˋ	遊客／旅客	engine-auto	
中 2-4	ชาวต่างชาติ	chao tang chat	chāu dāngˇ chātˋ	外國人	derived	
中 2-4	นักท่องเที่ยวชาวต่างชาติ	nak thong thiao chao tang chat	nak~ tɔ̄ngˋ tīauˋ chāu dāngˇ chātˋ	外國遊客	derived	
中 2-4	นักท่องเที่ยวชาวต่างชาติเยอะมาก	nak thong thiao chao tang chat yoe mak	nak~ tɔ̄ngˋ tīauˋ chāu dāngˇ chātˋ yə~ mākˋ	外國遊客非常多	derived	
中 2-4	สถานที่ท่องเที่ยว	sathan thi thong thiao	saˇ tānˊ tīˋ tɔ̄ngˋ tīauˋ	觀光景點	derived	
中 2-4	เป็นสถานที่ท่องเที่ยวที่มีชื่อเสียง	pen sathan thi thong thiao thi mi chue siang	ben saˇ tānˊ tīˋ tɔ̄ngˋ tīauˋ tīˋ mī chɯ̄ˋ sīangˊ	是知名觀光景點	derived	
中 2-4	ยังไม่เคยไปเชียงใหม่	yang mai khoei pai chiang mai	yang maiˋ kə̄i bai chīang maiˇ	還沒去過清邁	engine-auto	
中 2-4	ต้องไปเชียงใหม่	tong pai chiang mai	dɔ̄ngˋ bai chīang maiˇ	一定要去清邁	engine-auto	
中 2-4	ไปแค่พัทยา	pai khae phatthaya	bai kɛ̄ˋ pat~ yā	只去了芭達雅	engine-auto	
中 2-4	รายการท่องเที่ยว	rai kan thong thiao	rāi gān tɔ̄ngˋ tīauˋ	旅遊節目	engine-auto	
中 2-4	พอดูรายการท่องเที่ยวจบ	pho du rai kan thong thiao chop	pɔ̄ dhū rāi gān tɔ̄ngˋ tīauˋ jopˇ	一看完旅遊節目	derived	
中 2-4	ก็อยากไปเที่ยวทันทีเลย	ko yak pai thiao thanthi loei	gɔ̄ˋ yākˋ bai tīauˋ tan tī lə̄i	就馬上想去旅行	engine-auto	
中 2-4	ข้าราชการ	kha ratchakan	kāˋ rātˋ gān	公務員	engine-auto	
中 2-4	บางคน	bang khon	bhāng kon	有些人	engine-auto	
中 2-4	ข้าราชการบางคน	kha ratchakan bang khon	kāˋ rātˋ gān bhāng kon	有些公務員	engine-auto	
中 2-4	รับเงินใต้โต๊ะ	rap ngoen tai to	rap~ ngə̄n daiˋ do~	收受賄賂	engine-auto	
中 2-4	ให้เงินใต้โต๊ะ	hai ngoen tai to	haiˋ ngə̄n daiˋ do~	行賄	engine-auto	
中 2-4	วิศวกร	witsawakon	wi~ saˇ gɔ̄n	工程師	derived	
中 2-4	เงินเดือนสูง	ngoen duean sung	ngə̄n dhɯ̄an sūngˊ	薪水高	engine-auto	
中 2-4	วิศวกรเงินเดือนสูง	witsawakon ngoen duean sung	wi~ saˇ gɔ̄n ngə̄n dhɯ̄an sūngˊ	工程師薪水高	derived	
中 2-4	ตำรวจ	tamruat	dam rūatˋ	警察	engine-auto	
中 2-4	โรงพัก	rong phak	rōng pak~	警察局／派出所	engine-auto	
中 2-4	ตำรวจอยู่โรงพัก	tamruat yu rong phak	dam rūatˋ yūˋ rōng pak~	警察在派出所	engine-auto	
中 2-4	หน้าที่	na thi	nāˋ tīˋ	職責／任務	engine-auto	
中 2-4	ตำรวจทำหน้าที่อะไร	tamruat tham na thi arai	dam rūatˋ tam nāˋ tīˋ aˇ rai	警察負責什麼工作？	engine-auto	
中 2-4	ทหาร	thahan	ta~ hānˊ	軍人	derived	
中 2-4	ผู้ชายไต้หวันทุกคนต้องเป็นทหาร	phu chai taiwan thuk khon tong pen thahan	pūˋ chāi daiˋ wanˊ tuk~ kon dɔ̄ngˋ ben ta~ hānˊ	台灣男生每個人都必須當兵	derived	
中 2-4	นายจ้าง	nai chang	nāi jāngˋ	雇主	engine-auto	
中 2-4	นายจ้างใจร้อน	nai chang chai ron	nāi jāngˋ jai rɔ̄n~	雇主性子急	engine-auto	
中 2-4	ลูกจ้าง	luk chang	lūkˋ jāngˋ	受雇者／員工	engine-auto	
中 2-4	ลูกจ้างไม่ซื่อ	luk chang mai sue	lūkˋ jāngˋ maiˋ sɯ̄ˋ	員工不老實	engine-auto	
中 2-4	ได้ค่าจ้างวันละเท่าไหร่	dai kha chang wan la thao rai	dhaiˋ kāˋ jāngˋ wan la~ tāuˋ raiˇ	一天的工資是多少？	engine-auto	
中 2-4	ได้ค่าจ้างวันละไม่เท่าไหร่	dai kha chang wan la mai thao rai	dhaiˋ kāˋ jāngˋ wan la~ maiˋ tāuˋ raiˇ	一天拿不到多少工資	engine-auto	
中 2-4	หัวหน้า	hua na	hūaˊ nāˋ	主管／領隊	engine-auto	
中 2-4	หัวหน้าแผนกเป็นคนดุมาก	hua na phanaek pen khon du mak	hūaˊ nāˋ paˇ nɛ̄kˋ ben kon dhuˇ mākˋ	部門主管非常嚴厲	derived	
中 2-4	หัวหน้าห้อง	hua na hong	hūaˊ nāˋ hɔ̄ngˋ	班長	engine-auto	
中 2-4	มาถึง	ma thueng	mā tɯngˊ	抵達	engine-auto	
中 2-4	คนแรก	khon raek	kon rɛ̄kˋ	第一個人	engine-auto	
中 2-4	ทุกวัน	thuk wan	tuk~ wan	每天	engine-auto	
中 2-4	หัวหน้าห้องมาถึงคนแรกทุกวัน	hua na hong ma thueng khon raek thuk wan	hūaˊ nāˋ hɔ̄ngˋ mā tɯngˊ kon rɛ̄kˋ tuk~ wan	班長每天第一個到	engine-auto	
中 2-4	รอง	rong	rɔ̄ng	副／次一級	engine-auto	
中 2-4	รองหัวหน้า	rong hua na	rɔ̄ng hūaˊ nāˋ	副主管	engine-auto	
中 2-4	รองผู้จัดการ	rong phu chat kan	rɔ̄ng pūˋ jatˇ gān	副經理	engine-auto	
中 2-4	รองเท้า	rong thao	rɔ̄ng tāu~	鞋子	engine-auto	
中 2-4	ชาม	cham	chām	碗	engine-auto	
中 2-4	ก๋วยเตี๋ยวสามชาม	kuay tiao sam cham	gūayˊ dīauˊ sāmˊ chām	三碗粿條	derived	
中 2-4	กินก๋วยเตี๋ยวที่เมืองไทย	kin kuay tiao thi mueang thai	gin gūayˊ dīauˊ tīˋ mɯ̄ang tai	在泰國吃粿條	derived	
中 2-4	เคยกินก๋วยเตี๋ยวที่เมืองไทยค่ะ	khoei kin kuay tiao thi mueang thai kha	kə̄i gin gūayˊ dīauˊ tīˋ mɯ̄ang tai kaˋ	曾經在泰國吃過粿條（女性禮貌）	derived	
中 2-4	กินสามชามค่ะ	kin sam cham kha	gin sāmˊ chām kaˋ	吃三碗（女性禮貌）	engine-auto	
中 2-4	ชามเล็ก	cham lek	chām lek~	小碗	engine-auto	
中 2-4	ชามใหญ่	cham yai	chām yaiˇ	大碗	engine-auto	
中 2-4	เอาชามเล็กหรือชามใหญ่	ao cham lek rue cham yai	au chām lek~ rɯ̄ˊ chām yaiˇ	要小碗還是大碗？	engine-auto	
中 2-4	เอากี่ชาม	ao ki cham	au gīˇ chām	要幾碗？	engine-auto	
中 2-4	ถ้วย	thuai	tūayˋ	小碗／杯	engine-auto	
中 2-4	ถ้วยน้ำจิ้ม	thuai nam chim	tūayˋ nām~ jimˋ	沾醬碟	engine-auto	
中 2-4	ถ้วยกาแฟ	thuai kafae	tūayˋ gā fɛ̄	咖啡杯	engine-auto	
中 2-4	เอาข้าวหนึ่งถ้วย	ao khao nueng thuai	au kāuˋ nɯngˇ tūayˋ	要一碗飯	engine-auto	
中 2-4	ไม้	mai	mai~	串	engine-auto	
中 2-4	หมูปิ้งสามไม้	mu ping sam mai	mūˊ bingˋ sāmˊ mai~	三串烤豬肉	engine-auto	
中 2-4	ผมเอาหมูปิ้งสามไม้ครับ	phom ao mu ping sam mai khrap	pomˊ au mūˊ bingˋ sāmˊ mai~ krap~	我要三串烤豬肉（男性禮貌）	engine-auto	
中 2-4	สามไม้ห้าสิบ	sam mai ha sip	sāmˊ mai~ hāˋ sipˇ	三串五十元	engine-auto	
中 2-4	ช้อน	chon	chɔ̄n~	湯匙	engine-auto	
中 2-4	ช้อนกินข้าว	chon kin khao	chɔ̄n~ gin kāuˋ	吃飯用的湯匙	engine-auto	
中 2-4	ช้อนกาแฟ	chon kafae	chɔ̄n~ gā fɛ̄	咖啡匙	engine-auto	
中 2-4	ช้อนโต	chon to	chɔ̄n~ dō	大湯匙	engine-auto	
中 2-4	ช้อนชา	chon cha	chɔ̄n~ chā	茶匙／小湯匙	engine-auto	
中 2-4	ส้อม	som	sɔ̄mˋ	叉子	engine-auto	
中 2-4	ใช้ส้อมกินสลัด	chai som kin salat	chai~ sɔ̄mˋ gin saˇ latˇ	用叉子吃沙拉	derived	
中 2-4	คัน	khan	kan	把／輛	engine-auto	
中 2-4	ช้อนสองคัน	chon song khan	chɔ̄n~ sɔ̄ngˊ kan	兩支湯匙	engine-auto	
中 2-4	ส้อมสองคัน	som song khan	sɔ̄mˋ sɔ̄ngˊ kan	兩支叉子	engine-auto	
中 2-4	คู่	khu	kūˋ	雙／對	engine-auto	
中 2-4	ช้อนส้อมหนึ่งคู่	chon som nueng khu	chɔ̄n~ sɔ̄mˋ nɯngˇ kūˋ	一副湯匙和叉子	engine-auto	
中 2-4	ตะเกียบ	takiap	daˇ gīapˇ	筷子	engine-auto	
中 2-4	ใช้ตะเกียบกินข้าว	chai takiap kin khao	chai~ daˇ gīapˇ gin kāuˋ	用筷子吃飯	engine-auto	
中 2-4	ตะเกียบหนึ่งคู่	takiap nueng khu	daˇ gīapˇ nɯngˇ kūˋ	一雙筷子	engine-auto	
中 2-4	รองเท้าหนึ่งคู่	rong thao nueng khu	rɔ̄ng tāu~ nɯngˇ kūˋ	一雙鞋	engine-auto	
中 2-4	รองเท้าคู่นี้คู่ละเท่าไหร่	rong thao khu ni khu la thao rai	rɔ̄ng tāu~ kūˋ nī~ kūˋ la~ tāuˋ raiˇ	這雙鞋一雙多少錢？	engine-auto	
中 2-4	ห่อ	ho	hɔ̄ˇ	包	engine-auto	
中 2-4	ข้าวเหนียวสี่ห่อ	khao niao si ho	kāuˋ nīauˊ sīˇ hɔ̄ˇ	四包糯米飯	engine-auto	
中 2-4	เอาข้าวเหนียวสี่ห่อ	ao khao niao si ho	au kāuˋ nīauˊ sīˇ hɔ̄ˇ	要四包糯米飯	engine-auto	
中 2-4	มาม่าห่อต้มยำ	mama ho tom yam	mā māˋ hɔ̄ˇ domˋ yam	一包冬蔭功口味泡麵	engine-auto	
中 2-4	เอาห่อต้มยำ	ao ho tom yam	au hɔ̄ˇ domˋ yam	要冬蔭功口味那包	engine-auto	
中 2-4	ห่อละเท่าไหร่	ho la thao rai	hɔ̄ˇ la~ tāuˋ raiˇ	一包多少錢？	engine-auto	
中 2-4	กระดาษสองแผ่น	kradat song phaen	graˇ dhātˇ sɔ̄ngˊ pɛ̄nˇ	兩張紙	engine-auto	
中 2-4	ขอกระดาษสองแผ่น	kho kradat song phaen	kɔ̄ˊ graˇ dhātˇ sɔ̄ngˊ pɛ̄nˇ	請給我兩張紙	engine-auto	
中 2-4	ขนมปังแผ่น	khanom pang phaen	kaˇ nom bang pɛ̄nˇ	吐司片	engine-auto	
中 2-4	ผมชอบกินขนมปังแผ่นครับ	phom chop kin khanom pang phaen khrap	pomˊ chɔ̄pˋ gin kaˇ nom bang pɛ̄nˇ krap~	我喜歡吃吐司（男性禮貌）	engine-auto	
中 2-4	กินครั้งละกี่แผ่น	kin khrang la ki phaen	gin krang~ la~ gīˇ pɛ̄nˇ	一次吃幾片？	engine-auto	
中 2-4	กินสองแผ่น	kin song phaen	gin sɔ̄ngˊ pɛ̄nˇ	吃兩片	engine-auto	
中 2-4	ก้อน	kon	gɔ̄nˋ	塊	engine-auto	
中 2-4	ขนมปังสิบก้อน	khanom pang sip kon	kaˇ nom bang sipˇ gɔ̄nˋ	十個麵包	engine-auto	
中 2-4	มีขนมปังสิบก้อน	mi khanom pang sip kon	mī kaˇ nom bang sipˇ gɔ̄nˋ	有十個麵包	engine-auto	
中 2-4	ถ่าน	than	tānˇ	電池／木炭	engine-auto	
中 2-4	ถ่านสามเอ	than sam e	tānˇ sāmˊ ē	AAA 電池	engine-auto	
中 2-4	ถ่านสามเอสองก้อน	than sam e song kon	tānˇ sāmˊ ē sɔ̄ngˊ gɔ̄nˋ	兩顆 AAA 電池	engine-auto	
中 2-4	ใช้ถ่านกี่ก้อน	chai than ki kon	chai~ tānˇ gīˇ gɔ̄nˋ	要用幾顆電池？	engine-auto	
中 2-4	สบู่ก้อน	sabu kon	saˇ bhūˇ gɔ̄nˋ	塊狀肥皂	derived	
中 2-4	เบียร์กระป๋องใหญ่	bia krapong yai	bhīa graˇ bɔ̄ngˊ yaiˇ	大罐啤酒	engine-auto	
中 2-4	เบียร์กระป๋องเล็ก	bia krapong lek	bhīa graˇ bɔ̄ngˊ lek~	小罐啤酒	engine-auto	
中 2-4	เอาเบียร์กระป๋องใหญ่หรือกระป๋องเล็ก	ao bia krapong yai rue krapong lek	au bhīa graˇ bɔ̄ngˊ yaiˇ rɯ̄ˊ graˇ bɔ̄ngˊ lek~	要大罐啤酒還是小罐啤酒？	engine-auto	
中 2-4	ชอบกินปลากระป๋อง	chop kin pla krapong	chɔ̄pˋ gin blā graˇ bɔ̄ngˊ	喜歡吃魚罐頭	engine-auto	
中 2-4	ทูน่ากระป๋อง	thuna krapong	tū nāˋ graˇ bɔ̄ngˊ	鮪魚罐頭	engine-auto	
中 2-4	ผลไม้กระป๋อง	phonlamai krapong	ponˊ mai~ graˇ bɔ̄ngˊ	水果罐頭	derived	
中 2-4	ลิ้นจี่กระป๋อง	linchi krapong	lin~ jīˇ graˇ bɔ̄ngˊ	荔枝罐頭	engine-auto	
中 2-4	ผืน	phuen	pɯ̄nˊ	條／幅	engine-auto	
中 2-4	ผ้าขนหนูสองผืน	pha khon nu song phuen	pāˋ konˊ nūˊ sɔ̄ngˊ pɯ̄nˊ	兩條毛巾	derived	
中 2-4	ขอผ้าขนหนูสองผืน	kho pha khon nu song phuen	kɔ̄ˊ pāˋ konˊ nūˊ sɔ̄ngˊ pɯ̄nˊ	請給我兩條毛巾	derived	
中 2-4	แพ็ก	phaek	pɛk~	組／包	engine-auto	
中 2-4	หนึ่งแพ็กมีสิบสองขวด	nueng phaek mi sip song khuat	nɯngˇ pɛk~ mī sipˇ sɔ̄ngˊ kūatˇ	一組有十二瓶	derived	
中 2-4	มาม่าหนึ่งแพ็กมีหกซอง	mama nueng phaek mi hok song	mā māˋ nɯngˇ pɛk~ mī hokˇ sɔ̄ng	一組泡麵有六包	engine-auto	
中 2-4	เครื่อง	khrueang	krɯ̄angˋ	台	book-exact	(book-exact已用引擎重新驗證)
中 2-4	คอมพิวเตอร์หนึ่งเครื่อง	khom phiw toe nueng khrueang	kɔ̄m piw də̄ nɯngˇ krɯ̄angˋ	一台電腦	engine-auto	
中 2-4	ผมมีคอมพิวเตอร์หนึ่งเครื่องครับ	phom mi khom phiw toe nueng khrueang khrap	pomˊ mī kɔ̄m piw də̄ nɯngˇ krɯ̄angˋ krap~	我有一台電腦（男性禮貌）	engine-auto	
中 2-4	มือถือสองเครื่อง	mue thue song khrueang	mɯ̄ tɯ̄ˊ sɔ̄ngˊ krɯ̄angˋ	兩支手機	engine-auto	
中 2-4	เครื่องซักผ้า	khrueang sak pha	krɯ̄angˋ sak~ pāˋ	洗衣機	engine-auto	
中 2-4	ไอโฟนรุ่นสิบสอง	ai fon run sip song	ai fōn runˋ sipˇ sɔ̄ngˊ	iPhone 12 型號	engine-auto	
中 2-4	สาย	sai	sāiˊ	路／線	engine-auto	
中 2-4	รถเมล์สายสองเจ็ดเจ็ด	rot me sai song chet chet	rot~ mē sāiˊ sɔ̄ngˊ jetˇ jetˇ	277 路公車	engine-auto	
中 2-4	รถเมล์สายเจ็ดสิบสี่	rot me sai chet sip si	rot~ mē sāiˊ jetˇ sipˇ sīˇ	74 路公車	engine-auto	
中 2-4	หลัง	lang	langˊ	棟	engine-auto	
中 2-4	บ้านหลังนี้สวย	ban lang ni suai	bhānˋ langˊ nī~ sūayˊ	這棟房子很漂亮	engine-auto	
中 2-4	มีบ้านสองหลัง	mi ban song lang	mī bhānˋ sɔ̄ngˊ langˊ	有兩棟房子	engine-auto	
中 2-4	ลำ	lam	lam	艘／架	engine-auto	
中 2-4	เรือห้าลำ	ruea ha lam	rɯ̄a hāˋ lam	五艘船	engine-auto	
中 2-4	เครื่องบินลำใหญ่	khrueang bin lam yai	krɯ̄angˋ bhin lam yaiˇ	大型飛機	engine-auto	
中 2-4	รถคันนี้สีแดง	rot khan ni si daeng	rot~ kan nī~ sīˊ dhɛ̄ng	這輛車是紅色的	engine-auto	
中 2-4	จักรยานหนึ่งคัน	chakkrayan nueng khan	jakˇ yān nɯngˇ kan	一輛腳踏車	derived	
中 2-4	มีรถหนึ่งคัน	mi rot nueng khan	mī rot~ nɯngˇ kan	有一輛車	engine-auto	
中 2-4	แห่ง	haeng	hɛ̄ngˇ	處	engine-auto	
中 2-4	โรงแรมสามแห่ง	rong raem sam haeng	rōng rɛ̄m sāmˊ hɛ̄ngˇ	三間飯店	engine-auto	
中 2-4	สถานที่แห่งนี้	sathan thi haeng ni	saˇ tānˊ tīˋ hɛ̄ngˇ nī~	這個地方	derived	
中 2-4	สถานที่ท่องเที่ยวหลายแห่ง	sathan thi thong thiao lai haeng	saˇ tānˊ tīˋ tɔ̄ngˋ tīauˋ lāiˊ hɛ̄ngˇ	好幾處觀光景點	derived	
中 2-4	สวนสาธารณะสิบเอ็ดแห่ง	suan satharana sip et haeng	sūanˊ sāˊ tān na~ sipˇ etˇ hɛ̄ngˇ	十一座公園	engine-auto	
中 2-4	สนามกีฬาแห่งชาติ	sanam kila haeng chat	saˇ nām gī lā hɛ̄ngˇ chātˋ	國家體育場	derived	
中 2-4	วันแม่แห่งชาติ	wan mae haeng chat	wan mɛ̄ˋ hɛ̄ngˇ chātˋ	國家母親節	derived	
中 2-4	อยากได้เงิน	yak dai ngoen	yākˋ dhaiˋ ngə̄n	想要錢	engine-auto	
中 2-4	อยากได้ความสุข	yak dai khwam suk	yākˋ dhaiˋ kwām sukˇ	想得到幸福	engine-auto	
中 2-4	คนแบบนี้	khon baep ni	kon bhɛ̄pˇ nī~	這種人	engine-auto	
中 2-4	นาฬิกาแบบนี้	nalika baep ni	nā li~ gā bhɛ̄pˇ nī~	這種手錶／時鐘	engine-auto	
中 2-4	ไม่ชอบนาฬิกาแบบนี้	mai chop nalika baep ni	maiˋ chɔ̄pˋ nā li~ gā bhɛ̄pˇ nī~	不喜歡這種手錶	engine-auto	
中 2-4	ทรง	song	song	款／型	derived	
中 2-4	ทรงผม	song phom	song pomˊ	髮型	derived	
中 2-4	ทรงนี้กำลังฮิต	song ni kamlang hit	song nī~ gam lang hit~	這個款式正在流行	derived	
中 2-4	ทรงผมทรงนี้กำลังฮิต	song phom song ni kamlang hit	song pomˊ song nī~ gam lang hit~	這個髮型正在流行	derived	
中 2-4	ไม่ชอบทรงนี้	mai chop song ni	maiˋ chɔ̄pˋ song nī~	不喜歡這個款式	derived	
中 2-4	มื้อ	mue	mɯ̄~	餐	engine-auto	
中 2-4	กินข้าววันละสามมื้อ	kin khao wan la sam mue	gin kāuˋ wan la~ sāmˊ mɯ̄~	一天吃三餐	engine-auto	
中 2-4	มื้อเช้า	mue chao	mɯ̄~ chāu~	早餐	engine-auto	
中 2-4	มื้อกลางวัน	mue klang wan	mɯ̄~ glāng wan	午餐	engine-auto	
中 2-4	มื้อเย็น	mue yen	mɯ̄~ yen	晚餐	engine-auto	
中 2-4	มื้อดึก	mue duek	mɯ̄~ dhɯkˇ	宵夜	engine-auto	
中 2-4	คำ	kham	kam	口	engine-auto	
中 2-4	กินสองคำ	kin song kham	gin sɔ̄ngˊ kam	吃兩口	engine-auto	
中 2-4	กินคำใหญ่	kin kham yai	gin kam yaiˇ	吃一大口	engine-auto	
中 2-4	กินคำเล็กๆ	kin kham lek lek	gin kam lek~ lek~	小口吃	engine-auto	
中 2-4	กินสองคำก็อิ่มแล้ว	kin song kham ko im laeo	gin sɔ̄ngˊ kam gɔ̄ˋ imˇ lɛ̄u~	吃兩口就飽了	engine-auto	
中 2-4	รถคันแรกที่ฉันซื้อ	rot khan raek thi chan sue	rot~ kan rɛ̄kˋ tīˋ chanˊ sɯ̄~	我買的第一輛車	engine-auto	
中 2-4	ก็คือยี่ห้อนี้	ko khue yiho ni	gɔ̄ˋ kɯ̄ yīˋ hɔ̄ˋ nī~	就是這個品牌	engine-auto	
中 2-4	รถคันแรกที่ฉันซื้อก็คือยี่ห้อนี้	rot khan raek thi chan sue ko khue yiho ni	rot~ kan rɛ̄kˋ tīˋ chanˊ sɯ̄~ gɔ̄ˋ kɯ̄ yīˋ hɔ̄ˋ nī~	我買的第一輛車就是這個品牌	engine-auto	
