泰文	舊拼音(Sheet)	新拼音(目的達)	中文	來源	備註
เรียนภาษาอังกฤษ	rian pasa angkrit	rīan pā sāˊ ang gritˇ	學英文	derived	
พูดภาษาอังกฤษ	pood pasa angkrit	pūtˋ pā sāˊ ang gritˇ	說英文	derived	
พูดภาษาอังกฤษเป็นไหม	pood pasa angkrit pen mai	pūtˋ pā sāˊ ang gritˇ ben maiˊ	會說英文嗎	derived	
ไม่มีใครพูดภาษาอังกฤษ	mai mii khrai phuut phasaa ang-grit	maiˋ mī krai pūtˋ pā sāˊ ang gritˇ	沒有人說英文	derived	
สเต็กของใคร	sa-tek khong khrai	saˇ dekˇ kɔ̄ngˊ krai	牛排是誰的	derived	
ภรรยา	phan-ra-yaa	pan yā	妻子	derived	
สามีภรรยา	saa mii phan-ra-yaa	sāˊ mī pan yā	夫妻	derived	
เมียหลวง	mia luang	mīa lūangˊ	大老婆	engine-auto	
หลวง	luang	lūangˊ	皇家、大的	engine-auto	
ในหลวง	nai luang	nai lūangˊ	國王	engine-auto	
ภรรยา	phan ra yaa	pan yā	妻子	derived	
ครูภาษาอังกฤษ	khruu phasaa anggrit	krū pā sāˊ ang gritˇ	英文老師	derived	
พวกเรา	phuak rao	pūakˋ rāu	我們	engine-auto	
พวกผม	phuak phom	pūakˋ pomˊ	我們 (全部是男性時)	engine-auto	
พวกฉัน	phuak chan	pūakˋ chanˊ	我們 (全部是女性時)	engine-auto	
พวกเรามาจากไต้หวัน	phuak rao maa jaak taiwan	pūakˋ rāu mā jākˇ daiˋ wanˊ	我們來自台灣	engine-auto	
พวกคุณ	phuak khun	pūakˋ kun	你們	engine-auto	
พวกเขา	phuak khao	pūakˋ kāuˊ	他們	engine-auto	
พวกมัน	phuak man	pūakˋ man	牠們 / 他們 (朋友間口語)	engine-auto	
ทั้งหมด	thang mot	tang~ motˇ	全部、總共	derived	
มีพี่น้องทั้งหมดกี่คน	mii phii nong thang mot gii khon	mī pīˋ nɔ̄ng~ tang~ motˇ gīˇ kon	總共有幾個兄弟姐妹？	derived	
คุณมีพี่น้องทั้งหมดกี่คน	khun mii phii nong thang mot gii khon	kun mī pīˋ nɔ̄ng~ tang~ motˇ gīˇ kon	你總共有幾個兄弟姐妹？	derived	
ภรรยา	phan ra yaa	pan yā	妻子	derived	
ภรรยาไปตลาด	phan ra yaa pai ta lad	pan yā bai daˇ lātˋ	妻子去市場	derived	
ภรรยาไปตลาดซื้อผัก	phan ra yaa pai ta lad seu phak	pan yā bai daˇ lātˋ sɯ̄~ pakˇ	妻子去市場買菜	derived	
เมียหลวง	mia luang	mīa lūangˊ	大老婆、元配	engine-auto	
พวกคุณ	phuak khun	pūakˋ kun	你們	engine-auto	
ครูของพวกคุณ	khruu khong phuak khun	krū kɔ̄ngˊ pūakˋ kun	你們的老師	engine-auto	
อาจารย์ของพวกคุณ	a jaan khong phuak khun	ā jān kɔ̄ngˊ pūakˋ kun	你們的老師	engine-auto	
มีนักเรียนทั้งหมดกี่คน	mii nak rian thang mot gii khon	mī nak~ rīan tang~ motˇ gīˇ kon	總共有幾個學生？	derived	
มีนักเรียนทั้งหมด 19 คน	mii nak rian thang mot sip kao khon	mī nak~ rīan tang~ motˇ 19 kon	總共有19個學生	derived	
พวก	phuak	pūakˋ	…們（用於組成複數代名詞）	engine-auto	
พวกคุณ	phuak khun	pūakˋ kun	你們	engine-auto	
พวกคุณมาจากไหน	phuak khun maa jaak nai	pūakˋ kun mā jākˇ naiˊ	你們來自哪裡？	engine-auto	
พวกเรา	phuak rao	pūakˋ rāu	我們	engine-auto	
พวกเรามาจากไต้หวัน	phuak rao maa jaak tai wan	pūakˋ rāu mā jākˇ daiˋ wanˊ	我們來自台灣	engine-auto	
พวกเราอยากเช่ารถ	phuak rao yaak chao rot	pūakˋ rāu yākˋ chāuˋ rot~	我們想租車	engine-auto	
พวกเราอยากเช่ารถค่ะ	phuak rao yaak chao rot kha	pūakˋ rāu yākˋ chāuˋ rot~ kaˋ	(女) 我們想租車	engine-auto	
พวกเขา	phuak khao	pūakˋ kāuˊ	他們	engine-auto	
พวกเขาเป็นใคร	phuak khao pen krai	pūakˋ kāuˊ ben krai	他們是誰？	engine-auto	
พวกเรา	phuak rao	pūakˋ rāu	我們	engine-auto	
พวกเราเจอกันบ่อยๆ	phuak rao jer gan boi boi	pūakˋ rāu jə̄ gan bhɔ̄iˇ bhɔ̄iˇ	我們常常見面	engine-auto	
ชื่อเล่นหรือชื่อจริง	chue len reu chue jing	chɯ̄ˋ lēnˋ rɯ̄ˊ chɯ̄ˋ jing	小名還是真名？	derived	
ชื่อจริง	chue jing	chɯ̄ˋ jing	真名	derived	
จริง	jing	jing	真的	derived	
อยู่กับภรรยา	yuu kap phan ra yaa	yūˋ gapˇ pan yā	跟妻子住	derived	
พวกเขาชอบกัน	phuak khao chop gan	pūakˋ kāuˊ chɔ̄pˋ gan	他們互相喜歡	engine-auto	
พวกเราเป็นเพื่อนกัน	phuak rao pen phuean gan	pūakˋ rāu ben pɯ̄anˋ gan	我們是朋友	engine-auto	
เพื่อนร่วมงาน	phuean ruam ngaan	pɯ̄anˋ rūamˋ ngān	同事	engine-auto	
ร่วม	ruam	rūamˋ	同、共同	engine-auto	
เป็นเพื่อนร่วมงานกัน	pen phuean ruam ngaan gan	ben pɯ̄anˋ rūamˋ ngān gan	（互相）是同事關係	engine-auto	
เป็นสามีภรรยากัน	pen sa mii phan ra yaa gan	ben sāˊ mī pan yā gan	（互相）是夫妻關係	derived	
เพื่อนร่วมงาน	phuean ruam ngaan	pɯ̄anˋ rūamˋ ngān	同事	engine-auto	
ยิ่งกินยิ่งอ้วน	ying gin ying uan	yingˋ gin yingˋ ūanˋ	越吃越胖	engine-auto	
อ้วน	uan	ūanˋ	胖	engine-auto	
คุณไม่อ้วน	khun mai uan	kun maiˋ ūanˋ	你不胖	engine-auto	
ฉันอ้วนมาก	chan uan mak	chanˊ ūanˋ mākˋ	我很胖	engine-auto	
เพื่อนร่วมงาน	phuean ruam ngaan	pɯ̄anˋ rūamˋ ngān	同事	engine-auto	
ร่วม	ruam	rūamˋ	共同	engine-auto	
พวกคุณ	phuak khun	pūakˋ kun	你們	engine-auto	
พวกคุณชอบเล่นอะไร	phuak khun chop len arai	pūakˋ kun chɔ̄pˋ lēnˋ aˇ rai	你們喜歡玩什麼？	engine-auto	
พวกคุณมาบ่อยไหม	phuak khun maa boi mai	pūakˋ kun mā bhɔ̄iˇ maiˊ	你們常來嗎？	engine-auto	
พวกเรา / เรา	phuak rao / rao	pūakˋ rāu / rāu	我們	engine-auto	
พวกเรามาไม่บ่อย	phuak rao maa mai boi	pūakˋ rāu mā maiˋ bhɔ̄iˇ	我們不常來	engine-auto	
พวกเรามาบ่อยๆ ค่ะ	phuak rao maa boi boi kha	pūakˋ rāu mā bhɔ̄iˇ bhɔ̄iˇ kaˋ	我們常常來啊	engine-auto	
สุพิตตาเป็นชื่อเล่นหรือชื่อจริง	Supitta pen chue len reu chue jing	suˇ pit~ dā ben chɯ̄ˋ lēnˋ rɯ̄ˊ chɯ̄ˋ jing	Supitta 是小名還是真名？	derived	
เป็นชื่อจริง	pen chue jing	ben chɯ̄ˋ jing	是真名	derived	
พวกเราไปเที่ยวทะเลด้วยกันไหม	phuak rao pai thiao tha lay duay gan mai	pūakˋ rāu bai tīauˋ ta~ lē dhūayˋ gan maiˊ	我們一起去海邊玩好嗎？	engine-auto	
พวกเราไปเที่ยวทะเลกันไหม	phuak rao pai thiao tha lay gan mai	pūakˋ rāu bai tīauˋ ta~ lē gan maiˊ	我們一起去海邊玩好嗎？	engine-auto	
พวกเขาเป็นเพื่อนบ้านกัน	phuak khao pen phuean baan gan	pūakˋ kāuˊ ben pɯ̄anˋ bhānˋ gan	他們互為鄰居	engine-auto	
พวกเขาเป็นเพื่อนนักเรียนกัน	phuak khao pen phuean nak rian gan	pūakˋ kāuˊ ben pɯ̄anˋ nak~ rīan gan	他們是同學	engine-auto	
เพื่อนร่วมงาน	phuean ruam ngaan	pɯ̄anˋ rūamˋ ngān	同事	engine-auto	
พวกเขาเป็นเพื่อนร่วมงานกัน	phuak khao pen phuean ruam ngaan gan	pūakˋ kāuˊ ben pɯ̄anˋ rūamˋ ngān gan	他們是同事	engine-auto	
พวกเขาเป็นพี่น้องกัน	phuak khao pen phii nong gan	pūakˋ kāuˊ ben pīˋ nɔ̄ng~ gan	他們是兄弟姊妹	engine-auto	
ยิ่งกินยิ่งอ้วน	ying gin ying uan	yingˋ gin yingˋ ūanˋ	越吃越胖	engine-auto	
หูฉลาม	hu cha laam	hūˊ chaˇ lāˊ	魚翅	derived	
ฉลาม	cha laam	chaˇ lāˊ	鯊魚	derived	
หูฉลาม อร่อยแต่แพง	hu cha laam aroi tae paeng	hūˊ chaˇ lāˊ aˇ rɔ̄iˋ dɛ̄ˇ pɛ̄ng	魚翅好吃但貴	derived	
จมูก	ja mook	jaˇ mūkˋ	鼻子	derived	
จมูกใหญ่	ja mook yai	jaˇ mūkˋ yaiˇ	鼻子大	derived	
จมูกเล็ก	ja mook lek	jaˇ mūkˋ lek~	鼻子小	derived	
จมูกเล็ก แต่น่ารัก	ja mook lek tae na rak	jaˇ mūkˋ lek~ dɛ̄ˇ nāˋ rak~	鼻子小，但是很可愛	derived	
จมูกแบน	ja mook baen	jaˇ mūkˋ bhɛ̄n	塌鼻子	derived	
ใช้นิ้วกด	chai niu god	chai~ niw~ gotˇ	用手指按	derived	
กด	god	gotˇ	按	derived	
กดลิฟต์	god lift	gotˇ lip~	按電梯	derived	
กดมือถือ	god mue thue	gotˇ mɯ̄ tɯ̄ˊ	按手機	derived	
กดไอแพด	god ipad	gotˇ ai pɛ̄tˋ	按iPad	derived	
หน้าอก	naa ok	nāˋ okˇ	胸部	derived	
อก	ok	okˇ	胸部（可單獨使用）	derived	
หน้าอกแบน	naa ok baen	nāˋ okˇ bhɛ̄n	胸部很平	derived	
หน้าอกไข่ดาว	naa ok khai dao	nāˋ okˇ kaiˇ dhāu	胸部像荷包蛋	derived	
อกไก่	ok gai	okˇ gaiˇ	雞胸	derived	
ชอบกินอกไก่มากๆ	chop gin ok gai mak mak	chɔ̄pˋ gin okˇ gaiˇ mākˋ mākˋ	很喜歡吃雞胸肉	derived	
ไม่เอาอกไก่	mai ao ok gai	maiˋ au okˇ gaiˇ	不要雞胸肉	derived	
อกหัก	ok hak	okˇ hakˇ	失戀	derived	
ฉันอกหัก	chan ok hak	chanˊ okˇ hakˇ	我失戀了	derived	
ยกมือไหว้	yok mue wai	yok~ mɯ̄ waiˋ	舉手合十行禮	derived	
ยก	yok	yok~	舉	derived	
ยกมือ	yok mue	yok~ mɯ̄	舉手	derived	
เบา ๆ	bao bao	bhāu bhāu	輕輕的	engine-auto	
นวด	nuat	nūatˋ	按摩	engine-auto	
นวดเบา ๆ หน่อยครับ	nuat bao bao noi khrab	nūatˋ bhāu bhāu nɔ̄iˇ krap~	請按摩輕一點	engine-auto	
ถ้าอ่านบ่อย ๆ ก็จะจำได้	tha aan boi boi ko ja jam dai	tāˋ ānˇ bhɔ̄iˇ bhɔ̄iˇ gɔ̄ˋ jaˇ jam dhaiˋ	如果常常讀，就會記得	engine-auto	
หูฉลาม	hu cha laam	hūˊ chaˇ lāˊ	魚翅	derived	
คุณกินหูฉลามไหม	khun gin hu cha laam mai	kun gin hūˊ chaˇ lāˊ maiˊ	你吃魚翅嗎？	derived	
จมูก	ja mook	jaˇ mūkˋ	鼻子	derived	
จมูกโต	ja mook toh	jaˇ mūkˋ dō	鼻子很大	derived	
คุณตาจมูกโต	khun taa ja mook toh	kun dā jaˇ mūkˋ dō	外公鼻子很大	derived	
เขาจมูกโตหรือจมูกเล็ก	khao ja mook toh reu ja mook lek	kāuˊ jaˇ mūkˋ dō rɯ̄ˊ jaˇ mūkˋ lek~	他鼻子大還是鼻子小？	derived	
จมูกแบน	ja mook baen	jaˇ mūkˋ bhɛ̄n	扁鼻子	derived	
จมูกยาว	ja mook yao	jaˇ mūkˋ yāu	鼻子很長	derived	
หน้าอก	naa ok	nāˋ okˇ	胸部	derived	
เนื้ออก	nuea ok	nɯ̄a~ okˇ	胸肉	derived	
ไม่เอาเนื้ออก	mai ao nuea ok	maiˋ au nɯ̄a~ okˇ	不要胸肉	derived	
เอาข้าวมันไก่ ไม่เอาเนื้ออก	ao khao man gai mai ao nuea ok	au kāuˋ man gaiˇ maiˋ au nɯ̄a~ okˇ	要海南雞飯，不要胸肉	derived	
หน้าอกแบน	naa ok baen	nāˋ okˇ bhɛ̄n	平胸	derived	
อกแบน	ok baen	okˇ bhɛ̄n	平胸 (簡稱)	derived	
คุณทำให้ฉันปวดหัว	khun tham hai chan puat hua	kun tam haiˋ chanˊ būatˇ hūaˊ	你讓我頭痛	engine-auto	
เขาทำให้ฉันปวดหัว	khao tham hai chan puat hua	kāuˊ tam haiˋ chanˊ būatˇ hūaˊ	他讓我頭痛	engine-auto	
ขอให้โชคดี	kho hai chok dii	kɔ̄ˊ haiˋ chō ka~ dhī	祝你好運	derived	
หมอนวด	mor nuat	mɔ̄ˊ nūatˋ	按摩師	engine-auto	
โทรไปจองหมอนวด	thoo pai jong mor nuat	tō bai jɔ̄ng mɔ̄ˊ nūatˋ	打電話去預約按摩師	engine-auto	
เป็นห่วง	pen huang	ben hūangˇ	擔心	derived	
ผมเป็นห่วงคุณนะ	phom pen huang khun na	pomˊ ben hūangˇ kun na~	我很擔心你喔	derived	
ปวดใจ	puat jai	būatˇ jai	心痛	engine-auto	
เพราะว่า	prowa	prɔ~ wāˋ	因為	engine-auto	
ปวดหัว	puat hua	būatˇ hūaˊ	頭痛	engine-auto	
เพราะว่าปวดหัว	prowa puat hua	prɔ~ wāˋ būatˇ hūaˊ	因為頭痛	engine-auto	
เพราะว่าปวดหัว ก็เลยไปซื้อยา	prowa puat hua gloeey bpai sue ya	prɔ~ wāˋ būatˇ hūaˊ gɔ̄ˋ lə̄i bai sɯ̄~ yā	因為頭痛，所以去買藥	engine-auto	
เพราะว่าชอบเมืองไทย	prowa chop muang thai	prɔ~ wāˋ chɔ̄pˋ mɯ̄ang tai	因為喜歡泰國	engine-auto	
เพราะว่าชอบคนไทย	prowa chop khon thai	prɔ~ wāˋ chɔ̄pˋ kon tai	因為喜歡泰國人	engine-auto	
มีโควิด-19	mee covid	mī kō wit~-19	有 Covid-19	engine-auto	
โควิด-19	covid	kō wit~-19	Covid-19	engine-auto	
เพราะว่ามีโควิด-19	prowa mee covid	prɔ~ wāˋ mī kō wit~-19	因為有 Covid-19	engine-auto	
ก็เลยต้องล้างมือบ่อย ๆ	gloeey tong lang mue boi boi	gɔ̄ˋ lə̄i dɔ̄ngˋ lāng~ mɯ̄ bhɔ̄iˇ bhɔ̄iˇ	所以要常常洗手	engine-auto	
เพราะว่าผมยาว ก็เลยไปตัดผม	prowa pom yaao gloeey bpai dtat pom	prɔ~ wāˋ pomˊ yāu gɔ̄ˋ lə̄i bai datˇ pomˊ	因為頭髮長，所以去剪頭髮	engine-auto	
นวด	nuat	nūatˋ	按摩	engine-auto	
นวดไทย	nuat thai	nūatˋ tai	泰式按摩	engine-auto	
ชอบนวดไทยไหมคะ	chop nuat thai mai ka	chɔ̄pˋ nūatˋ tai maiˊ ka~	喜歡泰式按摩嗎？	engine-auto	
นวดเท้า	nuat thao	nūatˋ tāu~	腳底按摩	engine-auto	
นวดน้ำมัน	nuat nam man	nūatˋ nām~ man	油壓	engine-auto	
นวดตัว	nuat tua	nūatˋ dūa	身體按摩	engine-auto	
นวดหลัง	nuat lang	nūatˋ langˊ	背部按摩	engine-auto	
นวดไหล่	nuat lai	nūatˋ laiˇ	肩膀按摩	engine-auto	
ร้านนวด	ran nuat	rān~ nūatˋ	按摩店	engine-auto	
ไปร้านนวด	bpai ran nuat	bai rān~ nūatˋ	去按摩店	engine-auto	
คุณอยากนวดอะไร	khun yaak nuat a-rai	kun yākˋ nūatˋ aˇ rai	你想按什麼？	engine-auto	
คุณอยากนวดกี่ชั่วโมง	khun yaak nuat gii chua mong	kun yākˋ nūatˋ gīˇ chūaˋ mōng	你想按幾個小時？	engine-auto	
ฉันอยากนวด 3 ชั่วโมง	chan yaak nuat saam chua mong	chanˊ yākˋ nūatˋ 3 chūaˋ mōng	我想按三個小時	engine-auto	
ปวด	puat	būatˇ	痠痛	engine-auto	
ปวดฟัน	puat fan	būatˇ fan	牙齒痛	engine-auto	
ทำไมปวดฟัน	tammai puat fan	tam mai būatˇ fan	為什麼牙齒痛？	engine-auto	
ปวดตา	puat dta	būatˇ dā	眼睛痠	engine-auto	
ปวดหัว	puat hua	būatˇ hūaˊ	頭痛 (內部不適)	engine-auto	
ไม่รู้ทำไมปวดตา	mai ru tammai puat dta	maiˋ rū~ tam mai būatˇ dā	不知道為什麼眼睛痠	engine-auto	
เพราะว่ากินของทอดเยอะ	prowa gin khong thot yer	prɔ~ wāˋ gin kɔ̄ngˊ tɔ̄tˋ yə~	因為吃很多炸物	engine-auto	
ขอให้มีเงินเยอะ ๆ	kho hai mee ngern yer yer	kɔ̄ˊ haiˋ mī ngə̄n yə~ yə~	祝你有很多錢	engine-auto	
ถ้าเมื่อยก็ไปนวด	tha muey go bpai nuat	tāˋ mɯ̄aiˋ gɔ̄ˋ bai nūatˋ	如果痠就去按摩	engine-auto	
เขาทำให้ผมปวดหัว	kao tham hai pom puat hua	kāuˊ tam haiˋ pomˊ būatˇ hūaˊ	他讓我頭痛	engine-auto	
เขาทำให้ฉันปวดหัว	kao tham hai chan puat hua	kāuˊ tam haiˋ chanˊ būatˇ hūaˊ	他/她讓我頭痛	engine-auto	
เขาแข็งแรงมาก ๆ	kao khaeng raeng mak mak	kāuˊ kɛngˊ rɛ̄ng mākˋ mākˋ	他/她非常強壯	engine-auto	
ขอให้มีเงินเยอะ ๆ	kho hai mee ngern yer yer	kɔ̄ˊ haiˋ mī ngə̄n yə~ yə~	祝你有很多錢	engine-auto	
ขอให้มีความสุขมาก ๆ	kho hai mee khwam suk mak mak	kɔ̄ˊ haiˋ mī kwām sukˇ mākˋ mākˋ	祝你非常快樂	engine-auto	
สุขสันต์วันเกิด ขอให้มีความสุขมาก ๆ	suk san wan geurt kho hai mee khwam suk mak mak	sukˇ sanˊ wan gə̄tˇ kɔ̄ˊ haiˋ mī kwām sukˇ mākˋ mākˋ	生日快樂，祝你非常快樂	engine-auto	
เพราะว่าปู่ไม่สบาย	prowa pu mai sabai	prɔ~ wāˋ būˇ maiˋ saˇ bhāi	因為爺爺不舒服	engine-auto	
เพราะว่าปู่ไม่สบาย ก็เลยไปหาหมอ	prowa pu mai sabai gloeey bpai ha mor	prɔ~ wāˋ būˇ maiˋ saˇ bhāi gɔ̄ˋ lə̄i bai hāˊ mɔ̄ˊ	因為爺爺不舒服，所以去看醫生	engine-auto	
สวัสดีค่ะ ฉันชื่อกุ้ง	sa wat dee kha chan chue gung	saˇ watˇ dhī kaˋ chanˊ chɯ̄ˋ gungˋ	你好，我叫Gung	derived	
สร้างสนามบิน	saang sanam bin	srāngˋ saˇ nām bhin	蓋新機場	derived	
มาจากภาษาอังกฤษ	maa jak phasa angkrit	mā jākˇ pā sāˊ ang gritˇ	來自英文	derived	
เพื่อนร่วมงาน	pheuan ruam ngaan	pɯ̄anˋ rūamˋ ngān	同事	engine-auto	
หนังสือพิมพ์อังกฤษ	nang sue phim angkrit	nangˊ sɯ̄ˊ pim ang gritˇ	英文報紙	derived	
ถุงพลาสติก	toong plastic	tungˊ plā saˇ dikˇ	塑膠袋	derived	
ไม่ใช้ถุงพลาสติก	mai chai toong plastic	maiˋ chai~ tungˊ plā saˇ dikˇ	不用塑膠袋	derived	
กด	god	gotˇ	按	derived	
ใช้มือกด	chai mue god	chai~ mɯ̄ gotˇ	用手按	derived	
กดไลค์	god like	gotˇ lai	按讚	derived	
ช่วยกดไลค์ กด subscribe	chuay god like god subscribe	chūayˋ gotˇ lai gotˇ subscribe	請幫我按讚、訂閱	derived	
กดไลค์ให้ฉันหน่อย	god like hai chan noi	gotˇ lai haiˋ chanˊ nɔ̄iˇ	幫我按個讚	derived	
ทำเล็บแล้วก็ไปนวด	tham lep laew ko pai nuad	tam lep~ lɛ̄u~ gɔ̄ˋ bai nūatˋ	做指甲然後去按摩	engine-auto	
เสียดายจริงๆ	sia daai jing jing	sīaˊ dhāi jing jing	真可惜	derived	
สนุกจริงๆ	sa-nook jing jing	saˇ nuk~ jing jing	真好玩	derived	
แต่ยิ่งกินยิ่งอ้วน	tae ying kin ying uan	dɛ̄ˇ yingˋ gin yingˋ ūanˋ	但是越吃越胖	engine-auto	
กระเป๋าสตางค์	kra-pao sa-taang	graˇ bāuˊ saˇ dāng	錢包 (另稱)	derived	
ทั้งหมด	thang mot	tang~ motˇ	總共	derived	
ทั้งหมดมีกระเป๋าเดินทางกี่ใบ	thang mot mii kra-pao deun-thang gii bai	tang~ motˇ mī graˇ bāuˊ dhə̄n tāng gīˇ bhai	總共有幾個行李？	derived	
พวกเรา	phuak rao	pūakˋ rāu	我們	engine-auto	
พวกเราไม่ซื้อของปลอม	phuak rao mai seu khong plom	pūakˋ rāu maiˋ sɯ̄~ kɔ̄ngˊ blɔ̄m	我們不買假貨	engine-auto	
ถุงพลาสติก	thung phlaas-tik	tungˊ plā saˇ dikˇ	塑膠袋	derived	
เอาถุงพลาสติกไหมคะ	ao thung phlaas-tik mai kha	au tungˊ plā saˇ dikˇ maiˊ ka~	要塑膠袋嗎？	derived	
กดไลค์	got like	gotˇ lai	按讚	derived	
ฝน	fon	fonˊ	雨	derived	
ฝนตก	fon tok	fonˊ dokˇ	下雨	derived	
ถ้าฝนตกก็ไม่ไปว่ายน้ำ	tha fon tok ko mai pai wai nam	tāˋ fonˊ dokˇ gɔ̄ˋ maiˋ bai wāiˋ nām~	如果下雨，就不去游泳	derived	
นวดหนักๆหน่อย	nuat nak nak noi	nūatˋ nakˇ nakˇ nɔ̄iˇ	按重一點	engine-auto	
นวดเบาๆหน่อย	nuat bao bao noi	nūatˋ bhāu bhāu nɔ̄iˇ	按輕一點	engine-auto	
ภรรยาเก่า / เมียเก่า	phan ra yaa kao / mia kao	pan yā gāuˇ / mīa gāuˇ	前妻	derived	
รับส่ง	rap song	rap~ songˇ	接送	derived	
รถรับส่ง	rot rap song	rot~ rap~ songˇ	接駁車	derived	
มีรถรับส่งไหม	mii rot rap song mai	mī rot~ rap~ songˇ maiˊ	有接駁車嗎？	derived	
บริษัท	baw-ri-sat	bhɔ̄ ri~ satˇ	公司	derived	
ทำงานที่บริษัทอะไร	tham ngaan thii baw-ri-sat a-rai	tam ngān tīˋ bhɔ̄ ri~ satˇ aˇ rai	在哪間公司工作？	derived	
บริษัทไต้หวัน	baw-ri-sat taiwan	bhɔ̄ ri~ satˇ daiˋ wanˊ	台灣公司	derived	
บริษัทไทย	baw-ri-sat thai	bhɔ̄ ri~ satˇ tai	泰國公司	derived	
ละคร	la khon	la~ kɔ̄n	劇	derived	
ละครไทย	la khon thai	la~ kɔ̄n tai	泰劇	derived	
ดูละครไทย	duu la khon thai	dhū la~ kɔ̄n tai	看泰劇	derived	
ฝนตก	fon tok	fonˊ dokˇ	下雨	derived	
วันนี้ฝนตก	wan nee fon tok	wan nī~ fonˊ dokˇ	今天下雨	derived	
ฝนตกก็ต้องไปทำงาน	fon tok gor dtong bpai tam ngaan	fonˊ dokˇ gɔ̄ˋ dɔ̄ngˋ bai tam ngān	下雨也得去工作	derived	
ที่ไทยฝนตกไหม	tee thai fon tok mai	tīˋ tai fonˊ dokˇ maiˊ	泰國下雨嗎？	derived	
ฝนตกไหม	fon tok mai	fonˊ dokˇ maiˊ	下雨嗎？	derived	
ฝนไม่ตก	fon mai tok	fonˊ maiˋ dokˇ	沒下雨	derived	
ฝนตกหนัก	fon tok nak	fonˊ dokˇ nakˇ	下大雨	derived	
นวดหนักหน่อย	nuat nak noi	nūatˋ nakˇ nɔ̄iˇ	按重一點	engine-auto	
นวดหนักๆ หน่อย	nuat nak nak noi	nūatˋ nakˇ nakˇ nɔ̄iˇ	按重一點	engine-auto	
หมอนวด	mor nuat	mɔ̄ˊ nūatˋ	按摩師	engine-auto	
นวดเบาๆ หน่อย	nuat bao bao noi	nūatˋ bhāu bhāu nɔ̄iˇ	按輕一點	engine-auto	
ขวดเล็ก	kuad lek	kūatˇ lek~	小瓶	derived	
ขวดเล็กเท่าไหร่	kuad lek tao-rai	kūatˇ lek~ tāuˋ raiˇ	小瓶多少錢？	derived	
ละคร	la-korn	la~ kɔ̄n	戲劇	derived	
ละครเก่า	la-korn gao	la~ kɔ̄n gāuˇ	舊的戲劇	derived	
ฉันไปรับคุณที่สนามบิน	chan bpai rap khun tee sa-naam-bin	chanˊ bai rap~ kun tīˋ saˇ nām bhin	我去機場接你	derived	
มีรถรับส่งไหม	mee rot rap song mai	mī rot~ rap~ songˇ maiˊ	有接駁車嗎？	derived	
มีรถรับส่งสนามบินไหม	mee rot rap song sa-naam-bin mai	mī rot~ rap~ songˇ saˇ nām bhin maiˊ	有機場接駁車嗎？	derived	
มีรถรับส่งตลาดน้ำไหม	mee rot rap song talaat nam mai	mī rot~ rap~ songˇ daˇ lātˋ nām~ maiˊ	有水上市場的接駁車嗎？	derived	
บริษัท	baw-ri-sat	bhɔ̄ ri~ satˇ	公司	derived	
บริษัทใหญ่	baw-ri-sat yai	bhɔ̄ ri~ satˇ yaiˇ	大公司	derived	
คุณทำงานบริษัทอะไร	khun tam-ngaan baw-ri-sat a-rai	kun tam ngān bhɔ̄ ri~ satˇ aˇ rai	你在哪家(什麼)公司工作？	derived	
คุณทำงานบริษัทไหน	khun tam-ngaan baw-ri-sat nai	kun tam ngān bhɔ̄ ri~ satˇ naiˊ	你在哪家公司工作？	derived	
บริษัทชื่ออะไร	baw-ri-sat chue a-rai	bhɔ̄ ri~ satˇ chɯ̄ˋ aˇ rai	公司叫什麼名字？	derived	
ละคร	la-korn	la~ kɔ̄n	戲劇	derived	
ละครผู้ใหญ่	la-korn phu yai	la~ kɔ̄n pūˋ yaiˇ	成人戲劇	derived	
ละครเด็ก	la-korn dek	la~ kɔ̄n dhekˇ	兒童戲劇	derived	
เพราะว่าชอบดูละครไทย ก็เลยมาเรียนภาษาไทย	phro-wa chop du la-korn thai gor loey maa rian phasa thai	prɔ~ wāˋ chɔ̄pˋ dhū la~ kɔ̄n tai gɔ̄ˋ lə̄i mā rīan pā sāˊ tai	因為喜歡看泰劇，所以就來學泰文	derived	
ละครเรื่องนี้	la-korn reuang nee	la~ kɔ̄n rɯ̄angˋ nī~	這部戲劇	derived	
ละครเรื่องนี้สนุกมาก	la-korn reuang nee sa-nuk mak	la~ kɔ̄n rɯ̄angˋ nī~ saˇ nuk~ mākˋ	這部戲劇很好看	derived	
พวกเขาเป็นดาราไทย	phuak khao bpen da-ra thai	pūakˋ kāuˊ ben dhā rā tai	他們是泰國明星	engine-auto	
รวมกัน	ruam kan	rūam gan	混在一起	engine-auto	
รวม	ruam	rūam	混合	engine-auto	
ผัดผักรวมมิตร	phat phak ruam mit	patˇ pakˇ rūam mit~	什錦炒菜	derived	
สีขาวกับสีดำ รวมกันเป็นสีเทา	see khaw gap see dam ruam kan bpen see thao	sīˊ kāuˊ gapˇ sīˊ dham rūam gan ben sīˊ tāu	白色和黑色混在一起變成灰色	engine-auto	
สีม่วง	see muang	sīˊ mūangˋ	紫色	engine-auto	
ม่วง	muang	mūangˋ	紫	engine-auto	
องุ่น	a-ngun	aˇ ngunˋ	葡萄	derived	
องุ่นสีม่วง	a-ngun see muang	aˇ ngunˋ sīˊ mūangˋ	紫葡萄	derived	
องุ่นสีเขียว	a-ngun see khieow	aˇ ngunˋ sīˊ kīauˊ	綠葡萄	derived	
องุ่นสีแดง	a-ngun see daeng	aˇ ngunˋ sīˊ dhɛ̄ng	紅葡萄	derived	
องุ่นสีดำ	a-ngun see dam	aˇ ngunˋ sīˊ dham	黑葡萄	derived	
ตำรวจ	tam-ruat	dam rūatˋ	警察	engine-auto	
สีชมพู	see chomphoo	sīˊ chom pū	粉紅色	derived	
ธง	thong	tong	旗子	derived	
ธงสีรุ้ง	thong see rung	tong sīˊ rung~	彩虹旗	derived	
ฝนตก	fon tok	fonˊ dokˇ	下雨	derived	
วันนี้ฝนตก	wan nee fon tok	wan nī~ fonˊ dokˇ	今天下雨	derived	
ฝนตกก็ต้องไปทำงาน	fon tok gor dtong bpai tam ngaan	fonˊ dokˇ gɔ̄ˋ dɔ̄ngˋ bai tam ngān	下雨也得去工作	derived	
ที่ไทยฝนตกไหม	tee thai fon tok mai	tīˋ tai fonˊ dokˇ maiˊ	泰國下雨嗎？	derived	
ฝนตกไหม	fon tok mai	fonˊ dokˇ maiˊ	下雨嗎？	derived	
ฝนไม่ตก	fon mai tok	fonˊ maiˋ dokˇ	沒下雨	derived	
ฝนตกหนัก	fon tok nak	fonˊ dokˇ nakˇ	下大雨	derived	
นวดหนักหน่อย	nuat nak noi	nūatˋ nakˇ nɔ̄iˇ	按重一點	engine-auto	
นวดหนักๆ หน่อย	nuat nak nak noi	nūatˋ nakˇ nakˇ nɔ̄iˇ	按重一點	engine-auto	
หมอนวด	mor nuat	mɔ̄ˊ nūatˋ	按摩師	engine-auto	
นวดเบาๆ หน่อย	nuat bao bao noi	nūatˋ bhāu bhāu nɔ̄iˇ	按輕一點	engine-auto	
ขวดเล็ก	kuad lek	kūatˇ lek~	小瓶	derived	
ขวดเล็กเท่าไหร่	kuad lek tao-rai	kūatˇ lek~ tāuˋ raiˇ	小瓶多少錢？	derived	
ละคร	la-korn	la~ kɔ̄n	戲劇	derived	
ละครเก่า	la-korn gao	la~ kɔ̄n gāuˇ	舊的戲劇	derived	
ฉันไปรับคุณที่สนามบิน	chan bpai rap khun tee sa-naam-bin	chanˊ bai rap~ kun tīˋ saˇ nām bhin	我去機場接你	derived	
มีรถรับส่งไหม	mee rot rap song mai	mī rot~ rap~ songˇ maiˊ	有接駁車嗎？	derived	
มีรถรับส่งสนามบินไหม	mee rot rap song sa-naam-bin mai	mī rot~ rap~ songˇ saˇ nām bhin maiˊ	有機場接駁車嗎？	derived	
มีรถรับส่งตลาดน้ำไหม	mee rot rap song talaat nam mai	mī rot~ rap~ songˇ daˇ lātˋ nām~ maiˊ	有水上市場的接駁車嗎？	derived	
บริษัท	baw-ri-sat	bhɔ̄ ri~ satˇ	公司	derived	
บริษัทใหญ่	baw-ri-sat yai	bhɔ̄ ri~ satˇ yaiˇ	大公司	derived	
คุณทำงานบริษัทอะไร	khun tam-ngaan baw-ri-sat a-rai	kun tam ngān bhɔ̄ ri~ satˇ aˇ rai	你在哪家(什麼)公司工作？	derived	
คุณทำงานบริษัทไหน	khun tam-ngaan baw-ri-sat nai	kun tam ngān bhɔ̄ ri~ satˇ naiˊ	你在哪家公司工作？	derived	
บริษัทชื่ออะไร	baw-ri-sat chue a-rai	bhɔ̄ ri~ satˇ chɯ̄ˋ aˇ rai	公司叫什麼名字？	derived	
ละคร	la-korn	la~ kɔ̄n	戲劇	derived	
ละครผู้ใหญ่	la-korn phu yai	la~ kɔ̄n pūˋ yaiˇ	成人戲劇	derived	
ละครเด็ก	la-korn dek	la~ kɔ̄n dhekˇ	兒童戲劇	derived	
เพราะว่าชอบดูละครไทย ก็เลยมาเรียนภาษาไทย	phro-wa chop du la-korn thai gor loey maa rian phasa thai	prɔ~ wāˋ chɔ̄pˋ dhū la~ kɔ̄n tai gɔ̄ˋ lə̄i mā rīan pā sāˊ tai	因為喜歡看泰劇，所以就來學泰文	derived	
ละครเรื่องนี้	la-korn reuang nee	la~ kɔ̄n rɯ̄angˋ nī~	這部戲劇	derived	
ละครเรื่องนี้สนุกมาก	la-korn reuang nee sa-nuk mak	la~ kɔ̄n rɯ̄angˋ nī~ saˇ nuk~ mākˋ	這部戲劇很好看	derived	
พวกเขาเป็นดาราไทย	phuak khao bpen da-ra thai	pūakˋ kāuˊ ben dhā rā tai	他們是泰國明星	engine-auto	
รวมกัน	ruam kan	rūam gan	混在一起	engine-auto	
รวม	ruam	rūam	混合	engine-auto	
ผัดผักรวมมิตร	phat phak ruam mit	patˇ pakˇ rūam mit~	什錦炒菜	derived	
สีขาวกับสีดำ รวมกันเป็นสีเทา	see khaw gap see dam ruam kan bpen see thao	sīˊ kāuˊ gapˇ sīˊ dham rūam gan ben sīˊ tāu	白色和黑色混在一起變成灰色	engine-auto	
สีม่วง	see muang	sīˊ mūangˋ	紫色	engine-auto	
ม่วง	muang	mūangˋ	紫	engine-auto	
องุ่น	a-ngun	aˇ ngunˋ	葡萄	derived	
องุ่นสีม่วง	a-ngun see muang	aˇ ngunˋ sīˊ mūangˋ	紫葡萄	derived	
องุ่นสีเขียว	a-ngun see khieow	aˇ ngunˋ sīˊ kīauˊ	綠葡萄	derived	
องุ่นสีแดง	a-ngun see daeng	aˇ ngunˋ sīˊ dhɛ̄ng	紅葡萄	derived	
องุ่นสีดำ	a-ngun see dam	aˇ ngunˋ sīˊ dham	黑葡萄	derived	
ตำรวจ	tam-ruat	dam rūatˋ	警察	engine-auto	
สีชมพู	see chomphoo	sīˊ chom pū	粉紅色	derived	
ธง	thong	tong	旗子	derived	
ธงสีรุ้ง	thong see rung	tong sīˊ rung~	彩虹旗	derived	
สแกนก็ได้	sa-kaen gor dai	saˇ gɛ̄n gɔ̄ˋ dhaiˋ	也可以掃描	derived	
สแกน	sa-kaen	saˇ gɛ̄n	掃描	derived	
หนังสือภาษาอังกฤษ	nang-seu phasa ang-grit	nangˊ sɯ̄ˊ pā sāˊ ang gritˇ	英文書	derived	
แต่ถุงพลาสติกต้องเสียเงิน	tae thung phlaas-tik dtong sia ngern	dɛ̄ˇ tungˊ plā saˇ dikˇ dɔ̄ngˋ sīaˊ ngə̄n	但是塑膠袋要付錢	derived	
ถุงพลาสติก	thung phlaas-tik	tungˊ plā saˇ dikˇ	塑膠袋	derived	
เปิดขวด	bpeut khuat	bə̄tˇ kūatˇ	開瓶	derived	
พวกคุณคุยเรื่องอะไรกัน	phuak khun kui reuang a-rai gan	pūakˋ kun kui rɯ̄angˋ aˇ rai gan	你們在聊什麼事情？	engine-auto	
พวกเราคุยกันไม่รู้เรื่อง	phuak rao kui gan mai ru reuang	pūakˋ rāu kui gan maiˋ rū~ rɯ̄angˋ	我們雞同鴨講	engine-auto	
ละครเรื่องไหน	la-korn reuang nai	la~ kɔ̄n rɯ̄angˋ naiˊ	哪一部戲劇？	derived	
ละครเรื่องไหนสนุก	la-korn reuang nai sa-nuk	la~ kɔ̄n rɯ̄angˋ naiˊ saˇ nuk~	哪一部戲劇有趣？	derived	
จมูก	ja-mook	jaˇ mūkˋ	鼻子	derived	
จมูกโต	ja-mook dto	jaˇ mūkˋ dō	大鼻子	derived	
จมูกเล็ก	ja-mook lek	jaˇ mūkˋ lek~	小鼻子	derived	
อเมริกาโน่	a-me-ri-ga-no	aˇ mē ri~ gā nōˋ	美式咖啡	derived	
ขวดใหญ่	kuat yai	kūatˇ yaiˇ	大瓶	derived	
เอาเบียร์ขวดใหญ่	ao bia kuat yai	au bhīa kūatˇ yaiˇ	要大瓶啤酒	derived	
ขวดเล็ก	kuat lek	kūatˇ lek~	小瓶	derived	
ขวดใหญ่หรือขวดเล็ก	kuat yai rue kuat lek	kūatˇ yaiˇ rɯ̄ˊ kūatˇ lek~	大瓶還是小瓶？	derived	
รถรับส่ง	rot rap song	rot~ rap~ songˇ	接駁車 / 接送	derived	
ส่ง	song	songˇ	送	derived	
มีรถรับส่งไหมคะ	mee rot rap song mai kha	mī rot~ rap~ songˇ maiˊ ka~	有接駁車嗎？	derived	
มีรถรับส่งไปสนามบินไหม	mee rot rap song bpai sa-naam-bin mai	mī rot~ rap~ songˇ bai saˇ nām bhin maiˊ	有接駁車去機場嗎？	derived	
มีรถรับส่งสนามบินไหม	mee rot rap song sa-naam-bin mai	mī rot~ rap~ songˇ saˇ nām bhin maiˊ	有機場接駁車嗎？	derived	
มีรถรับส่งไปสนามบินค่ะ	mee rot rap song bpai sa-naam-bin kha	mī rot~ rap~ songˇ bai saˇ nām bhin kaˋ	有接駁車去機場	derived	
ดูละครไทย	duu la-korn thai	dhū la~ kɔ̄n tai	看泰劇	derived	
ข้ามถนน	kham thanon	kāmˋ taˇ non	過馬路	derived	
ร้านนวดอยู่ตรงข้ามเซเว่น	raan nuat yuu trong kham sewen	rān~ nūatˋ yūˋ drong kāmˋ sē wēnˋ	按摩店在7-11對面	engine-auto	
ถนน	thanon	taˇ non	馬路	derived	
ข้ามถนน	khaam thanon	kāmˋ taˇ non	過馬路	derived	
พาฉันไปสนามบินดอนเมือง	pha chan pai sanam bin don mueang	pā chanˊ bai saˇ nām bhin dhɔ̄n mɯ̄ang	帶我去廊曼機場	derived	
พาไปสนามบิน	pha pai sanam bin	pā bai saˇ nām bhin	帶去機場	derived	
สนามบินดอนเมือง	sanam bin don mueang	saˇ nām bhin dhɔ̄n mɯ̄ang	廊曼機場	derived	
ไปสนามบินดอนเมือง	pai sanam bin don mueang	bai saˇ nām bhin dhɔ̄n mɯ̄ang	去廊曼機場	derived	
ร้านนวดอยู่ด้านขวา	raan nuat yuu daan khwa	rān~ nūatˋ yūˋ dhānˋ kwāˊ	按摩店在右邊	engine-auto	
ร้านนวดอยู่ที่ไหน	raan nuat yuu thi nai	rān~ nūatˋ yūˋ tīˋ naiˊ	按摩店在哪裡	engine-auto	
ชั้นบนมี3ห้อง	chan bon mi 3 hong	chan~ bhon mī3 hɔ̄ngˋ	樓上有3個房間	engine-auto	
ห้องใหญ่2ห้อง	hong yai 2 hong	hɔ̄ngˋ yaiˇ2 hɔ̄ngˋ	大房間 2 間	engine-auto	
ห้องเล็ก1ห้อง	hong lek 1 hong	hɔ̄ngˋ lek~1 hɔ̄ngˋ	小房間 1 間	engine-auto	
ร้านนวดอยู่ตรงข้ามร้านหนังสือ	raan nuat yuu trong kham raan nang sue	rān~ nūatˋ yūˋ drong kāmˋ rān~ nangˊ sɯ̄ˊ	按摩店在書店對面	engine-auto	
ร้านยาอยู่ตรงข้ามร้านนวด	raan ya yuu trong kham raan nuat	rān~ yā yūˋ drong kāmˋ rān~ nūatˋ	藥局在按摩店對面	engine-auto	
ข้ามถนน	kham thanon	kāmˋ taˇ non	過馬路	derived	
ข้ามถนนดูมือถือไม่ได้	kham thanon du mue thue mai dai	kāmˋ taˇ non dhū mɯ̄ tɯ̄ˊ maiˋ dhaiˋ	過馬路 不能看手機	derived	
ข้ามถนนต้องดูซ้ายดูขวา	kham thanon tong du saai du khwa	kāmˋ taˇ non dɔ̄ngˋ dhū sāi~ dhū kwāˊ	過馬路 得看左看右	derived	
6นาที	6 na tee	6 nā tī	6分鐘	engine-auto	
เดินตรงไป6นาที	dern trong pai 6 na tee	dhə̄n drong bai6 nā tī	直走6分鐘	engine-auto	
ในตู้เย็นมีน้ำ2ขวด	nai tu yen mi nam 2 khuad	nai dūˋ yen mī nām~2 kūatˇ	冰箱裡有兩瓶水	derived	
ดูละครไทย	du lakorn thai	dhū la~ kɔ̄n tai	看泰劇	derived	
พวกเราใจตรงกัน	phuak rao jai trong kan	pūakˋ rāu jai drong gan	我們心意相通	engine-auto	
ข้ามถนน	kham thanon	kāmˋ taˇ non	過馬路	derived	
เดินข้ามถนน	dern kham thanon	dhə̄n kāmˋ taˇ non	走路過馬路	derived	
บนถนน	bon thanon	bhon taˇ non	在路上	derived	
บนถนนมีรถเยอะ	bon thanon mi rot yoe	bhon taˇ non mī rot~ yə~	路上有很多車	derived	
ในตู้เย็นมีน้ำ2ขวด	nai tu yen mi nam 2 khuat	nai dūˋ yen mī nām~2 kūatˇ	冰箱裡有兩瓶水	derived	
ดูละครไทย	duu lakhon thai	dhū la~ kɔ̄n tai	看泰劇	derived	
พวกเราใจตรงกัน	phuak rao jai trong kan	pūakˋ rāu jai drong gan	我們心意相通	engine-auto	
ข้ามถนน	kham thanon	kāmˋ taˇ non	過馬路	derived	
เดินข้ามถนน	dern kham thanon	dhə̄n kāmˋ taˇ non	走路過馬路	derived	
บนถนน	bon thanon	bhon taˇ non	在路上	derived	
บนถนนมีรถเยอะ	bon thanon mi rot yoe	bhon taˇ non mī rot~ yə~	路上有很多車	derived	
ห้างเซ็นทรัล	haang central	hāngˋ sen tal	Central百貨	derived	
โรงแรมอยู่ใกล้BTS	rong raem yuu glai BTS	rōng rɛ̄m yūˋ glaiˋBTS	飯店在BTS附近	engine-auto	
จุฬาใกล้แถวสยาม	chula glai thaeo sayam	juˇ lā glaiˋ tɛ̄uˊ saˇ yāˊ	朱拉在Siam附近	derived	
ช่วยกดชั้น8ให้หน่อย	chuai kot chan 8 hai noi	chūayˋ gotˇ chan~8 haiˋ nɔ̄iˇ	請幫我按8樓	derived	
พวกเราใจตรงกัน	phuak rao jai trong kan	pūakˋ rāu jai drong gan	我們想的一樣 (心意相通)	engine-auto	
เดินข้ามถนน	dern kham thanon	dhə̄n kāmˋ taˇ non	走過馬路	derived	
ถนน	thanon	taˇ non	馬路	derived	
ต้องขี่บนถนน	tong khi bon thanon	dɔ̄ngˋ kīˇ bhon taˇ non	得騎在路上	derived	
พวกเราลงเครื่องบินแล้ว	phuak rao long khrueng bin laew	pūakˋ rāu long krɯ̄angˋ bhin lɛ̄u~	我們下飛機了	engine-auto	
ช่วย กด ชั้น 8 ให้ หน่อย	chuai kot chan 8 hai noi	chūayˋ gotˇ chan~ 8 haiˋ nɔ̄iˇ	請幫我按8樓	derived	
ช่วย กด ชั้น 5 ให้ หน่อย	chuai kot chan 5 hai noi	chūayˋ gotˇ chan~ 5 haiˋ nɔ̄iˇ	請幫我按5樓	derived	
ติด ละคร ไทย	tid lakorn thai	ditˇ la~ kɔ̄n tai	沉迷泰劇	derived	
เพราะ ว่า ติด ละคร ไทย ก็ เลย มา เรียน ภาษา ไทย	phro wa tid lakorn thai ko loi maa rian phasaa thai	prɔ~ wāˋ ditˇ la~ kɔ̄n tai gɔ̄ˋ lə̄i mā rīan pā sāˊ tai	因為沉迷泰劇，所以才來學泰文	derived	
อยู่ แถว ห้วย ขวาง	yuu thaeo huai khwang	yūˋ tɛ̄uˊ hūayˋ kwāngˊ	在匯狂一帶	derived	
ของ ใน ตู้ เย็น ทั้ง หมด กิน ได้ นะ คะ	khong nai tu yen thang mot kin dai na kha	kɔ̄ngˊ nai dūˋ yen tang~ motˇ gin dhaiˋ na~ ka~	冰箱裡的東西全部可以吃	derived	
ทั้ง หมด กิน ได้ นะ คะ	thang mot kin dai na kha	tang~ motˇ gin dhaiˋ na~ ka~	全部可以吃	derived	
หลัง โรงแรม มี ร้าน นวด	lang rong raem mi raan nuat	langˊ rōng rɛ̄m mī rān~ nūatˋ	飯店後面有按摩店	engine-auto	
วันจันทร์ ว่างไหม	wan chan waang mai	wan jan wāngˋ maiˊ	星期一有空嗎？	derived	
วันพฤหัส ว่างไหม	wan pha-rue-hat waang mai	wan prɯ hatˇ wāngˋ maiˊ	星期四有空嗎？	derived	
แล้วจะกลับมาเมื่อไหร่	laew ja klap maa muea-rai	lɛ̄~ jaˇ glapˇ mā mɯ̄aˋ raiˇ	那麼什麼時候要回來？	derived	
วันจันทร์	wan chan	wan jan	星期一	derived	
จันทร์นี้	chan nii	jan nī~	這個星期一 (口語)	derived	
วันจันทร์นี้	wan chan nii	wan jan nī~	這個星期一	derived	
วันพฤหัสบดี	wan pha-rue-hat ba-di	wan prɯ hatˇ bɔ̄ dhī	星期四 (完整)	derived	
พฤหัส	pha-rue-hat	prɯ hatˇ	星期四 (簡稱)	derived	
จันทร์ อังคาร พุธ พฤหัส ศุกร์ เสาร์	chan angkhan phut pha-rue-hat suk sao	jan ang kān put~ prɯ hatˇ sukˇ sāuˊ	一、二、三、四、五、六 (口語)	derived	
วันนี้ วันจันทร์	wan-ni wan chan	wan nī~ wan jan	今天是星期一	derived	
วันนี้ วันพฤหัสบดี	wan-ni wan pha-rue-hat ba-di	wan nī~ wan prɯ hatˇ bɔ̄ dhī	今天是星期四 (完整)	derived	
วันนี้ วันพฤหัส	wan-ni wan pha-rue-hat	wan nī~ wan prɯ hatˇ	今天是星期四 (簡稱)	derived	
วันจันทร์ สีเหลือง	wan chan si lueang	wan jan sīˊ lɯ̄angˊ	星期一黃色	derived	
วันอังคาร สีชมพู	wan angkhan si chomphu	wan ang kān sīˊ chom pū	星期二粉紅色	derived	
วันพฤหัส สีส้ม	wan pha-rue-hat si som	wan prɯ hatˇ sīˊ somˋ	星期四橘色	derived	
วันเสาร์ สีม่วง	wan sao si muang	wan sāuˊ sīˊ mūangˋ	星期六紫色	engine-auto	
จันทร์ ถึง ศุกร์	chan thueng suk	jan tɯngˊ sukˇ	週一到週五	derived	
วัน จันทร์ ถึง วัน ศุกร์	wan chan thueng wan suk	wan jan tɯngˊ wan sukˇ	週一到週五 (完整)	derived	
สวัสดี ปี ใหม่	sawasdi pii mai	saˇ watˇ dhī bī maiˇ	新年快樂	derived	
มกราคม	makkara khom	mok~ rā kom	一月 (名稱)	derived	
เดือน มกราคม	duean makkara khom	dhɯ̄an mok~ rā kom	一月份	derived	
มีนาคม	mi na khom	mī nā kom	三月 (名稱)	derived	
เมษายน	me sa yon	mē sāˊ yon	四月 (名稱)	derived	
พฤษภาคม	phruet sa pha khom	prɯt~ pā kom	五月 (名稱)	derived	
มิถุนายน	mi thu na yon	mi~ tuˇ nā yon	六月 (名稱)	derived	
กรกฎาคม	kara kada khom	gaˇ ra~ dā kom	七月 (名稱)	derived	
สิงหาคม	sing ha khom	singˊ hāˊ kom	八月 (名稱)	derived	
กันยายน	kan ya yon	gan yā yon	九月 (名稱)	derived	
ตุลาคม	tu la khom	duˇ lā kom	十月 (名稱)	derived	
พฤศจิกายน	phruet sa ji ka yon	prɯt~ jiˇ gā yon	十一月 (名稱)	derived	
ธันวาคม	than wa khom	tan wā kom	十二月 (名稱)	derived	
คม	khom	kom	(大月結尾)	derived	
ยน	yon	yon	(小月結尾)	derived	
มกรา	makkaraa	mok~ rā	一月 (口語)	derived	
พฤษภา	phrue sa phaa	prɯt~ pā	五月 (口語)	derived	
กรกฎา	karakadaa	gaˇ ra~ dā	七月 (口語)	derived	
สวัสดี ค่ะ	sawasdi kha	saˇ watˇ dhī kaˋ	再見 (女)	derived	
วันจันทร์	wan jan	wan jan	星期一	derived	
วันจันทร์ สีเหลือง	wan jan see lueng	wan jan sīˊ lɯ̄angˊ	星期一 黃色	derived	
วันอังคาร สีชมพู	wan angkhan see chomphoo	wan ang kān sīˊ chom pū	星期二 粉紅色	derived	
วันพฤหัสบดี	wan pha rue hat sa bo dee	wan prɯ hatˇ bɔ̄ dhī	星期四	derived	
พฤหัส สีส้ม	pha rue hat see som	prɯ hatˇ sīˊ somˋ	星期四 橘色	derived	
พฤหัส	pha rue hat	prɯ hatˇ	星期四 (簡稱)	derived	
วันเสาร์ สีม่วง	wan sao see muang	wan sāuˊ sīˊ mūangˋ	星期六 紫色	engine-auto	
พวกเขา ถึงไต้หวัน วันอะไร	phuak kao thueng taiwan wan arai	pūakˋ kāuˊ tɯngˊ daiˋ wanˊ wan aˇ rai	他們星期幾到台灣	engine-auto	
พวกเขา ถึงไต้หวัน วันพุธ	phuak kao thueng taiwan wan pood	pūakˋ kāuˊ tɯngˊ daiˋ wanˊ wan put~	他們星期三到台灣	engine-auto	
ไม่ชอบวันจันทร์	mai chob wan jan	maiˋ chɔ̄pˋ wan jan	不喜歡星期一	derived	
ทำไมไม่ชอบวันจันทร์	thammai mai chob wan jan	tam mai maiˋ chɔ̄pˋ wan jan	為什麼不喜歡星期一	derived	
เพราะว่า วันจันทร์ ต้องทำงาน	phraw wa wan jan tong tham ngan	prɔ~ wāˋ wan jan dɔ̄ngˋ tam ngān	因為星期一要上班	derived	
วันพฤหัส ไปข้างนอกกับแฟน	wan pha rue hat bpai khang nok gap faen	wan prɯ hatˇ bai kāngˋ nɔ̄kˋ gapˇ fɛ̄n	星期四要跟女朋友去外面	derived	
วันพฤหัส ต้องไปว่ายน้ำ	wan pha rue hat tong bpai wai nam	wan prɯ hatˇ dɔ̄ngˋ bai wāiˋ nām~	星期四得去游泳	derived	
วันศุกร์ กินข้าวกับเพื่อนร่วมงาน	wan sook kin khao gap phuean ruam ngan	wan sukˇ gin kāuˋ gapˇ pɯ̄anˋ rūamˋ ngān	星期五跟同事吃飯	engine-auto	
อยู่บ้าน ดูละคร	yuu baan du lakorn	yūˋ bhānˋ dhū la~ kɔ̄n	在家看劇	derived	
วันเสาร์ อยู่บ้าน ดูละคร	wan sao yuu baan du lakorn	wan sāuˊ yūˋ bhānˋ dhū la~ kɔ̄n	星期六在家看劇	derived	
สวัสดีปีใหม่	sawasdee pee mai	saˇ watˇ dhī bī maiˇ	新年快樂	derived	
พวกเรา ไปดูหนังกัน	phuak rao bpai du nang gan	pūakˋ rāu bai dhū nangˊ gan	我們去看電影吧	engine-auto	
อาทิตย์นี้ ว่างวันไหน พวกเรา ไปดูหนังกัน	atit nee wang wan nai phuak rao bpai du nang gan	ā tit~ nī~ wāngˋ wan naiˊ pūakˋ rāu bai dhū nangˊ gan	這個星期哪天有空？我們去看電影吧	engine-auto	
เดือนมกราคม	duean mokkara khom	dhɯ̄an mok~ rā kom	一月	derived	
มกรา เจอกัน	mokkara joe gan	mok~ rā jə̄ gan	一月見面	derived	
เดือนมีนาคม	duean mee na khom	dhɯ̄an mī nā kom	三月	derived	
เดือนเมษายน	duean may sa yon	dhɯ̄an mē sāˊ yon	四月	derived	
เดือนพฤษภาคม	duean phruet sa phakhom	dhɯ̄an prɯt~ pā kom	五月	derived	
เดือนมิถุนายน	duean mi thu na yon	dhɯ̄an mi~ tuˇ nā yon	六月	derived	
เดือนกรกฎาคม	duean ka ra ga da khom	dhɯ̄an gaˇ ra~ dā kom	七月	derived	
เดือนสิงหาคม	duean sing ha khom	dhɯ̄an singˊ hāˊ kom	八月	derived	
เดือนกันยายน	duean gan ya yon	dhɯ̄an gan yā yon	九月	derived	
เดือนตุลาคม	duean tu la khom	dhɯ̄an duˇ lā kom	十月	derived	
เดือนพฤศจิกายน	duean phruet sa chi ka yon	dhɯ̄an prɯt~ jiˇ gā yon	十一月	derived	
เดือนธันวาคม	duean than wa khom	dhɯ̄an tan wā kom	十二月	derived	
เดือนเมษายน ร้อนที่สุด	duean may sa yon ron tee soot	dhɯ̄an mē sāˊ yon rɔ̄n~ tīˋ sutˇ	四月最熱	derived	
เดือนธันวาคม หนาวไหม	duean than wa khom nao mai	dhɯ̄an tan wā kom nāuˊ maiˊ	十二月很冷嗎？	derived	
ที่ไต้หวัน เดือนธันวาคม หนาวไหม	tee taiwan duean than wa khom nao mai	tīˋ daiˋ wanˊ dhɯ̄an tan wā kom nāuˊ maiˊ	在台灣十二月冷嗎？	derived	
เมื่อวาน ฝนตก	muea wan fon tok	mɯ̄aˋ wān fonˊ dokˇ	昨天 下雨	derived	
วันจันทร์นี้	wan jan nee	wan jan nī~	這個星期一	derived	
วันจันทร์ ที่แล้ว	wan jan tee laew	wan jan tīˋ lɛ̄u~	上個星期一	derived	
วันจันทร์ หน้า	wan jan naa	wan jan nāˋ	下個星期一	derived	
ชาติ	chat	chātˋ	輩子/ชาติ	derived	
ชาติ ที่แล้ว	chat tee laew	chātˋ tīˋ lɛ̄u~	上輩子	derived	
ชาติ ที่แล้ว เป็นอะไร	chat tee laew pen arai	chātˋ tīˋ lɛ̄u~ ben aˇ rai	上輩子 是什麼	derived	
ชาติ ที่แล้ว เป็นคนไทย	chat tee laew pen khon thai	chātˋ tīˋ lɛ̄u~ ben kon tai	上輩子 是泰國人	derived	
ชาติ ที่แล้ว เป็นคนไทย ชาตินี้ ก็เลย มาเรียนภาษาไทย	chat tee laew pen khon thai chat nee go loei ma rian phasa thai	chātˋ tīˋ lɛ̄u~ ben kon tai chātˋ nī~ gɔ̄ˋ lə̄i mā rīan pā sāˊ tai	上輩子是泰國人，這輩子才來學泰文	derived	
ชาติหน้า	chat naa	chātˋ nāˋ	下輩子	derived	
อาหารเช้า กินก๋วยเตี๋ยว	ahan chao kin kuay tiao	ā hānˊ chāu~ gin gūayˊ dīauˊ	早餐 吃粿條	derived	
ต้นเดือน	ton duean	donˋ dhɯ̄an	月初	derived	
ต้น	ton	donˋ	初/開始	derived	
ต้นปี	ton pee	donˋ bī	年初	derived	
ต้นปี เย็นสบาย	ton pee yen sabai	donˋ bī yen saˇ bhāi	年初 涼爽舒服	derived	
ต้นทาง	ton thang	donˋ tāng	起點	derived	
ต้องไปหาหมอทุก ๆ 2 เดือน	tong bpai haa maw tuk song duean	dɔ̄ngˋ bai hāˊ mɔ̄ˊ tuk~ tuk~ 2 dhɯ̄an	每兩個月得去看醫生	engine-auto	
คิดถึงเธอทุกลมหายใจ	kit teung ter tuk lom hai jai	kit~ tɯngˊ tə̄ tuk~ lom hāiˊ jai	想你（的）每一次呼吸	derived	
ลม	lom	lom	氣 (風)	derived	
ลมหายใจ	lom hai jai	lom hāiˊ jai	呼吸 (的氣)	derived	
เอาอย่างละขวด	ao yang la khuad	au yāngˋ la~ kūatˇ	各來一瓶	derived	
ผลไม้	phon la mai	ponˊ mai~	水果	derived	
มีผลไม้หลายอย่าง	mee phon la mai lai yang	mī ponˊ mai~ lāiˊ yāngˋ	有很多種水果	derived	
ครั้งที่5	khrang thi 5	krang~ tīˋ5	第五堂	engine-auto	
เมื่อวานอยู่สนามบิน	muea waan yuu sanam bin	mɯ̄aˋ wān yūˋ saˇ nām bhin	昨天在機場	derived	
เมื่อคืนฝนตกหนัก	muea khuen fon tok nak	mɯ̄aˋ kɯ̄n fonˊ dokˇ nakˇ	昨晚下大雨	derived	
ฝนตกหนัก	fon tok nak	fonˊ dokˇ nakˇ	下大雨	derived	
ลดราคา	lot raa kha	lot~ rā kā	打折 / 降價	derived	
ลดหน่อยได้ไหม	lot noi dai mai	lot~ nɔ̄iˇ dhaiˋ maiˊ	可以便宜一點嗎？	derived	
คืนนี้Shopeeลดราคา	khuen nii Shopee lot raa kha	kɯ̄n nī~Shopee lot~ rā kā	今晚蝦皮打折	derived	
วันจันทร์ที่แล้ว	wan chan thi laeo	wan jan tīˋ lɛ̄u~	上週一	derived	
วันพฤหัสที่แล้ว	wan pharuehat thi laeo	wan prɯ hatˇ tīˋ lɛ̄u~	上週四	derived	
ชาติหน้าขอให้ผมมีเงินเยอะๆ	chat naa kho hai pom mii ngern yoe yoe	chātˋ nāˋ kɔ̄ˊ haiˋ pomˊ mī ngə̄n yə~ yə~	下輩子，請讓我有很多錢	derived	
ตอนบ่ายนอน30นาที	ton bai non 30 nati	dɔ̄n bhāiˇ nɔ̄n30 nā tī	下午睡覺30分鐘	engine-auto	
ตอนบ่ายถ้าว่างก็จะนอน30นาที	ton bai tha wang ko ja non 30 nati	dɔ̄n bhāiˇ tāˋ wāngˋ gɔ̄ˋ jaˇ nɔ̄n30 nā tī	下午如果有空就會睡30分鐘	engine-auto	
ก๋วยเตี๋ยว	kuay tiao	gūayˊ dīauˊ	粿條 (麵)	derived	
ก๋วยเตี๋ยวน้ำ	kuay tiao nam	gūayˊ dīauˊ nām~	粿條湯	derived	
อาหารกลางวันกินข้างบริษัท	ahan klang wan kin khang borisat	ā hānˊ glāng wan gin kāngˋ bhɔ̄ ri~ satˇ	午餐在公司旁邊吃	derived	
ต้นเดือน	ton duean	donˋ dhɯ̄an	月初	derived	
ต้นเดือนรับเงินเดือน	ton duean rap ngern duean	donˋ dhɯ̄an rap~ ngə̄n dhɯ̄an	月初領薪水	derived	
ต้นเดือนกินข้าวข้างนอก	ton duean kin khao khang nok	donˋ dhɯ̄an gin kāuˋ kāngˋ nɔ̄kˋ	月初在外面吃飯	derived	
บางคนชอบสีชมพู	bang khon chop si chompuh	bhāng kon chɔ̄pˋ sīˊ chom pū	有些人喜歡粉紅色	derived	
ผลไม้	phon la mai	ponˊ mai~	水果	derived	
มีผลไม้หลายอย่าง	mii phon la mai lai yang	mī ponˊ mai~ lāiˊ yāngˋ	有好幾樣水果	derived	
ฝนตกทั้งวัน	fon tok thang wan	fonˊ dokˇ tang~ wan	整天都下雨	derived	
ดูละครไทยทั้งคืน	du lakorn thai thang khuen	dhū la~ kɔ̄n tai tang~ kɯ̄n	看泰劇整夜	derived	
ครึ่งขวด	krueng khuat	krɯngˋ kūatˇ	半瓶	derived	
ประมาณ16คน	praman 16 khon	braˇ mān16 kon	大約 16 個人	engine-auto	
12โมง	sip song mong	12 mōng	12點	engine-auto	
6:00เช้า	6:00 chao	6:00 chāu~	早上六點	engine-auto	
7:00เช้า	7:00 chao	7:00 chāu~	早上七點	engine-auto	
8:00เช้า	8:00 chao	8:00 chāu~	早上八點	engine-auto	
9:00เช้า	9:00 chao	9:00 chāu~	早上九點	engine-auto	
10:00เช้า	10:00 chao	10:00 chāu~	早上十點	engine-auto	
พรุ่งนี้เจอกัน7:00เช้า	phrung nii jer kan 7:00 chao	prungˋ nī~ jə̄ gan7:00 chāu~	明天早上七點見	engine-auto	
พรุ่งนี้เจอกัน8:00เช้า	phrung nii jer kan 8:00 chao	prungˋ nī~ jə̄ gan8:00 chāu~	明天早上八點見	engine-auto	
6:00เช้าถึง10:00เช้า	6:00 chao thueng 10:00 chao	6:00 chāu~ tɯngˊ10:00 chāu~	早上六點到十點	engine-auto	
6:00ถึง10:00	6:00 thueng 10:00	6:00 tɯngˊ10:00	六點到十點	engine-auto	
บ่าย1:00โมง	bai 1:00 mong	bhāiˇ1:00 mōng	下午一點	engine-auto	
2:00โมง	2:00 mong	2:00 mōng	下午兩點	engine-auto	
3:00โมง	3:00 mong	3:00 mōng	下午三點	engine-auto	
4:00เย็น	4:00 yen	4:00 yen	下午四點	engine-auto	
5:00เย็น	5:00 yen	5:00 yen	下午五點	engine-auto	
รถออก1:00โมง	rot ok 1:00 mong	rot~ ɔ̄kˇ1:00 mōng	下午一點開	engine-auto	
รถออก3:00โมง	rot ok 3:00 mong	rot~ ɔ̄kˇ3:00 mōng	車子下午三點開	engine-auto	
รถถึง6:00เย็น	rot thueng 6:00 yen	rot~ tɯngˊ6:00 yen	車子下午六點抵達	engine-auto	
6:00เย็น	6:00 yen	6:00 yen	晚上六點	engine-auto	
1:00ทุ่ม	1:00 thum	1:00 tumˋ	晚上七點 (19:00)	engine-auto	
2:00ทุ่ม	2:00 thum	2:00 tumˋ	晚上八點 (20:00)	engine-auto	
3:00ทุ่ม	3:00 thum	3:00 tumˋ	晚上九點 (21:00)	engine-auto	
4:00ทุ่ม	4:00 thum	4:00 tumˋ	晚上十點 (22:00)	engine-auto	
5:00ทุ่ม	5:00 thum	5:00 tumˋ	晚上十一點 (23:00)	engine-auto	
จองนวดกี่โมง	jong nuat gi mong	jɔ̄ng nūatˋ gīˇ mōng	預約按摩幾點	engine-auto	
จองนวด1:00ทุ่ม	jong nuat 1:00 thum	jɔ̄ng nūatˋ1:00 tumˋ	預約按摩七點	engine-auto	
จองนวด3:00ทุ่ม	jong nuat 3:00 thum	jɔ̄ng nūatˋ3:00 tumˋ	預約按摩九點	engine-auto	
เมื่อคืนกลับบ้าน1:00ทุ่ม	muea khuen glap ban 1:00 thum	mɯ̄aˋ kɯ̄n glapˇ bhānˋ1:00 tumˋ	昨晚七點回家	engine-auto	
เมื่อคืนนี้กลับบ้าน5:00ทุ่มครึ่ง	muea khuen nii glap ban 5:00 thum krueng	mɯ̄aˋ kɯ̄n nī~ glapˇ bhānˋ5:00 tumˋ krɯngˋ	昨晚十一點半回家	engine-auto	
เครื่องบินออก1:00	khrueng bin ok 1:00	krɯ̄angˋ bhin ɔ̄kˇ1:00	飛機凌晨一點起飛	engine-auto	
เครื่องบินออก4:00	khrueng bin ok 4:00	krɯ̄angˋ bhin ɔ̄kˇ4:00	飛機凌晨四點起飛	engine-auto	
เครื่องบินลง5:00	khrueng bin long 5:00	krɯ̄angˋ bhin long5:00	飛機凌晨五點降落	engine-auto	
เครื่องบินลง6:00เช้า	khrueng bin long 6:00 chao	krɯ̄angˋ bhin long6:00 chāu~	飛機早上六點降落	engine-auto	
11:36นาที	11:36 nati	11:36 nā tī	十一點三十六分	engine-auto	
11:00นาฬิกา36นาที	11:00 nalika 36 nati	11:00 nā li~ gā36 nā tī	十一點三十六分	engine-auto	
11:00นาฬิกา36นาที	11:00 nalika 36 nati	11:00 nā li~ gā36 nā tī	十一點三十六分	engine-auto	
6:42นาที	6:42 nati	6:42 nā tī	六點四十二分	engine-auto	
18:00นาฬิกา42นาที	18:00 nalika 42 nati	18:00 nā li~ gā42 nā tī	18:42	engine-auto	
21:00นาฬิกา19นาที	21:00 nalika 19 nati	21:00 nā li~ gā19 nā tī	21:19	engine-auto	
อยู่เมืองไทย2ปีครึ่ง	yuu mueang thai 2 pii krueng	yūˋ mɯ̄ang tai2 bī krɯngˋ	住在泰國兩年半	engine-auto	
ประมาณบ่าย4-5โมง	praman bai 4-5 mong	braˇ mān bhāiˇ4-5 mōng	大約下午四五點	engine-auto	
ประมาณ12คน	praman 12 khon	braˇ mān12 kon	大約十二個人	engine-auto	
ร้านปิดประมาณ3:00ทุ่ม	ran pit praman 3:00 thum	rān~ bitˇ braˇ mān3:00 tumˋ	商店大約九點關門	engine-auto	
ประมาณ5-6ล้าน	praman 5-6 lan	braˇ mān5-6 lān~	大約五六百萬	engine-auto	
ประมาณ5-6ล้านก็ซื้อได้แล้ว	praman 5-6 lan ko sue dai laeo	braˇ mān5-6 lān~ gɔ̄ˋ sɯ̄~ dhaiˋ lɛ̄u~	大約五六百萬就買得到了	engine-auto	
เกือบ3:00	kueap 3:00	gɯ̄apˇ3:00	幾乎凌晨三點了	engine-auto	
เกือบ3:00ทำไมไม่นอน	kueap 3:00 thammai mai non	gɯ̄apˇ3:00 tam mai maiˋ nɔ̄n	幾乎凌晨三點了，為什麼不睡覺呢	engine-auto	
เกือบ9:00เช้าแล้ว	kueap 9:00 chao laeo	gɯ̄apˇ9:00 chāu~ lɛ̄u~	幾乎早上九點了	engine-auto	
เกือบ2:30โมงครึ่ง	kueap 2:30 mong krueng	gɯ̄apˇ2:30 mōng krɯngˋ	幾乎下午兩點半了	engine-auto	
เกือบ5:00ทุ่มแล้ว	kueap 5:00 thum laeo	gɯ̄apˇ5:00 tumˋ lɛ̄u~	幾乎十一點了	engine-auto	
ฝนตกทั้งวัน	fon tok thang wan	fonˊ dokˇ tang~ wan	整天都下雨	derived	
ปวดท้องทั้งคืน	puat thong thang khuen	būatˇ tɔ̄ng~ tang~ kɯ̄n	整晚肚子痛	engine-auto	
ผลไม้	phon la mai	ponˊ mai~	水果	derived	
มีผลไม้หลายอย่าง	mii phon la mai lai yang	mī ponˊ mai~ lāiˊ yāngˋ	有很多種水果	derived	
มะม่วง	ma muang	ma~ mūangˋ	芒果	engine-auto	
ข้าวเหนียวมะม่วง	khao niaw ma muang	kāuˋ nīauˊ ma~ mūangˋ	芒果糯米飯	engine-auto	
มะม่วงน้ำปลาหวาน	ma muang nam pla wan	ma~ mūangˋ nām~ blā wānˊ	芒果魚露醬	engine-auto	
สับปะรด	sapparot	sapˇ baˇ rot~	鳳梨	derived	
ชอบกินสับปะรดหรือเปล่า	chop kin sapparot rue plao	chɔ̄pˋ gin sapˇ baˇ rot~ rɯ̄ˊ blāuˇ	喜歡吃鳳梨嗎	derived	
น้ำสับปะรด	nam sapparot	nām~ sapˇ baˇ rot~	鳳梨汁	derived	
ข้าวผัดสับปะรด	khao phat sapparot	kāuˋ patˇ sapˇ baˇ rot~	鳳梨炒飯	derived	
น้ำส้มคั้น2แก้ว	nam som khan 2 kaew	nām~ somˋ kan~2 gɛ̄uˋ	兩杯鮮榨橙汁	engine-auto	
องุ่น	angun	aˇ ngunˋ	葡萄	derived	
องุ่นสีม่วง	angun si muang	aˇ ngunˋ sīˊ mūangˋ	紫色葡萄	derived	
เหล้าองุ่น	lao angun	lāuˋ aˇ ngunˋ	葡萄酒	derived	
ชอบกินเหล้าองุ่นไหมคะ	chop kin lao angun mai kha	chɔ̄pˋ gin lāuˋ aˇ ngunˋ maiˊ ka~	喜歡喝葡萄酒嗎	derived	
น้ำองุ่น	nam angun	nām~ aˇ ngunˋ	葡萄汁	derived	
ฝรั่ง	farang	faˇ rangˋ	芭樂	derived	
ฝรั่งมี2อย่าง	farang mii 2 yang	faˇ rangˋ mī2 yāngˋ	芭樂有兩種意思	derived	
ฝรั่งกินฝรั่ง	farang kin farang	faˇ rangˋ gin faˇ rangˋ	芭樂吃芭樂	derived	
ชมพู่	chomphu	chom pūˋ	蓮霧	derived	
ชมพู่สีชมพู	chomphu si chomphu	chom pūˋ sīˊ chom pū	粉紅色蓮霧	derived	
มังคุดสีม่วง	mangkut si muang	mang kut~ sīˊ mūangˋ	紫色山竹	engine-auto	
มะม่วงอบแห้ง	ma muang op haeng	ma~ mūangˋ opˇ hɛ̄ngˋ	烤乾芒果	engine-auto	
ขนุน	khanun	kaˇ nun	菠蘿蜜	derived	
ขนุนอบแห้ง	khanun op haeng	kaˇ nun opˇ hɛ̄ngˋ	烤乾菠蘿蜜	derived	
เงาะ	ngo	ngɔ~	紅毛丹	engine-auto	
เงาะกระป๋อง	ngo krapong	ngɔ~ graˇ bɔ̄ngˊ	罐裝紅毛丹	engine-auto	
แก้วมังกร	kaew mangkon	gɛ̄uˋ mang gɔ̄n	火龍果	derived	
มังกร	mangkon	mang gɔ̄n	龍	derived	
กุ้งมังกร	kung mangkon	gungˋ mang gɔ̄n	龍蝦	derived	
สตรอว์เบอร์รี่	strawberry	saˇ rɔ̄ bhə̄ rīˋ	草莓	derived	
มะยงชิด	ma yong chit	ma~ yong chit~	蠟黃皮/黃色山竹果	derived	
มะม่วงกวน	ma muang kuan	ma~ mūangˋ gūan	芒果乾	derived	
ผลไม้	phonlamai	ponˊ mai~	水果	derived	
ชอบกินผลไม้อะไร	chop kin phonlamai arai	chɔ̄pˋ gin ponˊ mai~ aˇ rai	喜歡吃什麼水果？	derived	
ชอบกินผลไม้อะไรที่สุด	chop kin phonlamai arai thi sut	chɔ̄pˋ gin ponˊ mai~ aˇ rai tīˋ sutˇ	最喜歡吃什麼水果？	derived	
ชอบกินมะม่วงที่สุด	chop kin mamuang thi sut	chɔ̄pˋ gin ma~ mūangˋ tīˋ sutˇ	最喜歡吃芒果	engine-auto	
พวกคุณชอบกินผลไม้อะไรที่สุด	phuak khun chop kin phonlamai arai thi sut	pūakˋ kun chɔ̄pˋ gin ponˊ mai~ aˇ rai tīˋ sutˇ	你們最喜歡吃什麼水果？	derived	
ข้าวเหนียวมะม่วง	khao niao mamuang	kāuˋ nīauˊ ma~ mūangˋ	芒果糯米	engine-auto	
ข้าวเหนียวมะม่วงอร่อย	khao niao mamuang aroi	kāuˋ nīauˊ ma~ mūangˋ aˇ rɔ̄iˋ	芒果糯米很好吃	engine-auto	
ยิ่งกินยิ่งอ้วน	ying kin ying uan	yingˋ gin yingˋ ūanˋ	越吃越胖	engine-auto	
เอาน้ํามะนาว1แก้ว	ao nam manao nueng kaew	au nam~ ma~ nāu1 gɛ̄uˋ	我要一杯檸檬汁	engine-auto	
ชิ้นละ10บาท	chin la sip baht	chin~ la~10 bhātˇ	一塊十泰銖	engine-auto	
สับปะรด	sapparot	sapˇ baˇ rot~	鳳梨	derived	
สับปะรดลูกเล็ก	sapparot luk lek	sapˇ baˇ rot~ lūkˋ lek~	小顆的鳳梨	derived	
สับปะรดลูกเล็กแต่หวาน	sapparot luk lek tae wan	sapˇ baˇ rot~ lūkˋ lek~ dɛ̄ˇ wānˊ	小顆的鳳梨但是很甜	derived	
สับปะรดถุงละเท่าไหร่	sapparot thung la thao rai	sapˇ baˇ rot~ tungˊ la~ tāuˋ raiˇ	一袋鳳梨多少錢？	derived	
เมื่อวานผมกินน้ําส้มคั้นหลายขวด	muea wan phom kin nam som khan lai khuad	mɯ̄aˋ wān pomˊ gin nam~ somˋ kan~ lāiˊ kūatˇ	昨天我喝了好幾瓶現榨橘子汁	derived	
องุ่น	ongun	aˇ ngunˋ	葡萄	derived	
คุณชอบกินองุ่นสีอะไร	khun chop kin ongun si arai	kun chɔ̄pˋ gin aˇ ngunˋ sīˊ aˇ rai	你喜歡吃什麼顏色的葡萄？	derived	
ฝรั่ง	farang	faˇ rangˋ	芭樂/番石榴	derived	
ฝรั่งกิโลละเท่าไหร่	farang kilo la thao rai	faˇ rangˋ giˇ lō la~ tāuˋ raiˇ	芭樂一公斤多少錢？	derived	
ฝรั่ง	farang	faˇ rangˋ	外國人	derived	
ฝรั่งชอบไปเที่ยววัดพระแก้ว	farang chop pai thiao wat phra kae-o	faˇ rangˋ chɔ̄pˋ bai tīauˋ wat~ pra~ gɛ̄uˋ	外國人喜歡去玉佛寺觀光	derived	
ชมพู่	chomphu	chom pūˋ	蓮霧	derived	
ชมพู่สีเขียวหวานกว่า	chomphu si khiao wan kwa	chom pūˋ sīˊ kīauˊ wānˊ gwāˇ	綠色蓮霧比較甜	derived	
ทุกปีทุเรียนไทยส่งออกประมาณแสนล้านบาท	thuk pi thurian thai song ok praman saen lan baht	tuk~ bī tu~ rīan tai songˇ ɔ̄kˇ braˇ mān sɛ̄nˊ lān~ bhātˇ	每年泰國榴槤出口約十億泰銖。	derived	
ขนุน	khanun	kaˇ nun	波羅蜜	derived	
ภาคใต้ของไต้หวันก็มีขนุน	phak tai khong taiwan ko mi khanun	pākˋ daiˋ kɔ̄ngˊ daiˋ wanˊ gɔ̄ˋ mī kaˇ nun	臺灣南部也有波羅蜜。	derived	
เงาะ	ngo	ngɔ~	紅毛丹	engine-auto	
เสียดายไต้หวันไม่มีเงาะขาย	sia dai taiwan mai mi ngo khai	sīaˊ dhāi daiˋ wanˊ maiˋ mī ngɔ~ kāiˊ	可惜臺灣沒有紅毛丹販售。	engine-auto	
แก้วมังกร	kaeo mangkon	gɛ̄uˋ mang gɔ̄n	火龍果	derived	
เขาเกิดปีมังกร	khao koet pi mangkon	kāuˊ gə̄tˇ bī mang gɔ̄n	他是屬龍的	derived	
กุ้งมังกรตัวใหญ่แพงไหม	kung mangkon tua yai phaeng mai	gungˋ mang gɔ̄n dūa yaiˇ pɛ̄ng maiˊ	大隻龍蝦貴嗎？	derived	
ขนุนอบแห้ง	khanun op haeng	kaˇ nun opˇ hɛ̄ngˋ	波羅蜜乾	derived	
มะม่วงอบแห้ง	mamuang op haeng	ma~ mūangˋ opˇ hɛ̄ngˋ	芒果乾	engine-auto	
ถนนสายนี้	thanon sai ni	taˇ non sāiˊ nī~	這條馬路	derived	
ถนนสายนี้ยาวมาก	thanon sai ni yao mak	taˇ non sāiˊ nī~ yāu mākˋ	這條馬路很長	derived	
ต้นไม้	ton mai	donˋ mai~	樹	derived	
ต้นไม้	ton mai	donˋ mai~	樹木	derived	
สองข้างทางมีต้นไม้เยอะ	song khang thang mi ton mai yoe	sɔ̄ngˊ kāngˋ tāng mī donˋ mai~ yə~	兩邊有很多樹	derived	
วันลอยกระทง	wan loi krathong	wan lɔ̄i graˇ tong	水燈節	derived	
กระทง	krathong	graˇ tong	水燈	derived	
ใช้ใบตองทำกระทง	chai bai tong tham krathong	chai~ bhai dɔ̄ng tam graˇ tong	使用香蕉葉做水燈	derived	
เปลือกสับปะรด	plueak sapparot	blɯ̄akˇ sapˇ baˇ rot~	鳳梨皮	derived	
ต้นมะพร้าว	ton maphrao	donˋ ma~ prāu~	椰子樹	derived	
ต้นมะม่วง	ton mamuang	donˋ ma~ mūangˋ	芒果樹	derived	
ต้นมะละกอ	ton malako	donˋ ma~ la~ gɔ̄	木瓜樹	derived	
ต้นกล้วย	ton kluai	donˋ glūayˋ	香蕉樹	derived	
ต้นนี้ต้นอะไร	ton ni ton arai	donˋ nī~ donˋ aˇ rai	這是什麼樹	derived	
สังขยาใบเตย	sangkaya bai toei	sangˊ kaˇ yāˊ bhai də̄i	香蘭葉醬	derived	
ปลูกต้นไม้	pluk ton mai	blūkˇ donˋ mai~	種樹	derived	
เมล็ดแตงโม	malet taeng mo	ma~ let~ dɛ̄ng mō	西瓜籽	derived	
เมล็ดองุ่น	malet ongun	ma~ let~ aˇ ngunˋ	葡萄籽	derived	
ไม่มีเมล็ด	mai mi malet	maiˋ mī ma~ let~	沒有籽	derived	
เมล็ดกาแฟ	malet kafae	ma~ let~ gā fɛ̄	咖啡豆	derived	
มะม่วงปั่น	mamuang pan	ma~ mūangˋ banˇ	芒果冰沙	engine-auto	
สับปะรดปั่น	sapparot pan	sapˇ baˇ rot~ banˇ	鳳梨冰沙	derived	
ทั้งหมด	thang mot	tang~ motˇ	全部	derived	
มีสวนลำไย	mi suan lamyai	mī sūanˊ lam yai	有龍眼園	engine-auto	
สวน	suan	sūanˊ	果園/菜園	engine-auto	
มีสวนลำไยเยอะ	mi suan lamyai yoe	mī sūanˊ lam yai yə~	有很多龍眼園	engine-auto	
มีสวนลิ้นจี่เยอะ	mi suan linji yoe	mī sūanˊ lin~ jīˇ yə~	有很多荔枝園	engine-auto	
เกาะ	ko	gɔˇ	龜	engine-auto	
เกาะสมุย	ko samui	gɔˇ saˇ mui	蘇美島	derived	
เกาะสมุยอยู่ภาคใต้	ko samui yu phak tai	gɔˇ saˇ mui yūˋ pākˋ daiˋ	蘇美島位於南部	derived	
สี่จังหวัดภาคใต้มีมุสลิมเยอะ	si changwat phak tai mi muslim yoe	sīˇ jang watˇ pākˋ daiˋ mī mu~ saˇ lim yə~	南部有四個府有很多穆斯林	derived	
มุสลิม	muslim	mu~ saˇ lim	穆斯林	derived	
จังหวัดสงขลา	changwat songkhla	jang watˇ songˊ klāˊ	宋卡府	derived	
อยุธยา	ayutthaya	aˇ yu~ ta~ yā	大城	derived	
อยุธยาอยู่ภาคกลาง	ayutthaya yu phak klang	aˇ yu~ ta~ yā yūˋ pākˋ glāng	大城位於中部	derived	
เกาะช้าง	ko chang	gɔˇ chāng~	象島	engine-auto	
ชลบุรี	chonburi	chon bhuˇ rī	春武里府	derived	
ส่วนใหญ่	suan yai	sūanˇ yaiˇ	大部分	engine-auto	
คนไทยส่วนใหญ่	khon thai suan yai	kon tai sūanˇ yaiˇ	泰國人大部分	engine-auto	
ชาวพุทธ	chao phut	chāu put~	佛教徒	derived	
คนไทยส่วนใหญ่เป็นชาวพุทธ	khon thai suan yai pen chao phut	kon tai sūanˇ yaiˇ ben chāu put~	泰國人大部分是佛教徒	derived	
ส่วนใหญ่ทำอะไร	suan yai tham arai	sūanˇ yaiˇ tam aˇ rai	大部分做什麼	engine-auto	
ส่วนใหญ่ไปไหน	suan yai pai nai	sūanˇ yaiˇ bai naiˊ	大部分要去哪裡	engine-auto	
ทำงานบริษัทเดียวกัน	thamngan borisat diaokan	tam ngān bhɔ̄ ri~ satˇ dhīau gan	在同一家公司工作	derived	
ในตู้เย็นมีน้ำสองขวด	nai dtoo yen mee naam sawng kuat	nai dūˋ yen mī nām~ sɔ̄ngˊ kūatˇ	冰箱裡有兩瓶水	derived	
ร้านนวดอยู่ข้างๆ เซเว่น	raan nuat yoo kaang kaang say wen	rān~ nūatˋ yūˋ kāngˋ kāngˋ sē wēnˋ	按摩店在 7-11 旁邊	engine-auto	
ในตู้เย็นมีน้ำสองขวด	nai dtoo yen mee naam sawng kuat	nai dūˋ yen mī nām~ sɔ̄ngˊ kūatˇ	冰箱裡有兩瓶水	derived	
ร้านนวดอยู่ข้างๆ เซเว่น	raan nuat yoo kaang kaang say wen	rān~ nūatˋ yūˋ kāngˋ kāngˋ sē wēnˋ	按摩店在 7-11 旁邊	engine-auto	
ภาคกลางมีทั้งหมด 21 จังหวัด	paak glaang mee tang mot yee sip et jang wat	pākˋ glāng mī tang~ motˇ 21 jang watˇ	中部總共有 21 個府	derived	
คนอีสานส่วนใหญ่ชอบกินข้าวเหนียว	kon ee saan suan yai chawp gin kaao niao	kon ī sānˊ sūanˇ yaiˇ chɔ̄pˋ gin kāuˋ nīauˊ	大部分東北部人喜歡吃糯米飯	engine-auto	
เดินข้ามถนน	dern kaam ta noon	dhə̄n kāmˋ taˇ non	走過馬路	derived	
ช่วยกดชั้น 17 ให้หน่อยค่ะ	chuay got chan sip bjet hai noy ka	chūayˋ gotˇ chan~ 17 haiˋ nɔ̄iˇ kaˋ	請幫我按 17 樓	derived	
วันจันทร์	wan jan	wan jan	星期一	derived	
วันพฤหัสบดี	wan pa reu hat sa bor dee	wan prɯ hatˇ bɔ̄ dhī	星期四（正式）	derived	
วันพฤหัส	wan pa reu hat	wan prɯ hatˇ	星期四（口語）	derived	
ฝนหยุดแล้ว	fon yoot laeo	fonˊ yutˇ lɛ̄u~	雨停了	derived	
วันฝนตกไม่มีแท็กซี่ว่าง	wan fon dtok mai mee taek see waang	wan fonˊ dokˇ maiˋ mī tɛk~ sīˋ wāngˋ	下雨天沒有空計程車	derived	
วันจันทร์หน้าคุณว่างไหม	wan jan na koon waang mai	wan jan nāˋ kun wāngˋ maiˊ	下週一你有空嗎	derived	
ชาติหน้าอยากเป็นหมา	chaat na yaak bpen maa	chātˋ nāˋ yākˋ ben māˊ	下輩子想當狗	derived	
วันศุกร์ที่แล้วเป็นวันลอยกระทง	wan soo tee laeo bpen wan loy gra tong	wan sukˇ tīˋ lɛ̄u~ ben wan lɔ̄i graˇ tong	上個週五是水燈節	derived	
เมื่อวานฝนตก	meua waan fon dtok	mɯ̄aˋ wān fonˊ dokˇ	昨天下雨	derived	
ตอนกลางวันอยู่บริษัท	dtawn glaang wan yoo baw ri sat	dɔ̄n glāng wan yūˋ bhɔ̄ ri~ satˇ	白天在公司	derived	
จะกินผลไม้ปั่นทุกเช้า	ja gin pon la mai bpan took chao	jaˇ gin ponˊ mai~ banˇ tuk~ chāu~	每個早上都要喝水果冰沙	derived	
ถนนทุกสาย รถติด	ta noon took sai rot dtit	taˇ non tuk~ sāiˊ rot~ ditˇ	每條路都塞車	derived	
บางครั้งฝนตก	baang krang fon dtok	bhāng krang~ fonˊ dokˇ	有時候下雨	derived	
吃อะไรบ้าง	gin arai baang	吃 aˇ rai bhāngˋ	吃了些什麼	engine-auto	
做อะไรบ้าง	tam arai baang	做 aˇ rai bhāngˋ	做了些什麼	engine-auto	
กินเบียร์หลายขวดก็ไม่เมา	gin bia laai kuat gor mai mao	gin bhīa lāiˊ kūatˇ gɔ̄ˋ maiˋ māu	喝好幾瓶啤酒也不會醉	derived	
กินข้าวหลายจานแต่ไม่อ้วน	gin kaao laai jaan dtae mai uan	gin kāuˋ lāiˊ jān dɛ̄ˇ maiˋ ūanˋ	吃好幾盤飯但不會胖	engine-auto	
คิดถึงจริงๆ	kit teung jing jing	kit~ tɯngˊ jing jing	真的很想你	derived	
在ห้องเรียน	nai hong rian	在 hɔ̄ngˋ rīan	教室內	engine-auto	
เดินตรงไป 100 เมตร	dern trong pai nueng roi met	dhə̄n drong bai 100 mētˋ	直走一百公尺	derived	
ข้างนอกฝนตก	khang nok fon tok	kāngˋ nɔ̄kˋ fonˊ dokˇ	外面下雨	derived	
ข้ามถนน	kham tanon	kāmˋ taˇ non	過馬路	derived	
เซเว่นอยู่ตรงข้ามสตาร์บัคส์	Seven yu trong kham Starbucks	sē wēnˋ yūˋ drong kāmˋ saˇ dā bhakˇ	7-11在星巴克對面	derived	
ถนนคนเดิน	tanon khon dern	taˇ non kon dhə̄n	徒步區 (夜市)	derived	
在นามีข้าว	nai na mee khao	在 nā mī kāuˋ	田中有稻	engine-auto	
เดินตรงไป เลี้ยวซ้าย แล้วก็ตรงไป ประมาณ 50 เมตร แล้วก็เลี้ยวซ้ายอีกครั้งหนึ่ง แล้วก็เจอแล้ว	dern trong pai liao sai lae ko trong pai praman ha sip met lae ko liao sai eek khrang nueng lae ko joe laeo	dhə̄n drong bai līau~ sāi~ lɛ̄u~ gɔ̄ˋ drong bai braˇ mān 50 mētˋ lɛ̄u~ gɔ̄ˋ līau~ sāi~ īkˇ krang~ nɯngˇ lɛ̄u~ gɔ̄ˋ jə̄ lɛ̄u~	直走左轉再直走約50米再左轉就到了	derived	
ภาษาฝรั่งเศส	pasa farangset	pā sāˊ faˇ rangˋ sētˇ	法文	derived	
วันจันทร์	wan jan	wan jan	星期一	derived	
วันพฤหัสบดี	wan phruehat	wan prɯ hatˇ bɔ̄ dhī	星期四	derived	
วันนี้วันจันทร์	wan nee wan jan	wan nī~ wan jan	今天星期一	derived	
มกราคม	mokkara	mok~ rā kom	一月	derived	
มีนาคม	meena	mī nā kom	三月	derived	
เมษายน	mesa	mē sāˊ yon	四月	derived	
พฤษภาคม	phrueasapha	prɯt~ pā kom	五月	derived	
มิถุนายน	mithuna	mi~ tuˇ nā yon	六月	derived	
กรกฎาคม	karakada	gaˇ ra~ dā kom	七月	derived	
สิงหาคม	singha	singˊ hāˊ kom	八月	derived	
กันยายน	kanya	gan yā yon	九月	derived	
ตุลาคม	tula	duˇ lā kom	十月	derived	
พฤศจิกายน	phrueasajika	prɯt~ jiˇ gā yon	十一月	derived	
ธันวาคม	thanwa	tan wā kom	十二月	derived	
เดือนนี้เดือนธันวาคม	duen nee duen thanwa	dhɯ̄an nī~ dhɯ̄an tan wā kom	這個月是十二月	derived	
เดือนที่แล้วเดือนพฤศจิกายน	duen thi laeo duen phrueasajika	dhɯ̄an tīˋ lɛ̄u~ dhɯ̄an prɯt~ jiˇ gā yon	上個月是十一月	derived	
เดือนหน้าเดือนมกราคม	duen na duen mokkara	dhɯ̄an nāˋ dhɯ̄an mok~ rā kom	下個月是一月	derived	
ถ้าเดือนนี้เดือนเมษายน	tha duen nee duen mesa	tāˋ dhɯ̄an nī~ dhɯ̄an mē sāˊ yon	如果這個月是四月	derived	
สวัสดีปีใหม่	sawatdee pee mai	saˇ watˇ dhī bī maiˇ	新年快樂	derived	
สวัสดีปีใหม่ไทย	sawatdee pee mai Thai	saˇ watˇ dhī bī maiˇ tai	泰國新年快樂（宋干節）	derived	
วันจันทร์นี้	wan jan nee	wan jan nī~	這個星期一	derived	
วันจันทร์ที่แล้ว	wan jan thi laeo	wan jan tīˋ lɛ̄u~	上個星期一	derived	
วันจันทร์หน้า	wan jan na	wan jan nāˋ	下個星期一	derived	
ชาตินี้	chat nee	chātˋ nī~	這一輩子	derived	
ชาติที่แล้ว	chat thi laeo	chātˋ tīˋ lɛ̄u~	前世	derived	
ชาติหน้า	chat na	chātˋ nāˋ	下一輩子	derived	
ต้นเดือน	ton duen	donˋ dhɯ̄an	月初	derived	
ต้นปี	ton pee	donˋ bī	年初	derived	
ต้นปีหน้า	ton pee na	donˋ bī nāˋ	明年初	derived	
ต้นทาง	ton thang	donˋ tāng	起點	derived	
มาเรียนภาษาไทยทุกๆ วันจันทร์	ma rian pasa Thai thuk thuk wan jan	mā rīan pā sāˊ tai tuk~ tuk~ wan jan	每個禮拜一都來學泰文	derived	
ลม	lom	lom	風	derived	
ลมแรง	lom raeng	lom rɛ̄ng	風很大	derived	
ทั้งหมด	thang mot	tang~ motˇ	全部	derived	
ครึ่งขวด	khrueng khuat	krɯngˋ kūatˇ	半瓶	derived	
ผลไม้	phonlamai	ponˊ mai~	水果	derived	
มะพร้าวที่เมืองไทยหวานกว่าที่ไต้หวัน	maphrao thi mueang Thai wan kwa thi Taiwan	ma~ prāu~ tīˋ mɯ̄ang tai wāˊ nok~ wāˋ tīˋ daiˋ wanˊ	泰國椰子比台灣椰子甜	derived	
มะม่วง	mamuang	ma~ mūangˋ	芒果	engine-auto	
ข้าวเหนียวมะม่วง	khao niao mamuang	kāuˋ nīauˊ ma~ mūangˋ	芒果糯米飯	engine-auto	
มะม่วงเบา	mamuang bao	ma~ mūangˋ bhāu	酸芒果	engine-auto	
สับปะรด	sapparot	sapˇ baˇ rot~	鳳梨	derived	
องุ่น	angun	aˇ ngunˋ	葡萄	derived	
ฝรั่ง	farang	faˇ rangˋ	芭樂/洋人	derived	
ฝรั่งกินฝรั่ง	farang kin farang	faˇ rangˋ gin faˇ rangˋ	洋人吃芭樂	derived	
ชมพู่	chomphu	chom pūˋ	蓮霧	derived	
สีชมพู่	si chomphu	sīˊ chom pūˋ	粉紅色	derived	
ขนุน	khanun	kaˇ nun	波羅蜜	derived	
เงาะ	ngo	ngɔ~	紅毛丹	engine-auto	
มังกร	mangkon	mang gɔ̄n	龍果	derived	
แก้วมังกร	kaeo mangkon	gɛ̄uˋ mang gɔ̄n	火龍果	derived	
สตรอว์เบอร์รี่	strawberry	saˇ rɔ̄ bhə̄ rīˋ	草莓	derived	
เงาะกระป๋อง	ngo krapong	ngɔ~ graˇ bɔ̄ngˊ	罐頭紅毛丹	engine-auto	
ต้นไม้	tonmai	donˋ mai~	樹	derived	
สวน	suan	sūanˊ	果園	engine-auto	
สวนลำไย สวนลิ้นจี่	suan lamyai suan linjee	sūanˊ lam yai sūanˊ lin~ jīˇ	龍眼園/荔枝園	engine-auto	
สวนทุเรียน	suan thurian	sūanˊ tu~ rīan	榴槤園	engine-auto	
สวนดอกไม้	suan dokmai	sūanˊ dhɔ̄kˇ mai~	花園	engine-auto	
สวนน้ำ	suan nam	sūanˊ nām~	水上樂園	engine-auto	
สวนสนุก	suan sanuk	sūanˊ saˇ nuk~	遊樂園	engine-auto	
ภูเก็ต พังงา เกาะสมุย	Phuket Phang-nga Ko Samui	pū getˇ pang ngā gɔˇ saˇ mui	普吉島/攀牙/蘇美島	derived	
เกาะ	ko	gɔˇ	島	engine-auto	
เกาะไต้หวัน	ko Taiwan	gɔˇ daiˋ wanˊ	台灣島	engine-auto	
เกาะเสม็ด เกาะช้าง	ko Samet ko Chang	gɔˇ saˇ metˇ gɔˇ chāng~	沙美島/象島	derived	
ชาวมุสลิม	chao Muslim	chāu mu~ saˇ lim	穆斯林	derived	
ชาวพุทธ	chao phut	chāu put~	佛教徒	derived	
อยุธยา	Ayutthaya	aˇ yu~ ta~ yā	大城	derived	
ฉันชอบกินผลไม้นะ ทั้งมังคุด ลำไย ทุเรียน และมะละกอ	chan chop kin phonlamai na thang mangkhut lamyai thurian lae malako	chanˊ chɔ̄pˋ gin ponˊ mai~ na~ tang~ mang kut~ lam yai tu~ rīan lɛ~ ma~ la~ gɔ̄	喜歡吃水果，有山竹、龍眼、榴槤和木瓜	derived	
ฉันพูดได้ทั้งภาษาจีน ภาษาไทย และภาษาอังกฤษ	chan phut dai thang pasa jin pasa Thai lae pasa angkrit	chanˊ pūtˋ dhaiˋ tang~ pā sāˊ jīn pā sāˊ tai lɛ~ pā sāˊ ang gritˇ	我能說中文、泰文和英文	derived	
คนไทยส่วนใหญ่เป็นชาวพุทธ	khon Thai suan yai pen chao phut	kon tai sūanˇ yaiˇ ben chāu put~	泰國人大部分是佛教徒	derived	
ชาวพุทธ	chao phut	chāu put~	佛教徒	derived	
ส่วนใหญ่	suan yai	sūanˇ yaiˇ	大部分	engine-auto	
อาหารไทยส่วนใหญ่เผ็ดมาก	ahan Thai suan yai phet mak	ā hānˊ tai sūanˇ yaiˇ petˇ mākˋ	泰國菜大部分很辣	engine-auto	
ผลไม้ไต้หวันส่วนใหญ่หวานมาก	phonlamai Taiwan suan yai wan mak	ponˊ mai~ daiˋ wanˊ sūanˇ yaiˇ wānˊ mākˋ	台灣水果大部分很甜	derived	
คนไต้หวันส่วนใหญ่ไม่กินเผ็ด	khon Taiwan suan yai mai kin phet	kon daiˋ wanˊ sūanˇ yaiˇ maiˋ gin petˇ	台灣人大部分不吃辣	engine-auto	
ทำงานบริษัทเดียวกัน	tham ngan borisat diao kan	tam ngān bhɔ̄ ri~ satˇ dhīau gan	在同一家公司工作	derived	
ปลูกต้นไม้	pluk ton mai	blūkˇ donˋ mai~	種樹	derived	
เม็ดองุ่น	met angun	met~ aˇ ngunˋ	葡萄籽	derived	
เครื่องปั่นน้ำผลไม้	khreuang pan nam phonlamai	krɯ̄angˋ banˇ nām~ ponˊ mai~	果汁機	derived	
ผลไม้	pon la mai	ponˊ mai~	水果	derived	
คุณชอบกินผลไม้อะไรที่สุด	koon chawp gin pon la mai arai tee soot	kun chɔ̄pˋ gin ponˊ mai~ aˇ rai tīˋ sutˇ	你最喜歡吃什麼水果	derived	
คุณเอาน้ำผลไม้ไหม	koon ao naam pon la mai mai	kun au nām~ ponˊ mai~ maiˊ	你要果汁嗎	derived	
ต้นไม้	dton mai	donˋ mai~	樹	derived	
นี่ต้นอะไร	nee dton arai	nīˋ donˋ aˇ rai	這是什麼樹	derived	
นี่ต้นทุเรียน	nee dton too rian	nīˋ donˋ tu~ rīan	這是榴槤樹	derived	
นี่ต้นมะม่วง	nee dton ma muang	nīˋ donˋ ma~ mūangˋ	這是芒果樹	derived	
นี่ต้นเงาะ	nee dton ngoh	nīˋ donˋ ngɔ~	這是紅毛丹樹	derived	
ปลูกต้นไม้	bplook dton mai	blūkˇ donˋ mai~	種樹	derived	
เม็ดองุ่น	met a ngoon	met~ aˇ ngunˋ	葡萄籽	derived	
องุ่นไม่มีเม็ด	a ngoon mai mee met	aˇ ngunˋ maiˋ mī met~	無籽葡萄	derived	
สวน	suan	sūanˊ	園	engine-auto	
สวนผัก	suan pak	sūanˊ pakˇ	菜園	engine-auto	
สวนดอกไม้	suan dawk mai	sūanˊ dhɔ̄kˇ mai~	花園	engine-auto	
สวนผลไม้	suan pon la mai	sūanˊ ponˊ mai~	果園	derived	
สวนสนุก	suan sa nook	sūanˊ saˇ nuk~	遊樂園	engine-auto	
เคยไปสวนสนุกตอนเด็ก	koey bpai suan sa nook dtawn dek	kə̄i bai sūanˊ saˇ nuk~ dɔ̄n dhekˇ	小時候去過遊樂園	engine-auto	
ทั้งทุเรียนและมังคุดเป็นผลไม้ของไทย	tang too rian lae mang koot bpen pon la mai kawng tai	tang~ tu~ rīan lɛ~ mang kut~ ben ponˊ mai~ kɔ̄ngˊ tai	榴槤和山竹都是泰國水果	derived	
ส่วนใหญ่	suan yai	sūanˇ yaiˇ	大部分	engine-auto	
คนส่วนใหญ่ชอบสีอะไร	kon suan yai chawp see arai	kon sūanˇ yaiˇ chɔ̄pˋ sīˊ aˇ rai	大部分人喜歡什麼顏色	engine-auto	
ส่วนใหญ่เสาร์อาทิตย์ไปเที่ยวที่ไหน	suan yai sao aa tit bpai tiao tee nai	sūanˇ yaiˇ sāuˊ ā tit~ bai tīauˋ tīˋ naiˊ	週六日大部分去哪玩	engine-auto	
ขวดแรก	kuat raek	kūatˇ rɛ̄kˋ	第一瓶	derived	
ทำงานบริษัทเดียวกัน	tam ngaan baw ri sat diao gan	tam ngān bhɔ̄ ri~ satˇ dhīau gan	同一間公司工作	derived	
พวกเราเรียนต่อ	phuak rao rian tor	pūakˋ rāu rīan dɔ̄ˇ	我們繼續上課	engine-auto	
ทำหน้าอก	tham na ok	tam nāˋ okˇ	做胸部	derived	
ทำสวน	tham suan	tam sūanˊ	做園藝	engine-auto	
ทำพาสปอร์ตหาย	tham passport hai	tam pā saˇ bɔ̄tˇ hāiˊ	弄丟護照	derived	
做เป็นเข้าใจ	tham pen khao jai	做 ben kāuˋ jai	裝作懂了	engine-auto	
做ความสะอาด	tham khwam sa at	做 kwām saˇ ātˇ	打掃	engine-auto	
ทำสกปรก	tham sokkaprok	tam sokˇ brokˇ	弄髒	derived	
เงินสกปรก	ngoen sokkaprok	ngə̄n sokˇ brokˇ	髒錢	derived	
พวกเราเรียนต่อ	phuak rao rian tor	pūakˋ rāu rīan dɔ̄ˇ	我們繼續上課	engine-auto	
ทำหน้าอก	tham na ok	tam nāˋ okˇ	做胸部	derived	
ทำสวน	tham suan	tam sūanˊ	做園藝	engine-auto	
ทำพาสปอร์ตหาย	tham passport hai	tam pā saˇ bɔ̄tˇ hāiˊ	弄丟護照	derived	
ทำสกปรก	tham sokkaprok	tam sokˇ brokˇ	弄髒	derived	
เงินสกปรก	ngoen sokkaprok	ngə̄n sokˇ brokˇ	髒錢	derived	
เรียนจบหรือยัง	rian jop rue yang	rīan jopˇ rɯ̄ˊ yang	畢業了沒？	derived	
พูดจบหรือยัง	phut jop rue yang	pūtˋ jopˇ rɯ̄ˊ yang	說完了沒？	derived	
พูดถึงละครไทย	phut thueng lakhon thai	pūtˋ tɯngˊ la~ kɔ̄n tai	提到泰劇	derived	
กินเลี้ยงบริษัท	Kin liang borisat	gin līang~ bhɔ̄ ri~ satˇ	公司聚餐（如尾牙）	derived	
ข้างนอกฝนตกหนัก ทำยังไงดี	khang nok fon tok nak tham yang ngai di	kāngˋ nɔ̄kˋ fonˊ dokˇ nakˇ tam yang ngai dhī	外面下大雨該怎麼辦	derived	
ฝนหยุดหรือยัง	fon yut rue yang	fonˊ yutˇ rɯ̄ˊ yang	雨停了沒	derived	
เรียนจบหรือยัง	rian chop rue yang	rīan jopˇ rɯ̄ˊ yang	畢業了沒	derived	
ลูกคุณเรียนจบหรือยัง	luk khun rian chop rue yang	lūkˋ kun rīan jopˇ rɯ̄ˊ yang	你的孩子畢業了沒	derived	
พูดจบหรือยัง	phut chop rue yang	pūtˋ jopˇ rɯ̄ˊ yang	說完了沒	derived	
คุณพูดจบหรือยัง	khun phut chop rue yang	kun pūtˋ jopˇ rɯ̄ˊ yang	你說完了沒	derived	
ละครจบแล้ว	lakhon chop laeo	la~ kɔ̄n jopˇ lɛ̄u~	連續劇結束了	derived	
แม่กำลังจะออกไปข้างนอกซื้อผลไม้	mae kam lang cha ok pai khang nok bue phon la mai	mɛ̄ˋ gam lang jaˇ ɔ̄kˇ bai kāngˋ nɔ̄kˋ sɯ̄~ ponˊ mai~	媽媽正要出去外面買水果	derived	
คนอีสานส่วนใหญ่ทำนาปลูกข้าว	Khon Isan Suan Yai Tham Na Pluk Khao	kon ī sānˊ sūanˇ yaiˇ tam nā blūkˇ kāuˋ	東北部的人大部分種田、種稻	engine-auto	
พวกเราไปทำบุญกัน	Phuak Rao Pai Tham Bun Kan	pūakˋ rāu bai tam bhun gan	我們一起去做功德	engine-auto	
ชาติหน้า	Chat Na	chātˋ nāˋ	下輩子	derived	
ชาติหน้าเจอกันอีก	Chat Na Choe Kan Ik	chātˋ nāˋ jə̄ gan īkˇ	下輩子再見	derived	
พาสปอร์ตหาย	Passport Hai	pā saˇ bɔ̄tˇ hāiˊ	護照不見了	derived	
หายปวด หายเจ็บ	Hai Puat Hai Chep	hāiˊ būatˇ hāiˊ jepˇ	疼痛的感覺消失了	engine-auto	
สกปรก	Sokkaprok	sokˇ brokˇ	髒	derived	
ใครทำสกปรก	Khrai Tham Sokkaprok	krai tam sokˇ brokˇ	誰弄髒的？	derived	
ทำไมสกปรกอย่างนี้	Thammai Sokkaprok Yang Ni	tam mai sokˇ brokˇ yāngˋ nī~	為什麼這麼髒？	derived	
ส่งผิดโต๊ะ	Song Phit To	songˇ pitˇ do~	送錯桌	derived	
เพราะ	phro	prɔ~	好聽	engine-auto	
เพลงนี้เพราะ	phleng ni phro	plēng nī~ prɔ~	這首歌好聽	engine-auto	
เพลงนี้เพราะใครร้อง	phleng ni phro khrai rong	plēng nī~ prɔ~ krai rɔ̄ng~	這首歌好聽，誰唱的？	engine-auto	
ชาติ	chat	chātˋ	國家/國籍	derived	
เพลงชาติ	phleng chat	plēng chātˋ	國歌	derived	
ร้องเพลงชาติ	rong phleng chat	rɔ̄ng~ plēng chātˋ	唱國歌	derived	
บอกความจริง	bok khwam ching	bhɔ̄kˇ kwām jing	說真相	derived	
จริง	ching	jing	真的	derived	
บอกความจริงฉัน	bok khwam ching chan	bhɔ̄kˇ kwām jing chanˊ	告訴我真相	derived	
ไม่บอกความจริง	mai bok khwam ching	maiˋ bhɔ̄kˇ kwām jing	不說真相	derived	
ฟังดนตรี	fang dontri	fang dhon drī	聽音樂	derived	
ดนตรี	dontri	dhon drī	音樂	derived	
ดนตรีไทย	dontri thai	dhon drī tai	泰國音樂	derived	
ดนตรีจีน	dontri chin	dhon drī jīn	中國音樂	derived	
ดนตรีฝรั่ง	dontri farang	dhon drī faˇ rangˋ	西方音樂	derived	
พริกป่น	phrik pon	prik~ bonˇ	辣椒粉	derived	
ใส่พริกป่น	sai phrik pon	saiˇ prik~ bonˇ	加辣椒粉	derived	
พริกไทยป่น	phrik thai pon	prik~ tai bonˇ	胡椒粉	derived	
น้ำตาลทราย	nam tan sai	nām~ dān sāi	砂糖	derived	
นมข้น	nom khon	nom konˋ	煉乳	derived	
ต้นหอม	ton hom	donˋ hɔ̄mˊ	蔥	derived	
ไม่เอาต้นหอม	mai ao ton hom	maiˋ au donˋ hɔ̄mˊ	不要蔥	derived	
ไม่ใส่ต้นหอม	mai sai ton hom	maiˋ saiˇ donˋ hɔ̄mˊ	不加蔥	derived	
เปิดพัดลม	poet phat lom	bə̄tˇ pat~ lom	開電風扇	derived	
ปิดพัดลม	pit phat lom	bitˇ pat~ lom	關電風扇	derived	
ใส่หมวก	sai muak	saiˇ mūakˇ	戴帽子	engine-auto	
หมวก	muak	mūakˇ	帽子	engine-auto	
หมวกสีเขียว	muak si khiao	mūakˇ sīˊ kīauˊ	綠色帽子	engine-auto	
ถอดหมวก	thot muak	tɔ̄tˇ mūakˇ	脫帽子	engine-auto	
หน้ากากอนามัย	nakak anamai	nāˋ gākˇ aˇ nā mai	口罩（正式）	derived	
อนามัย	anamai	aˇ nā mai	衛生	derived	
ถุงยางอนามัย	thung yang anamai	tungˊ yāng aˇ nā mai	保險套（正式）	derived	
พวกเราไปร้องคาราโอเกะกัน	Phuak rao pai rong kharaoke kan	pūakˋ rāu bai rɔ̄ng~ kā rā ō geˇ gan	我們一起去唱卡拉OK吧	engine-auto	
เพลงฝรั่ง	Pheng farang	plēng faˇ rangˋ	英文歌（西方歌）	derived	
เพราะ	Phraw	prɔ~	好聽	engine-auto	
เพลงนี้เพราะมาก	Pheng ni phraw mak	plēng nī~ prɔ~ mākˋ	這首歌很好聽	engine-auto	
เสียงเขาเพราะมาก	Siang khao phraw mak	sīangˊ kāuˊ prɔ~ mākˋ	他的聲音很好聽	engine-auto	
ดนตรี	Dontri	dhon drī	音樂	derived	
พี่ชายเล่นดนตรีเก่งมาก	Phi chai len dontri keng mak	pīˋ chāi lēnˋ dhon drī gēngˇ mākˋ	哥哥很會玩音樂	derived	
ดนตรีทำให้น้องชายแฮปปี้	Dontri thammai nong chai happy	dhon drī tam haiˋ nɔ̄ng~ chāi hɛ̄pˋ bīˋ	音樂讓弟弟很快樂	derived	
บอกความจริง	bok kwam jing	bhɔ̄kˇ kwām jing	說真相（實話）	derived	
บอกความจริงเขาดีกว่า	bok kwam jing kao di kwa	bhɔ̄kˇ kwām jing kāuˊ dhī gwāˇ	告訴他真相比較好	derived	
ทำไมไม่บอกความจริง	tam mai mai bok kwam jing	tam mai maiˋ bhɔ̄kˇ kwām jing	為什麼不說真相	derived	
เปิดพัดลมได้ไหม	perd pat lom dai mai	bə̄tˇ pat~ lom dhaiˋ maiˊ	可以開電風扇嗎	derived	
เดือนตุลาคม	deuan tu la kom	dhɯ̄an duˇ lā kom	十月	derived	
เดือนเมษายน	deuan me sa yon	dhɯ̄an mē sāˊ yon	四月	derived	
สกปรก	sokkaprok	sokˇ brokˇ	髒	derived	
ไม่ใส่น้ำตาลทราย	mai sai namtansai	maiˋ saiˇ nām~ dān sāi	不加砂糖	derived	
ใส่แต่นมข้น	sai tae nomkhon	saiˇ dɛ̄ˇ nom konˋ	只加煉乳	derived	
ถอดหมวก	thot muak	tɔ̄tˇ mūakˇ	脫帽子	engine-auto	
หน้ากากอนามัย	nakak anamai	nāˋ gākˇ aˇ nā mai	口罩	derived	
อนามัย	anamai	aˇ nā mai	衛生	derived	
ออกไปข้างนอกต้องใส่หน้ากากอนามัย	awk pai khangnawk tong sai nakak anamai	ɔ̄kˇ bai kāngˋ nɔ̄kˋ dɔ̄ngˋ saiˇ nāˋ gākˇ aˇ nā mai	出去外面必須戴口罩	derived	
เพราะว่าตื่นสาย	phraw wa tuen sai	prɔ~ wāˋ dɯ̄nˇ sāiˊ	因為晚起	engine-auto	
ถ่ายละคร	thae lakhon	tāiˇ la~ kɔ̄n	拍戲（劇）	derived	
เพิ่งเรียนจบ	perng rian jop	pə̄ngˋ rīan jopˇ	剛畢業	derived	
พวกเรานั่งตุ๊กตุ๊กดีกว่า	phuak rao nang tuk tuk di kwa	pūakˋ rāu nangˋ duk~ duk~ dhī gwāˇ	我們坐嘟嘟車吧	engine-auto	
ถ่ายละคร	tai lakhon	tāiˇ la~ kɔ̄n	拍戲	derived	
ไปดูดาราถ่ายละคร	pai du dara tai lakhon	bai dhū dhā rā tāiˇ la~ kɔ̄n	去看明星拍戲	derived	
สวัสดีค่ะ ฉันอยากจองที่นั่งค่ะ	sawadee kha chan yak jong thi nang kha	saˇ watˇ dhī kaˋ chanˊ yākˋ jɔ̄ng tīˋ nangˋ kaˋ	你好，我想訂位	derived	
จองเวลานวด	jong wela nuat	jɔ̄ng wē lā nūatˋ	預約按摩時間	engine-auto	
มีข่าวดี	mi khao di	mī kāˇ dhī	有好消息	derived	
ลืมหมดแล้ว	luem mot laeo	lɯ̄m motˇ lɛ̄u~	全都忘光了	derived	
แบตหมด	baet mot	bhɛ̄tˇ motˇ	沒電了	derived	
ขายหมดแล้ว	khai mot laeo	kāiˊ motˇ lɛ̄u~	賣光了	derived	
เห็นแล้วจะอ้วก	hen laeo ja uak	henˊ lɛ̄~ jaˇ ūakˋ	看了想吐	derived	
อ้วก	uak	ūakˋ	吐	engine-auto	
เติมลม	toem lom	də̄m lom	打氣	derived	
บัตรเติมเงิน	bat toem ngoen	bhatˇ də̄m ngə̄n	儲值卡	derived	
บัตร	bat	bhatˇ	卡	derived	
บัตรเครดิต	bat credit	bhatˇ krē dhitˇ	信用卡	derived	
ใช้บัตรเครดิตได้มั้ย	chai bat credit dai mai	chai~ bhatˇ krē dhitˇ dhaiˋ mai~	可以用信用卡嗎？	derived	
บัตรนักเรียน	bat nak rian	bhatˇ nak~ rīan	學生證	derived	
สถานีชิดลม	sathani chit lom	saˇ tāˊ nī chit~ lom	奇隆站	derived	
ทิ้งขยะ	thing khaya	ting~ kaˇ yaˇ	丟垃圾	derived	
ขยะ	khaya	kaˇ yaˇ	垃圾	derived	
ถังขยะ	thang khaya	tangˊ kaˇ yaˇ	垃圾桶	derived	
สวัสดีปีใหม่	sawatdee pi mai	saˇ watˇ dhī bī maiˇ	新年快樂	derived	
สวัสดีค่ะ	sawatdee kha	saˇ watˇ dhī kaˋ	你好	derived	
สวัสดีปีใหม่	sawatdee pee mai	saˇ watˇ dhī bī maiˇ	新年快樂	derived	
เพราะเงินเยอะก็เลยยอมทำโอที	phraw ngern yoe kor loey yorm tham OT	prɔ~ ngə̄n yə~ gɔ̄ˋ lə̄i yɔ̄m tam ō tī	因為錢多，所以願意加班	engine-auto	
ไม่ยอมพูดความจริง	mai yorm phood khwam jing	maiˋ yɔ̄m pūtˋ kwām jing	不肯說真相	derived	
ข่าวจริง	khao jing	kāuˇ jing	真新聞	derived	
ข่าวจริงหรือข่าวปลอม	khao jing rue khao plom	kāuˇ jing rɯ̄ˊ kāuˇ blɔ̄m	真新聞還是假新聞	derived	
ฉันมีข่าวดีจะบอกคุณ	chan mee khao dee ja bok khun	chanˊ mī kāˇ dhī jaˇ bhɔ̄kˇ kun	我有好消息要告訴你	derived	
เคยเห็นผลไม้นี้ไหม	khuey hen phonlamai nee mai	kə̄i henˊ ponˊ mai~ nī~ maiˊ	見過這個水果嗎？	derived	
ไม่เคยเห็นผลไม้นี้ค่ะ	mai khuey hen phonlamai nee kha	maiˋ kə̄i henˊ ponˊ mai~ nī~ kaˋ	沒見過這個水果。	derived	
ฉันเห็นกับตาเมื่อคืนมีผีจริงๆ	chan hen gap dta muea khuen mee phee jing jing	chanˊ henˊ gapˇ dā mɯ̄aˋ kɯ̄n mī pīˊ jing jing	我親眼看見昨天晚上真的有鬼（女）。	derived	
ผมเห็นกับตาเมื่อคืนมีผีจริงๆ	phom hen gap dta muea khuen mee phee jing jing	pomˊ henˊ gapˇ dā mɯ̄aˋ kɯ̄n mī pīˊ jing jing	我親眼看見昨天晚上真的有鬼（男）。	derived	
ผมเห็นกับตาเขาทำสกปรก	phom hen gap dta khao tham sokgaprok	pomˊ henˊ gapˇ dā kāuˊ tam sokˇ brokˇ	我親眼看見他弄髒的（男）。	derived	
ฉันเห็นกับตาเขาทำสกปรก	chan hen gap dta khao tham sokgaprok	chanˊ henˊ gapˇ dā kāuˊ tam sokˇ brokˇ	我親眼看見他弄髒的（女）。	derived	
พวกเขาไม่เห็นด้วย	phuak khao mai hen duay	pūakˋ kāuˊ maiˋ henˊ dhūayˋ	他們不同意。	engine-auto	
ฉันเห็นใจเพื่อนร่วมงาน	chan hen jai phuean ruam ngan	chanˊ henˊ jai pɯ̄anˋ rūamˋ ngān	我同情同事。	engine-auto	
做什麼คุณเห็นใจเขา	thammai khun hen jai khao	做什麼 kun henˊ jai kāuˊ	為什麼你同情他？	engine-auto	
ลืมใส่หน้ากากอนามัย	luem sai nakak anamai	lɯ̄m saiˇ nāˋ gākˇ aˇ nā mai	忘了戴口罩（正式用法）	derived	
ลืมหมดแล้ว	luem mot laeo	lɯ̄m motˇ lɛ̄u~	全部忘光了	derived	
กินหมดแล้ว	gin mot laeo	gin motˇ lɛ̄u~	全部吃光了	derived	
ขายหมดแล้ว	khai mot laeo	kāiˊ motˇ lɛ̄u~	全部賣光了	derived	
ใช้เงินหมดแล้ว	chai ngen mot laeo	chai~ ngə̄n motˇ lɛ̄u~	錢全部花光了	derived	
บัตร	bat	bhatˇ	卡	derived	
บัตรเติมเงิน	bat toem ngen	bhatˇ də̄m ngə̄n	加值卡	derived	
บัตรเครดิต	bat khredit	bhatˇ krē dhitˇ	信用卡	derived	
บัตรนักเรียน	bat nak rian	bhatˇ nak~ rīan	學生卡	derived	
ขอซื้อบัตรเติมเงินหน่อยค่ะ	kho sue bat toem ngen noi kha	kɔ̄ˊ sɯ̄~ bhatˇ də̄m ngə̄n nɔ̄iˇ kaˋ	我想買加值卡。	derived	
ขอซื้อยาแก้ปวดหัว	kho sue ya gae puat hua	kɔ̄ˊ sɯ̄~ yā gɛ̄ˋ būatˇ hūaˊ	我想買頭痛藥。	engine-auto	
ใช้บัตรเครดิตได้ไหมคะ	chai bat khredit dai mai kha	chai~ bhatˇ krē dhitˇ dhaiˋ maiˊ ka~	可以用信用卡嗎？	derived	
พัดลมเสียแล้ว ทิ้งป่ะ	phat lom sia laeo thing pa	pat~ lom sīaˊ lɛ̄u~ ting~ baˇ	電風扇壞了，丟掉吧？	derived	
เพราะว่าเสียดาย อะไรก็ไม่ยอมทิ้ง	phrao wa siadai arai go mai yom thing	prɔ~ wāˋ sīaˊ dhāi aˇ rai gɔ̄ˋ maiˋ yɔ̄m ting~	因為捨不得，什麼都不肯丟。	engine-auto	
เธอร้องไห้ เพราะว่าถูกแฟนทิ้ง	thoe rong hai phrao wa thuk faen thing	tə̄ rɔ̄ng~ haiˋ prɔ~ wāˋ tūkˇ fɛ̄n ting~	她哭是因為被情人甩了。	engine-auto	
ทิ้งขยะ	thing khaya	ting~ kaˇ yaˇ	丟垃圾	derived	
รถขยะ	rot khaya	rot~ kaˇ yaˇ	垃圾車	derived	
คนเก็บขยะ	khon gep khaya	kon gepˇ kaˇ yaˇ	收垃圾的人	derived	
ถังขยะ	thang khaya	tangˊ kaˇ yaˇ	垃圾桶	derived	
ฉันจะรักคุณตลอดไป	chan ja rak khun talot pai	chanˊ jaˇ rak~ kun daˇ lɔ̄tˋ bai	我會永遠愛你	derived	
ตลอดชีวิต	talot cheewit	daˇ lɔ̄tˋ chī wit~	一輩子 / 終生	derived	
ฉันจะรักคุณตลอดชีวิต	chan ja rak khun talot cheewit	chanˊ jaˇ rak~ kun daˇ lɔ̄tˋ chī wit~	我會愛你一輩子	derived	
มาสายตลอด	ma sai talot	mā sāiˊ daˇ lɔ̄tˋ	一直遲到	derived	
เดี๋ยวอ้วน	diao uan	dhīauˊ ūanˋ	等一下會胖	engine-auto	
ตอนนี้ฝนตก	ton nee fon tok	dɔ̄n nī~ fonˊ dokˇ	現在下雨	derived	
ตอนเดือนมกราคม	ton duean makarakhom	dɔ̄n dhɯ̄an mok~ rā kom	一月的時候	derived	
ช่วงนี้	chuang nee	chūangˋ nī~	這陣子 / 這段期間	engine-auto	
ช่วงนี้ไม่สบาย	chuang nee mai sabai	chūangˋ nī~ maiˋ saˇ bhāi	這陣子不舒服	engine-auto	
ช่วงนี้กินเหล้าทุกวัน	chuang nee gin lao thuk wan	chūangˋ nī~ gin lāuˋ tuk~ wan	這陣子每天喝酒	engine-auto	
ช่วงนี้ไม่ว่าง	chuang nee mai wang	chūangˋ nī~ maiˋ wāngˋ	這陣子沒空	engine-auto	
ช่วงนั้น	chuang nan	chūangˋ nan~	那個時期	engine-auto	
ช่วงไหน	chuang nai	chūangˋ naiˊ	哪個時期	engine-auto	
ช่วงไหนว่าง	chuang nai wang	chūangˋ naiˊ wāngˋ	什麼時候有空？	engine-auto	
ช่วงไหนไม่ต้องทำงาน	chuang nai mai tong tham ngan	chūangˋ naiˊ maiˋ dɔ̄ngˋ tam ngān	什麼時候不用工作？	engine-auto	
ช่วงวันที่ 12 ถึงวันที่ 15	chuang wan thee sip song thueng wan thee sip ha	chūangˋ wan tīˋ 12 tɯngˊ wan tīˋ 15	12號到15號期間	engine-auto	
ช่วงปีใหม่	chuang pee mai	chūangˋ bī maiˇ	新年期間	engine-auto	
สงกรานต์	songkran	songˊ grān	潑水節	derived	
ช่วงสงกรานต์	chuang songkran	chūangˋ songˊ grān	潑水節期間	derived	
ช่วงสงกรานต์ไปเที่ยวเมืองไทยไหม	chuang songkran pai thiao mueang thai mai	chūangˋ songˊ grān bai tīauˋ mɯ̄ang tai maiˊ	潑水節期間去泰國玩嗎？	derived	
ช่วงตรุษจีน	chuang trut jeen	chūangˋ drutˇ jīn	春節期間	engine-auto	
ช่วงตรุษจีนหยุดเรียน	chuang trut jeen yut rian	chūangˋ drutˇ jīn yutˇ rīan	春節期間停課	engine-auto	
ช่วงตรุษจีนไปเที่ยวเมืองนอก	chuang trut jeen pai thiao mueang nok	chūangˋ drutˇ jīn bai tīauˋ mɯ̄ang nɔ̄kˋ	春節期間去國外玩	engine-auto	
หลังกินข้าวกินผลไม้	lang gin khao gin phonlamai	langˊ gin kāuˋ gin ponˊ mai~	飯後吃水果	derived	
วันก่อนฝนตกหนัก	wan gon fon tok nak	wan gɔ̄nˇ fonˊ dokˇ nakˇ	前幾天下大雨	derived	
เรียนจบแล้ว ต้องรีบหางาน	rian jop laeo tong reep ha ngan	rīan jopˇ lɛ̄u~ dɔ̄ngˋ rīpˋ hāˊ ngān	畢業了，必須趕快找工作	derived	
ตอนนี้ฝนตก	ton nee fon tok	dɔ̄n nī~ fonˊ dokˇ	現在下雨	derived	
ตั้งแต่ชาติที่แล้ว	Dtang dtae chat thi laeo	dangˋ dɛ̄ˇ chātˋ tīˋ lɛ̄u~	自從上輩子	derived	
พวกคุณรู้จักกันตั้งแต่เมื่อไหร่	Phuak khun ru chak kan dtang dtae muea rai	pūakˋ kun rū~ jakˇ gan dangˋ dɛ̄ˇ mɯ̄aˋ raiˇ	你們自從什麼時候認識的？	engine-auto	
พวกเรารู้จักกันตั้งแต่สิบปีก่อน	Phuak rao ru chak kan dtang dtae sip pi kon	pūakˋ rāu rū~ jakˇ gan dangˋ dɛ̄ˇ sipˇ bī gɔ̄nˇ	我們自從十年前就認識了	engine-auto	
ตลอด	Dta lot	daˇ lɔ̄tˋ	一直 / 總是	derived	
ตลอดชีวิต	Dta lot chi wit	daˇ lɔ̄tˋ chī wit~	一輩子 / 終生	derived	
ร้านเปิดตลอด	Ran poet dta lot	rān~ bə̄tˇ daˇ lɔ̄tˋ	店一直開著	derived	
กินตลอด กินไม่หยุด	Gin dta lot gin mai yut	gin daˇ lɔ̄tˋ gin maiˋ yutˇ	一直吃，吃個不停	derived	
ทำงานตลอด ไม่พักเลย	Tham ngan dta lot mai phak loei	tam ngān daˇ lɔ̄tˋ maiˋ pak~ lə̄i	一直工作，一點都不休息	derived	
ผมจะรักคุณตลอดไป	Phom ja rak khun dta lot pai	pomˊ jaˇ rak~ kun daˇ lɔ̄tˋ bai	我會永遠愛你（男稱）	derived	
ฉันจะรักคุณตลอดไป	Chan ja rak khun dta lot pai	chanˊ jaˇ rak~ kun daˇ lɔ̄tˋ bai	我會永遠愛你（女稱）	derived	
ผมสัญญา ผมจะรักคุณตลอดไป	Phom sanya phom ja rak khun dta lot pai	pomˊ sanˊ yā pomˊ jaˇ rak~ kun daˇ lɔ̄tˋ bai	我承諾，我會永遠愛你	derived	
ผมจะรักคุณตลอดชีวิต	Phom ja rak khun dta lot chi wit	pomˊ jaˇ rak~ kun daˇ lɔ̄tˋ chī wit~	我一輩子都會愛你（男稱）	derived	
ฉันจะรักคุณตลอดชีวิต	Chan ja rak khun dta lot chi wit	chanˊ jaˇ rak~ kun daˇ lɔ̄tˋ chī wit~	我一輩子都會愛你（女稱）	derived	
ตอนนี้ยังอยู่บริษัท	Dtorn ni yang yu bo ri sat	dɔ̄n nī~ yang yūˋ bhɔ̄ ri~ satˇ	現在還在公司	derived	
ตอนนี้ข้างนอกฝนกำลังตก	Dtorn ni khang nok fon gam lang dtok	dɔ̄n nī~ kāngˋ nɔ̄kˋ fonˊ gam lang dokˇ	現在外面正在下雨	derived	
รถขยะจะมาตอนไหน	Rot kha ya ja ma dtorn nai	rot~ kaˇ yaˇ jaˇ mā dɔ̄n naiˊ	垃圾車什麼時候會來？	derived	
ไปเที่ยวไต้หวันช่วงไหนดี	Pai thiao Taiwan chuang nai di	bai tīauˋ daiˋ wanˊ chūangˋ naiˊ dhī	去台灣玩哪段時間好呢？	engine-auto	
ดีทุกช่วง	Di thuk chuang	dhī tuk~ chūangˋ	每段時間都很好	engine-auto	
ช่วงคริสต์มาสก็ดีนะ	Chuang Khrit mat ko di na	chūangˋ krit~ mātˋ gɔ̄ˋ dhī na~	聖誕節期間也不錯	engine-auto	
ช่วงตรุษจีน	Chuang Dtrut jin	chūangˋ drutˇ jīn	春節期間	engine-auto	
ช่วงสงกรานต์	Chuang Songkran	chūangˋ songˊ grān	潑水節期間	derived	
ช่วงนี้นอนดึก	Chuang ni non duek	chūangˋ nī~ nɔ̄n dhɯkˇ	最近很晚睡覺	engine-auto	
ช่วงนี้นอนดึกเพราะว่าต้องทำโอที	Chuang ni non duek phro wa dtong tham o thi	chūangˋ nī~ nɔ̄n dhɯkˇ prɔ~ wāˋ dɔ̄ngˋ tam ō tī	最近很晚睡覺因為要加班	engine-auto	
ช่วงนี้คุณยายไม่สบายบ่อย	Chuang ni khun yay mai sa bai boy	chūangˋ nī~ kun yāi maiˋ saˇ bhāi bhɔ̄iˇ	最近外婆常生病	engine-auto	
หลังเรียนจบก็หางาน	Lang rian jop ko ha ngan	langˊ rīan jopˇ gɔ̄ˋ hāˊ ngān	畢業後就找工作	derived	
หลังกินข้าวเสร็จก็กินผลไม้	Lang gin khao set ko gin phon la mai	langˊ gin kāuˋ sretˇ gɔ̄ˋ gin ponˊ mai~	吃完飯後吃水果	derived	
เพิ่งเรียนจบ	Phueng rian jop	pə̄ngˋ rīan jopˇ	剛畢業	derived	
สวนสัตว์	Suan sat	sūanˊ satˇ	動物園	engine-auto	
ชอบไปสวนสัตว์ไหม	Chop pai suan sat mai	chɔ̄pˋ bai sūanˊ satˇ maiˊ	喜歡去動物園嗎？	engine-auto	
ก๋วยเตี๋ยวเป็ด	Kuaitiao pet	gūayˊ dīauˊ betˇ	鴨肉麵	derived	
ก๋วยเตี๋ยวเป็ดอร่อยมาก	Kuaitiao pet a roi mak	gūayˊ dīauˊ betˇ aˇ rɔ̄iˋ mākˋ	鴨肉麵非常好吃	derived	
อ้วนเหมือนหมู	Uan muean mu	ūanˋ mɯ̄anˊ mūˊ	胖得像豬一樣	engine-auto	
นก	Nok	nok~	鳥	derived	
นกแก้ว	Nok kaew	nok~ gɛ̄uˋ	鸚鵡	derived	
นกกระจอก	Nok krachok	nok~ graˇ jɔ̄kˇ	麻雀	derived	
ไพ่นกกระจอก	Phai nok krachok	paiˋ nok~ graˇ jɔ̄kˇ	麻將	derived	
เล่นไพ่นกกระจอกเป็นไหม	Len phai nok krachok pen mai	lēnˋ paiˋ nok~ graˇ jɔ̄kˇ ben maiˊ	你會打麻將嗎？	derived	
สิงคโปร์	Sing kha po	singˊ bō	新加坡	derived	
เคยไปสิงคโปร์ไหมคะ	Khoei pai sing kha po mai kha	kə̄i bai singˊ bō maiˊ ka~	去過新加坡嗎？	derived	
โง่จริงๆ	Ngo jing jing	ngōˋ jing jing	真的笨	derived	
ตุ๊กตาหมี	Tuk ka ta mi	du~ gaˇ dā mīˊ	熊玩偶	derived	
ตุ๊กตาหมา	Tuk ka ta ma	du~ gaˇ dā māˊ	狗玩偶	derived	
เล่นตุ๊กตา	Len tuk ka ta	lēnˋ du~ gaˇ dā	玩公仔 / 玩偶	derived	
เกาะเต่า	Ko tao	gɔˇ dāuˇ	龜島（地名）	engine-auto	
เคยไปเกาะเต่าไหมคะ	Khoei pai ko tao mai kha	kə̄i bai gɔˇ dāuˇ maiˊ ka~	去過龜島嗎？	engine-auto	
แมลงวัน	Ma laeng wan	ma~ lɛ̄ng wan	蒼蠅	derived	
มีแมลงวันเยอะ	Mi ma laeng wan yoe	mī ma~ lɛ̄ng wan yə~	有很多蒼蠅	derived	
แมลงสาบ	Ma laeng sap	ma~ lɛ̄ng sāpˇ	蟑螂	derived	
กบ	Gop	gopˇ	青蛙	derived	
ท่ากบ	Tha gop	tāˋ gopˇ	蛙式	derived	
ว่ายท่ากบเป็นไหม	Wai tha gop pen mai	wāiˋ tāˋ gopˇ ben maiˊ	會游蛙式嗎？	derived	
กบทอดกระเทียม	Gop thot gra thiam	gopˇ tɔ̄tˋ graˇ tīam	蒜香炸青蛙	derived	
จระเข้	Cho ra khe	jaˇ ra~ kēˋ	鱷魚	derived	
หนังจระเข้	Nang cho ra khe	nangˊ jaˇ ra~ kēˋ	鱷魚皮	derived	
กระเป๋าหนังจระเข้	Gra pao nang cho ra khe	graˇ bāuˊ nangˊ jaˇ ra~ kēˋ	鱷魚皮包	derived	
สวนสัตว์ไทเปมีสัตว์อะไรบ้าง	suan sat Taipei mee sat arai bang	sūanˊ satˇ tai bē mī satˇ aˇ rai bhāngˋ	台北動物園有些什麼動物？	engine-auto	
สวนสัตว์ไทเปมีเสือ	suan sat Taipei mee suea	sūanˊ satˇ tai bē mī sɯ̄aˊ	台北動物園有老虎	engine-auto	
สวนสัตว์ไทเปมีสิงโต	suan sat Taipei mee singto	sūanˊ satˇ tai bē mī singˊ dō	台北動物園有獅子	engine-auto	
สวนสัตว์ไทเปมีแพนด้า	suan sat Taipei mee panda	sūanˊ satˇ tai bē mī pɛ̄n dhāˋ	台北動物園有熊貓	engine-auto	
คนส่วนใหญ่เลี้ยงสัตว์อะไร	khon suan yai liang sat arai	kon sūanˇ yaiˇ līang~ satˇ aˇ rai	大部分的人養什麼動物？	engine-auto	
คนส่วนใหญ่เลี้ยงหมา	khon suan yai liang ma	kon sūanˇ yaiˇ līang~ māˊ	大部分的人養狗	engine-auto	
คนส่วนใหญ่เลี้ยงแมว	khon suan yai liang maeo	kon sūanˇ yaiˇ līang~ mɛ̄u	大部分的人養貓	engine-auto	
คนส่วนใหญ่เลี้ยงกระต่าย	khon suan yai liang kratai	kon sūanˇ yaiˇ līang~ graˇ dāiˇ	大部分的人養兔子	engine-auto	
นกอยู่บนต้นไม้	nok yoo bon ton mai	nok~ yūˋ bhon donˋ mai~	鳥在樹上	derived	
นกบินอยู่บนฟ้า	nok bin yoo bon fa	nok~ bhin yūˋ bhon fā~	鳥在天空中飛	derived	
นก	nok	nok~	被放鴿子（或追求失敗）	derived	
เพื่อนถูกมดกัด	phuean took mot kat	pɯ̄anˋ tūkˇ mot~ gatˇ	朋友被螞蟻咬	derived	
พวกเราสั่งไข่มดแดงมากินกัน	phuak rao sang khai mot daeng ma kin kan	pūakˋ rāu sangˇ kaiˇ mot~ dhɛ̄ng mā gin gan	我們點紅螞蟻蛋來吃吧	derived	
ยำไข่มดแดง	yam khai mot daeng	yam kaiˇ mot~ dhɛ̄ng	涼拌紅螞蟻蛋	derived	
เคยไปเที่ยวเกาะเต่าไหม	khoei pai thiao kor tao mai	kə̄i bai tīauˋ gɔˇ dāuˇ maiˊ	去過龜島玩嗎？	engine-auto	
ผมไม่เคยไปเที่ยวเกาะเต่าครับ	phom mai khoei pai thiao kor tao krap	pomˊ maiˋ kə̄i bai tīauˋ gɔˇ dāuˇ krap~	我沒去過龜島玩	engine-auto	
เกาะเต่าอยู่ภาคใต้	kor tao yoo phak tai	gɔˇ dāuˇ yūˋ pākˋ daiˋ	龜島在南部	engine-auto	
ถ้าอยากเห็นตัวเงินตัวทอง ต้องไปสวนลุม	tha yak hen tua ngoen tua thong tong pai suan lum	tāˋ yākˋ henˊ dūa ngə̄n dūa tɔ̄ng dɔ̄ngˋ bai sūanˊ lum	如果想看水蜥蜴，要去倫披尼公園	engine-auto	
อ้วนเหมือนหมู	uan muean moo	ūanˋ mɯ̄anˊ mūˊ	像豬一樣胖	engine-auto	
ขายหมดไวมาก	khai mot wai mak	kāiˊ motˇ wai mākˋ	賣得很快（賣光）	derived	
ผมกลัวจระเข้ที่สุด	phom klua jorakhae thee sut	pomˊ glūa jaˇ ra~ kēˋ tīˋ sutˇ	我最怕鱷魚	derived	
ฉันกลัวแมลงสาบที่สุด	chan klua malaeng sap thee sut	chanˊ glūa ma~ lɛ̄ng sāpˇ tīˋ sutˇ	我最怕蟑螂	derived	
แมลงสาบ	malaeng sap	ma~ lɛ̄ng sāpˇ	蟑螂（正式說法）	derived	
ไพ่นกกระจอก	phai nok krachok	paiˋ nok~ graˇ jɔ̄kˇ	麻將	derived	
พวกเรามาเล่นไพ่กัน	phuak rao ma len phai kan	pūakˋ rāu mā lēnˋ paiˋ gan	我們來玩牌吧	engine-auto	
คุณเล่นไพ่นกกระจอกเป็นไหม	khun len phai nok krachok pen mai	kun lēnˋ paiˋ nok~ graˇ jɔ̄kˇ ben maiˊ	你會打麻將嗎？	derived	
ฉันชอบไปดูไพ่ทาโรต์	chan chop pai doo phai tarot	chanˊ chɔ̄pˋ bai dhū paiˋ tā rō	我喜歡去算塔羅牌	derived	
ว่ายน้ำท่ากบ	wai nam tha kop	wāiˋ nām~ tāˋ gopˇ	蛙式游泳	derived	
ว่ายท่ากบเป็นไหม	wai tha kop pen mai	wāiˋ tāˋ gopˇ ben maiˊ	你會蛙式嗎？	derived	
ว่ายน้ำท่าฟรีสไตล์	wai nam tha freestyle	wāiˋ nām~ tāˋ frī saˇ dai	自由式游泳	derived	
รังมด	rang mot	rang mot~	螞蟻窩	derived	
รังนก	rang nok	rang nok~	鳥巢（或燕窩）	derived	
ปู่บอกว่ารังนกกินแล้วแข็งแรง	poo bok wa rang nok kin laeo khaeng raeng	būˇ bhɔ̄ gwāˇ rang nok~ gin lɛ̄u~ kɛngˊ rɛ̄ng	爺爺說吃了燕窩會變強壯	derived	
แต่รังนกราคาแพงมาก	tae rang nok raka phaeng mak	dɛ̄ˇ rang nok~ rā kā pɛ̄ng mākˋ	但是燕窩價格非常貴	derived	
เวลาข้ามถนนต้องข้ามทางม้าลาย	wela kham thanon tong kham thang ma lai	wē lā kāmˋ taˇ non dɔ̄ngˋ kāmˋ tāng mā~ lāi	過馬路時要走斑馬線	derived	
ตอนเด็กฉันชอบเล่นตุ๊กตา	ton dek chan chop len tukkata	dɔ̄n dhekˇ chanˊ chɔ̄pˋ lēnˋ du~ gaˇ dā	小時候我喜歡玩娃娃	derived	
ที่บ้านมีตุ๊กตาหลายตัว	thee ban mee tukkata lai tua	tīˋ bhānˋ mī du~ gaˇ dā lāiˊ dūa	家裡有許多娃娃	derived	
เดี๋ยวนี้ก็ยังชอบตุ๊กตา	diao nee kor yang chop tukkata	dhīauˊ nī~ gɔ̄ˋ yang chɔ̄pˋ du~ gaˇ dā	現在也還是喜歡娃娃	derived	
มังกร	mangkorn	mang gɔ̄n	龍	derived	
ผมเกิดปีมังกร	phom koet pee mangkorn	pomˊ gə̄tˇ bī mang gɔ̄n	我屬龍	derived	
สวัสดีปีม้า	sawatdee pee ma	saˇ watˇ dhī bī mā~	新年快樂（馬年）	derived	
รู้ฉันรู้ยังไงก็คงไม่ต่าง	roo chan roo yang ngai kor khong mai tang	rū~ chanˊ rū~ yang ngai gɔ̄ˋ kong maiˋ dāngˇ	我知道，我知道，無論如何恐怕都沒什麼不同	derived	
คง	khong	kong	恐怕 / 可能	derived	
เขาคงไม่มา	khao khong mai ma	kāuˊ kong maiˋ mā	他恐怕不來了	derived	
ฝนคงตก	fon khong tok	fonˊ kong dokˇ	恐怕會下雨	derived	
เธอคงเลือกเขา	ter khong lueak khao	tə̄ kong lɯ̄akˋ kāuˊ	妳恐怕選了他	derived	
ขอร้อง อย่าทำสกปรก	kho rong ya tham sokkaprok	kɔ̄ˊ rɔ̄ng~ yāˋ tam sokˇ brokˇ	拜託，別弄髒了	derived	
รู้ถึงฉันขอร้องยังไง เธอคงต้องลืมเรื่องของเรา	roo thueng chan kho rong yang ngai ter khong tong luem rueang khong rao	rū~ tɯngˊ chanˊ kɔ̄ˊ rɔ̄ng~ yang ngai tə̄ kong dɔ̄ngˋ lɯ̄m rɯ̄angˋ kɔ̄ngˊ rāu	知道儘管我如何哀求，妳恐怕也得忘記我們的事	derived	
เพราะว่าเขาดีกว่า	phror wa khao dee kwa	prɔ~ wāˋ kāuˊ dhī gwāˇ	因為他比較好	engine-auto	
เพราะ	phror	prɔ~	因為	engine-auto	
เหตุผล	het phon	hetˇ ponˊ	理由	derived	
รู้เธอมีเหตุผลอะไรสักอย่าง ที่ทำให้เธอไม่คิดอยู่กับฉัน	roo ter mee het phon arai sak yang thee tham hai ter mai khit yoo kab chan	rū~ tə̄ mī hetˇ ponˊ aˇ rai sakˇ yāngˋ tīˋ tam haiˋ tə̄ maiˋ kit~ yūˋ gapˇ chanˊ	知道妳有某些理由，讓妳不想跟我在一起	derived	
ช่วยบอกเหตุผลของคุณหน่อย	chuay bok het phon khong khun noi	chūayˋ bhɔ̄kˇ hetˇ ponˊ kɔ̄ngˊ kun nɔ̄iˇ	請告訴我你的理由	derived	
อาจเป็นเพราะเธอแค่เหงาใจ ในวันที่เราพบกัน	at pen phror ter khae ngao jai nai wan thee rao phop kan	ātˇ ben prɔ~ tə̄ kɛ̄ˋ ngāuˊ jai nai wan tīˋ rāu pop~ gan	也許是因為妳在我們相遇那天只是感到寂寞	derived	
พบกัน	phop kan	pop~ gan	見面	derived	
然後พบกันนะ	laeo phop kan na	然後 pop~ gan na~	那就之後見囉	derived	
但是ว่า	tae wa	但是 wāˋ	但是	engine-auto	
不ได้	mai dai	不 dhaiˋ	沒有（放在動詞前表示未曾或不曾）	engine-auto	
ดูแลต้นไม้	doolae ton mai	dhū lɛ̄ donˋ mai~	照顧植物（樹木）	derived	
โปรดถามใจเธออีกที เพราะทั้งใจฉันมันยังมีแค่เธอ	prot tham jai ter eek thee phror thang jai chan man yang mee khae ter	brōtˇ tāmˊ jai tə̄ īkˇ tī prɔ~ tang~ jai chanˊ man yang mī kɛ̄ˋ tə̄	請再問一次妳的心，因為我的整顆心還是只有妳	engine-auto	
ทุกอย่างที่ผ่านมานั้นมันคือเรื่องจริง	thuk yang thee phan ma nan man khue rueang jing	tuk~ yāngˋ tīˋ pānˇ mā nan~ man kɯ̄ rɯ̄angˋ jing	過去的一切那都是真的	derived	
เรื่องจริง	rueang jing	rɯ̄angˋ jing	真相（真事）	derived	
เล่นละคร	len lakhon	lēnˋ la~ kɔ̄n	演電視劇	derived	
บท	bot	bhotˇ	角色	derived	
เล่นบทแม่	len bot mae	lēnˋ bhotˇ mɛ̄ˋ	演媽媽的角色	derived	
เขารู้ความจริงหรือยัง	khao ru khwam ching rue yang	kāuˊ rū~ kwām jing rɯ̄ˊ yang	他知道真相了沒？	derived	
เธอทิ้งขยะเสร็จหรือยัง	thoe thing khaya set rue yang	tə̄ ting~ kaˇ yaˇ sretˇ rɯ̄ˊ yang	你丟垃圾了沒？	derived	
ส่งของขวัญให้เขายังไง	song khong khwan hai khao yang ngai	songˇ kɔ̄ngˊ kwanˊ haiˋ kāuˊ yang ngai	我怎麼送禮物給他呢？	derived	
กำลังทำงานอยู่ที่บริษัท	kamlang tham ngan yu thi borisat	gam lang tam ngān yūˋ tīˋ bhɔ̄ ri~ satˇ	正在公司上班	derived	
ช่วงนี้ธุรกิจไม่ค่อยดี	chuang ni thurakit mai khoi di	chūangˋ nī~ tun gitˇ maiˋ kɔ̄iˋ dhī	最近生意不太好	engine-auto	
ช่วงตรุษจีน ต้องทำความสะอาดครั้งใหญ่	chuang trut chin tong tam khwam sa at khrang yai	chūangˋ drutˇ jīn dɔ̄ngˋ tam kwām saˇ ātˇ krang~ yaiˇ	春節期間要大掃除	engine-auto	
คุณทำพาสปอร์ตหายที่ไหน	khun tam phat sapot hai ti nai	kun tam pā saˇ bɔ̄tˇ hāiˊ tīˋ naiˊ	你在哪裡弄丟護照的？	derived	
ทำสกปรก	tam sok ka prok	tam sokˇ brokˇ	弄髒	derived	
ห้องเธอสกปรกมาก	hong thoe sok ka prok mak	hɔ̄ngˋ tə̄ sokˇ brokˇ mākˋ	你的房間很髒	derived	
ทำไมสกปรกอย่างนี้	tammai sok ka prok yang ni	tam mai sokˇ brokˇ yāngˋ nī~	為什麼這麼髒？	derived	
น้องส่งผิดโต๊ะแล้วค่ะ	nong song phit to laeo kha	nɔ̄ng~ songˇ pitˇ do~ lɛ̄u~ kaˋ	妹子妳送錯桌了	derived	
ชาตินี้รักแต่คุณคนเดียว	chat ni rak tae khun khon diao	chātˋ nī~ rak~ dɛ̄ˇ kun kon dhīau	這輩子只愛你一個人	derived	
เพราะ	phro	prɔ~	好聽 / 因為	engine-auto	
เพลงเพราะ	phleng phro	plēng prɔ~	歌好聽	engine-auto	
ดนตรีเพราะ	dontri phro	dhon drī prɔ~	音樂好聽	derived	
เสียงเพราะ	siang phro	sīangˊ prɔ~	聲音好聽	engine-auto	
เพลงนี้ยิ่งฟังยิ่งเพราะ	phleng ni ying fang ying phro	plēng nī~ yingˋ fang yingˋ prɔ~	這首歌越聽越好聽	engine-auto	
นอกจากใส่หน้ากากอนามัยแล้ว ยังต้องล้างมือบ่อยๆ	nok chak sai na kak a na mai laeo yang tong lang meu boi boi	nɔ̄kˋ jākˇ saiˇ nāˋ gākˇ aˇ nā mai lɛ̄u~ yang dɔ̄ngˋ lāng~ mɯ̄ bhɔ̄iˇ bhɔ̄iˇ	除了戴醫用口罩，還要常洗手	derived	
หลังใส่กะทิก็ใส่ต้นหอม	lang sai ka thi ko sai ton hom	langˊ saiˇ gaˇ ti~ gɔ̄ˋ saiˇ donˋ hɔ̄mˊ	加完椰奶後再加蔥	derived	
ถอดหมวก	thot muak	tɔ̄tˇ mūakˇ	脫帽子	engine-auto	
ช่วยปิดพัดลมหน่อยค่ะ	chuai pit phat lom noi kha	chūayˋ bitˇ pat~ lom nɔ̄iˇ kaˋ	幫我關一下電風扇	derived	
ช่วงนี้ตื่นสายทุกวัน	chuang ni teun sai tuk wan	chūangˋ nī~ dɯ̄nˇ sāiˊ tuk~ wan	最近每天都睡過頭	engine-auto	
วันหยุดยาวจะไปพักผ่อนที่ไหนดี	wan yut yao cha pai phak phon ti nai di	wan yutˇ yā jaˇ bai pak~ pɔ̄nˇ tīˋ naiˊ dhī	連假要去哪裡度假比較好？	derived	
เรียกฟู้ดแพนด้ามาส่ง	riak fut phaen da ma song	rīakˋ fūt~ pɛ̄n dhāˋ mā songˇ	叫 Foodpanda 來送餐	derived	
ดารากำลังถ่ายละครอยู่	dara kamlang tai la khon yu	dhā rā gam lang tāiˇ la~ kɔ̄n yūˋ	明星正在拍戲	derived	
รีบไปทิ้งขยะ	rip pai ting kha ya	rīpˋ bai ting~ kaˇ yaˇ	趕快去丟垃圾	derived	
ฉันมีข่าวดีจะบอกเธอ	chan mi khao di cha bok thoe	chanˊ mī kāˇ dhī jaˇ bhɔ̄kˇ tə̄	我有好消息要告訴你	derived	
มีข่าวดีจะบอก	mi khao di cha bok	mī kāˇ dhī jaˇ bhɔ̄kˇ	有好消息要說	derived	
เดี๋ยวพวกเราสั่งฟู้ดแพนด้ามากินกัน	diao phuak rao sang fut phaen da ma kin kan	dhīauˊ pūakˋ rāu sangˇ fūt~ pɛ̄n dhāˋ mā gin gan	等一下我們叫Foodpanda來一起吃吧	engine-auto	
ฉันเห็นกับตา เมื่อกี้มีเสือมาจริงๆ	chan hen kap ta meua ki mi seua ma ching ching	chanˊ henˊ gapˇ dā mɯ̄aˋ gīˋ mī sɯ̄aˊ mā jing jing	我親眼看到剛才有老虎來	derived	
ลืมหมดแล้ว	leu-m mot laeo	lɯ̄m motˇ lɛ̄u~	全部忘光了	derived	
น้ำมันหมด	nam man mot	nām~ man motˇ	沒油了	derived	
เวลาหมดแล้ว	we-la mot laeo	wē lā motˇ lɛ̄u~	沒時間了	derived	
พาลูกไปเที่ยวสวนสัตว์	pha luk pai thiao suan sat	pā lūkˋ bai tīauˋ sūanˊ satˇ	帶小孩去動物園玩	engine-auto	
ขยะเต็มถัง	kha ya tem tang	kaˇ yaˇ dem tangˊ	垃圾滿桶	derived	
ตลอดไป / ตลอดชีวิต	talot pai / talot chiwit	daˇ lɔ̄tˋ bai / daˇ lɔ̄tˋ chī wit~	永遠 / 一輩子	derived	
ผมจะรักคุณคนเดียวตลอดไป	phom cha rak khun khon diao talot pai	pomˊ jaˇ rak~ kun kon dhīau daˇ lɔ̄tˋ bai	我會永遠只愛你一個人	derived	
ขอถามหน่อย คุณว่างช่วงไหน	kho tam noi khun wang chuang nai	kɔ̄ˊ tāmˊ nɔ̄iˇ kun wāngˋ chūangˋ naiˊ	請問你哪段時間有空？	engine-auto	
ส่วนใหญ่ฉันว่างช่วงบ่ายโมงถึงบ่ายสามโมง	suan yai chan wang chuang bai mong teung bai sam mong	sūanˇ yaiˇ chanˊ wāngˋ chūangˋ bhāiˇ mōng tɯngˊ bhāiˇ sāmˊ mōng	大部分我下午一點到三點有空	engine-auto	
ฉันว่างช่วงบ่าย	chan wang chuang bai	chanˊ wāngˋ chūangˋ bhāiˇ	我下午有空	engine-auto	
ช่วงนี้เขาไม่ยอมไปทำงาน	chuang ni khao mai yom pai tam ngan	chūangˋ nī~ kāuˊ maiˋ yɔ̄m bai tam ngān	最近他不肯去上班	engine-auto	
ช่วงตรุษจีน หยุดเรียนสามอาทิตย์	chuang trut chin yut rian sam athit	chūangˋ drutˇ jīn yutˇ rīan sāmˊ ā tit~	春節期間我們放假三週	engine-auto	
ซีรีส์ช่องไหนสนุก / ละครช่องไหนสนุก	siri chong nai sanuk / la khon chong nai sanuk	sī rī chɔ̄ngˋ naiˊ saˇ nuk~ / la~ kɔ̄n chɔ̄ngˋ naiˊ saˇ nuk~	哪一台的影集/連續劇好看？	derived	
ตอนนี้ฝนตก / ตอนนี้ฝนกำลังตก	ton ni fon tok / ton ni fon kamlang tok	dɔ̄n nī~ fonˊ dokˇ / dɔ̄n nī~ fonˊ gam lang dokˇ	現在正在下雨	derived	
ฉันคิดว่าคุณไม่อ้วนเลย	chan kit wa khun mai uan loei	chanˊ kit~ wāˋ kun maiˋ ūanˋ lə̄i	我覺得你一點也不胖	engine-auto	
อ้วนไปหน่อย	uan pai noi	ūanˋ bai nɔ̄iˇ	最近變胖了一點	engine-auto	
นั่งรถไฟความเร็วสูงไปเกาสง	nang rot fai khwam reo sung pai kao song	nangˋ rot~ fai kwām rew sūngˊ bai gāu songˊ	坐高鐵去高雄	derived	
คนจน	khon chon	kon jon	窮人	derived	
มหาเศรษฐี	maha set thi	ma~ hāˊ srētˇ tīˊ	大富翁	derived	
มหาวิทยาลัย	mahawittayalai	ma~ hāˊ wi~ ta~ yā lai	大學	derived	
มหากษัตริย์	mahakasat	ma~ hāˊ gaˇ satˇ ri~	國王	derived	
มหาสมุทร	mahasamut	ma~ hāˊ saˇ mut~	大海 / 洋	derived	
ทำธุรกิจส่วนตัว	tam tu-ra-kit suan tua	tam tun gitˇ sūanˇ dūa	做個人生意 (私人的)	engine-auto	
ของใช้ส่วนตัว	khong chai suan tua	kɔ̄ngˊ chai~ sūanˇ dūa	私人物品	engine-auto	
ขอหวย	kho huai	kɔ̄ˊ hūayˊ	買彩券 / 賭博	derived	
เมื่อก่อนรวย เดี๋ยวนี้จน	meua kon ruai diao ni chon	mɯ̄aˋ gɔ̄nˇ rūay dhīauˊ nī~ jon	以前有錢，現在窮	derived	
หล่อแต่จน	lo tae chon	lɔ̄ˇ dɛ̄ˇ jon	帥但是窮	derived	
พวกเรายังไม่แก่	phuak rao yang mai kae	pūakˋ rāu yang maiˋ gɛ̄ˇ	我們還沒老	engine-auto	
อ้วนขึ้น	uan kheun	ūanˋ kɯnˋ	變胖	engine-auto	
คุณผอมลงหรืออ้วนขึ้น	khun phom long reu uan kheun	kun pɔ̄mˊ long rɯ̄ˊ ūanˋ kɯnˋ	你變瘦了還是變胖了？	engine-auto	
อ้วนขึ้นกี่กิโล	uan kheun ki kilo	ūanˋ kɯnˋ gīˇ giˇ lō	胖了幾公斤？	engine-auto	
อ้วนขึ้น 4 กิโล	uan kheun si kilo	ūanˋ kɯnˋ 4 giˇ lō	胖了 4 公斤	engine-auto	
อ้วนขึ้น 2 กิโล	uan kheun song kilo	ūanˋ kɯnˋ 2 giˇ lō	老師胖了 2 公斤	engine-auto	
ฉันคิดว่าเขาเป็นมหาเศรษฐี	Chan Khit Wa Khao Pen Maha Setthi	chanˊ kit~ wāˋ kāuˊ ben ma~ hāˊ srētˇ tīˊ	我認為他是大富翁	derived	
มหาเศรษฐี	Maha Setthi	ma~ hāˊ srētˇ tīˊ	大富翁	derived	
ฉันกินไม่หมด	Chan Kin Mai Mot	chanˊ gin maiˋ motˇ	我吃不完	derived	
ลืมหมดแล้ว	Luem Mot Laeo	lɯ̄m motˇ lɛ̄u~	忘光了	derived	
ผมกินไม่หมด	Phom Kin Mai Mot	pomˊ gin maiˋ motˇ	我吃不完（男）	derived	
ลูกคนรวย พ่อเป็นมหาเศรษฐี	Luk Khon Ruay Pho Pen Maha Setthi	lūkˋ kon rūay pɔ̄ˋ ben ma~ hāˊ srētˇ tīˊ	有錢人的小孩，爸爸是大富翁	derived	
ทำไมเขาจน	Thammai Khao Chon	tam mai kāuˊ jon	為什麼他很窮呢	derived	
อย่าดูถูกคนจน	Ya Du Thuk Khon Chon	yāˋ dhū tūkˇ kon jon	別看不起窮人	derived	
พวกเราเห็นใจคนจน	Phuak Rao Hen Chai Khon Chon	pūakˋ rāu henˊ jai kon jon	我們同情窮人	derived	
หวย	Huay	hūayˊ	樂透 / 彩券	derived	
ถูกหวย	Thuk Huay	tūkˇ hūayˊ	中獎	derived	
ผลไม้แก่	Phonlamai Kae	ponˊ mai~ gɛ̄ˇ	老的（熟透的）水果	derived	
มะม่วงแก่	Mamuang Kae	ma~ mūangˋ gɛ̄ˇ	老的（熟透的）芒果	engine-auto	
ส่วนใหญ่ผู้ชายเสียงต่ำ	Suan Yai Phu Chai Siang Tam	sūanˇ yaiˇ pūˋ chāi sīangˊ damˇ	大部分男人聲音很低	engine-auto	
เขาได้ทั้งหมดกี่คะแนน	Khao Dai Thang Mot Ki Khanaen	kāuˊ dhaiˋ tang~ motˇ gīˇ ka~ nɛ̄n	他全部得到幾票（幾分）	derived	
ช่วงนี้คุณผอมไปหน่อยนะ	Chuang Ni Khun Phom Pai Noi Na	chūangˋ nī~ kun pɔ̄mˊ bai nɔ̄iˇ na~	最近你瘦了一點喔	engine-auto	
ทำธุรกิจส่วนตัว	Tham Thurakit Suan Tua	tam tun gitˇ sūanˇ dūa	做私人生意	engine-auto	
ส่วนตัว	Suan Tua	sūanˇ dūa	私人 / 個人	engine-auto	
เวลาส่วนตัว	Wela Suan Tua	wē lā sūanˇ dūa	私人時間	engine-auto	
เรื่องส่วนตัว	Rueang Suan Tua	rɯ̄angˋ sūanˇ dūa	私人的事情	engine-auto	
ของใช้ส่วนตัว	Khong Chai Suan Tua	kɔ̄ngˊ chai~ sūanˇ dūa	私人用品	engine-auto	
เครื่องบินส่วนตัว	Khrueang Bin Suan Tua	krɯ̄angˋ bhin sūanˇ dūa	私人飛機	engine-auto	
ทั้งหมดมีกี่วิธี	Thang Mot Mi Ki Withi	tang~ motˇ mī gīˇ wi~ tī	全部有幾個方法	derived	
ง่วง	Nguang	ngūangˋ	困了	engine-auto	
ง่วงเหมือนกัน	Nguang Muean Kan	ngūangˋ mɯ̄anˊ gan	一樣困	engine-auto	
งง	Ngong	ngong	迷惑 / 糊塗 / 混淆	derived	
ก็งงเหมือนกัน	Ko Ngong Muean Kan	gɔ̄ˋ ngong mɯ̄anˊ gan	一樣糊塗	derived	
งงมาก	Ngong Mak	ngong mākˋ	很糊塗	derived	
ยิ่งฟังยิ่งงง	Ying Fang Ying Ngong	yingˋ fang yingˋ ngong	越聽越糊塗	derived	
สกปรก	Sokkaprok	sokˇ brokˇ	髒	derived	
สอนภาษาอังกฤษ	Son Phasa Angkrit	sɔ̄nˊ pā sāˊ ang gritˇ	教英文	derived	
ช่วงนี้เบื่องานไหม	Chuang Ni Buea Ngan Mai	chūangˋ nī~ bhɯ̄aˇ ngān maiˊ	最近厭煩工作嗎	engine-auto	
เขาซวยจริงๆ	Khao Suay Ching Ching	kāuˊ sūay jing jing	他真的很倒霉	derived	
ขยันทำงาน	Khayan Tham Ngan	kaˇ yanˊ tam ngān	勤勞工作	derived	
ขยันเรียน	Khayan Rian	kaˇ yanˊ rīan	勤勞學習	derived	
ขยันเรียนไหม	Khayan Rian Mai	kaˇ yanˊ rīan maiˊ	有勤勞學習嗎	derived	
ขยันหาเงิน	Khayan Ha Ngoen	kaˇ yanˊ hāˊ ngə̄n	勤勞賺錢	derived	
ขยันหาเงินไหม	Khayan Ha Ngoen Mai	kaˇ yanˊ hāˊ ngə̄n maiˊ	有勤勞賺錢嗎	derived	
ขยันเก็บเงิน	Khayan Kep Ngoen	kaˇ yanˊ gepˇ ngə̄n	勤勞存錢	derived	
ขยันทำการบ้าน	Khayan Tham Kan Ban	kaˇ yanˊ tam gān bhānˋ	勤勞做作業	derived	
ขยันทำการบ้านไหม	Khayan Tham Kan Ban Mai	kaˇ yanˊ tam gān bhānˋ maiˊ	有勤勞做作業嗎	derived	
ฉันขยันทำการบ้าน	Chan Khayan Tham Kan Ban	chanˊ kaˇ yanˊ tam gān bhānˋ	我勤勞做作業	derived	
ขยันจัง	Khayan Chang	kaˇ yanˊ jang	真勤勞	derived	
ขยันจริงๆ	Khayan Ching Ching	kaˇ yanˊ jing jing	真的很勤勞	derived	
ติดต่อสะดวก	Tittat Saduak	ditˇ dɔ̄ˇ saˇ dhūakˇ	聯絡方便	engine-auto	
เข้าออกสะดวก	Khao Ok Saduak	kāuˋ ɔ̄kˇ saˇ dhūakˇ	進出方便	engine-auto	
ถ้ามีรถไฟฟ้าไปไหนมาไหนสะดวก	Tha Mi Rot Fai Fa Pai Nai Ma Nai Saduak	tāˋ mī rot~ fai fā~ bai naiˊ mā naiˊ saˇ dhūakˇ	如果有捷運去哪裡都方便	engine-auto	
ตอนนี้ไม่สะดวก	Ton Ni Mai Saduak	dɔ̄n nī~ maiˋ saˇ dhūakˇ	現在不方便	engine-auto	
กำลังเรียนภาษาไทยไม่สะดวกคุย	Kamlang Rian Phasa Thai Mai Saduak Khui	gam lang rīan pā sāˊ tai maiˋ saˇ dhūakˇ kui	正在學泰文不方便講話	engine-auto	
ธรรมดา	Thammada	tam dhā	普通 / 平常 / 通常	derived	
คนธรรมดา	Khon Thammada	kon tam dhā	普通人	derived	
ปกติ	Pokkati	bokˇ diˇ	正常 / 平常	derived	
วันธรรมดา	Wan Thammada	wan tam dhā	平日	derived	
ธรรมดา 30 พิเศษ 60	Thammada 30 Phiset 60	tam dhā 30 pi~ sētˇ 60	普通30（塊）特大60（塊）	derived	
เป็นเรื่องธรรมดา	Pen Rueang Thammada	ben rɯ̄angˋ tam dhā	是平常的事情	derived	
สว่าง	Sawang	saˇ wāngˋ	亮	derived	
สว่างไม่พอ	Sawang Mai Pho	saˇ wāngˋ maiˋ pɔ̄	不夠亮	derived	
ฟ้าสว่างแล้ว	Fa Sawang Laeo	fā~ saˇ wāngˋ lɛ̄u~	天亮了	derived	
ตาสว่าง	Ta Sawang	dā saˇ wāngˋ	眼睛亮了 / 看清事實	derived	
อ้วนขึ้น	uan khuen	ūanˋ kɯnˋ	變胖了	engine-auto	
อ้วน	uan	ūanˋ	胖	engine-auto	
ง่วง	nguang	ngūangˋ	想睡覺 / 困	engine-auto	
ง่วงก็ไปนอน	nguang ko pai non	ngūangˋ gɔ̄ˋ bai nɔ̄n	困就去睡覺	engine-auto	
ง่วงแต่ไม่ยอมนอน	nguang tae mai yom non	ngūangˋ dɛ̄ˇ maiˋ yɔ̄m nɔ̄n	困但不肯睡	engine-auto	
ถ้าง่วงอย่าขับรถ	tha nguang ya khap rot	tāˋ ngūangˋ yāˋ kapˇ rot~	如果困別開車	engine-auto	
ถ้าง่วงอย่าขับรถดีกว่า	tha nguang ya khap rot di kwa	tāˋ ngūangˋ yāˋ kapˇ rot~ dhī gwāˇ	如果困別開車比較好	engine-auto	
งง	ngong	ngong	迷糊 / 搞混	derived	
คุณยิ่งพูดฉันยิ่งงง	khun ying phut chan ying ngong	kun yingˋ pūtˋ chanˊ yingˋ ngong	你越說我越糊塗	derived	
เรื่องนี้ยิ่งฟังยิ่งงง	rueang ni ying fang ying ngong	rɯ̄angˋ nī~ yingˋ fang yingˋ ngong	這件事情越聽越糊塗	derived	
เขาทำให้ผมงงจริงๆ	khao tham hai phom ngong ching ching	kāuˊ tam haiˋ pomˊ ngong jing jing	他真的讓我搞混（男）	derived	
เขาทำให้ฉันงงจริงๆ	khao tham hai chan ngong ching ching	kāuˊ tam haiˋ chanˊ ngong jing jing	他真的讓我搞混（女）	derived	
ดูละคร	du lakhorn	dhū la~ kɔ̄n	看劇	derived	
ถ้าไม่ขยัน ก็จะไม่มีเงิน	tha mai khayan ko cha mai mi ngoen	tāˋ maiˋ kaˇ yanˊ gɔ̄ˋ jaˇ maiˋ mī ngə̄n	如果不勤勞，就會沒有錢	derived	
ขยันทำงาน	khayan thamngan	kaˇ yanˊ tam ngān	勤勞工作	derived	
ถ้าอยากหุ่นดี ต้องขยันออกกำลังกาย	tha yak hun di tong khayan ok kamlang kai	tāˋ yākˋ hunˇ dhī dɔ̄ngˋ kaˇ yanˊ ɔ̄kˇ gam lang gāi	如果想要好身材，就要勤勞運動	derived	
ขยันทำการบ้าน	khayan tham kanban	kaˇ yanˊ tam gān bhānˋ	努力做作業	derived	
การบ้านภาษาอังกฤษ	kanban phasa angkrit	gān bhānˋ pā sāˊ ang gritˇ	英文作業	derived	
ตอนนี้สะดวกคุยไหม	torn ni saduak khui mai	dɔ̄n nī~ saˇ dhūakˇ kui maiˊ	現在你方便講話嗎？	engine-auto	
ตอนนี้ผมไม่สะดวก	torn ni phom mai saduak	dɔ̄n nī~ pomˊ maiˋ saˇ dhūakˇ	現在我不方便	engine-auto	
คุณสะดวกตอนไหน	khun saduak torn nai	kun saˇ dhūakˇ dɔ̄n naiˊ	你何時方便？	engine-auto	
ไปไหนมาไหนสะดวก	pai nai ma nai saduak	bai naiˊ mā naiˊ saˇ dhūakˇ	去哪裡都方便	engine-auto	
ติดต่อสะดวก	tiktio saduak	ditˇ dɔ̄ˇ saˇ dhūakˇ	聯絡方便	engine-auto	
เดี๋ยวนี้ติดต่อกันสะดวก	diao ni tiktio kan saduak	dhīauˊ nī~ ditˇ dɔ̄ˇ gan saˇ dhūakˇ	現在聯絡很方便	engine-auto	
ธรรมดา	thammada	tam dhā	普通 / 平常	derived	
คนธรรมดา	khon thammada	kon tam dhā	普通人	derived	
เรื่องธรรมดา	rueang thammada	rɯ̄angˋ tam dhā	平常的事	derived	
ผมเป็นแค่คนธรรมดา ไม่ใช่มหาเศรษฐี	phom pen khae khon thammada mai chai maha setthi	pomˊ ben kɛ̄ˋ kon tam dhā maiˋ chaiˋ ma~ hāˊ srētˇ tīˊ	我只是個普通人，不是大富翁	derived	
วันธรรมดา	wan thammada	wan tam dhā	平日	derived	
เที่ยววันธรรมดา ทั้งถูก ทั้งคนน้อย	thiao wan thammada thang thuk thang khon noi	tīauˋ wan tam dhā tang~ tūkˇ tang~ kon nɔ̄i~	平日去玩，既便宜人又少	derived	
ปัญหาก็คือ ไม่มีเวลา วันธรรมดาต้องทำงาน	panha ko khue mai mi wela wan thammada tong thamngan	ban hāˊ gɔ̄ˋ kɯ̄ maiˋ mī wē lā wan tam dhā dɔ̄ngˋ tam ngān	問題是平日要工作沒時間	derived	
สว่าง	sawang	saˇ wāngˋ	亮	derived	
ฟ้าสว่างแล้ว ตื่นได้แล้ว	fa sawang laeo tuen dai laeo	fā~ saˇ wāngˋ lɛ̄u~ dɯ̄nˇ dhaiˋ lɛ̄u~	天亮了，可以起床了	derived	
มือถือสว่างเกินไป	mue thue sawang koen pai	mɯ̄ tɯ̄ˊ saˇ wāngˋ gə̄n bai	手機太亮了	derived	
มือถือสว่างไป	mue thue sawang pai	mɯ̄ tɯ̄ˊ saˇ wāngˋ bai	手機太亮了（省略語）	derived	
เธอตาสว่างหรือยัง	thoe ta sawang rue yang	tə̄ dā saˇ wāngˋ rɯ̄ˊ yang	妳看清事實（大開眼界）了嗎？	derived	
รู้สึกง่วงนอน	ru suek nguang non	rū~ sɯkˇ ngūangˋ nɔ̄n	感覺想睡覺	engine-auto	
รู้สึกง่วง	ru suek nguang	rū~ sɯkˇ ngūangˋ	感覺睏	engine-auto	
รู้สึกงง	ru suek ngong	rū~ sɯkˇ ngong	感到很糊塗	derived	
แปลกจริงๆ	plaek jing jing	blɛ̄kˇ jing jing	真的奇怪	derived	
ขม	khom	komˊ	苦	derived	
มะระขมแต่มีประโยชน์	ma ra khom tae mee pra yote	ma~ ra~ komˊ dɛ̄ˇ mī braˇ yōtˋ	苦瓜很苦但是很有好處	derived	
ช่วงนี้อากาศแย่	chuang nee a kat yae	chūangˋ nī~ ā gātˇ yɛ̄ˋ	最近天氣很糟	engine-auto	
นิสัยแย่จริงๆ	ni sai yae jing jing	ni~ saiˊ yɛ̄ˋ jing jing	個性真的變很糟	derived	
รสชาติเป็นยังไงบ้าง	rot chaat pen yang ngai bang	rot~ chātˋ ben yang ngai bhāngˋ	口味如何呢	derived	
รสชาติดี	rot chaat dee	rot~ chātˋ dhī	口味很好	derived	
รสชาติอร่อย	rot chaat a roy	rot~ chātˋ aˇ rɔ̄iˋ	味道很好吃	derived	
ไม่มีรสชาติ	mai mee rot chaat	maiˋ mī rot~ chātˋ	沒有味道	derived	
รสชาติแย่มาก	rot chaat yae mak	rot~ chātˋ yɛ̄ˋ mākˋ	味道很糟糕	derived	
คุณชอบมาม่ารสอะไร	khun chop ma ma rot a rai	kun chɔ̄pˋ mā māˋ rot~ aˇ rai	你喜歡什麼口味的泡麵	derived	
มาม่ารสต้มยำ	ma ma rot tom yum	mā māˋ rot~ domˋ yam	酸辣蝦湯口味泡麵	derived	
มาม่ารสแกงเขียวหวาน	ma ma rot kaeng khiao wan	mā māˋ rot~ gɛ̄ng kīauˊ wānˊ	綠咖哩口味泡麵	derived	
ช่วงนี้อากาศแย่	chuang nee a kat yae	chūangˋ nī~ ā gātˇ yɛ̄ˋ	最近天氣很糟	engine-auto	
นิสัยแย่จริงๆ	ni sai yae jing jing	ni~ saiˊ yɛ̄ˋ jing jing	個性真的變很糟	derived	
รสชาติเป็นยังไงบ้าง	rot chaat pen yang ngai bang	rot~ chātˋ ben yang ngai bhāngˋ	口味如何呢	derived	
รสชาติดี	rot chaat dee	rot~ chātˋ dhī	口味很好	derived	
รสชาติอร่อย	rot chaat a roy	rot~ chātˋ aˇ rɔ̄iˋ	味道很好吃	derived	
ไม่มีรสชาติ	mai mee rot chaat	maiˋ mī rot~ chātˋ	沒有味道	derived	
รสชาติแย่มาก	rot chaat yae mak	rot~ chātˋ yɛ̄ˋ mākˋ	味道很糟糕	derived	
คุณชอบมาม่ารสอะไร	khun chop ma ma rot a rai	kun chɔ̄pˋ mā māˋ rot~ aˇ rai	你喜歡什麼口味的泡麵	derived	
มาม่ารสต้มยำ	ma ma rot tom yum	mā māˋ rot~ domˋ yam	酸辣蝦湯口味泡麵	derived	
มาม่ารสแกงเขียวหวาน	ma ma rot kaeng khiao wan	mā māˋ rot~ gɛ̄ng kīauˊ wānˊ	綠咖哩口味泡麵	derived	
รู้สึกง่วงนอน	ru suek nguang non	rū~ sɯkˇ ngūangˋ nɔ̄n	感覺想睡覺	engine-auto	
รู้สึกง่วง	ru suek nguang	rū~ sɯkˇ ngūangˋ	感覺睏	engine-auto	
รู้สึกงง	ru suek ngong	rū~ sɯkˇ ngong	感到很糊塗	derived	
แปลกจริงๆ	plaek jing jing	blɛ̄kˇ jing jing	真的奇怪	derived	
三ทุ่มครึ่ง	sam thum khrueng	三 tumˋ krɯngˋ	九點半	engine-auto	
二ทุ่มครึ่ง	song thum khrueng	二 tumˋ krɯngˋ	八點半	engine-auto	
ขม	khom	komˊ	苦	derived	
มะระขมแต่มีประโยชน์	ma ra khom tae mee pra yote	ma~ ra~ komˊ dɛ̄ˇ mī braˇ yōtˋ	苦瓜很苦但是很有好處	derived	
ช่วงนี้อากาศแย่	chuang nee a kat yae	chūangˋ nī~ ā gātˇ yɛ̄ˋ	最近天氣很糟	engine-auto	
นิสัยแย่จริงๆ	ni sai yae jing jing	ni~ saiˊ yɛ̄ˋ jing jing	個性真的變很糟	derived	
รสชาติเป็นยังไงบ้าง	rot chaat pen yang ngai bang	rot~ chātˋ ben yang ngai bhāngˋ	口味如何呢	derived	
รสชาติดี	rot chaat dee	rot~ chātˋ dhī	口味很好	derived	
รสชาติอร่อย	rot chaat a roy	rot~ chātˋ aˇ rɔ̄iˋ	味道很好吃	derived	
ไม่มีรสชาติ	mai mee rot chaat	maiˋ mī rot~ chātˋ	沒有味道	derived	
รสชาติแย่มาก	rot chaat yae mak	rot~ chātˋ yɛ̄ˋ mākˋ	味道很糟糕	derived	
คุณชอบมาม่ารสอะไร	khun chop ma ma rot a rai	kun chɔ̄pˋ mā māˋ rot~ aˇ rai	你喜歡什麼口味的泡麵	derived	
มาม่ารสต้มยำ	ma ma rot tom yum	mā māˋ rot~ domˋ yam	酸辣蝦湯口味泡麵	derived	
มาม่ารสแกงเขียวหวาน	ma ma rot kaeng khiao wan	mā māˋ rot~ gɛ̄ng kīauˊ wānˊ	綠咖哩口味泡麵	derived	
ช่วงนี้งานยุ่ง	chuang nee ngan yung	chūangˋ nī~ ngān yungˋ	這陣子工作忙	engine-auto	
ช่วงนี้ยุ่งไหม	chuang nee yung mai	chūangˋ nī~ yungˋ maiˊ	這陣子忙嗎	engine-auto	
ซื้อหวยพรุ่งนี้รวยแน่นอน	sue huai phrung nee ruai nae non	sɯ̄~ hūayˊ prungˋ nī~ rūay nɛ̄ˋ nɔ̄n	買彩券明天一定發財	derived	
บ้าหวย	ba huai	bhāˋ hūayˊ	瘋樂透	derived	
รสชาติแปลกๆ	rot chat bplaek bplaek	rot~ chātˋ blɛ̄kˇ blɛ̄kˇ	味道怪怪的	derived	
ช่วงนี้มีเรื่องแปลกๆ	chuang nee mee rueang bplaek bplaek	chūangˋ nī~ mī rɯ̄angˋ blɛ̄kˇ blɛ̄kˇ	最近有奇怪的事情發生	engine-auto	
ภรรยาเป็นโรคมะเร็ง	panyaya bpen rok ma reng	pan yā ben rōkˋ ma~ reng	妻子得了癌症	derived	
ขม	kom	komˊ	苦	derived	
ของอะไรมีรสขม	kong arai mee rot kom	kɔ̄ngˊ aˇ rai mī rot~ komˊ	什麼東西有苦味？	derived	
มะระมีรสขม	ma ra mee rot kom	ma~ ra~ mī rot~ komˊ	苦瓜有苦味	derived	
กาแฟมีรสขม	ga fae mee rot kom	gā fɛ̄ mī rot~ komˊ	咖啡有苦味	derived	
ยาก็มีรสขม	ya gor mee rot kom	yā gɔ̄ˋ mī rot~ komˊ	藥也有苦味	derived	
เหม็นจริงๆ	men jing jing	menˊ jing jing	真的臭	derived	
ทุเรียนเหม็นจริงๆ	tu rian men jing jing	tu~ rīan menˊ jing jing	榴槤真的臭	derived	
รสชาติเป็นยังไง	rot chat bpen yang ngai	rot~ chātˋ ben yang ngai	味道怎麼樣	derived	
รสชาติเฉยๆ	rot chat choey choey	rot~ chātˋ chə̄iˊ chə̄iˊ	味道普通（馬馬虎虎）	derived	
รสชาติแย่มาก	rot chat yae maak	rot~ chātˋ yɛ̄ˋ mākˋ	味道很糟	derived	
รสช็อกโกแลต	rot chok go laet	rot~ chɔ̄kˋ gō lɛ̄tˋ	巧克力口味	derived	
ไอติมรสช็อกโกแลต	ai dtim rot chok go laet	ai dim rot~ chɔ̄kˋ gō lɛ̄tˋ	巧克力口味冰淇淋	derived	
ไอติมรสสตรอว์เบอร์รี	ai dtim rot sa dtor ber ree	ai dim rot~ saˇ rɔ̄ bhə̄ rī	草莓口味冰淇淋	derived	
มาม่ารสต้มยำกุ้ง	ma ma rot dtom yam goong	mā māˋ rot~ domˋ yam gungˋ	泰式酸辣蝦口味泡麵	derived	
คนส่วนใหญ่กลัวอะไรที่สุด	kon suan yai glua arai tee soot	kon sūanˇ yaiˇ glūa aˇ rai tīˋ sutˇ	大多數人最怕什麼？	engine-auto	
คนส่วนใหญ่กลัวอะไรมากที่สุด	kon suan yai glua arai maak tee soot	kon sūanˇ yaiˇ glūa aˇ rai mākˋ tīˋ sutˇ	大多數人最怕什麼？（加強）	engine-auto	
คนส่วนใหญ่กลัวผี	kon suan yai glua pee	kon sūanˇ yaiˇ glūa pīˊ	大多數人怕鬼	engine-auto	
คนส่วนใหญ่กลัวอ้วน	kon suan yai glua uan	kon sūanˇ yaiˇ glūa ūanˋ	大多數人怕胖	engine-auto	
คนส่วนใหญ่กลัวไม่มีเงิน	kon suan yai glua mai mee ngen	kon sūanˇ yaiˇ glūa maiˋ mī ngə̄n	大多數人怕沒錢	engine-auto	
ช่วงนี้รู้สึกแย่มาก	chuang nee roo seuk yae maak	chūangˋ nī~ rū~ sɯkˇ yɛ̄ˋ mākˋ	最近心情感到很糟	engine-auto	
ช่วงนี้เป็นยังไง	chuang ni pen yang ngai	chūangˋ nī~ ben yang ngai	這陣子怎麼樣？	engine-auto	
พรุ่งนี้ฝนจะตก เป็นไปได้หรือเป็นไปไม่ได้	phrung ni fon cha tok pen pai dai rue pen pai mai dai	prungˋ nī~ fonˊ jaˇ dokˇ ben bai dhaiˋ rɯ̄ˊ ben bai maiˋ dhaiˋ	明天會下雨，有可能還是不可能？	derived	
ช่วงนี้เครียดมาก	chuang ni khriat mak	chūangˋ nī~ krīatˋ mākˋ	最近壓力很大喔	engine-auto	
做หน้าไม่เข้าใจ	tam na mai khao chai	做 nāˋ maiˋ kāuˋ jai	擺出一副不懂的樣子	engine-auto	
做หน้าไม่รู้	tam na mai ru	做 nāˋ maiˋ rū~	擺出一副不知道的樣子	engine-auto	
ช่วงนี้เครียดไหม	chuang ni khriat mai	chūangˋ nī~ krīatˋ maiˊ	你最近有壓力嗎？	engine-auto	
ช่วงนี้เครียดไหมคะ	chuang ni khriat mai kha	chūangˋ nī~ krīatˋ maiˊ ka~	最近有壓力嗎？（禮貌句尾）	engine-auto	
สมน้ำหน้า	som nam na	somˊ nām~ nāˋ	活該	derived	
เป็นลม	bpen lom	ben lom	昏倒	derived	
เขาเป็นลม	kao bpen lom	kāuˊ ben lom	他昏倒了	derived	
เคยเป็นลมไหม	koey bpen lom mai	kə̄i ben lom maiˊ	你曾經昏倒過嗎？	derived	
ช่วงนี้มีคนเป็นหวัดเยอะ	chuang nee mee kon bpen wat yuh	chūangˋ nī~ mī kon ben watˇ yə~	最近有很多人感冒	engine-auto	
เป็นห่วง	bpen huang	ben hūangˇ	擔心	derived	
ฉันเป็นห่วงคุณนะ	chan bpen huang kun na	chanˊ ben hūangˇ kun na~	我很擔心你	derived	
ไม่ต้องเป็นห่วง	mai dtong bpen huang	maiˋ dɔ̄ngˋ ben hūangˇ	不用擔心	derived	
เป็นคู่กันตั้งแต่ชาติที่แล้ว	bpen koo gan dtang dtae chat tee laew	ben kūˋ gan dangˋ dɛ̄ˇ chātˋ tīˋ lɛ̄u~	前世就是一對夫妻	derived	
พวกเราเป็นกันเอง	puak rao bpen gan eng	pūakˋ rāu ben gan ēng	我們很親切	engine-auto	
บริษัทน่าเชื่อ	Bo ri sat na chuea	bhɔ̄ ri~ satˇ nāˋ chɯ̄aˋ	公司很可信	derived	
เรื่องนี้โอ้น่าอายจริงๆ	Rueang ni o na ai jing jing	rɯ̄angˋ nī~ ōˋ nāˋ āi jing jing	這件事真的很丟臉	derived	
น่าสนใจ	Na son chai	nāˋ sonˊ jai	有趣/令人感興趣	derived	
ฉันสนใจภาษาไทย	Chan son chai pha sa Thai	chanˊ sonˊ jai pā sāˊ tai	我對泰文感興趣	derived	
ภาษาไทยน่าสนใจ	Pha sa Thai na son chai	pā sāˊ tai nāˋ sonˊ jai	泰文很有趣	derived	
น่าเป็นห่วง	Na pen huang	nāˋ ben hūangˇ	令人擔心	derived	
อาการน่าเป็นห่วง	A kan na pen huang	ā gān nāˋ ben hūangˇ	症狀令人擔心	derived	
ฉลามน่ากลัว	Cha lam na klua	chaˇ lāˊ nāˋ glūa	鯊魚很可怕	derived	
น่าสงสาร	Na song san	nāˋ songˊ sānˊ	可憐/令人同情	derived	
สงสารฉันหน่อย	Song san chan noi	songˊ sānˊ chanˊ nɔ̄iˇ	同情我一下	derived	
แมวน่าสงสาร	Maew na song san	mɛ̄u nāˋ songˊ sānˊ	貓咪很可憐	derived	
บ่น	bon	bhonˇ	抱怨	derived	
ขี้บ่น	khii bon	kīˋ bhonˇ	愛抱怨	derived	
สงสัย	songsai	songˊ saiˊ	懷疑/好奇	derived	
ขี้สงสัย	khii songsai	kīˋ songˊ saiˊ	多疑	derived	
พรุ่งนี้ฝนจะตกเป็นไปไม่ได้	Phrungni fon cha tok pen pai mai dai	prungˋ nī~ fonˊ jaˇ dokˇ ben bai maiˋ dhaiˋ	明天下雨是不可能的	derived	
เป็นลม	pen lom	ben lom	昏倒	derived	
เพราะว่าร้อน ก็เลยเป็นลม	phrao wa ron ko loei pen lom	prɔ~ wāˋ rɔ̄n~ gɔ̄ˋ lə̄i ben lom	因為很熱，所以就昏倒了	derived	
ช่วยด้วย เพื่อนผมเป็นลม	chuai duai phuean phom pen lom	chūayˋ dhūayˋ pɯ̄anˋ pomˊ ben lom	救命啊，我朋友昏倒了	derived	
ช่วยด้วยค่ะ เพื่อนผมเป็นลม	chuai duai kha phuean phom pen lom	chūayˋ dhūayˋ kaˋ pɯ̄anˋ pomˊ ben lom	救命啊，我朋友昏倒了 (女)	derived	
ฟังเธอบ่นทุกวัน ผมใกล้จะเป็นบ้าแล้ว	fang thoe bon thuk wan phom klai cha pen ba laeo	fang tə̄ bhonˇ tuk~ wan pomˊ glaiˋ jaˇ ben bhāˋ lɛ̄u~	聽你抱怨每天，我快要發瘋了 (男)	derived	
ฟังเธอบ่นทุกวัน ฉันใกล้จะเป็นบ้าแล้ว	fang thoe bon thuk wan chan klai cha pen ba laeo	fang tə̄ bhonˇ tuk~ wan chanˊ glaiˋ jaˇ ben bhāˋ lɛ̄u~	聽你抱怨每天，我快要發瘋了 (女)	derived	
เป็นห่วง	pen huang	ben hūangˇ	擔心	derived	
ผมเป็นห่วงคุณนะ	phom pen huang khun na	pomˊ ben hūangˇ kun na~	我好擔心你喔	derived	
ไม่ต้องเป็นห่วงฉัน	mai tong pen huang chan	maiˋ dɔ̄ngˋ ben hūangˇ chanˊ	不用擔心我	derived	
ตั้งแต่ชาติที่แล้ว	tang tae chat thi laeo	dangˋ dɛ̄ˇ chātˋ tīˋ lɛ̄u~	從上輩子開始	derived	
พวกเขาเป็นคู่ตั้งแต่ชาติที่แล้ว	phuak khao pen khu tang tae chat thi laeo	pūakˋ kāuˊ ben kūˋ dangˋ dɛ̄ˇ chātˋ tīˋ lɛ̄u~	他們從上輩子就是一對	derived	
พวกเขาเป็นคู่กันตั้งแต่ชาติที่แล้ว	phuak khao pen khu kan tang tae chat thi laeo	pūakˋ kāuˊ ben kūˋ gan dangˋ dɛ̄ˇ chātˋ tīˋ lɛ̄u~	他們（彼此）從上輩子就是一對	derived	
พวกเราเป็นคนกันเองไม่ต้องเกรงใจ	phuak rao pen khon kan eng mai tong kreng chai	pūakˋ rāu ben kon gan ēng maiˋ dɔ̄ngˋ grēng jai	我們是自己人，不用客氣	engine-auto	
รสชาติอร่อยเป็นพิเศษ	rotchat aroi pen phi set	rot~ chātˋ aˇ rɔ̄iˋ ben pi~ sētˇ	味道特別好吃	derived	
วันนี้ง่วงเป็นพิเศษ	วันนี้ง่วงเป็นพิเศษ	wan nī~ ngūangˋ ben pi~ sētˇ	今天特別想睡覺	engine-auto	
หึงตลอดเวลา	Hung talord wela	hɯngˊ daˇ lɔ̄tˋ wē lā	隨時都在吃醋	derived	
ขี้สงสัย	Kee Songsay	kīˋ songˊ saiˊ	愛好奇/懷疑	derived	
ผมสงสัยจังทำไมแท็กซี่เมืองไทยมีหลายสี	Phom songsay jang thammai taxi mueang Thai mee lai si	pomˊ songˊ saiˊ jang tam mai tɛk~ sīˋ mɯ̄ang tai mī lāiˊ sīˊ	我很好奇為什麼泰國計程車有這麼多顏色	derived	
คุณสงสัยไหมมันต่างกันยังไง	Khun songsay mai man tang kan yang ngai	kun songˊ saiˊ maiˊ man dāngˇ gan yang ngai	你好奇嗎？它有什麼不同？	derived	
ขี้เมาตกเครื่องสมน้ำหน้า	Kee mao tok khrueang som nam na	kīˋ māu dokˇ krɯ̄angˋ somˊ nām~ nāˋ	酒鬼趕不上飛機，活該	derived	
做หน้าซีเรียสมาก	Tham na serious mak	做 nāˋ sī rīatˋ mākˋ	臉看起來很認真	engine-auto	
ช่วงนี้เครียดมากก็เลยนอนไม่หลับ	Chuang nee kried mak kor loei norn mai lub	chūangˋ nī~ krīatˋ mākˋ gɔ̄ˋ lə̄i nɔ̄n maiˋ lapˇ	最近壓力很大所以睡不著	engine-auto	
มีอะไรสงสัยไหมคะ	Mee arai songsay mai ka	mī aˇ rai songˊ saiˊ maiˊ ka~	有什麼疑問嗎	derived	
ช่วงนี้อากาศเป็นอย่างไร	chuang ni akat pen yang rai	chūangˋ nī~ ā gātˇ ben yāngˋ rai	最近天氣如何？	engine-auto	
อุณหภูมิ	un ha phum	uˇ na~ pūm	氣溫	derived	
องศา	ong sa	ong sāˊ	度	derived	
วันนี้อุณหภูมิ กี่องศา	wan ni un ha phum ki ong sa	wan nī~ uˇ na~ pūm gīˇ ong sāˊ	今天氣溫幾度？	derived	
25 องศา	yi sip ha ong sa	25 ong sāˊ	25度	derived	
90 องศา	kao sip ong sa	90 ong sāˊ	90度	derived	
อบขนมปัง ใช้อุณหภูมิ กี่องศา	op kha nom pang chai un ha phum ki ong sa	opˇ kaˇ nom bang chai~ uˇ na~ pūm gīˇ ong sāˊ	烤麵包用幾度氣溫？	derived	
ในเมืองไทย ปีหนึ่ง มี 3 ฤดู	nai mueang thai pi nueng mi sam rue du	nai mɯ̄ang tai bī nɯngˇ mī 3 rɯ dhū	在泰國一年有三個季節	derived	
ฤดู	rue du	rɯ dhū	季節	derived	
ฤดูร้อน	rue du ron	rɯ dhū rɔ̄n~	夏季	derived	
ฤดูฝน	rue du fon	rɯ dhū fonˊ	雨季	derived	
ฤดูหนาว	rue du nao	rɯ dhū nāuˊ	冬季	derived	
ฤดูร้อน อากาศที่ไทเป อบอ้าว	rue du ron akat thi thai pe op ao	rɯ dhū rɔ̄n~ ā gātˇ tīˋ tai bē opˇ āuˋ	夏季台北的天氣悶熱	derived	
ฤดูหนาว อากาศที่ไทเป หนาวชื้น	rue du nao akat thi thai pe nao chuen	rɯ dhū nāuˊ ā gātˇ tīˋ tai bē nāuˊ chɯ̄n~	冬季台北的天氣濕冷	derived	
ที่ไต้หวัน ไม่มี ฤดูฝน	thi tai wan mai mi rue du fon	tīˋ daiˋ wanˊ maiˋ mī rɯ dhū fonˊ	在台灣沒有雨季	derived	
ฝนตกทั้งปี	fon tok thang pi	fonˊ dokˇ tang~ bī	全年下雨	derived	
หน้าฝน	na fon	nāˋ fonˊ	雨季（口語）	derived	
ฤดูใบไม้ผลิ	rue du bai mai phli	rɯ dhū bhai mai~ pliˇ	春季	derived	
ฤดูใบไม้ร่วง	rue du bai mai ruang	rɯ dhū bhai mai~ rūangˋ	秋季	derived	
ร่วง	ruang	rūangˋ	掉落	engine-auto	
ผมร่วง	phom ruang	pomˊ rūangˋ	掉頭髮	engine-auto	
ฤดูทุเรียน	rue du thu rian	rɯ dhū tu~ rīan	榴槤季	derived	
ช่วงนี้เป็นหน้าทุเรียน	chuang ni pen na thu rian	chūangˋ nī~ ben nāˋ tu~ rīan	最近是榴槤季	engine-auto	
หน้าสับปะรด	na sap pa rot	nāˋ sapˇ baˇ rot~	鳳梨季	derived	
ช่วงนี้อากาศเป็นอย่างไร	chuang ni akat pen yang rai	chūangˋ nī~ ā gātˇ ben yāngˋ rai	最近天氣如何？	engine-auto	
อุณหภูมิ	un ha phum	uˇ na~ pūm	氣溫	derived	
องศา	ong sa	ong sāˊ	度	derived	
วันนี้อุณหภูมิ กี่องศา	wan ni un ha phum ki ong sa	wan nī~ uˇ na~ pūm gīˇ ong sāˊ	今天氣溫幾度？	derived	
25 องศา	yi sip ha ong sa	25 ong sāˊ	25度	derived	
90 องศา	kao sip ong sa	90 ong sāˊ	90度	derived	
อบขนมปัง ใช้อุณหภูมิ กี่องศา	op kha nom pang chai un ha phum ki ong sa	opˇ kaˇ nom bang chai~ uˇ na~ pūm gīˇ ong sāˊ	烤麵包用幾度氣溫？	derived	
ในเมืองไทย ปีหนึ่ง มี 3 ฤดู	nai mueang thai pi nueng mi sam rue du	nai mɯ̄ang tai bī nɯngˇ mī 3 rɯ dhū	在泰國一年有三個季節	derived	
ฤดู	rue du	rɯ dhū	季節	derived	
ฤดูร้อน	rue du ron	rɯ dhū rɔ̄n~	夏季	derived	
ฤดูฝน	rue du fon	rɯ dhū fonˊ	雨季	derived	
ฤดูหนาว	rue du nao	rɯ dhū nāuˊ	冬季	derived	
ฤดูร้อน อากาศที่ไทเป อบอ้าว	rue du ron akat thi thai pe op ao	rɯ dhū rɔ̄n~ ā gātˇ tīˋ tai bē opˇ āuˋ	夏季台北的天氣悶熱	derived	
ฤดูหนาว อากาศที่ไทเป หนาวชื้น	rue du nao akat thi thai pe nao chuen	rɯ dhū nāuˊ ā gātˇ tīˋ tai bē nāuˊ chɯ̄n~	冬季台北的天氣濕冷	derived	
ที่ไต้หวัน ไม่มี ฤดูฝน	thi tai wan mai mi rue du fon	tīˋ daiˋ wanˊ maiˋ mī rɯ dhū fonˊ	在台灣沒有雨季	derived	
ฝนตกทั้งปี	fon tok thang pi	fonˊ dokˇ tang~ bī	全年下雨	derived	
หน้าฝน	na fon	nāˋ fonˊ	雨季（口語）	derived	
ฤดูใบไม้ผลิ	rue du bai mai phli	rɯ dhū bhai mai~ pliˇ	春季	derived	
ฤดูใบไม้ร่วง	rue du bai mai ruang	rɯ dhū bhai mai~ rūangˋ	秋季	derived	
ร่วง	ruang	rūangˋ	掉落	engine-auto	
ผมร่วง	phom ruang	pomˊ rūangˋ	掉頭髮	engine-auto	
ฤดูทุเรียน	rue du thu rian	rɯ dhū tu~ rīan	榴槤季	derived	
ช่วงนี้เป็นหน้าทุเรียน	chuang ni pen na thu rian	chūangˋ nī~ ben nāˋ tu~ rīan	最近是榴槤季	engine-auto	
หน้าสับปะรด	na sap pa rot	nāˋ sapˇ baˇ rot~	鳳梨季	derived	
น้ำท่วมบ่อย	nam thuam boy	nām~ tūamˋ bhɔ̄iˇ	經常淹水	engine-auto	
น้ำท่วมหนัก	nam thuam nak	nām~ tūamˋ nakˇ	淹大水	engine-auto	
น้ำท่วม	nam thuam	nām~ tūamˋ	淹水	engine-auto	
ตากลม	tak lom	dā glom	吹風	derived	
ตากฝน	tak fon	dākˇ fonˊ	淋雨	derived	
วันจันทร์	wan chan	wan jan	星期一	derived	
พระจันทร์เต็มดวง	phra chan tem duang	pra~ jan dem dhūang	滿月	derived	
ดวง	duang	dhūang	顆 (量詞)	engine-auto	
ดวงดาว	duang dao	dhūang dhāu	星星	engine-auto	
ดวงขึ้น	duang khuen	dhūang kɯnˋ	走好運/運勢上升	engine-auto	
ดวงตก	duang tok	dhūang dokˇ	走霉運/運勢下降	engine-auto	
ดูดวง	du duang	dhū dhūang	算命 (看運勢)	engine-auto	
เสื้อกันฝน	suea kan fon	sɯ̄aˋ gan fonˊ	雨衣	derived	
ร่มกันแดด	rom kan daet	romˋ gan dhɛ̄tˇ	陽傘	derived	
ร่มกันฝน	rom kan fon	romˋ gan fonˊ	雨傘	derived	
ร่ม	rom	romˋ	傘	derived	
หมวกกันน็อก	muak kan nok	mūakˇ gan nɔ̄kˋ	安全帽	engine-auto	
หมวก	muak	mūakˇ	帽子	engine-auto	
ใส่หมวก	sai muak	saiˇ mūakˇ	戴帽子	engine-auto	
ถอดหมวก	thot muak	tɔ̄tˇ mūakˇ	脫帽子	engine-auto	
อุณหภูมิ	unaphum	uˇ na~ pūm	溫度	derived	
พรุ่งนี้อุณหภูมิเท่าไหร่	phrung ni unaphum thao rai	prungˋ nī~ uˇ na~ pūm tāuˋ raiˇ	明天溫度幾度	derived	
พรุ่งนี้อุณหภูมิจะสูงขึ้น	phrung ni unaphum cha sung khuen	prungˋ nī~ uˇ na~ pūm jaˇ sūngˊ kɯnˋ	明天溫度會升高	derived	
องศา	ongsa	ong sāˊ	度（溫度單位）	derived	
ภาคเหนืออุณหภูมิกี่องศา	phak nuea unaphum ki ongsa	pākˋ nɯ̄aˊ uˇ na~ pūm gīˇ ong sāˊ	北部溫度幾度	derived	
ภาคเหนืออุณหภูมิสามสิบสามองศา	phak nuea unaphum sam sip sam ongsa	pākˋ nɯ̄aˊ uˇ na~ pūm sāmˊ sipˇ sāmˊ ong sāˊ	北部溫度三十三度	derived	
อบขนมปังใช้กี่องศา	op khanom pang chai ki ongsa	opˇ kaˇ nom bang chai~ gīˇ ong sāˊ	烤麵包要用幾度	derived	
ใช้สองร้อยองศา	chai song roi ongsa	chai~ sɔ̄ngˊ rɔ̄i~ ong sāˊ	用兩百度	derived	
ฤดู	ruedu	rɯ dhū	季節	derived	
ฤดูร้อน	ruedu ron	rɯ dhū rɔ̄n~	夏季	derived	
ฤดูร้อนบางจังหวัดร้อนมากๆ	ruedu ron bang changwat ron mak mak	rɯ dhū rɔ̄n~ bhāng jang watˇ rɔ̄n~ mākˋ mākˋ	夏天有些府非常熱	derived	
ฤดูร้อนอุณหภูมิสูงถึงสี่สิบองศา	ruedu ron unaphum sung thueng si sip ongsa	rɯ dhū rɔ̄n~ uˇ na~ pūm sūngˊ tɯngˊ sīˇ sipˇ ong sāˊ	夏天溫度高達四十度	derived	
ฤดูฝน	ruedu fon	rɯ dhū fonˊ	雨季	derived	
เดือนห้าถึงเดือนสิบเป็นฤดูฝน	duean ha thueng duean sip pen ruedu fon	dhɯ̄an hāˋ tɯngˊ dhɯ̄an sipˇ ben rɯ dhū fonˊ	五月到十月是雨季	derived	
ฤดูหนาว	ruedu nao	rɯ dhū nāuˊ	冬季	derived	
ฤดูหนาวปีนี้	ruedu nao pi ni	rɯ dhū nāuˊ bī nī~	今年的冬天	derived	
ฤดูหนาวปีนี้ที่ยุโรปหิมะตกหนัก	ruedu nao pi ni thi yurop hima tok nak	rɯ dhū nāuˊ bī nī~ tīˋ yu~ rōpˋ hiˇ ma~ dokˇ nakˇ	今年冬天在歐洲雪下得很大	derived	
ฤดูใบไม้ผลิ	ruedu bai mai phli	rɯ dhū bhai mai~ pliˇ	春季	derived	
ฤดูใบไม้ผลิอากาศเย็นสบาย	ruedu bai mai phli akat yen sabai	rɯ dhū bhai mai~ pliˇ ā gātˇ yen saˇ bhāi	春天天氣涼爽	derived	
ฤดูใบไม้ร่วง	ruedu bai mai ruang	rɯ dhū bhai mai~ rūangˋ	秋季	derived	
ฤดูใบไม้ร่วงหลายที่ใบไม้จะเปลี่ยนสี	ruedu bai mai ruang lai thi bai mai cha plian si	rɯ dhū bhai mai~ rūangˋ lāiˊ tīˋ bhai mai~ jaˇ blīanˇ sīˊ	秋天很多地方的葉子會變色	derived	
หน้ามะม่วง	na mamuang	nāˋ ma~ mūangˋ	芒果季	engine-auto	
หน้าผลไม้อะไร	na phonlamai arai	nāˋ ponˊ mai~ aˇ rai	什麼水果季	derived	
พวกเราต้องช่วยกัน	phuak rao tong chuai kan	pūakˋ rāu dɔ̄ngˋ chūayˋ gan	我們必須互相幫忙	engine-auto	
ลดโลกร้อน	lot lok ron	lot~ lōkˋ rɔ̄n~	減緩地球暖化	derived	
พวกเราต้องช่วยกันลดโลกร้อน	phuak rao tong chuai kan lot lok ron	pūakˋ rāu dɔ̄ngˋ chūayˋ gan lot~ lōkˋ rɔ̄n~	我們必須互相幫忙減緩地球暖化	derived	
ละลายหมดแล้ว	lalai mot laeo	la~ lāi motˇ lɛ̄u~	都融化了	derived	
พอฝนตกก็น้ำท่วม	pho fon tok ko nam thuam	pɔ̄ fonˊ dokˇ gɔ̄ˋ nām~ tūamˋ	一下雨就淹水	derived	
ฤดูฝนปีนี้	ruedu fon pi ni	rɯ dhū fonˊ bī nī~	今年的雨季	derived	
หลายประเทศน้ำท่วม	lai prathet nam thuam	lāiˊ braˇ tētˋ nām~ tūamˋ	很多國家淹水	engine-auto	
คืนนี้พระจันทร์ดวงโต	khuen ni phra chan duang to	kɯ̄n nī~ pra~ jan dhūang dō	今晚月亮很大	derived	
ดวงขึ้นทำอะไรก็ดี	duang khuen tham arai ko di	dhūang kɯnˋ tam aˇ rai gɔ̄ˋ dhī	運氣好做什麼都順利	engine-auto	
ดวงตกทำอะไรก็แย่	duang tok tham arai ko yae	dhūang dokˇ tam aˇ rai gɔ̄ˋ yɛ̄ˋ	運氣差做什麼都倒楣	engine-auto	
ฝนตกแรง	fon tok raeng	fonˊ dokˇ rɛ̄ng	雨下得很大	derived	
ลมแรง	lom raeng	lom rɛ̄ng	風很大	derived	
ฝนต้องตกแน่นอน	fon tong tok naenon	fonˊ dɔ̄ngˋ dokˇ nɛ̄ˋ nɔ̄n	一定會下雨	derived	
ต้องไปหน้าฝน	tong pai na fon	dɔ̄ngˋ bai nāˋ fonˊ	必須在雨季去	derived	
ไม่ใส่หมวกกันน็อค	mai sai muak kan nok	maiˋ saiˇ mūakˇ gan nɔ̄kˋ	沒戴安全帽	engine-auto	
ถ้าไม่ใส่หมวกกันน็อค	tha mai sai muak kan nok	tāˋ maiˋ saiˇ mūakˇ gan nɔ̄kˋ	如果沒戴安全帽	engine-auto	
แย่แล้วลืมเอาร่มมา	yae laeo luem ao rom ma	yɛ̄ˋ lɛ̄u~ lɯ̄m au romˋ mā	糟了忘記帶傘來	derived	
ถ้าไม่มีร่ม	tha mai mi rom	tāˋ maiˋ mī romˋ	如果沒有傘	derived	
ต้องตากฝนกลับบ้าน	tong tak fon klap ban	dɔ̄ngˋ dākˇ fonˊ glapˇ bhānˋ	就必須淋雨回家	derived	
ลูกข้ามถนน	luk kham thanon	lūkˋ kāmˋ taˇ non	小孩過馬路	derived	
จมูก	chamuk	jaˇ mūkˋ	鼻子	derived	
รสชาติจัด	rot chat chat	rot~ chātˋ jatˇ	味道重	derived	
ขน	khon	konˊ	毛	derived	
ขนไก่	khon kai	konˊ gaiˇ	雞毛	derived	
ขนหมู	khon mu	konˊ mūˊ	豬毛	derived	
ขนตา	khon ta	konˊ dā	睫毛	derived	
ติดขนตา	tit khon ta	ditˇ konˊ dā	貼睫毛	derived	
แต่งตัวทันสมัย	taeng tua than samai	dɛ̄ngˇ dūa tan saˇ maiˊ	穿著時髦	derived	
สมัยนี้	samai ni	saˇ maiˊ nī~	這個時代	derived	
สมัยเด็ก	samai dek	saˇ maiˊ dhekˇ	小時候	derived	
ช่วงนี้อากาศแย่	chuang ni akat yae	chūangˋ nī~ ā gātˇ yɛ̄ˋ	最近天氣很糟	engine-auto	
เค้าหลอกฉันว่าเค้าเป็นมหาเศรษฐี	khao lok chan wa khao pen mahasetthi	kāu~ lɔ̄kˇ chanˊ wāˋ kāu~ ben ma~ hāˊ srētˇ tīˊ	他騙我說他是大富翁	derived	
บ้าตกใจหมดเลย	ba tok chai mot loei	bhāˋ dokˇ jai motˇ lə̄i	瘋了嚇死我了	derived	
อุ๊ยตกใจหมดเลย	ui tok chai mot loei	ui~ dokˇ jai motˇ lə̄i	哎呀嚇死我了	derived	
ทำให้พวกเราเหงื่อไหล	tham hai phuak rao nguea lai	tam haiˋ pūakˋ rāu ngɯ̄aˇ laiˊ	讓我們流汗	engine-auto	
ฤดูร้อน	ruedu ron	rɯ dhū rɔ̄n~	夏季	derived	
ตกแต่งใหม่ทั้งหมด	tok taeng mai thang mot	dokˇ dɛ̄ngˇ maiˇ tang~ motˇ	全部重新裝潢	derived	
เธอไม่รู้จักเขาเชยจริงๆ	thoe mai ru chak khao choei ching ching	tə̄ maiˋ rū~ jakˇ kāuˊ chə̄i jing jing	你不認識他真土	derived	
สมัย	samai	saˇ maiˊ	時代	derived	
ทันสมัย	than samai	tan saˇ maiˊ	時髦	derived	
ไม่ทันสมัยจริงๆ	mai than samai ching ching	maiˋ tan saˇ maiˊ jing jing	真不跟上時代	derived	
สมัยเด็ก	samai dek	saˇ maiˊ dhekˇ	小時候	derived	
สมัยปู่ย่าตายาย	samai pu ya ta yai	saˇ maiˊ būˇ yāˋ dā yāi	阿公阿嬤的時代	derived	
ถ้ากินไม่หมด	tha kin mai mot	tāˋ gin maiˋ motˇ	如果吃不完	derived	
ช่วงฤดูหนาว	chuang ruedu nao	chūangˋ rɯ dhū nāuˊ	冬季期間	derived	
สงกรานต์	song kran	songˊ grān	潑水節	derived	
ไปอนุสาวรีย์	pai a nu sa wa ri	bai aˇ nu~ sāuˊ rī	去紀念碑	derived	
สถานีขนส่งหมอชิต	sa tha ni khon song mo chit	saˇ tāˊ nī konˊ songˇ mɔ̄ˊ chit~	摩七客運站	derived	
สถานีขนส่งสายใต้	sa tha ni khon song sai tai	saˇ tāˊ nī konˊ songˇ sāiˊ daiˋ	南部客運站	derived	
ไปขนส่งใหม่	pai khon song mai	bai konˊ songˇ maiˇ	去新客運站	derived	
พยายาม	pha ya yam	pa~ yā yām	努力 / 嘗試	derived	
พิพิธภัณฑ์แห่งชาตินะคะ	phi phit tha phan haeng chat na kha	pi~ pit~ pan hɛ̄ngˇ chātˋ na~ ka~	國家博物館喔	derived	
อด	ot	otˇ	忍耐 / 挨餓	derived	
พระปฐมเจดีย์	phra pa thom che di	pra~ baˇ toˊ jē dhī	佛統大塔	derived	
ผมคิดว่าเรื่องนี้น่าสงสัย	Phom khit wa rueang ni na songsai	pomˊ kit~ wāˋ rɯ̄angˋ nī~ nāˋ songˊ saiˊ	我認為這件事情很可疑	derived	
รสชาติขมไปหน่อย	Rotchat khom pai noi	rot~ chātˋ komˊ bai nɔ̄iˇ	味道有點苦	derived	
ละครเรื่องนี้น่าเบื่อไปหน่อย	Lakhon rueang ni na buea pai noi	la~ kɔ̄n rɯ̄angˋ nī~ nāˋ bhɯ̄aˇ bai nɔ̄iˇ	這部劇有點無聊	derived	
ถ้าไม่ขยันก็ไม่รวย	Tha mai khayan ko mai ruay	tāˋ maiˋ kaˇ yanˊ gɔ̄ˋ maiˋ rūay	如果不勤奮就不會富有	derived	
อยากรวยต้องขยัน	Yak ruay tong khayan	yākˋ rūay dɔ̄ngˋ kaˇ yanˊ	想要富有就要勤奮	derived	
มหาเศรษฐี	Maha setthi	ma~ hāˊ srētˇ tīˊ	大富翁、億萬富翁	derived	
พวกเขาเป็นมหาเศรษฐี	Phuak khao pen maha setthi	pūakˋ kāuˊ ben ma~ hāˊ srētˇ tīˊ	他們是大富翁	derived	
เคยเล่นเกมมหาเศรษฐีไหม	Khoei len kem maha setthi mai	kə̄i lēnˋ gēm ma~ hāˊ srētˇ tīˊ maiˊ	玩過大富翁遊戲嗎？	derived	
คนจนน่าสงสาร	Khon chon na songsan	kon jon nāˋ songˊ sānˊ	窮人很可憐	derived	
เขาจนมากเป็นหนี้เยอะ	Khao chon mak pen ni yoe	kāuˊ jon mākˋ ben nīˋ yə~	他很窮且負債很多	derived	
พวกเรามาเร็วเกินไป ร้านยังไม่เปิด	phuak rao ma rew koen pai ran yang mai poet	pūakˋ rāu mā rew gə̄n bai rān~ yang maiˋ bə̄tˇ	我們太早來了，店還沒開。	engine-auto	
คะแนนต่ำ สมน้ำหน้า	kha naen tam som nam na	ka~ nɛ̄n damˇ somˊ nām~ nāˋ	分數很低，活該	derived	
พรุ่งนี้อุณหภูมิจะต่ำลง	phrung ni un ha phum cha tam long	prungˋ nī~ uˇ na~ pūm jaˇ damˇ long	明天氣溫會降低	derived	
อากาศเปลี่ยนบ่อย ทำให้พวกเราเป็นหวัดง่าย	a kat plian boi tham hai phuak rao pen wat ngai	ā gātˇ blīanˇ bhɔ̄iˇ tam haiˋ pūakˋ rāu ben watˇ ngāiˋ	天氣常變化，讓我們容易感冒	engine-auto	
ช่วงนี้ผอมลงไหมคะ	chuang ni phom long mai kha	chūangˋ nī~ pɔ̄mˊ long maiˊ ka~	最近變瘦了嗎？	engine-auto	
กินแต่ผักลวกกับไข่ต้มก็ไม่ผอมลง	kin tae phak luak kap khai tom ko mai phom long	gin dɛ̄ˇ pakˇ lūakˋ gapˇ kaiˇ domˋ gɔ̄ˋ maiˋ pɔ̄mˊ long	只吃燙青菜跟水煮蛋也不會瘦	engine-auto	
ไม่ต้องลดความอ้วนแล้ว	mai tong lot khwam uan laeo	maiˋ dɔ̄ngˋ lot~ kwām ūanˋ lɛ̄u~	不用減肥了	derived	
ส่วนตัว	suan tua	sūanˇ dūa	個人 / 私人	engine-auto	
เขามโนว่าบ้านเขามีเครื่องบินส่วนตัว	khao ma no wa ban khao mi khrueang bin suan tua	kāuˊ ma~ nō wāˋ bhānˋ kāuˊ mī krɯ̄angˋ bhin sūanˇ dūa	他吹牛說他家有私人飛機	derived	
เมียทั้งขี้บ่นทั้งขี้หึง	mia thang khi bon thang khi hueng	mīa tang~ kīˋ bhonˇ tang~ kīˋ hɯngˊ	老婆又愛抱怨又愛吃醋	derived	
ตอนนี้คุณง่วงไหม	ton ni khun nguang mai	dɔ̄n nī~ kun ngūangˋ maiˊ	現在你睏嗎	engine-auto	
ถ้าง่วงอย่าขับรถเป็นอันขาด	tha nguang ya khap rot pen an khat	tāˋ ngūangˋ yāˋ kapˇ rot~ ben an kātˇ	如果睏了絕對不要開車	engine-auto	
ฟังแล้วรู้สึกงง	fang laeo rusuek ngong	fang lɛ̄u~ rū~ sɯkˇ ngong	聽了感到困惑	derived	
เค้าหลอกฉันทำให้ฉันงง	khao lok chan tham hai chan ngong	kāu~ lɔ̄kˇ chanˊ tam haiˋ chanˊ ngong	他騙我讓我感到困惑	derived	
กินแค่นี้ระวังเป็นลมนะ	kin khae ni rawang pen lom na	gin kɛ̄ˋ nī~ ra~ wang ben lom na~	只吃這樣小心暈倒喔	derived	
ต้องขยันเรียนหนังสือ	Tong kha yan rian nang seu	dɔ̄ngˋ kaˇ yanˊ rīan nangˊ sɯ̄ˊ	要勤勞讀書	derived	
ต้องขยันทำงาน	Tong kha yan tham ngan	dɔ̄ngˋ kaˇ yanˊ tam ngān	要勤快工作	derived	
ไทเปไปไหนมาไหนสะดวกมาก	Thai pe pai nai ma nai sa duak mak	tai bē bai naiˊ mā naiˊ saˇ dhūakˇ mākˋ	台北去哪裡都非常方便	engine-auto	
วันนี้ไม่สะดวก วันหลังนะ	Wan ni mai sa duak wan lang na	wan nī~ maiˋ saˇ dhūakˇ wan langˊ na~	今天不方便，改天哦	engine-auto	
ช่วงนี้เบื่อเมียมาก	Chuang ni buea mia mak	chūangˋ nī~ bhɯ̄aˇ mīa mākˋ	最近很煩老婆	engine-auto	
ช่วงนี้เบื่อบ้านมาก	Chuang ni buea ban mak	chūangˋ nī~ bhɯ̄aˇ bhānˋ mākˋ	最近很煩家裡	engine-auto	
รสชาติเฉยๆ	Rot chat choei choei	rot~ chātˋ chə̄iˊ chə̄iˊ	味道普普通通	derived	
คนธรรมดา	Khon tham ma da	kon tam dhā	普通人	derived	
วันธรรมดา	Wan tham ma da	wan tam dhā	平日	derived	
จะเอาข้าวมันไก่ธรรมดาหรือพิเศษคะ	Ja ao khao man kai tham ma da rue phi set kha	jaˇ au kāuˋ man gaiˇ tam dhā rɯ̄ˊ pi~ sētˇ ka~	要一份海南雞飯普通的還是加大的	derived	
จิ้ม พัดลมอันตรายไหม	jim phat lom antrai mai	jimˋ pat~ lom an drāi maiˊ	詹姆士，電風扇危險嗎？	derived	
สว่าง	sawang	saˇ wāngˋ	亮	derived	
ห้องสว่าง	hong sawang	hɔ̄ngˋ saˇ wāngˋ	房間很亮	derived	
เมื่อไหร่คุณจะตาสว่าง เค้าหลอกคุณหลายครั้งแล้ว	muearai khun cha ta sawang khao lok khun lai khrang laeo	mɯ̄aˋ raiˇ kun jaˇ dā saˇ wāngˋ kāu~ lɔ̄kˇ kun lāiˊ krang~ lɛ̄u~	你什麼時候才會清醒？他騙你好幾次了。	derived	
สงสัย	songsai	songˊ saiˊ	懷疑	derived	
รู้สึกสงสัย	rusuek songsai	rū~ sɯkˇ songˊ saiˊ	感覺懷疑	derived	
รู้สึกงง	rusuek ngong	rū~ sɯkˇ ngong	感覺疑惑 / 迷惘	derived	
สงสาร	songsan	songˊ sānˊ	可憐	derived	
รู้สึกสงสาร	rusuek songsan	rū~ sɯkˇ songˊ sānˊ	感覺可憐	derived	
รสชาติแปลกๆ ทำไมขมอย่างนี้	rotchat plaek plaek thamai khom yang ni	rot~ chātˋ blɛ̄kˇ blɛ̄kˇ tam mai komˊ yāngˋ nī~	味道怪怪的，為什麼這麼苦？	derived	
กลิ่นผลไม้	klin phon la mai	glinˇ ponˊ mai~	果香	derived	
อาการน่าเป็นห่วง	akan na pen huang	ā gān nāˋ ben hūangˇ	症狀令人擔心	derived	
ถ้าฝนตกหนักน้ำท่วมแน่นอน	tha fon tok nak nam thuam naenon	tāˋ fonˊ dokˇ nakˇ nām~ tūamˋ nɛ̄ˋ nɔ̄n	如果下大雨一定淹水	derived	
ลดความอ้วน	lot khwam uan	lot~ kwām ūanˋ	減肥	derived	
กินผักลวก	kin phak luak	gin pakˇ lūakˋ	吃燙青菜	engine-auto	
ซื้อหวย	suea huai	sɯ̄~ hūayˊ	買彩券	derived	
ซื้อหวยบ่อยๆ	suea huai boi boi	sɯ̄~ hūayˊ bhɔ̄iˇ bhɔ̄iˇ	常常買彩券	derived	
ธุรกิจส่วนตัว	thurakit suan tua	tun gitˇ sūanˇ dūa	個人事業	engine-auto	
รถส่วนตัว	rot suan tua	rot~ sūanˇ dūa	私人車	engine-auto	
ห้องส่วนตัว	hong suan tua	hɔ̄ngˋ sūanˇ dūa	私人房間	engine-auto	
เก้าอี้ส่วนตัว	kaoi suan tua	gāuˋ īˋ sūanˇ dūa	專屬椅子	engine-auto	
ทำธุรกิจส่วนตัว	tham thurakit suan tua	tam tun gitˇ sūanˇ dūa	自己創業	engine-auto	
เมื่อก่อนอ้วน	muea kon uan	mɯ̄aˋ gɔ̄nˇ ūanˋ	以前胖	engine-auto	
อ้วนเหมือนกัน	uan muean kan	ūanˋ mɯ̄anˊ gan	一樣胖	engine-auto	
เมื่อก่อนจน	muea kon chon	mɯ̄aˋ gɔ̄nˇ jon	以前窮	derived	
ก็จนเหมือนกัน	ko chon muean kan	gɔ̄ˋ jon mɯ̄anˊ gan	也一樣窮	derived	
อ้วนเร็ว	uan rew	ūanˋ rew	胖得快	engine-auto	
อ้วนง่าย	uan ngai	ūanˋ ngāiˋ	容易胖	engine-auto	
อยากอ้วน	yak uan	yākˋ ūanˋ	想變胖	engine-auto	
ทั้งอ้วนทั้งจน	thang uan thang chon	tang~ ūanˋ tang~ jon	又胖又窮	derived	
ฝนไม่ตก	fon mai tok	fonˊ maiˋ dokˇ	不下雨	derived	
ฝนตก	fon tok	fonˊ dokˇ	下雨	derived	
ข้างนอกฝนไม่ตก	khang nok fon mai tok	kāngˋ nɔ̄kˋ fonˊ maiˋ dokˇ	外面不下雨	derived	
ข้างนอกฝนตก	khang nok fon tok	kāngˋ nɔ̄kˋ fonˊ dokˇ	外面下雨	derived	
ไม่อ้วนเลย	mai uan loei	maiˋ ūanˋ lə̄i	一點也不胖	engine-auto	
ช่วงนี้งานหนัก	chuang ni ngan nak	chūangˋ nī~ ngān nakˇ	最近工作繁重	engine-auto	
ช่วงนี้งานหนักมั้ย	chuang ni ngan nak mai	chūangˋ nī~ ngān nakˇ mai~	最近工作繁重嗎	engine-auto	
ขยันหาเงิน	khayan ha ngoen	kaˇ yanˊ hāˊ ngə̄n	勤勞賺錢	derived	
ขยันเก็บเงิน	khayan kep ngoen	kaˇ yanˊ gepˇ ngə̄n	勤勞存錢	derived	
ขยันทำการบ้าน	khayan tham kan ban	kaˇ yanˊ tam gān bhānˋ	勤勞寫作業	derived	
ขยันฟังเพลงภาษาไทย	khayan fang phleng phasa thai	kaˇ yanˊ fang plēng pā sāˊ tai	勤勞聽泰文歌	derived	
ขยันพูดภาษาไทยทุกวัน	khayan phut phasa thai thuk wan	kaˇ yanˊ pūtˋ pā sāˊ tai tuk~ wan	每天勤勞說泰語	derived	
ขยันดูซีรีส์ไทย	khayan tu siri thai	kaˇ yanˊ dhū sī rī tai	勤勞看泰劇	derived	
ขยันดูซีรีส์ไทยทุกวัน	khayan tu siri thai thuk wan	kaˇ yanˊ dhū sī rī tai tuk~ wan	每天勤勞看泰劇	derived	
ขยัน จัง	khayan chang	kaˇ yanˊ jang	很勤勞	derived	
สะดวก จัง	saduak chang	saˇ dhūakˇ jang	很方便	engine-auto	
สะดวก ติด ต่อ	saduak tit to	saˇ dhūakˇ ditˇ dɔ̄ˇ	方便聯絡	engine-auto	
ติด ต่อ สะดวก	tit to saduak	ditˇ dɔ̄ˇ saˇ dhūakˇ	聯絡方便	engine-auto	
เข้า ออก สะดวก	khao ok saduak	kāuˋ ɔ̄kˇ saˇ dhūakˇ	進出方便	engine-auto	
ไป ไหน มา ไหน สะดวก	pai nai ma nai saduak	bai naiˊ mā naiˊ saˇ dhūakˇ	去哪裡都方便	engine-auto	
ตอน นี้ ไม่ สะดวก	ton ni mai saduak	dɔ̄n nī~ maiˋ saˇ dhūakˇ	現在不方便	engine-auto	
ตรง นี้ ไม่ สะดวก	trong ni mai saduak	drong nī~ maiˋ saˇ dhūakˇ	這裡不方便	engine-auto	
เฉย ๆ	choei choei	chə̄iˊ chə̄iˊ	還好 / 沒感覺	engine-auto	
พวก เรา มี คน สำคัญ	phuak rao mi khon samkhan	pūakˋ rāu mī kon samˊ kan	我們有重要的人	engine-auto	
ทุก คน สำคัญ หมด เลย	thuk khon samkhan mot loei	tuk~ kon samˊ kan motˇ lə̄i	每個人都很重要	derived	
ส่วน ตัว	suan tua	sūanˇ dūa	私人	engine-auto	
ขยัน เป็น พิเศษ	khayan pen phiset	kaˇ yanˊ ben pi~ sētˇ	特別勤勞	derived	
วัน นี้ ขยัน เป็น พิเศษ	wan ni khayan pen phiset	wan nī~ kaˇ yanˊ ben pi~ sētˇ	今天特別勤勞	derived	
ธรรมดา	thammada	tam dhā	普通	derived	
คน ธรรมดา	khon thammada	kon tam dhā	普通人	derived	
เมีย หลวง	mia luang	mīa lūangˊ	大老婆	engine-auto	
ราคา ธรรมดา	rakha thammada	rā kā tam dhā	普通價格	derived	
เอา พิเศษ หรือ ธรรมดา	ao phiset rue thammada	au pi~ sētˇ rɯ̄ˊ tam dhā	要特大份還是普通份	derived	
กิน ก๋วยเตี๋ยว	kin kuaitiao	gin gūayˊ dīauˊ	吃麵	derived	
เป็น เรื่อง ธรรมดา	pen rueang thammada	ben rɯ̄angˋ tam dhā	是平常的事	derived	
สว่าง	sawang	saˇ wāngˋ	明亮	derived	
สว่าง มั้ย	sawang mai	saˇ wāngˋ mai~	亮嗎	derived	
สว่าง มาก	sawang mak	saˇ wāngˋ mākˋ	很亮	derived	
ง่วง	nguang	ngūangˋ	睏	engine-auto	
ง่วง เหมือน กัน	nguang muean kan	ngūangˋ mɯ̄anˊ gan	也一樣想睡	engine-auto	
งง	ngong	ngong	懵 / 疑惑	derived	
งง เหมือน กัน	ngong muean kan	ngong mɯ̄anˊ gan	也一樣懵	derived	
งง นิด หน่อย	ngong nit noi	ngong nit~ nɔ̄iˇ	有點懵	derived	
จน จัง เลย อ่ะ	chon chang loei a	jon jang lə̄i aˇ	真的很窮啊	derived	
รู้ สึก แปลก ๆ	ru suek plaek plaek	rū~ sɯkˇ blɛ̄kˇ blɛ̄kˇ	感覺怪怪的	engine-auto	
รู้ สึก เซ็ง ๆ	ru suek seng seng	rū~ sɯkˇ seng seng	覺得掃興	engine-auto	
เพื่อน ร่วม งาน	phuean ruam ngan	pɯ̄anˋ rūamˋ ngān	同事	engine-auto	
รู้ สึก ไม่ อยาก คุย กับ เพื่อน ร่วม งาน	ru suek mai yak khui kap phuean ruam ngan	rū~ sɯkˇ maiˋ yākˋ kui gapˇ pɯ̄anˋ rūamˋ ngān	覺得不想跟同事說話	engine-auto	
รู้ สึก ธรรมดา	ru suek thammada	rū~ sɯkˇ tam dhā	覺得普通	derived	
รู้ สึก เฉย ๆ	ru suek choei choei	rū~ sɯkˇ chə̄iˊ chə̄iˊ	覺得還好	engine-auto	
สม น้ำ หน้า	som nam na	somˊ nām~ nāˋ	活該	derived	
เป็น ลม	pen lom	ben lom	暈倒	derived	
เป็น ห่วง	pen huang	ben hūangˇ	擔心	derived	
นิสัย ของ พวก เรา	nisai khong phuak rao	ni~ saiˊ kɔ̄ngˊ pūakˋ rāu	我們的個性	engine-auto	
ขี้ บ่น	khi bon	kīˋ bhonˇ	愛抱怨	derived	
ขี้ สงสัย	khi songsai	kīˋ songˊ saiˊ	愛懷疑（好奇）	derived	
นิสัย ของ พวก เรา มี อะไร บ้าง	nisai khong phuak rao mi arai bang	ni~ saiˊ kɔ̄ngˊ pūakˋ rāu mī aˇ rai bhāngˋ	我們的個性有哪些	engine-auto	
น่า สน ใจ	na son chai	nāˋ sonˊ jai	有趣（吸引人）	derived	
น่า เป็น ห่วง	na pen huang	nāˋ ben hūangˇ	令人擔心	derived	
น่า สงสาร	na song san	nāˋ songˊ sānˊ	可憐	derived	
ช่วง นี้ อากาศ เป็น อย่าง ไร	chuang ni akat pen yang rai	chūangˋ nī~ ā gātˇ ben yāngˋ rai	最近天氣如何	engine-auto	
ช่วง นี้ อากาศ เป็น ยัง ไง	chuang ni akat pen yang ngai	chūangˋ nī~ ā gātˇ ben yang ngai	最近天氣怎麼樣	engine-auto	
เดี๋ยว ฝน ตก	diao fon tok	dhīauˊ fonˊ dokˇ	一下子下雨	derived	
เดี๋ยว ฝน ไม่ ตก	diao fon mai tok	dhīauˊ fonˊ maiˋ dokˇ	一下子不下雨	derived	
ฤดู	ruedu	rɯ dhū	季節	derived	
หน้า ฝน	na fon	nāˋ fonˊ	雨季	derived	
ฤดู ใบ ไม้ ผลิ	ruedu bai mai phli	rɯ dhū bhai mai~ pliˇ	春天	derived	
ฤดู ใบ ไม้ ร่วง	ruedu bai mai ruang	rɯ dhū bhai mai~ rūangˋ	秋天	derived	
ฤดู ทุเรียน	ruedu thurian	rɯ dhū tu~ rīan	榴槤季（ฤดู）	derived	
หน้า มะม่วง	na mamuang	nāˋ ma~ mūangˋ	芒果季	engine-auto	
ฤดู มะม่วง	ruedu mamuang	rɯ dhū ma~ mūangˋ	芒果季（ฤดู）	derived	
มี ผลไม้ อะไร บ้าง ที่ ชอบ กิน	mi phonlamai arai bang thi chop kin	mī ponˊ mai~ aˇ rai bhāngˋ tīˋ chɔ̄pˋ gin	有哪些喜歡吃的水果	derived	
หน้า ผลไม้	na phonlamai	nāˋ ponˊ mai~	水果季	derived	
ช่วง อากาศ เปลี่ยน	chuang akat plian	chūangˋ ā gātˇ blīanˇ	天氣變化的時期	engine-auto	
น้ำ ท่วม	nam thuam	nām~ tūamˋ	淹水	engine-auto	
เต็ม ดวง	tem duang	dem dhūang	滿月（圓）	engine-auto	
ครึ่ง ดวง	khrueng duang	krɯngˋ dhūang	半月	engine-auto	
พระ จันทร์ ครึ่ง ดวง	phra chan khrueng duang	pra~ jan krɯngˋ dhūang	半個月亮	derived	
พระ จันทร์ เต็ม ดวง	phra chan tem duang	pra~ jan dem dhūang	滿月	derived	
ดวง ดาว	duang dao	dhūang dhāu	星星	engine-auto	
ดวง ขึ้น	duang khuen	dhūang kɯnˋ	走運	engine-auto	
ดวง ตก	duang tok	dhūang dokˇ	倒楣	engine-auto	
ลม	lom	lom	風	derived	
ลม แรง	lom raeng	lom rɛ̄ng	風大	derived	
ลม หนาว	lom nao	lom nāuˊ	冷風	derived	
ลม ร้อน	lom ron	lom rɔ̄n~	熱風	derived	
ฝน ตก	fon tok	fonˊ dokˇ	下雨	derived	
ฝน ตก หนัก	fon tok nak	fonˊ dokˇ nakˇ	下大雨	derived	
ฝน ตก แรง	fon tok raeng	fonˊ dokˇ rɛ̄ng	雨下得大	derived	
ตาก ลม	tak lom	dākˇ lom	吹風	derived	
ตาก ฝน	tak fon	dākˇ fonˊ	淋雨	derived	
เสื้อ กัน ฝน	suea kan fon	sɯ̄aˋ gan fonˊ	雨衣	derived	
หมวก กัน น็อค	muak kan nok	mūakˇ gan nɔ̄kˋ	安全帽	engine-auto	
ตาย แน่ ๆ	tai nae nae	dāi nɛ̄ˋ nɛ̄ˋ	死定了	engine-auto	
ตก ใจ แน่ ๆ	tok chai nae nae	dokˇ jai nɛ̄ˋ nɛ̄ˋ	肯定會嚇到	engine-auto	
ปวด หัว	puat hua	būatˇ hūaˊ	頭痛	engine-auto	
ข้าง ๆ	khang khang	kāngˋ kāngˋ	旁邊	engine-auto	
รู้สึก แปลก ๆ	ru suek plaek plaek	rū~ sɯkˇ blɛ̄kˇ blɛ̄kˇ	覺得怪怪的	engine-auto	
แปลก ๆ	plaek plaek	blɛ̄kˇ blɛ̄kˇ	怪怪的	engine-auto	
รส อร่อย	rot aroi	rot~ aˇ rɔ̄iˋ	好吃的味道	derived	
รส เผ็ด	rot phet	rot~ petˇ	辣味	derived	
รส หวาน	rot wan	rot~ wānˊ	甜味	derived	
รส เค็ม	rot khem	rot~ kem	鹹味	derived	
ทัน สมัย	than samai	tan saˇ maiˊ	時髦	derived	
แต่ง ตัว ทัน สมัย	taeng tua than samai	dɛ̄ngˇ dūa tan saˇ maiˊ	穿著時髦	derived	
ช่วงนี้เป็นยังไงบ้าง	chuang ni pen yang ngai bang	chūangˋ nī~ ben yang ngai bhāngˋ	最近怎麼樣呢？	engine-auto	
ไข้สูงกี่องศา	khai sung ki ong sa	kaiˋ sūngˊ gīˇ ong sāˊ	高燒幾度？	derived	
ผมเป็นห่วงคุณนะครับ	phom pen huang khun na khrap	pomˊ ben hūangˇ kun na~ krap~	我好擔心你喔（男用）	derived	
ฉันเป็นห่วงคุณนะคะ	chan pen huang khun na kha	chanˊ ben hūangˇ kun na~ ka~	我好擔心你喔（女用）	derived	
ไม่ต้องเป็นห่วงนะ ฉันสบายดี	mai tong pen huang na chan sabai di	maiˋ dɔ̄ngˋ ben hūangˇ na~ chanˊ saˇ bhāi dhī	不用擔心，我很好	derived	
ผมห่วงคุณนะ	phom huang khun na	pomˊ hūangˇ kun na~	我擔心你喔	derived	
ไม่ต้องห่วง	mai tong huang	maiˋ dɔ̄ngˋ hūangˇ	不用擔心	derived	
เขาเป็นหนี้เยอะ น่าสงสาร	khao pen ni yoe na song san	kāuˊ ben nīˋ yə~ nāˋ songˊ sānˊ	他欠債很多，好可憐	derived	
ภาษาไทยน่าสนใจ	pha sa thai na son chai	pā sāˊ tai nāˋ sonˊ jai	泰語很有趣	derived	
ภาษาไทยน่าสนใจไหมคะ	pha sa thai na son chai mai kha	pā sāˊ tai nāˋ sonˊ jai maiˊ ka~	泰語有趣嗎？	derived	
ภาษาอังกฤษก็น่าสนใจ	pha sa ang krit ko na son chai	pā sāˊ ang gritˇ gɔ̄ˋ nāˋ sonˊ jai	英語也很有趣	derived	
เรื่องนี้น่าสนใจ	rueang ni na son chai	rɯ̄angˋ nī~ nāˋ sonˊ jai	這件事很有趣	derived	
คนแก่บางคน ขี้บ่น	khon gae bang khon khi bon	kon gɛ̄ˇ bhāng kon kīˋ bhonˇ	一些老人愛抱怨	derived	
บ่นไม่หยุด	bon mai yut	bhonˇ maiˋ yutˇ	抱怨不停	derived	
บ่นทั้งวัน	bon thang wan	bhonˇ tang~ wan	整天抱怨	derived	
สงสัย	song sai	songˊ saiˊ	懷疑、好奇	derived	
ถ้ามีอะไรสงสัย ถามได้นะ	tha mi arai song sai tham dai na	tāˋ mī aˇ rai songˊ saiˊ tāmˊ dhaiˋ na~	如果你有什麼疑問可以問喔	derived	
ฉันสงสัยว่าทำไมเขารวยอย่างนี้	chan song sai wa thammai khao ruai yang ni	chanˊ songˊ saiˊ wāˋ tam mai kāuˊ rūay yāngˋ nī~	我好奇為什麼他那麼富有	derived	
ฤดู	rue du	rɯ dhū	季節	derived	
ฤดูใบไม้ผลิ	rue du bai mai phli	rɯ dhū bhai mai~ pliˇ	春天	derived	
ฤดูร้อน	rue du ron	rɯ dhū rɔ̄n~	夏天	derived	
ฤดูฝน	rue du fon	rɯ dhū fonˊ	雨季	derived	
ฤดูใบไม้ร่วง	rue du bai mai ruang	rɯ dhū bhai mai~ rūangˋ	秋天	derived	
ผมร่วง	phom ruang	pomˊ rūangˋ	掉頭髮	engine-auto	
ฤดูหนาว	rue du nao	rɯ dhū nāuˊ	冬天	derived	
คุณคิดว่าไปเที่ยวฤดูไหนดีนะ	khun khit wa pai thiao rue du nai di na	kun kit~ wāˋ bai tīauˋ rɯ dhū naiˊ dhī na~	你覺得去旅遊哪個季節好呢	derived	
ช่วงฤดูร้อน อุณหภูมิกี่องศา	chuang rue du ron un haphum gi ong sa	chūangˋ rɯ dhū rɔ̄n~ uˇ na~ pūm gīˇ ong sāˊ	夏季時，氣溫是幾度呢	derived	
อุณหภูมิ 35 ถึง 40 องศา	un haphum sam sip ha thueng si sip ong sa	uˇ na~ pūm 35 tɯngˊ 40 ong sāˊ	氣溫 35 到 40 度	derived	
ลมแรง	lom raeng	lom rɛ̄ng	風很大	derived	
ชินจูลมแรงไหม	shin chu lom raeng mai	chin jū lom rɛ̄ng maiˊ	新竹風大嗎	derived	
ตากฝน ระวังเป็นหวัด	tak fon ra wang pen wat	dākˇ fonˊ ra~ wang ben watˇ	淋雨，小心感冒	derived	
ช่วยกันลดโลกร้อน	Chuai kan lot lok ron	chūayˋ gan lot~ lōkˋ rɔ̄n~	共同減少全球暖化	derived	
อุ๊ย ตกใจหมดเลย	Ui tok chai mot loei	ui~ dokˇ jai motˇ lə̄i	哎呀，嚇死我了	derived	
ว้าย ตกใจหมดเลย	Wai tok chai mot loei	wāi~ dokˇ jai motˇ lə̄i	哇，嚇死我了	derived	
น้ำท่วม	Nam thuam	nām~ tūamˋ	淹水	engine-auto	
โรงงานน้ำท่วม	Rong ngan nam thuam	rōng ngān nām~ tūamˋ	工廠淹水	engine-auto	
โรงพยาบาล	Rong phayaban	rōng pa~ yā bhān	醫院	derived	
รีบพาไปโรงพยาบาล	Rip pha pai rong phayaban	rīpˋ pā bai rōng pa~ yā bhān	趕快帶（他）去醫院	derived	
รถพยาบาล	Rot phayaban	rot~ pa~ yā bhān	救護車	derived	
คุณพยาบาล	Khun phayaban	kun pa~ yā bhān	護理師小姐	derived	
คุณพยาบาลคะ หมอจะมาเมื่อไหร่	Khun phayaban kha mo cha ma muearai	kun pa~ yā bhān ka~ mɔ̄ˊ jaˇ mā mɯ̄aˋ raiˇ	護理師小姐，醫生什麼時候會來？	derived	
อนุบาล	Anuban	aˇ nu~ bhān	幼兒園	derived	
โรงเรียนอนุบาล	Rongrian anuban	rōng rīan aˇ nu~ bhān	幼兒園學校	derived	
อนุบาล 1	Anuban nueng	aˇ nu~ bhān 1	幼兒園小班	derived	
อนุบาล 2	Anuban song	aˇ nu~ bhān 2	幼兒園中班	derived	
อนุบาล 3	Anuban sam	aˇ nu~ bhān 3	幼兒園大班	derived	
ประถม	Prathom	braˇ tomˊ	小學	derived	
ประถมศึกษา	Prathomsueksa	braˇ tomˊ sɯkˇ sāˊ	小學（正式用法）	derived	
ประถม 1	Prathom nueng	braˇ tomˊ 1	小一（另一種說法）	derived	
ประถม 6	Prathom hok	braˇ tomˊ 6	小六	derived	
มัธยม	Matthayom	mat~ yom	中學	derived	
มัธยมต้น	Matthayom ton	mat~ yom donˋ	國中	derived	
มัธยมปลาย	Matthayom plai	mat~ yom blāi	高中	derived	
โรงเรียนเอกชน	Rongrian ekkachon	rōng rīan ēkˇ chon	私立學校	derived	
โรงพยาบาลรัฐบาล	Rongphayaban ratthaban	rōng pa~ yā bhān rat~ bhān	公立醫院	derived	
โรงพยาบาลเอกชน	Rongphayaban ekkachon	rōng pa~ yā bhān ēkˇ chon	私立醫院	derived	
โรงเรียนนานาชาติ	Rongrian nanachat	rōng rīan nā nā chātˋ	國際學校	derived	
สนามบินนานาชาติ	Sanam bin nanachat	saˇ nām bhin nā nā chātˋ	國際機場	derived	
อาหารนานาชาติ	Ahan nanachat	ā hānˊ nā nā chātˋ	國際食物	derived	
ไปเรียนโรงเรียนนานาชาติที่เมืองไทย	Pai rian rongrian nanachat thi mueang thai	bai rīan rōng rīan nā nā chātˋ tīˋ mɯ̄ang tai	在泰國讀國際學校	derived	
สอบเข้าอนุบาล	Sop khao anuban	sɔ̄pˇ kāuˋ aˇ nu~ bhān	考進幼兒園	derived	
สอบเข้าประถม	Sop khao prathom	sɔ̄pˇ kāuˋ braˇ tomˊ	考進小學	derived	
สอบเข้ามัธยมต้น	Sop khao matthayom ton	sɔ̄pˇ kāuˋ mat~ yom donˋ	考進國中	derived	
สอบเข้ามัธยมปลาย	Sop khao matthayom plai	sɔ̄pˇ kāuˋ mat~ yom blāi	考進高中	derived	
มหาวิทยาลัย	Mahawitthayalai	ma~ hāˊ wi~ ta~ yā lai	大學	derived	
มหาลัย	Mahalai	ma~ hāˊ lai	大學（口語）	derived	
จุฬาลงกรณ์มหาวิทยาลัย	Chulalongkon mahawitthayalai	juˇ lā long gɔ̄n ma~ hāˊ wi~ ta~ yā lai	朱拉隆功大學	derived	
มหาวิทยาลัยธรรมศาสตร์	Mahawitthayalai thammasat	ma~ hāˊ wi~ ta~ yā lai tam sātˇ	法政大學	derived	
มหาวิทยาลัยเกษตรศาสตร์	Mahawitthayalai kasetsat	ma~ hāˊ wi~ ta~ yā lai gē satˇ sātˇ	農業大學	derived	
มหาวิทยาลัยมหิดล	Mahawitthayalai mahidon	ma~ hāˊ wi~ ta~ yā lai ma~ hiˇ dhon	瑪希敦大學	derived	
มหาวิทยาลัยเชียงใหม่	Mahawitthayalai chiang mai	ma~ hāˊ wi~ ta~ yā lai chīang maiˇ	清邁大學	derived	
มหาวิทยาลัยเอแบค	Mahawitthayalai e baek	ma~ hāˊ wi~ ta~ yā lai ē bhɛ̄kˇ	易三倉大學	derived	
แล้วเรียนจบแล้วจะต่อโทไหม	Laeo rian chop laeo cha to tho mai	lɛ̄u~ rīan jopˇ lɛ̄~ jaˇ dɔ̄ˇ tō maiˊ	畢業後要繼續唸碩士嗎？	derived	
ต้องเข้าโรงพยาบาลไหม	Tong khao rong phayaban mai	dɔ̄ngˋ kāuˋ rōng pa~ yā bhān maiˊ	需要去醫院嗎？	derived	
ประถม	pra thom	braˇ tomˊ	國小（口語）	derived	
ประถมศึกษา	pra thom suek sa	braˇ tomˊ sɯkˇ sāˊ	國小（正式）	derived	
ประถมเรียนโรงเรียนไหน	pra thom rian rong rian nai	braˇ tomˊ rīan rōng rīan naiˊ	國小讀哪間學校？	derived	
มัธยมต้น	mat tha yom ton	mat~ yom donˋ	國中（全稱）	derived	
อนุบาล	a nu ban	aˇ nu~ bhān	幼稚園	derived	
ตอนอนุบาลนั่งรถโรงเรียนค่ะ	ton a nu ban nang rot rong rian kha	dɔ̄n aˇ nu~ bhān nangˋ rot~ rōng rīan kaˋ	幼稚園的時候坐學校巴士	derived	
ตอนอนุบาลนั่งรถโรงเรียนไปโรงเรียน	ton a nu ban nang rot rong rian pai rong rian	dɔ̄n aˇ nu~ bhān nangˋ rot~ rōng rīan bai rōng rīan	幼稚園的時候坐學校巴士去學校	derived	
โรงพยาบาล	rong pha ya ban	rōng pa~ yā bhān	醫院（正式）	derived	
แถวนี้มีโรงพยาบาลมั้ย	thaeo ni mi rong pha ya ban mai	tɛ̄uˊ nī~ mī rōng pa~ yā bhān mai~	這附近有醫院嗎？	derived	
นอนโรงพยาบาล	non rong pha ya ban	nɔ̄n rōng pa~ yā bhān	住院	derived	
ต้องนอนโรงพยาบาล	tong non rong pha ya ban	dɔ̄ngˋ nɔ̄n rōng pa~ yā bhān	必須住院	derived	
ต้องอยู่โรงพยาบาล	tong yu rong pha ya ban	dɔ̄ngˋ yūˋ rōng pa~ yā bhān	必須待在醫院	derived	
อาการหนักต้องนอนโรงพยาบาล	a kan nak tong non rong pha ya ban	ā gān nakˇ dɔ̄ngˋ nɔ̄n rōng pa~ yā bhān	症狀嚴重必須住院	derived	
อาการหนักต้องอยู่โรงพยาบาล	a kan nak tong yu rong pha ya ban	ā gān nakˇ dɔ̄ngˋ yūˋ rōng pa~ yā bhān	症狀嚴重必須待在醫院	derived	
รถพยาบาล	rot pha ya ban	rot~ pa~ yā bhān	救護車	derived	
ช่วยเรียกรถพยาบาลให้หน่อย	chuai riak rot pha ya ban hai noi	chūayˋ rīakˋ rot~ pa~ yā bhān haiˋ nɔ̄iˇ	請幫我叫救護車	derived	
ต้องให้ทางรถพยาบาล	tong hai thang rot pha ya ban	dɔ̄ngˋ haiˋ tāng rot~ pa~ yā bhān	必須讓路給救護車	derived	
รถพยาบาลถึงแล้ว	rot pha ya ban thueng laeo	rot~ pa~ yā bhān tɯngˊ lɛ̄u~	救護車到了	derived	
คุณพยาบาล	khun pha ya ban	kun pa~ yā bhān	護士小姐/先生（尊稱）	derived	
ผมปวดหัว	phom puat hua	pomˊ būatˇ hūaˊ	我頭痛（男性自稱）	engine-auto	
คุณพยาบาลคะ ฉันรู้สึกปวดหัว	khun pha ya ban kha chan ru suek puat hua	kun pa~ yā bhān ka~ chanˊ rū~ sɯkˇ būatˇ hūaˊ	護士小姐，我覺得頭痛	derived	
คุณพยาบาลครับ อาการเพื่อนผมเป็นยังไงบ้างครับ	khun pha ya ban khrap a kan phuean phom pen yang ngai bang khrap	kun pa~ yā bhān krap~ ā gān pɯ̄anˋ pomˊ ben yang ngai bhāngˋ krap~	護士小姐，我朋友的狀況怎麼樣？（男性問）	derived	
不ต้องเป็นห่วง	mai tong pen huang	不 dɔ̄ngˋ ben hūangˇ	不用擔心	derived	
คลินิกหู คอ จมูก	khli nik hu kho cha muk	kli~ nik~ hūˊ kɔ̄ jaˇ mūkˋ	耳鼻喉科診所	derived	
เคยไปคลินิกหู คอ จมูก มั้ย	khoei pai khli nik hu kho cha muk mai	kə̄i bai kli~ nik~ hūˊ kɔ̄ jaˇ mūkˋ mai~	有去過耳鼻喉科診所嗎？	derived	
ส่วนใหญ่โรงหนังอยู่ในห้าง	suan yai rong nang yu nai hang	sūanˇ yaiˇ rōng nangˊ yūˋ nai hāngˋ	大部分電影院在百貨公司裡	engine-auto	
ฉันพิมพ์ภาษาอังกฤษเร็วมาก	chan phim pha sa ang krit reo mak	chanˊ pim pā sāˊ ang gritˇ rew mākˋ	我打英文很快	derived	
ปิดเทอมเดือนกรกฎาคม	pit thoem duean ka ra ka da khom	bitˇ tə̄m dhɯ̄an gaˇ ra~ dā kom	七月放假	derived	
สิงหาคม	sing ha khom	singˊ hāˊ kom	八月	derived	
โรงพยาบาลรัฐบาล	rong pha ya ban rat tha ban	rōng pa~ yā bhān rat~ bhān	公立醫院	derived	
โรงพยาบาลรัฐบาลคนไข้เยอะมาก	rong pha ya ban rat tha ban khon khai yeo mak	rōng pa~ yā bhān rat~ bhān kon kaiˋ yə~ mākˋ	公立醫院病人非常多	derived	
คนส่วนใหญ่จะบ่นว่ารัฐบาลแย่	khon suan yai cha bon wa rat tha ban yae	kon sūanˇ yaiˇ jaˇ bhonˇ wāˋ rat~ bhān yɛ̄ˋ	大部分的人會抱怨政府很糟糕	derived	
เอกชน	ek ka chon	ēkˇ chon	私立	derived	
โรงเรียนเอกชนค่าเทอมแพงมาก	rong rian ek ka chon kha thoem phaeng mak	rōng rīan ēkˇ chon kāˋ tə̄m pɛ̄ng mākˋ	私立學校學費很貴	derived	
คนรวยจะไปโรงพยาบาลเอกชน	khon ruai cha pai rong pha ya ban ek ka chon	kon rūay jaˇ bai rōng pa~ yā bhān ēkˇ chon	有錢人會去私立醫院	derived	
จะไปโรงพยาบาลเอกชนหรือโรงพยาบาลรัฐบาลคะ	cha pai rong pha ya ban ek ka chon rue rong pha ya ban rat tha ban kha	jaˇ bai rōng pa~ yā bhān ēkˇ chon rɯ̄ˊ rōng pa~ yā bhān rat~ bhān ka~	會去私立醫院還是公立醫院呢？	derived	
นานาชาติ	na na chat	nā nā chātˋ	國際	derived	
โรงเรียนนานาชาติ	rong rian na na chat	rōng rīan nā nā chātˋ	國際學校	derived	
อาหารนานาชาติ	a han na na chat	ā hānˊ nā nā chātˋ	國際美食	derived	
มีอาหารนานาชาติเยอะมาก	mi a han na na chat yeo mak	mī ā hānˊ nā nā chātˋ yə~ mākˋ	有很多國際美食	derived	
สนามบินนานาชาติ	sa nam bin na na chat	saˇ nām bhin nā nā chātˋ	國際機場	derived	
ที่ไต้หวันสอบเข้ามหาวิทยาลัยยากมั้ย	thi tai wan sop khao ma ha wit tha ya lai yak mai	tīˋ daiˋ wanˊ sɔ̄pˇ kāuˋ ma~ hāˊ wi~ ta~ yā lai yākˋ mai~	在台灣考進大學難嗎？	derived	
เค้าจบปริญญาโทจากเมืองนอก	khao chop pa rin ya tho chak mueang nok	kāu~ jopˇ brin yā tō jākˇ mɯ̄ang nɔ̄kˋ	他從國外碩士畢業	derived	
จบโทจากเมืองนอก	chop tho chak mueang nok	jopˇ tō jākˇ mɯ̄ang nɔ̄kˋ	從國外碩士畢業（簡稱）	derived	
ผู้จัดการเรียนจบปริญญาเอก	phu chat kan rian chop pa rin ya ek	pūˋ jatˇ gān rīan jopˇ brin yā ēkˇ	經理是博士畢業	derived	
เริ่มมีอาการปวด	roem mi a kan puat	rə̄mˋ mī ā gān būatˇ	開始有痛的症狀	engine-auto	
ภรรยาท้อง	phan ra ya thong	pan yā tɔ̄ng~	老婆懷孕	derived	
พวกเราเลิกกันแล้ว	phuak rao loek kan laeo	pūakˋ rāu lə̄kˋ gan lɛ̄u~	我們已經分手了	engine-auto	
พวกเขาเลิกกันแล้ว	phuak khao loek kan laeo	pūakˋ kāuˊ lə̄kˋ gan lɛ̄u~	他們已經分手了	engine-auto	
ตรวจสุขภาพประจำปี	truat suk kha phap pra cham pi	drūatˇ sukˇ pāpˋ braˇ jam bī	年度健康檢查	engine-auto	
ตรวจ	truat	drūatˇ	檢查	engine-auto	
ตรวจกระเป๋าเดินทาง	truat kra pao doen thang	drūatˇ graˇ bāuˊ dhə̄n tāng	檢查行李	engine-auto	
มาสายบ่อย ๆ	ma sai boi boi	mā sāiˊ bhɔ̄iˇ bhɔ̄iˇ	經常遲到（常常）	engine-auto	
ฉันหวังว่าฉันจะหาเงินได้เยอะ ๆ	chan wang wa chan cha ha nguen dai yeo yeo	chanˊ wangˊ wāˋ chanˊ jaˇ hāˊ ngə̄n dhaiˋ yə~ yə~	我希望我可以賺很多錢（女性自稱）	engine-auto	
นั่นก็แสดงว่า	nan ko sa daeng wa	nanˋ gɔ̄ˋ saˇ dhɛ̄ng wāˋ	那就表示說 / 那就意味著	derived	
แสดง	sa daeng	saˇ dhɛ̄ng	表示 / 表達 / 表演	derived	
นั่นก็แสดงว่าเขาไม่อยากคุยกับเรา	nan ko sa daeng wa khao mai yak khui kap rao	nanˋ gɔ̄ˋ saˇ dhɛ̄ng wāˋ kāuˊ maiˋ yākˋ kui gapˇ rāu	那就表示說他不想要跟我們聊天了	derived	
อดทนไว้ก่อน	ot thon wai kon	otˇ ton wai~ gɔ̄nˇ	先忍著	derived	
อดทน	ot thon	otˇ ton	忍耐	derived	
เก็บไว้ดี ๆ	kep wai di di	gepˇ wai~ dhī dhī	好好收著	engine-auto	
อดทนไว้ก่อน	ot thon wai kon	otˇ ton wai~ gɔ̄nˇ	先忍著（重複確認）	derived	
โรงพยาบาล	rong pha ya ban	rōng pa~ yā bhān	醫院	derived	
อยากไปนวด	yak pai nuat	yākˋ bai nūatˋ	想去按摩	engine-auto	
เดินไม่ไหวแล้ว อยากไปนวดค่ะ	doen mai wai laeo yak pai nuat kha	dhə̄n maiˋ waiˊ lɛ̄u~ yākˋ bai nūatˋ kaˋ	走不了了，我想去按摩（女）	engine-auto	
ค่าส่วนกลาง	kha suan klang	kāˋ sūanˇ glāng	社區管理費	engine-auto	
ส่วนใหญ่	suan yai	sūanˇ yaiˇ	大部分	engine-auto	
ส่วน	suan	sūanˇ	部分	engine-auto	
ค่าส่วนกลางเดือนละเท่าไหร่คะ	kha suan klang duean la thao rai kha	kāˋ sūanˇ glāng dhɯ̄an la~ tāuˋ raiˇ ka~	管理費一個月多少錢？（女）	engine-auto	
อยากไปนวด คุณมีร้านนวดประจำไหม	yak pai nuat khun mi ran nuat pra cham mai	yākˋ bai nūatˋ kun mī rān~ nūatˋ braˇ jam maiˊ	我想去按摩，你有常去的按摩店嗎？	engine-auto	
นั่นก็แสดงว่า	nan ko sadaeng wa	nanˋ gɔ̄ˋ saˇ dhɛ̄ng wāˋ	那也表示說	derived	
แสดงว่า	sadaeng wa	saˇ dhɛ̄ng wāˋ	表示說 / 顯然	derived	
แสดง	sadaeng	saˇ dhɛ̄ng	表演 / 表示	derived	
นักแสดง	nak sadaeng	nak~ saˇ dhɛ̄ng	演員	derived	
ไปดูการแสดง	pai du kan sadaeng	bai dhū gān saˇ dhɛ̄ng	去看表演	derived	
การแสดงเริ่มกี่โมงคะ	kan sadaeng roem ki mong kha	gān saˇ dhɛ̄ng rə̄mˋ gīˇ mōng ka~	表演幾點開始？（女）	derived	
ตักบาตร	tak bat	dakˇ bātˇ	供僧 / 托缽 / 齋僧	derived	
บาตร	bat	bātˇ	缽	derived	
อยากตักบาตร	yak tak bat	yākˋ dakˇ bātˇ	想供僧 / 想體驗托缽	derived	
หมากฝรั่ง	mak fa rang	mākˇ faˇ rangˋ	口香糖	derived	
เคี้ยวหมากฝรั่ง	khiao mak fa rang	kīau~ mākˇ faˇ rangˋ	嚼口香糖	derived	
เคี้ยวหมากฝรั่งไม่ได้	khiao mak fa rang mai dai	kīau~ mākˇ faˇ rangˋ maiˋ dhaiˋ	不能嚼口香糖	derived	
ช่วงเลิกงาน รถไฟฟ้าจะแน่นมากค่ะ	chuang loek ngan rot fai fa cha naen mak kha	chūangˋ lə̄kˋ ngān rot~ fai fā~ jaˇ nɛ̄nˋ mākˋ kaˋ	下班時間捷運會很擠 (女)	engine-auto	
จด	chot	jotˇ	記 / 記下來 / 做筆記	derived	
จดหมายเลข	chot mai lek	jotˇ māiˊ lēkˋ	記下號碼	derived	
จดเบอร์	chot boe	jotˇ bhə̄	記下號碼	derived	
จดทะเบียน	chot thabian	jotˇ ta~ bhīan	登記	derived	
จดทะเบียนแต่งงาน	chot thabian taengngan	jotˇ ta~ bhīan dɛ̄ngˇ ngān	結婚登記	derived	
จดทะเบียนบริษัท	chot thabian borisat	jotˇ ta~ bhīan bhɔ̄ ri~ satˇ	登記公司	derived	
บริษัท	borisat	bhɔ̄ ri~ satˇ	公司	derived	
จดทะเบียนรถ	chot thabian rot	jotˇ ta~ bhīan rot~	記下車牌	derived	
จดจำไว้	chot cham wai	jotˇ jam wai~	牢記在心 / 記牢在心	derived	
จดแล้วก็จำ	chot laeo ko cham	jotˇ lɛ̄u~ gɔ̄ˋ jam	先寫一下然後再用腦記	derived	
ตักบาตร	tak bat	dakˇ bātˇ	托缽供僧	derived	
ใส่บาตร	sai bat	saiˇ bātˇ	供僧	derived	
ทุกเช้าจะเห็นคนตักบาตร	thuk chao cha hen khon tak bat	tuk~ chāu~ jaˇ henˊ kon dakˇ bātˇ	每天早上會看到人供僧	derived	
ทุกเช้าจะเห็นคนใส่บาตร	thuk chao cha hen khon sai bat	tuk~ chāu~ jaˇ henˊ kon saiˇ bātˇ	每天早上會看到人供僧	derived	
คุณยายตักบาตรทุกวัน	khun yai tak bat thuk wan	kun yāi dakˇ bātˇ tuk~ wan	奶奶每天供僧	derived	
หมากฝรั่ง	mak farang	mākˇ faˇ rangˋ	口香糖	derived	
เขาชอบเคี้ยวหมากฝรั่ง	khao chop khiao mak farang	kāuˊ chɔ̄pˋ kīau~ mākˇ faˇ rangˋ	เขาชอบเคี้ยวหมากฝรั่ง	derived	
ไม่ชอบเคี้ยวหมากฝรั่ง	mai chop khiao mak farang	maiˋ chɔ̄pˋ kīau~ mākˇ faˇ rangˋ	不喜歡嚼口香糖	derived	
รู้สึกแน่นหน้าอก	rusuek naen na ok	rū~ sɯkˇ nɛ̄nˋ nāˋ okˇ	覺得胸悶	derived	
เคยแน่นหน้าอก	khoei naen na ok	kə̄i nɛ̄nˋ nāˋ okˇ	曾經胸悶過	derived	
จด	chot	jotˇ	記抄寫	derived	
จดทันไหม	chot than mai	jotˇ tan maiˊ	抄得及嗎	derived	
จดทัน	chot than	jotˇ tan	抄得及	derived	
ฉันไปเอาปากกามาจดก่อน	chan pai ao pakka ma chot kon	chanˊ bai au bākˇ gā mā jotˇ gɔ̄nˇ	我先去拿筆來記	derived	
จดทะเบียน	chot thabian	jotˇ ta~ bhīan	登記註冊	derived	
จดทะเบียนบริษัท	chot thabian borisat	jotˇ ta~ bhīan bhɔ̄ ri~ satˇ	公司註冊	derived	
จดทะเบียนร้านอาหาร	chot thabian ran ahan	jotˇ ta~ bhīan rān~ ā hānˊ	餐廳註冊	derived	
เตรียมตัวสอบเข้ามหาวิทยาลัย	triam tua sop khao mahawitthayalai	drīam dūa sɔ̄pˇ kāuˋ ma~ hāˊ wi~ ta~ yā lai	準備考大學	derived	
พวกเราลืมมันเถอะ	phuak rao luem man thoe	pūakˋ rāu lɯ̄m man təˇ	我們忘了它吧	engine-auto	
ตลาดวันจันทร์วันพุธวันศุกร์	talat wan chan wan phut wan suk	daˇ lātˋ wan jan wan put~ wan sukˇ	星期一三五的市集	derived	
เคยไปตลาดนัดจตุจักรคะ	khoei pai talat nat chatuchak kha	kə̄i bai daˇ lātˋ nat~ jaˇ duˇ jakˇ ka~	曾經去過恰圖恰市集嗎	derived	
รวม	ruam	rūam	包含	engine-auto	
รวมอาหารเช้า	ruam ahan chao	rūam ā hānˊ chāu~	包含早餐	engine-auto	
ยังไม่รวมอาหารเช้า	yang mai ruam ahan chao	yang maiˋ rūam ā hānˊ chāu~	還沒包含早餐	engine-auto	
รวมภาษี	ruam phasi	rūam pā sīˊ	含稅	engine-auto	
รวมภาษีแล้ว	ruam phasi laeo	rūam pā sīˊ lɛ̄u~	已經含稅了	engine-auto	
รวมแวต	ruam waet	rūam wɛ̄tˋ	含增值稅	engine-auto	
รวมแวตแล้ว	ruam waet laeo	rūam wɛ̄tˋ lɛ̄u~	已經含增值稅了	engine-auto	
รวมค่าบริการ	ruam kha borikan	rūam kāˋ bhɔ̄ ri~ gān	包含服務費	derived	
ค่าบริการ 10%	kha borikan sip poesen	kāˋ bhɔ̄ ri~ gān 10%	百分之十服務費	derived	
รวมแล้ว	ruam laeo	rūam lɛ̄u~	包含了	engine-auto	
รวมคุณแล้ว	ruam khun laeo	rūam kun lɛ̄u~	包含你在內了	engine-auto	
ยังไม่รวม	yang mai ruam	yang maiˋ rūam	還沒包含	engine-auto	
ผัดผักรวมมิตร	phat phak ruam mit	patˇ pakˇ rūam mit~	綜合炒蔬菜	derived	
รวมมิตร	ruam mit	rūam mit~	綜合	derived	
รวมสีดำรวมกับสีขาวเป็นสีเทา	ruam si dam ruam kap si khao pen si thao	rūam sīˊ dham rūam gapˇ sīˊ kāuˊ ben sīˊ tāu	黑色加白色變成灰色	engine-auto	
ฝันเป็นจริง	fan pen ching	fanˊ ben jing	夢想成真	derived	
ขอให้ฝันเป็นจริง	kho hai fan pen ching	kɔ̄ˊ haiˋ fanˊ ben jing	祝你夢想成真	derived	
พรุ่งนี้ฉันจะเป็นมหาเศรษฐี	phrung ni chan cha pen mahasetthi	prungˋ nī~ chanˊ jaˇ ben ma~ hāˊ srētˇ tīˊ	明天我會成為億萬富翁	derived	
ชอบยก	chop yok	chɔ̄pˋ yok~	喜歡舉	derived	
ยกมือ	yok mue	yok~ mɯ̄	舉手	derived	
ยกมือถามได้	yok mue tham dai	yok~ mɯ̄ tāmˊ dhaiˋ	可以舉手發問	derived	
ยกมือไหว้	yok mue wai	yok~ mɯ̄ waiˋ	舉手合十禮	derived	
ยกโต๊ะ	yok to	yok~ do~	搬桌子	derived	
ยกโต๊ะคนเดียวก็ได้	yok to khon diao ko dai	yok~ do~ kon dhīau gɔ̄ˋ dhaiˋ	一個人搬桌子也可以	derived	
ยกตัวอย่าง	yok tua yang	yok~ dūa yāngˋ	舉例	derived	
ยกตัวอย่างให้ฟังหน่อย	yok tua yang hai fang noi	yok~ dūa yāngˋ haiˋ fang nɔ̄iˇ	請舉例給我聽	derived	
ยกโทษ	yok thot	yok~ tōtˋ	原諒	derived	
ยกโทษให้ฉันนะ	yok thot hai chan na	yok~ tōtˋ haiˋ chanˊ na~	原諒我吧	derived	
ช่วยยกของหน่อย	chuai yok khong noi	chūayˋ yok~ kɔ̄ngˊ nɔ̄iˇ	請幫忙搬東西	derived	
ช่วยยกกระเป๋าเดินทางหน่อย	chuai yok krapao doen thang noi	chūayˋ yok~ graˇ bāuˊ dhə̄n tāng nɔ̄iˇ	請幫忙提行李箱	derived	
ตั้งบริษัท	tang borisat	dangˋ bhɔ̄ ri~ satˇ	設立公司	derived	
ตัวแทนบริษัท	tua thaen borisat	dūa tɛ̄n bhɔ̄ ri~ satˇ	公司代表	derived	
ผลิตชิ้นส่วนคอม	ผลิตชิ้นส่วนคอม	paˇ lit~ chin~ sūanˇ kɔ̄m	生產電腦零件	engine-auto	
ชิ้นส่วน	chin suan	chin~ sūanˇ	零件	engine-auto	
ชิ้นส่วนรถยนต์	chin suan rot yon	chin~ sūanˇ rot~ yon	汽車零件	derived	
ชิ้นส่วนเครื่องบิน	chin suan khrueang bin	chin~ sūanˇ krɯ̄angˋ bhin	飛機零件	engine-auto	
แผนกผลิต	phaenaek phalit	paˇ nɛ̄kˋ paˇ lit~	生產部門	derived	
แผนก	phaenaek	paˇ nɛ̄kˋ	部門	derived	
ทำงานแผนกไหน	tham ngan phaenaek nai	tam ngān paˇ nɛ̄kˋ naiˊ	在哪個部門工作	derived	
ส่ง	song	songˇ	送寄	derived	
รถรับส่ง	rot rap song	rot~ rap~ songˇ	接送車	derived	
ส่งออก	song ok	songˇ ɔ̄kˇ	出口	derived	
ส่งออกชิ้นส่วนคอม	song ok chin suan khom	songˇ ɔ̄kˇ chin~ sūanˇ kɔ̄m	出口電腦零件	derived	
ส่งลูกไปเรียน	song luk pai rian	songˇ lūkˋ bai rīan	送孩子去上學	derived	
ไม่ต้องส่งลูกไปโรงเรียน	mai tong song luk pai rong rian	maiˋ dɔ̄ngˋ songˇ lūkˋ bai rōng rīan	不用送孩子去學校	derived	
ส่งไปเรียนเมืองนอก	song pai rian mueang nok	songˇ bai rīan mɯ̄ang nɔ̄kˋ	送去國外讀書	derived	
หลง	long	longˊ	迷路迷戀迷失	derived	
หลงทาง	long thang	longˊ tāng	迷路	derived	
หลงทางบ่อยๆค่ะ	long thang boi boi kha	longˊ tāng bhɔ̄iˇ bhɔ̄iˇ kaˋ	經常迷路	derived	
หลงเชื่อ	long chuea	longˊ chɯ̄aˋ	誤信	derived	
อย่าหลงเชื่อ	ya long chuea	yāˋ longˊ chɯ̄aˋ	別誤信	derived	
หลงรัก	long rak	longˊ rak~	迷戀	derived	
ขี้หลงขี้ลืม	khi long khi luem	kīˋ longˊ kīˋ lɯ̄m	健忘	derived	
คนแก่ขี้หลงขี้ลืม	khon kae khi long khi luem	kon gɛ̄ˇ kīˋ longˊ kīˋ lɯ̄m	老人健忘	derived	
ความสามารถ	khwam samat	kwām sāˊ mātˋ	能力	derived	
ความสามารถฉันยังไม่พอ	khwam samat chan yang mai pho	kwām sāˊ mātˋ chanˊ yang maiˋ pɔ̄	我的能力還不夠	derived	
คุณมีความสามารถอะไรบ้าง	khun mi khwam samat arai bang	kun mī kwām sāˊ mātˋ aˇ rai bhāngˋ	你有什麼能力	derived	
ฉันสามารถพูดภาษาไทยได้	chan samat phut phasa thai dai	chanˊ sāˊ mātˋ pūtˋ pā sāˊ tai dhaiˋ	我能說泰語	derived	
สามารถ	samat	sāˊ mātˋ	能夠	derived	
พยายาม	phayayam	pa~ yā yām	努力	derived	
ถ้าคุณพยายามก็สามารถทำได้	tha khun phayayam ko samat tham dai	tāˋ kun pa~ yā yām gɔ̄ˋ sāˊ mātˋ tam dhaiˋ	如果你努力就能做到	derived	
พยายามเรียน	phayayam rian	pa~ yā yām rīan	努力學習	derived	
พยายามพูด	phayayam phut	pa~ yā yām pūtˋ	努力說	derived	
อธิบาย	athibai	aˇ ti~ bhāi	解釋	derived	
อธิบายให้ฟังหน่อย	athibai hai fang noi	aˇ ti~ bhāi haiˋ fang nɔ̄iˇ	請解釋給我聽	derived	
อธิบายทีหลัง	athibai thi lang	aˇ ti~ bhāi tī langˊ	之後再解釋	derived	
อ่านก่อนแล้วค่อยอธิบายทีหลัง	an kon laeo khoi athibai thi lang	ānˇ gɔ̄nˇ lɛ̄u~ kɔ̄iˋ aˇ ti~ bhāi tī langˊ	先讀然後再解釋	derived	
ไม่รู้จะอธิบายยังไง	mai ru cha athibai yang ngai	maiˋ rū~ jaˇ aˇ ti~ bhāi yang ngai	不知道要怎麼解釋	derived	
รวม	ruam	rūam	包含/包括	engine-auto	
ราคานี้รวมค่าบริการหรือยัง	rakha ni ruam kha borikan rue yang	rā kā nī~ rūam kāˋ bhɔ̄ ri~ gān rɯ̄ˊ yang	這個價格包含服務費了嗎	derived	
ราคานี้รวมอะไรบ้าง	rakha ni ruam arai bang	rā kā nī~ rūam aˇ rai bhāngˋ	這個價格包含什麼	engine-auto	
รถรับส่ง	rot rap song	rot~ rap~ songˇ	接送車	derived	
รวมรถรับส่งกับอาหารเช้า	ruam rot rap song gap ahan chao	rūam rot~ rap~ songˇ gapˇ ā hānˊ chāu~	包含接送和早餐	derived	
ราคานี้รวมแวตแล้ว	rakha ni ruam waet laeo	rā kā nī~ rūam wɛ̄tˋ lɛ̄u~	這個價格已含增值稅	engine-auto	
ขอบคุณที่ใช้บริการ	khop khun thi chai borikan	kɔ̄pˇ kun tīˋ chai~ bhɔ̄ ri~ gān	感謝您使用我們的服務	derived	
บริการดีมาก	borikan di mak	bhɔ̄ ri~ gān dhī mākˋ	服務非常好	derived	
ยกโทษ	yok thot	yok~ tōtˋ	原諒	derived	
ขอโทษนะ ยกโทษให้ฉันนะคะ	kho thot na yok thot hai chan na kha	kɔ̄ˊ tōtˋ na~ yok~ tōtˋ haiˋ chanˊ na~ ka~	對不起，請原諒我	derived	
ไม่ ฉันไม่ยกโทษให้คุณ	mai chan mai yok thot hai khun	maiˋ chanˊ maiˋ yok~ tōtˋ haiˋ kun	不，我不原諒你	derived	
สงสัย	songsai	songˊ saiˊ	懷疑/有疑問	derived	
ถ้ามีอะไรสงสัย	tha mi arai songsai	tāˋ mī aˇ rai songˊ saiˊ	如果有任何疑問	derived	
ยกมือถามได้นะ	yok mue tham dai na	yok~ mɯ̄ tāmˊ dhaiˋ na~	可以舉手發問	derived	
ยกตัวอย่าง	yok tua yang	yok~ dūa yāngˋ	舉例	derived	
ช่วยยกตัวอย่างให้ฟังหน่อย	chuai yok tua yang hai fang noi	chūayˋ yok~ dūa yāngˋ haiˋ fang nɔ̄iˇ	請舉個例子給我聽聽	derived	
ตั้งบริษัท	tang borisat	dangˋ bhɔ̄ ri~ satˇ	設立公司	derived	
ใครตั้งบริษัท TSMC	khrai tang borisat TSMC	krai dangˋ bhɔ̄ ri~ satˇ TSMC	誰創立了TSMC	derived	
พวกเราเป็นตัวแทนบริษัท	phuak rao pen tuathaen borisat	pūakˋ rāu ben dūa tɛ̄n bhɔ̄ ri~ satˇ	我們是公司代表	derived	
ไปประชุมนานาชาติ	pai prachum nanachat	bai braˇ chum nā nā chātˋ	去參加國際會議	derived	
โรงงานของฉันผลิตชิ้นส่วนคอม	rongngan khong chan phalit chin suan khom	rōng ngān kɔ̄ngˊ chanˊ paˇ lit~ chin~ sūanˇ kɔ̄m	我的工廠生產電腦零件	engine-auto	
แผนก	phaenaek	paˇ nɛ̄kˋ	部門/科別	derived	
เขาถูกย้ายไปแผนกบัญชี	khao thuk yai pai phaenaek banchi	kāuˊ tūkˇ yāi~ bai paˇ nɛ̄kˋ bhan chī	他被調去會計部	derived	
แผนกหูคอจมูก	phaenaek hu kho chamuk	paˇ nɛ̄kˋ hūˊ kɔ̄ jaˇ mūkˋ	耳鼻喉科	derived	
ต้องไปแผนกสินค้าเด็ก	tong pai phaenaek sinkha dek	dɔ̄ngˋ bai paˇ nɛ̄kˋ sinˊ kā~ dhekˇ	必須去兒童用品部	derived	
หลงทาง	long thang	longˊ tāng	迷路	derived	
ถ้าคุณหลงทาง	tha khun long thang	tāˋ kun longˊ tāng	如果你迷路了	derived	
หลงเชื่อ	long chuea	longˊ chɯ̄aˋ	誤信	derived	
เขาหลอกคุณ อย่าหลงเชื่อ	khao lok khun ya long chuea	kāuˊ lɔ̄kˇ kun yāˋ longˊ chɯ̄aˋ	เขาหลอกคุณ อย่าหลงเชื่อ	derived	
หลงรัก	long rak	longˊ rak~	迷戀	derived	
แฟนคลับหลงรักเค้ามาก	faenkhlap long rak khao mak	fɛ̄n klap~ longˊ rak~ kāu~ mākˋ	粉絲非常迷戀他	derived	
อยากรู้คุณรักฉันจริงไหม	yak ru khun rak chan ching mai	yākˋ rū~ kun rak~ chanˊ jing maiˊ	想知道你是不是真的愛我	derived	
อธิบาย	athibai	aˇ ti~ bhāi	解釋	derived	
ช่วยอธิบายให้ฟังหน่อย	chuai athibai hai fang noi	chūayˋ aˇ ti~ bhāi haiˋ fang nɔ̄iˇ	請解釋給我聽	derived	
อธิบายหลายครั้งแล้ว	athibai lai khrang laeo	aˇ ti~ bhāi lāiˊ krang~ lɛ̄u~	已經解釋很多次了	derived	
ความสามารถ	khwam samat	kwām sāˊ mātˋ	能力	derived	
คุณมีความสามารถอะไรบ้าง	khun mi khwam samat arai bang	kun mī kwām sāˊ mātˋ aˇ rai bhāngˋ	你有什麼專長/能力	derived	
ความสามารถของคุณสูงมาก	khwam samat khong khun sung mak	kwām sāˊ mātˋ kɔ̄ngˊ kun sūngˊ mākˋ	你的能力痕高	derived	
ความสามารถของคุณยังไม่พอ	khwam samat khong khun yang mai pho	kwām sāˊ mātˋ kɔ̄ngˊ kun yang maiˋ pɔ̄	你的能力還不夠	derived	
พยายาม	phayayam	pa~ yā yām	努力/嘗試	derived	
พยายามลดความอ้วน	phayayam lot khwam uan	pa~ yā yām lot~ kwām ūanˋ	努力減肥	derived	
พยายามออกกำลังกาย	phayayam ok kamlang kai	pa~ yā yām ɔ̄kˇ gam lang gāi	努力運動	derived	
พยายามต่อไป สู้ๆนะ	phayayam topai susu na	pa~ yā yām dɔ̄ˇ bai sūˋ sūˋ na~	繼續努力，加油喔	derived	
คนไต้หวันส่วนใหญ่แพ้อากาศ	khon taiwan suan yai phae akat	kon daiˋ wanˊ sūanˇ yaiˇ pɛ̄~ ā gātˇ	大部分台灣人對天氣過敏	engine-auto	
ปวดหัว	puat hua	būatˇ hūaˊ	頭痛	engine-auto	
สมหวัง	som wang	somˊ wangˊ	如願以償	derived	
ขอให้สมหวัง	kho hai som wang	kɔ̄ˊ haiˋ somˊ wangˊ	祝你如願	derived	
หมดหวัง	mot wang	motˇ wangˊ	沒希望了	derived	
หมดเวลาแล้ว	mot wela laeo	motˇ wē lā lɛ̄u~	時間到了	derived	
หมดห่วง	mot huang	motˇ hūangˇ	放心了 / 不用擔心了	derived	
พ่อแม่หมดห่วง	pho mae mot huang	pɔ̄ˋ mɛ̄ˋ motˇ hūangˇ	父母放心了	derived	
หมดอายุ	mot a-yu	motˇ ā yu~	過期	derived	
ยังไม่หมดอายุ	yang maiหมดอายุ	yang maiˋ motˇ ā yu~	還沒過期	derived	
ช่างเอาใจเก่งจริงๆ	chang ao chai keng ching ching	chāngˋ au jai gēngˇ jing jing	真的很會討好人	derived	
ไปเยี่ยมญาติ	pai yiam yat	bai yīamˋ yātˋ	去探望親戚	derived	
อดทนไว้ก่อน	ot thon wai kon	otˇ ton wai~ gɔ̄nˇ	先忍耐一下	derived	
ไว้หนวด	wai nuat	wai~ nūatˇ	留鬍子	engine-auto	
ไม่ไว้หนวด	mai wai nuat	maiˋ wai~ nūatˇ	不留鬍子	engine-auto	
หนวดปลาหมึก	nuat pla muek	nūatˇ blā mɯkˇ	章魚鬚 / 魷魚鬚	engine-auto	
จริงหรอ	ching ro	jing rɔ̄ˊ	真的嗎	derived	
เราคบกันได้ไหม	rao khop kan dai mai	rāu kop~ gan dhaiˋ maiˊ	我們可以交往嗎	derived	
คบกันมา 7 ปีแล้ว	khop kan ma chet pi laeo	kop~ gan mā 7 bī lɛ̄u~	交往七年了	derived	
คบกันรักกันแล้วก็เลิกกัน	khop kan rak kan laeo ko loek kan	kop~ gan rak~ gan lɛ̄u~ gɔ̄ˋ lə̄kˋ gan	交往、相愛，然後分手	derived	
คนส่วนใหญ่แพ้อะไร	khon suan yai phae arai	kon sūanˇ yaiˇ pɛ̄~ aˇ rai	大部分的人對什麼過敏	engine-auto	
ฉันคิดว่าคนส่วนใหญ่แพ้อาหารทะเลนะ	chan khit wa khon suan yai phae ahan thale na	chanˊ kit~ wāˋ kon sūanˇ yaiˇ pɛ̄~ ā hānˊ ta~ lē na~	我覺得大部分的人對海鮮過敏	engine-auto	
ไหว้พระพรหม	wai phra phrom	waiˋ pra~ pom	拜四面佛	derived	
ขอให้สมหวังทุกอย่าง	kho hai som wang thuk yang	kɔ̄ˊ haiˋ somˊ wangˊ tuk~ yāngˋ	祝萬事如意	derived	
พวกเรายังไม่สิ้นหวัง	phuak rao yang mai sin wang	pūakˋ rāu yang maiˋ sinˋ wangˊ	我們還沒有絕望	engine-auto	
หมดอายุ	mot ayu	motˇ ā yu~	過期	derived	
ปลากระป๋องหมดอายุหรือยัง	pla krapong mot ayu rue yang	blā graˇ bɔ̄ngˊ motˇ ā yu~ rɯ̄ˊ yang	魚罐頭過期了嗎	derived	
ฉันคิดว่าหมดอายุแล้ว	chan khit wa mot ayu laeo	chanˊ kit~ wāˋ motˇ ā yu~ lɛ̄u~	我認為過期了	derived	
อาหารหมดอายุแล้วยังกินได้มั้ย	ahan mot ayu laeo yang kin dai mai	ā hānˊ motˇ ā yu~ lɛ̄u~ yang gin dhaiˋ mai~	食物過期了還可以吃嗎	derived	
หมดเวลาสอบแล้ว	mot wela sop laeo	motˇ wē lā sɔ̄pˇ lɛ̄u~	考試時間到了	derived	
หมดเวลาเรียนแล้ว	mot wela rian laeo	motˇ wē lā rīan lɛ̄u~	上課時間到了	derived	
หมดเวลาทำงานแล้ว	mot wela tham ngan laeo	motˇ wē lā tam ngān lɛ̄u~	下班時間到了	derived	
หมดห่วง	mot huang	motˇ hūangˇ	放心（不再擔心）	derived	
ลูกเลี้ยงตัวเองได้พ่อแม่ก็หมดห่วง	luk liang tua eng dai pho mae ko mot huang	lūkˋ līang~ dūa ēng dhaiˋ pɔ̄ˋ mɛ̄ˋ gɔ̄ˋ motˇ hūangˇ	孩子能養活自己，父母就放心了	derived	
เด็กอะไรช่างน่ารักจริงๆ	dek arai chang na rak ching ching	dhekˇ aˇ rai chāngˋ nāˋ rak~ jing jing	這小孩真可愛	derived	
ผู้หญิงอะไรช่างเอาใจยากจริงๆ	phu ying arai chang ao chai yak ching ching	pūˋ yingˊ aˇ rai chāngˋ au jai yākˋ jing jing	這女人真難討好	derived	
ร้านนี้ช่างอร่อยจริงๆ	ran ni chang aroi ching ching	rān~ nī~ chāngˋ aˇ rɔ̄iˋ jing jing	這家店真好吃	derived	
ญาติพี่น้อง	yat phi nong	yātˋ pīˋ nɔ̄ng~	親戚	derived	
ไปเยี่ยมญาติพี่น้อง	pai yiam yat phi nong	bai yīamˋ yātˋ pīˋ nɔ̄ng~	去探望親戚	derived	
มีญาติอยู่เมืองไทยมั้ย	mi yat yu mueang thai mai	mī yātˋ yūˋ mɯ̄ang tai mai~	在泰國有親戚嗎	derived	
ไปเยี่ยมญาติพี่น้องที่เมืองไทย	pai yiam yat phi nong thi mueang thai	bai yīamˋ yātˋ pīˋ nɔ̄ng~ tīˋ mɯ̄ang tai	去泰國探望親戚	derived	
ไปเยี่ยมเพื่อนที่โรงพยาบาล	pai yiam phuean thi rong phayaban	bai yīamˋ pɯ̄anˋ tīˋ rōng pa~ yā bhān	去醫院探望朋友	derived	
โรงพยาบาล	rong phayaban	rōng pa~ yā bhān	醫院	derived	
นางพยาบาล	nang phayaban	nāng pa~ yā bhān	護士	derived	
หมดเวลา	mot wela	motˇ wē lā	時間到了	derived	
หมดเวลาเยี่ยมไข้แล้วค่ะ	mot wela yiam khai laeo kha	motˇ wē lā yīamˋ kaiˋ lɛ̄u~ kaˋ	探病時間到了	derived	
คุณมีญาติที่เมืองไทยไหม	khun mi yat thi mueang thai mai	kun mī yātˋ tīˋ mɯ̄ang tai maiˊ	你在泰國有親戚嗎	derived	
ฉันไม่มีญาติที่เมืองไทยครับ	chan mai mi yat thi mueang thai khrap	chanˊ maiˋ mī yātˋ tīˋ mɯ̄ang tai krap~	我在泰國沒有親戚	derived	
อาทิตย์ที่แล้วญาติของผมมาเที่ยวไต้หวัน	athit thi laeo yat khong phom ma thiao taiwan	ā tit~ tīˋ lɛ̄u~ yātˋ kɔ̄ngˊ pomˊ mā tīauˋ daiˋ wanˊ	上個星期我的親戚來台灣玩	derived	
อยากลองไว้หนวด	yak long wai nuat	yākˋ lɔ̄ng wai~ nūatˇ	想試著留鬍子	engine-auto	
คบกัน 7 ปีแล้ว	khop kan chet pi laeo	kop~ gan 7 bī lɛ̄u~	交往7年了	derived	
ตอนนี้คบกับใครอยู่	ton ni khop kap khrai yu	dɔ̄n nī~ kop~ gapˇ krai yūˋ	現在正在跟誰交往	derived	
คบกับคนไทย	khop kap khon thai	kop~ gapˇ kon tai	跟泰國人交往	derived	
คบกันกี่ปีแล้ว	khop kan ki pi laeo	kop~ gan gīˇ bī lɛ̄u~	交往幾年了	derived	
คบกัน 8 ปีแล้ว	khop kan paet pi laeo	kop~ gan 8 bī lɛ̄u~	交往8年了	derived	
อย่าคบกับเขา	ya khop kap khao	yāˋ kop~ gapˇ kāuˊ	別跟他交往	derived	
อยากคบกับเขา	yak khop kap khao	yākˋ kop~ gapˇ kāuˊ	想跟他交往	derived	
ผมจะไม่คบคนเห็นแก่ตัว	phom cha mai khop khon hen kae tua	pomˊ jaˇ maiˋ kop~ kon henˊ gɛ̄ˇ dūa	我不會跟自私的人交往	derived	
คนจนชีวิตลำบาก	khon chon chiwit lambak	kon jon chī wit~ lam bhākˇ	窮人生活辛苦	derived	
ชีวิตลำบากจริงๆ	chiwit lambak ching ching	chī wit~ lam bhākˇ jing jing	生活真的很辛苦	derived	
คนตาบอดน่าสงสาร	khon ta bot na song san	kon dā bhɔ̄tˇ nāˋ songˊ sānˊ	盲人很可憐	derived	
ใกล้จะสอบต้องไปส่งลูกเรียนพิเศษ	klai cha sop tong pai song luk rian phiset	glaiˋ jaˇ sɔ̄pˇ dɔ̄ngˋ bai songˇ lūkˋ rīan pi~ sētˇ	快要考試了，必須送孩子去補習	derived	
ราคานี้เป็นราคารวม	rakha ni pen rakha ruam	rā kā nī~ ben rā kā rūam	這個價格是包含的價格	engine-auto	
รวมเฟอร์นิเจอร์แล้วนะ	ruam foe ni choe laeo na	rūam fə̄ ni~ jə̄ lɛ̄u~ na~	已經包含家具了喔	engine-auto	
แถวนั้นสะดวกมากเลย	thaeo nan saduak mak loei	tɛ̄uˊ nan~ saˇ dhūakˇ mākˋ lə̄i	那一帶非常方便	engine-auto	
มีทั้งโรงพยาบาลโรงแรมโรงเรียนโรงหนัง	mi thang rong phayaban rong raem rong rian rong nang	mī tang~ rōng pa~ yā bhān rōng rɛ̄m rōng rīan rōng nangˊ	有醫院、飯店、學校、電影院	derived	
เพื่อที่จะเตรียมสอบเข้ามหาลัยปีหน้า	phuea thi cha triam sop khao maha lai pi na	pɯ̄aˋ tīˋ jaˇ drīam sɔ̄pˇ kāuˋ ma~ hāˊ lai bī nāˋ	為了準備明年考大學	derived	
แป๊บๆลูกจะเข้ามหาลัยแล้ว	paep paep luk cha khao maha lai laeo	bɛ̄p~ bɛ̄p~ lūkˋ jaˇ kāuˋ ma~ hāˊ lai lɛ̄u~	一下子孩子就要上大學了	derived	
รสชาติพอดีไหม	rot chat pho di mai	rot~ chātˋ pɔ̄ dhī maiˊ	味道剛好嗎	derived	
รสชาติพอดีแล้ว	rot chat pho di laeo	rot~ chātˋ pɔ̄ dhī lɛ̄u~	味道已經剛好了	derived	
ส่วนใหญ่มีสระว่ายน้ำ	suan yai mi sa wai nam	sūanˇ yaiˇ mī sraˇ wāiˋ nām~	大部分有游泳池	engine-auto	
เยี่ยมญาติ	yiam yat	yīamˋ yātˋ	探望親戚	derived	
เดือนหน้าจะไปเยี่ยมญาติที่อังกฤษ	duan na cha pai yiam yat thi ang krit	dhɯ̄an nāˋ jaˇ bai yīamˋ yātˋ tīˋ ang gritˇ	下個月要去英國探望親戚	derived	
วิธีนี้เยี่ยมจริงๆ	wi thi ni yiam ching ching	wi~ tī nī~ yīamˋ jing jing	這個方法真的很棒	derived	
ออกเสียงเยี่ยมจริงๆ	ok siang yiam ching ching	ɔ̄kˇ sīangˊ yīamˋ jing jing	發音真的很棒	derived	
ถนนสายนี้ยาวมาก	tha non sai ni yao mak	taˇ non sāiˊ nī~ yāu mākˋ	這條馬路很長	derived	
เขามาทำงานสายตลอด	khao ma tham ngan sai ta lot	kāuˊ mā tam ngān sāiˊ daˇ lɔ̄tˋ	他來工作一直遲到	derived	
เขาเป็นคนมีความสามารถสูง	khao pen khon mi khwam samat sung	kāuˊ ben kon mī kwām sāˊ mātˋ sūngˊ	他是能力很高的人	derived	
ผมรับรองว่าเขาเป็นคนมีความสามารถสูง	phom rap rong wa khao pen khon mi khwam samat sung	pomˊ rap~ rɔ̄ng wāˋ kāuˊ ben kon mī kwām sāˊ mātˋ sūngˊ	我保證他是能力很高的人 (男)	derived	
เขาเป็นเศรษฐีเพราะว่าเขาขยัน	khao pen setthi phro wa khao khayan	kāuˊ ben srētˇ tīˊ prɔ~ wāˋ kāuˊ kaˇ yanˊ	他是富翁，因為他很用功	derived	
ซื้อบ้านแถมเฟอร์นิเจอร์สนใจไหม	sue ban thaem foe ni choe son chai mai	sɯ̄~ bhānˋ tɛ̄mˊ fə̄ ni~ jə̄ sonˊ jai maiˊ	買房送傢俱，有興趣嗎	derived	
ผมสนใจครับ	phom son chai khrap	pomˊ sonˊ jai krap~	我有興趣	derived	
เพื่อที่จะเตรียมสอบเข้ามหาวิทยาลัย	phuea thi cha triam sop khao mahawitthayalai	pɯ̄aˋ tīˋ jaˇ drīam sɔ̄pˇ kāuˋ ma~ hāˊ wi~ ta~ yā lai	為了要準備考大學	derived	
สมหวัง	somwang	somˊ wangˊ	如願 / 實現願望	derived	
สมหวังสักที	somwang sak thi	somˊ wangˊ sakˇ tī	終於如願了	derived	
เด็กยกกระเป๋า	dek yok krapao	dhekˇ yok~ graˇ bāuˊ	行李員 / 提行李服務生	derived	
เจ้าของร้านกับเด็กเสิร์ฟเป็นคนอีสานกันหมด	chao khong ran kap dek soep pen khon isan kan mot	jāuˋ kɔ̄ngˊ rān~ gapˇ dhekˇ sə̄pˇ ben kon ī sānˊ gan motˇ	老闆和服務生全部都是東北部人	derived	
คนอีสานที่เข้ามาทำงานในกรุงเทพส่วนใหญ่เป็นคนหาเช้ากินค่ำ	khon isan thi khao ma tham ngan nai krungthep suan yai pen khon ha chao kin kham	kon ī sānˊ tīˋ kāuˋ mā tam ngān nai grung tēpˋ sūanˇ yaiˇ ben kon hāˊ chāu~ gin kamˋ	進來曼谷工作的東北部人大部分是勉強糊口的人	engine-auto	
แสดงว่า	sa daeng wa	saˇ dhɛ̄ng wāˋ	表示說 / 顯然	derived	
แสดงว่าอยู่อีสานหางานยากใช่ไหม	sa daeng wa yu isan ha ngan yak chai mai	saˇ dhɛ̄ng wāˋ yūˋ ī sānˊ hāˊ ngān yākˋ chaiˋ maiˊ	表示說住東北部找工作很難是嗎	derived	
จะเอากี่ขวดล่ะ	cha ao ki khuat la	jaˇ au gīˇ kūatˇ laˋ	要幾瓶呢	derived	
จะหมดอายุเมื่อไหร่	cha mot ayu muea rai	jaˇ motˇ ā yu~ mɯ̄aˋ raiˇ	什麼時候會過期呢	derived	
งั้นเอาสองขวด	ngan ao song khuat	ngan~ au sɔ̄ngˊ kūatˇ	那麼要兩瓶	derived	
ส่งออก	song ok	songˇ ɔ̄kˇ	出口	derived	
สินค้าส่งออก	sinkha song ok	sinˊ kā~ songˇ ɔ̄kˇ	出口商品	derived	
รวมภาษีหรือยัง	ruam phasi rue yang	rūam pā sīˊ rɯ̄ˊ yang	包含稅了嗎	engine-auto	
โรงเรียนเอกชน	rongrian ekkachon	rōng rīan ēkˇ chon	私立學校	derived	
โรงเรียนนานาชาติ	rongrian nanachat	rōng rīan nā nā chātˋ	國際學校	derived	
โรงพยาบาล	rongphayaban	rōng pa~ yā bhān	醫院	derived	
โรงพยาบาลรัฐบาล	rongphayaban ratthaban	rōng pa~ yā bhān rat~ bhān	公立醫院	derived	
โรงพยาบาลเอกชน	rongphayaban ekkachon	rōng pa~ yā bhān ēkˇ chon	私立醫院	derived	
ชิ้นส่วนคอม	chinsuan khom	chin~ sūanˇ kɔ̄m	電腦零件	engine-auto	
โรงงานผลิตชิ้นส่วนคอม	rongngan phalit chinsuan khom	rōng ngān paˇ lit~ chin~ sūanˇ kɔ̄m	生產電腦零件的工廠	engine-auto	
พอจบปริญญาตรี	pho cop parinya tri	pɔ̄ jopˇ brin yā drī	一畢業於學士學位	derived	
เริ่มลดความอ้วน	roem lot khwam uan	rə̄mˋ lot~ kwām ūanˋ	開始減肥	derived	
พยายาม	phayayam	pa~ yā yām	努力	derived	
พยายามเลิกสูบบุหรี่ 2 ปีแล้ว	phayayam loek sup buri song pi laeo	pa~ yā yām lə̄kˋ sūpˇ bhuˇ rīˇ 2 bī lɛ̄u~	努力戒煙兩年了	derived	
เสียงดังมาก ทนไม่ไหวแล้ว	siang dang mak thon mai wai laeo	sīangˊ dhang mākˋ ton maiˋ waiˊ lɛ̄u~	很大聲，受不了了	derived	
หัวหน้าขี้บ่นอยากลาออก	hua na khi bon yak la ok	hūaˊ nāˋ kīˋ bhonˇ yākˋ lā ɔ̄kˇ	主管愛抱怨想離職	derived	
ตรวจ	truat	drūatˇ	檢查	engine-auto	
ตรวจสุขภาพประจำปี	truat sukkhapap pra tsam pi	drūatˇ sukˇ pāpˋ braˇ jam bī	年度健康檢查	engine-auto	
ครูตรวจข้อสอบ	khru truat kho sop	krū drūatˇ kɔ̄ˋ sɔ̄pˇ	老師檢查考題	engine-auto	
ตรวจกระเป๋าเดินทาง	truat krapao doen thang	drūatˇ graˇ bāuˊ dhə̄n tāng	檢查行李	engine-auto	
ระวังกินไม่หมด	rawang kin mai mot	ra~ wang gin maiˋ motˇ	小心吃不完	derived	
ปวดฟันเคี้ยวข้าวไม่ไหว	puat fan khiao khao mai wai	būatˇ fan kīau~ kāuˋ maiˋ waiˊ	牙痛咬不動飯	engine-auto	
ฉันรู้สึกแน่นหน้าอก	chan ru suk naen na ok	chanˊ rū~ sɯkˇ nɛ̄nˋ nāˋ okˇ	我感到胸悶	derived	
จด	jot	jotˇ	記 / 筆記	derived	
ฟังไปจดไป	fang pai jot pai	fang bai jotˇ bai	一邊聽一邊記	derived	
นักเรียนจดไม่ทัน	nak rian jot mai than	nak~ rīan jotˇ maiˋ tan	學生來不及記	derived	
จดทะเบียนแต่งงาน	jot thabian taeng ngan	jotˇ ta~ bhīan dɛ̄ngˇ ngān	登記結婚	derived	
จดทะเบียนบริษัท	jot thabian borisat	jotˇ ta~ bhīan bhɔ̄ ri~ satˇ	登記公司	derived	
รวม	ruam	rūam	包含	engine-auto	
รวมค่าบริการกับรวมภาษีแล้ว	ruam kha borikan kap ruam pha si laew	rūam kāˋ bhɔ̄ ri~ gān gapˇ rūam pā sīˊ lɛ̄u~	包含服務費和稅金了	derived	
แต่ยังไม่รวมทิป	tae yang mai ruam thip	dɛ̄ˇ yang maiˋ rūam tip~	但還沒包含小費	engine-auto	
ราคานี้ยังไม่รวมแวต	ra kha ni yang mai ruam waet	rā kā nī~ yang maiˋ rūam wɛ̄tˋ	這個價格還不包含增值稅	engine-auto	
บริการ	borikan	bhɔ̄ ri~ gān	服務	derived	
ร้านนี้บริการเป็นกันเอง	ran ni borikan pen kan eng	rān~ nī~ bhɔ̄ ri~ gān ben gan ēng	這家店服務很親切	derived	
เด็กเสิร์ฟบริการแย่	dek saep borikan yae	dhekˇ sə̄pˇ bhɔ̄ ri~ gān yɛ̄ˋ	服務生服務很糟糕	derived	
เจ้าของร้านบริการเยี่ยม	chao khong ran borikan yiem	jāuˋ kɔ̄ngˊ rān~ bhɔ̄ ri~ gān yīamˋ	餐廳老闆服務很棒	derived	
ยก	yok	yok~	舉 / 提 / 原諒	derived	
ยกโทษให้ผมนะครับ	yok thot hai phom na khrap	yok~ tōtˋ haiˋ pomˊ na~ krap~	請原諒我	derived	
ยกตัวอย่าง	yok tua yang	yok~ dūa yāngˋ	舉例	derived	
ช่วยยกตัวอย่างให้ฟังหน่อย	chuai yok tua yang hai fang noi	chūayˋ yok~ dūa yāngˋ haiˋ fang nɔ̄iˇ	請舉例給我聽一下	derived	
ช่วยยกกระเป๋าให้หน่อย	chuai yok kra pao hai noi	chūayˋ yok~ graˇ bāuˊ haiˋ nɔ̄iˇ	請幫我提行李	derived	
ตั้งบริษัท	ttang bo ri sat	dangˋ bhɔ̄ ri~ satˇ	設立公司	derived	
ตั้งบริษัทเป็นความฝันของเขา	ttang bo ri sat pen khwam fan khong khao	dangˋ bhɔ̄ ri~ satˇ ben kwām fanˊ kɔ̄ngˊ kāuˊ	設立公司是他的夢想	derived	
อธิบาย	a thi bai	aˇ ti~ bhāi	解釋	derived	
ตั้งใจฟังครูอธิบาย	ttang chai fang khru a thi bai	dangˋ jai fang krū aˇ ti~ bhāi	認真聽老師解釋	derived	
ส่งออก	song ok	songˇ ɔ̄kˇ	出口	derived	
ผลิตส่งออก	pha lit song ok	paˇ lit~ songˇ ɔ̄kˇ	外銷生產	derived	
ชิ้นส่วนคอม	chin suan khom	chin~ sūanˇ kɔ̄m	電腦零件	engine-auto	
โรงงานผลิตชิ้นส่วนคอม	rong ngan pha lit chin suan khom	rōng ngān paˇ lit~ chin~ sūanˇ kɔ̄m	電腦零件生產工廠	engine-auto	
แผนก	pha naek	paˇ nɛ̄kˋ	部門	derived	
แผนกเครื่องใช้ไฟฟ้า	pha naek khrueang chai fai fa	paˇ nɛ̄kˋ krɯ̄angˋ chai~ fai fā~	家電區	derived	
เขาเป็นผู้จัดการแผนกบัญชี	khao pen phu chat kan pha naek ban chi	kāuˊ ben pūˋ jatˇ gān paˇ nɛ̄kˋ bhan chī	他是會計部經理	derived	
แผนกหัวใจ	pha naek hua chai	paˇ nɛ̄kˋ hūaˊ jai	心臟科	derived	
แผนกหัวใจผู้ป่วยเยอะมาก	pha naek hua chai phu puai yoe mak	paˇ nɛ̄kˋ hūaˊ jai pūˋ būayˇ yə~ mākˋ	心臟科病人很多	derived	
หลง	hlong	longˊ	迷	derived	
หลงทาง	hlong thang	longˊ tāng	迷路	derived	
ขับรถหลงทางบ่อยๆ	khap rot hlong thang boi boi	kapˇ rot~ longˊ tāng bhɔ̄iˇ bhɔ̄iˇ	常常開車迷路	derived	
หลงเชื่อ	hlong chuea	longˊ chɯ̄aˋ	誤信	derived	
คนส่วนใหญ่จะหลงเชื่อคนปากหวาน	khon suan yai cha hlong chuea khon pak wan	kon sūanˇ yaiˇ jaˇ longˊ chɯ̄aˋ kon bākˇ wānˊ	大部分的人會誤信嘴巴甜的人	derived	
หลงรัก	hlong rak	longˊ rak~	愛上	derived	
ฉันก็หลงรักเขา	chan ko hlong rak khao	chanˊ gɔ̄ˋ longˊ rak~ kāuˊ	我就愛上他了	derived	
ระวังเขาจะทนไม่ไหวนา	ra wang khao cha thon mai wai na	ra~ wang kāuˊ jaˇ ton maiˋ waiˊ nā	小心他會受不了喔	derived	
ช่างกินเก่งจริงๆ	chang kin keng ching ching	chāngˋ gin gēngˇ jing jing	真的很會吃	derived	
ช่างน่ารักจริงๆ	chang na rak ching ching	chāngˋ nāˋ rak~ jing jing	真的很可愛	derived	
ช่างเอาใจยากจริงๆ	chang ao chai yak ching ching	chāngˋ au jai yākˋ jing jing	真的很難討好	derived	
ฉันคิดว่าเขาไว้หนวดหล่อกว่า	chan khit wa khao wai nuat lo kwa	chanˊ kit~ wāˋ kāuˊ wai~ nūatˇ lɔ̄ˇ gwāˇ	我認為他留鬍子比較帥	engine-auto	
ฉันคิดว่าพวกเรายังไม่สิ้นหวัง	chan khit wa phuak rao yang mai sin wang	chanˊ kit~ wāˋ pūakˋ rāu yang maiˋ sinˋ wangˊ	我認為我們還沒絕望	engine-auto	
ความสามารถ	khwam sa mat	kwām sāˊ mātˋ	能力	derived	
ความสามารถของฉัน	khwam sa mat khong chan	kwām sāˊ mātˋ kɔ̄ngˊ chanˊ	我的能力（女性/通稱）	derived	
ความสามารถของฉันสู้เขาไม่ได้	khwam sa mat khong chan su khao mai dai	kwām sāˊ mātˋ kɔ̄ngˊ chanˊ sūˋ kāuˊ maiˋ dhaiˋ	我的能力比不上他	derived	
ความสามารถของฉันสู้เขาได้	khwam sa mat khong chan su khao dai	kwām sāˊ mātˋ kɔ̄ngˊ chanˊ sūˋ kāuˊ dhaiˋ	我的能力比得上他	derived	
ญาติ	yat	yātˋ	親戚	derived	
มีญาติจากเมืองไทยมาเยี่ยม	mi yat chak mueang thai ma yiam	mī yātˋ jākˇ mɯ̄ang tai mā yīamˋ	有來自泰國的親戚來拜訪	derived	
มีญาติจากไต้หวันมาเยี่ยม	mi yat chak tai wan ma yiam	mī yātˋ jākˇ daiˋ wanˊ mā yīamˋ	有來自台灣的親戚來拜訪	derived	
รสชาติเยี่ยมมาก	rot chat yiam mak	rot~ chātˋ yīamˋ mākˋ	味道太棒了	derived	
สมหวัง	som wang	somˊ wangˊ	如願	derived	
ตอนนี้คบกับคนไต้หวันอยู่	ton ni khop kap khon taiwan yu	dɔ̄n nī~ kop~ gapˇ kon daiˋ wanˊ yūˋ	現在正在跟台灣人交往	derived	
พวกเราคบกัน 5 ปีแล้ว	phuak rao khop kan ha pi laeo	pūakˋ rāu kop~ gan 5 bī lɛ̄u~	我們交往5年了	derived	
แสดงว่า	sa daeng wa	saˇ dhɛ̄ng wāˋ	表示說	derived	
แสดงว่าเขาชอบเธอ	sa daeng wa khao chop thoe	saˇ dhɛ̄ng wāˋ kāuˊ chɔ̄pˋ tə̄	表示說他喜歡你	derived	
แสดงว่าเขาไม่ไว้ใจคุณ	sa daeng wa khao mai wai jai khun	saˇ dhɛ̄ng wāˋ kāuˊ maiˋ wai~ jai kun	表示說他不信任你	derived	
อดทนไว้ก่อน	ot thon wai kon	otˇ ton wai~ gɔ̄nˇ	先忍著	derived	
ช่วงนี้งานหายาก	chuang ni ngan ha yak	chūangˋ nī~ ngān hāˊ yākˋ	最近工作很難找	engine-auto	
บังเอิญทำงานบริษัทเดียวกัน	bang oen tham ngan borisat diao kan	bhang ə̄n tam ngān bhɔ̄ ri~ satˇ dhīau gan	剛好在同一家公司工作	derived	
ฉันรับรองว่าคุณต้องสมหวังแน่นอน	chan rap rong wa khun tong som wang naenon	chanˊ rap~ rɔ̄ng wāˋ kun dɔ̄ngˋ somˊ wangˊ nɛ̄ˋ nɔ̄n	我保證你一定會如願	derived	
ผมรับรองว่ารสชาตินี้ทุกคนชอบแน่นอน	phom rap rong wa rotchat ni thuk khon chop naenon	pomˊ rap~ rɔ̄ng wāˋ rot~ chātˋ nī~ tuk~ kon chɔ̄pˋ nɛ̄ˋ nɔ̄n	我（男性）保證這個味道大家一定會喜歡	derived	
รอฝนหยุดก่อน	ro fon yut kon	rɔ̄ fonˊ yutˇ gɔ̄nˇ	先等雨停	derived	
ทำหน้าอก	tham na ok	tam nāˋ okˇ	做胸部	derived	
ขึ้นทางด่วน	khuen thang duan	kɯnˋ tāng dhūanˇ	上高速公路	engine-auto	
จะขึ้นทางด่วนไหม	cha khuen thang duan mai	jaˇ kɯnˋ tāng dhūanˇ maiˊ	要上高速公路嗎	engine-auto	
ค่าทางด่วน	kha thang duan	kāˋ tāng dhūanˇ	高速公路費	engine-auto	
ทางด่วน	thang duan	tāng dhūanˇ	高速公路	engine-auto	
ขอด่วนค่ะ	kho duan kha	kɔ̄ˊ dhūanˇ kaˋ	請快一點	engine-auto	
ด่วนหน่อย	duan noi	dhūanˇ nɔ̄iˇ	急一點	engine-auto	
ต้องลดน้ำหนัก	tong lot nam nak	dɔ̄ngˋ lot~ nām~ nakˇ	必須減肥	derived	
ฝนตกหนักขึ้น	fon tok nak khuen	fonˊ dokˇ nakˇ kɯnˋ	雨變大了	derived	
ติดต่อสะดวกขึ้น	tit to saduak khuen	ditˇ dɔ̄ˇ saˇ dhūakˇ kɯnˋ	聯絡變得更方便	engine-auto	
ติดต่อไม่สะดวก	tit to mai saduak	ditˇ dɔ̄ˇ maiˋ saˇ dhūakˇ	聯絡不方便	engine-auto	
ยกโทษ	yok thot	yok~ tōtˋ	原諒	derived	
จดทะเบียนแต่งงาน	jot thabian taengngan	jotˇ ta~ bhīan dɛ̄ngˇ ngān	登記結婚	derived	
อ้วนขึ้น	uan khuen	ūanˋ kɯnˋ	變胖	engine-auto	
เดือนตุลาคม	duan tulakhom	dhɯ̄an duˇ lā kom	十月	derived	
เดือนพฤศจิกายน	duan phruetsajikayon	dhɯ̄an prɯt~ jiˇ gā yon	十一月	derived	
ฝนตกหนักขึ้น	fon tok nak khuen	fonˊ dokˇ nakˇ kɯnˋ	雨勢變大	derived	
ฝนตกเบาลงแล้ว	fon tok bao long laew	fonˊ dokˇ bhāu long lɛ̄u~	雨勢變小了	derived	
เขาออกจากบริษัทไปแล้ว	khao ok chak borisat pai laew	kāuˊ ɔ̄kˇ jākˇ bhɔ̄ ri~ satˇ bai lɛ̄u~	他離開公司了	derived	
ออกจากบริษัทเก่า	ok chak borisat kao	ɔ̄kˇ jākˇ bhɔ̄ ri~ satˇ gāuˇ	離開舊公司	derived	
ทำผิดกฎหมาย	tham phit kot mai	tam pitˇ gotˇ māiˊ	違法	derived	
ผิดกฎหมาย	phit kot mai	pitˇ gotˇ māiˊ	違法	derived	
ถูกกฎหมาย	thuk kot mai	tūkˇ gotˇ māiˊ	合法	derived	
สมัคร	samak	saˇ makˇ	申請／應徵	derived	
สมัครอีเมล	samak i mel	saˇ makˇ ī mēn	申請／註冊 Email	derived	
สมัครเรียน	samak rian	saˇ makˇ rīan	報名上課	derived	
สมัครงาน	samak ngan	saˇ makˇ ngān	應徵工作	derived	
มีคนไปสมัครงานเยอะมาก	mi khon pai samak ngan yoe mak	mī kon bai saˇ makˇ ngān yə~ mākˋ	有很多人去應徵工作	derived	
รับสมัคร	rap samak	rap~ saˇ makˇ	徵聘／招募	derived	
พนักงาน	phanak ngan	pa~ nak~ ngān	職員	derived	
พนักงานขาย	phanak ngan khai	pa~ nak~ ngān kāiˊ	銷售人員	derived	
รับสมัครพนักงานขาย	rap samak phanak ngan khai	rap~ saˇ makˇ pa~ nak~ ngān kāiˊ	徵聘銷售人員	derived	
รับสมัครคนขับรถ	rap samak khon khap rot	rap~ saˇ makˇ kon kapˇ rot~	徵聘司機	derived	
รับสมัครยาม	rap samak yam	rap~ saˇ makˇ yām	徵聘警衛	derived	
สมัครเล่น	samak len	saˇ makˇ lēnˋ	業餘的	derived	
มือสมัครเล่น	mue samak len	mɯ̄ saˇ makˇ lēnˋ	業餘者／業餘選手	derived	
นักร้องสมัครเล่น	nak rong samak len	nak~ rɔ̄ng~ saˇ makˇ lēnˋ	業餘歌手	derived	
นักมวยสมัครเล่น	nak muai samak len	nak~ mūay saˇ makˇ lēnˋ	業餘拳擊手	derived	
ฉันเป็นแค่มือสมัครเล่น	chan pen khae mue samak len	chanˊ ben kɛ̄ˋ mɯ̄ saˇ makˇ lēnˋ	我只是業餘的（女性）	derived	
ผิดกฎหมาย	phit kotmai	pitˇ gotˇ māiˊ	違法	derived	
เขาทำอาชีพผิดกฎหมาย	khao tham achip phit kotmai	kāuˊ tam ā chīpˋ pitˇ gotˇ māiˊ	他從事違法的工作	derived	
ทนายความฝีปากดี	thanai khwam fi pak di	ta~ nāi kwām fīˊ bākˇ dhī	律師口才很好	derived	
นักแสดง	nak sadaeng	nak~ saˇ dhɛ̄ng	演員	derived	
เป็นนักแสดงที่มีชื่อเสียง	pen nak sadaeng thi mi chue siang	ben nak~ saˇ dhɛ̄ng tīˋ mī chɯ̄ˋ sīangˊ	是知名演員	derived	
ชกมวย	chok muai	chok~ mūay	打拳	derived	
นักมวยคนนี้ชกเก่งมาก	nak muai khon ni chok keng mak	nak~ mūay kon nī~ chok~ gēngˇ mākˋ	這位拳擊手打得很好	derived	
คุณช่างเป็นมืออาชีพจริงๆ	khun chang pen mue achip ching ching	kun chāngˋ ben mɯ̄ ā chīpˋ jing jing	師傅真的很專業	derived	
ติดต่อพนักงานขาย	tit to phanak ngan khai	ditˇ dɔ̄ˇ pa~ nak~ ngān kāiˊ	聯絡銷售人員	derived	
ต้องติดต่อพนักงานขาย	tong tit to phanak ngan khai	dɔ̄ngˋ ditˇ dɔ̄ˇ pa~ nak~ ngān kāiˊ	必須聯絡銷售人員	derived	
พนักงานบริษัท	phanak ngan borisat	pa~ nak~ ngān bhɔ̄ ri~ satˇ	公司職員	derived	
พนักงานเสิร์ฟ	phanak ngan soep	pa~ nak~ ngān sə̄pˇ	服務生	derived	
พนักงานเสิร์ฟได้ค่าจ้างประมาณชั่วโมงละสี่สิบห้าบาท	phanak ngan soep dai kha chang praman chua mong la si sip ha baht	pa~ nak~ ngān sə̄pˇ dhaiˋ kāˋ jāngˋ braˇ mān chūaˋ mōng la~ sīˇ sipˇ hāˋ bhātˇ	服務生的工資約每小時四十五泰銖	derived	
พนักงานธนาคาร	phanak ngan thanakhan	pa~ nak~ ngān ta~ nā kān	銀行職員	derived	
ไปธนาคารฝากเงิน	pai thanakhan fak ngoen	bai ta~ nā kān fākˇ ngə̄n	去銀行存錢	derived	
ไปธนาคารเปิดบัญชี	pai thanakhan poet banchi	bai ta~ nā kān bə̄tˇ bhan chī	去銀行開戶	derived	
พนักงานแบงก์	phanak ngan baeng	pa~ nak~ ngān bhɛ̄ng	銀行職員	derived	
รับสมัครตำแหน่งผู้ช่วย	rap samak tamnaeng phu chuai	rap~ saˇ makˇ dam nɛ̄ngˇ pūˋ chūayˋ	招募助理職位	derived	
หัวหน้าแผนก	hua na phanaek	hūaˊ nāˋ paˇ nɛ̄kˋ	部門主管	derived	
ผู้จัดการใหญ่เรียกหัวหน้าแผนกเข้าประชุม	phu chat kan yai riak hua na phanaek khao prachum	pūˋ jatˇ gān yaiˇ rīakˋ hūaˊ nāˋ paˇ nɛ̄kˋ kāuˋ braˇ chum	總經理叫部門主管參加會議	derived	
ห้างสรรพสินค้า	hang sappha sinkha	hāngˋ sapˇ sinˊ kā~	百貨公司	derived	
ค้ายาบ้าผิดกฎหมาย	kha ya ba phit kotmai	kā~ yā bhāˋ pitˇ gotˇ māiˊ	販賣安非他命是違法的	derived	
สินค้าส่งออก	sinkha song ok	sinˊ kā~ songˇ ɔ̄kˇ	出口商品	derived	
สินค้าส่งออกของไต้หวันมีอะไรบ้าง	sinkha song ok khong taiwan mi arai bang	sinˊ kā~ songˇ ɔ̄kˇ kɔ̄ngˊ daiˋ wanˊ mī aˇ rai bhāngˋ	台灣有哪些出口商品？	derived	
ลูกค้าขี้บ่น	luk kha khi bon	lūkˋ kā~ kīˋ bhonˇ	愛抱怨的顧客	derived	
ชาวต่างชาติ	chao tang chat	chāu dāngˇ chātˋ	外國人	derived	
นักท่องเที่ยวชาวต่างชาติ	nak thong thiao chao tang chat	nak~ tɔ̄ngˋ tīauˋ chāu dāngˇ chātˋ	外國遊客	derived	
นักท่องเที่ยวชาวต่างชาติเยอะมาก	nak thong thiao chao tang chat yoe mak	nak~ tɔ̄ngˋ tīauˋ chāu dāngˇ chātˋ yə~ mākˋ	外國遊客非常多	derived	
สถานที่ท่องเที่ยว	sathan thi thong thiao	saˇ tānˊ tīˋ tɔ̄ngˋ tīauˋ	觀光景點	derived	
เป็นสถานที่ท่องเที่ยวที่มีชื่อเสียง	pen sathan thi thong thiao thi mi chue siang	ben saˇ tānˊ tīˋ tɔ̄ngˋ tīauˋ tīˋ mī chɯ̄ˋ sīangˊ	是知名觀光景點	derived	
พอดูรายการท่องเที่ยวจบ	pho du rai kan thong thiao chop	pɔ̄ dhū rāi gān tɔ̄ngˋ tīauˋ jopˇ	一看完旅遊節目	derived	
วิศวกร	witsawakon	wi~ saˇ gɔ̄n	工程師	derived	
วิศวกรเงินเดือนสูง	witsawakon ngoen duean sung	wi~ saˇ gɔ̄n ngə̄n dhɯ̄an sūngˊ	工程師薪水高	derived	
ตำรวจ	tamruat	dam rūatˋ	警察	engine-auto	
ตำรวจอยู่โรงพัก	tamruat yu rong phak	dam rūatˋ yūˋ rōng pak~	警察在派出所	engine-auto	
ตำรวจทำหน้าที่อะไร	tamruat tham na thi arai	dam rūatˋ tam nāˋ tīˋ aˇ rai	警察負責什麼工作？	engine-auto	
ทหาร	thahan	ta~ hānˊ	軍人	derived	
ผู้ชายไต้หวันทุกคนต้องเป็นทหาร	phu chai taiwan thuk khon tong pen thahan	pūˋ chāi daiˋ wanˊ tuk~ kon dɔ̄ngˋ ben ta~ hānˊ	台灣男生每個人都必須當兵	derived	
หัวหน้าแผนกเป็นคนดุมาก	hua na phanaek pen khon du mak	hūaˊ nāˋ paˇ nɛ̄kˋ ben kon dhuˇ mākˋ	部門主管非常嚴厲	derived	
ก๋วยเตี๋ยวสามชาม	kuay tiao sam cham	gūayˊ dīauˊ sāmˊ chām	三碗粿條	derived	
กินก๋วยเตี๋ยวที่เมืองไทย	kin kuay tiao thi mueang thai	gin gūayˊ dīauˊ tīˋ mɯ̄ang tai	在泰國吃粿條	derived	
เคยกินก๋วยเตี๋ยวที่เมืองไทยค่ะ	khoei kin kuay tiao thi mueang thai kha	kə̄i gin gūayˊ dīauˊ tīˋ mɯ̄ang tai kaˋ	曾經在泰國吃過粿條（女性禮貌）	derived	
ใช้ส้อมกินสลัด	chai som kin salat	chai~ sɔ̄mˋ gin saˇ latˇ	用叉子吃沙拉	derived	
สบู่ก้อน	sabu kon	saˇ bhūˇ gɔ̄nˋ	塊狀肥皂	derived	
ผลไม้กระป๋อง	phonlamai krapong	ponˊ mai~ graˇ bɔ̄ngˊ	水果罐頭	derived	
ผ้าขนหนูสองผืน	pha khon nu song phuen	pāˋ konˊ nūˊ sɔ̄ngˊ pɯ̄nˊ	兩條毛巾	derived	
ขอผ้าขนหนูสองผืน	kho pha khon nu song phuen	kɔ̄ˊ pāˋ konˊ nūˊ sɔ̄ngˊ pɯ̄nˊ	請給我兩條毛巾	derived	
หนึ่งแพ็กมีสิบสองขวด	nueng phaek mi sip song khuat	nɯngˇ pɛk~ mī sipˇ sɔ̄ngˊ kūatˇ	一組有十二瓶	derived	
จักรยานหนึ่งคัน	chakkrayan nueng khan	jakˇ yān nɯngˇ kan	一輛腳踏車	derived	
สถานที่แห่งนี้	sathan thi haeng ni	saˇ tānˊ tīˋ hɛ̄ngˇ nī~	這個地方	derived	
สถานที่ท่องเที่ยวหลายแห่ง	sathan thi thong thiao lai haeng	saˇ tānˊ tīˋ tɔ̄ngˋ tīauˋ lāiˊ hɛ̄ngˇ	好幾處觀光景點	derived	
สวนสาธารณะสิบเอ็ดแห่ง	suan satharana sip et haeng	sūanˊ sāˊ tān na~ sipˇ etˇ hɛ̄ngˇ	十一座公園	engine-auto	
สนามกีฬาแห่งชาติ	sanam kila haeng chat	saˇ nām gī lā hɛ̄ngˇ chātˋ	國家體育場	derived	
วันแม่แห่งชาติ	wan mae haeng chat	wan mɛ̄ˋ hɛ̄ngˇ chātˋ	國家母親節	derived	
ทรง	song	song	款／型	derived	
ทรงผม	song phom	song pomˊ	髮型	derived	
ทรงนี้กำลังฮิต	song ni kamlang hit	song nī~ gam lang hit~	這個款式正在流行	derived	
ทรงผมทรงนี้กำลังฮิต	song phom song ni kamlang hit	song pomˊ song nī~ gam lang hit~	這個髮型正在流行	derived	
ไม่ชอบทรงนี้	mai chop song ni	maiˋ chɔ̄pˋ song nī~	不喜歡這個款式	derived	
