泰文	舊拼音(Sheet)	中文	課次	無法處理的音節
เรียนภาษาอังกฤษ	rian pasa angkrit	學英文	初 2-1	กฤษ
พูดภาษาอังกฤษ	pood pasa angkrit	說英文	初 2-1	กฤษ
พูดภาษาอังกฤษเป็นไหม	pood pasa angkrit pen mai	會說英文嗎	初 2-1	กฤษ
ไม่มีใครพูดภาษาอังกฤษ	mai mii khrai phuut phasaa ang-grit	沒有人說英文	初 2-1	กฤษ
สเต็กของใคร	sa-tek khong khrai	牛排是誰的	初 2-1	สเต็ก
ภรรยา	phan-ra-yaa	妻子	初 2-1	ภรร
สามีภรรยา	saa mii phan-ra-yaa	夫妻	初 2-1	ภรร
เมียหลวง	mia luang	大老婆	初 2-1	หลวง
หลวง	luang	皇家、大的	初 2-1	หลวง
ในหลวง	nai luang	國王	初 2-1	หลวง
ภรรยา	phan ra yaa	妻子	初 2-1	ภรร
ครูภาษาอังกฤษ	khruu phasaa anggrit	英文老師	初 2-1	กฤษ
พวกเรา	phuak rao	我們	初 2-1	พวก
พวกผม	phuak phom	我們 (全部是男性時)	初 2-1	พวก
พวกฉัน	phuak chan	我們 (全部是女性時)	初 2-1	พวก
พวกเรามาจากไต้หวัน	phuak rao maa jaak taiwan	我們來自台灣	初 2-1	พวก
พวกคุณ	phuak khun	你們	初 2-1	พวก
พวกเขา	phuak khao	他們	初 2-1	พวก
พวกมัน	phuak man	牠們 / 他們 (朋友間口語)	初 2-1	พวก
ทั้งหมด	thang mot	全部、總共	初 2-2	หมด
มีพี่น้องทั้งหมดกี่คน	mii phii nong thang mot gii khon	總共有幾個兄弟姐妹？	初 2-2	หมด
คุณมีพี่น้องทั้งหมดกี่คน	khun mii phii nong thang mot gii khon	你總共有幾個兄弟姐妹？	初 2-2	หมด
ภรรยา	phan ra yaa	妻子	初 2-2	ภรร
ภรรยาไปตลาด	phan ra yaa pai ta lad	妻子去市場	初 2-2	ภรร
ภรรยาไปตลาดซื้อผัก	phan ra yaa pai ta lad seu phak	妻子去市場買菜	初 2-2	ภรร
เมียหลวง	mia luang	大老婆、元配	初 2-2	หลวง
พวกคุณ	phuak khun	你們	初 2-2	พวก
ครูของพวกคุณ	khruu khong phuak khun	你們的老師	初 2-2	พวก
อาจารย์ของพวกคุณ	a jaan khong phuak khun	你們的老師	初 2-2	พวก
มีนักเรียนทั้งหมดกี่คน	mii nak rian thang mot gii khon	總共有幾個學生？	初 2-2	หมด
มีนักเรียนทั้งหมด 19 คน	mii nak rian thang mot sip kao khon	總共有19個學生	初 2-2	หมด
พวก	phuak	…們（用於組成複數代名詞）	初 2-2	พวก
พวกคุณ	phuak khun	你們	初 2-2	พวก
พวกคุณมาจากไหน	phuak khun maa jaak nai	你們來自哪裡？	初 2-2	พวก
พวกคุณมาจากไหนคะ	phuak khun maa jaak nai kha	(女) 你們來自哪裡？	初 2-2	น, พวก
พวกเรา	phuak rao	我們	初 2-2	พวก
พวกเรามาจากไต้หวัน	phuak rao maa jaak tai wan	我們來自台灣	初 2-2	พวก
พวกเราอยากเช่ารถ	phuak rao yaak chao rot	我們想租車	初 2-2	พวก
พวกเราอยากเช่ารถค่ะ	phuak rao yaak chao rot kha	(女) 我們想租車	初 2-2	พวก
พวกเขา	phuak khao	他們	初 2-2	พวก
พวกเขาเป็นใคร	phuak khao pen krai	他們是誰？	初 2-2	พวก
พวกเรา	phuak rao	我們	初 2-2	พวก
พวกเราเจอกันบ่อยๆ	phuak rao jer gan boi boi	我們常常見面	初 2-2	พวก
ชื่อเล่นหรือชื่อจริง	chue len reu chue jing	小名還是真名？	初 2-2	จริง
ชื่อจริง	chue jing	真名	初 2-2	จริง
จริง	jing	真的	初 2-2	จริง
คุณเฉินหรือคุณหลิน	khun chen reu khun lin	陳先生/小姐或是林先生/小姐？	初 2-2	ห
อยู่กับภรรยา	yuu kap phan ra yaa	跟妻子住	初 2-2	ภรร
พวกเขาชอบกัน	phuak khao chop gan	他們互相喜歡	初 2-2	พวก
พวกเราเป็นเพื่อนกัน	phuak rao pen phuean gan	我們是朋友	初 2-2	พวก
เพื่อนร่วมงาน	phuean ruam ngaan	同事	初 2-2	ร่วม
ร่วม	ruam	同、共同	初 2-2	ร่วม
เป็นเพื่อนร่วมงานกัน	pen phuean ruam ngaan gan	（互相）是同事關係	初 2-2	ร่วม
เป็นสามีภรรยากัน	pen sa mii phan ra yaa gan	（互相）是夫妻關係	初 2-2	ภรร
เพื่อนร่วมงาน	phuean ruam ngaan	同事	初 2-2	ร่วม
ยิ่งกินยิ่งอ้วน	ying gin ying uan	越吃越胖	初 2-2	อ้วน
อ้วน	uan	胖	初 2-2	อ้วน
คุณไม่อ้วน	khun mai uan	你不胖	初 2-2	อ้วน
ฉันอ้วนมาก	chan uan mak	我很胖	初 2-2	อ้วน
เพื่อนร่วมงาน	phuean ruam ngaan	同事	初 2-2	ร่วม
ร่วม	ruam	共同	初 2-2	ร่วม
พวกคุณ	phuak khun	你們	初 2-3	พวก
พวกคุณชอบเล่นอะไร	phuak khun chop len arai	你們喜歡玩什麼？	初 2-3	พวก
พวกคุณมาบ่อยไหม	phuak khun maa boi mai	你們常來嗎？	初 2-3	พวก
พวกเรา / เรา	phuak rao / rao	我們	初 2-3	พวก
พวกเรามาไม่บ่อย	phuak rao maa mai boi	我們不常來	初 2-3	พวก
พวกเรามาบ่อยๆ ค่ะ	phuak rao maa boi boi kha	我們常常來啊	初 2-3	พวก
สุพิตตาเป็นชื่อเล่นหรือชื่อจริง	Supitta pen chue len reu chue jing	Supitta 是小名還是真名？	初 2-3	จริง
เป็นชื่อจริง	pen chue jing	是真名	初 2-3	จริง
พวกเราไปเที่ยวทะเลด้วยกันไหม	phuak rao pai thiao tha lay duay gan mai	我們一起去海邊玩好嗎？	初 2-3	พวก
พวกเราไปเที่ยวทะเลกันไหม	phuak rao pai thiao tha lay gan mai	我們一起去海邊玩好嗎？	初 2-3	พวก
พวกเขาเป็นเพื่อนบ้านกัน	phuak khao pen phuean baan gan	他們互為鄰居	初 2-3	พวก
พวกเขาเป็นเพื่อนนักเรียนกัน	phuak khao pen phuean nak rian gan	他們是同學	初 2-3	พวก
เพื่อนร่วมงาน	phuean ruam ngaan	同事	初 2-3	ร่วม
พวกเขาเป็นเพื่อนร่วมงานกัน	phuak khao pen phuean ruam ngaan gan	他們是同事	初 2-3	พวก, ร่วม
พวกเขาเป็นพี่น้องกัน	phuak khao pen phii nong gan	他們是兄弟姊妹	初 2-3	พวก
ยิ่งกินยิ่งอ้วน	ying gin ying uan	越吃越胖	初 2-3	อ้วน
หูฉลาม	hu cha laam	魚翅	初 2-3	ฉลาม
ฉลาม	cha laam	鯊魚	初 2-3	ฉลาม
หูฉลาม อร่อยแต่แพง	hu cha laam aroi tae paeng	魚翅好吃但貴	初 2-3	ฉลาม
จมูก	ja mook	鼻子	初 2-3	จมูก
จมูกใหญ่	ja mook yai	鼻子大	初 2-3	จมูก
จมูกเล็ก	ja mook lek	鼻子小	初 2-3	จมูก
จมูกเล็ก แต่น่ารัก	ja mook lek tae na rak	鼻子小，但是很可愛	初 2-3	จมูก
จมูกแบน	ja mook baen	塌鼻子	初 2-3	จมูก
ใช้นิ้วกด	chai niu god	用手指按	初 2-3	กด
กด	god	按	初 2-3	กด
กดลิฟต์	god lift	按電梯	初 2-3	กด
กดมือถือ	god mue thue	按手機	初 2-3	กด
กดไอแพด	god ipad	按iPad	初 2-3	กด
หน้าอก	naa ok	胸部	初 2-3	อก
อก	ok	胸部（可單獨使用）	初 2-3	อก
หน้าอกแบน	naa ok baen	胸部很平	初 2-3	อก
หน้าอกไข่ดาว	naa ok khai dao	胸部像荷包蛋	初 2-3	อก
อกไก่	ok gai	雞胸	初 2-3	อก
ชอบกินอกไก่มากๆ	chop gin ok gai mak mak	很喜歡吃雞胸肉	初 2-3	อก
ไม่เอาอกไก่	mai ao ok gai	不要雞胸肉	初 2-3	อก
อกหัก	ok hak	失戀	初 2-3	อก
ฉันอกหัก	chan ok hak	我失戀了	初 2-3	อก
ยกมือไหว้	yok mue wai	舉手合十行禮	初 2-3	ยก
ยก	yok	舉	初 2-3	ยก
ยกมือ	yok mue	舉手	初 2-3	ยก
เบา ๆ	bao bao	輕輕的	初 2-4	ๆ
นวด	nuat	按摩	初 2-4	นวด
นวดเบา ๆ หน่อยครับ	nuat bao bao noi khrab	請按摩輕一點	初 2-4	นวด, ๆ
ถ้าอ่านบ่อย ๆ ก็จะจำได้	tha aan boi boi ko ja jam dai	如果常常讀，就會記得	初 2-4	ๆ
หูฉลาม	hu cha laam	魚翅	初 2-4	ฉลาม
คุณกินหูฉลามไหม	khun gin hu cha laam mai	你吃魚翅嗎？	初 2-4	ฉลาม
จมูก	ja mook	鼻子	初 2-4	จมูก
จมูกโต	ja mook toh	鼻子很大	初 2-4	จมูก
คุณตาจมูกโต	khun taa ja mook toh	外公鼻子很大	初 2-4	จมูก
เขาจมูกโตหรือจมูกเล็ก	khao ja mook toh reu ja mook lek	他鼻子大還是鼻子小？	初 2-4	จมูก
จมูกแบน	ja mook baen	扁鼻子	初 2-4	จมูก
จมูกยาว	ja mook yao	鼻子很長	初 2-4	จมูก
หน้าอก	naa ok	胸部	初 2-4	อก
เนื้ออก	nuea ok	胸肉	初 2-4	อก
ไม่เอาเนื้ออก	mai ao nuea ok	不要胸肉	初 2-4	อก
เอาข้าวมันไก่ ไม่เอาเนื้ออก	ao khao man gai mai ao nuea ok	要海南雞飯，不要胸肉	初 2-4	อก
หน้าอกแบน	naa ok baen	平胸	初 2-4	อก
อกแบน	ok baen	平胸 (簡稱)	初 2-4	อก
คุณทำให้ฉันปวดหัว	khun tham hai chan puat hua	你讓我頭痛	初 2-4	ปวด
เขาทำให้ฉันปวดหัว	khao tham hai chan puat hua	他讓我頭痛	初 2-4	ปวด
ขอให้โชคดี	kho hai chok dii	祝你好運	初 2-4	คดี
หมอนวด	mor nuat	按摩師	初 2-4	นวด
โทรไปจองหมอนวด	thoo pai jong mor nuat	打電話去預約按摩師	初 2-4	นวด
เป็นห่วง	pen huang	擔心	初 2-4	ห่วง
ผมเป็นห่วงคุณนะ	phom pen huang khun na	我很擔心你喔	初 2-4	ห่วง
ปวดใจ	puat jai	心痛	初 2-4	ปวด
เพราะว่า	prowa	因為	初 2-5	เพราะ
ปวดหัว	puat hua	頭痛	初 2-5	ปวด
เพราะว่าปวดหัว	prowa puat hua	因為頭痛	初 2-5	ปวด, เพราะ
เพราะว่าปวดหัว ก็เลยไปซื้อยา	prowa puat hua gloeey bpai sue ya	因為頭痛，所以去買藥	初 2-5	ปวด, เพราะ
เพราะว่าชอบเมืองไทย	prowa chop muang thai	因為喜歡泰國	初 2-5	เพราะ
เพราะว่าชอบคนไทย	prowa chop khon thai	因為喜歡泰國人	初 2-5	เพราะ
มีโควิด-19	mee covid	有 Covid-19	初 2-5	-, 19
โควิด-19	covid	Covid-19	初 2-5	-, 19
เพราะว่ามีโควิด-19	prowa mee covid	因為有 Covid-19	初 2-5	-, 19, เพราะ
ก็เลยต้องล้างมือบ่อย ๆ	gloeey tong lang mue boi boi	所以要常常洗手	初 2-5	ๆ
เพราะว่าผมยาว ก็เลยไปตัดผม	prowa pom yaao gloeey bpai dtat pom	因為頭髮長，所以去剪頭髮	初 2-5	เพราะ
นวด	nuat	按摩	初 2-5	นวด
นวดไทย	nuat thai	泰式按摩	初 2-5	นวด
ชอบนวดไทยไหมคะ	chop nuat thai mai ka	喜歡泰式按摩嗎？	初 2-5	นวด
นวดเท้า	nuat thao	腳底按摩	初 2-5	นวด
นวดน้ำมัน	nuat nam man	油壓	初 2-5	นวด
นวดตัว	nuat tua	身體按摩	初 2-5	นวด
นวดหลัง	nuat lang	背部按摩	初 2-5	นวด
นวดไหล่	nuat lai	肩膀按摩	初 2-5	นวด
ร้านนวด	ran nuat	按摩店	初 2-5	นวด
ไปร้านนวด	bpai ran nuat	去按摩店	初 2-5	นวด
คุณอยากนวดอะไร	khun yaak nuat a-rai	你想按什麼？	初 2-5	นวด
คุณอยากนวดกี่ชั่วโมง	khun yaak nuat gii chua mong	你想按幾個小時？	初 2-5	นวด
ฉันอยากนวด 3 ชั่วโมง	chan yaak nuat saam chua mong	我想按三個小時	初 2-5	นวด
ปวด	puat	痠痛	初 2-5	ปวด
ปวดฟัน	puat fan	牙齒痛	初 2-5	ปวด
ทำไมปวดฟัน	tammai puat fan	為什麼牙齒痛？	初 2-5	ปวด
ปวดตา	puat dta	眼睛痠	初 2-5	ปวด
ปวดหัว	puat hua	頭痛 (內部不適)	初 2-5	ปวด
ไม่รู้ทำไมปวดตา	mai ru tammai puat dta	不知道為什麼眼睛痠	初 2-5	ปวด
เพราะว่ากินของทอดเยอะ	prowa gin khong thot yer	因為吃很多炸物	初 2-5	เพราะ
ขอให้มีเงินเยอะ ๆ	kho hai mee ngern yer yer	祝你有很多錢	初 2-5	ๆ
ถ้าเมื่อยก็ไปนวด	tha muey go bpai nuat	如果痠就去按摩	初 2-5	นวด
เขาทำให้ผมปวดหัว	kao tham hai pom puat hua	他讓我頭痛	初 2-5	ปวด
เขาทำให้ฉันปวดหัว	kao tham hai chan puat hua	他/她讓我頭痛	初 2-5	ปวด
เขาแข็งแรงมาก ๆ	kao khaeng raeng mak mak	他/她非常強壯	初 2-5	ๆ
ขอให้มีเงินเยอะ ๆ	kho hai mee ngern yer yer	祝你有很多錢	初 2-5	ๆ
ขอให้มีความสุขมาก ๆ	kho hai mee khwam suk mak mak	祝你非常快樂	初 2-5	ๆ
สุขสันต์วันเกิด ขอให้มีความสุขมาก ๆ	suk san wan geurt kho hai mee khwam suk mak mak	生日快樂，祝你非常快樂	初 2-5	ๆ
เพราะว่าปู่ไม่สบาย	prowa pu mai sabai	因為爺爺不舒服	初 2-5	เพราะ
เพราะว่าปู่ไม่สบาย ก็เลยไปหาหมอ	prowa pu mai sabai gloeey bpai ha mor	因為爺爺不舒服，所以去看醫生	初 2-5	เพราะ
สวัสดีค่ะ ฉันชื่อกุ้ง	sa wat dee kha chan chue gung	你好，我叫Gung	初 2-5	สวัส
สร้างสนามบิน	saang sanam bin	蓋新機場	初 2-5	สนาม
มาจากภาษาอังกฤษ	maa jak phasa angkrit	來自英文	初 2-5	กฤษ
เพื่อนร่วมงาน	pheuan ruam ngaan	同事	初 2-5	ร่วม
หนังสือพิมพ์อังกฤษ	nang sue phim angkrit	英文報紙	初 2-5	กฤษ
ถุงพลาสติก	toong plastic	塑膠袋	初 2-5	สติก
ไม่ใช้ถุงพลาสติก	mai chai toong plastic	不用塑膠袋	初 2-5	สติก
อพาร์ทเม้นท์	apartment	公寓；套房	初 2-5	อ
อยู่อพาร์ทเม้นท์	yuu apartment	住套房	初 2-5	อ
นักศึกษาชอบอยู่อพาร์ทเม้นท์	nak suk sa chop yuu apartment	大學生喜歡住套房	初 2-5	อ
กด	god	按	初 2-5	กด
ใช้มือกด	chai mue god	用手按	初 2-5	กด
กดไลค์	god like	按讚	初 2-5	กด, ค์
ช่วยกดไลค์ กด subscribe	chuay god like god subscribe	請幫我按讚、訂閱	初 2-5	กด, ค์
กดไลค์ให้ฉันหน่อย	god like hai chan noi	幫我按個讚	初 2-5	กด, ค์
ทำเล็บแล้วก็ไปนวด	tham lep laew ko pai nuad	做指甲然後去按摩	初 2-6	นวด
เสียดายจริงๆ	sia daai jing jing	真可惜	初 2-6	จริง, ๆ
สนุกจริงๆ	sa-nook jing jing	真好玩	初 2-6	จริง, ๆ
แต่ยิ่งกินยิ่งอ้วน	tae ying kin ying uan	但是越吃越胖	初 2-6	อ้วน
กระเป๋าสตางค์	kra-pao sa-taang	錢包 (另稱)	初 2-6	สตางค์
ทั้งหมด	thang mot	總共	初 2-6	หมด
ทั้งหมดมีกระเป๋าเดินทางกี่ใบ	thang mot mii kra-pao deun-thang gii bai	總共有幾個行李？	初 2-6	หมด
พวกเรา	phuak rao	我們	初 2-6	พวก
พวกเราไม่ซื้อของปลอม	phuak rao mai seu khong plom	我們不買假貨	初 2-6	พวก
ถุงพลาสติก	thung phlaas-tik	塑膠袋	初 2-6	สติก
เอาถุงพลาสติกไหมคะ	ao thung phlaas-tik mai kha	要塑膠袋嗎？	初 2-6	สติก
กดไลค์	got like	按讚	初 2-6	กด, ค์
ฝน	fon	雨	初 2-6	ฝน
ฝนตก	fon tok	下雨	初 2-6	ฝน
ถ้าฝนตกก็ไม่ไปว่ายน้ำ	tha fon tok ko mai pai wai nam	如果下雨，就不去游泳	初 2-6	ฝน
นวดหนักๆหน่อย	nuat nak nak noi	按重一點	初 2-6	นวด
นวดเบาๆหน่อย	nuat bao bao noi	按輕一點	初 2-6	นวด
ภรรยาเก่า / เมียเก่า	phan ra yaa kao / mia kao	前妻	初 2-6	ภรร
รับส่ง	rap song	接送	初 2-6	ส่ง
รถรับส่ง	rot rap song	接駁車	初 2-6	ส่ง
มีรถรับส่งไหม	mii rot rap song mai	有接駁車嗎？	初 2-6	ส่ง
บริษัท	baw-ri-sat	公司	初 2-6	บริ
ทำงานที่บริษัทอะไร	tham ngaan thii baw-ri-sat a-rai	在哪間公司工作？	初 2-6	บริ
บริษัทไต้หวัน	baw-ri-sat taiwan	台灣公司	初 2-6	บริ
บริษัทไทย	baw-ri-sat thai	泰國公司	初 2-6	บริ
ละคร	la khon	劇	初 2-6	คร
ละครไทย	la khon thai	泰劇	初 2-6	คร
ดูละครไทย	duu la khon thai	看泰劇	初 2-6	คร
ฝนตก	fon tok	下雨	初 2-7	ฝน
วันนี้ฝนตก	wan nee fon tok	今天下雨	初 2-7	ฝน
ฝนตกก็ต้องไปทำงาน	fon tok gor dtong bpai tam ngaan	下雨也得去工作	初 2-7	ฝน
ที่ไทยฝนตกไหม	tee thai fon tok mai	泰國下雨嗎？	初 2-7	ฝน
ฝนตกไหม	fon tok mai	下雨嗎？	初 2-7	ฝน
ฝนไม่ตก	fon mai tok	沒下雨	初 2-7	ฝน
ฝนตกหนัก	fon tok nak	下大雨	初 2-7	ฝน
นวดหนักหน่อย	nuat nak noi	按重一點	初 2-7	นวด
นวดหนักๆ หน่อย	nuat nak nak noi	按重一點	初 2-7	นวด
หมอนวด	mor nuat	按摩師	初 2-7	นวด
นวดเบาๆ หน่อย	nuat bao bao noi	按輕一點	初 2-7	นวด
ขวดเล็ก	kuad lek	小瓶	初 2-7	ขวด
ขวดเล็กเท่าไหร่	kuad lek tao-rai	小瓶多少錢？	初 2-7	ขวด
ละคร	la-korn	戲劇	初 2-7	คร
ละครเก่า	la-korn gao	舊的戲劇	初 2-7	คร
ฉันไปรับคุณที่สนามบิน	chan bpai rap khun tee sa-naam-bin	我去機場接你	初 2-7	สนาม
มีรถรับส่งไหม	mee rot rap song mai	有接駁車嗎？	初 2-7	ส่ง
มีรถรับส่งสนามบินไหม	mee rot rap song sa-naam-bin mai	有機場接駁車嗎？	初 2-7	สนาม, ส่ง
มีรถรับส่งตลาดน้ำไหม	mee rot rap song talaat nam mai	有水上市場的接駁車嗎？	初 2-7	ส่ง
บริษัท	baw-ri-sat	公司	初 2-7	บริ
บริษัทใหญ่	baw-ri-sat yai	大公司	初 2-7	บริ
คุณทำงานบริษัทอะไร	khun tam-ngaan baw-ri-sat a-rai	你在哪家(什麼)公司工作？	初 2-7	บริ
คุณทำงานบริษัทไหน	khun tam-ngaan baw-ri-sat nai	你在哪家公司工作？	初 2-7	บริ
บริษัทชื่ออะไร	baw-ri-sat chue a-rai	公司叫什麼名字？	初 2-7	บริ
ละคร	la-korn	戲劇	初 2-7	คร
ละครผู้ใหญ่	la-korn phu yai	成人戲劇	初 2-7	คร
ละครเด็ก	la-korn dek	兒童戲劇	初 2-7	คร
เพราะว่าชอบดูละครไทย ก็เลยมาเรียนภาษาไทย	phro-wa chop du la-korn thai gor loey maa rian phasa thai	因為喜歡看泰劇，所以就來學泰文	初 2-7	คร, เพราะ
ละครเรื่องนี้	la-korn reuang nee	這部戲劇	初 2-7	คร
ละครเรื่องนี้สนุกมาก	la-korn reuang nee sa-nuk mak	這部戲劇很好看	初 2-7	คร
พวกเขาเป็นดาราไทย	phuak khao bpen da-ra thai	他們是泰國明星	初 2-7	พวก
รวมกัน	ruam kan	混在一起	初 2-7	รวม
รวม	ruam	混合	初 2-7	รวม
ผัดผักรวมมิตร	phat phak ruam mit	什錦炒菜	初 2-7	มิตร, รวม
สีขาวกับสีดำ รวมกันเป็นสีเทา	see khaw gap see dam ruam kan bpen see thao	白色和黑色混在一起變成灰色	初 2-7	รวม
น้ำทะเลก็สีฟ้า	nam tha-le gor see fa	海水也是藍色的	初 2-7	เลก็สี
สีม่วง	see muang	紫色	初 2-7	ม่วง
ม่วง	muang	紫	初 2-7	ม่วง
องุ่น	a-ngun	葡萄	初 2-7	องุ่น
องุ่นสีม่วง	a-ngun see muang	紫葡萄	初 2-7	ม่วง, องุ่น
องุ่นสีเขียว	a-ngun see khieow	綠葡萄	初 2-7	องุ่น
องุ่นสีแดง	a-ngun see daeng	紅葡萄	初 2-7	องุ่น
องุ่นสีดำ	a-ngun see dam	黑葡萄	初 2-7	องุ่น
ตำรวจ	tam-ruat	警察	初 2-7	รวจ
สีชมพู	see chomphoo	粉紅色	初 2-7	ชม
เฮลโลคิตตี้สีชมพู	hello kitty see chomphoo	Hello Kitty 是粉紅色的	初 2-7	ชม, ล
ธง	thong	旗子	初 2-7	ธง
ธงสีรุ้ง	thong see rung	彩虹旗	初 2-7	ธง
ฝนตก	fon tok	下雨	初 2-8	ฝน
วันนี้ฝนตก	wan nee fon tok	今天下雨	初 2-8	ฝน
ฝนตกก็ต้องไปทำงาน	fon tok gor dtong bpai tam ngaan	下雨也得去工作	初 2-8	ฝน
ที่ไทยฝนตกไหม	tee thai fon tok mai	泰國下雨嗎？	初 2-8	ฝน
ฝนตกไหม	fon tok mai	下雨嗎？	初 2-8	ฝน
ฝนไม่ตก	fon mai tok	沒下雨	初 2-8	ฝน
ฝนตกหนัก	fon tok nak	下大雨	初 2-8	ฝน
นวดหนักหน่อย	nuat nak noi	按重一點	初 2-8	นวด
นวดหนักๆ หน่อย	nuat nak nak noi	按重一點	初 2-8	นวด
หมอนวด	mor nuat	按摩師	初 2-8	นวด
นวดเบาๆ หน่อย	nuat bao bao noi	按輕一點	初 2-8	นวด
ขวดเล็ก	kuad lek	小瓶	初 2-8	ขวด
ขวดเล็กเท่าไหร่	kuad lek tao-rai	小瓶多少錢？	初 2-8	ขวด
ละคร	la-korn	戲劇	初 2-8	คร
ละครเก่า	la-korn gao	舊的戲劇	初 2-8	คร
ฉันไปรับคุณที่สนามบิน	chan bpai rap khun tee sa-naam-bin	我去機場接你	初 2-8	สนาม
มีรถรับส่งไหม	mee rot rap song mai	有接駁車嗎？	初 2-8	ส่ง
มีรถรับส่งสนามบินไหม	mee rot rap song sa-naam-bin mai	有機場接駁車嗎？	初 2-8	สนาม, ส่ง
มีรถรับส่งตลาดน้ำไหม	mee rot rap song talaat nam mai	有水上市場的接駁車嗎？	初 2-8	ส่ง
บริษัท	baw-ri-sat	公司	初 2-8	บริ
บริษัทใหญ่	baw-ri-sat yai	大公司	初 2-8	บริ
คุณทำงานบริษัทอะไร	khun tam-ngaan baw-ri-sat a-rai	你在哪家(什麼)公司工作？	初 2-8	บริ
คุณทำงานบริษัทไหน	khun tam-ngaan baw-ri-sat nai	你在哪家公司工作？	初 2-8	บริ
บริษัทชื่ออะไร	baw-ri-sat chue a-rai	公司叫什麼名字？	初 2-8	บริ
ละคร	la-korn	戲劇	初 2-8	คร
ละครผู้ใหญ่	la-korn phu yai	成人戲劇	初 2-8	คร
ละครเด็ก	la-korn dek	兒童戲劇	初 2-8	คร
เพราะว่าชอบดูละครไทย ก็เลยมาเรียนภาษาไทย	phro-wa chop du la-korn thai gor loey maa rian phasa thai	因為喜歡看泰劇，所以就來學泰文	初 2-8	คร, เพราะ
ละครเรื่องนี้	la-korn reuang nee	這部戲劇	初 2-8	คร
ละครเรื่องนี้สนุกมาก	la-korn reuang nee sa-nuk mak	這部戲劇很好看	初 2-8	คร
พวกเขาเป็นดาราไทย	phuak khao bpen da-ra thai	他們是泰國明星	初 2-8	พวก
รวมกัน	ruam kan	混在一起	初 2-8	รวม
รวม	ruam	混合	初 2-8	รวม
ผัดผักรวมมิตร	phat phak ruam mit	什錦炒菜	初 2-8	มิตร, รวม
สีขาวกับสีดำ รวมกันเป็นสีเทา	see khaw gap see dam ruam kan bpen see thao	白色和黑色混在一起變成灰色	初 2-8	รวม
น้ำทะเลก็สีฟ้า	nam tha-le gor see fa	海水也是藍色的	初 2-8	เลก็สี
สีม่วง	see muang	紫色	初 2-8	ม่วง
ม่วง	muang	紫	初 2-8	ม่วง
องุ่น	a-ngun	葡萄	初 2-8	องุ่น
องุ่นสีม่วง	a-ngun see muang	紫葡萄	初 2-8	ม่วง, องุ่น
องุ่นสีเขียว	a-ngun see khieow	綠葡萄	初 2-8	องุ่น
องุ่นสีแดง	a-ngun see daeng	紅葡萄	初 2-8	องุ่น
องุ่นสีดำ	a-ngun see dam	黑葡萄	初 2-8	องุ่น
ตำรวจ	tam-ruat	警察	初 2-8	รวจ
สีชมพู	see chomphoo	粉紅色	初 2-8	ชม
เฮลโลคิตตี้สีชมพู	hello kitty see chomphoo	Hello Kitty 是粉紅色的	初 2-8	ชม, ล
ธง	thong	旗子	初 2-8	ธง
ธงสีรุ้ง	thong see rung	彩虹旗	初 2-8	ธง
สแกนก็ได้	sa-kaen gor dai	也可以掃描	初 3-1	สแกน
สแกน	sa-kaen	掃描	初 3-1	สแกน
หนังสือภาษาอังกฤษ	nang-seu phasa ang-grit	英文書	初 3-1	กฤษ
แต่ถุงพลาสติกต้องเสียเงิน	tae thung phlaas-tik dtong sia ngern	但是塑膠袋要付錢	初 3-1	สติก
ถุงพลาสติก	thung phlaas-tik	塑膠袋	初 3-1	สติก
เปิดขวด	bpeut khuat	開瓶	初 3-1	ขวด
พวกคุณคุยเรื่องอะไรกัน	phuak khun kui reuang a-rai gan	你們在聊什麼事情？	初 3-1	พวก
พวกเราคุยกันไม่รู้เรื่อง	phuak rao kui gan mai ru reuang	我們雞同鴨講	初 3-1	พวก
ละครเรื่องไหน	la-korn reuang nai	哪一部戲劇？	初 3-1	คร
ละครเรื่องไหนสนุก	la-korn reuang nai sa-nuk	哪一部戲劇有趣？	初 3-1	คร
จมูก	ja-mook	鼻子	初 3-1	จมูก
จมูกโต	ja-mook dto	大鼻子	初 3-1	จมูก
จมูกเล็ก	ja-mook lek	小鼻子	初 3-1	จมูก
อเมริกาโน่	a-me-ri-ga-no	美式咖啡	初 3-1	อเม
ขวดใหญ่	kuat yai	大瓶	初 3-1	ขวด
เอาเบียร์ขวดใหญ่	ao bia kuat yai	要大瓶啤酒	初 3-1	ขวด
ขวดเล็ก	kuat lek	小瓶	初 3-1	ขวด
ขวดใหญ่หรือขวดเล็ก	kuat yai rue kuat lek	大瓶還是小瓶？	初 3-1	ขวด
รถรับส่ง	rot rap song	接駁車 / 接送	初 3-1	ส่ง
ส่ง	song	送	初 3-1	ส่ง
มีรถรับส่งไหมคะ	mee rot rap song mai kha	有接駁車嗎？	初 3-1	ส่ง
มีรถรับส่งไปสนามบินไหม	mee rot rap song bpai sa-naam-bin mai	有接駁車去機場嗎？	初 3-1	สนาม, ส่ง
มีรถรับส่งสนามบินไหม	mee rot rap song sa-naam-bin mai	有機場接駁車嗎？	初 3-1	สนาม, ส่ง
มีรถรับส่งไปสนามบินค่ะ	mee rot rap song bpai sa-naam-bin kha	有接駁車去機場	初 3-1	สนาม, ส่ง
ดูละครไทย	duu la-korn thai	看泰劇	初 3-1	คร
ข้ามถนน	kham thanon	過馬路	初 3-1	ถนน
ร้านนวดอยู่ตรงข้ามเซเว่น	raan nuat yuu trong kham sewen	按摩店在7-11對面	初 3-1	นวด
ถนน	thanon	馬路	初 3-1	ถนน
ข้ามถนน	khaam thanon	過馬路	初 3-1	ถนน
พาฉันไปสนามบินดอนเมือง	pha chan pai sanam bin don mueang	帶我去廊曼機場	初 3-2	สนาม
พาไปสนามบิน	pha pai sanam bin	帶去機場	初 3-2	สนาม
สนามบินดอนเมือง	sanam bin don mueang	廊曼機場	初 3-2	สนาม
ไปสนามบินดอนเมือง	pai sanam bin don mueang	去廊曼機場	初 3-2	สนาม
ร้านนวดอยู่ด้านขวา	raan nuat yuu daan khwa	按摩店在右邊	初 3-2	นวด
ร้านนวดอยู่ที่ไหน	raan nuat yuu thi nai	按摩店在哪裡	初 3-2	นวด
ชั้นบนมี3ห้อง	chan bon mi 3 hong	樓上有3個房間	初 3-2	3
ห้องใหญ่2ห้อง	hong yai 2 hong	大房間 2 間	初 3-2	2
ห้องเล็ก1ห้อง	hong lek 1 hong	小房間 1 間	初 3-2	1
ร้านนวดอยู่ตรงข้ามร้านหนังสือ	raan nuat yuu trong kham raan nang sue	按摩店在書店對面	初 3-2	นวด
ร้านยาอยู่ตรงข้ามร้านนวด	raan ya yuu trong kham raan nuat	藥局在按摩店對面	初 3-2	นวด
ข้ามถนน	kham thanon	過馬路	初 3-2	ถนน
ข้ามถนนดูมือถือไม่ได้	kham thanon du mue thue mai dai	過馬路 不能看手機	初 3-2	ถนน
ข้ามถนนต้องดูซ้ายดูขวา	kham thanon tong du saai du khwa	過馬路 得看左看右	初 3-2	ถนน
6นาที	6 na tee	6分鐘	初 3-2	6
เดินตรงไป6นาที	dern trong pai 6 na tee	直走6分鐘	初 3-2	6
ในตู้เย็นมีน้ำ2ขวด	nai tu yen mi nam 2 khuad	冰箱裡有兩瓶水	初 3-2	2, ขวด
ดูละครไทย	du lakorn thai	看泰劇	初 3-2	คร
พวกเราใจตรงกัน	phuak rao jai trong kan	我們心意相通	初 3-2	พวก
ข้ามถนน	kham thanon	過馬路	初 3-2	ถนน
เดินข้ามถนน	dern kham thanon	走路過馬路	初 3-2	ถนน
บนถนน	bon thanon	在路上	初 3-2	ถนน
บนถนนมีรถเยอะ	bon thanon mi rot yoe	路上有很多車	初 3-2	ถนน
ฟู้ดคอร์ทอยู่ที่ไหน	fut khot yuu thi nai	美食廣場在哪裡？	初 3-2	ท
ในตู้เย็นมีน้ำ2ขวด	nai tu yen mi nam 2 khuat	冰箱裡有兩瓶水	初 3-2	2, ขวด
ดูละครไทย	duu lakhon thai	看泰劇	初 3-2	คร
พวกเราใจตรงกัน	phuak rao jai trong kan	我們心意相通	初 3-2	พวก
ข้ามถนน	kham thanon	過馬路	初 3-2	ถนน
เดินข้ามถนน	dern kham thanon	走路過馬路	初 3-2	ถนน
บนถนน	bon thanon	在路上	初 3-2	ถนน
บนถนนมีรถเยอะ	bon thanon mi rot yoe	路上有很多車	初 3-2	ถนน
ฟู้ดคอร์ทอยู่ที่ไหน	fut khot yuu thi nai	美食廣場在哪裡？	初 3-2	ท
ห้างเซ็นทรัล	haang central	Central百貨	初 3-2	ทรัล
โรงแรมอยู่ใกล้BTS	rong raem yuu glai BTS	飯店在BTS附近	初 3-2	BTS
ฟู้ดคอร์ท	fut khot	美食街	初 3-2	ท
จุฬาใกล้แถวสยาม	chula glai thaeo sayam	朱拉在Siam附近	初 3-2	สยาม
บ้านผมใกล้แถวกู่ถิง	baan phom glai thaeo gu-thing	我家在古亭附近	初 3-2	ง
ช่วยกดชั้น8ให้หน่อย	chuai kot chan 8 hai noi	請幫我按8樓	初 3-2	8, กด
ตง	tong	直、正 (口語發音)	初 3-3	ตง
พวกเราใจตรงกัน	phuak rao jai trong kan	我們想的一樣 (心意相通)	初 3-3	พวก
เดินข้ามถนน	dern kham thanon	走過馬路	初 3-3	ถนน
ถนน	thanon	馬路	初 3-3	ถนน
ต้องขี่บนถนน	tong khi bon thanon	得騎在路上	初 3-3	ถนน
พวกเราลงเครื่องบินแล้ว	phuak rao long khrueng bin laew	我們下飛機了	初 3-3	พวก
ช่วย กด ชั้น 8 ให้ หน่อย	chuai kot chan 8 hai noi	請幫我按8樓	初 3-3	กด
ช่วย กด ชั้น 5 ให้ หน่อย	chuai kot chan 5 hai noi	請幫我按5樓	初 3-3	กด
ติด ละคร ไทย	tid lakorn thai	沉迷泰劇	初 3-3	คร
เพราะ ว่า ติด ละคร ไทย ก็ เลย มา เรียน ภาษา ไทย	phro wa tid lakorn thai ko loi maa rian phasaa thai	因為沉迷泰劇，所以才來學泰文	初 3-3	คร, เพราะ
อยู่ แถว ห้วย ขวาง	yuu thaeo huai khwang	在匯狂一帶	初 3-3	ห้วย
ของ ใน ตู้ เย็น ทั้ง หมด กิน ได้ นะ คะ	khong nai tu yen thang mot kin dai na kha	冰箱裡的東西全部可以吃	初 3-3	หมด
ทั้ง หมด กิน ได้ นะ คะ	thang mot kin dai na kha	全部可以吃	初 3-3	หมด
หลัง โรงแรม มี ร้าน นวด	lang rong raem mi raan nuat	飯店後面有按摩店	初 3-3	นวด
วันจันทร์ ว่างไหม	wan chan waang mai	星期一有空嗎？	初 3-3	จันทร์
วันพฤหัส ว่างไหม	wan pha-rue-hat waang mai	星期四有空嗎？	初 3-3	พฤ
แล้วจะกลับมาเมื่อไหร่	laew ja klap maa muea-rai	那麼什麼時候要回來？	初 3-3	วจะ
วันจันทร์	wan chan	星期一	初 3-3	จันทร์
จันทร์นี้	chan nii	這個星期一 (口語)	初 3-3	จันทร์
วันจันทร์นี้	wan chan nii	這個星期一	初 3-3	จันทร์
วันพฤหัสบดี	wan pha-rue-hat ba-di	星期四 (完整)	初 3-3	บดี, พฤ
พฤหัส	pha-rue-hat	星期四 (簡稱)	初 3-3	พฤ
จันทร์ อังคาร พุธ พฤหัส ศุกร์ เสาร์	chan angkhan phut pha-rue-hat suk sao	一、二、三、四、五、六 (口語)	初 3-3	จันทร์, พฤ
วันนี้ วันจันทร์	wan-ni wan chan	今天是星期一	初 3-3	จันทร์
วันนี้ วันพฤหัสบดี	wan-ni wan pha-rue-hat ba-di	今天是星期四 (完整)	初 3-3	บดี, พฤ
วันนี้ วันพฤหัส	wan-ni wan pha-rue-hat	今天是星期四 (簡稱)	初 3-3	พฤ
วันจันทร์ สีเหลือง	wan chan si lueang	星期一黃色	初 3-3	จันทร์
วันอังคาร สีชมพู	wan angkhan si chomphu	星期二粉紅色	初 3-3	ชม
วันพฤหัส สีส้ม	wan pha-rue-hat si som	星期四橘色	初 3-3	พฤ
วันเสาร์ สีม่วง	wan sao si muang	星期六紫色	初 3-3	ม่วง
จันทร์ ถึง ศุกร์	chan thueng suk	週一到週五	初 3-3	จันทร์
วัน จันทร์ ถึง วัน ศุกร์	wan chan thueng wan suk	週一到週五 (完整)	初 3-3	จันทร์
สวัสดี ปี ใหม่	sawasdi pii mai	新年快樂	初 3-3	สวัส
มกราคม	makkara khom	一月 (名稱)	初 3-3	คม, มก
เดือน มกราคม	duean makkara khom	一月份	初 3-3	คม, มก
มีนาคม	mi na khom	三月 (名稱)	初 3-3	คม
เมษายน	me sa yon	四月 (名稱)	初 3-3	ยน
พฤษภาคม	phruet sa pha khom	五月 (名稱)	初 3-3	คม, พฤษ
มิถุนายน	mi thu na yon	六月 (名稱)	初 3-3	ยน
กรกฎาคม	kara kada khom	七月 (名稱)	初 3-3	กรก, คม
สิงหาคม	sing ha khom	八月 (名稱)	初 3-3	คม
กันยายน	kan ya yon	九月 (名稱)	初 3-3	ยน
ตุลาคม	tu la khom	十月 (名稱)	初 3-3	คม
พฤศจิกายน	phruet sa ji ka yon	十一月 (名稱)	初 3-3	พฤศ, ยน
ธันวาคม	than wa khom	十二月 (名稱)	初 3-3	คม
คม	khom	(大月結尾)	初 3-3	คม
ยน	yon	(小月結尾)	初 3-3	ยน
มกรา	makkaraa	一月 (口語)	初 3-3	มก
พฤษภา	phrue sa phaa	五月 (口語)	初 3-3	พฤษ
กรกฎา	karakadaa	七月 (口語)	初 3-3	กรก
สวัสดี ค่ะ	sawasdi kha	再見 (女)	初 3-3	สวัส
วันจันทร์	wan jan	星期一	初 3-4	จันทร์
วันจันทร์ สีเหลือง	wan jan see lueng	星期一 黃色	初 3-4	จันทร์
วันอังคาร สีชมพู	wan angkhan see chomphoo	星期二 粉紅色	初 3-4	ชม
วันพฤหัสบดี	wan pha rue hat sa bo dee	星期四	初 3-4	บดี, พฤ
พฤหัส สีส้ม	pha rue hat see som	星期四 橘色	初 3-4	พฤ
พฤหัส	pha rue hat	星期四 (簡稱)	初 3-4	พฤ
วันเสาร์ สีม่วง	wan sao see muang	星期六 紫色	初 3-4	ม่วง
พวกเขา ถึงไต้หวัน วันอะไร	phuak kao thueng taiwan wan arai	他們星期幾到台灣	初 3-4	พวก
พวกเขา ถึงไต้หวัน วันพุธ	phuak kao thueng taiwan wan pood	他們星期三到台灣	初 3-4	พวก
ไม่ชอบวันจันทร์	mai chob wan jan	不喜歡星期一	初 3-4	จันทร์
ทำไมไม่ชอบวันจันทร์	thammai mai chob wan jan	為什麼不喜歡星期一	初 3-4	จันทร์
เพราะว่า วันจันทร์ ต้องทำงาน	phraw wa wan jan tong tham ngan	因為星期一要上班	初 3-4	จันทร์, เพราะ
วันพฤหัส ไปข้างนอกกับแฟน	wan pha rue hat bpai khang nok gap faen	星期四要跟女朋友去外面	初 3-4	พฤ
วันพฤหัส ต้องไปว่ายน้ำ	wan pha rue hat tong bpai wai nam	星期四得去游泳	初 3-4	พฤ
วันศุกร์ กินข้าวกับเพื่อนร่วมงาน	wan sook kin khao gap phuean ruam ngan	星期五跟同事吃飯	初 3-4	ร่วม
อยู่บ้าน ดูละคร	yuu baan du lakorn	在家看劇	初 3-4	คร
วันเสาร์ อยู่บ้าน ดูละคร	wan sao yuu baan du lakorn	星期六在家看劇	初 3-4	คร
สวัสดีปีใหม่	sawasdee pee mai	新年快樂	初 3-4	สวัส
พวกเรา ไปดูหนังกัน	phuak rao bpai du nang gan	我們去看電影吧	初 3-4	พวก
อาทิตย์นี้ ว่างวันไหน พวกเรา ไปดูหนังกัน	atit nee wang wan nai phuak rao bpai du nang gan	這個星期哪天有空？我們去看電影吧	初 3-4	พวก
เดือนมกราคม	duean mokkara khom	一月	初 3-4	คม, มก
มกรา เจอกัน	mokkara joe gan	一月見面	初 3-4	มก
เดือนมีนาคม	duean mee na khom	三月	初 3-4	คม
เดือนเมษายน	duean may sa yon	四月	初 3-4	ยน
เดือนพฤษภาคม	duean phruet sa phakhom	五月	初 3-4	คม, พฤษ
เดือนมิถุนายน	duean mi thu na yon	六月	初 3-4	ยน
เดือนกรกฎาคม	duean ka ra ga da khom	七月	初 3-4	กรก, คม
เดือนสิงหาคม	duean sing ha khom	八月	初 3-4	คม
เดือนกันยายน	duean gan ya yon	九月	初 3-4	ยน
เดือนตุลาคม	duean tu la khom	十月	初 3-4	คม
เดือนพฤศจิกายน	duean phruet sa chi ka yon	十一月	初 3-4	พฤศ, ยน
เดือนธันวาคม	duean than wa khom	十二月	初 3-4	คม
เดือนเมษายน ร้อนที่สุด	duean may sa yon ron tee soot	四月最熱	初 3-4	ยน
เดือนธันวาคม หนาวไหม	duean than wa khom nao mai	十二月很冷嗎？	初 3-4	คม
ที่ไต้หวัน เดือนธันวาคม หนาวไหม	tee taiwan duean than wa khom nao mai	在台灣十二月冷嗎？	初 3-4	คม
เมื่อวาน ฝนตก	muea wan fon tok	昨天 下雨	初 3-4	ฝน
พรุ่งนี้ ไปไหนคะ	phrung nee bpai nai kha	明天 去哪裡呢？	初 3-4	น
วันจันทร์นี้	wan jan nee	這個星期一	初 3-4	จันทร์
วันจันทร์ ที่แล้ว	wan jan tee laew	上個星期一	初 3-4	จันทร์
วันจันทร์ หน้า	wan jan naa	下個星期一	初 3-4	จันทร์
ชาติ	chat	輩子/ชาติ	初 3-4	ชาติ
ชาติ ที่แล้ว	chat tee laew	上輩子	初 3-4	ชาติ
ชาติ ที่แล้ว เป็นอะไร	chat tee laew pen arai	上輩子 是什麼	初 3-4	ชาติ
ชาติ ที่แล้ว เป็นคนไทย	chat tee laew pen khon thai	上輩子 是泰國人	初 3-4	ชาติ
ชาติ ที่แล้ว เป็นคนไทย ชาตินี้ ก็เลย มาเรียนภาษาไทย	chat tee laew pen khon thai chat nee go loei ma rian phasa thai	上輩子是泰國人，這輩子才來學泰文	初 3-4	ชาติ
ชาติหน้า	chat naa	下輩子	初 3-4	ชาติ
อาหารเช้า กินก๋วยเตี๋ยว	ahan chao kin kuay tiao	早餐 吃粿條	初 3-4	ก๋วย
ต้นเดือน	ton duean	月初	初 3-4	ต้น
ต้น	ton	初/開始	初 3-4	ต้น
ต้นปี	ton pee	年初	初 3-4	ต้น
ต้นปี เย็นสบาย	ton pee yen sabai	年初 涼爽舒服	初 3-4	ต้น
ต้นทาง	ton thang	起點	初 3-4	ต้น
ต้องไปหาหมอทุก ๆ 2 เดือน	tong bpai haa maw tuk song duean	每兩個月得去看醫生	初 3-4	ๆ
คิดถึงเธอทุกลมหายใจ	kit teung ter tuk lom hai jai	想你（的）每一次呼吸	初 3-4	ลม
ลม	lom	氣 (風)	初 3-4	ลม
ลมหายใจ	lom hai jai	呼吸 (的氣)	初 3-4	ลม
เอาอย่างละขวด	ao yang la khuad	各來一瓶	初 3-4	ขวด
ผลไม้	phon la mai	水果	初 3-4	ผล
มีผลไม้หลายอย่าง	mee phon la mai lai yang	有很多種水果	初 3-4	ผล
ครั้งที่5	khrang thi 5	第五堂	初 3-5	5
เมื่อวานอยู่สนามบิน	muea waan yuu sanam bin	昨天在機場	初 3-5	สนาม
เมื่อคืนฝนตกหนัก	muea khuen fon tok nak	昨晚下大雨	初 3-5	ฝน
ฝนตกหนัก	fon tok nak	下大雨	初 3-5	ฝน
ลดราคา	lot raa kha	打折 / 降價	初 3-5	ลด
ลดหน่อยได้ไหม	lot noi dai mai	可以便宜一點嗎？	初 3-5	ลด
คืนนี้Shopeeลดราคา	khuen nii Shopee lot raa kha	今晚蝦皮打折	初 3-5	Shopee, ลด
วันจันทร์ที่แล้ว	wan chan thi laeo	上週一	初 3-5	จันทร์
วันพฤหัสที่แล้ว	wan pharuehat thi laeo	上週四	初 3-5	พฤ
ชาติหน้าขอให้ผมมีเงินเยอะๆ	chat naa kho hai pom mii ngern yoe yoe	下輩子，請讓我有很多錢	初 3-5	ชาติ
ตอนบ่ายนอน30นาที	ton bai non 30 nati	下午睡覺30分鐘	初 3-5	30
ตอนบ่ายถ้าว่างก็จะนอน30นาที	ton bai tha wang ko ja non 30 nati	下午如果有空就會睡30分鐘	初 3-5	30
ก๋วยเตี๋ยว	kuay tiao	粿條 (麵)	初 3-5	ก๋วย
ก๋วยเตี๋ยวน้ำ	kuay tiao nam	粿條湯	初 3-5	ก๋วย
อาหารกลางวันกินข้างบริษัท	ahan klang wan kin khang borisat	午餐在公司旁邊吃	初 3-5	บริ
ต้นเดือน	ton duean	月初	初 3-5	ต้น
ต้นเดือนรับเงินเดือน	ton duean rap ngern duean	月初領薪水	初 3-5	ต้น
ต้นเดือนกินข้าวข้างนอก	ton duean kin khao khang nok	月初在外面吃飯	初 3-5	ต้น
บางคนชอบสีชมพู	bang khon chop si chompuh	有些人喜歡粉紅色	初 3-5	ชม
ผลไม้	phon la mai	水果	初 3-5	ผล
มีผลไม้หลายอย่าง	mii phon la mai lai yang	有好幾樣水果	初 3-5	ผล
ฝนตกทั้งวัน	fon tok thang wan	整天都下雨	初 3-5	ฝน
ดูละครไทยทั้งคืน	du lakorn thai thang khuen	看泰劇整夜	初 3-5	คร
ครึ่งขวด	krueng khuat	半瓶	初 3-5	ขวด
ประมาณ16คน	praman 16 khon	大約 16 個人	初 3-5	16
12โมง	sip song mong	12點	初 3-5	12
6:00เช้า	6:00 chao	早上六點	初 3-6	6:00
7:00เช้า	7:00 chao	早上七點	初 3-6	7:00
8:00เช้า	8:00 chao	早上八點	初 3-6	8:00
9:00เช้า	9:00 chao	早上九點	初 3-6	9:00
10:00เช้า	10:00 chao	早上十點	初 3-6	10:00
พรุ่งนี้เจอกัน7:00เช้า	phrung nii jer kan 7:00 chao	明天早上七點見	初 3-6	7:00
พรุ่งนี้เจอกัน8:00เช้า	phrung nii jer kan 8:00 chao	明天早上八點見	初 3-6	8:00
6:00เช้าถึง10:00เช้า	6:00 chao thueng 10:00 chao	早上六點到十點	初 3-6	10:00, 6:00
6:00ถึง10:00	6:00 thueng 10:00	六點到十點	初 3-6	10:00, 6:00
บ่าย1:00โมง	bai 1:00 mong	下午一點	初 3-6	1:00
2:00โมง	2:00 mong	下午兩點	初 3-6	2:00
3:00โมง	3:00 mong	下午三點	初 3-6	3:00
4:00เย็น	4:00 yen	下午四點	初 3-6	4:00
5:00เย็น	5:00 yen	下午五點	初 3-6	5:00
รถออก1:00โมง	rot ok 1:00 mong	下午一點開	初 3-6	1:00
รถออก3:00โมง	rot ok 3:00 mong	車子下午三點開	初 3-6	3:00
รถถึง6:00เย็น	rot thueng 6:00 yen	車子下午六點抵達	初 3-6	6:00
6:00เย็น	6:00 yen	晚上六點	初 3-6	6:00
1:00ทุ่ม	1:00 thum	晚上七點 (19:00)	初 3-6	1:00
2:00ทุ่ม	2:00 thum	晚上八點 (20:00)	初 3-6	2:00
3:00ทุ่ม	3:00 thum	晚上九點 (21:00)	初 3-6	3:00
4:00ทุ่ม	4:00 thum	晚上十點 (22:00)	初 3-6	4:00
5:00ทุ่ม	5:00 thum	晚上十一點 (23:00)	初 3-6	5:00
จองนวดกี่โมง	jong nuat gi mong	預約按摩幾點	初 3-6	นวด
จองนวด1:00ทุ่ม	jong nuat 1:00 thum	預約按摩七點	初 3-6	1:00, นวด
จองนวด3:00ทุ่ม	jong nuat 3:00 thum	預約按摩九點	初 3-6	3:00, นวด
เมื่อคืนกลับบ้าน1:00ทุ่ม	muea khuen glap ban 1:00 thum	昨晚七點回家	初 3-6	1:00
เมื่อคืนนี้กลับบ้าน5:00ทุ่มครึ่ง	muea khuen nii glap ban 5:00 thum krueng	昨晚十一點半回家	初 3-6	5:00
เครื่องบินออก1:00	khrueng bin ok 1:00	飛機凌晨一點起飛	初 3-6	1:00
เครื่องบินออก4:00	khrueng bin ok 4:00	飛機凌晨四點起飛	初 3-6	4:00
เครื่องบินลง5:00	khrueng bin long 5:00	飛機凌晨五點降落	初 3-6	5:00
เครื่องบินลง6:00เช้า	khrueng bin long 6:00 chao	飛機早上六點降落	初 3-6	6:00
11:36นาที	11:36 nati	十一點三十六分	初 3-6	11:36
11:00นาฬิกา36นาที	11:00 nalika 36 nati	十一點三十六分	初 3-6	11:00, 36
11:00นาฬิกา36นาที	11:00 nalika 36 nati	十一點三十六分	初 3-6	11:00, 36
6:42นาที	6:42 nati	六點四十二分	初 3-6	6:42
18:00นาฬิกา42นาที	18:00 nalika 42 nati	18:42	初 3-6	18:00, 42
21:00นาฬิกา19นาที	21:00 nalika 19 nati	21:19	初 3-6	19, 21:00
นาฬิกาคุคคู	nalika khuk khu	酷咕鐘 (布穀鐘)	初 3-6	ค
อยู่เมืองไทย2ปีครึ่ง	yuu mueang thai 2 pii krueng	住在泰國兩年半	初 3-6	2
ประมาณบ่าย4-5โมง	praman bai 4-5 mong	大約下午四五點	初 3-6	-, 4, 5
ประมาณ12คน	praman 12 khon	大約十二個人	初 3-6	12
ร้านปิดประมาณ3:00ทุ่ม	ran pit praman 3:00 thum	商店大約九點關門	初 3-6	3:00
ประมาณ5-6ล้าน	praman 5-6 lan	大約五六百萬	初 3-6	-, 5, 6
ประมาณ5-6ล้านก็ซื้อได้แล้ว	praman 5-6 lan ko sue dai laeo	大約五六百萬就買得到了	初 3-6	-, 5, 6
เกือบ3:00	kueap 3:00	幾乎凌晨三點了	初 3-6	3:00
เกือบ3:00ทำไมไม่นอน	kueap 3:00 thammai mai non	幾乎凌晨三點了，為什麼不睡覺呢	初 3-6	3:00
เกือบ9:00เช้าแล้ว	kueap 9:00 chao laeo	幾乎早上九點了	初 3-6	9:00
เกือบ2:30โมงครึ่ง	kueap 2:30 mong krueng	幾乎下午兩點半了	初 3-6	2:30
เกือบ5:00ทุ่มแล้ว	kueap 5:00 thum laeo	幾乎十一點了	初 3-6	5:00
ฝนตกทั้งวัน	fon tok thang wan	整天都下雨	初 3-6	ฝน
ปวดท้องทั้งคืน	puat thong thang khuen	整晚肚子痛	初 3-6	ปวด
ผลไม้	phon la mai	水果	初 3-6	ผล
มีผลไม้หลายอย่าง	mii phon la mai lai yang	有很多種水果	初 3-6	ผล
มะม่วง	ma muang	芒果	初 3-6	ม่วง
ข้าวเหนียวมะม่วง	khao niaw ma muang	芒果糯米飯	初 3-6	ม่วง
มะม่วงน้ำปลาหวาน	ma muang nam pla wan	芒果魚露醬	初 3-6	ม่วง
สับปะรด	sapparot	鳳梨	初 3-6	รด
ชอบกินสับปะรดหรือเปล่า	chop kin sapparot rue plao	喜歡吃鳳梨嗎	初 3-6	รด
น้ำสับปะรด	nam sapparot	鳳梨汁	初 3-6	รด
ข้าวผัดสับปะรด	khao phat sapparot	鳳梨炒飯	初 3-6	รด
น้ำส้มคั้น2แก้ว	nam som khan 2 kaew	兩杯鮮榨橙汁	初 3-6	2
องุ่น	angun	葡萄	初 3-6	องุ่น
องุ่นสีม่วง	angun si muang	紫色葡萄	初 3-6	ม่วง, องุ่น
เหล้าองุ่น	lao angun	葡萄酒	初 3-6	องุ่น
ชอบกินเหล้าองุ่นไหมคะ	chop kin lao angun mai kha	喜歡喝葡萄酒嗎	初 3-6	องุ่น
น้ำองุ่น	nam angun	葡萄汁	初 3-6	องุ่น
ฝรั่ง	farang	芭樂	初 3-6	ฝรั่ง
ฝรั่งมี2อย่าง	farang mii 2 yang	芭樂有兩種意思	初 3-6	2, ฝรั่ง
ฝรั่งกินฝรั่ง	farang kin farang	芭樂吃芭樂	初 3-6	ฝรั่ง
ชมพู่	chomphu	蓮霧	初 3-6	ชม
ชมพู่สีชมพู	chomphu si chomphu	粉紅色蓮霧	初 3-6	ชม
มังคุดสีม่วง	mangkut si muang	紫色山竹	初 3-6	ม่วง
มะม่วงอบแห้ง	ma muang op haeng	烤乾芒果	初 3-6	ม่วง
ขนุน	khanun	菠蘿蜜	初 3-6	ขนุน
ขนุนอบแห้ง	khanun op haeng	烤乾菠蘿蜜	初 3-6	ขนุน
เงาะ	ngo	紅毛丹	初 3-6	เงาะ
เงาะกระป๋อง	ngo krapong	罐裝紅毛丹	初 3-6	เงาะ
แก้วมังกร	kaew mangkon	火龍果	初 3-6	กร
มังกร	mangkon	龍	初 3-6	กร
กุ้งมังกร	kung mangkon	龍蝦	初 3-6	กร
สตรอว์เบอร์รี่	strawberry	草莓	初 3-6	สต
มะยงชิด	ma yong chit	蠟黃皮/黃色山竹果	初 3-6	ยง
มะม่วงกวน	ma muang kuan	芒果乾	初 3-6	กวน, ม่วง
ผลไม้	phonlamai	水果	初 3-7	ผล
ชอบกินผลไม้อะไร	chop kin phonlamai arai	喜歡吃什麼水果？	初 3-7	ผล
ชอบกินผลไม้อะไรที่สุด	chop kin phonlamai arai thi sut	最喜歡吃什麼水果？	初 3-7	ผล
ชอบกินมะม่วงที่สุด	chop kin mamuang thi sut	最喜歡吃芒果	初 3-7	ม่วง
พวกคุณชอบกินผลไม้อะไรที่สุด	phuak khun chop kin phonlamai arai thi sut	你們最喜歡吃什麼水果？	初 3-7	ผล, พวก
ข้าวเหนียวมะม่วง	khao niao mamuang	芒果糯米	初 3-7	ม่วง
ข้าวเหนียวมะม่วงอร่อย	khao niao mamuang aroi	芒果糯米很好吃	初 3-7	ม่วง
ยิ่งกินยิ่งอ้วน	ying kin ying uan	越吃越胖	初 3-7	อ้วน
เอาน้ํามะนาว1แก้ว	ao nam manao nueng kaew	我要一杯檸檬汁	初 3-7	1
ชิ้นละ10บาท	chin la sip baht	一塊十泰銖	初 3-7	10
สับปะรด	sapparot	鳳梨	初 3-7	รด
สับปะรดลูกเล็ก	sapparot luk lek	小顆的鳳梨	初 3-7	รด
สับปะรดลูกเล็กแต่หวาน	sapparot luk lek tae wan	小顆的鳳梨但是很甜	初 3-7	รด
สับปะรดถุงละเท่าไหร่	sapparot thung la thao rai	一袋鳳梨多少錢？	初 3-7	รด
อ้อยเอาไปทําน้ําตาลได้	oi ao pai tam namtan dai	甘蔗可以拿去做糖	初 3-7	ทําน้ํา
เมื่อวานผมกินน้ําส้มคั้นหลายขวด	muea wan phom kin nam som khan lai khuad	昨天我喝了好幾瓶現榨橘子汁	初 3-7	ขวด
องุ่น	ongun	葡萄	初 3-7	องุ่น
คุณชอบกินองุ่นสีอะไร	khun chop kin ongun si arai	你喜歡吃什麼顏色的葡萄？	初 3-7	องุ่น
ฝรั่ง	farang	芭樂/番石榴	初 3-7	ฝรั่ง
ฝรั่งกิโลละเท่าไหร่	farang kilo la thao rai	芭樂一公斤多少錢？	初 3-7	ฝรั่ง
ฝรั่ง	farang	外國人	初 3-7	ฝรั่ง
ฝรั่งชอบไปเที่ยววัดพระแก้ว	farang chop pai thiao wat phra kae-o	外國人喜歡去玉佛寺觀光	初 3-7	ฝรั่ง
ชมพู่	chomphu	蓮霧	初 3-7	ชม
ชมพู่สีเขียวหวานกว่า	chomphu si khiao wan kwa	綠色蓮霧比較甜	初 3-7	ชม
ทุกปีทุเรียนไทยส่งออกประมาณแสนล้านบาท	thuk pi thurian thai song ok praman saen lan baht	每年泰國榴槤出口約十億泰銖。	初 3-7	ส่ง
ขนุน	khanun	波羅蜜	初 3-7	ขนุน
ภาคใต้ของไต้หวันก็มีขนุน	phak tai khong taiwan ko mi khanun	臺灣南部也有波羅蜜。	初 3-7	ขนุน
เงาะ	ngo	紅毛丹	初 3-7	เงาะ
เสียดายไต้หวันไม่มีเงาะขาย	sia dai taiwan mai mi ngo khai	可惜臺灣沒有紅毛丹販售。	初 3-7	เงาะ
แก้วมังกร	kaeo mangkon	火龍果	初 3-7	กร
เขาเกิดปีมังกร	khao koet pi mangkon	他是屬龍的	初 3-7	กร
กุ้งมังกรตัวใหญ่แพงไหม	kung mangkon tua yai phaeng mai	大隻龍蝦貴嗎？	初 3-7	กร
ขนุนอบแห้ง	khanun op haeng	波羅蜜乾	初 3-7	ขนุน
มะม่วงอบแห้ง	mamuang op haeng	芒果乾	初 3-7	ม่วง
ถนนสายนี้	thanon sai ni	這條馬路	初 3-7	ถนน
ถนนสายนี้ยาวมาก	thanon sai ni yao mak	這條馬路很長	初 3-7	ถนน
ต้นไม้	ton mai	樹	初 3-7	ต้น
ต้นไม้	ton mai	樹木	初 3-7	ต้น
สองข้างทางมีต้นไม้เยอะ	song khang thang mi ton mai yoe	兩邊有很多樹	初 3-7	ต้น
วันลอยกระทง	wan loi krathong	水燈節	初 3-7	ทง
กระทง	krathong	水燈	初 3-7	ทง
ใช้ใบตองทำกระทง	chai bai tong tham krathong	使用香蕉葉做水燈	初 3-7	ทง
เปลือกสับปะรด	plueak sapparot	鳳梨皮	初 3-7	รด
ต้นมะพร้าว	ton maphrao	椰子樹	初 3-7	ต้น
ต้นมะม่วง	ton mamuang	芒果樹	初 3-7	ต้น, ม่วง
ต้นมะละกอ	ton malako	木瓜樹	初 3-7	ต้น
ต้นกล้วย	ton kluai	香蕉樹	初 3-7	ต้น
ต้นนี้ต้นอะไร	ton ni ton arai	這是什麼樹	初 3-7	ต้น
สังขยาใบเตย	sangkaya bai toei	香蘭葉醬	初 3-7	ขยา
ปลูกต้นไม้	pluk ton mai	種樹	初 3-7	ต้น
เมล็ดแตงโม	malet taeng mo	西瓜籽	初 3-7	เมล็ด
เมล็ดองุ่น	malet ongun	葡萄籽	初 3-7	องุ่น, เมล็ด
ไม่มีเมล็ด	mai mi malet	沒有籽	初 3-7	เมล็ด
เมล็ดกาแฟ	malet kafae	咖啡豆	初 3-7	เมล็ด
มะม่วงปั่น	mamuang pan	芒果冰沙	初 3-7	ม่วง
สับปะรดปั่น	sapparot pan	鳳梨冰沙	初 3-7	รด
ทั้งหมด	thang mot	全部	初 3-7	หมด
มีสวนลำไย	mi suan lamyai	有龍眼園	初 3-7	สวน
สวน	suan	果園/菜園	初 3-7	สวน
มีสวนลำไยเยอะ	mi suan lamyai yoe	有很多龍眼園	初 3-7	สวน
มีสวนลิ้นจี่เยอะ	mi suan linji yoe	有很多荔枝園	初 3-7	สวน
เกาะ	ko	龜	初 3-7	เกาะ
เกาะสมุย	ko samui	蘇美島	初 3-7	สมุย, เกาะ
เกาะสมุยอยู่ภาคใต้	ko samui yu phak tai	蘇美島位於南部	初 3-7	สมุย, เกาะ
สี่จังหวัดภาคใต้มีมุสลิมเยอะ	si changwat phak tai mi muslim yoe	南部有四個府有很多穆斯林	初 3-7	สลิม
มุสลิม	muslim	穆斯林	初 3-7	สลิม
จังหวัดสงขลา	changwat songkhla	宋卡府	初 3-7	สง
อยุธยา	ayutthaya	大城	初 3-7	ธยา, อยุ
อยุธยาอยู่ภาคกลาง	ayutthaya yu phak klang	大城位於中部	初 3-7	ธยา, อยุ
เกาะช้าง	ko chang	象島	初 3-7	เกาะ
ชลบุรี	chonburi	春武里府	初 3-7	ชล
ส่วนใหญ่	suan yai	大部分	初 3-7	ส่วน
คนไทยส่วนใหญ่	khon thai suan yai	泰國人大部分	初 3-7	ส่วน
ชาวพุทธ	chao phut	佛教徒	初 3-7	พุทธ
คนไทยส่วนใหญ่เป็นชาวพุทธ	khon thai suan yai pen chao phut	泰國人大部分是佛教徒	初 3-7	พุทธ, ส่วน
ส่วนใหญ่ทำอะไร	suan yai tham arai	大部分做什麼	初 3-7	ส่วน
ส่วนใหญ่ไปไหน	suan yai pai nai	大部分要去哪裡	初 3-7	ส่วน
ทำงานบริษัทเดียวกัน	thamngan borisat diaokan	在同一家公司工作	初 3-7	บริ
ในตู้เย็นมีน้ำสองขวด	nai dtoo yen mee naam sawng kuat	冰箱裡有兩瓶水	初 3-8	ขวด
ร้านนวดอยู่ข้างๆ เซเว่น	raan nuat yoo kaang kaang say wen	按摩店在 7-11 旁邊	初 3-8	นวด
ในตู้เย็นมีน้ำสองขวด	nai dtoo yen mee naam sawng kuat	冰箱裡有兩瓶水	初 3-8	ขวด
ร้านนวดอยู่ข้างๆ เซเว่น	raan nuat yoo kaang kaang say wen	按摩店在 7-11 旁邊	初 3-8	นวด
กรุงเทพฯ อยู่ภาคกลาง	groong tep yoo paak glaang	曼谷在中部	初 3-8	ฯ
ภาคกลางมีทั้งหมด 21 จังหวัด	paak glaang mee tang mot yee sip et jang wat	中部總共有 21 個府	初 3-8	หมด
คนอีสานส่วนใหญ่ชอบกินข้าวเหนียว	kon ee saan suan yai chawp gin kaao niao	大部分東北部人喜歡吃糯米飯	初 3-8	ส่วน
เดินข้ามถนน	dern kaam ta noon	走過馬路	初 3-8	ถนน
ช่วยกดชั้น 17 ให้หน่อยค่ะ	chuay got chan sip bjet hai noy ka	請幫我按 17 樓	初 3-8	กด
วันจันทร์	wan jan	星期一	初 3-8	จันทร์
วันพฤหัสบดี	wan pa reu hat sa bor dee	星期四（正式）	初 3-8	บดี, พฤ
วันพฤหัส	wan pa reu hat	星期四（口語）	初 3-8	พฤ
ฝนหยุดแล้ว	fon yoot laeo	雨停了	初 3-8	ฝน
วันฝนตกไม่มีแท็กซี่ว่าง	wan fon dtok mai mee taek see waang	下雨天沒有空計程車	初 3-8	ฝน
วันจันทร์หน้าคุณว่างไหม	wan jan na koon waang mai	下週一你有空嗎	初 3-8	จันทร์
ชาติหน้าอยากเป็นหมา	chaat na yaak bpen maa	下輩子想當狗	初 3-8	ชาติ
วันศุกร์ที่แล้วเป็นวันลอยกระทง	wan soo tee laeo bpen wan loy gra tong	上個週五是水燈節	初 3-8	ทง
เมื่อวานฝนตก	meua waan fon dtok	昨天下雨	初 3-8	ฝน
ตอนกลางวันอยู่บริษัท	dtawn glaang wan yoo baw ri sat	白天在公司	初 3-8	บริ
จะกินผลไม้ปั่นทุกเช้า	ja gin pon la mai bpan took chao	每個早上都要喝水果冰沙	初 3-8	ผล
ถนนทุกสาย รถติด	ta noon took sai rot dtit	每條路都塞車	初 3-8	ถนน
บางครั้งฝนตก	baang krang fon dtok	有時候下雨	初 3-8	ฝน
吃อะไรบ้าง	gin arai baang	吃了些什麼	初 3-8	吃
做อะไรบ้าง	tam arai baang	做了些什麼	初 3-8	做
กินเบียร์หลายขวดก็ไม่เมา	gin bia laai kuat gor mai mao	喝好幾瓶啤酒也不會醉	初 3-8	ขวด
กินข้าวหลายจานแต่ไม่อ้วน	gin kaao laai jaan dtae mai uan	吃好幾盤飯但不會胖	初 3-8	อ้วน
คิดถึงจริงๆ	kit teung jing jing	真的很想你	初 3-8	จริง, ๆ
在ห้องเรียน	nai hong rian	教室內	初 3-總複習	在
เดินตรงไป 100 เมตร	dern trong pai nueng roi met	直走一百公尺	初 3-總複習	เมตร
ข้างนอกฝนตก	khang nok fon tok	外面下雨	初 3-總複習	ฝน
ข้ามถนน	kham tanon	過馬路	初 3-總複習	ถนน
เซเว่นอยู่ตรงข้ามสตาร์บัคส์	Seven yu trong kham Starbucks	7-11在星巴克對面	初 3-總複習	สตาร์
ถนนคนเดิน	tanon khon dern	徒步區 (夜市)	初 3-總複習	ถนน
在นามีข้าว	nai na mee khao	田中有稻	初 3-總複習	在
เดินตรงไป เลี้ยวซ้าย แล้วก็ตรงไป ประมาณ 50 เมตร แล้วก็เลี้ยวซ้ายอีกครั้งหนึ่ง แล้วก็เจอแล้ว	dern trong pai liao sai lae ko trong pai praman ha sip met lae ko liao sai eek khrang nueng lae ko joe laeo	直走左轉再直走約50米再左轉就到了	初 3-總複習	เมตร
ภาษาฝรั่งเศส	pasa farangset	法文	初 3-總複習	ฝรั่ง
วันจันทร์	wan jan	星期一	初 3-總複習	จันทร์
วันพฤหัสบดี	wan phruehat	星期四	初 3-總複習	บดี, พฤ
วันนี้วันจันทร์	wan nee wan jan	今天星期一	初 3-總複習	จันทร์
มกราคม	mokkara	一月	初 3-總複習	คม, มก
มีนาคม	meena	三月	初 3-總複習	คม
เมษายน	mesa	四月	初 3-總複習	ยน
พฤษภาคม	phrueasapha	五月	初 3-總複習	คม, พฤษ
มิถุนายน	mithuna	六月	初 3-總複習	ยน
กรกฎาคม	karakada	七月	初 3-總複習	กรก, คม
สิงหาคม	singha	八月	初 3-總複習	คม
กันยายน	kanya	九月	初 3-總複習	ยน
ตุลาคม	tula	十月	初 3-總複習	คม
พฤศจิกายน	phrueasajika	十一月	初 3-總複習	พฤศ, ยน
ธันวาคม	thanwa	十二月	初 3-總複習	คม
เดือนนี้เดือนธันวาคม	duen nee duen thanwa	這個月是十二月	初 3-總複習	คม
เดือนที่แล้วเดือนพฤศจิกายน	duen thi laeo duen phrueasajika	上個月是十一月	初 3-總複習	พฤศ, ยน
เดือนหน้าเดือนมกราคม	duen na duen mokkara	下個月是一月	初 3-總複習	คม, มก
ถ้าเดือนนี้เดือนเมษายน	tha duen nee duen mesa	如果這個月是四月	初 3-總複習	ยน
สวัสดีปีใหม่	sawatdee pee mai	新年快樂	初 3-總複習	สวัส
สวัสดีปีใหม่ไทย	sawatdee pee mai Thai	泰國新年快樂（宋干節）	初 3-總複習	สวัส
วันจันทร์นี้	wan jan nee	這個星期一	初 3-總複習	จันทร์
วันจันทร์ที่แล้ว	wan jan thi laeo	上個星期一	初 3-總複習	จันทร์
วันจันทร์หน้า	wan jan na	下個星期一	初 3-總複習	จันทร์
ชาตินี้	chat nee	這一輩子	初 3-總複習	ชาติ
ชาติที่แล้ว	chat thi laeo	前世	初 3-總複習	ชาติ
ชาติหน้า	chat na	下一輩子	初 3-總複習	ชาติ
ต้นเดือน	ton duen	月初	初 3-總複習	ต้น
ต้นปี	ton pee	年初	初 3-總複習	ต้น
ต้นปีหน้า	ton pee na	明年初	初 3-總複習	ต้น
ต้นทาง	ton thang	起點	初 3-總複習	ต้น
มาเรียนภาษาไทยทุกๆ วันจันทร์	ma rian pasa Thai thuk thuk wan jan	每個禮拜一都來學泰文	初 3-總複習	จันทร์
ลม	lom	風	初 3-總複習	ลม
ลมแรง	lom raeng	風很大	初 3-總複習	ลม
ทั้งหมด	thang mot	全部	初 3-總複習	หมด
ครึ่งขวด	khrueng khuat	半瓶	初 3-總複習	ขวด
ผลไม้	phonlamai	水果	初 3-總複習	ผล
มะพร้าวที่เมืองไทยหวานกว่าที่ไต้หวัน	maphrao thi mueang Thai wan kwa thi Taiwan	泰國椰子比台灣椰子甜	初 3-總複習	นก
มะม่วง	mamuang	芒果	初 3-總複習	ม่วง
ข้าวเหนียวมะม่วง	khao niao mamuang	芒果糯米飯	初 3-總複習	ม่วง
มะม่วงเบา	mamuang bao	酸芒果	初 3-總複習	ม่วง
สับปะรด	sapparot	鳳梨	初 3-總複習	รด
องุ่น	angun	葡萄	初 3-總複習	องุ่น
ฝรั่ง	farang	芭樂/洋人	初 3-總複習	ฝรั่ง
ฝรั่งกินฝรั่ง	farang kin farang	洋人吃芭樂	初 3-總複習	ฝรั่ง
ชมพู่	chomphu	蓮霧	初 3-總複習	ชม
สีชมพู่	si chomphu	粉紅色	初 3-總複習	ชม
ขนุน	khanun	波羅蜜	初 3-總複習	ขนุน
เงาะ	ngo	紅毛丹	初 3-總複習	เงาะ
มังกร	mangkon	龍果	初 3-總複習	กร
แก้วมังกร	kaeo mangkon	火龍果	初 3-總複習	กร
สตรอว์เบอร์รี่	strawberry	草莓	初 3-總複習	สต
เงาะกระป๋อง	ngo krapong	罐頭紅毛丹	初 3-總複習	เงาะ
ต้นไม้	tonmai	樹	初 3-總複習	ต้น
สวน	suan	果園	初 3-總複習	สวน
สวนลำไย สวนลิ้นจี่	suan lamyai suan linjee	龍眼園/荔枝園	初 3-總複習	สวน
สวนทุเรียน	suan thurian	榴槤園	初 3-總複習	สวน
สวนดอกไม้	suan dokmai	花園	初 3-總複習	สวน
สวนน้ำ	suan nam	水上樂園	初 3-總複習	สวน
สวนสนุก	suan sanuk	遊樂園	初 3-總複習	สวน
ภูเก็ต พังงา เกาะสมุย	Phuket Phang-nga Ko Samui	普吉島/攀牙/蘇美島	初 3-總複習	สมุย, เกาะ
เกาะ	ko	島	初 3-總複習	เกาะ
เกาะไต้หวัน	ko Taiwan	台灣島	初 3-總複習	เกาะ
เกาะเสม็ด เกาะช้าง	ko Samet ko Chang	沙美島/象島	初 3-總複習	เกาะ, เสม็ด
ชาวมุสลิม	chao Muslim	穆斯林	初 3-總複習	สลิม
ชาวพุทธ	chao phut	佛教徒	初 3-總複習	พุทธ
อยุธยา	Ayutthaya	大城	初 3-總複習	ธยา, อยุ
ฉันชอบกินผลไม้นะ ทั้งมังคุด ลำไย ทุเรียน และมะละกอ	chan chop kin phonlamai na thang mangkhut lamyai thurian lae malako	喜歡吃水果，有山竹、龍眼、榴槤和木瓜	初 3-總複習	ผล
ฉันพูดได้ทั้งภาษาจีน ภาษาไทย และภาษาอังกฤษ	chan phut dai thang pasa jin pasa Thai lae pasa angkrit	我能說中文、泰文和英文	初 3-總複習	กฤษ
คนไทยส่วนใหญ่เป็นชาวพุทธ	khon Thai suan yai pen chao phut	泰國人大部分是佛教徒	初 3-總複習	พุทธ, ส่วน
ชาวพุทธ	chao phut	佛教徒	初 3-總複習	พุทธ
ส่วนใหญ่	suan yai	大部分	初 3-總複習	ส่วน
อาหารไทยส่วนใหญ่เผ็ดมาก	ahan Thai suan yai phet mak	泰國菜大部分很辣	初 3-總複習	ส่วน
ผลไม้ไต้หวันส่วนใหญ่หวานมาก	phonlamai Taiwan suan yai wan mak	台灣水果大部分很甜	初 3-總複習	ผล, ส่วน
คนไต้หวันส่วนใหญ่ไม่กินเผ็ด	khon Taiwan suan yai mai kin phet	台灣人大部分不吃辣	初 3-總複習	ส่วน
ทำงานบริษัทเดียวกัน	tham ngan borisat diao kan	在同一家公司工作	初 3-總複習	บริ
ปลูกต้นไม้	pluk ton mai	種樹	初 3-總複習	ต้น
เม็ดองุ่น	met angun	葡萄籽	初 3-總複習	องุ่น
เครื่องปั่นน้ำผลไม้	khreuang pan nam phonlamai	果汁機	初 3-總複習	ผล
ผลไม้	pon la mai	水果	初 4-1	ผล
คุณชอบกินผลไม้อะไรที่สุด	koon chawp gin pon la mai arai tee soot	你最喜歡吃什麼水果	初 4-1	ผล
คุณเอาน้ำผลไม้ไหม	koon ao naam pon la mai mai	你要果汁嗎	初 4-1	ผล
ต้นไม้	dton mai	樹	初 4-1	ต้น
นี่ต้นอะไร	nee dton arai	這是什麼樹	初 4-1	ต้น
นี่ต้นทุเรียน	nee dton too rian	這是榴槤樹	初 4-1	ต้น
นี่ต้นมะม่วง	nee dton ma muang	這是芒果樹	初 4-1	ต้น, ม่วง
นี่ต้นเงาะ	nee dton ngoh	這是紅毛丹樹	初 4-1	ต้น, เงาะ
ปลูกต้นไม้	bplook dton mai	種樹	初 4-1	ต้น
เม็ดองุ่น	met a ngoon	葡萄籽	初 4-1	องุ่น
องุ่นไม่มีเม็ด	a ngoon mai mee met	無籽葡萄	初 4-1	องุ่น
เม็ดกาแฟยี่ห้อนี้หอมมาก	met gaa fae yee haw nee hawm maak	這牌子咖啡豆很香	初 4-1	ม
สวน	suan	園	初 4-1	สวน
สวนผัก	suan pak	菜園	初 4-1	สวน
สวนดอกไม้	suan dawk mai	花園	初 4-1	สวน
สวนผลไม้	suan pon la mai	果園	初 4-1	ผล, สวน
สวนสนุก	suan sa nook	遊樂園	初 4-1	สวน
เคยไปสวนสนุกตอนเด็ก	koey bpai suan sa nook dtawn dek	小時候去過遊樂園	初 4-1	สวน
ทั้งทุเรียนและมังคุดเป็นผลไม้ของไทย	tang too rian lae mang koot bpen pon la mai kawng tai	榴槤和山竹都是泰國水果	初 4-1	ผล
ส่วนใหญ่	suan yai	大部分	初 4-1	ส่วน
คนส่วนใหญ่ชอบสีอะไร	kon suan yai chawp see arai	大部分人喜歡什麼顏色	初 4-1	ส่วน
ส่วนใหญ่เสาร์อาทิตย์ไปเที่ยวที่ไหน	suan yai sao aa tit bpai tiao tee nai	週六日大部分去哪玩	初 4-1	ส่วน
ขวดแรก	kuat raek	第一瓶	初 4-1	ขวด
ทำงานบริษัทเดียวกัน	tam ngaan baw ri sat diao gan	同一間公司工作	初 4-1	บริ
พวกเราเรียนต่อ	phuak rao rian tor	我們繼續上課	初 4-1	พวก
ทำหน้าอก	tham na ok	做胸部	初 4-1	อก
ทำสวน	tham suan	做園藝	初 4-1	สวน
ทำพาสปอร์ตหาย	tham passport hai	弄丟護照	初 4-1	สปอร์ต
做เป็นเข้าใจ	tham pen khao jai	裝作懂了	初 4-1	做
做ความสะอาด	tham khwam sa at	打掃	初 4-1	做
ทำสกปรก	tham sokkaprok	弄髒	初 4-1	ปรก, สก
เงินสกปรก	ngoen sokkaprok	髒錢	初 4-1	ปรก, สก
พวกเราเรียนต่อ	phuak rao rian tor	我們繼續上課	初 4-1	พวก
ทำหน้าอก	tham na ok	做胸部	初 4-1	อก
ทำสวน	tham suan	做園藝	初 4-1	สวน
ทำพาสปอร์ตหาย	tham passport hai	弄丟護照	初 4-1	สปอร์ต
ทำสกปรก	tham sokkaprok	弄髒	初 4-1	ปรก, สก
เงินสกปรก	ngoen sokkaprok	髒錢	初 4-1	ปรก, สก
เรียนจบหรือยัง	rian jop rue yang	畢業了沒？	初 4-1	จบ
พูดจบหรือยัง	phut jop rue yang	說完了沒？	初 4-1	จบ
พูดถึงละครไทย	phut thueng lakhon thai	提到泰劇	初 4-1	คร
กินเลี้ยงบริษัท	Kin liang borisat	公司聚餐（如尾牙）	初 4-1	บริ
ข้างนอกฝนตกหนัก ทำยังไงดี	khang nok fon tok nak tham yang ngai di	外面下大雨該怎麼辦	初 4-2	ฝน
ฝนหยุดหรือยัง	fon yut rue yang	雨停了沒	初 4-2	ฝน
เรียนจบหรือยัง	rian chop rue yang	畢業了沒	初 4-2	จบ
ลูกคุณเรียนจบหรือยัง	luk khun rian chop rue yang	你的孩子畢業了沒	初 4-2	จบ
พูดจบหรือยัง	phut chop rue yang	說完了沒	初 4-2	จบ
คุณพูดจบหรือยัง	khun phut chop rue yang	你說完了沒	初 4-2	จบ
ละครจบแล้ว	lakhon chop laeo	連續劇結束了	初 4-2	คร, จบ
แม่กำลังจะออกไปข้างนอกซื้อผลไม้	mae kam lang cha ok pai khang nok bue phon la mai	媽媽正要出去外面買水果	初 4-2	ผล
คนอีสานส่วนใหญ่ทำนาปลูกข้าว	Khon Isan Suan Yai Tham Na Pluk Khao	東北部的人大部分種田、種稻	初 4-2	ส่วน
พวกเราไปทำบุญกัน	Phuak Rao Pai Tham Bun Kan	我們一起去做功德	初 4-2	พวก
ชาติหน้า	Chat Na	下輩子	初 4-2	ชาติ
ชาติหน้าเจอกันอีก	Chat Na Choe Kan Ik	下輩子再見	初 4-2	ชาติ
พาสปอร์ตหาย	Passport Hai	護照不見了	初 4-2	สปอร์ต
หายปวด หายเจ็บ	Hai Puat Hai Chep	疼痛的感覺消失了	初 4-2	ปวด
สกปรก	Sokkaprok	髒	初 4-2	ปรก, สก
ใครทำสกปรก	Khrai Tham Sokkaprok	誰弄髒的？	初 4-2	ปรก, สก
ทำไมสกปรกอย่างนี้	Thammai Sokkaprok Yang Ni	為什麼這麼髒？	初 4-2	ปรก, สก
ส่งผิดโต๊ะ	Song Phit To	送錯桌	初 4-2	ส่ง
เพราะ	phro	好聽	初 4-2	เพราะ
เพลงนี้เพราะ	phleng ni phro	這首歌好聽	初 4-2	เพราะ
เพลงนี้เพราะใครร้อง	phleng ni phro khrai rong	這首歌好聽，誰唱的？	初 4-2	เพราะ
ชาติ	chat	國家/國籍	初 4-2	ชาติ
เพลงชาติ	phleng chat	國歌	初 4-2	ชาติ
ร้องเพลงชาติ	rong phleng chat	唱國歌	初 4-2	ชาติ
บอกความจริง	bok khwam ching	說真相	初 4-2	จริง
จริง	ching	真的	初 4-2	จริง
บอกความจริงฉัน	bok khwam ching chan	告訴我真相	初 4-2	จริง
ไม่บอกความจริง	mai bok khwam ching	不說真相	初 4-2	จริง
ฟังดนตรี	fang dontri	聽音樂	初 4-2	ดน
ดนตรี	dontri	音樂	初 4-2	ดน
ดนตรีไทย	dontri thai	泰國音樂	初 4-2	ดน
ดนตรีจีน	dontri chin	中國音樂	初 4-2	ดน
ดนตรีฝรั่ง	dontri farang	西方音樂	初 4-2	ดน, ฝรั่ง
พริกป่น	phrik pon	辣椒粉	初 4-2	ป่น
ใส่พริกป่น	sai phrik pon	加辣椒粉	初 4-2	ป่น
พริกไทยป่น	phrik thai pon	胡椒粉	初 4-2	ป่น
น้ำตาลทราย	nam tan sai	砂糖	初 4-2	ทราย
นมข้น	nom khon	煉乳	初 4-2	ข้น
ต้นหอม	ton hom	蔥	初 4-2	ต้น
ไม่เอาต้นหอม	mai ao ton hom	不要蔥	初 4-2	ต้น
ไม่ใส่ต้นหอม	mai sai ton hom	不加蔥	初 4-2	ต้น
เปิดพัดลม	poet phat lom	開電風扇	初 4-2	ลม
ปิดพัดลม	pit phat lom	關電風扇	初 4-2	ลม
ใส่หมวก	sai muak	戴帽子	初 4-2	หมวก
หมวก	muak	帽子	初 4-2	หมวก
หมวกสีเขียว	muak si khiao	綠色帽子	初 4-2	หมวก
ถอดหมวก	thot muak	脫帽子	初 4-2	หมวก
หน้ากากอนามัย	nakak anamai	口罩（正式）	初 4-2	อนา
อนามัย	anamai	衛生	初 4-2	อนา
ถุงยางอนามัย	thung yang anamai	保險套（正式）	初 4-2	อนา
พวกเราไปร้องคาราโอเกะกัน	Phuak rao pai rong kharaoke kan	我們一起去唱卡拉OK吧	初 4-3	พวก
เพลงฝรั่ง	Pheng farang	英文歌（西方歌）	初 4-3	ฝรั่ง
เพราะ	Phraw	好聽	初 4-3	เพราะ
เพลงนี้เพราะมาก	Pheng ni phraw mak	這首歌很好聽	初 4-3	เพราะ
เสียงเขาเพราะมาก	Siang khao phraw mak	他的聲音很好聽	初 4-3	เพราะ
ดนตรี	Dontri	音樂	初 4-3	ดน
พี่ชายเล่นดนตรีเก่งมาก	Phi chai len dontri keng mak	哥哥很會玩音樂	初 4-3	ดน
ดนตรีทำให้น้องชายแฮปปี้	Dontri thammai nong chai happy	音樂讓弟弟很快樂	初 4-3	ดน
บอกความจริง	bok kwam jing	說真相（實話）	初 4-3	จริง
บอกความจริงเขาดีกว่า	bok kwam jing kao di kwa	告訴他真相比較好	初 4-3	จริง
ทำไมไม่บอกความจริง	tam mai mai bok kwam jing	為什麼不說真相	初 4-3	จริง
เปิดพัดลมได้ไหม	perd pat lom dai mai	可以開電風扇嗎	初 4-3	ลม
เดือนตุลาคม	deuan tu la kom	十月	初 4-3	คม
เดือนเมษายน	deuan me sa yon	四月	初 4-3	ยน
สกปรก	sokkaprok	髒	初 4-3	ปรก, สก
ไม่ใส่น้ำตาลทราย	mai sai namtansai	不加砂糖	初 4-3	ทราย
ใส่แต่นมข้น	sai tae nomkhon	只加煉乳	初 4-3	ข้น
ถอดหมวก	thot muak	脫帽子	初 4-3	หมวก
หน้ากากอนามัย	nakak anamai	口罩	初 4-3	อนา
อนามัย	anamai	衛生	初 4-3	อนา
ออกไปข้างนอกต้องใส่หน้ากากอนามัย	awk pai khangnawk tong sai nakak anamai	出去外面必須戴口罩	初 4-3	อนา
เพราะว่าตื่นสาย	phraw wa tuen sai	因為晚起	初 4-3	เพราะ
ใช้แอปเรียกแท็กซี่	chai app riak taxi	使用App叫計程車	初 4-3	ป
ถ่ายละคร	thae lakhon	拍戲（劇）	初 4-3	คร
เพิ่งเรียนจบ	perng rian jop	剛畢業	初 4-4	จบ
พวกเรานั่งตุ๊กตุ๊กดีกว่า	phuak rao nang tuk tuk di kwa	我們坐嘟嘟車吧	初 4-4	พวก
ถ่ายละคร	tai lakhon	拍戲	初 4-4	คร
ไปดูดาราถ่ายละคร	pai du dara tai lakhon	去看明星拍戲	初 4-4	คร
สวัสดีค่ะ ฉันอยากจองที่นั่งค่ะ	sawadee kha chan yak jong thi nang kha	你好，我想訂位	初 4-4	สวัส
จะจองวันไหนคะ	ja jong wan nai kha	要訂哪一天？	初 4-4	น
จองเวลานวด	jong wela nuat	預約按摩時間	初 4-4	นวด
มีข่าวดี	mi khao di	有好消息	初 4-4	วดี
ลืมหมดแล้ว	luem mot laeo	全都忘光了	初 4-4	หมด
แบตหมด	baet mot	沒電了	初 4-4	หมด
ขายหมดแล้ว	khai mot laeo	賣光了	初 4-4	หมด
เห็นแล้วจะอ้วก	hen laeo ja uak	看了想吐	初 4-4	วจะ, อ้วก
อ้วก	uak	吐	初 4-4	อ้วก
เติมลม	toem lom	打氣	初 4-4	ลม
บัตรเติมเงิน	bat toem ngoen	儲值卡	初 4-4	บัตร
บัตร	bat	卡	初 4-4	บัตร
บัตรแรบบิท	bat rabbit	兔兔卡（Rabbit Card）	初 4-4	ท, บ, บัตร
บัตรเครดิต	bat credit	信用卡	初 4-4	บัตร
ใช้บัตรเครดิตได้มั้ย	chai bat credit dai mai	可以用信用卡嗎？	初 4-4	บัตร
บัตรนักเรียน	bat nak rian	學生證	初 4-4	บัตร
สถานีชิดลม	sathani chit lom	奇隆站	初 4-4	ลม
ทิ้งขยะ	thing khaya	丟垃圾	初 4-4	ขยะ
ขยะ	khaya	垃圾	初 4-4	ขยะ
ถังขยะ	thang khaya	垃圾桶	初 4-4	ขยะ
สวัสดีปีใหม่	sawatdee pi mai	新年快樂	初 4-4	สวัส
สวัสดีค่ะ	sawatdee kha	你好	初 4-5	สวัส
สวัสดีปีใหม่	sawatdee pee mai	新年快樂	初 4-5	สวัส
เพราะเงินเยอะก็เลยยอมทำโอที	phraw ngern yoe kor loey yorm tham OT	因為錢多，所以願意加班	初 4-5	เพราะ
ไม่ยอมพูดความจริง	mai yorm phood khwam jing	不肯說真相	初 4-5	จริง
ข่าวจริง	khao jing	真新聞	初 4-5	จริง
ข่าวจริงหรือข่าวปลอม	khao jing rue khao plom	真新聞還是假新聞	初 4-5	จริง
ฉันมีข่าวดีจะบอกคุณ	chan mee khao dee ja bok khun	我有好消息要告訴你	初 4-5	วดี
เคยเห็นผลไม้นี้ไหม	khuey hen phonlamai nee mai	見過這個水果嗎？	初 4-5	ผล
ไม่เคยเห็นผลไม้นี้ค่ะ	mai khuey hen phonlamai nee kha	沒見過這個水果。	初 4-5	ผล
ฉันเห็นกับตาเมื่อคืนมีผีจริงๆ	chan hen gap dta muea khuen mee phee jing jing	我親眼看見昨天晚上真的有鬼（女）。	初 4-5	จริง, ๆ
ผมเห็นกับตาเมื่อคืนมีผีจริงๆ	phom hen gap dta muea khuen mee phee jing jing	我親眼看見昨天晚上真的有鬼（男）。	初 4-5	จริง, ๆ
ผมเห็นกับตาเขาทำสกปรก	phom hen gap dta khao tham sokgaprok	我親眼看見他弄髒的（男）。	初 4-5	ปรก, สก
ฉันเห็นกับตาเขาทำสกปรก	chan hen gap dta khao tham sokgaprok	我親眼看見他弄髒的（女）。	初 4-5	ปรก, สก
พวกเขาไม่เห็นด้วย	phuak khao mai hen duay	他們不同意。	初 4-5	พวก
ฉันเห็นใจเพื่อนร่วมงาน	chan hen jai phuean ruam ngan	我同情同事。	初 4-5	ร่วม
做什麼คุณเห็นใจเขา	thammai khun hen jai khao	為什麼你同情他？	初 4-5	做什麼
ลืมใส่หน้ากากอนามัย	luem sai nakak anamai	忘了戴口罩（正式用法）	初 4-5	อนา
ลืมหมดแล้ว	luem mot laeo	全部忘光了	初 4-5	หมด
กินหมดแล้ว	gin mot laeo	全部吃光了	初 4-5	หมด
ขายหมดแล้ว	khai mot laeo	全部賣光了	初 4-5	หมด
ใช้เงินหมดแล้ว	chai ngen mot laeo	錢全部花光了	初 4-5	หมด
บัตร	bat	卡	初 4-5	บัตร
บัตรเติมเงิน	bat toem ngen	加值卡	初 4-5	บัตร
บัตรเครดิต	bat khredit	信用卡	初 4-5	บัตร
บัตรนักเรียน	bat nak rian	學生卡	初 4-5	บัตร
ขอซื้อบัตรเติมเงินหน่อยค่ะ	kho sue bat toem ngen noi kha	我想買加值卡。	初 4-5	บัตร
ขอซื้อยาแก้ปวดหัว	kho sue ya gae puat hua	我想買頭痛藥。	初 4-5	ปวด
ใช้บัตรเครดิตได้ไหมคะ	chai bat khredit dai mai kha	可以用信用卡嗎？	初 4-5	บัตร
พัดลมเสียแล้ว ทิ้งป่ะ	phat lom sia laeo thing pa	電風扇壞了，丟掉吧？	初 4-5	ลม
เพราะว่าเสียดาย อะไรก็ไม่ยอมทิ้ง	phrao wa siadai arai go mai yom thing	因為捨不得，什麼都不肯丟。	初 4-5	เพราะ
เธอร้องไห้ เพราะว่าถูกแฟนทิ้ง	thoe rong hai phrao wa thuk faen thing	她哭是因為被情人甩了。	初 4-5	เพราะ
ทิ้งขยะ	thing khaya	丟垃圾	初 4-5	ขยะ
รถขยะ	rot khaya	垃圾車	初 4-5	ขยะ
คนเก็บขยะ	khon gep khaya	收垃圾的人	初 4-5	ขยะ
ถังขยะ	thang khaya	垃圾桶	初 4-5	ขยะ
ฉันจะรักคุณตลอดไป	chan ja rak khun talot pai	我會永遠愛你	初 4-5	ตลอด
ตลอดชีวิต	talot cheewit	一輩子 / 終生	初 4-5	ตลอด
ฉันจะรักคุณตลอดชีวิต	chan ja rak khun talot cheewit	我會愛你一輩子	初 4-5	ตลอด
มาสายตลอด	ma sai talot	一直遲到	初 4-5	ตลอด
เดี๋ยวอ้วน	diao uan	等一下會胖	初 4-5	อ้วน
ตอนนี้ฝนตก	ton nee fon tok	現在下雨	初 4-5	ฝน
ตอนเดือนมกราคม	ton duean makarakhom	一月的時候	初 4-5	คม, มก
ช่วงนี้	chuang nee	這陣子 / 這段期間	初 4-5	ช่วง
ช่วงนี้ไม่สบาย	chuang nee mai sabai	這陣子不舒服	初 4-5	ช่วง
ช่วงนี้กินเหล้าทุกวัน	chuang nee gin lao thuk wan	這陣子每天喝酒	初 4-5	ช่วง
ช่วงนี้ไม่ว่าง	chuang nee mai wang	這陣子沒空	初 4-5	ช่วง
ช่วงนั้น	chuang nan	那個時期	初 4-5	ช่วง
ช่วงไหน	chuang nai	哪個時期	初 4-5	ช่วง
ช่วงไหนว่าง	chuang nai wang	什麼時候有空？	初 4-5	ช่วง
ช่วงไหนไม่ต้องทำงาน	chuang nai mai tong tham ngan	什麼時候不用工作？	初 4-5	ช่วง
ช่วงวันที่ 12 ถึงวันที่ 15	chuang wan thee sip song thueng wan thee sip ha	12號到15號期間	初 4-5	ช่วง
ช่วงปีใหม่	chuang pee mai	新年期間	初 4-5	ช่วง
สงกรานต์	songkran	潑水節	初 4-5	สง
ช่วงสงกรานต์	chuang songkran	潑水節期間	初 4-5	ช่วง, สง
ช่วงสงกรานต์ไปเที่ยวเมืองไทยไหม	chuang songkran pai thiao mueang thai mai	潑水節期間去泰國玩嗎？	初 4-5	ช่วง, สง
ช่วงตรุษจีน	chuang trut jeen	春節期間	初 4-5	ช่วง
ช่วงตรุษจีนหยุดเรียน	chuang trut jeen yut rian	春節期間停課	初 4-5	ช่วง
ช่วงตรุษจีนไปเที่ยวเมืองนอก	chuang trut jeen pai thiao mueang nok	春節期間去國外玩	初 4-5	ช่วง
หลังกินข้าวกินผลไม้	lang gin khao gin phonlamai	飯後吃水果	初 4-5	ผล
วันก่อนฝนตกหนัก	wan gon fon tok nak	前幾天下大雨	初 4-5	ฝน
เรียนจบแล้ว ต้องรีบหางาน	rian jop laeo tong reep ha ngan	畢業了，必須趕快找工作	初 4-5	จบ
ตอนนี้ฝนตก	ton nee fon tok	現在下雨	初 4-5	ฝน
ตั้งแต่ชาติที่แล้ว	Dtang dtae chat thi laeo	自從上輩子	初 4-6	ชาติ
พวกคุณรู้จักกันตั้งแต่เมื่อไหร่	Phuak khun ru chak kan dtang dtae muea rai	你們自從什麼時候認識的？	初 4-6	พวก
พวกเรารู้จักกันตั้งแต่สิบปีก่อน	Phuak rao ru chak kan dtang dtae sip pi kon	我們自從十年前就認識了	初 4-6	พวก
ตลอด	Dta lot	一直 / 總是	初 4-6	ตลอด
ตลอดชีวิต	Dta lot chi wit	一輩子 / 終生	初 4-6	ตลอด
ร้านเปิดตลอด	Ran poet dta lot	店一直開著	初 4-6	ตลอด
กินตลอด กินไม่หยุด	Gin dta lot gin mai yut	一直吃，吃個不停	初 4-6	ตลอด
ทำงานตลอด ไม่พักเลย	Tham ngan dta lot mai phak loei	一直工作，一點都不休息	初 4-6	ตลอด
ผมจะรักคุณตลอดไป	Phom ja rak khun dta lot pai	我會永遠愛你（男稱）	初 4-6	ตลอด
ฉันจะรักคุณตลอดไป	Chan ja rak khun dta lot pai	我會永遠愛你（女稱）	初 4-6	ตลอด
ผมสัญญา ผมจะรักคุณตลอดไป	Phom sanya phom ja rak khun dta lot pai	我承諾，我會永遠愛你	初 4-6	ตลอด
ผมจะรักคุณตลอดชีวิต	Phom ja rak khun dta lot chi wit	我一輩子都會愛你（男稱）	初 4-6	ตลอด
ฉันจะรักคุณตลอดชีวิต	Chan ja rak khun dta lot chi wit	我一輩子都會愛你（女稱）	初 4-6	ตลอด
ตอนนี้ยังอยู่บริษัท	Dtorn ni yang yu bo ri sat	現在還在公司	初 4-6	บริ
ตอนนี้ข้างนอกฝนกำลังตก	Dtorn ni khang nok fon gam lang dtok	現在外面正在下雨	初 4-6	ฝน
รถขยะจะมาตอนไหน	Rot kha ya ja ma dtorn nai	垃圾車什麼時候會來？	初 4-6	ขยะ
ไปเที่ยวไต้หวันช่วงไหนดี	Pai thiao Taiwan chuang nai di	去台灣玩哪段時間好呢？	初 4-6	ช่วง
ดีทุกช่วง	Di thuk chuang	每段時間都很好	初 4-6	ช่วง
ช่วงคริสต์มาสก็ดีนะ	Chuang Khrit mat ko di na	聖誕節期間也不錯	初 4-6	ช่วง
ช่วงตรุษจีน	Chuang Dtrut jin	春節期間	初 4-6	ช่วง
ช่วงสงกรานต์	Chuang Songkran	潑水節期間	初 4-6	ช่วง, สง
ช่วงนี้นอนดึก	Chuang ni non duek	最近很晚睡覺	初 4-6	ช่วง
ช่วงนี้นอนดึกเพราะว่าต้องทำโอที	Chuang ni non duek phro wa dtong tham o thi	最近很晚睡覺因為要加班	初 4-6	ช่วง, เพราะ
ช่วงนี้คุณยายไม่สบายบ่อย	Chuang ni khun yay mai sa bai boy	最近外婆常生病	初 4-6	ช่วง
หลังเรียนจบก็หางาน	Lang rian jop ko ha ngan	畢業後就找工作	初 4-6	จบ
หลังกินข้าวเสร็จก็กินผลไม้	Lang gin khao set ko gin phon la mai	吃完飯後吃水果	初 4-6	ผล
เพิ่งเรียนจบ	Phueng rian jop	剛畢業	初 4-6	จบ
สวนสัตว์	Suan sat	動物園	初 4-6	สวน
ชอบไปสวนสัตว์ไหม	Chop pai suan sat mai	喜歡去動物園嗎？	初 4-6	สวน
ก๋วยเตี๋ยวเป็ด	Kuaitiao pet	鴨肉麵	初 4-6	ก๋วย
ก๋วยเตี๋ยวเป็ดอร่อยมาก	Kuaitiao pet a roi mak	鴨肉麵非常好吃	初 4-6	ก๋วย
อ้วนเหมือนหมู	Uan muean mu	胖得像豬一樣	初 4-6	อ้วน
นก	Nok	鳥	初 4-6	นก
นกแก้ว	Nok kaew	鸚鵡	初 4-6	นก
นกกระจอก	Nok krachok	麻雀	初 4-6	นก
ไพ่นกกระจอก	Phai nok krachok	麻將	初 4-6	นก
เล่นไพ่นกกระจอกเป็นไหม	Len phai nok krachok pen mai	你會打麻將嗎？	初 4-6	นก
สิงคโปร์	Sing kha po	新加坡	初 4-6	สิงค
เคยไปสิงคโปร์ไหมคะ	Khoei pai sing kha po mai kha	去過新加坡嗎？	初 4-6	สิงค
โง่จริงๆ	Ngo jing jing	真的笨	初 4-6	จริง, ๆ
ตุ๊กตาหมี	Tuk ka ta mi	熊玩偶	初 4-6	กตา
ตุ๊กตาหมา	Tuk ka ta ma	狗玩偶	初 4-6	กตา
เล่นตุ๊กตา	Len tuk ka ta	玩公仔 / 玩偶	初 4-6	กตา
เกาะเต่า	Ko tao	龜島（地名）	初 4-6	เกาะ
เคยไปเกาะเต่าไหมคะ	Khoei pai ko tao mai kha	去過龜島嗎？	初 4-6	เกาะ
แมลงวัน	Ma laeng wan	蒼蠅	初 4-6	แมลง
มีแมลงวันเยอะ	Mi ma laeng wan yoe	有很多蒼蠅	初 4-6	แมลง
แมลงสาบ	Ma laeng sap	蟑螂	初 4-6	แมลง
กบ	Gop	青蛙	初 4-6	กบ
ท่ากบ	Tha gop	蛙式	初 4-6	กบ
ว่ายท่ากบเป็นไหม	Wai tha gop pen mai	會游蛙式嗎？	初 4-6	กบ
กบทอดกระเทียม	Gop thot gra thiam	蒜香炸青蛙	初 4-6	กบ
จระเข้	Cho ra khe	鱷魚	初 4-6	จระ
หนังจระเข้	Nang cho ra khe	鱷魚皮	初 4-6	จระ
กระเป๋าหนังจระเข้	Gra pao nang cho ra khe	鱷魚皮包	初 4-6	จระ
สวนสัตว์ไทเปมีสัตว์อะไรบ้าง	suan sat Taipei mee sat arai bang	台北動物園有些什麼動物？	初 4-7	สวน
สวนสัตว์ไทเปมีเสือ	suan sat Taipei mee suea	台北動物園有老虎	初 4-7	สวน
สวนสัตว์ไทเปมีสิงโต	suan sat Taipei mee singto	台北動物園有獅子	初 4-7	สวน
สวนสัตว์ไทเปมีแพนด้า	suan sat Taipei mee panda	台北動物園有熊貓	初 4-7	สวน
คนส่วนใหญ่เลี้ยงสัตว์อะไร	khon suan yai liang sat arai	大部分的人養什麼動物？	初 4-7	ส่วน
คนส่วนใหญ่เลี้ยงหมา	khon suan yai liang ma	大部分的人養狗	初 4-7	ส่วน
คนส่วนใหญ่เลี้ยงแมว	khon suan yai liang maeo	大部分的人養貓	初 4-7	ส่วน
คนส่วนใหญ่เลี้ยงกระต่าย	khon suan yai liang kratai	大部分的人養兔子	初 4-7	ส่วน
นกอยู่บนต้นไม้	nok yoo bon ton mai	鳥在樹上	初 4-7	ต้น, นก
นกบินอยู่บนฟ้า	nok bin yoo bon fa	鳥在天空中飛	初 4-7	นก
นก	nok	被放鴿子（或追求失敗）	初 4-7	นก
เพื่อนถูกมดกัด	phuean took mot kat	朋友被螞蟻咬	初 4-7	มด
พวกเราสั่งไข่มดแดงมากินกัน	phuak rao sang khai mot daeng ma kin kan	我們點紅螞蟻蛋來吃吧	初 4-7	พวก, มด
ยำไข่มดแดง	yam khai mot daeng	涼拌紅螞蟻蛋	初 4-7	มด
เคยไปเที่ยวเกาะเต่าไหม	khoei pai thiao kor tao mai	去過龜島玩嗎？	初 4-7	เกาะ
ผมไม่เคยไปเที่ยวเกาะเต่าครับ	phom mai khoei pai thiao kor tao krap	我沒去過龜島玩	初 4-7	เกาะ
เกาะเต่าอยู่ภาคใต้	kor tao yoo phak tai	龜島在南部	初 4-7	เกาะ
ถ้าอยากเห็นตัวเงินตัวทอง ต้องไปสวนลุม	tha yak hen tua ngoen tua thong tong pai suan lum	如果想看水蜥蜴，要去倫披尼公園	初 4-7	สวน
อ้วนเหมือนหมู	uan muean moo	像豬一樣胖	初 4-7	อ้วน
ขายหมดไวมาก	khai mot wai mak	賣得很快（賣光）	初 4-7	หมด
ผมกลัวจระเข้ที่สุด	phom klua jorakhae thee sut	我最怕鱷魚	初 4-7	จระ
ฉันกลัวแมลงสาบที่สุด	chan klua malaeng sap thee sut	我最怕蟑螂	初 4-7	แมลง
แมลงสาบ	malaeng sap	蟑螂（正式說法）	初 4-7	แมลง
ไพ่นกกระจอก	phai nok krachok	麻將	初 4-7	นก
พวกเรามาเล่นไพ่กัน	phuak rao ma len phai kan	我們來玩牌吧	初 4-7	พวก
คุณเล่นไพ่นกกระจอกเป็นไหม	khun len phai nok krachok pen mai	你會打麻將嗎？	初 4-7	นก
ฉันชอบไปดูไพ่ทาโรต์	chan chop pai doo phai tarot	我喜歡去算塔羅牌	初 4-7	ต์
ว่ายน้ำท่ากบ	wai nam tha kop	蛙式游泳	初 4-7	กบ
ว่ายท่ากบเป็นไหม	wai tha kop pen mai	你會蛙式嗎？	初 4-7	กบ
ว่ายน้ำท่าฟรีสไตล์	wai nam tha freestyle	自由式游泳	初 4-7	สไตล์
รังมด	rang mot	螞蟻窩	初 4-7	มด
รังนก	rang nok	鳥巢（或燕窩）	初 4-7	นก
ปู่บอกว่ารังนกกินแล้วแข็งแรง	poo bok wa rang nok kin laeo khaeng raeng	爺爺說吃了燕窩會變強壯	初 4-7	นก
แต่รังนกราคาแพงมาก	tae rang nok raka phaeng mak	但是燕窩價格非常貴	初 4-7	นก
เวลาข้ามถนนต้องข้ามทางม้าลาย	wela kham thanon tong kham thang ma lai	過馬路時要走斑馬線	初 4-7	ถนน
ตอนเด็กฉันชอบเล่นตุ๊กตา	ton dek chan chop len tukkata	小時候我喜歡玩娃娃	初 4-7	กตา
ที่บ้านมีตุ๊กตาหลายตัว	thee ban mee tukkata lai tua	家裡有許多娃娃	初 4-7	กตา
เดี๋ยวนี้ก็ยังชอบตุ๊กตา	diao nee kor yang chop tukkata	現在也還是喜歡娃娃	初 4-7	กตา
มังกร	mangkorn	龍	初 4-7	กร
ผมเกิดปีมังกร	phom koet pee mangkorn	我屬龍	初 4-7	กร
สวัสดีปีม้า	sawatdee pee ma	新年快樂（馬年）	初 4-7	สวัส
รู้ฉันรู้ยังไงก็คงไม่ต่าง	roo chan roo yang ngai kor khong mai tang	我知道，我知道，無論如何恐怕都沒什麼不同	初 4-7	คง
คง	khong	恐怕 / 可能	初 4-7	คง
เขาคงไม่มา	khao khong mai ma	他恐怕不來了	初 4-7	คง
ฝนคงตก	fon khong tok	恐怕會下雨	初 4-7	คง, ฝน
เธอคงเลือกเขา	ter khong lueak khao	妳恐怕選了他	初 4-7	คง
ขอร้อง อย่าทำสกปรก	kho rong ya tham sokkaprok	拜託，別弄髒了	初 4-7	ปรก, สก
รู้ถึงฉันขอร้องยังไง เธอคงต้องลืมเรื่องของเรา	roo thueng chan kho rong yang ngai ter khong tong luem rueang khong rao	知道儘管我如何哀求，妳恐怕也得忘記我們的事	初 4-7	คง
เพราะว่าเขาดีกว่า	phror wa khao dee kwa	因為他比較好	初 4-7	เพราะ
เพราะ	phror	因為	初 4-7	เพราะ
เหตุผล	het phon	理由	初 4-7	ผล, เหตุ
รู้เธอมีเหตุผลอะไรสักอย่าง ที่ทำให้เธอไม่คิดอยู่กับฉัน	roo ter mee het phon arai sak yang thee tham hai ter mai khit yoo kab chan	知道妳有某些理由，讓妳不想跟我在一起	初 4-7	ผล, เหตุ
ช่วยบอกเหตุผลของคุณหน่อย	chuay bok het phon khong khun noi	請告訴我你的理由	初 4-7	ผล, เหตุ
อาจเป็นเพราะเธอแค่เหงาใจ ในวันที่เราพบกัน	at pen phror ter khae ngao jai nai wan thee rao phop kan	也許是因為妳在我們相遇那天只是感到寂寞	初 4-7	พบ, เพราะ
พบกัน	phop kan	見面	初 4-7	พบ
然後พบกันนะ	laeo phop kan na	那就之後見囉	初 4-7	พบ, 然後
但是ว่า	tae wa	但是	初 4-7	但是
不ได้	mai dai	沒有（放在動詞前表示未曾或不曾）	初 4-7	不
ดูแลต้นไม้	doolae ton mai	照顧植物（樹木）	初 4-7	ต้น
โปรดถามใจเธออีกที เพราะทั้งใจฉันมันยังมีแค่เธอ	prot tham jai ter eek thee phror thang jai chan man yang mee khae ter	請再問一次妳的心，因為我的整顆心還是只有妳	初 4-7	เพราะ
ทุกอย่างที่ผ่านมานั้นมันคือเรื่องจริง	thuk yang thee phan ma nan man khue rueang jing	過去的一切那都是真的	初 4-7	จริง
เรื่องจริง	rueang jing	真相（真事）	初 4-7	จริง
เล่นละคร	len lakhon	演電視劇	初 4-7	คร
บท	bot	角色	初 4-7	บท
เล่นบทแม่	len bot mae	演媽媽的角色	初 4-7	บท
ไปแคสติ้ง	pai casting	去試鏡	初 4-7	ส
ฟอลโล่	fol lo	追蹤（外來語）	初 4-7	ล
ตอนนี้คุณฟอลโล่ใครนะ	torn nee khun fol lo khrai na	現在你追蹤誰？	初 4-7	ล
พรุ่งนี้จะไปไหนคะ	phrung ni cha pai nai kha	明天要去哪裡呢？（問朋友）	初 4-8	น
เขารู้ความจริงหรือยัง	khao ru khwam ching rue yang	他知道真相了沒？	初 4-8	จริง
เธอทิ้งขยะเสร็จหรือยัง	thoe thing khaya set rue yang	你丟垃圾了沒？	初 4-8	ขยะ
ส่งของขวัญให้เขายังไง	song khong khwan hai khao yang ngai	我怎麼送禮物給他呢？	初 4-8	ส่ง
กำลังทำงานอยู่ที่บริษัท	kamlang tham ngan yu thi borisat	正在公司上班	初 4-8	บริ
ช่วงนี้ธุรกิจไม่ค่อยดี	chuang ni thurakit mai khoi di	最近生意不太好	初 4-8	ช่วง
ช่วงตรุษจีน ต้องทำความสะอาดครั้งใหญ่	chuang trut chin tong tam khwam sa at khrang yai	春節期間要大掃除	初 4-8	ช่วง
คุณทำพาสปอร์ตหายที่ไหน	khun tam phat sapot hai ti nai	你在哪裡弄丟護照的？	初 4-8	สปอร์ต
ทำสกปรก	tam sok ka prok	弄髒	初 4-8	ปรก, สก
ห้องเธอสกปรกมาก	hong thoe sok ka prok mak	你的房間很髒	初 4-8	ปรก, สก
ทำไมสกปรกอย่างนี้	tammai sok ka prok yang ni	為什麼這麼髒？	初 4-8	ปรก, สก
น้องส่งผิดโต๊ะแล้วค่ะ	nong song phit to laeo kha	妹子妳送錯桌了	初 4-8	ส่ง
ชาตินี้รักแต่คุณคนเดียว	chat ni rak tae khun khon diao	這輩子只愛你一個人	初 4-8	ชาติ
เพราะ	phro	好聽 / 因為	初 4-8	เพราะ
เพลงเพราะ	phleng phro	歌好聽	初 4-8	เพราะ
ดนตรีเพราะ	dontri phro	音樂好聽	初 4-8	ดน, เพราะ
เสียงเพราะ	siang phro	聲音好聽	初 4-8	เพราะ
เพลงนี้ยิ่งฟังยิ่งเพราะ	phleng ni ying fang ying phro	這首歌越聽越好聽	初 4-8	เพราะ
นอกจากใส่หน้ากากอนามัยแล้ว ยังต้องล้างมือบ่อยๆ	nok chak sai na kak a na mai laeo yang tong lang meu boi boi	除了戴醫用口罩，還要常洗手	初 4-8	อนา
หลังใส่กะทิก็ใส่ต้นหอม	lang sai ka thi ko sai ton hom	加完椰奶後再加蔥	初 4-8	ต้น
ถอดหมวก	thot muak	脫帽子	初 4-8	หมวก
ช่วยปิดพัดลมหน่อยค่ะ	chuai pit phat lom noi kha	幫我關一下電風扇	初 4-8	ลม
ช่วงนี้ตื่นสายทุกวัน	chuang ni teun sai tuk wan	最近每天都睡過頭	初 4-8	ช่วง
วันหยุดยาวจะไปพักผ่อนที่ไหนดี	wan yut yao cha pai phak phon ti nai di	連假要去哪裡度假比較好？	初 4-8	วจะ
เรียกฟู้ดแพนด้ามาส่ง	riak fut phaen da ma song	叫 Foodpanda 來送餐	初 4-8	ส่ง
ดารากำลังถ่ายละครอยู่	dara kamlang tai la khon yu	明星正在拍戲	初 4-8	คร
รีบไปทิ้งขยะ	rip pai ting kha ya	趕快去丟垃圾	初 4-8	ขยะ
ฉันมีข่าวดีจะบอกเธอ	chan mi khao di cha bok thoe	我有好消息要告訴你	初 4-8	วดี
มีข่าวดีจะบอก	mi khao di cha bok	有好消息要說	初 4-8	วดี
เดี๋ยวพวกเราสั่งฟู้ดแพนด้ามากินกัน	diao phuak rao sang fut phaen da ma kin kan	等一下我們叫Foodpanda來一起吃吧	初 4-8	พวก
ฉันเห็นกับตา เมื่อกี้มีเสือมาจริงๆ	chan hen kap ta meua ki mi seua ma ching ching	我親眼看到剛才有老虎來	初 5-1	จริง, ๆ
ลืมหมดแล้ว	leu-m mot laeo	全部忘光了	初 5-1	หมด
น้ำมันหมด	nam man mot	沒油了	初 5-1	หมด
เวลาหมดแล้ว	we-la mot laeo	沒時間了	初 5-1	หมด
พาลูกไปเที่ยวสวนสัตว์	pha luk pai thiao suan sat	帶小孩去動物園玩	初 5-1	สวน
ขยะเต็มถัง	kha ya tem tang	垃圾滿桶	初 5-1	ขยะ
ตลอดไป / ตลอดชีวิต	talot pai / talot chiwit	永遠 / 一輩子	初 5-1	ตลอด
ผมจะรักคุณคนเดียวตลอดไป	phom cha rak khun khon diao talot pai	我會永遠只愛你一個人	初 5-1	ตลอด
ขอถามหน่อย คุณว่างช่วงไหน	kho tam noi khun wang chuang nai	請問你哪段時間有空？	初 5-1	ช่วง
ส่วนใหญ่ฉันว่างช่วงบ่ายโมงถึงบ่ายสามโมง	suan yai chan wang chuang bai mong teung bai sam mong	大部分我下午一點到三點有空	初 5-1	ช่วง, ส่วน
ฉันว่างช่วงบ่าย	chan wang chuang bai	我下午有空	初 5-1	ช่วง
ช่วงนี้เขาไม่ยอมไปทำงาน	chuang ni khao mai yom pai tam ngan	最近他不肯去上班	初 5-1	ช่วง
ช่วงตรุษจีน หยุดเรียนสามอาทิตย์	chuang trut chin yut rian sam athit	春節期間我們放假三週	初 5-1	ช่วง
แฟนมีต	faen mit	粉絲 / 粉絲見面會	初 5-1	ต
แฟนมีตวันที่เท่าไหร่	faen mit wan thi thao rai	粉絲見面會是幾號？	初 5-1	ต
แฟนมีตที่ไต้หวันวันที่ 30	faen mit thi tai wan wan thi sam sip	台灣的粉絲見面會在30號	初 5-1	ต
แฟนมีตที่ไต้หวันสนุกมาก	faen mit thi tai wan sanuk mak	台灣的粉絲見面會很有趣	初 5-1	ต
ซีรีส์ช่องไหนสนุก / ละครช่องไหนสนุก	siri chong nai sanuk / la khon chong nai sanuk	哪一台的影集/連續劇好看？	初 5-1	คร
ตอนนี้ฝนตก / ตอนนี้ฝนกำลังตก	ton ni fon tok / ton ni fon kamlang tok	現在正在下雨	初 5-1	ฝน
ไม่ม่ฮ้วนเลย	mai uan loei	一點也不胖	初 5-1	ม่ฮ้วน
ฉันคิดว่าคุณไม่อ้วนเลย	chan kit wa khun mai uan loei	我覺得你一點也不胖	初 5-1	อ้วน
อ้วนไปหน่อย	uan pai noi	最近變胖了一點	初 5-1	อ้วน
นั่งรถไฟความเร็วสูงไปเกาสง	nang rot fai khwam reo sung pai kao song	坐高鐵去高雄	初 5-1	สง
คนจน	khon chon	窮人	初 5-1	จน
มหาเศรษฐี	maha set thi	大富翁	初 5-1	มหา
มหาวิทยาลัย	mahawittayalai	大學	初 5-1	มหา, วิทยา
มหากษัตริย์	mahakasat	國王	初 5-1	กษัต, มหา
มหาสมุทร	mahasamut	大海 / 洋	初 5-1	มหา, สมุทร
ทำธุรกิจส่วนตัว	tam tu-ra-kit suan tua	做個人生意 (私人的)	初 5-1	ส่วน
ของใช้ส่วนตัว	khong chai suan tua	私人物品	初 5-1	ส่วน
ขอหวย	kho huai	買彩券 / 賭博	初 5-1	หวย
เมื่อก่อนรวย เดี๋ยวนี้จน	meua kon ruai diao ni chon	以前有錢，現在窮	初 5-1	จน
หล่อแต่จน	lo tae chon	帥但是窮	初 5-1	จน
พวกเรายังไม่แก่	phuak rao yang mai kae	我們還沒老	初 5-1	พวก
ไม่ยาวกกำลังกาย	mai ok kam-lang kai	不運動	初 5-1	วก
อ้วนขึ้น	uan kheun	變胖	初 5-1	อ้วน
คุณผอมลงหรืออ้วนขึ้น	khun phom long reu uan kheun	你變瘦了還是變胖了？	初 5-1	อ้วน
อ้วนขึ้นกี่กิโล	uan kheun ki kilo	胖了幾公斤？	初 5-1	อ้วน
อ้วนขึ้น 4 กิโล	uan kheun si kilo	胖了 4 公斤	初 5-1	อ้วน
อ้วนขึ้น 2 กิโล	uan kheun song kilo	老師胖了 2 公斤	初 5-1	อ้วน
ฉันคิดว่าเขาเป็นมหาเศรษฐี	Chan Khit Wa Khao Pen Maha Setthi	我認為他是大富翁	初 5-2	มหา
มหาเศรษฐี	Maha Setthi	大富翁	初 5-2	มหา
ฉันกินไม่หมด	Chan Kin Mai Mot	我吃不完	初 5-2	หมด
ลืมหมดแล้ว	Luem Mot Laeo	忘光了	初 5-2	หมด
ผมกินไม่หมด	Phom Kin Mai Mot	我吃不完（男）	初 5-2	หมด
ลูกคนรวย พ่อเป็นมหาเศรษฐี	Luk Khon Ruay Pho Pen Maha Setthi	有錢人的小孩，爸爸是大富翁	初 5-2	มหา
ทำไมเขาจน	Thammai Khao Chon	為什麼他很窮呢	初 5-2	จน
อย่าดูถูกคนจน	Ya Du Thuk Khon Chon	別看不起窮人	初 5-2	จน
พวกเราเห็นใจคนจน	Phuak Rao Hen Chai Khon Chon	我們同情窮人	初 5-2	จน, พวก
หวย	Huay	樂透 / 彩券	初 5-2	หวย
ถูกหวย	Thuk Huay	中獎	初 5-2	หวย
ผลไม้แก่	Phonlamai Kae	老的（熟透的）水果	初 5-2	ผล
มะม่วงแก่	Mamuang Kae	老的（熟透的）芒果	初 5-2	ม่วง
ส่วนใหญ่ผู้ชายเสียงต่ำ	Suan Yai Phu Chai Siang Tam	大部分男人聲音很低	初 5-2	ส่วน
เขาได้ทั้งหมดกี่คะแนน	Khao Dai Thang Mot Ki Khanaen	他全部得到幾票（幾分）	初 5-2	หมด
ช่วงนี้คุณผอมไปหน่อยนะ	Chuang Ni Khun Phom Pai Noi Na	最近你瘦了一點喔	初 5-2	ช่วง
ทำธุรกิจส่วนตัว	Tham Thurakit Suan Tua	做私人生意	初 5-2	ส่วน
ส่วนตัว	Suan Tua	私人 / 個人	初 5-2	ส่วน
เวลาส่วนตัว	Wela Suan Tua	私人時間	初 5-2	ส่วน
เรื่องส่วนตัว	Rueang Suan Tua	私人的事情	初 5-2	ส่วน
ของใช้ส่วนตัว	Khong Chai Suan Tua	私人用品	初 5-2	ส่วน
เครื่องบินส่วนตัว	Khrueang Bin Suan Tua	私人飛機	初 5-2	ส่วน
ทั้งหมดมีกี่วิธี	Thang Mot Mi Ki Withi	全部有幾個方法	初 5-2	หมด
ง่วง	Nguang	困了	初 5-2	ง่วง
ง่วงเหมือนกัน	Nguang Muean Kan	一樣困	初 5-2	ง่วง
งง	Ngong	迷惑 / 糊塗 / 混淆	初 5-2	งง
ก็งงเหมือนกัน	Ko Ngong Muean Kan	一樣糊塗	初 5-2	งง
งงมาก	Ngong Mak	很糊塗	初 5-2	งง
ยิ่งฟังยิ่งงง	Ying Fang Ying Ngong	越聽越糊塗	初 5-2	งง
สกปรก	Sokkaprok	髒	初 5-2	ปรก, สก
สอนภาษาอังกฤษ	Son Phasa Angkrit	教英文	初 5-2	กฤษ
เบื่อกงาน	Buea Ngan	厭煩工作	初 5-2	ก
ช่วงนี้เบื่องานไหม	Chuang Ni Buea Ngan Mai	最近厭煩工作嗎	初 5-2	ช่วง
เขาซวยจริงๆ	Khao Suay Ching Ching	他真的很倒霉	初 5-2	จริง, ๆ
ขยันทำงาน	Khayan Tham Ngan	勤勞工作	初 5-2	ขยัน
ขยันเรียน	Khayan Rian	勤勞學習	初 5-2	ขยัน
ขยันเรียนไหม	Khayan Rian Mai	有勤勞學習嗎	初 5-2	ขยัน
ขยันหาเงิน	Khayan Ha Ngoen	勤勞賺錢	初 5-2	ขยัน
ขยันหาเงินไหม	Khayan Ha Ngoen Mai	有勤勞賺錢嗎	初 5-2	ขยัน
ขยันเก็บเงิน	Khayan Kep Ngoen	勤勞存錢	初 5-2	ขยัน
ขยันทำการบ้าน	Khayan Tham Kan Ban	勤勞做作業	初 5-2	ขยัน
ขยันทำการบ้านไหม	Khayan Tham Kan Ban Mai	有勤勞做作業嗎	初 5-2	ขยัน
ฉันขยันทำการบ้าน	Chan Khayan Tham Kan Ban	我勤勞做作業	初 5-2	ขยัน
ขยันจัง	Khayan Chang	真勤勞	初 5-2	ขยัน
ขยันจริงๆ	Khayan Ching Ching	真的很勤勞	初 5-2	ขยัน, จริง, ๆ
ติดต่อสะดวก	Tittat Saduak	聯絡方便	初 5-2	ดวก
เข้าออกสะดวก	Khao Ok Saduak	進出方便	初 5-2	ดวก
ถ้ามีรถไฟฟ้าไปไหนมาไหนสะดวก	Tha Mi Rot Fai Fa Pai Nai Ma Nai Saduak	如果有捷運去哪裡都方便	初 5-2	ดวก
ตอนนี้ไม่สะดวก	Ton Ni Mai Saduak	現在不方便	初 5-2	ดวก
กำลังเรียนภาษาไทยไม่สะดวกคุย	Kamlang Rian Phasa Thai Mai Saduak Khui	正在學泰文不方便講話	初 5-2	ดวก
ธรรมดา	Thammada	普通 / 平常 / 通常	初 5-2	ธรรม
คนธรรมดา	Khon Thammada	普通人	初 5-2	ธรรม
ปกติ	Pokkati	正常 / 平常	初 5-2	ปก
วันธรรมดา	Wan Thammada	平日	初 5-2	ธรรม
ธรรมดา 30 พิเศษ 60	Thammada 30 Phiset 60	普通30（塊）特大60（塊）	初 5-2	ธรรม
เป็นเรื่องธรรมดา	Pen Rueang Thammada	是平常的事情	初 5-2	ธรรม
สว่าง	Sawang	亮	初 5-2	สว่าง
สว่างไม่พอ	Sawang Mai Pho	不夠亮	初 5-2	สว่าง
ฟ้าสว่างแล้ว	Fa Sawang Laeo	天亮了	初 5-2	สว่าง
ตาสว่าง	Ta Sawang	眼睛亮了 / 看清事實	初 5-2	สว่าง
อ้วนขึ้น	uan khuen	變胖了	初 5-3	อ้วน
อ้วน	uan	胖	初 5-3	อ้วน
ง่วง	nguang	想睡覺 / 困	初 5-3	ง่วง
ง่วงก็ไปนอน	nguang ko pai non	困就去睡覺	初 5-3	ง่วง
ง่วงแต่ไม่ยอมนอน	nguang tae mai yom non	困但不肯睡	初 5-3	ง่วง
ถ้าง่วงอย่าขับรถ	tha nguang ya khap rot	如果困別開車	初 5-3	ง่วง
ถ้าง่วงอย่าขับรถดีกว่า	tha nguang ya khap rot di kwa	如果困別開車比較好	初 5-3	ง่วง
งง	ngong	迷糊 / 搞混	初 5-3	งง
คุณยิ่งพูดฉันยิ่งงง	khun ying phut chan ying ngong	你越說我越糊塗	初 5-3	งง
เรื่องนี้ยิ่งฟังยิ่งงง	rueang ni ying fang ying ngong	這件事情越聽越糊塗	初 5-3	งง
เขาทำให้ผมงงจริงๆ	khao tham hai phom ngong ching ching	他真的讓我搞混（男）	初 5-3	งง, จริง, ๆ
เขาทำให้ฉันงงจริงๆ	khao tham hai chan ngong ching ching	他真的讓我搞混（女）	初 5-3	งง, จริง, ๆ
ดูละคร	du lakhorn	看劇	初 5-3	คร
ถ้าไม่ขยัน ก็จะไม่มีเงิน	tha mai khayan ko cha mai mi ngoen	如果不勤勞，就會沒有錢	初 5-3	ขยัน
ขยันทำงาน	khayan thamngan	勤勞工作	初 5-3	ขยัน
ถ้าอยากหุ่นดี ต้องขยันออกกำลังกาย	tha yak hun di tong khayan ok kamlang kai	如果想要好身材，就要勤勞運動	初 5-3	ขยัน
ขยันทำการบ้าน	khayan tham kanban	努力做作業	初 5-3	ขยัน
การบ้านภาษาอังกฤษ	kanban phasa angkrit	英文作業	初 5-3	กฤษ
ตอนนี้สะดวกคุยไหม	torn ni saduak khui mai	現在你方便講話嗎？	初 5-3	ดวก
ตอนนี้ผมไม่สะดวก	torn ni phom mai saduak	現在我不方便	初 5-3	ดวก
คุณสะดวกตอนไหน	khun saduak torn nai	你何時方便？	初 5-3	ดวก
ไปไหนมาไหนสะดวก	pai nai ma nai saduak	去哪裡都方便	初 5-3	ดวก
ติดต่อสะดวก	tiktio saduak	聯絡方便	初 5-3	ดวก
เดี๋ยวนี้ติดต่อกันสะดวก	diao ni tiktio kan saduak	現在聯絡很方便	初 5-3	ดวก
ธรรมดา	thammada	普通 / 平常	初 5-3	ธรรม
คนธรรมดา	khon thammada	普通人	初 5-3	ธรรม
เรื่องธรรมดา	rueang thammada	平常的事	初 5-3	ธรรม
ผมเป็นแค่คนธรรมดา ไม่ใช่มหาเศรษฐี	phom pen khae khon thammada mai chai maha setthi	我只是個普通人，不是大富翁	初 5-3	ธรรม, มหา
วันธรรมดา	wan thammada	平日	初 5-3	ธรรม
เที่ยววันธรรมดา ทั้งถูก ทั้งคนน้อย	thiao wan thammada thang thuk thang khon noi	平日去玩，既便宜人又少	初 5-3	ธรรม
ปัญหาก็คือ ไม่มีเวลา วันธรรมดาต้องทำงาน	panha ko khue mai mi wela wan thammada tong thamngan	問題是平日要工作沒時間	初 5-3	ธรรม
สว่าง	sawang	亮	初 5-3	สว่าง
ฟ้าสว่างแล้ว ตื่นได้แล้ว	fa sawang laeo tuen dai laeo	天亮了，可以起床了	初 5-3	สว่าง
มือถือสว่างเกินไป	mue thue sawang koen pai	手機太亮了	初 5-3	สว่าง
มือถือสว่างไป	mue thue sawang pai	手機太亮了（省略語）	初 5-3	สว่าง
เธอตาสว่างหรือยัง	thoe ta sawang rue yang	妳看清事實（大開眼界）了嗎？	初 5-3	สว่าง
รู้สึกง่วงนอน	ru suek nguang non	感覺想睡覺	初 5-3	ง่วง
รู้สึกง่วง	ru suek nguang	感覺睏	初 5-3	ง่วง
รู้สึกงง	ru suek ngong	感到很糊塗	初 5-3	งง
แปลกจริงๆ	plaek jing jing	真的奇怪	初 5-3	จริง, ๆ
ขม	khom	苦	初 5-3	ขม
มะระขมแต่มีประโยชน์	ma ra khom tae mee pra yote	苦瓜很苦但是很有好處	初 5-3	ขม
メียดุ	mia du	老婆很兇	初 5-3	ีย, メ
ช่วงนี้อากาศแย่	chuang nee a kat yae	最近天氣很糟	初 5-3	ช่วง
นิสัยแย่จริงๆ	ni sai yae jing jing	個性真的變很糟	初 5-3	จริง, ๆ
รสชาติเป็นยังไงบ้าง	rot chaat pen yang ngai bang	口味如何呢	初 5-3	ชาติ, รส
รสชาติดี	rot chaat dee	口味很好	初 5-3	ชาติ, รส
รสชาติอร่อย	rot chaat a roy	味道很好吃	初 5-3	ชาติ, รส
ไม่มีรสชาติ	mai mee rot chaat	沒有味道	初 5-3	ชาติ, รส
รสชาติแย่มาก	rot chaat yae mak	味道很糟糕	初 5-3	ชาติ, รส
คุณชอบมาม่ารสอะไร	khun chop ma ma rot a rai	你喜歡什麼口味的泡麵	初 5-3	รส
มาม่ารสต้มยำ	ma ma rot tom yum	酸辣蝦湯口味泡麵	初 5-3	รส
มาม่ารสแกงเขียวหวาน	ma ma rot kaeng khiao wan	綠咖哩口味泡麵	初 5-3	รส
ช่วงนี้อากาศแย่	chuang nee a kat yae	最近天氣很糟	初 5-3	ช่วง
นิสัยแย่จริงๆ	ni sai yae jing jing	個性真的變很糟	初 5-3	จริง, ๆ
รสชาติเป็นยังไงบ้าง	rot chaat pen yang ngai bang	口味如何呢	初 5-3	ชาติ, รส
รสชาติดี	rot chaat dee	口味很好	初 5-3	ชาติ, รส
รสชาติอร่อย	rot chaat a roy	味道很好吃	初 5-3	ชาติ, รส
ไม่มีรสชาติ	mai mee rot chaat	沒有味道	初 5-3	ชาติ, รส
รสชาติแย่มาก	rot chaat yae mak	味道很糟糕	初 5-3	ชาติ, รส
คุณชอบมาม่ารสอะไร	khun chop ma ma rot a rai	你喜歡什麼口味的泡麵	初 5-3	รส
มาม่ารสต้มยำ	ma ma rot tom yum	酸辣蝦湯口味泡麵	初 5-3	รส
มาม่ารสแกงเขียวหวาน	ma ma rot kaeng khiao wan	綠咖哩口味泡麵	初 5-3	รส
รู้สึกง่วงนอน	ru suek nguang non	感覺想睡覺	初 5-3	ง่วง
รู้สึกง่วง	ru suek nguang	感覺睏	初 5-3	ง่วง
รู้สึกงง	ru suek ngong	感到很糊塗	初 5-3	งง
แปลกจริงๆ	plaek jing jing	真的奇怪	初 5-3	จริง, ๆ
三ทุ่มครึ่ง	sam thum khrueng	九點半	初 5-3	三
二ทุ่มครึ่ง	song thum khrueng	八點半	初 5-3	二
ขม	khom	苦	初 5-3	ขม
มะระขมแต่มีประโยชน์	ma ra khom tae mee pra yote	苦瓜很苦但是很有好處	初 5-3	ขม
โ動พ่อดุ	don phor du	被爸爸罵	初 5-3	โ, 動
ช่วงนี้อากาศแย่	chuang nee a kat yae	最近天氣很糟	初 5-3	ช่วง
นิสัยแย่จริงๆ	ni sai yae jing jing	個性真的變很糟	初 5-3	จริง, ๆ
รสชาติเป็นยังไงบ้าง	rot chaat pen yang ngai bang	口味如何呢	初 5-3	ชาติ, รส
รสชาติดี	rot chaat dee	口味很好	初 5-3	ชาติ, รส
รสชาติอร่อย	rot chaat a roy	味道很好吃	初 5-3	ชาติ, รส
ไม่มีรสชาติ	mai mee rot chaat	沒有味道	初 5-3	ชาติ, รส
รสชาติแย่มาก	rot chaat yae mak	味道很糟糕	初 5-3	ชาติ, รส
คุณชอบมาม่ารสอะไร	khun chop ma ma rot a rai	你喜歡什麼口味的泡麵	初 5-3	รส
มาม่ารสต้มยำ	ma ma rot tom yum	酸辣蝦湯口味泡麵	初 5-3	รส
มาม่ารสแกงเขียวหวาน	ma ma rot kaeng khiao wan	綠咖哩口味泡麵	初 5-3	รส
ช่วงนี้งานยุ่ง	chuang nee ngan yung	這陣子工作忙	初 5-3	ช่วง
ช่วงนี้ยุ่งไหม	chuang nee yung mai	這陣子忙嗎	初 5-3	ช่วง
ซื้อหวยพรุ่งนี้รวยแน่นอน	sue huai phrung nee ruai nae non	買彩券明天一定發財	初 5-3	หวย
บ้าหวย	ba huai	瘋樂透	初 5-3	หวย
รสชาติแปลกๆ	rot chat bplaek bplaek	味道怪怪的	初 5-4	ชาติ, รส
ช่วงนี้มีเรื่องแปลกๆ	chuang nee mee rueang bplaek bplaek	最近有奇怪的事情發生	初 5-4	ช่วง
ภรรยาเป็นโรคมะเร็ง	panyaya bpen rok ma reng	妻子得了癌症	初 5-4	ภรร
ขม	kom	苦	初 5-4	ขม
ของอะไรมีรสขม	kong arai mee rot kom	什麼東西有苦味？	初 5-4	ขม, รส
มะระมีรสขม	ma ra mee rot kom	苦瓜有苦味	初 5-4	ขม, รส
กาแฟมีรสขม	ga fae mee rot kom	咖啡有苦味	初 5-4	ขม, รส
ยาก็มีรสขม	ya gor mee rot kom	藥也有苦味	初 5-4	ขม, รส
เหม็นจริงๆ	men jing jing	真的臭	初 5-4	จริง, ๆ
ทุเรียนเหม็นจริงๆ	tu rian men jing jing	榴槤真的臭	初 5-4	จริง, ๆ
รสชาติเป็นยังไง	rot chat bpen yang ngai	味道怎麼樣	初 5-4	ชาติ, รส
รสชาติเฉยๆ	rot chat choey choey	味道普通（馬馬虎虎）	初 5-4	ชาติ, รส
รสชาติแย่มาก	rot chat yae maak	味道很糟	初 5-4	ชาติ, รส
รสช็อกโกแลต	rot chok go laet	巧克力口味	初 5-4	รส
ไอติมรสช็อกโกแลต	ai dtim rot chok go laet	巧克力口味冰淇淋	初 5-4	รส
ไอติมรสสตรอว์เบอร์รี	ai dtim rot sa dtor ber ree	草莓口味冰淇淋	初 5-4	รส, สต
มาม่ารสต้มยำกุ้ง	ma ma rot dtom yam goong	泰式酸辣蝦口味泡麵	初 5-4	รส
คนส่วนใหญ่กลัวอะไรที่สุด	kon suan yai glua arai tee soot	大多數人最怕什麼？	初 5-4	ส่วน
คนส่วนใหญ่กลัวอะไรมากที่สุด	kon suan yai glua arai maak tee soot	大多數人最怕什麼？（加強）	初 5-4	ส่วน
คนส่วนใหญ่กลัวผี	kon suan yai glua pee	大多數人怕鬼	初 5-4	ส่วน
คนส่วนใหญ่กลัวอ้วน	kon suan yai glua uan	大多數人怕胖	初 5-4	ส่วน, อ้วน
คนส่วนใหญ่กลัวไม่มีเงิน	kon suan yai glua mai mee ngen	大多數人怕沒錢	初 5-4	ส่วน
ช่วงนี้รู้สึกแย่มาก	chuang nee roo seuk yae maak	最近心情感到很糟	初 5-4	ช่วง
ช่วงนี้เป็นยังไง	chuang ni pen yang ngai	這陣子怎麼樣？	初 5-4	ช่วง
พรุ่งนี้ฝนจะตก เป็นไปได้หรือเป็นไปไม่ได้	phrung ni fon cha tok pen pai dai rue pen pai mai dai	明天會下雨，有可能還是不可能？	初 5-4	ฝน
ช่วงนี้เครียดมาก	chuang ni khriat mak	最近壓力很大喔	初 5-4	ช่วง
做หน้าไม่เข้าใจ	tam na mai khao chai	擺出一副不懂的樣子	初 5-4	做
做หน้าไม่รู้	tam na mai ru	擺出一副不知道的樣子	初 5-4	做
ช่วงนี้เครียดไหม	chuang ni khriat mai	你最近有壓力嗎？	初 5-4	ช่วง
ช่วงนี้เครียดไหมคะ	chuang ni khriat mai kha	最近有壓力嗎？（禮貌句尾）	初 5-4	ช่วง
สมน้ำหน้า	som nam na	活該	初 5-4	สม
เป็นลม	bpen lom	昏倒	初 5-4	ลม
เขาเป็นลม	kao bpen lom	他昏倒了	初 5-4	ลม
เคยเป็นลมไหม	koey bpen lom mai	你曾經昏倒過嗎？	初 5-4	ลม
ช่วงนี้มีคนเป็นหวัดเยอะ	chuang nee mee kon bpen wat yuh	最近有很多人感冒	初 5-4	ช่วง
เป็นห่วง	bpen huang	擔心	初 5-4	ห่วง
ฉันเป็นห่วงคุณนะ	chan bpen huang kun na	我很擔心你	初 5-4	ห่วง
ไม่ต้องเป็นห่วง	mai dtong bpen huang	不用擔心	初 5-4	ห่วง
เป็นคู่กันตั้งแต่ชาติที่แล้ว	bpen koo gan dtang dtae chat tee laew	前世就是一對夫妻	初 5-4	ชาติ
พวกเราเป็นกันเอง	puak rao bpen gan eng	我們很親切	初 5-4	พวก
บริษัทน่าเชื่อ	Bo ri sat na chuea	公司很可信	初 5-4	บริ
เรื่องนี้โอ้น่าอายจริงๆ	Rueang ni o na ai jing jing	這件事真的很丟臉	初 5-4	จริง, ๆ
น่าสนใจ	Na son chai	有趣/令人感興趣	初 5-4	สน
ฉันสนใจภาษาไทย	Chan son chai pha sa Thai	我對泰文感興趣	初 5-4	สน
ภาษาไทยน่าสนใจ	Pha sa Thai na son chai	泰文很有趣	初 5-4	สน
น่าเป็นห่วง	Na pen huang	令人擔心	初 5-4	ห่วง
อาการน่าเป็นห่วง	A kan na pen huang	症狀令人擔心	初 5-4	ห่วง
ฉลามน่ากลัว	Cha lam na klua	鯊魚很可怕	初 5-4	ฉลาม
น่าสงสาร	Na song san	可憐/令人同情	初 5-4	สง
สงสารฉันหน่อย	Song san chan noi	同情我一下	初 5-4	สง
แมวน่าสงสาร	Maew na song san	貓咪很可憐	初 5-4	สง
บ่น	bon	抱怨	初 5-4	บ่น
ขี้บ่น	khii bon	愛抱怨	初 5-4	บ่น
สงสัย	songsai	懷疑/好奇	初 5-4	สง
ขี้สงสัย	khii songsai	多疑	初 5-4	สง
พรุ่งนี้ฝนจะตกเป็นไปไม่ได้	Phrungni fon cha tok pen pai mai dai	明天下雨是不可能的	初 5-5	ฝน
เป็นลม	pen lom	昏倒	初 5-5	ลม
เพราะว่าร้อน ก็เลยเป็นลม	phrao wa ron ko loei pen lom	因為很熱，所以就昏倒了	初 5-5	ลม, เพราะ
ช่วยด้วย เพื่อนผมเป็นลม	chuai duai phuean phom pen lom	救命啊，我朋友昏倒了	初 5-5	ลม
ช่วยด้วยค่ะ เพื่อนผมเป็นลม	chuai duai kha phuean phom pen lom	救命啊，我朋友昏倒了 (女)	初 5-5	ลม
ฟังเธอบ่นทุกวัน ผมใกล้จะเป็นบ้าแล้ว	fang thoe bon thuk wan phom klai cha pen ba laeo	聽你抱怨每天，我快要發瘋了 (男)	初 5-5	บ่น
ฟังเธอบ่นทุกวัน ฉันใกล้จะเป็นบ้าแล้ว	fang thoe bon thuk wan chan klai cha pen ba laeo	聽你抱怨每天，我快要發瘋了 (女)	初 5-5	บ่น
เป็นห่วง	pen huang	擔心	初 5-5	ห่วง
ผมเป็นห่วงคุณนะ	phom pen huang khun na	我好擔心你喔	初 5-5	ห่วง
ไม่ต้องเป็นห่วงฉัน	mai tong pen huang chan	不用擔心我	初 5-5	ห่วง
ตั้งแต่ชาติที่แล้ว	tang tae chat thi laeo	從上輩子開始	初 5-5	ชาติ
พวกเขาเป็นคู่ตั้งแต่ชาติที่แล้ว	phuak khao pen khu tang tae chat thi laeo	他們從上輩子就是一對	初 5-5	ชาติ, พวก
พวกเขาเป็นคู่กันตั้งแต่ชาติที่แล้ว	phuak khao pen khu kan tang tae chat thi laeo	他們（彼此）從上輩子就是一對	初 5-5	ชาติ, พวก
พวกเราเป็นคนกันเองไม่ต้องเกรงใจ	phuak rao pen khon kan eng mai tong kreng chai	我們是自己人，不用客氣	初 5-5	พวก
รสชาติอร่อยเป็นพิเศษ	rotchat aroi pen phi set	味道特別好吃	初 5-5	ชาติ, รส
วันนี้ง่วงเป็นพิเศษ	วันนี้ง่วงเป็นพิเศษ	今天特別想睡覺	初 5-5	ง่วง
หึงตลอดเวลา	Hung talord wela	隨時都在吃醋	初 5-5	ตลอด
ขี้สงสัย	Kee Songsay	愛好奇/懷疑	初 5-5	สง
ผมสงสัยจังทำไมแท็กซี่เมืองไทยมีหลายสี	Phom songsay jang thammai taxi mueang Thai mee lai si	我很好奇為什麼泰國計程車有這麼多顏色	初 5-5	สง
คุณสงสัยไหมมันต่างกันยังไง	Khun songsay mai man tang kan yang ngai	你好奇嗎？它有什麼不同？	初 5-5	สง
ขี้เมาตกเครื่องสมน้ำหน้า	Kee mao tok khrueang som nam na	酒鬼趕不上飛機，活該	初 5-5	สม
做หน้าซีเรียสมาก	Tham na serious mak	臉看起來很認真	初 5-5	做
ช่วงนี้เครียดมากก็เลยนอนไม่หลับ	Chuang nee kried mak kor loei norn mai lub	最近壓力很大所以睡不著	初 5-5	ช่วง
มีอะไรสงสัยไหมคะ	Mee arai songsay mai ka	有什麼疑問嗎	初 5-5	สง
ช่วงนี้อากาศเป็นอย่างไร	chuang ni akat pen yang rai	最近天氣如何？	初 5-5	ช่วง
อุณหภูมิ	un ha phum	氣溫	初 5-5	ภูมิ, อุณห
องศา	ong sa	度	初 5-5	อง
วันนี้อุณหภูมิ กี่องศา	wan ni un ha phum ki ong sa	今天氣溫幾度？	初 5-5	ภูมิ, อง, อุณห
25 องศา	yi sip ha ong sa	25度	初 5-5	อง
90 องศา	kao sip ong sa	90度	初 5-5	อง
อบขนมปัง ใช้อุณหภูมิ กี่องศา	op kha nom pang chai un ha phum ki ong sa	烤麵包用幾度氣溫？	初 5-5	ภูมิ, อง, อุณห
ในเมืองไทย ปีหนึ่ง มี 3 ฤดู	nai mueang thai pi nueng mi sam rue du	在泰國一年有三個季節	初 5-5	ฤดู
ฤดู	rue du	季節	初 5-5	ฤดู
ฤดูร้อน	rue du ron	夏季	初 5-5	ฤดู
ฤดูฝน	rue du fon	雨季	初 5-5	ฝน, ฤดู
ฤดูหนาว	rue du nao	冬季	初 5-5	ฤดู
ฤดูร้อน อากาศที่ไทเป อบอ้าว	rue du ron akat thi thai pe op ao	夏季台北的天氣悶熱	初 5-5	ฤดู
ฤดูหนาว อากาศที่ไทเป หนาวชื้น	rue du nao akat thi thai pe nao chuen	冬季台北的天氣濕冷	初 5-5	ฤดู
ที่ไต้หวัน ไม่มี ฤดูฝน	thi tai wan mai mi rue du fon	在台灣沒有雨季	初 5-5	ฝน, ฤดู
ฝนตกทั้งปี	fon tok thang pi	全年下雨	初 5-5	ฝน
หน้าฝน	na fon	雨季（口語）	初 5-5	ฝน
ฤดูใบไม้ผลิ	rue du bai mai phli	春季	初 5-5	ฤดู
ฤดูใบไม้ร่วง	rue du bai mai ruang	秋季	初 5-5	ร่วง, ฤดู
ร่วง	ruang	掉落	初 5-5	ร่วง
ผมร่วง	phom ruang	掉頭髮	初 5-5	ร่วง
ฤดูทุเรียน	rue du thu rian	榴槤季	初 5-5	ฤดู
ช่วงนี้เป็นหน้าทุเรียน	chuang ni pen na thu rian	最近是榴槤季	初 5-5	ช่วง
หน้าสับปะรด	na sap pa rot	鳳梨季	初 5-5	รด
ช่วงนี้อากาศเป็นอย่างไร	chuang ni akat pen yang rai	最近天氣如何？	初 5-5	ช่วง
อุณหภูมิ	un ha phum	氣溫	初 5-5	ภูมิ, อุณห
องศา	ong sa	度	初 5-5	อง
วันนี้อุณหภูมิ กี่องศา	wan ni un ha phum ki ong sa	今天氣溫幾度？	初 5-5	ภูมิ, อง, อุณห
25 องศา	yi sip ha ong sa	25度	初 5-5	อง
90 องศา	kao sip ong sa	90度	初 5-5	อง
อบขนมปัง ใช้อุณหภูมิ กี่องศา	op kha nom pang chai un ha phum ki ong sa	烤麵包用幾度氣溫？	初 5-5	ภูมิ, อง, อุณห
ในเมืองไทย ปีหนึ่ง มี 3 ฤดู	nai mueang thai pi nueng mi sam rue du	在泰國一年有三個季節	初 5-5	ฤดู
ฤดู	rue du	季節	初 5-5	ฤดู
ฤดูร้อน	rue du ron	夏季	初 5-5	ฤดู
ฤดูฝน	rue du fon	雨季	初 5-5	ฝน, ฤดู
ฤดูหนาว	rue du nao	冬季	初 5-5	ฤดู
ฤดูร้อน อากาศที่ไทเป อบอ้าว	rue du ron akat thi thai pe op ao	夏季台北的天氣悶熱	初 5-5	ฤดู
ฤดูหนาว อากาศที่ไทเป หนาวชื้น	rue du nao akat thi thai pe nao chuen	冬季台北的天氣濕冷	初 5-5	ฤดู
ที่ไต้หวัน ไม่มี ฤดูฝน	thi tai wan mai mi rue du fon	在台灣沒有雨季	初 5-5	ฝน, ฤดู
ฝนตกทั้งปี	fon tok thang pi	全年下雨	初 5-5	ฝน
หน้าฝน	na fon	雨季（口語）	初 5-5	ฝน
ฤดูใบไม้ผลิ	rue du bai mai phli	春季	初 5-5	ฤดู
ฤดูใบไม้ร่วง	rue du bai mai ruang	秋季	初 5-5	ร่วง, ฤดู
ร่วง	ruang	掉落	初 5-5	ร่วง
ผมร่วง	phom ruang	掉頭髮	初 5-5	ร่วง
ฤดูทุเรียน	rue du thu rian	榴槤季	初 5-5	ฤดู
ช่วงนี้เป็นหน้าทุเรียน	chuang ni pen na thu rian	最近是榴槤季	初 5-5	ช่วง
หน้าสับปะรด	na sap pa rot	鳳梨季	初 5-5	รด
น้ำท่วมบ่อย	nam thuam boy	經常淹水	初 5-5	ท่วม
น้ำท่วมหนัก	nam thuam nak	淹大水	初 5-5	ท่วม
น้ำท่วม	nam thuam	淹水	初 5-5	ท่วม
ตากลม	tak lom	吹風	初 5-5	กลม
ตากฝน	tak fon	淋雨	初 5-5	ฝน
วันจันทร์	wan chan	星期一	初 5-5	จันทร์
พระจันทร์เต็มดวง	phra chan tem duang	滿月	初 5-5	จันทร์, ดวง
ดวง	duang	顆 (量詞)	初 5-5	ดวง
ดวงดาว	duang dao	星星	初 5-5	ดวง
ดวงขึ้น	duang khuen	走好運/運勢上升	初 5-5	ดวง
ดวงตก	duang tok	走霉運/運勢下降	初 5-5	ดวง
ดูดวง	du duang	算命 (看運勢)	初 5-5	ดวง
เสื้อกันฝน	suea kan fon	雨衣	初 5-5	ฝน
ร่มกันแดด	rom kan daet	陽傘	初 5-5	ร่ม
ร่มกันฝน	rom kan fon	雨傘	初 5-5	ฝน, ร่ม
ร่ม	rom	傘	初 5-5	ร่ม
หมวกกันน็อก	muak kan nok	安全帽	初 5-5	หมวก
หมวก	muak	帽子	初 5-5	หมวก
ใส่หมวก	sai muak	戴帽子	初 5-5	หมวก
ถอดหมวก	thot muak	脫帽子	初 5-5	หมวก
อุณหภูมิ	unaphum	溫度	初 5-6	ภูมิ, อุณห
พรุ่งนี้อุณหภูมิเท่าไหร่	phrung ni unaphum thao rai	明天溫度幾度	初 5-6	ภูมิ, อุณห
พรุ่งนี้อุณหภูมิจะสูงขึ้น	phrung ni unaphum cha sung khuen	明天溫度會升高	初 5-6	ภูมิ, อุณห
องศา	ongsa	度（溫度單位）	初 5-6	อง
ภาคเหนืออุณหภูมิกี่องศา	phak nuea unaphum ki ongsa	北部溫度幾度	初 5-6	ภูมิ, อง, อุณห
ภาคเหนืออุณหภูมิสามสิบสามองศา	phak nuea unaphum sam sip sam ongsa	北部溫度三十三度	初 5-6	ภูมิ, อง, อุณห
อบขนมปังใช้กี่องศา	op khanom pang chai ki ongsa	烤麵包要用幾度	初 5-6	อง
ใช้สองร้อยองศา	chai song roi ongsa	用兩百度	初 5-6	อง
ฤดู	ruedu	季節	初 5-6	ฤดู
ฤดูร้อน	ruedu ron	夏季	初 5-6	ฤดู
ฤดูร้อนบางจังหวัดร้อนมากๆ	ruedu ron bang changwat ron mak mak	夏天有些府非常熱	初 5-6	ฤดู
ฤดูร้อนอุณหภูมิสูงถึงสี่สิบองศา	ruedu ron unaphum sung thueng si sip ongsa	夏天溫度高達四十度	初 5-6	ภูมิ, ฤดู, อง, อุณห
ฤดูฝน	ruedu fon	雨季	初 5-6	ฝน, ฤดู
เดือนห้าถึงเดือนสิบเป็นฤดูฝน	duean ha thueng duean sip pen ruedu fon	五月到十月是雨季	初 5-6	ฝน, ฤดู
ฤดูหนาว	ruedu nao	冬季	初 5-6	ฤดู
ฤดูหนาวปีนี้	ruedu nao pi ni	今年的冬天	初 5-6	ฤดู
ฤดูหนาวปีนี้ที่ยุโรปหิมะตกหนัก	ruedu nao pi ni thi yurop hima tok nak	今年冬天在歐洲雪下得很大	初 5-6	ฤดู
ฤดูใบไม้ผลิ	ruedu bai mai phli	春季	初 5-6	ฤดู
ฤดูใบไม้ผลิอากาศเย็นสบาย	ruedu bai mai phli akat yen sabai	春天天氣涼爽	初 5-6	ฤดู
ฤดูใบไม้ร่วง	ruedu bai mai ruang	秋季	初 5-6	ร่วง, ฤดู
ฤดูใบไม้ร่วงหลายที่ใบไม้จะเปลี่ยนสี	ruedu bai mai ruang lai thi bai mai cha plian si	秋天很多地方的葉子會變色	初 5-6	ร่วง, ฤดู
หน้ามะม่วง	na mamuang	芒果季	初 5-6	ม่วง
หน้าผลไม้อะไร	na phonlamai arai	什麼水果季	初 5-6	ผล
พวกเราต้องช่วยกัน	phuak rao tong chuai kan	我們必須互相幫忙	初 5-6	พวก
ลดโลกร้อน	lot lok ron	減緩地球暖化	初 5-6	ลด
พวกเราต้องช่วยกันลดโลกร้อน	phuak rao tong chuai kan lot lok ron	我們必須互相幫忙減緩地球暖化	初 5-6	พวก, ลด
ละลายหมดแล้ว	lalai mot laeo	都融化了	初 5-6	หมด
พอฝนตกก็น้ำท่วม	pho fon tok ko nam thuam	一下雨就淹水	初 5-6	ท่วม, ฝน
ฤดูฝนปีนี้	ruedu fon pi ni	今年的雨季	初 5-6	ฝน, ฤดู
หลายประเทศน้ำท่วม	lai prathet nam thuam	很多國家淹水	初 5-6	ท่วม
คืนนี้พระจันทร์ดวงโต	khuen ni phra chan duang to	今晚月亮很大	初 5-6	จันทร์, ดวง
ดวงขึ้นทำอะไรก็ดี	duang khuen tham arai ko di	運氣好做什麼都順利	初 5-6	ดวง
ดวงตกทำอะไรก็แย่	duang tok tham arai ko yae	運氣差做什麼都倒楣	初 5-6	ดวง
ฝนตกแรง	fon tok raeng	雨下得很大	初 5-6	ฝน
ลมแรง	lom raeng	風很大	初 5-6	ลม
ฝนต้องตกแน่นอน	fon tong tok naenon	一定會下雨	初 5-6	ฝน
ต้องไปหน้าฝน	tong pai na fon	必須在雨季去	初 5-6	ฝน
ไม่ใส่หมวกกันน็อค	mai sai muak kan nok	沒戴安全帽	初 5-6	หมวก
ถ้าไม่ใส่หมวกกันน็อค	tha mai sai muak kan nok	如果沒戴安全帽	初 5-6	หมวก
แย่แล้วลืมเอาร่มมา	yae laeo luem ao rom ma	糟了忘記帶傘來	初 5-6	ร่ม
ถ้าไม่มีร่ม	tha mai mi rom	如果沒有傘	初 5-6	ร่ม
ต้องตากฝนกลับบ้าน	tong tak fon klap ban	就必須淋雨回家	初 5-6	ฝน
ลูกข้ามถนน	luk kham thanon	小孩過馬路	初 5-6	ถนน
จมูก	chamuk	鼻子	初 5-6	จมูก
รสชาติจัด	rot chat chat	味道重	初 5-6	ชาติ, รส
ขน	khon	毛	初 5-6	ขน
ขนไก่	khon kai	雞毛	初 5-6	ขน
ขนหมู	khon mu	豬毛	初 5-6	ขน
ขนตา	khon ta	睫毛	初 5-6	ขน
ติดขนตา	tit khon ta	貼睫毛	初 5-6	ขน
แต่งตัวทันสมัย	taeng tua than samai	穿著時髦	初 5-6	สมัย
สมัยนี้	samai ni	這個時代	初 5-6	สมัย
สมัยเด็ก	samai dek	小時候	初 5-6	สมัย
ช่วงนี้อากาศแย่	chuang ni akat yae	最近天氣很糟	初 5-7	ช่วง
เค้าหลอกฉันว่าเค้าเป็นมหาเศรษฐี	khao lok chan wa khao pen mahasetthi	他騙我說他是大富翁	初 5-7	มหา
บ้าตกใจหมดเลย	ba tok chai mot loei	瘋了嚇死我了	初 5-7	หมด
อุ๊ยตกใจหมดเลย	ui tok chai mot loei	哎呀嚇死我了	初 5-7	หมด
ทำให้พวกเราเหงื่อไหล	tham hai phuak rao nguea lai	讓我們流汗	初 5-7	พวก
ฤดูร้อน	ruedu ron	夏季	初 5-7	ฤดู
ได้มั้คะ	tai mai kha	可以嗎	初 5-7	มั้คะ
ตกแต่งใหม่ทั้งหมด	tok taeng mai thang mot	全部重新裝潢	初 5-7	หมด
ทำเค้กเป็นมย	tham khek pen mai	會做蛋糕嗎	初 5-7	มย
เธอไม่รู้จักเขาเชยจริงๆ	thoe mai ru chak khao choei ching ching	你不認識他真土	初 5-7	จริง, ๆ
สมัย	samai	時代	初 5-7	สมัย
ทันสมัย	than samai	時髦	初 5-7	สมัย
ไม่ทันสมัยจริงๆ	mai than samai ching ching	真不跟上時代	初 5-7	จริง, สมัย, ๆ
สมัยเด็ก	samai dek	小時候	初 5-7	สมัย
สมัยปู่ย่าตายาย	samai pu ya ta yai	阿公阿嬤的時代	初 5-7	สมัย
ถ้ากินไม่หมด	tha kin mai mot	如果吃不完	初 5-7	หมด
ช่วงฤดูหนาว	chuang ruedu nao	冬季期間	初 5-7	ช่วง, ฤดู
สงกรานต์	song kran	潑水節	初 5-7	สง
ไปอนุสาวรีย์	pai a nu sa wa ri	去紀念碑	初 5-7	อนุ
สถานีขนส่งหมอชิต	sa tha ni khon song mo chit	摩七客運站	初 5-7	ขน, ส่ง
สถานีขนส่งสายใต้	sa tha ni khon song sai tai	南部客運站	初 5-7	ขน, ส่ง
ไปขนส่งใหม่	pai khon song mai	去新客運站	初 5-7	ขน, ส่ง
พยายาม	pha ya yam	努力 / 嘗試	初 5-7	พยา
พิพิธภัณฑ์แห่งชาตินะคะ	phi phit tha phan haeng chat na kha	國家博物館喔	初 5-7	ชาติ
อด	ot	忍耐 / 挨餓	初 5-7	อด
ตลาดน้ำอัมพวา	ta lat nam am pha wa	安帕瓦水上市場	初 5-7	พ
พระปฐมเจดีย์	phra pa thom che di	佛統大塔	初 5-7	ปฐม
ภูมิพล	phu mi phon	蒲美蓬	初 5-7	พล, ภูมิ
ผมคิดว่าเรื่องนี้น่าสงสัย	Phom khit wa rueang ni na songsai	我認為這件事情很可疑	初 5-8	สง
รสชาติขมไปหน่อย	Rotchat khom pai noi	味道有點苦	初 5-8	ขม, ชาติ, รส
ละครเรื่องนี้น่าเบื่อไปหน่อย	Lakhon rueang ni na buea pai noi	這部劇有點無聊	初 5-8	คร
ถ้าไม่ขยันก็ไม่รวย	Tha mai khayan ko mai ruay	如果不勤奮就不會富有	初 5-8	ขยัน
อยากรวยต้องขยัน	Yak ruay tong khayan	想要富有就要勤奮	初 5-8	ขยัน
มหาเศรษฐี	Maha setthi	大富翁、億萬富翁	初 5-8	มหา
พวกเขาเป็นมหาเศรษฐี	Phuak khao pen maha setthi	他們是大富翁	初 5-8	พวก, มหา
เคยเล่นเกมมหาเศรษฐีไหม	Khoei len kem maha setthi mai	玩過大富翁遊戲嗎？	初 5-8	มหา
คนจนน่าสงสาร	Khon chon na songsan	窮人很可憐	初 5-8	จน, สง
เขาจนมากเป็นหนี้เยอะ	Khao chon mak pen ni yoe	他很窮且負債很多	初 5-8	จน
พวกเรามาเร็วเกินไป ร้านยังไม่เปิด	phuak rao ma rew koen pai ran yang mai poet	我們太早來了，店還沒開。	初 5-8	พวก
คะแนนต่ำ สมน้ำหน้า	kha naen tam som nam na	分數很低，活該	初 5-8	สม
พรุ่งนี้อุณหภูมิจะต่ำลง	phrung ni un ha phum cha tam long	明天氣溫會降低	初 5-8	ภูมิ, อุณห
อากาศเปลี่ยนบ่อย ทำให้พวกเราเป็นหวัดง่าย	a kat plian boi tham hai phuak rao pen wat ngai	天氣常變化，讓我們容易感冒	初 5-8	พวก
ช่วงนี้ผอมลงไหมคะ	chuang ni phom long mai kha	最近變瘦了嗎？	初 5-8	ช่วง
กินแต่ผักลวกกับไข่ต้มก็ไม่ผอมลง	kin tae phak luak kap khai tom ko mai phom long	只吃燙青菜跟水煮蛋也不會瘦	初 5-8	ลวก
ไม่ต้องลดความอ้วนแล้ว	mai tong lot khwam uan laeo	不用減肥了	初 5-8	ลด, อ้วน
ส่วนตัว	suan tua	個人 / 私人	初 5-8	ส่วน
เขามโนว่าบ้านเขามีเครื่องบินส่วนตัว	khao ma no wa ban khao mi khrueang bin suan tua	他吹牛說他家有私人飛機	初 5-8	มโน, ส่วน
เมียทั้งขี้บ่นทั้งขี้หึง	mia thang khi bon thang khi hueng	老婆又愛抱怨又愛吃醋	初 5-8	บ่น
ตอนนี้คุณง่วงไหม	ton ni khun nguang mai	現在你睏嗎	初 5-8	ง่วง
ถ้าง่วงอย่าขับรถเป็นอันขาด	tha nguang ya khap rot pen an khat	如果睏了絕對不要開車	初 5-8	ง่วง
ฟังแล้วรู้สึกงง	fang laeo rusuek ngong	聽了感到困惑	初 5-8	งง
เค้าหลอกฉันทำให้ฉันงง	khao lok chan tham hai chan ngong	他騙我讓我感到困惑	初 5-8	งง
กินแค่นี้ระวังเป็นลมนะ	kin khae ni rawang pen lom na	只吃這樣小心暈倒喔	初 5-8	ลม
ต้องขยันเรียนหนังสือ	Tong kha yan rian nang seu	要勤勞讀書	初 5-8	ขยัน
ต้องขยันทำงาน	Tong kha yan tham ngan	要勤快工作	初 5-8	ขยัน
ไทเปไปไหนมาไหนสะดวกมาก	Thai pe pai nai ma nai sa duak mak	台北去哪裡都非常方便	初 5-8	ดวก
วันนี้ไม่สะดวก วันหลังนะ	Wan ni mai sa duak wan lang na	今天不方便，改天哦	初 5-8	ดวก
ช่วงนี้เบื่อเมียมาก	Chuang ni buea mia mak	最近很煩老婆	初 5-8	ช่วง
ช่วงนี้เบื่อบ้านมาก	Chuang ni buea ban mak	最近很煩家裡	初 5-8	ช่วง
รสชาติเฉยๆ	Rot chat choei choei	味道普普通通	初 5-8	ชาติ, รส
คนธรรมดา	Khon tham ma da	普通人	初 5-8	ธรรม
วันธรรมดา	Wan tham ma da	平日	初 5-8	ธรรม
จะเอาข้าวมันไก่ธรรมดาหรือพิเศษคะ	Ja ao khao man kai tham ma da rue phi set kha	要一份海南雞飯普通的還是加大的	初 5-8	ธรรม
จิ้ม พัดลมอันตรายไหม	jim phat lom antrai mai	詹姆士，電風扇危險嗎？	初 5-8	ลม
สว่าง	sawang	亮	初 5-8	สว่าง
ห้องสว่าง	hong sawang	房間很亮	初 5-8	สว่าง
เมื่อไหร่คุณจะตาสว่าง เค้าหลอกคุณหลายครั้งแล้ว	muearai khun cha ta sawang khao lok khun lai khrang laeo	你什麼時候才會清醒？他騙你好幾次了。	初 5-8	สว่าง
สงสัย	songsai	懷疑	初 5-8	สง
รู้สึกสงสัย	rusuek songsai	感覺懷疑	初 5-8	สง
รู้สึกงง	rusuek ngong	感覺疑惑 / 迷惘	初 5-8	งง
สงสาร	songsan	可憐	初 5-8	สง
รู้สึกสงสาร	rusuek songsan	感覺可憐	初 5-8	สง
รสชาติแปลกๆ ทำไมขมอย่างนี้	rotchat plaek plaek thamai khom yang ni	味道怪怪的，為什麼這麼苦？	初 5-8	ขม, ชาติ, รส
กลิ่นผลไม้	klin phon la mai	果香	初 5-8	ผล
อาการน่าเป็นห่วง	akan na pen huang	症狀令人擔心	初 5-8	ห่วง
ถ้าฝนตกหนักน้ำท่วมแน่นอน	tha fon tok nak nam thuam naenon	如果下大雨一定淹水	初 5-8	ท่วม, ฝน
ลดความอ้วน	lot khwam uan	減肥	初 5-總複習	ลด, อ้วน
กินผักลวก	kin phak luak	吃燙青菜	初 5-總複習	ลวก
ซื้อหวย	suea huai	買彩券	初 5-總複習	หวย
ซื้อหวยบ่อยๆ	suea huai boi boi	常常買彩券	初 5-總複習	หวย
ธุรกิจส่วนตัว	thurakit suan tua	個人事業	初 5-總複習	ส่วน
รถส่วนตัว	rot suan tua	私人車	初 5-總複習	ส่วน
ห้องส่วนตัว	hong suan tua	私人房間	初 5-總複習	ส่วน
เก้าอี้ส่วนตัว	kaoi suan tua	專屬椅子	初 5-總複習	ส่วน
ทำธุรกิจส่วนตัว	tham thurakit suan tua	自己創業	初 5-總複習	ส่วน
เมื่อก่อนอ้วน	muea kon uan	以前胖	初 5-總複習	อ้วน
อ้วนเหมือนกัน	uan muean kan	一樣胖	初 5-總複習	อ้วน
เมื่อก่อนจน	muea kon chon	以前窮	初 5-總複習	จน
ก็จนเหมือนกัน	ko chon muean kan	也一樣窮	初 5-總複習	จน
อ้วนเร็ว	uan rew	胖得快	初 5-總複習	อ้วน
อ้วนง่าย	uan ngai	容易胖	初 5-總複習	อ้วน
อยากอ้วน	yak uan	想變胖	初 5-總複習	อ้วน
ทั้งอ้วนทั้งจน	thang uan thang chon	又胖又窮	初 5-總複習	จน, อ้วน
ฝนไม่ตก	fon mai tok	不下雨	初 5-總複習	ฝน
ฝนตก	fon tok	下雨	初 5-總複習	ฝน
ข้างนอกฝนไม่ตก	khang nok fon mai tok	外面不下雨	初 5-總複習	ฝน
ข้างนอกฝนตก	khang nok fon tok	外面下雨	初 5-總複習	ฝน
ไม่อ้วนเลย	mai uan loei	一點也不胖	初 5-總複習	อ้วน
ช่วงนี้งานหนัก	chuang ni ngan nak	最近工作繁重	初 5-總複習	ช่วง
ช่วงนี้งานหนักมั้ย	chuang ni ngan nak mai	最近工作繁重嗎	初 5-總複習	ช่วง
ขยันหาเงิน	khayan ha ngoen	勤勞賺錢	初 5-總複習	ขยัน
ขยันเก็บเงิน	khayan kep ngoen	勤勞存錢	初 5-總複習	ขยัน
ขยันทำการบ้าน	khayan tham kan ban	勤勞寫作業	初 5-總複習	ขยัน
ขยันฟังเพลงภาษาไทย	khayan fang phleng phasa thai	勤勞聽泰文歌	初 5-總複習	ขยัน
ขยันพูดภาษาไทยทุกวัน	khayan phut phasa thai thuk wan	每天勤勞說泰語	初 5-總複習	ขยัน
ขยันดูซีรีส์ไทย	khayan tu siri thai	勤勞看泰劇	初 5-總複習	ขยัน
ขยันดูซีรีส์ไทยทุกวัน	khayan tu siri thai thuk wan	每天勤勞看泰劇	初 5-總複習	ขยัน
ขยัน จัง	khayan chang	很勤勞	初 5-總複習	ขยัน
ชิว จัง	chiu chang	很悠閒	初 5-總複習	ว
สะดวก จัง	saduak chang	很方便	初 5-總複習	ดวก
สะดวก ติด ต่อ	saduak tit to	方便聯絡	初 5-總複習	ดวก
ติด ต่อ สะดวก	tit to saduak	聯絡方便	初 5-總複習	ดวก
เข้า ออก สะดวก	khao ok saduak	進出方便	初 5-總複習	ดวก
ไป ไหน มา ไหน สะดวก	pai nai ma nai saduak	去哪裡都方便	初 5-總複習	ดวก
ตอน นี้ ไม่ สะดวก	ton ni mai saduak	現在不方便	初 5-總複習	ดวก
ตรง นี้ ไม่ สะดวก	trong ni mai saduak	這裡不方便	初 5-總複習	ดวก
เฉย ๆ	choei choei	還好 / 沒感覺	初 5-總複習	ๆ
พวก เรา มี คน สำคัญ	phuak rao mi khon samkhan	我們有重要的人	初 5-總複習	พวก
ทุก คน สำคัญ หมด เลย	thuk khon samkhan mot loei	每個人都很重要	初 5-總複習	หมด
ส่วน ตัว	suan tua	私人	初 5-總複習	ส่วน
ขยัน เป็น พิเศษ	khayan pen phiset	特別勤勞	初 5-總複習	ขยัน
วัน นี้ ขยัน เป็น พิเศษ	wan ni khayan pen phiset	今天特別勤勞	初 5-總複習	ขยัน
ธรรมดา	thammada	普通	初 5-總複習	ธรรม
คน ธรรมดา	khon thammada	普通人	初 5-總複習	ธรรม
เมีย หลวง	mia luang	大老婆	初 5-總複習	หลวง
ราคา ธรรมดา	rakha thammada	普通價格	初 5-總複習	ธรรม
เอา พิเศษ หรือ ธรรมดา	ao phiset rue thammada	要特大份還是普通份	初 5-總複習	ธรรม
กิน ก๋วยเตี๋ยว	kin kuaitiao	吃麵	初 5-總複習	ก๋วย
เป็น เรื่อง ธรรมดา	pen rueang thammada	是平常的事	初 5-總複習	ธรรม
สว่าง	sawang	明亮	初 5-總複習	สว่าง
สว่าง มั้ย	sawang mai	亮嗎	初 5-總複習	สว่าง
สว่าง มาก	sawang mak	很亮	初 5-總複習	สว่าง
ง่วง	nguang	睏	初 5-總複習	ง่วง
ง่วง เหมือน กัน	nguang muean kan	也一樣想睡	初 5-總複習	ง่วง
งง	ngong	懵 / 疑惑	初 5-總複習	งง
งง เหมือน กัน	ngong muean kan	也一樣懵	初 5-總複習	งง
งง นิด หน่อย	ngong nit noi	有點懵	初 5-總複習	งง
จน จัง เลย อ่ะ	chon chang loei a	真的很窮啊	初 5-總複習	จน
รู้ สึก แปลก ๆ	ru suek plaek plaek	感覺怪怪的	初 5-總複習	ๆ
รู้ สึก เซ็ง ๆ	ru suek seng seng	覺得掃興	初 5-總複習	ๆ
เพื่อน ร่วม งาน	phuean ruam ngan	同事	初 5-總複習	ร่วม
รู้ สึก ไม่ อยาก คุย กับ เพื่อน ร่วม งาน	ru suek mai yak khui kap phuean ruam ngan	覺得不想跟同事說話	初 5-總複習	ร่วม
รู้ สึก ธรรมดา	ru suek thammada	覺得普通	初 5-總複習	ธรรม
รู้ สึก เฉย ๆ	ru suek choei choei	覺得還好	初 5-總複習	ๆ
สม น้ำ หน้า	som nam na	活該	初 5-總複習	สม
เป็น ลม	pen lom	暈倒	初 5-總複習	ลม
เป็น ห่วง	pen huang	擔心	初 5-總複習	ห่วง
นิสัย ของ พวก เรา	nisai khong phuak rao	我們的個性	初 5-總複習	พวก
ขี้ บ่น	khi bon	愛抱怨	初 5-總複習	บ่น
ขี้ สงสัย	khi songsai	愛懷疑（好奇）	初 5-總複習	สง
นิสัย ของ พวก เรา มี อะไร บ้าง	nisai khong phuak rao mi arai bang	我們的個性有哪些	初 5-總複習	พวก
น่า สน ใจ	na son chai	有趣（吸引人）	初 5-總複習	สน
น่า เป็น ห่วง	na pen huang	令人擔心	初 5-總複習	ห่วง
น่า สงสาร	na song san	可憐	初 5-總複習	สง
ช่วง นี้ อากาศ เป็น อย่าง ไร	chuang ni akat pen yang rai	最近天氣如何	初 5-總複習	ช่วง
ช่วง นี้ อากาศ เป็น ยัง ไง	chuang ni akat pen yang ngai	最近天氣怎麼樣	初 5-總複習	ช่วง
เดี๋ยว ฝน ตก	diao fon tok	一下子下雨	初 5-總複習	ฝน
เดี๋ยว ฝน ไม่ ตก	diao fon mai tok	一下子不下雨	初 5-總複習	ฝน
ฤดู	ruedu	季節	初 5-總複習	ฤดู
หน้า ฝน	na fon	雨季	初 5-總複習	ฝน
ฤดู ใบ ไม้ ผลิ	ruedu bai mai phli	春天	初 5-總複習	ฤดู
ฤดู ใบ ไม้ ร่วง	ruedu bai mai ruang	秋天	初 5-總複習	ร่วง, ฤดู
ฤดู ทุเรียน	ruedu thurian	榴槤季（ฤดู）	初 5-總複習	ฤดู
หน้า มะม่วง	na mamuang	芒果季	初 5-總複習	ม่วง
ฤดู มะม่วง	ruedu mamuang	芒果季（ฤดู）	初 5-總複習	ม่วง, ฤดู
มี ผลไม้ อะไร บ้าง ที่ ชอบ กิน	mi phonlamai arai bang thi chop kin	有哪些喜歡吃的水果	初 5-總複習	ผล
หน้า ผลไม้	na phonlamai	水果季	初 5-總複習	ผล
ช่วง อากาศ เปลี่ยน	chuang akat plian	天氣變化的時期	初 5-總複習	ช่วง
น้ำ ท่วม	nam thuam	淹水	初 5-總複習	ท่วม
เต็ม ดวง	tem duang	滿月（圓）	初 5-總複習	ดวง
ครึ่ง ดวง	khrueng duang	半月	初 5-總複習	ดวง
พระ จันทร์ ครึ่ง ดวง	phra chan khrueng duang	半個月亮	初 5-總複習	จันทร์, ดวง
พระ จันทร์ เต็ม ดวง	phra chan tem duang	滿月	初 5-總複習	จันทร์, ดวง
ดวง ดาว	duang dao	星星	初 5-總複習	ดวง
ดวง ขึ้น	duang khuen	走運	初 5-總複習	ดวง
ดวง ตก	duang tok	倒楣	初 5-總複習	ดวง
ลม	lom	風	初 5-總複習	ลม
ลม แรง	lom raeng	風大	初 5-總複習	ลม
ลม หนาว	lom nao	冷風	初 5-總複習	ลม
ลม ร้อน	lom ron	熱風	初 5-總複習	ลม
ฝน ตก	fon tok	下雨	初 5-總複習	ฝน
ฝน ตก หนัก	fon tok nak	下大雨	初 5-總複習	ฝน
ฝน ตก แรง	fon tok raeng	雨下得大	初 5-總複習	ฝน
ตาก ลม	tak lom	吹風	初 5-總複習	ลม
ตาก ฝน	tak fon	淋雨	初 5-總複習	ฝน
เสื้อ กัน ฝน	suea kan fon	雨衣	初 5-總複習	ฝน
หมวก กัน น็อค	muak kan nok	安全帽	初 5-總複習	หมวก
ตาย แน่ ๆ	tai nae nae	死定了	初 5-總複習	ๆ
ตก ใจ แน่ ๆ	tok chai nae nae	肯定會嚇到	初 5-總複習	ๆ
ปวด หัว	puat hua	頭痛	初 5-總複習	ปวด
ข้าง ๆ	khang khang	旁邊	初 5-總複習	ๆ
รู้สึก แปลก ๆ	ru suek plaek plaek	覺得怪怪的	初 5-總複習	ๆ
แปลก ๆ	plaek plaek	怪怪的	初 5-總複習	ๆ
รส อร่อย	rot aroi	好吃的味道	初 5-總複習	รส
รส เผ็ด	rot phet	辣味	初 5-總複習	รส
รส หวาน	rot wan	甜味	初 5-總複習	รส
รส เค็ม	rot khem	鹹味	初 5-總複習	รส
ทัน สมัย	than samai	時髦	初 5-總複習	สมัย
แต่ง ตัว ทัน สมัย	taeng tua than samai	穿著時髦	初 5-總複習	สมัย
ช่วงนี้เป็นยังไงบ้าง	chuang ni pen yang ngai bang	最近怎麼樣呢？	中 1-1	ช่วง
ไข้สูงกี่องศา	khai sung ki ong sa	高燒幾度？	中 1-1	อง
ผมเป็นห่วงคุณนะครับ	phom pen huang khun na khrap	我好擔心你喔（男用）	中 1-1	ห่วง
ฉันเป็นห่วงคุณนะคะ	chan pen huang khun na kha	我好擔心你喔（女用）	中 1-1	ห่วง
ไม่ต้องเป็นห่วงนะ ฉันสบายดี	mai tong pen huang na chan sabai di	不用擔心，我很好	中 1-1	ห่วง
ผมห่วงคุณนะ	phom huang khun na	我擔心你喔	中 1-1	ห่วง
ไม่ต้องห่วง	mai tong huang	不用擔心	中 1-1	ห่วง
เขาเป็นหนี้เยอะ น่าสงสาร	khao pen ni yoe na song san	他欠債很多，好可憐	中 1-1	สง
ภาษาไทยน่าสนใจ	pha sa thai na son chai	泰語很有趣	中 1-1	สน
ภาษาไทยน่าสนใจไหมคะ	pha sa thai na son chai mai kha	泰語有趣嗎？	中 1-1	สน
ภาษาอังกฤษก็น่าสนใจ	pha sa ang krit ko na son chai	英語也很有趣	中 1-1	กฤษ, สน
เรื่องนี้น่าสนใจ	rueang ni na son chai	這件事很有趣	中 1-1	สน
คนแก่บางคน ขี้บ่น	khon gae bang khon khi bon	一些老人愛抱怨	中 1-1	บ่น
บ่นไม่หยุด	bon mai yut	抱怨不停	中 1-1	บ่น
บ่นทั้งวัน	bon thang wan	整天抱怨	中 1-1	บ่น
สงสัย	song sai	懷疑、好奇	中 1-1	สง
ถ้ามีอะไรสงสัย ถามได้นะ	tha mi arai song sai tham dai na	如果你有什麼疑問可以問喔	中 1-1	สง
ฉันสงสัยว่าทำไมเขารวยอย่างนี้	chan song sai wa thammai khao ruai yang ni	我好奇為什麼他那麼富有	中 1-1	สง
ฤดู	rue du	季節	中 1-1	ฤดู
ฤดูใบไม้ผลิ	rue du bai mai phli	春天	中 1-1	ฤดู
ฤดูร้อน	rue du ron	夏天	中 1-1	ฤดู
ฤดูฝน	rue du fon	雨季	中 1-1	ฝน, ฤดู
ฤดูใบไม้ร่วง	rue du bai mai ruang	秋天	中 1-1	ร่วง, ฤดู
ผมร่วง	phom ruang	掉頭髮	中 1-1	ร่วง
ฤดูหนาว	rue du nao	冬天	中 1-1	ฤดู
คุณคิดว่าไปเที่ยวฤดูไหนดีนะ	khun khit wa pai thiao rue du nai di na	你覺得去旅遊哪個季節好呢	中 1-1	ฤดู
ช่วงฤดูร้อน อุณหภูมิกี่องศา	chuang rue du ron un haphum gi ong sa	夏季時，氣溫是幾度呢	中 1-1	ช่วง, ภูมิ, ฤดู, อง, อุณห
อุณหภูมิ 35 ถึง 40 องศา	un haphum sam sip ha thueng si sip ong sa	氣溫 35 到 40 度	中 1-1	ภูมิ, อง, อุณห
ลมแรง	lom raeng	風很大	中 1-1	ลม
ชินจูลมแรงไหม	shin chu lom raeng mai	新竹風大嗎	中 1-1	ลม
ตากฝน ระวังเป็นหวัด	tak fon ra wang pen wat	淋雨，小心感冒	中 1-1	ฝน
ช่วยกันลดโลกร้อน	Chuai kan lot lok ron	共同減少全球暖化	中 1-1	ลด
อุ๊ย ตกใจหมดเลย	Ui tok chai mot loei	哎呀，嚇死我了	中 1-1	หมด
ว้าย ตกใจหมดเลย	Wai tok chai mot loei	哇，嚇死我了	中 1-1	หมด
น้ำท่วม	Nam thuam	淹水	中 1-1	ท่วม
โรงงานน้ำท่วม	Rong ngan nam thuam	工廠淹水	中 1-1	ท่วม
โรงพยาบาล	Rong phayaban	醫院	中 1-1	พยา
รีบพาไปโรงพยาบาล	Rip pha pai rong phayaban	趕快帶（他）去醫院	中 1-1	พยา
รถพยาบาล	Rot phayaban	救護車	中 1-1	พยา
คุณพยาบาล	Khun phayaban	護理師小姐	中 1-1	พยา
คุณพยาบาลคะ หมอจะมาเมื่อไหร่	Khun phayaban kha mo cha ma muearai	護理師小姐，醫生什麼時候會來？	中 1-1	พยา
อนุบาล	Anuban	幼兒園	中 1-1	อนุ
โรงเรียนอนุบาล	Rongrian anuban	幼兒園學校	中 1-1	อนุ
อนุบาล 1	Anuban nueng	幼兒園小班	中 1-1	อนุ
อนุบาล 2	Anuban song	幼兒園中班	中 1-1	อนุ
อนุบาล 3	Anuban sam	幼兒園大班	中 1-1	อนุ
ประถม	Prathom	小學	中 1-1	ถม
ประถมศึกษา	Prathomsueksa	小學（正式用法）	中 1-1	ถม
ป.1	Po nueng	小一	中 1-1	ป
ประถม 1	Prathom nueng	小一（另一種說法）	中 1-1	ถม
ประถม 6	Prathom hok	小六	中 1-1	ถม
ป.6	Po hok	小六（口語）	中 1-1	ป
มัธยม	Matthayom	中學	中 1-1	ยม
มัธยมต้น	Matthayom ton	國中	中 1-1	ต้น, ยม
ม.ต้น	Mo ton	國中（口語簡稱）	中 1-1	ต้น, ม
มัธยมปลาย	Matthayom plai	高中	中 1-1	ยม
ม.4	Mo si	高一	中 1-1	ม
โรงเรียนเอกชน	Rongrian ekkachon	私立學校	中 1-1	ชน
โรงพยาบาลรัฐบาล	Rongphayaban ratthaban	公立醫院	中 1-1	พยา
โรงพยาบาลเอกชน	Rongphayaban ekkachon	私立醫院	中 1-1	ชน, พยา
โรงเรียนนานาชาติ	Rongrian nanachat	國際學校	中 1-1	ชาติ
สนามบินนานาชาติ	Sanam bin nanachat	國際機場	中 1-1	ชาติ, สนาม
อาหารนานาชาติ	Ahan nanachat	國際食物	中 1-1	ชาติ
ไปเรียนโรงเรียนนานาชาติที่เมืองไทย	Pai rian rongrian nanachat thi mueang thai	在泰國讀國際學校	中 1-1	ชาติ
สอบเข้าอนุบาล	Sop khao anuban	考進幼兒園	中 1-1	อนุ
สอบเข้าประถม	Sop khao prathom	考進小學	中 1-1	ถม
สอบเข้ามัธยมต้น	Sop khao matthayom ton	考進國中	中 1-1	ต้น, ยม
สอบเข้ามัธยมปลาย	Sop khao matthayom plai	考進高中	中 1-1	ยม
มหาวิทยาลัย	Mahawitthayalai	大學	中 1-1	มหา, วิทยา
มหาลัย	Mahalai	大學（口語）	中 1-1	มหา
จุฬาลงกรณ์มหาวิทยาลัย	Chulalongkon mahawitthayalai	朱拉隆功大學	中 1-1	กรณ์, มหา, วิทยา
มหาวิทยาลัยธรรมศาสตร์	Mahawitthayalai thammasat	法政大學	中 1-1	ธรรม, มหา, วิทยา, ศาสตร์
มหาวิทยาลัยเกษตรศาสตร์	Mahawitthayalai kasetsat	農業大學	中 1-1	มหา, วิทยา, ศาสตร์, เกษตร
มหาวิทยาลัยมหิดล	Mahawitthayalai mahidon	瑪希敦大學	中 1-1	ดล, มหา, มหิ, วิทยา
มหาวิทยาลัยเชียงใหม่	Mahawitthayalai chiang mai	清邁大學	中 1-1	มหา, วิทยา
มหาวิทยาลัยเอแบค	Mahawitthayalai e baek	易三倉大學	中 1-1	มหา, วิทยา
แล้วเรียนจบแล้วจะต่อโทไหม	Laeo rian chop laeo cha to tho mai	畢業後要繼續唸碩士嗎？	中 1-1	จบ, วจะ
ต้องเข้าโรงพยาบาลไหม	Tong khao rong phayaban mai	需要去醫院嗎？	中 1-1	พยา
อยู่ ป.1	Yu po nueng	讀小一	中 1-1	ป
อยู่ ม.2	Yu mo song	讀國二	中 1-1	ม
ประถม	pra thom	國小（口語）	中 1-2	ถม
ประถมศึกษา	pra thom suek sa	國小（正式）	中 1-2	ถม
ประถมเรียนโรงเรียนไหน	pra thom rian rong rian nai	國小讀哪間學校？	中 1-2	ถม
ม.ต้น	mo ton	國中（簡稱）	中 1-2	ต้น, ม
มัธยมต้น	mat tha yom ton	國中（全稱）	中 1-2	ต้น, ยม
ม.ต้นเรียนโรงเรียนไหน	mo ton rian rong rian nai	國中讀哪間學校？	中 1-2	ต้น, ม
อนุบาล	a nu ban	幼稚園	中 1-2	อนุ
ตอนอนุบาลนั่งรถโรงเรียนค่ะ	ton a nu ban nang rot rong rian kha	幼稚園的時候坐學校巴士	中 1-2	อนุ
ตอนอนุบาลนั่งรถโรงเรียนไปโรงเรียน	ton a nu ban nang rot rong rian pai rong rian	幼稚園的時候坐學校巴士去學校	中 1-2	อนุ
โรงพยาบาล	rong pha ya ban	醫院（正式）	中 1-2	พยา
แถวนี้มีโรงพยาบาลมั้ย	thaeo ni mi rong pha ya ban mai	這附近有醫院嗎？	中 1-2	พยา
นอนโรงพยาบาล	non rong pha ya ban	住院	中 1-2	พยา
ต้องนอนโรงพยาบาล	tong non rong pha ya ban	必須住院	中 1-2	พยา
ต้องอยู่โรงพยาบาล	tong yu rong pha ya ban	必須待在醫院	中 1-2	พยา
อาการหนักต้องนอนโรงพยาบาล	a kan nak tong non rong pha ya ban	症狀嚴重必須住院	中 1-2	พยา
อาการหนักต้องอยู่โรงพยาบาล	a kan nak tong yu rong pha ya ban	症狀嚴重必須待在醫院	中 1-2	พยา
รถพยาบาล	rot pha ya ban	救護車	中 1-2	พยา
ช่วยเรียกรถพยาบาลให้หน่อย	chuai riak rot pha ya ban hai noi	請幫我叫救護車	中 1-2	พยา
ต้องให้ทางรถพยาบาล	tong hai thang rot pha ya ban	必須讓路給救護車	中 1-2	พยา
รถพยาบาลถึงแล้ว	rot pha ya ban thueng laeo	救護車到了	中 1-2	พยา
คุณพยาบาล	khun pha ya ban	護士小姐/先生（尊稱）	中 1-2	พยา
ผมปวดหัว	phom puat hua	我頭痛（男性自稱）	中 1-2	ปวด
คุณพยาบาลคะ ฉันรู้สึกปวดหัว	khun pha ya ban kha chan ru suek puat hua	護士小姐，我覺得頭痛	中 1-2	ปวด, พยา
คุณพยาบาลครับ อาการเพื่อนผมเป็นยังไงบ้างครับ	khun pha ya ban khrap a kan phuean phom pen yang ngai bang khrap	護士小姐，我朋友的狀況怎麼樣？（男性問）	中 1-2	พยา
不ต้องเป็นห่วง	mai tong pen huang	不用擔心	中 1-2	ห่วง, 不
คลินิกหู คอ จมูก	khli nik hu kho cha muk	耳鼻喉科診所	中 1-2	จมูก
เคยไปคลินิกหู คอ จมูก มั้ย	khoei pai khli nik hu kho cha muk mai	有去過耳鼻喉科診所嗎？	中 1-2	จมูก
ส่วนใหญ่โรงหนังอยู่ในห้าง	suan yai rong nang yu nai hang	大部分電影院在百貨公司裡	中 1-2	ส่วน
ฉันพิมพ์ภาษาอังกฤษเร็วมาก	chan phim pha sa ang krit reo mak	我打英文很快	中 1-2	กฤษ
ปิดเทอมเดือนกรกฎาคม	pit thoem duean ka ra ka da khom	七月放假	中 1-2	กรก, คม
สิงหาคม	sing ha khom	八月	中 1-2	คม
โรงพยาบาลรัฐบาล	rong pha ya ban rat tha ban	公立醫院	中 1-2	พยา
โรงพยาบาลรัฐบาลคนไข้เยอะมาก	rong pha ya ban rat tha ban khon khai yeo mak	公立醫院病人非常多	中 1-2	พยา
คนส่วนใหญ่จะบ่นว่ารัฐบาลแย่	khon suan yai cha bon wa rat tha ban yae	大部分的人會抱怨政府很糟糕	中 1-2	บ่น, ส่วน
เอกชน	ek ka chon	私立	中 1-2	ชน
โรงเรียนเอกชนค่าเทอมแพงมาก	rong rian ek ka chon kha thoem phaeng mak	私立學校學費很貴	中 1-2	ชน
คนรวยจะไปโรงพยาบาลเอกชน	khon ruai cha pai rong pha ya ban ek ka chon	有錢人會去私立醫院	中 1-2	ชน, พยา
จะไปโรงพยาบาลเอกชนหรือโรงพยาบาลรัฐบาลคะ	cha pai rong pha ya ban ek ka chon rue rong pha ya ban rat tha ban kha	會去私立醫院還是公立醫院呢？	中 1-2	ชน, พยา
นานาชาติ	na na chat	國際	中 1-2	ชาติ
โรงเรียนนานาชาติ	rong rian na na chat	國際學校	中 1-2	ชาติ
อาหารนานาชาติ	a han na na chat	國際美食	中 1-2	ชาติ
มีอาหารนานาชาติเยอะมาก	mi a han na na chat yeo mak	有很多國際美食	中 1-2	ชาติ
สนามบินนานาชาติ	sa nam bin na na chat	國際機場	中 1-2	ชาติ, สนาม
ที่ไต้หวันสอบเข้ามหาวิทยาลัยยากมั้ย	thi tai wan sop khao ma ha wit tha ya lai yak mai	在台灣考進大學難嗎？	中 1-2	มหา, วิทยา
เค้าจบปริญญาโทจากเมืองนอก	khao chop pa rin ya tho chak mueang nok	他從國外碩士畢業	中 1-2	จบ
จบโทจากเมืองนอก	chop tho chak mueang nok	從國外碩士畢業（簡稱）	中 1-2	จบ
ผู้จัดการเรียนจบปริญญาเอก	phu chat kan rian chop pa rin ya ek	經理是博士畢業	中 1-2	จบ
เริ่มมีอาการปวด	roem mi a kan puat	開始有痛的症狀	中 1-2	ปวด
ภรรยาท้อง	phan ra ya thong	老婆懷孕	中 1-2	ภรร
พวกเราเลิกกันแล้ว	phuak rao loek kan laeo	我們已經分手了	中 1-2	พวก
พวกเขาเลิกกันแล้ว	phuak khao loek kan laeo	他們已經分手了	中 1-2	พวก
โรครกประจำตัว	rok pra cham tua	慢性病	中 1-2	ครก
ตรวจสุขภาพประจำปี	truat suk kha phap pra cham pi	年度健康檢查	中 1-2	ตรวจ
ตรวจ	truat	檢查	中 1-2	ตรวจ
ตรวจกระเป๋าเดินทาง	truat kra pao doen thang	檢查行李	中 1-2	ตรวจ
มาสายบ่อย ๆ	ma sai boi boi	經常遲到（常常）	中 1-2	ๆ
ฉันหวังว่าฉันจะหาเงินได้เยอะ ๆ	chan wang wa chan cha ha nguen dai yeo yeo	我希望我可以賺很多錢（女性自稱）	中 1-2	ๆ
นั่นก็แสดงว่า	nan ko sa daeng wa	那就表示說 / 那就意味著	中 1-2	แสดง
แสดง	sa daeng	表示 / 表達 / 表演	中 1-2	แสดง
นั่นก็แสดงว่าเขาไม่อยากคุยกับเรา	nan ko sa daeng wa khao mai yak khui kap rao	那就表示說他不想要跟我們聊天了	中 1-2	แสดง
อดทนไว้ก่อน	ot thon wai kon	先忍著	中 1-2	ทน, อด
อดทน	ot thon	忍耐	中 1-2	ทน, อด
เก็บไว้ดี ๆ	kep wai di di	好好收著	中 1-2	ๆ
อดทนไว้ก่อน	ot thon wai kon	先忍著（重複確認）	中 1-2	ทน, อด
โรงพยาบาล	rong pha ya ban	醫院	中 1-3	พยา
อยากไปนวด	yak pai nuat	想去按摩	中 1-3	นวด
เดินไม่ไหวแล้ว อยากไปนวดค่ะ	doen mai wai laeo yak pai nuat kha	走不了了，我想去按摩（女）	中 1-3	นวด
ค่าส่วนกลาง	kha suan klang	社區管理費	中 1-3	ส่วน
ส่วนใหญ่	suan yai	大部分	中 1-3	ส่วน
ส่วน	suan	部分	中 1-3	ส่วน
ค่าส่วนกลางเดือนละเท่าไหร่คะ	kha suan klang duean la thao rai kha	管理費一個月多少錢？（女）	中 1-3	ส่วน
อยากไปนวด คุณมีร้านนวดประจำไหม	yak pai nuat khun mi ran nuat pra cham mai	我想去按摩，你有常去的按摩店嗎？	中 1-3	นวด
นั่นก็แสดงว่า	nan ko sadaeng wa	那也表示說	中 1-3	แสดง
แสดงว่า	sadaeng wa	表示說 / 顯然	中 1-3	แสดง
แสดง	sadaeng	表演 / 表示	中 1-3	แสดง
นักแสดง	nak sadaeng	演員	中 1-3	แสดง
ไปดูการแสดง	pai du kan sadaeng	去看表演	中 1-3	แสดง
การแสดงเริ่มกี่โมงคะ	kan sadaeng roem ki mong kha	表演幾點開始？（女）	中 1-3	แสดง
ตักบาตร	tak bat	供僧 / 托缽 / 齋僧	中 1-3	บาตร
บาตร	bat	缽	中 1-3	บาตร
อยากตักบาตร	yak tak bat	想供僧 / 想體驗托缽	中 1-3	บาตร
หมากฝรั่ง	mak fa rang	口香糖	中 1-3	ฝรั่ง
เคี้ยวหมากฝรั่ง	khiao mak fa rang	嚼口香糖	中 1-3	ฝรั่ง
เคี้ยวหมากฝรั่งไม่ได้	khiao mak fa rang mai dai	不能嚼口香糖	中 1-3	ฝรั่ง
ช่วงเลิกงาน รถไฟฟ้าจะแน่นมากค่ะ	chuang loek ngan rot fai fa cha naen mak kha	下班時間捷運會很擠 (女)	中 1-3	ช่วง
จด	chot	記 / 記下來 / 做筆記	中 1-3	จด
จดหมายเลข	chot mai lek	記下號碼	中 1-3	จด
จดเบอร์	chot boe	記下號碼	中 1-3	จด
เลขอารบิก	lek arabik	阿拉伯數字	中 1-3	ร
จดทะเบียน	chot thabian	登記	中 1-3	จด
จดทะเบียนแต่งงาน	chot thabian taengngan	結婚登記	中 1-3	จด
จดทะเบียนบริษัท	chot thabian borisat	登記公司	中 1-3	จด, บริ
บริษัท	borisat	公司	中 1-3	บริ
จดทะเบียนรถ	chot thabian rot	記下車牌	中 1-3	จด
จดจำไว้	chot cham wai	牢記在心 / 記牢在心	中 1-3	จด
จดแล้วก็จำ	chot laeo ko cham	先寫一下然後再用腦記	中 1-3	จด
ตักบาตร	tak bat	托缽供僧	中 1-4	บาตร
ใส่บาตร	sai bat	供僧	中 1-4	บาตร
ทุกเช้าจะเห็นคนตักบาตร	thuk chao cha hen khon tak bat	每天早上會看到人供僧	中 1-4	บาตร
ทุกเช้าจะเห็นคนใส่บาตร	thuk chao cha hen khon sai bat	每天早上會看到人供僧	中 1-4	บาตร
คุณยายตักบาตรทุกวัน	khun yai tak bat thuk wan	奶奶每天供僧	中 1-4	บาตร
หมากฝรั่ง	mak farang	口香糖	中 1-4	ฝรั่ง
เขาชอบเคี้ยวหมากฝรั่ง	khao chop khiao mak farang	เขาชอบเคี้ยวหมากฝรั่ง	中 1-4	ฝรั่ง
ไม่ชอบเคี้ยวหมากฝรั่ง	mai chop khiao mak farang	不喜歡嚼口香糖	中 1-4	ฝรั่ง
รู้สึกแน่นหน้าอก	rusuek naen na ok	覺得胸悶	中 1-4	อก
เคยแน่นหน้าอก	khoei naen na ok	曾經胸悶過	中 1-4	อก
จด	chot	記抄寫	中 1-4	จด
จดทันไหม	chot than mai	抄得及嗎	中 1-4	จด
จดทัน	chot than	抄得及	中 1-4	จด
ฉันไปเอาปากกามาจดก่อน	chan pai ao pakka ma chot kon	我先去拿筆來記	中 1-4	จด
จดทะเบียน	chot thabian	登記註冊	中 1-4	จด
จดทะเบียนบริษัท	chot thabian borisat	公司註冊	中 1-4	จด, บริ
จดทะเบียนร้านอาหาร	chot thabian ran ahan	餐廳註冊	中 1-4	จด
เตรียมตัวสอบเข้ามหาวิทยาลัย	triam tua sop khao mahawitthayalai	準備考大學	中 1-4	มหา, วิทยา
พวกเราลืมมันเถอะ	phuak rao luem man thoe	我們忘了它吧	中 1-4	พวก
นัด 8 น.	nat paet no	約八點	中 1-4	น
ตลาดวันจันทร์วันพุธวันศุกร์	talat wan chan wan phut wan suk	星期一三五的市集	中 1-4	จันทร์
เคยไปตลาดนัดจตุจักรคะ	khoei pai talat nat chatuchak kha	曾經去過恰圖恰市集嗎	中 1-4	จตุ, จักร
รวม	ruam	包含	中 1-4	รวม
รวมอาหารเช้า	ruam ahan chao	包含早餐	中 1-4	รวม
ยังไม่รวมอาหารเช้า	yang mai ruam ahan chao	還沒包含早餐	中 1-4	รวม
รวมภาษี	ruam phasi	含稅	中 1-4	รวม
รวมภาษีแล้ว	ruam phasi laeo	已經含稅了	中 1-4	รวม
รวมแวต	ruam waet	含增值稅	中 1-4	รวม
รวมแวตแล้ว	ruam waet laeo	已經含增值稅了	中 1-4	รวม
รวมค่าบริการ	ruam kha borikan	包含服務費	中 1-4	บริ, รวม
ค่าบริการ 10%	kha borikan sip poesen	百分之十服務費	中 1-4	บริ
รวมแล้ว	ruam laeo	包含了	中 1-4	รวม
รวมคุณแล้ว	ruam khun laeo	包含你在內了	中 1-4	รวม
ยังไม่รวม	yang mai ruam	還沒包含	中 1-4	รวม
ผัดผักรวมมิตร	phat phak ruam mit	綜合炒蔬菜	中 1-4	มิตร, รวม
รวมมิตร	ruam mit	綜合	中 1-4	มิตร, รวม
รวมสีดำรวมกับสีขาวเป็นสีเทา	ruam si dam ruam kap si khao pen si thao	黑色加白色變成灰色	中 1-4	รวม
ฝันเป็นจริง	fan pen ching	夢想成真	中 1-4	จริง
ขอให้ฝันเป็นจริง	kho hai fan pen ching	祝你夢想成真	中 1-4	จริง
พรุ่งนี้ฉันจะเป็นมหาเศรษฐี	phrung ni chan cha pen mahasetthi	明天我會成為億萬富翁	中 1-4	มหา
ชอบยก	chop yok	喜歡舉	中 1-4	ยก
ยกมือ	yok mue	舉手	中 1-4	ยก
ยกมือถามได้	yok mue tham dai	可以舉手發問	中 1-4	ยก
ยกมือไหว้	yok mue wai	舉手合十禮	中 1-4	ยก
ยกโต๊ะ	yok to	搬桌子	中 1-4	ยก
ยกโต๊ะคนเดียวก็ได้	yok to khon diao ko dai	一個人搬桌子也可以	中 1-4	ยก
ยกตัวอย่าง	yok tua yang	舉例	中 1-4	ยก
ยกตัวอย่างให้ฟังหน่อย	yok tua yang hai fang noi	請舉例給我聽	中 1-4	ยก
ยกโทษ	yok thot	原諒	中 1-4	ยก
ยกโทษให้ฉันนะ	yok thot hai chan na	原諒我吧	中 1-4	ยก
ช่วยยกของหน่อย	chuai yok khong noi	請幫忙搬東西	中 1-4	ยก
ช่วยยกกระเป๋าเดินทางหน่อย	chuai yok krapao doen thang noi	請幫忙提行李箱	中 1-4	ยก
ตั้งบริษัท	tang borisat	設立公司	中 1-4	บริ
ตัวแทนบริษัท	tua thaen borisat	公司代表	中 1-4	บริ
ผลิตชิ้นส่วนคอม	ผลิตชิ้นส่วนคอม	生產電腦零件	中 1-4	ส่วน
ชิ้นส่วน	chin suan	零件	中 1-4	ส่วน
ชิ้นส่วนรถยนต์	chin suan rot yon	汽車零件	中 1-4	ยนต์, ส่วน
ชิ้นส่วนเครื่องบิน	chin suan khrueang bin	飛機零件	中 1-4	ส่วน
แผนกผลิต	phaenaek phalit	生產部門	中 1-4	แผนก
แผนก	phaenaek	部門	中 1-4	แผนก
ทำงานแผนกไหน	tham ngan phaenaek nai	在哪個部門工作	中 1-4	แผนก
ส่ง	song	送寄	中 1-4	ส่ง
รถรับส่ง	rot rap song	接送車	中 1-4	ส่ง
ส่งออก	song ok	出口	中 1-4	ส่ง
ส่งออกชิ้นส่วนคอม	song ok chin suan khom	出口電腦零件	中 1-4	ส่ง, ส่วน
ส่งลูกไปเรียน	song luk pai rian	送孩子去上學	中 1-4	ส่ง
ไม่ต้องส่งลูกไปโรงเรียน	mai tong song luk pai rong rian	不用送孩子去學校	中 1-4	ส่ง
ส่งไปเรียนเมืองนอก	song pai rian mueang nok	送去國外讀書	中 1-4	ส่ง
หลง	long	迷路迷戀迷失	中 1-4	หลง
หลงทาง	long thang	迷路	中 1-4	หลง
หลงทางบ่อยๆค่ะ	long thang boi boi kha	經常迷路	中 1-4	หลง
หลงเชื่อ	long chuea	誤信	中 1-4	หลง
อย่าหลงเชื่อ	ya long chuea	別誤信	中 1-4	หลง
หลงรัก	long rak	迷戀	中 1-4	หลง
ขี้หลงขี้ลืม	khi long khi luem	健忘	中 1-4	หลง
คนแก่ขี้หลงขี้ลืม	khon kae khi long khi luem	老人健忘	中 1-4	หลง
ความสามารถ	khwam samat	能力	中 1-4	มารถ
ความสามารถฉันยังไม่พอ	khwam samat chan yang mai pho	我的能力還不夠	中 1-4	มารถ
คุณมีความสามารถอะไรบ้าง	khun mi khwam samat arai bang	你有什麼能力	中 1-4	มารถ
ฉันสามารถพูดภาษาไทยได้	chan samat phut phasa thai dai	我能說泰語	中 1-4	มารถ
สามารถ	samat	能夠	中 1-4	มารถ
พยายาม	phayayam	努力	中 1-4	พยา
ถ้าคุณพยายามก็สามารถทำได้	tha khun phayayam ko samat tham dai	如果你努力就能做到	中 1-4	พยา, มารถ
พยายามเรียน	phayayam rian	努力學習	中 1-4	พยา
พยายามพูด	phayayam phut	努力說	中 1-4	พยา
อธิบาย	athibai	解釋	中 1-4	อธิ
อธิบายให้ฟังหน่อย	athibai hai fang noi	請解釋給我聽	中 1-4	อธิ
อธิบายทีหลัง	athibai thi lang	之後再解釋	中 1-4	อธิ
อ่านก่อนแล้วค่อยอธิบายทีหลัง	an kon laeo khoi athibai thi lang	先讀然後再解釋	中 1-4	อธิ
ไม่รู้จะอธิบายยังไง	mai ru cha athibai yang ngai	不知道要怎麼解釋	中 1-4	อธิ
เขานัดพวกเรา 8.30 น.	khao nat phuak rao paet mong khrueng	他約我們8點半	中 1-5	น, พวก
รวม	ruam	包含/包括	中 1-5	รวม
ราคานี้รวมค่าบริการหรือยัง	rakha ni ruam kha borikan rue yang	這個價格包含服務費了嗎	中 1-5	บริ, รวม
ราคานี้รวมอะไรบ้าง	rakha ni ruam arai bang	這個價格包含什麼	中 1-5	รวม
รถรับส่ง	rot rap song	接送車	中 1-5	ส่ง
รวมรถรับส่งกับอาหารเช้า	ruam rot rap song gap ahan chao	包含接送和早餐	中 1-5	รวม, ส่ง
ราคานี้รวมแวตแล้ว	rakha ni ruam waet laeo	這個價格已含增值稅	中 1-5	รวม
ขอบคุณที่ใช้บริการ	khop khun thi chai borikan	感謝您使用我們的服務	中 1-5	บริ
บริการดีมาก	borikan di mak	服務非常好	中 1-5	บริ
ยกโทษ	yok thot	原諒	中 1-5	ยก
ขอโทษนะ ยกโทษให้ฉันนะคะ	kho thot na yok thot hai chan na kha	對不起，請原諒我	中 1-5	ยก
ไม่ ฉันไม่ยกโทษให้คุณ	mai chan mai yok thot hai khun	不，我不原諒你	中 1-5	ยก
สงสัย	songsai	懷疑/有疑問	中 1-5	สง
ถ้ามีอะไรสงสัย	tha mi arai songsai	如果有任何疑問	中 1-5	สง
ยกมือถามได้นะ	yok mue tham dai na	可以舉手發問	中 1-5	ยก
ยกตัวอย่าง	yok tua yang	舉例	中 1-5	ยก
ช่วยยกตัวอย่างให้ฟังหน่อย	chuai yok tua yang hai fang noi	請舉個例子給我聽聽	中 1-5	ยก
ตั้งบริษัท	tang borisat	設立公司	中 1-5	บริ
ใครตั้งบริษัท TSMC	khrai tang borisat TSMC	誰創立了TSMC	中 1-5	บริ
พวกเราเป็นตัวแทนบริษัท	phuak rao pen tuathaen borisat	我們是公司代表	中 1-5	บริ, พวก
ไปประชุมนานาชาติ	pai prachum nanachat	去參加國際會議	中 1-5	ชาติ
โรงงานของฉันผลิตชิ้นส่วนคอม	rongngan khong chan phalit chin suan khom	我的工廠生產電腦零件	中 1-5	ส่วน
แผนก	phaenaek	部門/科別	中 1-5	แผนก
เขาถูกย้ายไปแผนกบัญชี	khao thuk yai pai phaenaek banchi	他被調去會計部	中 1-5	แผนก
แผนกหูคอจมูก	phaenaek hu kho chamuk	耳鼻喉科	中 1-5	จมูก, แผนก
ต้องไปแผนกสินค้าเด็ก	tong pai phaenaek sinkha dek	必須去兒童用品部	中 1-5	แผนก
หลงทาง	long thang	迷路	中 1-5	หลง
ถ้าคุณหลงทาง	tha khun long thang	如果你迷路了	中 1-5	หลง
หลงเชื่อ	long chuea	誤信	中 1-5	หลง
เขาหลอกคุณ อย่าหลงเชื่อ	khao lok khun ya long chuea	เขาหลอกคุณ อย่าหลงเชื่อ	中 1-5	หลง
หลงรัก	long rak	迷戀	中 1-5	หลง
แฟนคลับหลงรักเค้ามาก	faenkhlap long rak khao mak	粉絲非常迷戀他	中 1-5	หลง
อยากรู้คุณรักฉันจริงไหม	yak ru khun rak chan ching mai	想知道你是不是真的愛我	中 1-5	จริง
อธิบาย	athibai	解釋	中 1-5	อธิ
ช่วยอธิบายให้ฟังหน่อย	chuai athibai hai fang noi	請解釋給我聽	中 1-5	อธิ
อธิบายหลายครั้งแล้ว	athibai lai khrang laeo	已經解釋很多次了	中 1-5	อธิ
ความสามารถ	khwam samat	能力	中 1-5	มารถ
คุณมีความสามารถอะไรบ้าง	khun mi khwam samat arai bang	你有什麼專長/能力	中 1-5	มารถ
ความสามารถของคุณสูงมาก	khwam samat khong khun sung mak	你的能力痕高	中 1-5	มารถ
ความสามารถของคุณยังไม่พอ	khwam samat khong khun yang mai pho	你的能力還不夠	中 1-5	มารถ
พยายาม	phayayam	努力/嘗試	中 1-5	พยา
พยายามลดความอ้วน	phayayam lot khwam uan	努力減肥	中 1-5	พยา, ลด, อ้วน
พยายามออกกำลังกาย	phayayam ok kamlang kai	努力運動	中 1-5	พยา
พยายามต่อไป สู้ๆนะ	phayayam topai susu na	繼續努力，加油喔	中 1-5	พยา
คนไต้หวันส่วนใหญ่แพ้อากาศ	khon taiwan suan yai phae akat	大部分台灣人對天氣過敏	中 1-5	ส่วน
ปวดหัว	puat hua	頭痛	中 1-5	ปวด
สมหวัง	som wang	如願以償	中 1-5	สม
ขอให้สมหวัง	kho hai som wang	祝你如願	中 1-5	สม
หมดหวัง	mot wang	沒希望了	中 1-5	หมด
หมดเวลาแล้ว	mot wela laeo	時間到了	中 1-5	หมด
หมดห่วง	mot huang	放心了 / 不用擔心了	中 1-5	หมด, ห่วง
พ่อแม่หมดห่วง	pho mae mot huang	父母放心了	中 1-5	หมด, ห่วง
หมดอายุ	mot a-yu	過期	中 1-5	หมด
ยังไม่หมดอายุ	yang maiหมดอายุ	還沒過期	中 1-5	หมด
ช่างเอาใจเก่งจริงๆ	chang ao chai keng ching ching	真的很會討好人	中 1-5	จริง, ๆ
ไปเยี่ยมญาติ	pai yiam yat	去探望親戚	中 1-5	ญาติ
อดทนไว้ก่อน	ot thon wai kon	先忍耐一下	中 1-5	ทน, อด
ไว้หนวด	wai nuat	留鬍子	中 1-5	หนวด
ไม่ไว้หนวด	mai wai nuat	不留鬍子	中 1-5	หนวด
หนวดปลาหมึก	nuat pla muek	章魚鬚 / 魷魚鬚	中 1-5	หนวด
จริงหรอ	ching ro	真的嗎	中 1-5	จริง
เราคบกันได้ไหม	rao khop kan dai mai	我們可以交往嗎	中 1-5	คบ
คบกันมา 7 ปีแล้ว	khop kan ma chet pi laeo	交往七年了	中 1-5	คบ
คบกันรักกันแล้วก็เลิกกัน	khop kan rak kan laeo ko loek kan	交往、相愛，然後分手	中 1-5	คบ
คนส่วนใหญ่แพ้อะไร	khon suan yai phae arai	大部分的人對什麼過敏	中 1-6	ส่วน
ฉันคิดว่าคนส่วนใหญ่แพ้อาหารทะเลนะ	chan khit wa khon suan yai phae ahan thale na	我覺得大部分的人對海鮮過敏	中 1-6	ส่วน
ไหว้พระพรหม	wai phra phrom	拜四面佛	中 1-6	พรหม
ขอให้สมหวังทุกอย่าง	kho hai som wang thuk yang	祝萬事如意	中 1-6	สม
พวกเรายังไม่สิ้นหวัง	phuak rao yang mai sin wang	我們還沒有絕望	中 1-6	พวก
หมดอายุ	mot ayu	過期	中 1-6	หมด
ปลากระป๋องหมดอายุหรือยัง	pla krapong mot ayu rue yang	魚罐頭過期了嗎	中 1-6	หมด
ฉันคิดว่าหมดอายุแล้ว	chan khit wa mot ayu laeo	我認為過期了	中 1-6	หมด
อาหารหมดอายุแล้วยังกินได้มั้ย	ahan mot ayu laeo yang kin dai mai	食物過期了還可以吃嗎	中 1-6	หมด
หมดเวลาสอบแล้ว	mot wela sop laeo	考試時間到了	中 1-6	หมด
หมดเวลาเรียนแล้ว	mot wela rian laeo	上課時間到了	中 1-6	หมด
หมดเวลาทำงานแล้ว	mot wela tham ngan laeo	下班時間到了	中 1-6	หมด
หมดห่วง	mot huang	放心（不再擔心）	中 1-6	หมด, ห่วง
ลูกเลี้ยงตัวเองได้พ่อแม่ก็หมดห่วง	luk liang tua eng dai pho mae ko mot huang	孩子能養活自己，父母就放心了	中 1-6	หมด, ห่วง
เด็กอะไรช่างน่ารักจริงๆ	dek arai chang na rak ching ching	這小孩真可愛	中 1-6	จริง, ๆ
ผู้หญิงอะไรช่างเอาใจยากจริงๆ	phu ying arai chang ao chai yak ching ching	這女人真難討好	中 1-6	จริง, ๆ
ร้านนี้ช่างอร่อยจริงๆ	ran ni chang aroi ching ching	這家店真好吃	中 1-6	จริง, ๆ
ญาติพี่น้อง	yat phi nong	親戚	中 1-6	ญาติ
ไปเยี่ยมญาติพี่น้อง	pai yiam yat phi nong	去探望親戚	中 1-6	ญาติ
มีญาติอยู่เมืองไทยมั้ย	mi yat yu mueang thai mai	在泰國有親戚嗎	中 1-6	ญาติ
ไปเยี่ยมญาติพี่น้องที่เมืองไทย	pai yiam yat phi nong thi mueang thai	去泰國探望親戚	中 1-6	ญาติ
ไปเยี่ยมเพื่อนที่โรงพยาบาล	pai yiam phuean thi rong phayaban	去醫院探望朋友	中 1-6	พยา
โรงพยาบาล	rong phayaban	醫院	中 1-6	พยา
นางพยาบาล	nang phayaban	護士	中 1-6	พยา
หมดเวลา	mot wela	時間到了	中 1-6	หมด
หมดเวลาเยี่ยมไข้แล้วค่ะ	mot wela yiam khai laeo kha	探病時間到了	中 1-6	หมด
คุณมีญาติที่เมืองไทยไหม	khun mi yat thi mueang thai mai	你在泰國有親戚嗎	中 1-6	ญาติ
ฉันไม่มีญาติที่เมืองไทยครับ	chan mai mi yat thi mueang thai khrap	我在泰國沒有親戚	中 1-6	ญาติ
อาทิตย์ที่แล้วญาติของผมมาเที่ยวไต้หวัน	athit thi laeo yat khong phom ma thiao taiwan	上個星期我的親戚來台灣玩	中 1-6	ญาติ
อยากลองไว้หนวด	yak long wai nuat	想試著留鬍子	中 1-6	หนวด
คบกัน 7 ปีแล้ว	khop kan chet pi laeo	交往7年了	中 1-6	คบ
ตอนนี้คบกับใครอยู่	ton ni khop kap khrai yu	現在正在跟誰交往	中 1-6	คบ
คบกับคนไทย	khop kap khon thai	跟泰國人交往	中 1-6	คบ
คบกันกี่ปีแล้ว	khop kan ki pi laeo	交往幾年了	中 1-6	คบ
คบกัน 8 ปีแล้ว	khop kan paet pi laeo	交往8年了	中 1-6	คบ
อย่าคบกับเขา	ya khop kap khao	別跟他交往	中 1-6	คบ
อยากคบกับเขา	yak khop kap khao	想跟他交往	中 1-6	คบ
ผมจะไม่คบคนเห็นแก่ตัว	phom cha mai khop khon hen kae tua	我不會跟自私的人交往	中 1-6	คบ
คนจนชีวิตลำบาก	khon chon chiwit lambak	窮人生活辛苦	中 1-6	จน
ชีวิตลำบากจริงๆ	chiwit lambak ching ching	生活真的很辛苦	中 1-6	จริง, ๆ
คนตาบอดน่าสงสาร	khon ta bot na song san	盲人很可憐	中 1-6	สง
ใกล้จะสอบต้องไปส่งลูกเรียนพิเศษ	klai cha sop tong pai song luk rian phiset	快要考試了，必須送孩子去補習	中 1-6	ส่ง
ราคานี้เป็นราคารวม	rakha ni pen rakha ruam	這個價格是包含的價格	中 1-6	รวม
รวมเฟอร์นิเจอร์แล้วนะ	ruam foe ni choe laeo na	已經包含家具了喔	中 1-6	รวม
นอกจากจะมีสระว่ายน้ำแล้วยังมีเกมรูมด้วย	nok chak cha mi sa wai nam laeo yang mi kem rum duai	除了有游泳池之外，還有遊戲室	中 1-6	ม
แถวนั้นสะดวกมากเลย	thaeo nan saduak mak loei	那一帶非常方便	中 1-6	ดวก
มีทั้งโรงพยาบาลโรงแรมโรงเรียนโรงหนัง	mi thang rong phayaban rong raem rong rian rong nang	有醫院、飯店、學校、電影院	中 1-6	พยา
เรียนม.6แล้ว	rian mo hok laeo	念高三了	中 1-6	6, ม
เพื่อที่จะเตรียมสอบเข้ามหาลัยปีหน้า	phuea thi cha triam sop khao maha lai pi na	為了準備明年考大學	中 1-6	มหา
แป๊บๆลูกจะเข้ามหาลัยแล้ว	paep paep luk cha khao maha lai laeo	一下子孩子就要上大學了	中 1-6	มหา
รสชาติพอดีไหม	rot chat pho di mai	味道剛好嗎	中 1-7	ชาติ, รส
รสชาติพอดีแล้ว	rot chat pho di laeo	味道已經剛好了	中 1-7	ชาติ, รส
ส่วนใหญ่มีสระว่ายน้ำ	suan yai mi sa wai nam	大部分有游泳池	中 1-7	ส่วน
เยี่ยมญาติ	yiam yat	探望親戚	中 1-7	ญาติ
เดือนหน้าจะไปเยี่ยมญาติที่อังกฤษ	duan na cha pai yiam yat thi ang krit	下個月要去英國探望親戚	中 1-7	กฤษ, ญาติ
วิธีนี้เยี่ยมจริงๆ	wi thi ni yiam ching ching	這個方法真的很棒	中 1-7	จริง, ๆ
ออกเสียงเยี่ยมจริงๆ	ok siang yiam ching ching	發音真的很棒	中 1-7	จริง, ๆ
ถนนสายนี้ยาวมาก	tha non sai ni yao mak	這條馬路很長	中 1-7	ถนน
เขามาทำงานสายตลอด	khao ma tham ngan sai ta lot	他來工作一直遲到	中 1-7	ตลอด
แป๊บแป๊บเรียนม.ปลายแล้ว	paep paep rian mo plai laeo	一下下就上高中了	中 1-7	ม
เขาเป็นคนมีความสามารถสูง	khao pen khon mi khwam samat sung	他是能力很高的人	中 1-7	มารถ
ผมรับรองว่าเขาเป็นคนมีความสามารถสูง	phom rap rong wa khao pen khon mi khwam samat sung	我保證他是能力很高的人 (男)	中 1-7	มารถ
เขาเป็นเศรษฐีเพราะว่าเขาขยัน	khao pen setthi phro wa khao khayan	他是富翁，因為他很用功	中 1-7	ขยัน, เพราะ
ซื้อบ้านแถมเฟอร์นิเจอร์สนใจไหม	sue ban thaem foe ni choe son chai mai	買房送傢俱，有興趣嗎	中 1-7	สน
ผมสนใจครับ	phom son chai khrap	我有興趣	中 1-7	สน
เพื่อที่จะเตรียมสอบเข้ามหาวิทยาลัย	phuea thi cha triam sop khao mahawitthayalai	為了要準備考大學	中 1-7	มหา, วิทยา
สมหวัง	somwang	如願 / 實現願望	中 1-7	สม
สมหวังสักที	somwang sak thi	終於如願了	中 1-7	สม
เด็กยกกระเป๋า	dek yok krapao	行李員 / 提行李服務生	中 1-7	ยก
เจ้าของร้านกับเด็กเสิร์ฟเป็นคนอีสานกันหมด	chao khong ran kap dek soep pen khon isan kan mot	老闆和服務生全部都是東北部人	中 1-7	หมด
คนอีสานที่เข้ามาทำงานในกรุงเทพส่วนใหญ่เป็นคนหาเช้ากินค่ำ	khon isan thi khao ma tham ngan nai krungthep suan yai pen khon ha chao kin kham	進來曼谷工作的東北部人大部分是勉強糊口的人	中 1-7	ส่วน
แสดงว่า	sa daeng wa	表示說 / 顯然	中 1-7	แสดง
แสดงว่าอยู่อีสานหางานยากใช่ไหม	sa daeng wa yu isan ha ngan yak chai mai	表示說住東北部找工作很難是嗎	中 1-7	แสดง
จะเอากี่ขวดล่ะ	cha ao ki khuat la	要幾瓶呢	中 1-7	ขวด
จะหมดอายุเมื่อไหร่	cha mot ayu muea rai	什麼時候會過期呢	中 1-7	หมด
งั้นเอาสองขวด	ngan ao song khuat	那麼要兩瓶	中 1-7	ขวด
ส่งออก	song ok	出口	中 1-8	ส่ง
สินค้าส่งออก	sinkha song ok	出口商品	中 1-8	ส่ง
รวมภาษีหรือยัง	ruam phasi rue yang	包含稅了嗎	中 1-8	รวม
โรงเรียนเอกชน	rongrian ekkachon	私立學校	中 1-8	ชน
โรงเรียนนานาชาติ	rongrian nanachat	國際學校	中 1-8	ชาติ
โรงพยาบาล	rongphayaban	醫院	中 1-8	พยา
โรงพยาบาลรัฐบาล	rongphayaban ratthaban	公立醫院	中 1-8	พยา
โรงพยาบาลเอกชน	rongphayaban ekkachon	私立醫院	中 1-8	ชน, พยา
ชิ้นส่วนคอม	chinsuan khom	電腦零件	中 1-8	ส่วน
โรงงานผลิตชิ้นส่วนคอม	rongngan phalit chinsuan khom	生產電腦零件的工廠	中 1-8	ส่วน
พอจบปริญญาตรี	pho cop parinya tri	一畢業於學士學位	中 1-8	จบ
เริ่มลดความอ้วน	roem lot khwam uan	開始減肥	中 1-8	ลด, อ้วน
พยายาม	phayayam	努力	中 1-8	พยา
พยายามเลิกสูบบุหรี่ 2 ปีแล้ว	phayayam loek sup buri song pi laeo	努力戒煙兩年了	中 1-8	พยา
เสียงดังมาก ทนไม่ไหวแล้ว	siang dang mak thon mai wai laeo	很大聲，受不了了	中 1-8	ทน
หัวหน้าขี้บ่นอยากลาออก	hua na khi bon yak la ok	主管愛抱怨想離職	中 1-8	บ่น
ตรวจ	truat	檢查	中 1-8	ตรวจ
ตรวจสุขภาพประจำปี	truat sukkhapap pra tsam pi	年度健康檢查	中 1-8	ตรวจ
ครูตรวจข้อสอบ	khru truat kho sop	老師檢查考題	中 1-8	ตรวจ
ตรวจกระเป๋าเดินทาง	truat krapao doen thang	檢查行李	中 1-8	ตรวจ
ระวังกินไม่หมด	rawang kin mai mot	小心吃不完	中 1-8	หมด
ปวดฟันเคี้ยวข้าวไม่ไหว	puat fan khiao khao mai wai	牙痛咬不動飯	中 1-8	ปวด
ฉันรู้สึกแน่นหน้าอก	chan ru suk naen na ok	我感到胸悶	中 1-8	อก
จด	jot	記 / 筆記	中 1-8	จด
ฟังไปจดไป	fang pai jot pai	一邊聽一邊記	中 1-8	จด
นักเรียนจดไม่ทัน	nak rian jot mai than	學生來不及記	中 1-8	จด
จดทะเบียนแต่งงาน	jot thabian taeng ngan	登記結婚	中 1-8	จด
จดทะเบียนบริษัท	jot thabian borisat	登記公司	中 1-8	จด, บริ
เตรียมตัวไปแฟนมีต	triam tua pai faen mit	準備去粉絲見面會	中 1-8	ต
รวม	ruam	包含	中 1-8	รวม
รวมค่าบริการกับรวมภาษีแล้ว	ruam kha borikan kap ruam pha si laew	包含服務費和稅金了	中 1-8	บริ, รวม
แต่ยังไม่รวมทิป	tae yang mai ruam thip	但還沒包含小費	中 1-8	รวม
ราคานี้ยังไม่รวมแวต	ra kha ni yang mai ruam waet	這個價格還不包含增值稅	中 1-8	รวม
บริการ	borikan	服務	中 1-8	บริ
ร้านนี้บริการเป็นกันเอง	ran ni borikan pen kan eng	這家店服務很親切	中 1-8	บริ
เด็กเสิร์ฟบริการแย่	dek saep borikan yae	服務生服務很糟糕	中 1-8	บริ
เจ้าของร้านบริการเยี่ยม	chao khong ran borikan yiem	餐廳老闆服務很棒	中 1-8	บริ
ยก	yok	舉 / 提 / 原諒	中 1-8	ยก
ยกโทษให้ผมนะครับ	yok thot hai phom na khrap	請原諒我	中 1-8	ยก
ยกตัวอย่าง	yok tua yang	舉例	中 1-8	ยก
ช่วยยกตัวอย่างให้ฟังหน่อย	chuai yok tua yang hai fang noi	請舉例給我聽一下	中 1-8	ยก
ช่วยยกกระเป๋าให้หน่อย	chuai yok kra pao hai noi	請幫我提行李	中 1-8	ยก
ตั้งบริษัท	ttang bo ri sat	設立公司	中 1-8	บริ
ตั้งบริษัทเป็นความฝันของเขา	ttang bo ri sat pen khwam fan khong khao	設立公司是他的夢想	中 1-8	บริ
อธิบาย	a thi bai	解釋	中 1-8	อธิ
ตั้งใจฟังครูอธิบาย	ttang chai fang khru a thi bai	認真聽老師解釋	中 1-8	อธิ
ส่งออก	song ok	出口	中 1-8	ส่ง
ผลิตส่งออก	pha lit song ok	外銷生產	中 1-8	ส่ง
ชิ้นส่วนคอม	chin suan khom	電腦零件	中 1-8	ส่วน
โรงงานผลิตชิ้นส่วนคอม	rong ngan pha lit chin suan khom	電腦零件生產工廠	中 1-8	ส่วน
แผนก	pha naek	部門	中 1-8	แผนก
แผนกเครื่องใช้ไฟฟ้า	pha naek khrueang chai fai fa	家電區	中 1-8	แผนก
เขาเป็นผู้จัดการแผนกบัญชี	khao pen phu chat kan pha naek ban chi	他是會計部經理	中 1-8	แผนก
แผนกหัวใจ	pha naek hua chai	心臟科	中 1-8	แผนก
แผนกหัวใจผู้ป่วยเยอะมาก	pha naek hua chai phu puai yoe mak	心臟科病人很多	中 1-8	แผนก
หลง	hlong	迷	中 1-8	หลง
หลงทาง	hlong thang	迷路	中 1-8	หลง
ขับรถหลงทางบ่อยๆ	khap rot hlong thang boi boi	常常開車迷路	中 1-8	หลง
หลงเชื่อ	hlong chuea	誤信	中 1-8	หลง
คนส่วนใหญ่จะหลงเชื่อคนปากหวาน	khon suan yai cha hlong chuea khon pak wan	大部分的人會誤信嘴巴甜的人	中 1-8	ส่วน, หลง
หลงรัก	hlong rak	愛上	中 1-8	หลง
ฉันก็หลงรักเขา	chan ko hlong rak khao	我就愛上他了	中 1-8	หลง
ระวังเขาจะทนไม่ไหวนา	ra wang khao cha thon mai wai na	小心他會受不了喔	中 1-8	ทน
ช่างกินเก่งจริงๆ	chang kin keng ching ching	真的很會吃	中 1-8	จริง, ๆ
ช่างน่ารักจริงๆ	chang na rak ching ching	真的很可愛	中 1-8	จริง, ๆ
ช่างเอาใจยากจริงๆ	chang ao chai yak ching ching	真的很難討好	中 1-8	จริง, ๆ
ฉันคิดว่าเขาไว้หนวดหล่อกว่า	chan khit wa khao wai nuat lo kwa	我認為他留鬍子比較帥	中 1-8	หนวด
ฉันคิดว่าพวกเรายังไม่สิ้นหวัง	chan khit wa phuak rao yang mai sin wang	我認為我們還沒絕望	中 1-8	พวก
ความสามารถ	khwam sa mat	能力	中 2-1	มารถ
ความสามารถของฉัน	khwam sa mat khong chan	我的能力（女性/通稱）	中 2-1	มารถ
ความสามารถของฉันสู้เขาไม่ได้	khwam sa mat khong chan su khao mai dai	我的能力比不上他	中 2-1	มารถ
ความสามารถของฉันสู้เขาได้	khwam sa mat khong chan su khao dai	我的能力比得上他	中 2-1	มารถ
ญาติ	yat	親戚	中 2-1	ญาติ
มีญาติจากเมืองไทยมาเยี่ยม	mi yat chak mueang thai ma yiam	有來自泰國的親戚來拜訪	中 2-1	ญาติ
มีญาติจากไต้หวันมาเยี่ยม	mi yat chak tai wan ma yiam	有來自台灣的親戚來拜訪	中 2-1	ญาติ
รสชาติเยี่ยมมาก	rot chat yiam mak	味道太棒了	中 2-1	ชาติ, รส
สมหวัง	som wang	如願	中 2-1	สม
ตอนนี้คบกับคนไต้หวันอยู่	ton ni khop kap khon taiwan yu	現在正在跟台灣人交往	中 2-1	คบ
พวกเราคบกัน 5 ปีแล้ว	phuak rao khop kan ha pi laeo	我們交往5年了	中 2-1	คบ, พวก
แสดงว่า	sa daeng wa	表示說	中 2-1	แสดง
แสดงว่าเขาชอบเธอ	sa daeng wa khao chop thoe	表示說他喜歡你	中 2-1	แสดง
แสดงว่าเขาไม่ไว้ใจคุณ	sa daeng wa khao mai wai jai khun	表示說他不信任你	中 2-1	แสดง
อดทนไว้ก่อน	ot thon wai kon	先忍著	中 2-1	ทน, อด
ช่วงนี้งานหายาก	chuang ni ngan ha yak	最近工作很難找	中 2-1	ช่วง
บังเอิญทำงานบริษัทเดียวกัน	bang oen tham ngan borisat diao kan	剛好在同一家公司工作	中 2-1	บริ
ฉันรับรองว่าคุณต้องสมหวังแน่นอน	chan rap rong wa khun tong som wang naenon	我保證你一定會如願	中 2-1	สม
ผมรับรองว่ารสชาตินี้ทุกคนชอบแน่นอน	phom rap rong wa rotchat ni thuk khon chop naenon	我（男性）保證這個味道大家一定會喜歡	中 2-1	ชาติ, รส
รอฝนหยุดก่อน	ro fon yut kon	先等雨停	中 2-1	ฝน
ทำหน้าอก	tham na ok	做胸部	中 2-1	อก
ขึ้นทางด่วน	khuen thang duan	上高速公路	中 2-1	ด่วน
จะขึ้นทางด่วนไหม	cha khuen thang duan mai	要上高速公路嗎	中 2-1	ด่วน
ค่าทางด่วน	kha thang duan	高速公路費	中 2-1	ด่วน
ทางด่วน	thang duan	高速公路	中 2-1	ด่วน
ขอด่วนค่ะ	kho duan kha	請快一點	中 2-1	ด่วน
ด่วนหน่อย	duan noi	急一點	中 2-1	ด่วน
ต้องลดน้ำหนัก	tong lot nam nak	必須減肥	中 2-1	ลด
ฝนตกหนักขึ้น	fon tok nak khuen	雨變大了	中 2-1	ฝน
ติดต่อสะดวกขึ้น	tit to saduak khuen	聯絡變得更方便	中 2-1	ดวก
ติดต่อไม่สะดวก	tit to mai saduak	聯絡不方便	中 2-1	ดวก
ยกโทษ	yok thot	原諒	中 2-1	ยก
จดทะเบียนแต่งงาน	jot thabian taengngan	登記結婚	中 2-1	จด
อ้วนขึ้น	uan khuen	變胖	中 2-1	อ้วน
เดือนตุลาคม	duan tulakhom	十月	中 2-1	คม
เดือนพฤศจิกายน	duan phruetsajikayon	十一月	中 2-1	พฤศ, ยน
ฝนตกหนักขึ้น	fon tok nak khuen	雨勢變大	中 2-1	ฝน
ฝนตกเบาลงแล้ว	fon tok bao long laew	雨勢變小了	中 2-1	ฝน
เขาออกจากบริษัทไปแล้ว	khao ok chak borisat pai laew	他離開公司了	中 2-1	บริ
ออกจากบริษัทเก่า	ok chak borisat kao	離開舊公司	中 2-1	บริ
ทำผิดกฎหมาย	tham phit kot mai	違法	中 2-1	กฎ
ผิดกฎหมาย	phit kot mai	違法	中 2-1	กฎ
ถูกกฎหมาย	thuk kot mai	合法	中 2-1	กฎ
สมัคร	samak	申請／應徵	中 2-4	สมัคร
สมัครอีเมล	samak i mel	申請／註冊 Email	中 2-4	สมัคร
สมัครเรียน	samak rian	報名上課	中 2-4	สมัคร
สมัครงาน	samak ngan	應徵工作	中 2-4	สมัคร
มีคนไปสมัครงานเยอะมาก	mi khon pai samak ngan yoe mak	有很多人去應徵工作	中 2-4	สมัคร
รับสมัคร	rap samak	徵聘／招募	中 2-4	สมัคร
พนักงาน	phanak ngan	職員	中 2-4	พนัก
พนักงานขาย	phanak ngan khai	銷售人員	中 2-4	พนัก
รับสมัครพนักงานขาย	rap samak phanak ngan khai	徵聘銷售人員	中 2-4	พนัก, สมัคร
รับสมัครคนขับรถ	rap samak khon khap rot	徵聘司機	中 2-4	สมัคร
รปภ.	ro po pho	保全人員	中 2-4	รปภ
รับสมัครยาม	rap samak yam	徵聘警衛	中 2-4	สมัคร
รับสมัคร รปภ.	rap samak ro po pho	徵聘保全人員	中 2-4	รปภ, สมัคร
สมัครเล่น	samak len	業餘的	中 2-4	สมัคร
มือสมัครเล่น	mue samak len	業餘者／業餘選手	中 2-4	สมัคร
นักร้องสมัครเล่น	nak rong samak len	業餘歌手	中 2-4	สมัคร
นักมวยสมัครเล่น	nak muai samak len	業餘拳擊手	中 2-4	สมัคร
ฉันเป็นแค่มือสมัครเล่น	chan pen khae mue samak len	我只是業餘的（女性）	中 2-4	สมัคร
ผิดกฎหมาย	phit kotmai	違法	中 2-4	กฎ
เขาทำอาชีพผิดกฎหมาย	khao tham achip phit kotmai	他從事違法的工作	中 2-4	กฎ
ทนายความฝีปากดี	thanai khwam fi pak di	律師口才很好	中 2-4	ทนาย
นักแสดง	nak sadaeng	演員	中 2-4	แสดง
เป็นนักแสดงที่มีชื่อเสียง	pen nak sadaeng thi mi chue siang	是知名演員	中 2-4	แสดง
ชกมวย	chok muai	打拳	中 2-4	ชก
นักมวยคนนี้ชกเก่งมาก	nak muai khon ni chok keng mak	這位拳擊手打得很好	中 2-4	ชก
คุณช่างเป็นมืออาชีพจริงๆ	khun chang pen mue achip ching ching	師傅真的很專業	中 2-4	จริง, ๆ
ติดต่อพนักงานขาย	tit to phanak ngan khai	聯絡銷售人員	中 2-4	พนัก
ต้องติดต่อพนักงานขาย	tong tit to phanak ngan khai	必須聯絡銷售人員	中 2-4	พนัก
พนักงานบริษัท	phanak ngan borisat	公司職員	中 2-4	บริ, พนัก
พนักงานเสิร์ฟ	phanak ngan soep	服務生	中 2-4	พนัก
พนักงานเสิร์ฟได้ค่าจ้างประมาณชั่วโมงละสี่สิบห้าบาท	phanak ngan soep dai kha chang praman chua mong la si sip ha baht	服務生的工資約每小時四十五泰銖	中 2-4	พนัก
พนักงานธนาคาร	phanak ngan thanakhan	銀行職員	中 2-4	ธนา, พนัก
ไปธนาคารฝากเงิน	pai thanakhan fak ngoen	去銀行存錢	中 2-4	ธนา
ไปธนาคารเปิดบัญชี	pai thanakhan poet banchi	去銀行開戶	中 2-4	ธนา
พนักงานแบงก์	phanak ngan baeng	銀行職員	中 2-4	พนัก
รับสมัครตำแหน่งผู้ช่วย	rap samak tamnaeng phu chuai	招募助理職位	中 2-4	สมัคร
หัวหน้าแผนก	hua na phanaek	部門主管	中 2-4	แผนก
ผู้จัดการใหญ่เรียกหัวหน้าแผนกเข้าประชุม	phu chat kan yai riak hua na phanaek khao prachum	總經理叫部門主管參加會議	中 2-4	แผนก
ห้างสรรพสินค้า	hang sappha sinkha	百貨公司	中 2-4	สรรพ
ค้ายาบ้าผิดกฎหมาย	kha ya ba phit kotmai	販賣安非他命是違法的	中 2-4	กฎ
สินค้าส่งออก	sinkha song ok	出口商品	中 2-4	ส่ง
สินค้าส่งออกของไต้หวันมีอะไรบ้าง	sinkha song ok khong taiwan mi arai bang	台灣有哪些出口商品？	中 2-4	ส่ง
ลูกค้าขี้บ่น	luk kha khi bon	愛抱怨的顧客	中 2-4	บ่น
ชาวต่างชาติ	chao tang chat	外國人	中 2-4	ชาติ
นักท่องเที่ยวชาวต่างชาติ	nak thong thiao chao tang chat	外國遊客	中 2-4	ชาติ
นักท่องเที่ยวชาวต่างชาติเยอะมาก	nak thong thiao chao tang chat yoe mak	外國遊客非常多	中 2-4	ชาติ
สถานที่ท่องเที่ยว	sathan thi thong thiao	觀光景點	中 2-4	สถาน
เป็นสถานที่ท่องเที่ยวที่มีชื่อเสียง	pen sathan thi thong thiao thi mi chue siang	是知名觀光景點	中 2-4	สถาน
พอดูรายการท่องเที่ยวจบ	pho du rai kan thong thiao chop	一看完旅遊節目	中 2-4	จบ
วิศวกร	witsawakon	工程師	中 2-4	กร, วิศว
วิศวกรเงินเดือนสูง	witsawakon ngoen duean sung	工程師薪水高	中 2-4	กร, วิศว
ตำรวจ	tamruat	警察	中 2-4	รวจ
ตำรวจอยู่โรงพัก	tamruat yu rong phak	警察在派出所	中 2-4	รวจ
ตำรวจทำหน้าที่อะไร	tamruat tham na thi arai	警察負責什麼工作？	中 2-4	รวจ
ทหาร	thahan	軍人	中 2-4	ทหาร
ผู้ชายไต้หวันทุกคนต้องเป็นทหาร	phu chai taiwan thuk khon tong pen thahan	台灣男生每個人都必須當兵	中 2-4	ทหาร
หัวหน้าแผนกเป็นคนดุมาก	hua na phanaek pen khon du mak	部門主管非常嚴厲	中 2-4	แผนก
ก๋วยเตี๋ยวสามชาม	kuay tiao sam cham	三碗粿條	中 2-4	ก๋วย
กินก๋วยเตี๋ยวที่เมืองไทย	kin kuay tiao thi mueang thai	在泰國吃粿條	中 2-4	ก๋วย
เคยกินก๋วยเตี๋ยวที่เมืองไทยค่ะ	khoei kin kuay tiao thi mueang thai kha	曾經在泰國吃過粿條（女性禮貌）	中 2-4	ก๋วย
ใช้ส้อมกินสลัด	chai som kin salat	用叉子吃沙拉	中 2-4	สลัด
สบู่ก้อน	sabu kon	塊狀肥皂	中 2-4	สบู่
ผลไม้กระป๋อง	phonlamai krapong	水果罐頭	中 2-4	ผล
ผ้าขนหนูสองผืน	pha khon nu song phuen	兩條毛巾	中 2-4	ขน
ขอผ้าขนหนูสองผืน	kho pha khon nu song phuen	請給我兩條毛巾	中 2-4	ขน
หนึ่งแพ็กมีสิบสองขวด	nueng phaek mi sip song khuat	一組有十二瓶	中 2-4	ขวด
จักรยานหนึ่งคัน	chakkrayan nueng khan	一輛腳踏車	中 2-4	จักร
สถานที่แห่งนี้	sathan thi haeng ni	這個地方	中 2-4	สถาน
สถานที่ท่องเที่ยวหลายแห่ง	sathan thi thong thiao lai haeng	好幾處觀光景點	中 2-4	สถาน
สวนสาธารณะสิบเอ็ดแห่ง	suan satharana sip et haeng	十一座公園	中 2-4	สวน
สนามกีฬาแห่งชาติ	sanam kila haeng chat	國家體育場	中 2-4	ชาติ, สนาม
วันแม่แห่งชาติ	wan mae haeng chat	國家母親節	中 2-4	ชาติ
ทรง	song	款／型	中 2-4	ทรง
ทรงผม	song phom	髮型	中 2-4	ทรง
ทรงนี้กำลังฮิต	song ni kamlang hit	這個款式正在流行	中 2-4	ทรง
ทรงผมทรงนี้กำลังฮิต	song phom song ni kamlang hit	這個髮型正在流行	中 2-4	ทรง
ไม่ชอบทรงนี้	mai chop song ni	不喜歡這個款式	中 2-4	ทรง
