泰文	舊拼音(Sheet)	新拼音(目的達)	中文	來源	備註
ร้าน	raan	rān~	店	book-exact	(book-exact已用引擎重新驗證)
ร้านอาหาร	raan aahaan	rān~ ā hānˊ	餐廳	engine-auto	
ร้านกาแฟ	raan gaafae	rān~ gā fɛ̄	咖啡店	engine-auto	
ยา	yaa	yā	藥	book-exact	(book-exact已用引擎重新驗證)
ร้านยา	raan yaa	rān~ yā	藥局	engine-auto	
ร้านนี้	raan ni	rān~ nī~	這家店	engine-auto	
ชื่ออะไร	chue arai	chɯ̄ˋ aˇ rai	叫什麼名字	engine-auto	
เดิน	dern	dhə̄n	走路	engine-auto	
เดินไปไหน	dern pai nai	dhə̄n bai naiˊ	走到哪裡	engine-auto	
เดินไปตลาด	dern pai talat	dhə̄n bai daˇ lātˋ	走去市場	engine-auto	
ตลาด	talat	daˇ lātˋ	市場	book-exact	(book-exact已用引擎重新驗證)
เดินไปร้านยา	dern pai raan yaa	dhə̄n bai rān~ yā	走去藥局	engine-auto	
ยา	yaa	yā	藥	book-exact	(book-exact已用引擎重新驗證)
เดินไปสถานีรถไฟฟ้า	dern pai sathani rot fai fa	dhə̄n bai saˇ tāˊ nī rot~ fai fā~	走去捷運站	engine-auto	
สถานีรถไฟฟ้า	sathani rot fai fa	saˇ tāˊ nī rot~ fai fā~	捷運站	engine-auto	
สถานี BTS	sathani BTS	saˇ tāˊ nī BTS	BTS 站	engine-auto	
สถานี MRT	sathani MRT	saˇ tāˊ nī MRT	MRT 站	engine-auto	
ท่าเรือ	tha ruea	tāˋ rɯ̄a	碼頭	engine-auto	
เดินไปท่าเรือ	dern pai tha ruea	dhə̄n bai tāˋ rɯ̄a	走去碼頭	engine-auto	
เดินไปป้ายรถเมล์	dern pai paai rot mae	dhə̄n bai bāiˋ rot~ mē	走去公車站牌	engine-auto	
ป้ายรถเมล์	paai rot mae	bāiˋ rot~ mē	公車站牌	engine-auto	
เดินไปป้ายรถเมล์	dern pai paai rot mae	dhə̄n bai bāiˋ rot~ mē	走去公車站牌	engine-auto	
เดินไปแปดนาที	dern pai paet natee	dhə̄n bai bɛ̄tˇ nā tī	走八分鐘	engine-auto	
แปด	paet	bɛ̄tˇ	八	engine-auto	
นาที	natee	nā tī	分鐘	engine-auto	
เรียน	rian	rīan	學、上課	book-exact	(book-exact已用引擎重新驗證)
ภาษา	pasa	pā sāˊ	語言	engine-auto	
ภาษาไทย	pasa thai	pā sāˊ tai	泰文	engine-auto	
เรียนภาษาไทย	rian pasa thai	rīan pā sāˊ tai	學泰文	engine-auto	
เรียนเก่ง	rian keng	rīan gēngˇ	很會讀書	engine-auto	
เก่ง	keng	gēngˇ	厲害、棒	engine-auto	
เรียนเก่ง	rian keng	rīan gēngˇ	很會讀書	engine-auto	
เรียนทำอาหาร	rian tam aahaan	rīan tam ā hānˊ	學做菜	engine-auto	
อาหาร	aahaan	ā hānˊ	食物、菜	book-exact	(book-exact已用引擎重新驗證)
ทำอาหาร	tam aahaan	tam ā hānˊ	做菜	engine-auto	
เรียนทำอาหาร	rian tam aahaan	rīan tam ā hānˊ	學做菜	engine-auto	
ฟัง	fang	fang	聽	book-exact	(book-exact已用引擎重新驗證)
ฟังอะไร	fang arai	fang aˇ rai	聽什麼	engine-auto	
ฟังเข้าใจไหม	fang khao jai mai	fang kāuˋ jai maiˊ	聽得懂嗎	engine-auto	
เข้าใจ	khao jai	kāuˋ jai	懂、了解	engine-auto	
ไหม	mai	maiˊ	嗎	engine-auto	
ฟังเข้าใจไหม	fang khao jai mai	fang kāuˋ jai maiˊ	聽得懂嗎	engine-auto	
ฉันฟังเข้าใจแล้ว	chan fang khao jai laew	chanˊ fang kāuˋ jai lɛ̄u~	我聽懂了	engine-auto	
ฟังฉันพูด	fang chan pood	fang chanˊ pūtˋ	聽我說	engine-auto	
ฟังผมพูด	fang pom pood	fang pomˊ pūtˋ	聽我說（男）	engine-auto	
ฟังดีๆนะ	fang dii dii na	fang dhī dhī na~	認真聽喔	engine-auto	
ดี	dii	dhī	好	engine-auto	
ฟังดีๆนะ	fang dii dii na	fang dhī dhī na~	認真聽喔	engine-auto	
พูด	pood	pūtˋ	說	book-exact	(book-exact已用引擎重新驗證)
พูดภาษาจีน	pood pasa jeen	pūtˋ pā sāˊ jīn	說中文	engine-auto	
เป็น	pen	ben	會、是	book-exact	(book-exact已用引擎重新驗證)
ไหม	mai	maiˊ	嗎	engine-auto	
พูดภาษาจีนเป็นไหม	pood pasa jeen pen mai	pūtˋ pā sāˊ jīn ben maiˊ	會說中文嗎	engine-auto	
เป็นนิดหน่อย	pen nit noi	ben nit~ nɔ̄iˇ	會一點點	engine-auto	
เป็นไหม	pen mai	ben maiˊ	會嗎	engine-auto	
ฉันพูด คุณฟังเข้าใจไหม	chan pood khun fang khao jai mai	chanˊ pūtˋ kun fang kāuˋ jai maiˊ	我說，你聽得懂嗎	engine-auto	
ไม่ค่อยเข้าใจ	mai khoi khao jai	maiˋ kɔ̄iˋ kāuˋ jai	不太懂	engine-auto	
อ่าน	aan	ānˇ	讀	engine-auto	
อ่านภาษาไทย	aan pasa thai	ānˇ pā sāˊ tai	讀泰文	engine-auto	
อ่านออกไหม	aan ok mai	ānˇ ɔ̄kˇ maiˊ	讀得出來嗎	engine-auto	
ออก	ok	ɔ̄kˇ	出、出來	engine-auto	
อ่านออกไหม	aan ok mai	ānˇ ɔ̄kˇ maiˊ	讀得出來嗎	engine-auto	
อ่านไม่ออก	aan mai ok	ānˇ maiˋ ɔ̄kˇ	讀不出來	engine-auto	
อ่านไม่เป็น	aan mai pen	ānˇ maiˋ ben	不會讀	engine-auto	
เป็น	pen	ben	會、是	book-exact	(book-exact已用引擎重新驗證)
อ่านไม่เป็น	aan mai pen	ānˇ maiˋ ben	不會讀	engine-auto	
เขียน	khian	kīanˊ	寫	engine-auto	
เขียนสวย	khian suay	kīanˊ sūayˊ	寫得漂亮	engine-auto	
เขียนไม่สวย	khian mai suay	kīanˊ maiˋ sūayˊ	寫得不漂亮	engine-auto	
ยาก	yaak	yākˋ	難	engine-auto	
เขียนยาก	khian yaak	kīanˊ yākˋ	很難寫	engine-auto	
เขียนไม่เป็น	khian mai pen	kīanˊ maiˋ ben	不會寫	engine-auto	
เขียนได้ไหม	khian dai mai	kīanˊ dhaiˋ maiˊ	可以寫嗎	engine-auto	
ได้	dai	dhaiˋ	可以、得到	engine-auto	
เขียนได้ไหม	khian dai mai	kīanˊ dhaiˋ maiˊ	可以寫嗎	engine-auto	
เขียนชื่อ	khian chue	kīanˊ chɯ̄ˋ	寫名字	engine-auto	
ทำ	tam	tam	做、弄	engine-auto	
ชอบ	chop	chɔ̄pˋ	喜歡	engine-auto	
ทำ	tam	tam	做、弄	engine-auto	
อะไร	arai	aˇ rai	什麼	engine-auto	
ชอบทำอะไร	chop tam arai	chɔ̄pˋ tam aˇ rai	喜歡做什麼	engine-auto	
อยาก	yaak	yākˋ	想要	engine-auto	
อยากทำอะไร	yaak tam arai	yākˋ tam aˇ rai	想做什麼	engine-auto	
ทำเป็นไหม	tam pen mai	tam ben maiˊ	會做嗎	engine-auto	
ไข่เจียว	kai jiao	kaiˇ jīau	泰式煎蛋	engine-auto	
ทำไข่เจียวเป็นไหม	tam kai jiao pen mai	tam kaiˇ jīau ben maiˊ	會做泰式煎蛋嗎	engine-auto	
เป็นค่ะ	pen kha	ben kaˋ	會／是（女）	engine-auto	
ทำไม่เป็น	tam mai pen	tam maiˋ ben	不會做	engine-auto	
ใช้เวลา	chai welaa	chai~ wē lā	花時間	engine-auto	
ใช้	chai	chai~	用、使用	engine-auto	
เวลา	welaa	wē lā	時間	engine-auto	
ทำ	tam	tam	做、弄	engine-auto	
นานเท่าไหร่	naan thao rai	nān tāuˋ raiˇ	多久	engine-auto	
ใช้เวลาทำนานเท่าไหร่	chai welaa tam naan thao rai	chai~ wē lā tam nān tāuˋ raiˇ	做這個要多久	engine-auto	
ห้านาที	haa natee	hāˋ nā tī	五分鐘	engine-auto	
ใช้เวลาทำห้านาที	chai welaa tam haa natee	chai~ wē lā tam hāˋ nā tī	做要五分鐘	engine-auto	
ซื้อ	seu	sɯ̄~	買	engine-auto	
ซื้อยา	seu yaa	sɯ̄~ yā	買藥	engine-auto	
ซื้อน้ำ	seu nam	sɯ̄~ nām~	買水	engine-auto	
น้ำ	nam	nām~	水	engine-auto	
ซื้อน้ำ	seu nam	sɯ̄~ nām~	買水	engine-auto	
ขนม	khanom	kaˇ nom	點心、零食	engine-auto	
ซื้อขนม	seu khanom	sɯ̄~ kaˇ nom	買點心	engine-auto	
ซื้อ	seu	sɯ̄~	買	engine-auto	
ต่อ	tor	dɔ̄ˇ	繼續	engine-auto	
เดินต่อ	dern tor	dhə̄n dɔ̄ˇ	繼續走	engine-auto	
นอน	non	nɔ̄n	睡覺	book-exact	(book-exact已用引擎重新驗證)
นอนต่อ	non tor	nɔ̄n dɔ̄ˇ	繼續睡	engine-auto	
นอนต่อได้ไหม	non tor dai mai	nɔ̄n dɔ̄ˇ dhaiˋ maiˊ	可以繼續睡嗎	engine-auto	
ไม่ได้แล้ว	mai dai laew	maiˋ dhaiˋ lɛ̄u~	不行了	engine-auto	
กินต่อ	gin tor	gin dɔ̄ˇ	繼續吃	engine-auto	
อยากกินต่อ	yaak gin tor	yākˋ gin dɔ̄ˇ	想繼續吃	engine-auto	
หรือ	reu	rɯ̄ˊ	或	engine-auto	
กาแฟร้อนหรือกาแฟเย็น	gaafae ron reu gaafae yen	gā fɛ̄ rɔ̄n~ rɯ̄ˊ gā fɛ̄ yen	熱咖啡還是冰咖啡	engine-auto	
ไก่ทอด	gai tod	gaiˇ tɔ̄tˋ	炸雞	book-exact	(book-exact已用引擎重新驗證)
ทอด	tod	tɔ̄tˋ	炸	engine-auto	
ไก่ย่าง	gai yang	gaiˇ yāngˋ	烤雞	engine-auto	
ย่าง	yang	yāngˋ	烤	engine-auto	
ไก่ทอดหรือไก่ย่าง	gai tod reu gai yang	gaiˇ tɔ̄tˋ rɯ̄ˊ gaiˇ yāngˋ	炸雞還是烤雞	engine-auto	
นั่งแท็กซี่หรือนั่งรถไฟฟ้า	nang taxi reu nang rot fai fa	nangˋ tɛk~ sīˋ rɯ̄ˊ nangˋ rot~ fai fā~	搭計程車還是坐捷運	engine-auto	
หรือ	reu	rɯ̄ˊ	或	engine-auto	
หรือ	reu	rɯ̄ˊ	或	engine-auto	
หรือเปล่า	reu plao	rɯ̄ˊ blāuˇ	嗎	engine-auto	
หิว	hiw	hiwˊ	餓	engine-auto	
หิวหรือเปล่า	hiw reu plao	hiwˊ rɯ̄ˊ blāuˇ	餓嗎	engine-auto	
สดหรือเปล่า	sot reu plao	sotˇ rɯ̄ˊ blāuˇ	新鮮嗎	engine-auto	
สด	sot	sotˇ	新鮮	engine-auto	
น้ำหอม	nam hom	nām~ hɔ̄mˊ	香水	engine-auto	
หอมหรือเปล่า	hom reu plao	hɔ̄mˊ rɯ̄ˊ blāuˇ	香嗎	engine-auto	
เหนื่อย	nueai	nɯ̄aiˇ	累	engine-auto	
เหนื่อยหรือเปล่า	nueai reu plao	nɯ̄aiˇ rɯ̄ˊ blāuˇ	累嗎	engine-auto	
เหนื่อยไหม	nueai mai	nɯ̄aiˇ maiˊ	累嗎	engine-auto	
หนาว	nao	nāuˊ	冷、寒冷	engine-auto	
หนาวหรือเปล่า	nao reu plao	nāuˊ rɯ̄ˊ blāuˇ	冷嗎	engine-auto	
หนาวไหม	nao mai	nāuˊ maiˊ	冷嗎	engine-auto	
เหนื่อยไหม	nueai mai	nɯ̄aiˇ maiˊ	累嗎	engine-auto	
หิวไหม	hiw mai	hiwˊ maiˊ	餓嗎	engine-auto	
ไกลหรือเปล่า	glai reu plao	glai rɯ̄ˊ blāuˇ	遠嗎	engine-auto	
ไกล	glai	glai	遠	engine-auto	
ขอ	kho	kɔ̄ˊ	請、要	engine-auto	
ขอเมนูหน่อยค่ะ	kho menu noi kha	kɔ̄ˊ mē nū nɔ̄iˇ kaˋ	請給我菜單（女）	engine-auto	
ขอเมนูหน่อยครับ	kho menu noi krap	kɔ̄ˊ mē nū nɔ̄iˇ krap~	請給我菜單（男）	engine-auto	
ขอน้ำหน่อยค่ะ	kho nam noi kha	kɔ̄ˊ nām~ nɔ̄iˇ kaˋ	請給我水（女）	engine-auto	
หน่อย	noi	nɔ̄iˇ	一下、一下下	engine-auto	
ขอไลน์ได้ไหม	kho line dai mai	kɔ̄ˊ lai dhaiˋ maiˊ	可以加你 LINE 嗎	engine-auto	
ได้ไหม	dai mai	dhaiˋ maiˊ	可以嗎	engine-auto	
ขอไลน์ได้ไหม	kho line dai mai	kɔ̄ˊ lai dhaiˋ maiˊ	可以加你 LINE 嗎	engine-auto	
ขอเบอร์ได้ไหม	kho ber dai mai	kɔ̄ˊ bhə̄ dhaiˋ maiˊ	可以要電話嗎	engine-auto	
เบอร์	ber	bhə̄	號碼	engine-auto	
ขอเบอร์ได้ไหม	kho ber dai mai	kɔ̄ˊ bhə̄ dhaiˋ maiˊ	可以要電話嗎	engine-auto	
ขอ	kho	kɔ̄ˊ	請、要	engine-auto	
คุณมาจากไหน	khun maa jak nai	kun mā jākˇ naiˊ	你從哪裡來	engine-auto	
คุณมาจากประเทศไหน	khun maa jak prathet nai	kun mā jākˇ braˇ tētˋ naiˊ	你來自哪個國家	engine-auto	
ประเทศ	prathet	braˇ tētˋ	國家	engine-auto	
มาจากไต้หวัน	maa jak taiwan	mā jākˇ daiˋ wanˊ	來自台灣	engine-auto	
มาจากอินเดีย	maa jak india	mā jākˇ in dhīa	來自印度	engine-auto	
มาจากเกาหลี	maa jak kao-lee	mā jākˇ gāu līˊ	來自韓國	engine-auto	
มาจากอิตาลี	maa jak italii	mā jākˇ iˇ dā lī	來自義大利	engine-auto	
อิตาลี	italii	iˇ dā lī	義大利	engine-auto	
มาจากอิตาลี	maa jak italii	mā jākˇ iˇ dā lī	來自義大利	engine-auto	
泰文原文	泰式karaoke拼音	泰文原文	正體中文翻譯	engine-auto	
ใคร	khrai	krai	誰	engine-auto	
ใครเอาโค้ก	khrai ao coke	krai au kōk~	誰要可樂	engine-auto	
ใครเอากาแฟร้อน	khrai ao gaa-fae rorn	krai au gā fɛ̄ rɔ̄n~	誰要熱咖啡	engine-auto	
ใครเอาชาเย็น	khrai ao chaa yen	krai au chā yen	誰要冰茶	engine-auto	
ใครเอาข้าวผัดปู	khrai ao khaao phat puu	krai au kāuˋ patˇ bū	誰要蟹肉炒飯	engine-auto	
ใครเอาซาลาเปา	khrai ao sa-la-bao	krai au sā lā bāu	誰要包子	engine-auto	
ใครทำสุกี้	khrai tham suki	krai tam suˇ gīˋ	是誰做火鍋	engine-auto	
ใครทำเค้ก	khrai tham cake	krai tam kēk~	誰做蛋糕	engine-auto	
ฉันทำ	chan tham	chanˊ tam	我做	engine-auto	
ไม่มีคน	mai mii khon	maiˋ mī kon	沒有人	engine-auto	
ไม่มีใคร	mai mii khrai	maiˋ mī krai	沒有人／沒有誰	engine-auto	
ไม่มีใครกินเผ็ด	mai mii khrai kin phet	maiˋ mī krai gin petˇ	沒有人吃辣	engine-auto	
ไม่มีใครเอาชาร้อน	mai mii khrai ao chaa rorn	maiˋ mī krai au chā rɔ̄n~	沒有人要熱茶	engine-auto	
ชอบ	chop	chɔ̄pˋ	喜歡	engine-auto	
ไม่มีใครชอบ	mai mii khrai chop	maiˋ mī krai chɔ̄pˋ	沒有人喜歡	engine-auto	
ไม่มีใครพูดภาษาไทยเป็น	mai mii khrai phuut phasaa thai pen	maiˋ mī krai pūtˋ pā sāˊ tai ben	沒有人會說泰文	engine-auto	
พูดภาษาไทยเป็น	phuut phasaa thai pen	pūtˋ pā sāˊ tai ben	會說泰文	engine-auto	
ไม่มีใครไปเมืองไทย	mai mii khrai pai mueang thai	maiˋ mī krai bai mɯ̄ang tai	沒有人去泰國	engine-auto	
ไม่มีใครไปประเทศไทย	mai mii khrai pai prathet thai	maiˋ mī krai bai braˇ tētˋ tai	沒有人去泰國	engine-auto	
เมืองไทย	mueang thai	mɯ̄ang tai	泰國	engine-auto	
ของ	khong	kɔ̄ngˊ	的	engine-auto	
ของใคร	khong khrai	kɔ̄ngˊ krai	誰的	engine-auto	
เบียร์ของใคร	bia khong khrai	bhīa kɔ̄ngˊ krai	啤酒是誰的	engine-auto	
ของผม	khong phom	kɔ̄ngˊ pomˊ	我的 (男性)	engine-auto	
ของฉัน	khong chan	kɔ̄ngˊ chanˊ	我的 (女性)	engine-auto	
ผัดไทยของผม	phat thai khong phom	patˇ tai kɔ̄ngˊ pomˊ	泰式炒河粉是我的 (男性)	engine-auto	
ผัดไทยของฉัน	phat thai khong chan	patˇ tai kɔ̄ngˊ chanˊ	泰式炒河粉是我的 (女性)	engine-auto	
ต้มยำกุ้งของฉัน	tom yam kung khong chan	domˋ yam gungˋ kɔ̄ngˊ chanˊ	酸辣蝦湯是我的 (女性)	engine-auto	
ของผมไม่เอาเผ็ด	khong phom mai ao phet	kɔ̄ngˊ pomˊ maiˋ au petˇ	我的不要辣 (男性)	engine-auto	
ไม่เอา	mai ao	maiˋ au	不要	engine-auto	
เผ็ด	phet	petˇ	辣	engine-auto	
ของผมไม่เอาน้ำแข็ง	khong phom mai ao nam khaeng	kɔ̄ngˊ pomˊ maiˋ au nām~ kɛngˊ	我的不要冰塊 (男性)	engine-auto	
ไม่ใส่น้ำแข็ง	mai sai nam khaeng	maiˋ saiˇ nām~ kɛngˊ	不加冰塊	engine-auto	
ของผมไม่ใส่น้ำแข็ง	khong phom mai sai nam khaeng	kɔ̄ngˊ pomˊ maiˋ saiˇ nām~ kɛngˊ	我的不加冰塊 (男性)	engine-auto	
ของ	khong	kɔ̄ngˊ	的；東西、物品	engine-auto	
ของเผ็ด	khong phet	kɔ̄ngˊ petˇ	辣的食物	engine-auto	
กินของเผ็ดไม่ได้	kin khong phet mai dai	gin kɔ̄ngˊ petˇ maiˋ dhaiˋ	不能吃辣的食物	engine-auto	
ของทอด	khong thot	kɔ̄ngˊ tɔ̄tˋ	炸物	engine-auto	
ชอบกินของทอดไหม	chop kin khong thot mai	chɔ̄pˋ gin kɔ̄ngˊ tɔ̄tˋ maiˊ	喜歡吃炸物嗎？	engine-auto	
ชอบมาก	chop maak	chɔ̄pˋ mākˋ	非常喜歡	engine-auto	
ของหวาน	khong waan	kɔ̄ngˊ wānˊ	甜食	engine-auto	
กินของหวาน	kin khong waan	gin kɔ̄ngˊ wānˊ	吃甜食	engine-auto	
ของญี่ปุ่น	khong yiipun	kɔ̄ngˊ yīˋ bunˇ	日本貨	engine-auto	
ของไทย	khong thai	kɔ̄ngˊ tai	泰國貨	engine-auto	
ของเยอรมัน	khong yoe-ra-man	kɔ̄ngˊ yə̄n man	德國貨	engine-auto	
ของกิน	khong kin	kɔ̄ngˊ gin	吃的東西	engine-auto	
กิน	kin	gin	吃	book-exact	(book-exact已用引擎重新驗證)
ของใช้	khong chai	kɔ̄ngˊ chai~	用的東西	engine-auto	
ใช้	chai	chai~	用	engine-auto	
กี่ที่คะ	gii thii kha	gīˇ tīˋ ka~	幾位？	engine-auto	
ผู้ใหญ่	phuu yai	pūˋ yaiˇ	大人	engine-auto	
ผู้ใหญ่สาม	phuu yai saam	pūˋ yaiˇ sāmˊ	大人三位	engine-auto	
เด็ก	dek	dhekˇ	小孩	engine-auto	
เด็กสอง	dek song	dhekˇ sɔ̄ngˊ	小孩兩位	engine-auto	
ผู้ใหญ่สาม เด็กสอง	phuu yai saam dek song	pūˋ yaiˇ sāmˊ dhekˇ sɔ̄ngˊ	三大兩小	engine-auto	
ผู้ใหญ่สี่ เด็กสาม	phuu yai sii dek saam	pūˋ yaiˇ sīˇ dhekˇ sāmˊ	四大三小	engine-auto	
ปู่	puu	būˇ	爺爺	engine-auto	
ย่า	yaa	yāˋ	奶奶	engine-auto	
ปู่ย่า	puu yaa	būˇ yāˋ	爺爺奶奶	engine-auto	
ปู่ย่าอายุเท่าไหร่	puu yaa aa-yu thao-rai	būˇ yāˋ ā yu~ tāuˋ raiˇ	爺爺奶奶幾歲了？	engine-auto	
ตา	taa	dā	外公	engine-auto	
ยาย	yaai	yāi	外婆	engine-auto	
ตายาย	taa yaai	dā yāi	外公外婆	engine-auto	
ปู่ย่าตายาย	puu yaa taa yaai	būˇ yāˋ dā yāi	爺爺奶奶外公外婆	engine-auto	
ตายายมาจากเมืองจีน	taa yaai maa jaak mueang jiin	dā yāi mā jākˇ mɯ̄ang jīn	外公外婆來自中國	engine-auto	
พ่อ	phor	pɔ̄ˋ	爸爸	book-exact	(book-exact已用引擎重新驗證)
แม่	mae	mɛ̄ˋ	媽媽	book-exact	(book-exact已用引擎重新驗證)
พ่อแม่	phor mae	pɔ̄ˋ mɛ̄ˋ	父母	engine-auto	
ผม	phom	pomˊ	我 (男性)	engine-auto	
ฉัน	chan	chanˊ	我 (女性)	engine-auto	
แม่น้ำ	mae naam	mɛ̄ˋ nām~	河	engine-auto	
แม่น้ำเจ้าพระยา	mae naam jao phra yaa	mɛ̄ˋ nām~ jāuˋ pra~ yā	昭披耶河	engine-auto	
นี่แม่น้ำอะไร	nii mae naam a-rai	nīˋ mɛ̄ˋ nām~ aˇ rai	這是什麼河？	engine-auto	
แม่น้ำนี้ชื่ออะไร	mae naam nii chue a-rai	mɛ̄ˋ nām~ nī~ chɯ̄ˋ aˇ rai	這條河叫什麼名字？	engine-auto	
แม่น้ำปิง	mae naam ping	mɛ̄ˋ nām~ bing	屏河	engine-auto	
บ้าน	baan	bhānˋ	房子、家	engine-auto	
บ้านของคุณ	baan khong khun	bhānˋ kɔ̄ngˊ kun	你的家	engine-auto	
บ้านของคุณอยู่ที่ไหน	baan khong khun yuu thii nai	bhānˋ kɔ̄ngˊ kun yūˋ tīˋ naiˊ	你家在哪裡？	engine-auto	
แม่บ้าน	mae baan	mɛ̄ˋ bhānˋ	女傭、家庭主婦	book-exact	(book-exact已用引擎重新驗證)
ฉันเป็นแม่บ้าน	chan pen mae baan	chanˊ ben mɛ̄ˋ bhānˋ	我是家庭主婦	engine-auto	
พ่อตา	phor taa	pɔ̄ˋ dā	岳父	engine-auto	
แม่ยาย	mae yaai	mɛ̄ˋ yāi	岳母	engine-auto	
สามี	saa mii	sāˊ mī	丈夫	engine-auto	
สามีของฉัน	saa mii khong chan	sāˊ mī kɔ̄ngˊ chanˊ	我的先生	engine-auto	
สามีฉัน	saa mii chan	sāˊ mī chanˊ	我先生	engine-auto	
ลูกชาย	luuk chaai	lūkˋ chāi	兒子	engine-auto	
ลูก	luuk	lūkˋ	孩子、(量詞)顆	book-exact	(book-exact已用引擎重新驗證)
ลูกละเท่าไหร่	luuk la thao-rai	lūkˋ la~ tāuˋ raiˇ	一顆多少錢？	engine-auto	
ชาย	chaai	chāi	男	engine-auto	
ลูกสาว	luuk saao	lūkˋ sāuˊ	女兒	engine-auto	
สาว	saao	sāuˊ	女	engine-auto	
เมีย	mia	mīa	老婆 (口語)	engine-auto	
เมียน้อย	mia noi	mīa nɔ̄i~	小老婆	engine-auto	
น้อย	noi	nɔ̄i~	小、少	engine-auto	
เมียเช่า	mia chao	mīa chāuˋ	租妻	engine-auto	
เช่า	chao	chāuˋ	租	engine-auto	
เช่ารถ	chao rot	chāuˋ rot~	租車	engine-auto	
หวานน้อย	waan noi	wānˊ nɔ̄i~	少糖	engine-auto	
ชาเย็นหวานน้อย	chaa yen waan noi	chā yen wānˊ nɔ̄i~	冰茶少糖	engine-auto	
เผ็ดน้อย	phet noi	petˇ nɔ̄i~	小辣	engine-auto	
กะเพราหมู	ga-phrao muu	gaˇ prāu mūˊ	打拋豬	engine-auto	
กะเพราหมูเผ็ดน้อย	ga-phrao muu phet noi	gaˇ prāu mūˊ petˇ nɔ̄i~	打拋豬小辣	engine-auto	
คนน้อย	khon noi	kon nɔ̄i~	人少	engine-auto	
กินน้อย	kin noi	gin nɔ̄i~	吃得少	engine-auto	
นอนน้อย	non noi	nɔ̄n nɔ̄i~	睡得少	engine-auto	
เช่าบ้าน	chao baan	chāuˋ bhānˋ	租房子	engine-auto	
ห้อง	hong	hɔ̄ngˋ	房間	book-exact	(book-exact已用引擎重新驗證)
เช่าห้อง	chao hong	chāuˋ hɔ̄ngˋ	租房間	engine-auto	
เช่ามอเตอร์ไซค์	chao motor-sai	chāuˋ mɔ̄ də̄ sai	租摩托車	engine-auto	
泰文	泰式karaoke拼音	泰文	中文	engine-auto	
แม่	mae	mɛ̄ˋ	媽媽	book-exact	(book-exact已用引擎重新驗證)
พ่อ	phor	pɔ̄ˋ	爸爸	book-exact	(book-exact已用引擎重新驗證)
ลูกสาว	luuk saao	lūkˋ sāuˊ	女兒	engine-auto	
ลูกชาย	luuk chaai	lūkˋ chāi	兒子	engine-auto	
หลาน	laan	lānˊ	孫子/孫女/外甥/外甥女	engine-auto	
หลานสาว	laan saao	lānˊ sāuˊ	孫女/外甥女	engine-auto	
หลานชาย	laan chaai	lānˊ chāi	孫子/外甥	engine-auto	
ล้าน	laan	lān~	百萬	engine-auto	
ร้าน	raan	rān~	商店	book-exact	(book-exact已用引擎重新驗證)
พี่	phii	pīˋ	哥哥/姐姐	engine-auto	
พี่สาว	phii saao	pīˋ sāuˊ	姐姐	engine-auto	
พี่ชาย	phii chaai	pīˋ chāi	哥哥	engine-auto	
พี่	phii	pīˋ	（稱呼）大哥/大姐	engine-auto	
พี่คะ / พี่ครับ	phii kha / phii krap	pīˋ ka~ / pīˋ krap~	大哥/大姐（稱呼語氣詞）	engine-auto	
ขอเมนูหน่อย	kho menu noi	kɔ̄ˊ mē nū nɔ̄iˇ	請給我菜單	engine-auto	
พี่ๆ	phii phii	pīˋ pīˋ	（重複呼叫）大哥/大姐	engine-auto	
เจ๊	jeh	jē~	姐（來自潮州話）	engine-auto	
เจ๊หนู	jeh nu	jē~ nūˊ	奴姐	engine-auto	
เจ๊หนูเล็ก	jeh nu lek	jē~ nūˊ lek~	小奴姐	engine-auto	
น้อง	nong	nɔ̄ng~	弟弟/妹妹	engine-auto	
น้องสาว	nong saao	nɔ̄ng~ sāuˊ	妹妹	engine-auto	
น้องชาย	nong chaai	nɔ̄ng~ chāi	弟弟	engine-auto	
น้อง เก็บตังค์	nong kep tang	nɔ̄ng~ gepˇ dang	小弟/小妹，結帳	engine-auto	
น้องๆ เก็บตังค์	nong nong kep tang	nɔ̄ng~ nɔ̄ng~ gepˇ dang	（重複呼叫）小弟/小妹，結帳	engine-auto	
น้อง เท่าไหร่คะ	nong thao-rai kha	nɔ̄ng~ tāuˋ raiˇ ka~	小弟/小妹，多少錢？	engine-auto	
พี่ เท่าไหร่คะ	phii thao-rai kha	pīˋ tāuˋ raiˇ ka~	大哥/大姐，多少錢？	engine-auto	
พี่น้อง	phii nong	pīˋ nɔ̄ng~	兄弟姐妹	engine-auto	
มีพี่น้องไหม	mii phii nong mai	mī pīˋ nɔ̄ng~ maiˊ	有兄弟姐妹嗎？	engine-auto	
มีพี่น้องกี่คน	mii phii nong gii khon	mī pīˋ nɔ̄ng~ gīˇ kon	有幾個兄弟姐妹？	engine-auto	
ชาย	chaai	chāi	男	engine-auto	
ผู้ชาย	phu chaai	pūˋ chāi	男生	engine-auto	
ผู้ใหญ่	phu yai	pūˋ yaiˇ	大人	engine-auto	
ผู้หญิง	phu ying	pūˋ yingˊ	女生	engine-auto	
สาว	saao	sāuˊ	年輕女子	engine-auto	
หญิง	ying	yingˊ	女	engine-auto	
ผู้ชายไทย	phu chaai thai	pūˋ chāi tai	泰國男生	engine-auto	
ผู้ชายไต้หวัน	phu chaai taiwan	pūˋ chāi daiˋ wanˊ	台灣男生	engine-auto	
ผู้ชายญี่ปุ่น	phu chaai yiipun	pūˋ chāi yīˋ bunˇ	日本男生	engine-auto	
ผู้หญิงจีน	phu ying jiin	pūˋ yingˊ jīn	中國女生	engine-auto	
ผู้หญิงเกาหลี	phu ying gaoli	pūˋ yingˊ gāu līˊ	韓國女生	engine-auto	
ผู้หญิงเวียดนาม	phu ying wiatnaam	pūˋ yingˊ wīatˋ nām	越南女生	engine-auto	
ห้องน้ำ	hong nam	hɔ̄ngˋ nām~	廁所	engine-auto	
ห้องน้ำหญิง	hong nam ying	hɔ̄ngˋ nām~ yingˊ	女廁	engine-auto	
ห้องน้ำผู้หญิง	hong nam phu ying	hɔ̄ngˋ nām~ pūˋ yingˊ	女廁	engine-auto	
ห้องน้ำชาย	hong nam chaai	hɔ̄ngˋ nām~ chāi	男廁	engine-auto	
ห้องน้ำผู้ชาย	hong nam phu chaai	hɔ̄ngˋ nām~ pūˋ chāi	男廁	engine-auto	
เด็ก	dek	dhekˇ	小孩	engine-auto	
เด็กผู้ชาย	dek phu chaai	dhekˇ pūˋ chāi	小男孩	engine-auto	
เด็กผู้หญิง	dek phu ying	dhekˇ pūˋ yingˊ	小女孩	engine-auto	
ผู้ใหญ่สาม เด็กสอง	phu yai saam dek song	pūˋ yaiˇ sāmˊ dhekˇ sɔ̄ngˊ	大人三位，小孩兩位	engine-auto	
เพื่อน	phuean	pɯ̄anˋ	朋友	engine-auto	
มีเพื่อน	mii phuean	mī pɯ̄anˋ	有朋友	engine-auto	
เพื่อนคนไทย	phuean khon thai	pɯ̄anˋ kon tai	泰國朋友	engine-auto	
เพื่อนมาไต้หวัน	phuean maa taiwan	pɯ̄anˋ mā daiˋ wanˊ	朋友來台灣	engine-auto	
แฟน	faen	fɛ̄n	情人/男女朋友	engine-auto	
มีแฟนแล้ว	mii faen laew	mī fɛ̄n lɛ̄u~	有情人了	engine-auto	
แฟนเป็นคนไทย	faen pen khon thai	fɛ̄n ben kon tai	情人是泰國人	engine-auto	
สามี	saa mii	sāˊ mī	丈夫	engine-auto	
ครู	khruu	krū	老師	engine-auto	
อาจารย์	aajaan	ā jān	教授/師傅	engine-auto	
ครูภาษาไทย	khruu phasaa thai	krū pā sāˊ tai	泰文老師	engine-auto	
อาจารย์ภาษาไทย	aajaan phasaa thai	ā jān pā sāˊ tai	泰文教授	engine-auto	
ครูภาษาจีน	khruu phasaa jiin	krū pā sāˊ jīn	中文老師	engine-auto	
ครูภาษาญี่ปุ่น	khruu phasaa yiipun	krū pā sāˊ yīˋ bunˇ	日文老師	engine-auto	
โยคะ	yoo kha	yō ka~	瑜珈	engine-auto	
ครูโยคะ	khruu yoo kha	krū yō ka~	瑜珈老師	engine-auto	
ครูเปียโน	khruu pia no	krū bīa nō	鋼琴老師	engine-auto	
เปียโน	pia no	bīa nō	鋼琴	engine-auto	
นักเรียน	nak rian	nak~ rīan	學生（中小學）	engine-auto	
นักศึกษา	nak seuk saa	nak~ sɯkˇ sāˊ	大學生	engine-auto	
ฉัน	chan	chanˊ	我 (女性)	engine-auto	
ผม	phom	pomˊ	我 (男性)	engine-auto	
เรา	rao	rāu	我/我們	engine-auto	
คุณ	khun	kun	你	engine-auto	
เธอ	thoe	tə̄	你 (用於平輩或晚輩)	engine-auto	
เธอชื่ออะไร	thoe chue a-rai	tə̄ chɯ̄ˋ aˇ rai	你叫什麼名字？	engine-auto	
คุณปู่	khun puu	kun būˇ	(稱呼) 爺爺	engine-auto	
คุณย่า	khun yaa	kun yāˋ	(稱呼) 奶奶	engine-auto	
คุณยาย	khun yaai	kun yāi	(稱呼) 外婆	engine-auto	
เขา	khao	kāuˊ	他 / 她	engine-auto	
ท่าน	than	tānˋ	他 / 她 (尊敬的用法)	engine-auto	
วันนี้ท่านไม่มา	wan nii than mai maa	wan nī~ tānˋ maiˋ mā	今天他沒來。	engine-auto	
ท่านไปไหน	than pai nai	tānˋ bai naiˊ	他去哪裡？	engine-auto	
มัน	man	man	它	engine-auto	
วันนี้มันไม่มา	wan nii man mai maa	wan nī~ man maiˋ mā	今天它不來。	engine-auto	
มีไหมคะ	mii mai kha	mī maiˊ ka~	有問題嗎？	engine-auto	
พ่อสามี	phor saa mii	pɔ̄ˋ sāˊ mī	公公	engine-auto	
สามี	saa mii	sāˊ mī	先生/丈夫	engine-auto	
พ่อ	phor	pɔ̄ˋ	爸爸	book-exact	(book-exact已用引擎重新驗證)
แม่สามี	mae saa mii	mɛ̄ˋ sāˊ mī	婆婆	engine-auto	
พ่อตา	phor taa	pɔ̄ˋ dā	岳父	engine-auto	
แม่ยาย	mae yaai	mɛ̄ˋ yāi	岳母	engine-auto	
ขอบคุณค่ะ	khop khun kha	kɔ̄pˇ kun kaˋ	謝謝	engine-auto	
ขนมจีน	khanom jiin	kaˇ nom jīn	米線	engine-auto	
อยากกินขนมจีน	yaak kin khanom jiin	yākˋ gin kaˇ nom jīn	想吃米線	engine-auto	
เจอกันอาทิตย์หน้า	joe kan a-thit naa	jə̄ gan ā tit~ nāˋ	下個禮拜見	engine-auto	
วันนี้ขอบคุณค่ะ	wan nii khop khun kha	wan nī~ kɔ̄pˇ kun kaˋ	今天謝謝大家	engine-auto	
บ๊ายบายค่ะ	baai baai kha	bhāi~ bhāi kaˋ	拜拜	engine-auto	
ของ	kong	kɔ̄ngˊ	的、東西	engine-auto	
ชาเย็นของใคร	cha yen kong krai	chā yen kɔ̄ngˊ krai	泰式奶茶是誰的？	engine-auto	
ใคร	krai	krai	誰	engine-auto	
ชาเย็นของผม	cha yen kong phom	chā yen kɔ̄ngˊ pomˊ	（我的）泰式奶茶（男性用）	engine-auto	
ของผม	kong phom	kɔ̄ngˊ pomˊ	我的（男性用）	engine-auto	
ของฉัน	kong chan	kɔ̄ngˊ chanˊ	我的（女性用）	engine-auto	
ชาเย็นของฉัน	cha yen kong chan	chā yen kɔ̄ngˊ chanˊ	（我的）泰式奶茶（女性用）	engine-auto	
กาแฟร้อนของใคร	gaa fae ron kong krai	gā fɛ̄ rɔ̄n~ kɔ̄ngˊ krai	熱咖啡是誰的？	engine-auto	
เขา	kao	kāuˊ	他	engine-auto	
ของเขา	kong kao	kɔ̄ngˊ kāuˊ	他的	engine-auto	
กาแฟร้อนของเขา	gaa fae ron kong kao	gā fɛ̄ rɔ̄n~ kɔ̄ngˊ kāuˊ	他的熱咖啡	engine-auto	
แม่ของฉัน	mae kong chan	mɛ̄ˋ kɔ̄ngˊ chanˊ	我的媽媽	engine-auto	
แม่ฉัน	mae chan	mɛ̄ˋ chanˊ	我媽	engine-auto	
ทำอาหาร	tam a-han	tam ā hānˊ	做菜	engine-auto	
เก่ง	geng	gēngˇ	厲害、很棒	engine-auto	
คุณทำอาหารเก่ง	khun tam a-han geng	kun tam ā hānˊ gēngˇ	你很會做菜	engine-auto	
พูดเก่ง	pood geng	pūtˋ gēngˇ	很會說	engine-auto	
กินเก่ง	gin geng	gin gēngˇ	很會吃	engine-auto	
ทำอาหารเก่ง	tam a-han geng	tam ā hānˊ gēngˇ	很會做菜	engine-auto	
แม่ของฉันทำอาหารเก่ง	mae kong chan tam a-han geng	mɛ̄ˋ kɔ̄ngˊ chanˊ tam ā hānˊ gēngˇ	我媽媽很會做菜	engine-auto	
บ้านของเขา	baan kong kao	bhānˋ kɔ̄ngˊ kāuˊ	他的家	engine-auto	
บ้าน	baan	bhānˋ	家、房子	engine-auto	
ใหญ่มาก	yai mak	yaiˇ mākˋ	非常大	engine-auto	
บ้านของเขาใหญ่มาก	baan kong kao yai mak	bhānˋ kɔ̄ngˊ kāuˊ yaiˇ mākˋ	他的家非常大	engine-auto	
ของทอด	kong thot	kɔ̄ngˊ tɔ̄tˋ	炸物	engine-auto	
กินมากไม่ดี	gin mak mai dee	gin mākˋ maiˋ dhī	吃很多不好	engine-auto	
ไม่ดี	mai dee	maiˋ dhī	不好	engine-auto	
ของทอดกินมากไม่ดี	kong thot gin mak mai dee	kɔ̄ngˊ tɔ̄tˋ gin mākˋ maiˋ dhī	炸物吃多了不好	engine-auto	
ของเผ็ด	kong phet	kɔ̄ngˊ petˇ	辣的東西	engine-auto	
ผมกินของเผ็ดไม่ได้	phom gin kong phet mai dai	pomˊ gin kɔ̄ngˊ petˇ maiˋ dhaiˋ	我不能吃辣的東西（男性用）	engine-auto	
ของปิ้งย่าง	kong ping yang	kɔ̄ngˊ bingˋ yāngˋ	烤的東西	engine-auto	
ของย่าง	kong yang	kɔ̄ngˊ yāngˋ	烤的東西	engine-auto	
ปิ้งย่าง	ping yang	bingˋ yāngˋ	燒烤	engine-auto	
ฉันชอบกินของปิ้งย่าง	chan chop gin kong ping yang	chanˊ chɔ̄pˋ gin kɔ̄ngˊ bingˋ yāngˋ	我喜歡吃烤的東西	engine-auto	
ใครเอา	krai ao	krai au	誰要？	engine-auto	
ใครเอาผัดไทย	krai ao phad thai	krai au patˇ tai	誰要泰式炒河粉？	engine-auto	
ใครทำผัดไทย	krai tam phad thai	krai tam patˇ tai	誰做泰式炒河粉？	engine-auto	
ใครมา	krai ma	krai mā	誰來？	engine-auto	
มา	ma	mā	來	engine-auto	
ใครพูด	krai pood	krai pūtˋ	誰說？	engine-auto	
พูด	pood	pūtˋ	說	book-exact	(book-exact已用引擎重新驗證)
มีใครไหม	mee krai mai	mī krai maiˊ	有人嗎？	engine-auto	
ไม่มีใคร	mai mee krai	maiˋ mī krai	沒有人	engine-auto	
มีใครอยู่ไหม	mee krai yuu mai	mī krai yūˋ maiˊ	有人在嗎？	engine-auto	
มีคนอยู่ไหม	mee khon yuu mai	mī kon yūˋ maiˊ	有人在嗎？	engine-auto	
มีคนไหม	mee khon mai	mī kon maiˊ	有人嗎？	engine-auto	
ไม่มีใครอยู่	mai mee krai yuu	maiˋ mī krai yūˋ	沒有人在	engine-auto	
มีใครเอาไหม	mee krai ao mai	mī krai au maiˊ	有人要嗎？	engine-auto	
ส้มตำ	som tam	somˋ dam	涼拌青木瓜絲	engine-auto	
ไม่มีใครเอา	mai mee krai ao	maiˋ mī krai au	沒有人要	engine-auto	
มีใครชอบไหม	mee krai chop mai	mī krai chɔ̄pˋ maiˊ	有人喜歡嗎？	engine-auto	
ไม่มีใครชอบ	mai mee krai chop	maiˋ mī krai chɔ̄pˋ	沒有人喜歡	engine-auto	
มีใครรู้ไหม	mee krai ru mai	mī krai rū~ maiˊ	有人知道嗎？	engine-auto	
รู้	ru	rū~	知道	engine-auto	
ไม่มีใครรู้	mai mee krai ru	maiˋ mī krai rū~	沒有人知道	engine-auto	
ปู่	puu	būˇ	爺爺（父親的父親）	engine-auto	
ย่า	yaa	yāˋ	奶奶（父親的母親）	engine-auto	
ปู่ย่า	puu yaa	būˇ yāˋ	爺爺奶奶（父系）	engine-auto	
ตา	taa	dā	外公	engine-auto	
ยาย	yaai	yāi	外婆	engine-auto	
ปู่ย่าตายาย	puu yaa taa yaai	būˇ yāˋ dā yāi	（外）祖父母	engine-auto	
พ่อ	por	pɔ̄ˋ	爸爸	book-exact	(book-exact已用引擎重新驗證)
วัน	wan	wan	日、天	book-exact	(book-exact已用引擎重新驗證)
วันพ่อ	wan por	wan pɔ̄ˋ	父親節	engine-auto	
สุขสันต์วันพ่อ	suk san wan por	sukˇ sanˊ wan pɔ̄ˋ	父親節快樂	engine-auto	
สุขสันต์วันเกิด	suk san wan gued	sukˇ sanˊ wan gə̄tˇ	生日快樂	engine-auto	
แม่	mae	mɛ̄ˋ	媽媽	book-exact	(book-exact已用引擎重新驗證)
พ่อแม่	por mae	pɔ̄ˋ mɛ̄ˋ	父母	engine-auto	
ลูก	look	lūkˋ	孩子、…顆（量詞）	book-exact	(book-exact已用引擎重新驗證)
พ่อแม่ลูก	por mae look	pɔ̄ˋ mɛ̄ˋ lūkˋ	父母與孩子	engine-auto	
คุณปู่	khun puu	kun būˇ	爺爺（尊稱）	engine-auto	
คุณย่า	khun yaa	kun yāˋ	奶奶（尊稱）	engine-auto	
คุณยาย	khun yaai	kun yāi	外婆（尊稱）	engine-auto	
คุณตา	khun taa	kun dā	外公（尊稱）	engine-auto	
คุณพ่อ	khun por	kun pɔ̄ˋ	爸爸（尊稱）	engine-auto	
คุณแม่	khun mae	kun mɛ̄ˋ	媽媽（尊稱）	engine-auto	
ปู่ชอบกินปู	puu chop gin puu	būˇ chɔ̄pˋ gin bū	爺爺喜歡吃螃蟹	engine-auto	
คุณปู่ชอบกินปู	khun puu chop gin puu	kun būˇ chɔ̄pˋ gin bū	爺爺喜歡吃螃蟹（尊稱）	engine-auto	
คุณย่าไม่ค่อยสบาย	khun yaa mai koi sabai	kun yāˋ maiˋ kɔ̄iˋ saˇ bhāi	奶奶不太舒服（尊稱）	engine-auto	
ไม่ค่อยสบาย	mai koi sabai	maiˋ kɔ̄iˋ saˇ bhāi	不太舒服	engine-auto	
ตายายของฉัน	taa yaai kong chan	dā yāi kɔ̄ngˊ chanˊ	我的外公外婆	engine-auto	
คุณตาคุณยาย	khun taa khun yaai	kun dā kun yāi	外公外婆（尊稱）	engine-auto	
มาจากเมืองจีน	maa jaak mueang jeen	mā jākˇ mɯ̄ang jīn	來自中國	engine-auto	
มาจาก	maa jaak	mā jākˇ	來自	engine-auto	
เมืองจีน	mueang jeen	mɯ̄ang jīn	中國	engine-auto	
ตายายของฉันมาจากเมืองจีน	taa yaai kong chan maa jaak mueang jeen	dā yāi kɔ̄ngˊ chanˊ mā jākˇ mɯ̄ang jīn	我的外公外婆來自中國	engine-auto	
พ่อแม่ไม่อยู่	por mae mai yuu	pɔ̄ˋ mɛ̄ˋ maiˋ yūˋ	父母不在	engine-auto	
วันนี้	wan nii	wan nī~	今天	engine-auto	
วันนี้พ่อแม่ไม่อยู่	wan nii por mae mai yuu	wan nī~ pɔ̄ˋ mɛ̄ˋ maiˋ yūˋ	今天父母不在	engine-auto	
บ้าน	baan	bhānˋ	家	engine-auto	
วันนี้พ่อแม่ไม่อยู่บ้าน	wan nii por mae mai yuu baan	wan nī~ pɔ̄ˋ mɛ̄ˋ maiˋ yūˋ bhānˋ	今天父母不在家	engine-auto	
ลูกสาว	look saao	lūkˋ sāuˊ	女兒	engine-auto	
อายุเท่าไหร่	aa-yu tao rai	ā yu~ tāuˋ raiˇ	幾歲？	engine-auto	
ลูกสาวอายุ 3 ปี	look saao aa-yu saam bpii	lūkˋ sāuˊ ā yu~ 3 bī	女兒三歲了	engine-auto	
อายุ 3 ปี	aa-yu saam bpii	ā yu~ 3 bī	三歲	engine-auto	
ลูกชาย	look chaai	lūkˋ chāi	兒子	engine-auto	
เรียนเก่ง	rian geng	rīan gēngˇ	會讀書、學習很好	engine-auto	
ลูกชายเรียนเก่ง	look chaai rian geng	lūkˋ chāi rīan gēngˇ	兒子學習很好	engine-auto	
ลูกละเท่าไหร่	look la tao rai	lūkˋ la~ tāuˋ raiˇ	一顆多少錢？	engine-auto	
พี่น้อง	phii nong	pīˋ nɔ̄ng~	兄弟姐妹	engine-auto	
มีพี่น้อง 5 คน	mii phii nong haa khon	mī pīˋ nɔ̄ng~ 5 kon	有五個兄弟姐妹	engine-auto	
พี่ชาย	phii chaai	pīˋ chāi	哥哥	engine-auto	
พี่สาว	phii saao	pīˋ sāuˊ	姐姐	engine-auto	
มี	mii	mī	有	book-exact	(book-exact已用引擎重新驗證)
น้องชาย	nong chaai	nɔ̄ng~ chāi	弟弟	engine-auto	
ไม่มีพี่ชาย มีน้องสาว	mai mii phii chaai mii nong saao	maiˋ mī pīˋ chāi mī nɔ̄ng~ sāuˊ	沒有哥哥，有妹妹	engine-auto	
พี่น้อง	phii nong	pīˋ nɔ̄ng~	兄弟姐妹	engine-auto	
มีพี่น้องกี่คน	mii phii nong gii khon	mī pīˋ nɔ̄ng~ gīˇ kon	有幾個兄弟姐妹？	engine-auto	
พี่	phii	pīˋ	哥哥/姐姐（稱呼較年長者）	engine-auto	
พี่ๆ	phii phii	pīˋ pīˋ	哥哥們/姐姐們	engine-auto	
น้อง	nong	nɔ̄ng~	弟弟/妹妹（稱呼較年輕者）	engine-auto	
น้องๆ	nong nong	nɔ̄ng~ nɔ̄ng~	弟弟們/妹妹們	engine-auto	
พี่คะ ขอเมนูหน่อยค่ะ	phii kha kho menu noi kha	pīˋ ka~ kɔ̄ˊ mē nū nɔ̄iˇ kaˋ	(女) 姐/哥，請給我菜單	engine-auto	
ขอเมนูหน่อย	kho menu noi	kɔ̄ˊ mē nū nɔ̄iˇ	請給我菜單	engine-auto	
น้องคะ เท่าไหร่ครับ	nong kha thao rai khrab	nɔ̄ng~ ka~ tāuˋ raiˇ krap~	(男) 弟/妹，多少錢？	engine-auto	
เท่าไหร่คะ	thao rai kha	tāuˋ raiˇ ka~	(女) 多少錢？	engine-auto	
พี่คะ เท่าไหร่คะ	phii kha thao rai kha	pīˋ ka~ tāuˋ raiˇ ka~	(女) 姐/哥，多少錢？	engine-auto	
ผู้ใหญ่	phu yai	pūˋ yaiˇ	大人、成年人	engine-auto	
ตั๋วผู้ใหญ่	tua phu yai	dūaˊ pūˋ yaiˇ	成人票	engine-auto	
ตั๋ว	tua	dūaˊ	票	engine-auto	
ตั๋วผู้ใหญ่ใบละเท่าไหร่	tua phu yai bai la thao rai	dūaˊ pūˋ yaiˇ bhai la~ tāuˋ raiˇ	成人票一張多少錢？	engine-auto	
ใบละเท่าไหร่	bai la thao rai	bhai la~ tāuˋ raiˇ	一張多少錢？	engine-auto	
ตั๋วผู้ใหญ่ใบละ 30 บาท	tua phu yai bai la 30 baht	dūaˊ pūˋ yaiˇ bhai la~ 30 bhātˇ	成人票一張30泰銖	engine-auto	
บาท	baht	bhātˇ	泰銖	engine-auto	
ใบละ 30 บาท	bai la 30 baht	bhai la~ 30 bhātˇ	一張30泰銖	engine-auto	
คนไทย	khon thai	kon tai	泰國人	engine-auto	
30 บาท	30 baht	30 bhātˇ	30泰銖	engine-auto	
50 บาท	50 baht	50 bhātˇ	50泰銖	engine-auto	
เด็ก	dek	dhekˇ	小孩、兒童	engine-auto	
ตั๋วเด็ก	tua dek	dūaˊ dhekˇ	兒童票	engine-auto	
วันเด็ก	wan dek	wan dhekˇ	兒童節	engine-auto	
วัน	wan	wan	日子、天	book-exact	(book-exact已用引擎重新驗證)
เด็ก	dek	dhekˇ	小孩	engine-auto	
เด็กชอบกินขนม	dek chop kin khanom	dhekˇ chɔ̄pˋ gin kaˇ nom	小孩喜歡吃零食	engine-auto	
ผู้ใหญ่	phu yai	pūˋ yaiˇ	大人	engine-auto	
ผู้ชาย	phu chaai	pūˋ chāi	男人、男生	engine-auto	
ชาย	chaai	chāi	男	engine-auto	
ห้องน้ำผู้ชาย	hong nam phu chaai	hɔ̄ngˋ nām~ pūˋ chāi	男生廁所	engine-auto	
ห้องน้ำชาย	hong nam chaai	hɔ̄ngˋ nām~ chāi	男廁	engine-auto	
ห้องน้ำชายอยู่ที่ไหน	hong nam chaai yuu thi nai	hɔ̄ngˋ nām~ chāi yūˋ tīˋ naiˊ	男廁在哪裡？	engine-auto	
ครับ	khrab	krap~	(男) 語氣助詞	engine-auto	
ผู้หญิง	phu ying	pūˋ yingˊ	女人、女生	engine-auto	
ห้องน้ำผู้หญิง	hong nam phu ying	hɔ̄ngˋ nām~ pūˋ yingˊ	女生廁所	engine-auto	
ห้องน้ำหญิง	hong nam ying	hɔ̄ngˋ nām~ yingˊ	女廁	engine-auto	
อยู่ตรงไหน	yuu trong nai	yūˋ drong naiˊ	在哪個位置？	engine-auto	
ห้องน้ำหญิงอยู่ตรงไหน	hong nam ying yuu trong nai	hɔ̄ngˋ nām~ yingˊ yūˋ drong naiˊ	女廁在哪個位置？	engine-auto	
อยู่ตรงไหนคะ	yuu trong nai kha	yūˋ drong naiˊ ka~	(女) 在哪個位置呢？	engine-auto	
คะ	kha	ka~	(女) 語氣助詞	engine-auto	
ขอโทษค่ะ	kho thot kha	kɔ̄ˊ tōtˋ kaˋ	(女) 不好意思、對不起	engine-auto	
ขอโทษค่ะ ห้องน้ำหญิงอยู่ตรงไหนคะ	kho thot kha hong nam ying yuu trong nai kha	kɔ̄ˊ tōtˋ kaˋ hɔ̄ngˋ nām~ yingˊ yūˋ drong naiˊ ka~	(女) 不好意思，女廁在哪個位置呢？	engine-auto	
แฟน	faen	fɛ̄n	情人、男朋友、女朋友	engine-auto	
แล้ว	laeo	lɛ̄u~	了	book-exact	(book-exact已用引擎重新驗證)
มีแฟนแล้ว	mii faen laeo	mī fɛ̄n lɛ̄u~	有情人了	engine-auto	
เขามีแฟนแล้ว	khao mii faen laeo	kāuˊ mī fɛ̄n lɛ̄u~	他有情人了	engine-auto	
แฟนคลับ	faen club	fɛ̄n klap~	粉絲俱樂部、粉絲	engine-auto	
คลับ	club	klap~	俱樂部 (Club)	engine-auto	
แฟนของเขา	faen khong khao	fɛ̄n kɔ̄ngˊ kāuˊ	他的情人	engine-auto	
เค้า	khao	kāu~	他（口語，較高音）	engine-auto	
แฟนของเค้า	faen khong khao	fɛ̄n kɔ̄ngˊ kāu~	他的情人（口語）	engine-auto	
เป็นคนไทย	pen khon thai	ben kon tai	是泰國人	engine-auto	
แฟนของเขาเป็นคนไทย	faen khong khao pen khon thai	fɛ̄n kɔ̄ngˊ kāuˊ ben kon tai	他的情人是泰國人	engine-auto	
สามี	sa mii	sāˊ mī	丈夫	engine-auto	
สามีไปญี่ปุ่น	sa mii pai yiipun	sāˊ mī bai yīˋ bunˇ	丈夫去日本	engine-auto	
2 อาทิตย์	song a-thit	2 ā tit~	兩個禮拜	engine-auto	
สามีไปญี่ปุ่น 2 อาทิตย์	sa mii pai yiipun song a-thit	sāˊ mī bai yīˋ bunˇ 2 ā tit~	丈夫去日本兩個禮拜	engine-auto	
ไปตลาด	pai ta lad	bai daˇ lātˋ	去市場	engine-auto	
ซื้อผัก	seu phak	sɯ̄~ pakˇ	買菜	engine-auto	
เมีย	mia	mīa	老婆（口語）	engine-auto	
เมียน้อย	mia noi	mīa nɔ̄i~	小老婆、小三	engine-auto	
สามีมีเมียน้อย	sa mii mii mia noi	sāˊ mī mī mīa nɔ̄i~	丈夫有小老婆	engine-auto	
สามีของเขามีเมียน้อย	sa mii khong khao mii mia noi	sāˊ mī kɔ̄ngˊ kāuˊ mī mīa nɔ̄i~	他的丈夫有小老婆	engine-auto	
ครู	khruu	krū	老師（一般用法）	engine-auto	
อาจารย์	a jaan	ā jān	老師、教授、師傅	engine-auto	
ชื่ออะไร	chue a rai	chɯ̄ˋ aˇ rai	叫什麼名字？	engine-auto	
ฉันชื่อหนูเล็ก	chan chue Nu Lek	chanˊ chɯ̄ˋ nūˊ lek~	我叫NuLek	engine-auto	
นักเรียน	nak rian	nak~ rīan	學生（指中小學生）	engine-auto	
มีนักเรียนกี่คน	mii nak rian gii khon	mī nak~ rīan gīˇ kon	有幾個學生？	engine-auto	
นักศึกษา	nak seuk saa	nak~ sɯkˇ sāˊ	大學生	engine-auto	
นักศึกษาหญิง	nak seuk saa ying	nak~ sɯkˇ sāˊ yingˊ	女大學生	engine-auto	
นักศึกษาชาย	nak seuk saa chaai	nak~ sɯkˇ sāˊ chāi	男大學生	engine-auto	
มาจากไหน	maa jaak nai	mā jākˇ naiˊ	來自哪裡？	engine-auto	
มาจากไต้หวัน	maa jaak tai wan	mā jākˇ daiˋ wanˊ	來自台灣	engine-auto	
เป็น	pen	ben	是	book-exact	(book-exact已用引擎重新驗證)
เช่ารถ	chao rot	chāuˋ rot~	租車	engine-auto	
เช่าห้อง	chao hong	chāuˋ hɔ̄ngˋ	租房間	engine-auto	
เช่าบ้าน	chao baan	chāuˋ bhānˋ	租房子	engine-auto	
ไปทะเล	pai ta lay	bai ta~ lē	去海邊	engine-auto	
เช่าเรือ	chao ruea	chāuˋ rɯ̄a	租船	engine-auto	
น้อย	noi	nɔ̄i~	少、小	engine-auto	
เถ้าแก่น้อย	tao gae noi	tāuˋ gɛ̄ˇ nɔ̄i~	小老闆	engine-auto	
สาหร่าย	sa rai	sāˊ rāiˇ	海苔、海藻	engine-auto	
สาหร่ายเถ้าแก่น้อย	sa rai tao gae noi	sāˊ rāiˇ tāuˋ gɛ̄ˇ nɔ̄i~	小老闆海苔	engine-auto	
นอนน้อย	non noi	nɔ̄n nɔ̄i~	睡得少	engine-auto	
กินน้อย	gin noi	gin nɔ̄i~	吃得少	engine-auto	
คนมาน้อย	khon maa noi	kon mā nɔ̄i~	來的人很少	engine-auto	
หวานน้อย	waan noi	wānˊ nɔ̄i~	少糖	engine-auto	
เผ็ดน้อย	phet noi	petˇ nɔ̄i~	少辣、小辣	engine-auto	
มีไหมคะ	mii mai kha	mī maiˊ ka~	(女) 有嗎？	engine-auto	
เผ็ดหน่อย	phet noi	petˇ nɔ̄iˇ	辣一點	engine-auto	
เผ็ดนิดหน่อย	phet nit noi	petˇ nit~ nɔ̄iˇ	辣一點點	engine-auto	
ขอบคุณค่ะ	khop khun kha	kɔ̄pˇ kun kaˋ	(女) 謝謝	engine-auto	
คุณ	khun	kun	你（夫妻間尊稱）	engine-auto	
เรา	rao	rāu	我、我們（情侶或夫妻間自稱）	engine-auto	
พี่	phii	pīˋ	哥/姐（稱呼較年長的伴侶）	engine-auto	
น้อง	nong	nɔ̄ng~	弟/妹（稱呼較年輕的伴侶）	engine-auto	
เดี๋ยวเจอกันค่ะ	diao jer gan kha	dhīauˊ jə̄ gan kaˋ	(女) 等會兒見	engine-auto	
เดี๋ยวเจอกันนะ	diao jer gan na	dhīauˊ jə̄ gan na~	等會兒見喔	engine-auto	
ไปเที่ยว	pai thiao	bai tīauˋ	去玩、去旅行	book-exact	(book-exact已用引擎重新驗證)
เที่ยว	thiao	tīauˋ	玩、旅行	engine-auto	
ไปเที่ยวเมืองไทย	pai thiao mueang thai	bai tīauˋ mɯ̄ang tai	去泰國玩	engine-auto	
บ่อยๆ	boi boi	bhɔ̄iˇ bhɔ̄iˇ	常常	engine-auto	
ไปเที่ยวเมืองไทยบ่อยๆ	pai thiao mueang thai boi boi	bai tīauˋ mɯ̄ang tai bhɔ̄iˇ bhɔ̄iˇ	常常去泰國玩	engine-auto	
คุณย่าไม่สบายบ่อยๆ	khun yaa mai sabai boi boi	kun yāˋ maiˋ saˇ bhāi bhɔ̄iˇ bhɔ̄iˇ	奶奶常常不舒服	engine-auto	
อยู่เมืองไทยนานๆ	yuu mueang thai nan nan	yūˋ mɯ̄ang tai nān nān	在泰國待久一點	engine-auto	
นานๆ	nan nan	nān nān	長久地	engine-auto	
อยู่เมืองไทยนานๆได้ไหม	yuu mueang thai nan nan dai mai	yūˋ mɯ̄ang tai nān nān dhaiˋ maiˊ	可以在泰國待久一點嗎？	engine-auto	
ผมอยากอยู่เมืองไทยนานๆ	phom yaak yuu mueang thai nan nan	pomˊ yākˋ yūˋ mɯ̄ang tai nān nān	(男) 我想在泰國待久一點	engine-auto	
หรือ	reu	rɯ̄ˊ	或是、還是	engine-auto	
พี่หรือน้อง	phii reu nong	pīˋ rɯ̄ˊ nɔ̄ng~	哥哥/姐姐還是弟弟/妹妹？	engine-auto	
เพื่อนหรือแฟน	phuean reu faen	pɯ̄anˋ rɯ̄ˊ fɛ̄n	朋友還是情人？	engine-auto	
เพื่อน	phuean	pɯ̄anˋ	朋友	engine-auto	
ไม่ใช่แฟน	mai chai faen	maiˋ chaiˋ fɛ̄n	不是情人	engine-auto	
ชื่ออะไร	chue a rai	chɯ̄ˋ aˇ rai	叫什麼名字？	engine-auto	
ชื่อเล่น	chue len	chɯ̄ˋ lēnˋ	小名、綽號	engine-auto	
เล่น	len	lēnˋ	玩	engine-auto	
เล่นเกม	len game	lēnˋ gēm	玩遊戲	engine-auto	
เล่นน้ำ	len nam	lēnˋ nām~	玩水	engine-auto	
เที่ยว	thiao	tīauˋ	旅行、遊玩	engine-auto	
มีชื่อเล่นไหม	mii chue len mai	mī chɯ̄ˋ lēnˋ maiˊ	有小名嗎？	engine-auto	
หรือเปล่า	reu plao	rɯ̄ˊ blāuˇ	...嗎？（用於句末，形成是非問句）	engine-auto	
มีทอดมันกุ้งหรือเปล่า	mii thod man goong reu plao	mī tɔ̄tˋ man gungˋ rɯ̄ˊ blāuˇ	有泰式蝦餅嗎？	engine-auto	
ชอบเค้กหรือเปล่า	chop cake reu plao	chɔ̄pˋ kēk~ rɯ̄ˊ blāuˇ	喜歡蛋糕嗎？	engine-auto	
ชอบเมืองไทยหรือเปล่า	chop mueang thai reu plao	chɔ̄pˋ mɯ̄ang tai rɯ̄ˊ blāuˇ	喜歡泰國嗎？	engine-auto	
พอ	phor	pɔ̄	夠	engine-auto	
พอหรือเปล่า	phor reu plao	pɔ̄ rɯ̄ˊ blāuˇ	夠不夠？	engine-auto	
ไม่พอ	mai phor	maiˋ pɔ̄	不夠	engine-auto	
พอแล้ว	phor laeo	pɔ̄ lɛ̄u~	夠了	engine-auto	
พอใจ	phor jai	pɔ̄ jai	滿意	engine-auto	
ไม่พอใจ	mai phor jai	maiˋ pɔ̄ jai	不滿意	engine-auto	
ไม่พอใจหรือเปล่า	mai phor jai reu plao	maiˋ pɔ̄ jai rɯ̄ˊ blāuˇ	是不滿意嗎？	engine-auto	
จำได้	jam dai	jam dhaiˋ	記得	engine-auto	
จำ	jam	jam	記	engine-auto	
จำได้หรือเปล่า	jam dai reu plao	jam dhaiˋ rɯ̄ˊ blāuˇ	記得嗎？	engine-auto	
จำไม่ได้	jam mai dai	jam maiˋ dhaiˋ	不記得、記不得	engine-auto	
กรุงเทพ	krung thep	grung tēpˋ	曼谷	engine-auto	
จำได้ไหม	jam dai mai	jam dhaiˋ maiˊ	記得嗎？	engine-auto	
กับ	kap	gapˇ	和、跟、與	engine-auto	
ครูกับนักเรียน	khru kap nak rian	krū gapˇ nak~ rīan	老師和學生	engine-auto	
คุณพ่อกับคุณแม่	khun phor kap khun mae	kun pɔ̄ˋ gapˇ kun mɛ̄ˋ	爸爸和媽媽	engine-auto	
พี่ชายกับน้องชาย	phii chaai kap nong chaai	pīˋ chāi gapˇ nɔ̄ng~ chāi	哥哥和弟弟	engine-auto	
ลูกชายกับลูกสาว	luk chaai kap luk saao	lūkˋ chāi gapˇ lūkˋ sāuˊ	兒子和女兒	engine-auto	
อยู่กับพ่อแม่	yuu kap phor mae	yūˋ gapˇ pɔ̄ˋ mɛ̄ˋ	跟父母住	engine-auto	
มากับเพื่อน	maa kap phuean	mā gapˇ pɯ̄anˋ	跟朋友來	engine-auto	
มากับใคร	maa kap krai	mā gapˇ krai	跟誰來？	engine-auto	
เรียนกับใคร	rian kap krai	rīan gapˇ krai	跟誰學？	engine-auto	
ก็	ko	gɔ̄ˋ	也、就	engine-auto	
ก็ดี	ko dii	gɔ̄ˋ dhī	也好、也好啊	engine-auto	
ก็ได้	ko dai	gɔ̄ˋ dhaiˋ	也可以	engine-auto	
เป๊ปซี่ก็ได้	pepsi ko dai	bēp~ sīˋ gɔ̄ˋ dhaiˋ	百事可樂也可以	engine-auto	
ไม่มีไก่ทอด หมูทอดก็ได้	mai mii gai thot mu thot ko dai	maiˋ mī gaiˇ tɔ̄tˋ mūˊ tɔ̄tˋ gɔ̄ˋ dhaiˋ	沒有炸雞，炸豬肉也可以	engine-auto	
เซเว่นไม่ไกล เดินไปก็ได้	7 eleven mai glai dern pai ko dai	sē wēnˋ maiˋ glai dhə̄n bai gɔ̄ˋ dhaiˋ	7-11不遠，走路去也可以	engine-auto	
ไม่ไปก็ไม่รู้	mai pai ko mai ru	maiˋ bai gɔ̄ˋ maiˋ rū~	不去就不知道	engine-auto	
ไปก็ไป	pai ko pai	bai gɔ̄ˋ bai	去就去！	engine-auto	
กินอะไรก็ได้	gin arai ko dai	gin aˇ rai gɔ̄ˋ dhaiˋ	吃什麼都可以	engine-auto	
ร้านนี้อะไรก็อร่อย	raan nii arai ko a roi	rān~ nī~ aˇ rai gɔ̄ˋ aˇ rɔ̄iˋ	這家店什麼都好吃	engine-auto	
ไปที่ไหนก็ได้	pai thi nai ko dai	bai tīˋ naiˊ gɔ̄ˋ dhaiˋ	去哪裡都可以	engine-auto	
ใครก็ทำได้	krai ko tham dai	krai gɔ̄ˋ tam dhaiˋ	誰都會做	engine-auto	
ด้วยกัน	duay gan	dhūayˋ gan	一起	engine-auto	
กัน	gan	gan	一起（口語用法）	engine-auto	
แชร์	chaer	chɛ̄	分享 (Share)	engine-auto	
เราแชร์กันนะ	rao chaer gan na	rāu chɛ̄ gan na~	我們一起分享喔	engine-auto	
ไปกินข้าวด้วยกันไหม	pai gin khao duay gan mai	bai gin kāuˋ dhūayˋ gan maiˊ	一起去吃飯嗎？	engine-auto	
ไปกินข้าวกันไหม	pai gin khao gan mai	bai gin kāuˋ gan maiˊ	(口語) 一起去吃飯嗎？	engine-auto	
กัน	gan	gan	互相	engine-auto	
เขาสองคนชอบกัน	khao song khon chop gan	kāuˊ sɔ̄ngˊ kon chɔ̄pˋ gan	他們兩個人互相喜歡	engine-auto	
ไปไหนไปด้วย	pai nai pai duay	bai naiˊ bai dhūayˋ	去哪兒我也要跟	engine-auto	
ไปด้วย	pai duay	bai dhūayˋ	我也要去、我也要跟	engine-auto	
ไปด้วยกันไหม	pai duay gan mai	bai dhūayˋ gan maiˊ	一起去嗎？	engine-auto	
เขาสองคนเป็นแฟนกัน	khao song khon pen faen gan	kāuˊ sɔ̄ngˊ kon ben fɛ̄n gan	他們兩個人是情侶	engine-auto	
เราเป็นเพื่อนกัน	rao pen phuean gan	rāu ben pɯ̄anˋ gan	我們是朋友	engine-auto	
งาน	ngaan	ngān	工作、事情 (名詞)	book-exact	(book-exact已用引擎重新驗證)
ทำงาน	tham ngaan	tam ngān	工作 (動詞)	engine-auto	
วันนี้ต้องทำงาน	wan nii tong tham ngaan	wan nī~ dɔ̄ngˋ tam ngān	今天必須工作	engine-auto	
ต้อง	tong	dɔ̄ngˋ	必須、得	engine-auto	
ไม่ต้องเกรงใจ	mai tong kreng jai	maiˋ dɔ̄ngˋ grēng jai	不用客氣	engine-auto	
ต้องกินยาไหม	tong gin ya mai	dɔ̄ngˋ gin yā maiˊ	需要吃藥嗎？	engine-auto	
ไม่ต้องกินยาก็ได้	mai tong gin ya ko dai	maiˋ dɔ̄ngˋ gin yā gɔ̄ˋ dhaiˋ	不用吃藥也可以	engine-auto	
วันนี้ต้องอยู่บ้าน	wan nii tong yuu baan	wan nī~ dɔ̄ngˋ yūˋ bhānˋ	今天必須待在家	engine-auto	
วันนี้ต้องเรียนภาษาไทย	wan nii tong rian phasa thai	wan nī~ dɔ̄ngˋ rīan pā sāˊ tai	今天必須學泰語	engine-auto	
พอดีต้องไปซื้อของ	phodi tong pai seu khong	pɔ̄ dhī dɔ̄ngˋ bai sɯ̄~ kɔ̄ngˊ	剛好要去買東西	engine-auto	
พอดี	phodi	pɔ̄ dhī	剛好、正好	engine-auto	
พอดีไปเมืองไทย ไปด้วยกันไหม	phodi pai mueang thai pai duay gan mai	pɔ̄ dhī bai mɯ̄ang tai bai dhūayˋ gan maiˊ	剛好要去泰國，一起去嗎？	engine-auto	
ซื้อของ	seu khong	sɯ̄~ kɔ̄ngˊ	買東西	engine-auto	
อยาก	yaak	yākˋ	想	engine-auto	
อยากมีแฟนคนไทย	yaak mii faen khon thai	yākˋ mī fɛ̄n kon tai	想要有泰國情人	engine-auto	
อยากมีแฟนคนไทยไหม	yaak mii faen khon thai mai	yākˋ mī fɛ̄n kon tai maiˊ	想要有泰國情人嗎？	engine-auto	
มีแล้ว	mii laeo	mī lɛ̄u~	已經有了	engine-auto	
อยากซื้ออะไรก็ซื้อ	yaak seu arai ko seu	yākˋ sɯ̄~ aˇ rai gɔ̄ˋ sɯ̄~	想買什麼就買什麼	engine-auto	
มีเงิน มีเวลา	mii ngern mii wela	mī ngə̄n mī wē lā	有錢，有時間	engine-auto	
อยากไปเที่ยวก็ไปเที่ยว	yaak pai thiao ko pai thiao	yākˋ bai tīauˋ gɔ̄ˋ bai tīauˋ	想去玩就去玩	engine-auto	
แต่งงาน	taeng ngaan	dɛ̄ngˇ ngān	結婚	engine-auto	
งาน	ngaan	ngān	工作（名詞）	book-exact	(book-exact已用引擎重新驗證)
ไม่อยากแต่งงาน	mai yaak taeng ngaan	maiˋ yākˋ dɛ̄ngˇ ngān	不想結婚	engine-auto	
อยากแต่งงานไหม	yaak taeng ngaan mai	yākˋ dɛ̄ngˇ ngān maiˊ	想結婚嗎？	engine-auto	
แต่งงานแล้ว	taeng ngaan laeo	dɛ̄ngˇ ngān lɛ̄u~	結婚了	engine-auto	
รัก	rak	rak~	愛	engine-auto	
ฉันรักเธอ	chan rak ter	chanˊ rak~ tə̄	我愛你（女→男/女）	engine-auto	
ผมรักคุณ	phom rak khun	pomˊ rak~ kun	我愛你（男→男/女，較正式）	engine-auto	
คุณรักฉันไหม	khun rak chan mai	kun rak~ chanˊ maiˊ	你愛我嗎？	engine-auto	
ฉันรักเขา	chan rak khao	chanˊ rak~ kāuˊ	我愛他/她	engine-auto	
พูดยาก	phuut yaak	pūtˋ yākˋ	難說	engine-auto	
พ่อแม่รักลูก	phor mae rak look	pɔ̄ˋ mɛ̄ˋ rak~ lūkˋ	父母愛孩子	engine-auto	
คุณรักใคร	khun rak krai	kun rak~ krai	你愛誰？	engine-auto	
น่ารัก	na rak	nāˋ rak~	可愛	engine-auto	
แมว	maew	mɛ̄u	貓	engine-auto	
แมวน่ารัก	maew na rak	mɛ̄u nāˋ rak~	貓很可愛	engine-auto	
หมา	maa	māˊ	狗	engine-auto	
หมาน่ารัก	maa na rak	māˊ nāˋ rak~	狗很可愛	engine-auto	
น่ารักมากๆ	na rak mak mak	nāˋ rak~ mākˋ mākˋ	非常可愛／真的很可愛	engine-auto	
ยิ่ง	ying	yingˋ	越…	engine-auto	
ยิ่ง...ยิ่ง...	ying...ying...	yingˋ...yingˋ...	越…越…	engine-auto	
ยิ่งกินยิ่งอร่อย	ying gin ying aroi	yingˋ gin yingˋ aˇ rɔ̄iˋ	越吃越好吃	engine-auto	
ยิ่งถูกยิ่งดี	ying thook ying dii	yingˋ tūkˇ yingˋ dhī	越便宜越好	engine-auto	
ยิ่งเรียนยิ่งเก่ง	ying rian ying geng	yingˋ rīan yingˋ gēngˇ	越學越厲害	engine-auto	
ยิ่งพูดยิ่งจำได้	ying phuut ying jam dai	yingˋ pūtˋ yingˋ jam dhaiˋ	越說越記得住	engine-auto	
ยิ่งซื้อยิ่งอยากซื้อ	ying seu ying yaak seu	yingˋ sɯ̄~ yingˋ yākˋ sɯ̄~	越買越想買	engine-auto	
งาน	ngaan	ngān	工作（名詞）	book-exact	(book-exact已用引擎重新驗證)
ทำงาน	tham ngaan	tam ngān	工作（動詞）	engine-auto	
เที่ยว	thiao	tīauˋ	去玩	engine-auto	
ไปเที่ยว	pai thiao	bai tīauˋ	去玩	book-exact	(book-exact已用引擎重新驗證)
อยากไปเที่ยว	yaak pai thiao	yākˋ bai tīauˋ	想去玩	engine-auto	
ที่ไหน	thi nai	tīˋ naiˊ	哪裡	engine-auto	
อยากไปเที่ยวที่ไหน	yaak pai thiao thi nai	yākˋ bai tīauˋ tīˋ naiˊ	想去哪裡玩？	engine-auto	
อยากไปเที่ยวเมืองไทย	yaak pai thiao mueang thai	yākˋ bai tīauˋ mɯ̄ang tai	想去泰國玩	engine-auto	
เล่น	len	lēnˋ	玩	engine-auto	
เล่นน้ำ	len nam	lēnˋ nām~	玩水	engine-auto	
ชอบเล่นน้ำ	chop len nam	chɔ̄pˋ lēnˋ nām~	喜歡玩水	engine-auto	
เด็ก	dek	dhekˇ	小孩、小朋友	engine-auto	
เด็กๆ	dek dek	dhekˇ dhekˇ	小朋友們	engine-auto	
เด็กๆ ชอบเล่นน้ำ	dek dek chop len nam	dhekˇ dhekˇ chɔ̄pˋ lēnˋ nām~	小朋友們喜歡玩水	engine-auto	
มาก	mak	mākˋ	非常	engine-auto	
เด็กๆ ชอบเล่นน้ำมากๆ	dek dek chop len nam mak mak	dhekˇ dhekˇ chɔ̄pˋ lēnˋ nām~ mākˋ mākˋ	小朋友們非常喜歡玩水	engine-auto	
ชอบเล่นโยคะ	chop len yoka	chɔ̄pˋ lēnˋ yō ka~	喜歡玩瑜珈	engine-auto	
บ่อย	boi	bhɔ̄iˇ	常	engine-auto	
มาบ่อย	maa boi	mā bhɔ̄iˇ	常來	engine-auto	
มาบ่อยไหม	maa boi mai	mā bhɔ̄iˇ maiˊ	常來嗎？	engine-auto	
มาไม่บ่อย	maa mai boi	mā maiˋ bhɔ̄iˇ	不常來	engine-auto	
บ่อยๆ	boi boi	bhɔ̄iˇ bhɔ̄iˇ	常常	engine-auto	
ชื่อ	chue	chɯ̄ˋ	名字	engine-auto	
คุณชื่ออะไร	khun chue arai	kun chɯ̄ˋ aˇ rai	你叫什麼名字？	engine-auto	
คุณชื่ออะไรคะ	khun chue arai kha	kun chɯ̄ˋ aˇ rai ka~	你叫什麼名字呢？	engine-auto	
ฉันชื่อสุพิตตา	chan chue Supitta	chanˊ chɯ̄ˋ suˇ pit~ dā	我叫 Supitta	engine-auto	
คุณมีชื่อเล่นไหม	khun mii chue len mai	kun mī chɯ̄ˋ lēnˋ maiˊ	你有小名嗎？	engine-auto	
ฉันชื่อเค้กค่ะ	chan chue Cake kha	chanˊ chɯ̄ˋ kēk~ kaˋ	我叫 Cake	engine-auto	
มีชื่อภาษาไทยไหม	mii chue phasa thai mai	mī chɯ̄ˋ pā sāˊ tai maiˊ	有泰文名字嗎？	engine-auto	
จำได้	jam dai	jam dhaiˋ	記得	engine-auto	
จำได้ไหม	jam dai mai	jam dhaiˋ maiˊ	記得嗎？	engine-auto	
คุณจำฉันได้ไหม	khun jam chan dai mai	kun jam chanˊ dhaiˋ maiˊ	你記得我嗎？	engine-auto	
คุณจำผมได้ไหม	khun jam phom dai mai	kun jam pomˊ dhaiˋ maiˊ	你記得我嗎？ (男性)	engine-auto	
ผมจำคุณได้	phom jam khun dai	pomˊ jam kun dhaiˋ	我記得你 (男性)	engine-auto	
ฉันจำคุณได้	chan jam khun dai	chanˊ jam kun dhaiˋ	我記得你	engine-auto	
ขอโทษ	kho thot	kɔ̄ˊ tōtˋ	對不起	engine-auto	
ฉันจำไม่ได้	chan jam mai dai	chanˊ jam maiˋ dhaiˋ	我不記得了	engine-auto	
ขอโทษค่ะ ฉันจำไม่ได้	kho thot kha chan jam mai dai	kɔ̄ˊ tōtˋ kaˋ chanˊ jam maiˋ dhaiˋ	對不起，我不記得了	engine-auto	
กับ	kap	gapˇ	和、跟	engine-auto	
เส้นหมี่น้ำ	sen mee nam	sēnˋ mīˇ nām~	米粉湯	engine-auto	
ของผมเอาเส้นหมี่น้ำ	khong phom ao sen mee nam	kɔ̄ngˊ pomˊ au sēnˋ mīˇ nām~	我的要米粉湯 (男性)	engine-auto	
ของฉันเอาเส้นหมี่น้ำ	khong chan ao sen mee nam	kɔ̄ngˊ chanˊ au sēnˋ mīˇ nām~	我的要米粉湯 (女性)	engine-auto	
ของฉันเอาเส้นหมี่น้ำกับชาเย็น	khong chan ao sen mee nam kap cha yen	kɔ̄ngˊ chanˊ au sēnˋ mīˇ nām~ gapˇ chā yen	我的要米粉湯和泰式奶茶	engine-auto	
เอาเส้นหมี่น้ำกับชาเย็น	ao sen mee nam kap cha yen	au sēnˋ mīˇ nām~ gapˇ chā yen	要米粉湯和泰式奶茶	engine-auto	
ของฉันเอาผัดไทยกับชาเย็น	khong chan ao phad thai kap cha yen	kɔ̄ngˊ chanˊ au patˇ tai gapˇ chā yen	我的要泰式炒河粉和泰式奶茶	engine-auto	
ไปเที่ยวเมืองไทย	pai thiao mueang thai	bai tīauˋ mɯ̄ang tai	去泰國玩	engine-auto	
ไปกับใคร	pai kap krai	bai gapˇ krai	跟誰去？	engine-auto	
ไปกับเพื่อน	pai kap phuean	bai gapˇ pɯ̄anˋ	跟朋友去	engine-auto	
อยู่กับใคร	yuu kap krai	yūˋ gapˇ krai	跟誰住？	engine-auto	
อยู่กับแฟน	yuu kap faen	yūˋ gapˇ fɛ̄n	跟另一半住	engine-auto	
กินข้าวกับพ่อแม่	kin khao kap phor mae	gin kāuˋ gapˇ pɔ̄ˋ mɛ̄ˋ	跟父母吃飯	engine-auto	
ก็	ko	gɔ̄ˋ	就	engine-auto	
มีเวลาก็ไปเที่ยว	mii wela ko pai thiao	mī wē lā gɔ̄ˋ bai tīauˋ	有時間就去玩	engine-auto	
มีเงินก็ทำได้	mii ngern ko tham dai	mī ngə̄n gɔ̄ˋ tam dhaiˋ	有錢就可以做	engine-auto	
ไม่เป็นไร	mai pen rai	maiˋ ben rai	沒關係	engine-auto	
ไม่มีเวลาก็ไม่เป็นไร	mai mii wela ko mai pen rai	maiˋ mī wē lā gɔ̄ˋ maiˋ ben rai	沒時間就沒關係	engine-auto	
อะไรก็	arai ko	aˇ rai gɔ̄ˋ	什麼都	engine-auto	
อะไรก็แพง	arai ko paeng	aˇ rai gɔ̄ˋ pɛ̄ng	什麼都貴	engine-auto	
อะไรก็ถูก	arai ko thook	aˇ rai gɔ̄ˋ tūkˇ	什麼都便宜	engine-auto	
สด	sod	sotˇ	新鮮	engine-auto	
อะไรก็สด	arai ko sod	aˇ rai gɔ̄ˋ sotˇ	什麼都新鮮	engine-auto	
อะไรก็ดี	arai ko dii	aˇ rai gɔ̄ˋ dhī	什麼都好	engine-auto	
อะไรก็กิน	arai ko gin	aˇ rai gɔ̄ˋ gin	什麼都吃	engine-auto	
อะไรก็ไม่มี	arai ko mai mii	aˇ rai gɔ̄ˋ maiˋ mī	什麼都沒有	engine-auto	
ที่ไหนก็	thi nai ko	tīˋ naiˊ gɔ̄ˋ	哪裡都	engine-auto	
ที่ไหนก็ร้อน	thi nai ko ron	tīˋ naiˊ gɔ̄ˋ rɔ̄n~	哪裡都熱	engine-auto	
เย็นสบาย	yen sabai	yen saˇ bhāi	涼爽	engine-auto	
ที่ไหนก็เย็นสบาย	thi nai ko yen sabai	tīˋ naiˊ gɔ̄ˋ yen saˇ bhāi	哪裡都涼爽	engine-auto	
สนุก	sa nuk	saˇ nuk~	好玩、有趣	engine-auto	
ที่ไหนก็สนุก	thi nai ko sa nuk	tīˋ naiˊ gɔ̄ˋ saˇ nuk~	哪裡都好玩	engine-auto	
มีขาย	mii khai	mī kāiˊ	有賣	engine-auto	
ที่ไหนก็มีขาย	thi nai ko mii khai	tīˋ naiˊ gɔ̄ˋ mī kāiˊ	哪裡都有賣	engine-auto	
อยากไปเที่ยวที่ไหน	yaak pai thiao thi nai	yākˋ bai tīauˋ tīˋ naiˊ	想去哪裡玩？	engine-auto	
ที่ไหนก็ได้	thi nai ko dai	tīˋ naiˊ gɔ̄ˋ dhaiˋ	哪裡都可以	engine-auto	
ที่ไหนก็สวย	thi nai ko suai	tīˋ naiˊ gɔ̄ˋ sūayˊ	哪裡都漂亮	engine-auto	
ใครก็	krai ko	krai gɔ̄ˋ	誰都	engine-auto	
ไม่ยาก	mai yaak	maiˋ yākˋ	不難	engine-auto	
ใครก็ทำเป็น	krai ko tham pen	krai gɔ̄ˋ tam ben	誰都會做	engine-auto	
ราคาถูก	ra kha thook	rā kā tūkˇ	價格便宜	engine-auto	
ใครก็อยากซื้อ	krai ko yaak seu	krai gɔ̄ˋ yākˋ sɯ̄~	誰都想買	engine-auto	
ด้วยกัน	duay gan	dhūayˋ gan	一起	engine-auto	
ไปเที่ยวด้วยกัน	pai thiao duay gan	bai tīauˋ dhūayˋ gan	一起去玩	engine-auto	
ไปเที่ยวกัน	pai thiao gan	bai tīauˋ gan	去玩吧	engine-auto	
ทะเล	tha lay	ta~ lē	海、海邊	engine-auto	
ไปเที่ยวทะเลกัน	pai thiao tha lay gan	bai tīauˋ ta~ lē gan	一起去海邊玩吧	engine-auto	
เป็น...กัน	pen...gan	ben...gan	互為...關係	engine-auto	
เพื่อนนักเรียน	phuean nak rian	pɯ̄anˋ nak~ rīan	同學	engine-auto	
แต่งงาน	taeng ngaan	dɛ̄ngˇ ngān	結婚	engine-auto	
ไม่อยากแต่งงาน	mai yaak taeng ngaan	maiˋ yākˋ dɛ̄ngˇ ngān	不想結婚	engine-auto	
อยากแต่งงานไหม	yaak taeng ngaan mai	yākˋ dɛ̄ngˇ ngān maiˊ	想結婚嗎？	engine-auto	
ไม่อยากแต่งงานกับเขา	mai yaak taeng ngaan kap khao	maiˋ yākˋ dɛ̄ngˇ ngān gapˇ kāuˊ	不想跟他結婚	engine-auto	
ฉันไม่อยากแต่งงานกับเขา	chan mai yaak taeng ngaan kap khao	chanˊ maiˋ yākˋ dɛ̄ngˇ ngān gapˇ kāuˊ	我不想跟他結婚	engine-auto	
ฉันแต่งงานแล้ว	chan taeng ngaan laeo	chanˊ dɛ̄ngˇ ngān lɛ̄u~	我結婚了	engine-auto	
พอดี	phodi	pɔ̄ dhī	剛好	engine-auto	
พอดีต้องไปซื้อของ	phodi tong pai seu khong	pɔ̄ dhī dɔ̄ngˋ bai sɯ̄~ kɔ̄ngˊ	剛好要去買東西	engine-auto	
พอดีเขามา	phodi khao maa	pɔ̄ dhī kāuˊ mā	他剛好來了	engine-auto	
พอดีต้องไปแล้ว	phodi tong pai laeo	pɔ̄ dhī dɔ̄ngˋ bai lɛ̄u~	剛好該走了	engine-auto	
พอดีแล้ว	phodi laeo	pɔ̄ dhī lɛ̄u~	剛好了	engine-auto	
ไม่ต้องใส่อะไรแล้ว	mai tong sai arai laeo	maiˋ dɔ̄ngˋ saiˇ aˇ rai lɛ̄u~	不用再加什麼了	engine-auto	
พอดีแล้ว ไม่ต้องใส่อะไรแล้ว	phodi laeo mai tong sai arai laeo	pɔ̄ dhī lɛ̄u~ maiˋ dɔ̄ngˋ saiˇ aˇ rai lɛ̄u~	剛好了，不用再加什麼了	engine-auto	
รัก	rak	rak~	愛	engine-auto	
ฉันรักเขา	chan rak khao	chanˊ rak~ kāuˊ	我愛他	engine-auto	
เขาไม่รักฉัน	khao mai rak chan	kāuˊ maiˋ rak~ chanˊ	他不愛我	engine-auto	
เขารักใคร	khao rak krai	kāuˊ rak~ krai	他愛誰？	engine-auto	
รู้ไหมเขารักใคร	ruu mai khao rak krai	rū~ maiˊ kāuˊ rak~ krai	知道他愛誰嗎？	engine-auto	
คุณรักฉันไหม	khun rak chan mai	kun rak~ chanˊ maiˊ	你愛我嗎？	engine-auto	
ฉันรักคุณมากๆ	chan rak khun mak mak	chanˊ rak~ kun mākˋ mākˋ	我非常非常愛你	engine-auto	
น่ารัก	na rak	nāˋ rak~	可愛	engine-auto	
เด็กๆ น่ารัก	dek dek na rak	dhekˇ dhekˇ nāˋ rak~	小朋友們很可愛	engine-auto	
ปู่ย่าก็น่ารัก	puu yaa ko na rak	būˇ yāˋ gɔ̄ˋ nāˋ rak~	爺爺奶奶也可愛	engine-auto	
หมูน่ารักไหม	moo na rak mai	mūˊ nāˋ rak~ maiˊ	豬可愛嗎？	engine-auto	
ต้อง	tong	dɔ̄ngˋ	必須、得	engine-auto	
ต้องเรียน	tong rian	dɔ̄ngˋ rīan	得學	engine-auto	
ต้องเรียนภาษาไทย	tong rian phasa thai	dɔ̄ngˋ rīan pā sāˊ tai	得學泰文	engine-auto	
ต้องกิน	tong gin	dɔ̄ngˋ gin	得吃	engine-auto	
ต้องนอน	tong non	dɔ̄ngˋ nɔ̄n	得睡	engine-auto	
แปดชั่วโมง	paet chua mong	bɛ̄tˇ chūaˋ mōng	八個小時	engine-auto	
ต้องนอนแปดชั่วโมง	tong non paet chua mong	dɔ̄ngˋ nɔ̄n bɛ̄tˇ chūaˋ mōng	得睡八個小時	engine-auto	
ต้องพูด	tong phut	dɔ̄ngˋ pūtˋ	得說	engine-auto	
ต้องพูดออกมา	tong phut ok ma	dɔ̄ngˋ pūtˋ ɔ̄kˇ mā	得說出來	engine-auto	
ต้องฟัง	tong fang	dɔ̄ngˋ fang	得聽	engine-auto	
ต้องอ่าน	tong aan	dɔ̄ngˋ ānˇ	得看、得讀	engine-auto	
ต้องซื้อ	tong seu	dɔ̄ngˋ sɯ̄~	得買	engine-auto	
ต้องนั่งรถไฟฟ้า	tong nang rot fai faa	dɔ̄ngˋ nangˋ rot~ fai fā~	得搭捷運	engine-auto	
ยิ่ง...ยิ่ง...	ying...ying...	yingˋ...yingˋ...	越...越...	engine-auto	
ยิ่งเล่นยิ่งสนุก	ying len ying sa nuk	yingˋ lēnˋ yingˋ saˇ nuk~	越玩越好玩	engine-auto	
เข้าใจ	khao jai	kāuˋ jai	明白、理解	engine-auto	
ยิ่งฟังยิ่งเข้าใจ	ying fang ying khao jai	yingˋ fang yingˋ kāuˋ jai	越聽越明白	engine-auto	
ยิ่งอ่านยิ่งจำได้	ying aan ying jam dai	yingˋ ānˇ yingˋ jam dhaiˋ	越讀越記得	engine-auto	
ยิ่งกินยิ่งเผ็ด	ying gin ying phet	yingˋ gin yingˋ petˇ	越吃越辣	engine-auto	
ยิ่งถูกยิ่งดี	ying thook ying dii	yingˋ tūkˇ yingˋ dhī	越便宜越好	engine-auto	
ยิ่งทำยิ่งเก่ง	ying tham ying geng	yingˋ tam yingˋ gēngˇ	越做越厲害	engine-auto	
ยิ่งเจอกันยิ่งชอบ	ying jer gan ying chop	yingˋ jə̄ gan yingˋ chɔ̄pˋ	越見面越喜歡	engine-auto	
เดี๋ยวเจอกันค่ะ	diao jer gan kha	dhīauˊ jə̄ gan kaˋ	等等見	engine-auto	
แต่	tae	dɛ̄ˇ	但是	engine-auto	
ตา	taa	dā	眼睛、外公	engine-auto	
โต	toh	dō	大 (用於形容身體部位)	engine-auto	
ใหญ่	yai	yaiˇ	大 (用於形容尺寸、大小)	engine-auto	
แก้วใหญ่	kaew yai	gɛ̄uˋ yaiˇ	大杯	engine-auto	
ผิว	phiu	piwˊ	皮膚	engine-auto	
ดำ	dam	dham	黑色、黑	engine-auto	
ตาโตแต่ผิวดำ	taa toh tae phiu dam	dā dō dɛ̄ˇ piwˊ dham	眼睛大但是皮膚黑	engine-auto	
อร่อยแต่แพง	aroi tae paeng	aˇ rɔ̄iˋ dɛ̄ˇ pɛ̄ng	好吃但是貴	engine-auto	
ชอบแต่กินไม่ได้	chop tae gin mai dai	chɔ̄pˋ dɛ̄ˇ gin maiˋ dhaiˋ	喜歡但是不能吃	engine-auto	
ถ้า	tha	tāˋ	如果	engine-auto	
ถ้า...หน่อย ก็จะ...	tha...noi ko ja...	tāˋ...nɔ̄iˇ gɔ̄ˋ jaˇ...	如果...一點，就會...	engine-auto	
เปรี้ยว	bpriaw	brīauˋ	酸	engine-auto	
ถ้าเปรี้ยวหน่อยก็จะอร่อย	tha briaw noi ko ja aroi	tāˋ brīauˋ nɔ̄iˇ gɔ̄ˋ jaˇ aˇ rɔ̄iˋ	如果酸一點就會好吃	engine-auto	
ถูก	thook	tūkˇ	便宜	engine-auto	
ถ้าถูกหน่อยก็จะซื้อ	tha thook noi ko ja seu	tāˋ tūkˇ nɔ̄iˇ gɔ̄ˋ jaˇ sɯ̄~	如果便宜一點就會買	engine-auto	
ทำไม	tham mai	tam mai	為什麼、幹嘛	engine-auto	
ทำไมมาเรียนภาษาไทย	tham mai maa rian phasa thai	tam mai mā rīan pā sāˊ tai	為什麼來學泰文	engine-auto	
ต้องไปทำงานที่เมืองไทย	tong pai tham ngaan thi mueang thai	dɔ̄ngˋ bai tam ngān tīˋ mɯ̄ang tai	得去泰國工作	engine-auto	
มีแฟนคนไทย	mii faen khon thai	mī fɛ̄n kon tai	有泰國的另一半	engine-auto	
ทำไม...อย่างนี้	tham mai...yang nii	tam mai...yāngˋ nī~	為什麼這麼...	engine-auto	
อย่างนี้	yang nii	yāngˋ nī~	這樣	engine-auto	
ร้อน	ron	rɔ̄n~	熱	engine-auto	
ทำไมร้อนอย่างนี้	tham mai ron yang nii	tam mai rɔ̄n~ yāngˋ nī~	為什麼這麼熱	engine-auto	
เผ็ด	phet	petˇ	辣	engine-auto	
ทำไมเผ็ดอย่างนี้	tham mai phet yang nii	tam mai petˇ yāngˋ nī~	為什麼這麼辣	engine-auto	
สวย	suai	sūayˊ	漂亮	engine-auto	
ทำไมสวยอย่างนี้	tham mai suai yang nii	tam mai sūayˊ yāngˋ nī~	為什麼這麼漂亮	engine-auto	
เรียนภาษาไทยทำไม	rian phasa thai tham mai	rīan pā sāˊ tai tam mai	幹嘛學泰文	engine-auto	
แต่งงานทำไม	taeng ngaan tham mai	dɛ̄ngˇ ngān tam mai	幹嘛結婚	engine-auto	
ตาโต	taa toh	dā dō	眼睛大	engine-auto	
เล็ก	lek	lek~	小	engine-auto	
แก้วเล็ก	kaew lek	gɛ̄uˋ lek~	小杯	engine-auto	
จานเล็ก	jaan lek	jān lek~	小盤	engine-auto	
ตาเล็ก	taa lek	dā lek~	眼睛小	engine-auto	
แต่น่ารัก	tae na rak	dɛ̄ˇ nāˋ rak~	但是很可愛	engine-auto	
ตาเล็ก แต่น่ารัก	taa lek tae na rak	dā lek~ dɛ̄ˇ nāˋ rak~	眼睛小，但是很可愛	engine-auto	
เด็กผู้ชาย	dek phu chaai	dhekˇ pūˋ chāi	男孩	engine-auto	
ตาหวาน	taa waan	dā wānˊ	眼睛甜美	engine-auto	
เด็กผู้ชายตาหวาน	dek phu chaai taa waan	dhekˇ pūˋ chāi dā wānˊ	眼睛甜美的男孩	engine-auto	
เด็กผู้ชายคนนี้ตาหวาน	dek phu chaai khon nii taa waan	dhekˇ pūˋ chāi kon nī~ dā wānˊ	這個男孩眼睛很甜美	engine-auto	
ตา	taa	dā	眼睛	engine-auto	
หู	hu	hūˊ	耳朵	engine-auto	
หูดี	hu dii	hūˊ dhī	耳朵靈、聽力好	engine-auto	
หูฟัง	hu fang	hūˊ fang	耳機	engine-auto	
ฟัง	fang	fang	聽	book-exact	(book-exact已用引擎重新驗證)
ใส่หูฟัง	sai hu fang	saiˇ hūˊ fang	戴耳機	engine-auto	
แบน	baen	bhɛ̄n	扁	engine-auto	
ปาก	paak	bākˇ	嘴巴	engine-auto	
ปากหวาน	paak waan	bākˇ wānˊ	嘴甜	engine-auto	
คุณปากหวานมาก	khun paak waan mak	kun bākˇ wānˊ mākˋ	你嘴巴很甜	engine-auto	
ผู้ชายปากหวาน	phu chaai paak waan	pūˋ chāi bākˇ wānˊ	嘴甜的男人	engine-auto	
ปากแข็ง	paak khaeng	bākˇ kɛngˊ	嘴硬	engine-auto	
รักเขาแต่ไม่พูด	rak khao tae mai phut	rak~ kāuˊ dɛ̄ˇ maiˋ pūtˋ	愛他但是不說	engine-auto	
ปากซอย	paak soi	bākˇ sɔ̄i	巷口	engine-auto	
ซอย	soi	sɔ̄i	巷子	engine-auto	
ร้านยาอยู่ปากซอย	raan ya yuu paak soi	rān~ yā yūˋ bākˇ sɔ̄i	藥局在巷口	engine-auto	
ฟัน	fan	fan	牙齒	engine-auto	
ฟันสวย	fan suai	fan sūayˊ	牙齒美	engine-auto	
ฟันขาว	fan khaao	fan kāuˊ	牙齒白	engine-auto	
ขาว	khaao	kāuˊ	白色	engine-auto	
ใช้ฟันกัด	chai fan gat	chai~ fan gatˇ	用牙齒咬	engine-auto	
ใช้	chai	chai~	用	engine-auto	
กัด	gat	gatˇ	咬	engine-auto	
หมา	maa	māˊ	狗	engine-auto	
หมากัด	maa gat	māˊ gatˇ	狗咬	engine-auto	
นิ้ว	niu	niw~	手指、寸	engine-auto	
นิ้วมือ	niu mue	niw~ mɯ̄	手指	engine-auto	
มือ	mue	mɯ̄	手	engine-auto	
ไม่มีนิ้ว	mai mii niu	maiˋ mī niw~	沒有手指	engine-auto	
โดราเอมอนไม่มีนิ้ว	doraemon mai mii niu	dhō rā ē mɔ̄n maiˋ mī niw~	多啦A夢沒有手指	engine-auto	
26 นิ้ว	yi sip hok niu	26 niw~	26吋	engine-auto	
นิ้วเท้า	niu thao	niw~ tāu~	腳趾	engine-auto	
เท้า	thao	tāu~	腳	engine-auto	
นิ้วมือ นิ้วเท้า	niu mue niu thao	niw~ mɯ̄ niw~ tāu~	手指、腳趾	engine-auto	
ลิ้น	lin	lin~	舌頭	engine-auto	
ลิ้นแข็ง	lin khaeng	lin~ kɛngˊ	大舌頭、發音不標準	engine-auto	
ลิ้นหมู	lin muu	lin~ mūˊ	豬舌	engine-auto	
หมู	muu	mūˊ	豬	engine-auto	
ลิ้นหมูย่าง	lin muu yang	lin~ mūˊ yāngˋ	烤豬舌	engine-auto	
ลิ้นเป็ด	lin ped	lin~ betˇ	鴨舌	engine-auto	
เป็ด	ped	betˇ	鴨子	engine-auto	
ลิ้นเป็ดทอด	lin ped thot	lin~ betˇ tɔ̄tˋ	炸鴨舌	engine-auto	
ผม	phom	pomˊ	頭髮	engine-auto	
ผมยาว	phom yao	pomˊ yāu	長髮	engine-auto	
ผมสั้น	phom san	pomˊ sanˋ	短髮	engine-auto	
ผมขาว	phom khao	pomˊ kāuˊ	白髮	engine-auto	
หัว	hua	hūaˊ	頭	engine-auto	
หัวแข็ง	hua khaeng	hūaˊ kɛngˊ	頑固、固執	engine-auto	
ลูกหัวแข็ง	luk hua khaeng	lūkˋ hūaˊ kɛngˊ	孩子很頑固	engine-auto	
หัวอ่อน	hua on	hūaˊ ɔ̄nˇ	容易受影響、聽話	engine-auto	
อ่อน	on	ɔ̄nˇ	軟、弱	engine-auto	
แข็ง	khaeng	kɛngˊ	硬	engine-auto	
หัวดี	hua dii	hūaˊ dhī	頭腦好	engine-auto	
เรียนเก่ง	rian geng	rīan gēngˇ	很會學習	engine-auto	
จำได้	jam dai	jam dhaiˋ	記得	engine-auto	
หน้า	naa	nāˋ	臉	engine-auto	
หน้าแดง	naa daeng	nāˋ dhɛ̄ng	臉紅	engine-auto	
แดง	daeng	dhɛ̄ng	紅色	engine-auto	
หน้าอ่อน	naa on	nāˋ ɔ̄nˇ	看起來年輕	engine-auto	
อายุ 50 ปี	aa-yu haa sip pii	ā yu~ 50 bī	50歲	engine-auto	
หน้าตาดี	naa taa dii	nāˋ dā dhī	面貌長得好看	engine-auto	
คอ	kho	kɔ̄	脖子、喉嚨	engine-auto	
คอแข็ง	kho khaeng	kɔ̄ kɛngˊ	酒量好	engine-auto	
คอแข็งไหม	kho khaeng mai	kɔ̄ kɛngˊ maiˊ	你酒量好嗎？	engine-auto	
คออ่อน	kho on	kɔ̄ ɔ̄nˇ	酒量不好	engine-auto	
คอหมูย่าง	kho muu yang	kɔ̄ mūˊ yāngˋ	烤松阪豬	engine-auto	
เอาคอหมูย่างไหมคะ	ao kho muu yang mai kha	au kɔ̄ mūˊ yāngˋ maiˊ ka~	要烤松阪豬嗎？	engine-auto	
เอาคอหมูย่าง 1 จาน	ao kho muu yang nueng jaan	au kɔ̄ mūˊ yāngˋ 1 jān	我要一份烤松阪豬	engine-auto	
ไข่ดาว	khai dao	kaiˇ dhāu	荷包蛋	engine-auto	
หัก	hak	hakˇ	折斷	engine-auto	
เขาไม่รักผม	khao mai rak phom	kāuˊ maiˋ rak~ pomˊ	他不愛我	engine-auto	
ไม่เป็นไร	mai pen rai	maiˋ ben rai	沒關係	engine-auto	
ท้อง	thong	tɔ̄ng~	肚子	engine-auto	
ท้องเสีย	thong sia	tɔ̄ng~ sīaˊ	拉肚子	engine-auto	
เสีย	sia	sīaˊ	壞掉	engine-auto	
เสียเงิน	sia ngern	sīaˊ ngə̄n	浪費錢	engine-auto	
เสียเวลา	sia wela	sīaˊ wē lā	浪費時間	engine-auto	
ทำไมท้องเสีย	tham mai thong sia	tam mai tɔ̄ng~ sīaˊ	為什麼拉肚子？	engine-auto	
ไม่รู้ทำไมท้องเสีย	mai ruu tham mai thong sia	maiˋ rū~ tam mai tɔ̄ng~ sīaˊ	不知道為什麼拉肚子	engine-auto	
ทำไม	tham mai	tam mai	為什麼	engine-auto	
ท้องไม่ดี	thong mai dii	tɔ̄ng~ maiˋ dhī	肚子不舒服	engine-auto	
ไม่รู้ทำไมท้องไม่ดี	mai ruu tham mai thong mai dii	maiˋ rū~ tam mai tɔ̄ng~ maiˋ dhī	不知道為什麼肚子不舒服	engine-auto	
มีท้อง	mii thong	mī tɔ̄ng~	懷孕	engine-auto	
ท้องแล้ว	thong laeo	tɔ̄ng~ lɛ̄u~	懷孕了	engine-auto	
ท้องกี่เดือนแล้ว	thong gii deuan laeo	tɔ̄ng~ gīˇ dhɯ̄an lɛ̄u~	懷孕幾個月了？	engine-auto	
ท้อง 5 เดือนแล้ว	thong haa deuan laeo	tɔ̄ng~ 5 dhɯ̄an lɛ̄u~	懷孕五個月了	engine-auto	
มีท้องกับใคร	mii thong kap krai	mī tɔ̄ng~ gapˇ krai	跟誰懷孕？	engine-auto	
กับ	kap	gapˇ	跟	engine-auto	
ถุง	thung	tungˊ	袋子	engine-auto	
ผิวดำ	phiu dam	piwˊ dham	皮膚黑	engine-auto	
ผิว	phiu	piwˊ	皮膚	engine-auto	
ผิวขาว	phiu khao	piwˊ kāuˊ	皮膚白	engine-auto	
ผิวสวย	phiu suai	piwˊ sūayˊ	皮膚很漂亮	engine-auto	
ผู้หญิงไต้หวันผิวสวย	phu ying taiwan phiu suai	pūˋ yingˊ daiˋ wanˊ piwˊ sūayˊ	台灣女生皮膚很漂亮	engine-auto	
หลัง	lang	langˊ	背、後面	engine-auto	
หลังแข็ง	lang khaeng	langˊ kɛngˊ	背很僵硬	engine-auto	
คันหลัง	khan lang	kan langˊ	背癢	engine-auto	
คัน	khan	kan	癢	engine-auto	
คันหน้า	khan naa	kan nāˋ	臉癢	engine-auto	
คันปาก	khan paak	kan bākˇ	嘴巴癢	engine-auto	
หลังบ้าน	lang baan	langˊ bhānˋ	家的後面	engine-auto	
มือ	mue	mɯ̄	手	engine-auto	
นิ้วมือ	niu mue	niw~ mɯ̄	手指	engine-auto	
มือถือ	mue thue	mɯ̄ tɯ̄ˊ	手機	engine-auto	
ถือ	theu	tɯ̄ˊ	提、拿	engine-auto	
ถืออะไร	theu arai	tɯ̄ˊ aˇ rai	拿什麼？	engine-auto	
โทรศัพท์	thoo ra sap	tōn sapˇ	電話	engine-auto	
โทรศัพท์มือถือ	thoo ra sap mue thue	tōn sapˇ mɯ̄ tɯ̄ˊ	手機 (正式說法)	engine-auto	
โทรศัพท์บ้าน	thoo ra sap baan	tōn sapˇ bhānˋ	家用電話	engine-auto	
มือสอง	mue song	mɯ̄ sɔ̄ngˊ	二手	engine-auto	
มือสองถูกมาก	mue song thook mak	mɯ̄ sɔ̄ngˊ tūkˇ mākˋ	二手很便宜	engine-auto	
รถมือสอง	rot mue song	rot~ mɯ̄ sɔ̄ngˊ	二手車	engine-auto	
รถ	rot	rot~	車子	book-exact	(book-exact已用引擎重新驗證)
คอนโดมือสอง	khon do mue song	kɔ̄n dhō mɯ̄ sɔ̄ngˊ	二手公寓	engine-auto	
ไหว้	wai	waiˋ	拜（合十）	engine-auto	
แขน	khaen	kɛ̄nˊ	手臂	engine-auto	
แขนยาว	khaen yao	kɛ̄nˊ yāu	長袖	engine-auto	
แขนสั้น	khaen san	kɛ̄nˊ sanˋ	短袖	engine-auto	
ใส่	sai	saiˇ	穿	engine-auto	
ใส่แขนสั้น	sai khaen san	saiˇ kɛ̄nˊ sanˋ	穿短袖	engine-auto	
ขา	kha	kāˊ	腿、腳	engine-auto	
ข้าวขาหมู	khao kha muu	kāuˋ kāˊ mūˊ	豬腳飯	engine-auto	
ขายาว	kha yao	kāˊ yāu	長褲	engine-auto	
ขาสั้น	kha san	kāˊ sanˋ	短褲	engine-auto	
ใส่ขาสั้น	sai kha san	saiˇ kāˊ sanˋ	穿短褲	engine-auto	
เท้า	thao	tāu~	腳（足部）	engine-auto	
รองเท้า	rong thao	rɔ̄ng tāu~	鞋子	engine-auto	
ใส่รองเท้า	sai rong thao	saiˇ rɔ̄ng tāu~	穿鞋子	engine-auto	
ข้อเท้า	kho thao	kɔ̄ˋ tāu~	腳踝	engine-auto	
ข้อ	kho	kɔ̄ˋ	關節	book-exact	(book-exact已用引擎重新驗證)
ข้อมือ	kho mue	kɔ̄ˋ mɯ̄	手腕	engine-auto	
สร้อยข้อเท้า	soi kho thao	srɔ̄iˋ kɔ̄ˋ tāu~	腳鍊	engine-auto	
สร้อย	soi	srɔ̄iˋ	鍊子	engine-auto	
สร้อยคอ	soi kho	srɔ̄iˋ kɔ̄	項鍊	engine-auto	
ใจ	jai	jai	心	engine-auto	
หัวใจ	hua jai	hūaˊ jai	心臟	engine-auto	
ใจแข็ง	jai khaeng	jai kɛngˊ	心腸硬	engine-auto	
ไม่ให้	mai hai	maiˋ haiˋ	不給	engine-auto	
ใจอ่อน	jai on	jai ɔ̄nˇ	心軟	engine-auto	
ใจสั่น	jai san	jai sanˇ	心悸	engine-auto	
กินกาแฟ	gin ga fe	gin gā fɛ̄	喝咖啡	engine-auto	
เยอะมาก	yuh mak	yə~ mākˋ	很多	engine-auto	
สั่น	san	sanˇ	發抖、震動	engine-auto	
มีไหมคะ	mii mai kha	mī maiˊ ka~	有問題想問嗎？	engine-auto	
ถ้าไม่มี	tha mai mii	tāˋ maiˋ mī	如果沒有	engine-auto	
ถ้า	tha	tāˋ	如果	engine-auto	
วันนี้ขอบคุณนะคะ	wan nii khop khun na kha	wan nī~ kɔ̄pˇ kun na~ ka~	今天謝謝大家	engine-auto	
เจ็บ	jeb	jepˇ	痛	engine-auto	
มาแล้ว	maa laew	mā lɛ̄u~	來了	engine-auto	
แต่	tae	dɛ̄ˇ	但是	engine-auto	
อร่อย แต่ เผ็ด	aroi tae phet	aˇ rɔ̄iˋ dɛ̄ˇ petˇ	好吃，但是很辣	engine-auto	
ใช้ดี แต่ แพง	chai dii tae paeng	chai~ dhī dɛ̄ˇ pɛ̄ng	好用，但是很貴	engine-auto	
ใช้	chai	chai~	使用	engine-auto	
ใช้ดี	chai dii	chai~ dhī	好用	engine-auto	
อยากซื้อ แต่ ไม่มีเงิน	yaak seu tae mai mii ngern	yākˋ sɯ̄~ dɛ̄ˇ maiˋ mī ngə̄n	想買，但是沒有錢	engine-auto	
อยากไปเที่ยว แต่ ไม่มีเวลา	yaak pai thiao tae mai mii wela	yākˋ bai tīauˋ dɛ̄ˇ maiˋ mī wē lā	想去玩，但是沒有時間	engine-auto	
เที่ยว	thiao	tīauˋ	玩、去旅行	engine-auto	
อยากไปเที่ยว	yaak pai thiao	yākˋ bai tīauˋ	想去玩	engine-auto	
รักเขา แต่ เขามีแฟนแล้ว	rak khao tae khao mii faen laew	rak~ kāuˊ dɛ̄ˇ kāuˊ mī fɛ̄n lɛ̄u~	愛他，但是他有女友了	engine-auto	
ถ้า...ก็...	tha...ko...	tāˋ...gɔ̄ˋ...	如果...就...	engine-auto	
ถ้าหิว ก็กิน	tha hiu ko gin	tāˋ hiwˊ gɔ̄ˋ gin	如果餓，就吃	engine-auto	
ถ้าไกล ก็ไม่ไป	tha glai ko mai pai	tāˋ glai gɔ̄ˋ maiˋ bai	如果很遠，就不去	engine-auto	
ถ้าแพง ก็ไม่ซื้อ	tha paeng ko mai seu	tāˋ pɛ̄ng gɔ̄ˋ maiˋ sɯ̄~	如果貴，就不買	engine-auto	
ไม่ซื้อ	mai seu	maiˋ sɯ̄~	不買	engine-auto	
ถ้าเผ็ด ก็กินนม	tha phet ko gin nom	tāˋ petˇ gɔ̄ˋ gin nom	如果辣，就喝牛奶	engine-auto	
นม	nom	nom	牛奶	engine-auto	
...จะ...ก็ จะ...	...ja...ko ja...	...jaˇ...gɔ̄ˋ jaˇ...	(如果)...就會...	engine-auto	
ถ้าถูกหน่อย ก็จะซื้อ	tha thook noi ko ja seu	tāˋ tūkˇ nɔ̄iˇ gɔ̄ˋ jaˇ sɯ̄~	如果便宜一點，就會買	engine-auto	
ถ้ามีเวลา ก็จะไปเที่ยว	tha mii wela ko ja pai thiao	tāˋ mī wē lā gɔ̄ˋ jaˇ bai tīauˋ	如果有時間，就會去玩	engine-auto	
ทำไม	tham mai	tam mai	為什麼	engine-auto	
ทำไมไม่พูด	tham mai mai phut	tam mai maiˋ pūtˋ	為什麼不說？	engine-auto	
ทำไมไม่ไป	tham mai mai pai	tam mai maiˋ bai	為什麼不去？	engine-auto	
ทำไมแต่งงาน	tham mai taeng ngaan	tam mai dɛ̄ngˇ ngān	為什麼結婚？	engine-auto	
ทำไมแต่งงานกับเขา	tham mai taeng ngaan kap khao	tam mai dɛ̄ngˇ ngān gapˇ kāuˊ	為什麼跟他結婚？	engine-auto	
เค้า	khao	kāu~	他 (口語)	engine-auto	
ทำไมเค้าไม่มา	tham mai khao mai maa	tam mai kāu~ maiˋ mā	他為什麼沒來？	engine-auto	
ใช้ไม่ดี	chai mai dii	chai~ maiˋ dhī	不好用	engine-auto	
ซื้อทำไม	seu tham mai	sɯ̄~ tam mai	幹嘛買？	engine-auto	
ใช้ไม่ดี ซื้อทำไม	chai mai dii seu tham mai	chai~ maiˋ dhī sɯ̄~ tam mai	不好用，幹嘛買？	engine-auto	
ขายทำไม	kai tham mai	kāiˊ tam mai	幹嘛賣？	engine-auto	
ราคาดี	ra kha dii	rā kā dhī	價格很好	engine-auto	
ราคาดี ขายทำไม	ra kha dii kai tham mai	rā kā dhī kāiˊ tam mai	價格很好，幹嘛賣？	engine-auto	
ทำไม...อย่างนี้	tham mai...yang nii	tam mai...yāngˋ nī~	為什麼這麼...	engine-auto	
ทำไมคอแข็งอย่างนี้	tham mai kho khaeng yang nii	tam mai kɔ̄ kɛngˊ yāngˋ nī~	為什麼酒量這麼好？	engine-auto	
ทำไมคออ่อนอย่างนี้	tham mai kho on yang nii	tam mai kɔ̄ ɔ̄nˇ yāngˋ nī~	為什麼酒量這麼差？	engine-auto	
ทำไมปากหวานอย่างนี้	tham mai paak waan yang nii	tam mai bākˇ wānˊ yāngˋ nī~	為什麼嘴巴這麼甜？	engine-auto	
ทำไมหน้าแดงอย่างนี้	tham mai naa daeng yang nii	tam mai nāˋ dhɛ̄ng yāngˋ nī~	為什麼臉這麼紅？	engine-auto	
ตา	taa	dā	眼睛、外公	engine-auto	
สามีตาเล็ก	saa mii taa lek	sāˊ mī dā lek~	先生的眼睛很小	engine-auto	
ลูกชายตาโต	luk chaai taa toh	lūkˋ chāi dā dō	兒子的眼睛很大	engine-auto	
ตาของคุณสวยมาก	taa khong khun suai mak	dā kɔ̄ngˊ kun sūayˊ mākˋ	你的眼睛很美	engine-auto	
หู	hu	hūˊ	耳朵	engine-auto	
หูฟัง	hu fang	hūˊ fang	耳機	engine-auto	
เธอต้องใส่หูฟัง	thoe tong sai hu fang	tə̄ dɔ̄ngˋ saiˇ hūˊ fang	你必須戴耳機	engine-auto	
เธอ	thoe	tə̄	你 (對平輩或晚輩說)	engine-auto	
ยาว	yao	yāu	長的	engine-auto	
ปาก	paak	bākˇ	嘴巴、口	engine-auto	
ปากหวาน	paak waan	bākˇ wānˊ	嘴巴很甜	engine-auto	
ปากซอย	paak soi	bākˇ sɔ̄i	巷口	engine-auto	
ปากซอยมีร้านอาหาร	paak soi mii raan aahaan	bākˇ sɔ̄i mī rān~ ā hānˊ	巷口有餐廳	engine-auto	
ร้านยาอยู่ปากซอย	raan ya yuu paak soi	rān~ yā yūˋ bākˇ sɔ̄i	藥局在巷口	engine-auto	
เดินไปปากซอย	dern pai paak soi	dhə̄n bai bākˇ sɔ̄i	走去巷口	engine-auto	
ฟัน	fan	fan	牙齒	engine-auto	
ฟันไม่ค่อยดี	fan mai khoi dii	fan maiˋ kɔ̄iˋ dhī	牙齒不太好	engine-auto	
ปู่ย่าตายาย	puu yaa taa yaai	būˇ yāˋ dā yāi	(外)祖父母、爺爺奶奶	engine-auto	
ปู่ย่าตายายฟันไม่ค่อยดี	puu yaa taa yaai fan mai khoi dii	būˇ yāˋ dā yāi fan maiˋ kɔ̄iˋ dhī	(外)祖父母牙齒不太好	engine-auto	
ฟันไม่ค่อยดีแล้ว	fan mai khoi dii laew	fan maiˋ kɔ̄iˋ dhī lɛ̄u~	牙齒不太好了	engine-auto	
นิ้ว	niu	niw~	手指、腳趾	engine-auto	
ทำไมนิ้วสวยอย่างนี้	tham mai niu suai yang nii	tam mai niw~ sūayˊ yāngˋ nī~	為什麼手指這麼漂亮？	engine-auto	
ทำไมนิ้วยาวอย่างนี้	tham mai niu yao yang nii	tam mai niw~ yāu yāngˋ nī~	為什麼手指這麼長？	engine-auto	
ผม	phom	pomˊ	頭髮、我 (男性)	engine-auto	
ชอบผมยาว	chop phom yao	chɔ̄pˋ pomˊ yāu	喜歡長髮	engine-auto	
ชอบผมสั้น	chop phom san	chɔ̄pˋ pomˊ sanˋ	喜歡短髮	engine-auto	
คุณชอบผมยาวหรือผมสั้น	khun chop phom yao reu phom san	kun chɔ̄pˋ pomˊ yāu rɯ̄ˊ pomˊ sanˋ	你喜歡長髮還是短髮？	engine-auto	
หัว	hua	hūaˊ	頭	engine-auto	
เขาเป็นคนหัวดี	khao pen khon hua dii	kāuˊ ben kon hūaˊ dhī	他是個聰明的人	engine-auto	
หัวดี	hua dii	hūaˊ dhī	聰明 (腦袋好)	engine-auto	
หัวแข็ง	hua khaeng	hūaˊ kɛngˊ	固執 (頭很硬)	engine-auto	
ปู่หัวแข็ง	puu hua khaeng	būˇ hūaˊ kɛngˊ	爺爺很固執	engine-auto	
หน้า	naa	nāˋ	臉	engine-auto	
หน้าอ่อน	naa on	nāˋ ɔ̄nˇ	童顏、看起來年輕	engine-auto	
อายุมากแล้ว	aa-yu mak laew	ā yu~ mākˋ lɛ̄u~	年紀大了	engine-auto	
อายุมากแล้ว แต่น่าอ่อน	aa-yu mak laew tae naa on	ā yu~ mākˋ lɛ̄u~ dɛ̄ˇ nāˋ ɔ̄nˇ	年紀大了，但看起來很年輕	engine-auto	
คอ	kho	kɔ̄	脖子	engine-auto	
เขาคอแข็ง	khao kho khaeng	kāuˊ kɔ̄ kɛngˊ	他酒量很好	engine-auto	
เขาคออ่อน	khao kho on	kāuˊ kɔ̄ ɔ̄nˇ	他酒量很差	engine-auto	
เขาคอยาว	khao kho yao	kāuˊ kɔ̄ yāu	他的脖子很長	engine-auto	
ท้อง	thong	tɔ̄ng~	肚子、懷孕	engine-auto	
ท้องเสีย	thong sia	tɔ̄ng~ sīaˊ	拉肚子	engine-auto	
ทำไมท้องเสีย	tham mai thong sia	tam mai tɔ̄ng~ sīaˊ	為什麼拉肚子？	engine-auto	
ไม่รู้ทำไมท้องเสีย	mai ruu tham mai thong sia	maiˋ rū~ tam mai tɔ̄ng~ sīaˊ	不知道為什麼拉肚子	engine-auto	
ท้องแล้ว	thong laew	tɔ̄ng~ lɛ̄u~	懷孕了	engine-auto	
ท้องกี่เดือนแล้ว	thong gii deuan laew	tɔ̄ng~ gīˇ dhɯ̄an lɛ̄u~	懷孕幾個月了？	engine-auto	
ท้องเจ็ดเดือนแล้ว	thong jet deuan laew	tɔ̄ng~ jetˇ dhɯ̄an lɛ̄u~	懷孕七個月了	engine-auto	
ผิว	phiu	piwˊ	皮膚	engine-auto	
ผิวขาวสวยมาก	phiu khao suai mak	piwˊ kāuˊ sūayˊ mākˋ	皮膚白皙，非常漂亮	engine-auto	
แต่ผิวคำ	tae phiu kham	dɛ̄ˇ piwˊ kam	但皮膚黑	engine-auto	
ก็น่ารัก	ko na rak	gɔ̄ˋ nāˋ rak~	也可愛	engine-auto	
ผิวขาวสวยมาก แต่ผิวคำ ก็น่ารัก	phiu khao suai mak tae phiu kham ko na rak	piwˊ kāuˊ sūayˊ mākˋ dɛ̄ˇ piwˊ kam gɔ̄ˋ nāˋ rak~	皮膚白皙很美，但皮膚黑也可愛	engine-auto	
หลัง	lang	langˊ	背、後面	engine-auto	
หลังแข็ง	lang khaeng	langˊ kɛngˊ	背部僵硬	engine-auto	
นั่งนาน	nang nan	nangˋ nān	坐很久	engine-auto	
นั่งนานหลังแข็ง	nang nan lang khaeng	nangˋ nān langˊ kɛngˊ	坐很久，背部僵硬	engine-auto	
หลังบ้าน	lang baan	langˊ bhānˋ	房子後面	engine-auto	
หลังรถ	lang rot	langˊ rot~	車子後面	engine-auto	
ของอยู่หลังรถ	khong yuu lang rot	kɔ̄ngˊ yūˋ langˊ rot~	東西在車子後面	engine-auto	
มือ	mue	mɯ̄	手	engine-auto	
มือถือ	mue thue	mɯ̄ tɯ̄ˊ	手機	engine-auto	
มือถือคุณ	mue thue khun	mɯ̄ tɯ̄ˊ kun	你的手機	engine-auto	
มือถือคุณเบอร์อะไร	mue thue khun ber arai	mɯ̄ tɯ̄ˊ kun bhə̄ aˇ rai	你的手機號碼是幾號？	engine-auto	
มือถือฉันเบอร์...	mue thue chan ber ...	mɯ̄ tɯ̄ˊ chanˊ bhə̄...	我的手機號碼是...	engine-auto	
ศูนย์เก้าสามสองหนึ่งสี่เจ็ดแปดหกห้า	sun kao sam song neung si jed paet hok ha	sūnˊ gāuˋ sāmˊ sɔ̄ngˊ nɯngˇ sīˇ jetˇ bɛ̄tˇ hokˇ hāˋ	0932-147-865	engine-auto	
มือสอง	mue song	mɯ̄ sɔ̄ngˊ	二手	engine-auto	
รถมือสอง	rot mue song	rot~ mɯ̄ sɔ̄ngˊ	二手車	engine-auto	
มือถือมือสอง	mue thue mue song	mɯ̄ tɯ̄ˊ mɯ̄ sɔ̄ngˊ	二手手機	engine-auto	
บ้านมือสอง	baan mue song	bhānˋ mɯ̄ sɔ̄ngˊ	二手房	engine-auto	
แขน	khaen	kɛ̄nˊ	手臂	engine-auto	
แขนยาว	khaen yao	kɛ̄nˊ yāu	長袖	engine-auto	
แขนสั้น	khaen san	kɛ̄nˊ sanˋ	短袖	engine-auto	
ร้อนมาก	ron mak	rɔ̄n~ mākˋ	很熱	engine-auto	
ไม่อยากใส่แขนยาว	mai yaak sai khaen yao	maiˋ yākˋ saiˇ kɛ̄nˊ yāu	不想穿長袖	engine-auto	
ขา	kha	kāˊ	腿、褲管	engine-auto	
ขายาว	kha yao	kāˊ yāu	長褲	engine-auto	
ขาสั้น	kha san	kāˊ sanˋ	短褲	engine-auto	
ใส่ขาสั้น	sai kha san	saiˇ kāˊ sanˋ	穿短褲	engine-auto	
ไปเที่ยวทะเล	pai thiao tha lay	bai tīauˋ ta~ lē	去海邊玩	engine-auto	
เท้า	thao	tāu~	腳 (足部)	engine-auto	
รองเท้า	rong thao	rɔ̄ng tāu~	鞋子	engine-auto	
คนไทยชอบมาไต้หวัน	khon thai chop maa taiwan	kon tai chɔ̄pˋ mā daiˋ wanˊ	泰國人喜歡來台灣	engine-auto	
ซื้อรองเท้า	seu rong thao	sɯ̄~ rɔ̄ng tāu~	買鞋子	engine-auto	
มาไต้หวันซื้อรองเท้า	maa taiwan seu rong thao	mā daiˋ wanˊ sɯ̄~ rɔ̄ng tāu~	來台灣買鞋子	engine-auto	
หัวใจ	hua jai	hūaˊ jai	心臟、心	engine-auto	
หัวใจของคุณ	hua jai khong khun	hūaˊ jai kɔ̄ngˊ kun	你的心	engine-auto	
ใจคุณ	jai khun	jai kun	你的心 (口語)	engine-auto	
ใจคุณมีฉันไหม	jai khun mii chan mai	jai kun mī chanˊ maiˊ	你的心裡有我嗎？	engine-auto	
มีฉันหรือเปล่า	mii chan reu plao	mī chanˊ rɯ̄ˊ blāuˇ	有沒有我？	engine-auto	
หัวใจของคุณมีฉันหรือเปล่า	hua jai khong khun mii chan reu plao	hūaˊ jai kɔ̄ngˊ kun mī chanˊ rɯ̄ˊ blāuˇ	你的心裡有沒有我？	engine-auto	
มีไหมคะ	mii mai kha	mī maiˊ ka~	有嗎？ (疑問句)	engine-auto	
มีหรือเปล่า	mii reu plao	mī rɯ̄ˊ blāuˇ	有沒有？	engine-auto	
อะไร	arai	aˇ rai	什麼？/ 什麼事？	engine-auto	
อะไรคะ	arai kha	aˇ rai ka~	什麼事呢？ (客氣用法)	engine-auto	
ให้	hai	haiˋ	給	engine-auto	
ให้เงิน	hai ngern	haiˋ ngə̄n	給錢	engine-auto	
กินให้อิ่ม	gin hai im	gin haiˋ imˇ	吃飽	engine-auto	
กินให้อิ่ม ไม่ต้องเกรงใจ	gin hai im mai tong kreng jai	gin haiˋ imˇ maiˋ dɔ̄ngˋ grēng jai	吃飽，不用客氣	engine-auto	
นอนให้พอ	non hai pho	nɔ̄n haiˋ pɔ̄	睡夠	engine-auto	
เรียนให้เก่ง	rian hai geng	rīan haiˋ gēngˇ	好好學習	engine-auto	
ต้องเรียนให้เก่ง	tong rian hai geng	dɔ̄ngˋ rīan haiˋ gēngˇ	要好好學習	engine-auto	
นั่งให้สบาย	nang hai sabai	nangˋ haiˋ saˇ bhāi	坐得舒服點	engine-auto	
เที่ยวให้สนุก	thiao hai sa-nuk	tīauˋ haiˋ saˇ nuk~	玩得開心	engine-auto	
สนุก	sa-nuk	saˇ nuk~	好玩、開心	engine-auto	
ทำให้	tham hai	tam haiˋ	使得、令人、讓	engine-auto	
คุณทำให้ฉันเจ็บ	khun tham hai chan jeb	kun tam haiˋ chanˊ jepˇ	你讓我痛	engine-auto	
ทำให้พ่อแม่ไม่สบายใจ	tham hai phor mae mai sabai jai	tam haiˋ pɔ̄ˋ mɛ̄ˋ maiˋ saˇ bhāi jai	讓爸媽不舒心 (擔心)	engine-auto	
ไม่สบายใจ	mai sabai jai	maiˋ saˇ bhāi jai	不舒心、擔心	engine-auto	
ขอ	kho	kɔ̄ˊ	請、要	engine-auto	
ขอเมนู	kho menu	kɔ̄ˊ mē nū	要菜單	engine-auto	
ขอไลน์	kho line	kɔ̄ˊ lai	要Line	engine-auto	
ขอเบอร์โทร	kho ber thoo	kɔ̄ˊ bhə̄ tōn	要電話號碼	engine-auto	
ขอให้	kho hai	kɔ̄ˊ haiˋ	祝、祝福	engine-auto	
ขอให้มีแฟนสวยๆ	kho hai mii faen suai suai	kɔ̄ˊ haiˋ mī fɛ̄n sūayˊ sūayˊ	祝你有漂亮的女朋友	engine-auto	
ขอให้มีแฟนหล่อๆ	kho hai mii faen lor lor	kɔ̄ˊ haiˋ mī fɛ̄n lɔ̄ˇ lɔ̄ˇ	祝你有帥氣的男朋友	engine-auto	
หล่อ	lor	lɔ̄ˇ	帥	engine-auto	
เขาหล่อมาก	khao lor mak	kāuˊ lɔ̄ˇ mākˋ	他很帥	engine-auto	
สวยมาก	suai mak	sūayˊ mākˋ	很漂亮	engine-auto	
ขอให้มีเงินเยอะๆ	kho hai mii ngern yuh yuh	kɔ̄ˊ haiˋ mī ngə̄n yə~ yə~	祝你有很多很多的錢	engine-auto	
เยอะ	yuh	yə~	多 (口語)	engine-auto	
กินเยอะ	gin yuh	gin yə~	吃很多	engine-auto	
นอนเยอะ	non yuh	nɔ̄n yə~	睡很多	engine-auto	
ความสุข	khwam suk	kwām sukˇ	快樂、幸福 (名詞)	engine-auto	
สุข	suk	sukˇ	快樂 (形容詞)	engine-auto	
ขอให้มีความสุขมากๆ	kho hai mii khwam suk mak mak	kɔ̄ˊ haiˋ mī kwām sukˇ mākˋ mākˋ	祝你非常快樂	engine-auto	
ขอให้สุขกายสบายใจ	kho hai suk kai sabai jai	kɔ̄ˊ haiˋ sukˇ gāi saˇ bhāi jai	祝你身心愉快	engine-auto	
กาย	kai	gāi	身體 (文言)	engine-auto	
สบายใจ	sabai jai	saˇ bhāi jai	心情愉快、舒心	engine-auto	
ขอให้สุขภาพแข็งแรง	kho hai suk phap khaeng raeng	kɔ̄ˊ haiˋ sukˇ pāpˋ kɛngˊ rɛ̄ng	祝你身體健康	engine-auto	
สุขภาพ	suk phap	sukˇ pāpˋ	健康、身體	book-exact	(book-exact已用引擎重新驗證)
แข็งแรง	khaeng raeng	kɛngˊ rɛ̄ng	健康、強壯	engine-auto	
หา	haa	hāˊ	找	engine-auto	
หาอะไร	haa arai	hāˊ aˇ rai	找什麼?	engine-auto	
เขาหาอะไร	khao haa arai	kāuˊ hāˊ aˇ rai	他找什麼?	engine-auto	
มาหาใคร	maa haa khrai	mā hāˊ krai	來找誰?	engine-auto	
คุณมาหาใคร	khun maa haa khrai	kun mā hāˊ krai	你來找誰?	engine-auto	
ฉันมาหาคุณ	chan maa haa khun	chanˊ mā hāˊ kun	我來找你	engine-auto	
หาเพื่อนคนไทย	haa phuean khon thai	hāˊ pɯ̄anˋ kon tai	找泰國朋友	engine-auto	
หาไม่เจอ	haa mai jer	hāˊ maiˋ jə̄	找不到	engine-auto	
เจอ	jer	jə̄	遇到、見面	engine-auto	
แล้วเจอกันนะ	laew jer kan na	lɛ̄u~ jə̄ gan na~	待會見喔	engine-auto	
เดี๋ยวเจอกันนะ	diao jer kan na	dhīauˊ jə̄ gan na~	等一下見喔	engine-auto	
หามือถือไม่เจอ	haa mue thue mai jer	hāˊ mɯ̄ tɯ̄ˊ maiˋ jə̄	找不到手機	engine-auto	
ไปหาหมอ	pai haa mor	bai hāˊ mɔ̄ˊ	去看醫生	engine-auto	
ไปหาหมอฟัน	pai haa mor fan	bai hāˊ mɔ̄ˊ fan	去看牙醫	engine-auto	
หมอดู	mor duu	mɔ̄ˊ dhū	算命師	engine-auto	
ดู	duu	dhū	看	engine-auto	
ดูทีวี	duu tii wii	dhū tī wī	看電視	engine-auto	
ไปหาหมอดู	pai haa mor duu	bai hāˊ mɔ̄ˊ dhū	去找算命師	engine-auto	
โชคไม่ดี	chok mai dii	chōkˋ maiˋ dhī	運氣不好	engine-auto	
โทร	thoo	tōn	打電話	engine-auto	
โทรไปจอง	thoo pai jong	tōn bai jɔ̄ng	打電話去預約/訂	engine-auto	
จอง	jong	jɔ̄ng	訂、預約	engine-auto	
ยินดี	yin dii	yin dhī	高興	engine-auto	
ยินดีด้วย	yin dii duay	yin dhī dhūayˋ	恭喜	engine-auto	
ยินดีด้วย ยินดีด้วย	yin dii duay yin dii duay	yin dhī dhūayˋ yin dhī dhūayˋ	恭喜恭喜	engine-auto	
ยินดีต้อนรับ	yin dii ton rap	yin dhī dɔ̄nˋ rap~	歡迎光臨	engine-auto	
ต้อนรับ	ton rap	dɔ̄nˋ rap~	接待、歡迎	engine-auto	
ยินดีที่ได้รู้จัก	yin dii thii dai ruu jak	yin dhī tīˋ dhaiˋ rū~ jakˇ	很高興認識你	engine-auto	
รู้จัก	ruu jak	rū~ jakˇ	認識	engine-auto	
วันนี้วันเกิดใคร	wan nii wan koet khrai	wan nī~ wan gə̄tˇ krai	今天是誰的生日?	engine-auto	
วันเกิด	wan koet	wan gə̄tˇ	生日	engine-auto	
เกิด	koet	gə̄tˇ	出生	engine-auto	
คุณเกิดวันที่เท่าไหร่	khun koet wan thii thao rai	kun gə̄tˇ wan tīˋ tāuˋ raiˇ	你是幾號出生的?	engine-auto	
คุณเกิดเดือนไหน	khun koet duean nai	kun gə̄tˇ dhɯ̄an naiˊ	你是哪個月份出生的?	engine-auto	
สุขสันต์วันเกิด	suk san wan koet	sukˇ sanˊ wan gə̄tˇ	生日快樂	engine-auto	
แฮปปี้เบิร์ธเดย์ (Happy Birthday)	haep pi boet de	hɛ̄pˋ bīˋ bhə̄tˇ dhē (Happy Birthday)	生日快樂 (英文音譯)	engine-auto	
ทำหน้า	tham naa	tam nāˋ	做臉	engine-auto	
เจ็บใจ	jeb jai	jepˇ jai	心痛 (帶有生氣)	engine-auto	
เจ็บหัวใจ	jeb hua jai	jepˇ hūaˊ jai	心痛 (生理)	engine-auto	
ยินดีต้อนรับสู่เมืองไทย	yin dii ton rap suu mueang thai	yin dhī dɔ̄nˋ rap~ sūˇ mɯ̄ang tai	歡迎來到泰國	engine-auto	
สู่	suu	sūˇ	到、往 (to)	engine-auto	
ยินดีต้อนรับสู่ไต้หวัน	yin dii ton rap suu taiwan	yin dhī dɔ̄nˋ rap~ sūˇ daiˋ wanˊ	歡迎來到台灣	engine-auto	
มีอีกไหมคะ	mii ik mai kha	mī īkˇ maiˊ ka~	還有嗎?	engine-auto	
อีก	ik	īkˇ	還、再	engine-auto	
ถ้าไม่มีแล้ว	tha mai mii laew	tāˋ maiˋ mī lɛ̄u~	如果沒有了	engine-auto	
ก็เลย	gloeey	gɔ̄ˋ lə̄i	所以	engine-auto	
ก็เลยไปซื้อยา	gloeey bpai sue ya	gɔ̄ˋ lə̄i bai sɯ̄~ yā	所以去買藥	engine-auto	
ก็เลยมาเรียนภาษาไทย	gloeey maa rian pasa thai	gɔ̄ˋ lə̄i mā rīan pā sāˊ tai	所以來學泰文	engine-auto	
ก็เลยมาเรียนภาษาไทย	gloeey maa rian pasa thai	gɔ̄ˋ lə̄i mā rīan pā sāˊ tai	所以來學泰文	engine-auto	
ทำ	tham	tam	做	engine-auto	
ตา 2 ชั้น	dta 2 chan	dā 2 chan~	雙眼皮	engine-auto	
ทำตา 2 ชั้น	tham dta 2 chan	tam dā 2 chan~	做雙眼皮	engine-auto	
เขาทำตา 2 ชั้น	kao tham dta 2 chan	kāuˊ tam dā 2 chan~	他/她做雙眼皮	engine-auto	
จำไม่ได้	jam mai dai	jam maiˋ dhaiˋ	記不得	engine-auto	
ก็เลยจำไม่ได้	gloeey jam mai dai	gɔ̄ˋ lə̄i jam maiˋ dhaiˋ	所以記不得了	engine-auto	
เพื่อนก็เลยจำไม่ได้	pheuan gloeey jam mai dai	pɯ̄anˋ gɔ̄ˋ lə̄i jam maiˋ dhaiˋ	朋友所以記不得了	engine-auto	
ตัด	dtat	datˇ	剪、切	engine-auto	
ตัดผม	dtat pom	datˇ pomˊ	剪頭髮	engine-auto	
ตัดเล็บ	dtat lep	datˇ lep~	剪指甲	engine-auto	
ตัดแว่น	dtat waen	datˇ wɛ̄nˋ	配眼鏡	engine-auto	
ตัดเสื้อ	dtat seua	datˇ sɯ̄aˋ	訂做衣服	engine-auto	
ตัดใจ	dtat jai	datˇ jai	死心、放下	engine-auto	
ทำไมต้องตัดใจ	tammai tong dtat jai	tam mai dɔ̄ngˋ datˇ jai	為什麼要死心？	engine-auto	
รักเขา แต่เขาไม่รักเรา	rak kao dtae kao mai rak rao	rak~ kāuˊ dɛ̄ˇ kāuˊ maiˋ rak~ rāu	愛他，但他不愛我	engine-auto	
ก็เลยต้องตัดใจ	gloeey tong dtat jai	gɔ̄ˋ lə̄i dɔ̄ngˋ datˇ jai	所以得死心	engine-auto	
แว่นอันนี้	waen an ni	wɛ̄nˋ an nī~	這副眼鏡	engine-auto	
ดูดี	du dee	dhū dhī	好看	engine-auto	
แว่นอันนี้ดูดี	waen an ni du dee	wɛ̄nˋ an nī~ dhū dhī	這副眼鏡很好看	engine-auto	
คุณตัดแว่นที่ไหน	khun dtat waen ti nai	kun datˇ wɛ̄nˋ tīˋ naiˊ	你在哪裡配眼鏡？	engine-auto	
เธอต้องตัดใจ	thoe tong dtat jai	tə̄ dɔ̄ngˋ datˇ jai	你要死心	engine-auto	
ถ้าเขาไม่รักคุณ	tha kao mai rak khun	tāˋ kāuˊ maiˋ rak~ kun	如果他不愛你	engine-auto	
เธอก็ตัดใจ	thoe go dtat jai	tə̄ gɔ̄ˋ datˇ jai	你就死心	engine-auto	
เธอก็ต้องตัดใจป่ะ	thoe go tong dtat jai pa	tə̄ gɔ̄ˋ dɔ̄ngˋ datˇ jai baˇ	你就得死心啊	engine-auto	
ถ้าเขาไม่รักเธอ เธอก็ต้องตัดใจป่ะ	tha kao mai rak thoe thoe go tong dtat jai pa	tāˋ kāuˊ maiˋ rak~ tə̄ tə̄ gɔ̄ˋ dɔ̄ngˋ datˇ jai baˇ	如果他不愛你，你就得死心啊	engine-auto	
ล้าง	lang	lāng~	洗	engine-auto	
พ่อล้างรถ	por lang rot	pɔ̄ˋ lāng~ rot~	爸爸洗車	engine-auto	
แม่ล้างผัก	mae lang phak	mɛ̄ˋ lāng~ pakˇ	媽媽洗菜	engine-auto	
ล้างจาน	lang jaan	lāng~ jān	洗碗	engine-auto	
น้องชายล้างจาน	nong chai lang jaan	nɔ̄ng~ chāi lāng~ jān	弟弟洗碗	engine-auto	
น้องสาวล้างห้องน้ำ	nong sao lang hong nam	nɔ̄ng~ sāuˊ lāng~ hɔ̄ngˋ nām~	妹妹洗廁所	engine-auto	
ไม่ต้องล้างอะไร	mai tong lang a-rai	maiˋ dɔ̄ngˋ lāng~ aˇ rai	不用洗任何東西	engine-auto	
ไหล่	lai	laiˇ	肩膀	engine-auto	
ฟัน	fan	fan	牙齒	engine-auto	
เจ็บตา	jep dta	jepˇ dā	眼睛痛 (受傷)	engine-auto	
เจ็บหัว	jep hua	jepˇ hūaˊ	頭痛 (被撞到)	engine-auto	
รู้แล้ว	ru laew	rū~ lɛ̄u~	知道了	engine-auto	
เจ็บ	jep	jepˇ	痛 (較表面的、受傷的痛)	engine-auto	
เจ็บขา	jep kha	jepˇ kāˊ	腳痛	engine-auto	
เจ็บคอ	jep khor	jepˇ kɔ̄	喉嚨痛	engine-auto	
ทำไมเจ็บคออย่างนี้	tammai jep khor yang nii	tam mai jepˇ kɔ̄ yāngˋ nī~	為什麼喉嚨這麼痛？	engine-auto	
เยอะ	yer	yə~	多	engine-auto	
ก็เลยเจ็บคอ	gloeey jep khor	gɔ̄ˋ lə̄i jepˇ kɔ̄	所以喉嚨痛	engine-auto	
เมื่อย	muey	mɯ̄aiˋ	痠 (肌肉疲勞的痠)	engine-auto	
เมื่อยขา	muey kha	mɯ̄aiˋ kāˊ	腳痠	engine-auto	
เดินเยอะ	dern yer	dhə̄n yə~	走很多路	engine-auto	
ก็เลยเมื่อยขา	gloeey muey kha	gɔ̄ˋ lə̄i mɯ̄aiˋ kāˊ	所以腳痠	engine-auto	
เดินเยอะ ก็เลยเมื่อยขา	dern yer gloeey muey kha	dhə̄n yə~ gɔ̄ˋ lə̄i mɯ̄aiˋ kāˊ	走很多路，所以腳痠	engine-auto	
เขียนเยอะ	khian yer	kīanˊ yə~	寫很多	engine-auto	
เมื่อยมือ	muey mue	mɯ̄aiˋ mɯ̄	手痠	engine-auto	
ก็เลยเมื่อยมือ	gloeey muey mue	gɔ̄ˋ lə̄i mɯ̄aiˋ mɯ̄	所以手痠	engine-auto	
นั่งนาน	nang naan	nangˋ nān	坐很久	engine-auto	
เมื่อยหลัง	muey lang	mɯ̄aiˋ langˊ	背痠	engine-auto	
ก็เลยเมื่อยหลัง	gloeey muey lang	gɔ̄ˋ lə̄i mɯ̄aiˋ langˊ	所以背痠	engine-auto	
ให้	hai	haiˋ	給	engine-auto	
ซื้อโทรศัพท์มือถือให้แฟน	seu torasap mue thue hai faen	sɯ̄~ tōn sapˇ mɯ̄ tɯ̄ˊ haiˋ fɛ̄n	買手機給男/女朋友	engine-auto	
วันเกิดของเขา	wan geurt khong kao	wan gə̄tˇ kɔ̄ngˊ kāuˊ	他的生日	engine-auto	
ซื้อรถให้เมีย	seu rot hai mia	sɯ̄~ rot~ haiˋ mīa	買車給老婆	engine-auto	
เอาเงินให้แม่	ao ngern hai mae	au ngə̄n haiˋ mɛ̄ˋ	拿錢給媽媽	engine-auto	
เอาข้าวให้ลูกกิน	ao khao hai luk gin	au kāuˋ haiˋ lūkˋ gin	拿飯給孩子吃	engine-auto	
นั่งให้สบาย	nang hai sabai	nangˋ haiˋ saˇ bhāi	坐得舒服	engine-auto	
เที่ยวให้สนุก	tiao hai sanuk	tīauˋ haiˋ saˇ nuk~	玩得開心	engine-auto	
กินให้อิ่ม	gin hai im	gin haiˋ imˇ	吃飽	engine-auto	
ไม่ต้องเกรงใจ	mai tong kreng jai	maiˋ dɔ̄ngˋ grēng jai	不用客氣	engine-auto	
กินให้อิ่ม ไม่ต้องเกรงใจ	gin hai im mai tong kreng jai	gin haiˋ imˇ maiˋ dɔ̄ngˋ grēng jai	吃飽，不用客氣	engine-auto	
ทำให้	tham hai	tam haiˋ	使、讓	engine-auto	
กินผัก	gin phak	gin pakˇ	吃菜	engine-auto	
แข็งแรง	khaeng raeng	kɛngˊ rɛ̄ng	健康、強壯	engine-auto	
ขอให้สุขภาพแข็งแรง	kho hai suk kapap khaeng raeng	kɔ̄ˊ haiˋ sukˇ pāpˋ kɛngˊ rɛ̄ng	祝你身體健康	engine-auto	
กินผักทำให้แข็งแรง	gin phak tham hai khaeng raeng	gin pakˇ tam haiˋ kɛngˊ rɛ̄ng	吃菜讓人健康	engine-auto	
เขาไม่ค่อยแข็งแรง	kao mai khoi khaeng raeng	kāuˊ maiˋ kɔ̄iˋ kɛngˊ rɛ̄ng	他/她不太健康	engine-auto	
ขอให้	kho hai	kɔ̄ˊ haiˋ	祝	engine-auto	
สุขสันต์วันเกิด	suk san wan geurt	sukˇ sanˊ wan gə̄tˇ	生日快樂	engine-auto	
ขอให้สุขกายสบายใจ	kho hai suk gai sabai jai	kɔ̄ˊ haiˋ sukˇ gāi saˇ bhāi jai	祝你身心愉快	engine-auto	
สุขสันต์วันเกิด ขอให้สุขภาพแข็งแรง	suk san wan geurt kho hai suk kapap khaeng raeng	sukˇ sanˊ wan gə̄tˇ kɔ̄ˊ haiˋ sukˇ pāpˋ kɛngˊ rɛ̄ng	生日快樂，祝你身體健康	engine-auto	
ขอให้แข็งแรง	kho hai khaeng raeng	kɔ̄ˊ haiˋ kɛngˊ rɛ̄ng	祝你健康	engine-auto	
เกิด	geurt	gə̄tˇ	出生	engine-auto	
คุณเกิดวันที่เท่าไหร่	khun geurt wan thi tao rai	kun gə̄tˇ wan tīˋ tāuˋ raiˇ	你是幾號出生的？	engine-auto	
ฉันเกิดวันที่ 12	chan geurt wan thi sip song	chanˊ gə̄tˇ wan tīˋ 12	我是12號出生的	engine-auto	
ฉันเกิดวันที่ 21	chan geurt wan thi yee sip et	chanˊ gə̄tˇ wan tīˋ 21	我是21號出生的	engine-auto	
เดือนไหน	duan nai	dhɯ̄an naiˊ	幾月	engine-auto	
คุณเกิดเดือนไหน	khun geurt duan nai	kun gə̄tˇ dhɯ̄an naiˊ	你是幾月出生的？	engine-auto	
เดือน 3	duan saam	dhɯ̄an 3	三月	engine-auto	
ผมเกิดเดือน 3	pom geurt duan saam	pomˊ gə̄tˇ dhɯ̄an 3	我是三月出生的	engine-auto	
ฉันเกิดเดือน 12	chan geurt duan sip song	chanˊ gə̄tˇ dhɯ̄an 12	我是十二月出生的	engine-auto	
ปีไหน	pi nai	bī naiˊ	哪一年	engine-auto	
คุณเกิดปีไหน	khun geurt pi nai	kun gə̄tˇ bī naiˊ	你是哪一年出生的？	engine-auto	
ผมเกิดปี 1991	pom geurt pi 1991	pomˊ gə̄tˇ bī 1991	我是1991年出生的	engine-auto	
ฉันเกิดปีหมู	chan geurt pi muu	chanˊ gə̄tˇ bī mūˊ	我是豬年出生的	engine-auto	
ปีเสือ	pi seua	bī sɯ̄aˊ	虎年	engine-auto	
เสือ	seua	sɯ̄aˊ	老虎	engine-auto	
เกิดปีไก่	geurt pi gai	gə̄tˇ bī gaiˇ	雞年出生	engine-auto	
หา	ha	hāˊ	找	engine-auto	
เขาหาของ	kao ha khong	kāuˊ hāˊ kɔ̄ngˊ	他/她在找東西	engine-auto	
หาเจอ	ha jer	hāˊ jə̄	找到	engine-auto	
เขาหาเจอไหม	kao ha jer mai	kāuˊ hāˊ jə̄ maiˊ	他/她找到了嗎？	engine-auto	
หาเจอไหม	ha jer mai	hāˊ jə̄ maiˊ	找到了嗎？	engine-auto	
เขาหานานแล้ว	kao ha nan laew	kāuˊ hāˊ nān lɛ̄u~	他/她找很久了	engine-auto	
หาไม่เจอ	ha mai jer	hāˊ maiˋ jə̄	找不到	engine-auto	
แต่หาไม่เจอ	tae ha mai jer	dɛ̄ˇ hāˊ maiˋ jə̄	但是找不到	engine-auto	
เขาหานานแล้ว แต่หาไม่เจอ	kao ha nan laew tae ha mai jer	kāuˊ hāˊ nān lɛ̄u~ dɛ̄ˇ hāˊ maiˋ jə̄	他找很久了，但是找不到	engine-auto	
หาหมอ	ha mor	hāˊ mɔ̄ˊ	看醫生	engine-auto	
ปู่ไปหาหมอ	pu bpai ha mor	būˇ bai hāˊ mɔ̄ˊ	爺爺去看醫生	engine-auto	
ก็เลยไปหาหมอ	gloeey bpai ha mor	gɔ̄ˋ lə̄i bai hāˊ mɔ̄ˊ	所以去看醫生	engine-auto	
ดู	du	dhū	看	engine-auto	
ดูมือถือ	du mue thue	dhū mɯ̄ tɯ̄ˊ	看手機	engine-auto	
ถ้าดูมือถือนาน	tha du mue thue nan	tāˋ dhū mɯ̄ tɯ̄ˊ nān	如果看手機很久	engine-auto	
ก็จะเมื่อยตา	go ja muey dta	gɔ̄ˋ jaˇ mɯ̄aiˋ dā	眼睛就會痠	engine-auto	
ดูทีวี	du tv	dhū tī wī	看電視	engine-auto	
ดูหมอ	du mor	dhū mɔ̄ˊ	算命	engine-auto	
ไปดูหมอ	bpai du mor	bai dhū mɔ̄ˊ	去算命	engine-auto	
โชคไม่ดี	chok mai dee	chōkˋ maiˋ dhī	運氣不好	engine-auto	
ก็เลยไปดูหมอ	gloeey bpai du mor	gɔ̄ˋ lə̄i bai dhū mɔ̄ˊ	所以去算命	engine-auto	
โชคไม่ดี ก็เลยไปดูหมอ	chok mai dee gloeey bpai du mor	chōkˋ maiˋ dhī gɔ̄ˋ lə̄i bai dhū mɔ̄ˊ	運氣不好，所以去算命	engine-auto	
หมอดู	mor du	mɔ̄ˊ dhū	算命師	engine-auto	
เก่งมาก	geng mak	gēngˇ mākˋ	很厲害	engine-auto	
หมอดูเก่งมาก	mor du geng mak	mɔ̄ˊ dhū gēngˇ mākˋ	算命師很厲害	engine-auto	
หมอดูคนนี้	mor du khon ni	mɔ̄ˊ dhū kon nī~	這位算命師	engine-auto	
หมอดูคนนี้เก่งมาก	mor du khon ni geng mak	mɔ̄ˊ dhū kon nī~ gēngˇ mākˋ	這位算命師很厲害	engine-auto	
โทร	tho	tōn	打電話	engine-auto	
จอง	jong	jɔ̄ng	訂位、預約	engine-auto	
โทรไปจองร้านอาหาร	tho bpai jong ran a-han	tōn bai jɔ̄ng rān~ ā hānˊ	打電話去訂餐廳	engine-auto	
ที่นั่ง	thi nang	tīˋ nangˋ	座位	engine-auto	
โทรไปจองที่นั่ง	tho bpai jong thi nang	tōn bai jɔ̄ng tīˋ nangˋ	打電話去訂位	engine-auto	
โทรไปหาเพื่อน	tho bpai ha pheuan	tōn bai hāˊ pɯ̄anˋ	打電話給朋友	engine-auto	
โทรมาทำไม	tho ma tam mai	tōn mā tam mai	打來幹嘛？	engine-auto	
ยินดีต้อนรับ	yin dee ton rap	yin dhī dɔ̄nˋ rap~	歡迎光臨	engine-auto	
ยินดีที่ได้รู้จัก	yin dee thi dai ru jak	yin dhī tīˋ dhaiˋ rū~ jakˇ	很高興認識你	engine-auto	
ผมชื่อเบียร์	pom chue beer	pomˊ chɯ̄ˋ bhīa	我叫Beer	engine-auto	
ต่อ	to	dɔ̄ˇ	繼續	engine-auto	
บ้าน	ban	bhānˋ	家	engine-auto	
แม่บ้าน	mae ban	mɛ̄ˋ bhānˋ	家庭主婦	book-exact	(book-exact已用引擎重新驗證)
บ้านเพื่อน	ban pheuan	bhānˋ pɯ̄anˋ	朋友家	engine-auto	
ไปบ้านเพื่อน	bpai ban pheuan	bai bhānˋ pɯ̄anˋ	去朋友家	engine-auto	
ไปนอนบ้านเพื่อน	bpai non ban pheuan	bai nɔ̄n bhānˋ pɯ̄anˋ	去朋友家睡覺	engine-auto	
บ้านผม / บ้านฉัน	ban pom / ban chan	bhānˋ pomˊ / bhānˋ chanˊ	我的家	engine-auto	
บ้านคุณ	ban khun	bhānˋ kun	你家	engine-auto	
บ้านคุณใหญ่มาก	ban khun yai mak	bhānˋ kun yaiˇ mākˋ	你家好大	engine-auto	
บ้านคุณสวยมาก	ban khun suay mak	bhānˋ kun sūayˊ mākˋ	你家好漂亮	engine-auto	
สร้าง	saang	srāngˋ	蓋	engine-auto	
สร้างบ้าน	saang ban	srāngˋ bhānˋ	蓋房子	engine-auto	
สร้างสถานีรถไฟฟ้า	saang sathani rot fai fa	srāngˋ saˇ tāˊ nī rot~ fai fā~	蓋捷運站	engine-auto	
ที่	thi	tīˋ	地方	engine-auto	
ที่ฝากของ	thi fak khong	tīˋ fākˇ kɔ̄ngˊ	寄物處	engine-auto	
ที่นั่ง	thi nang	tīˋ nangˋ	座位	engine-auto	
คนท้อง	khon thong	kon tɔ̄ng~	孕婦	engine-auto	
ที่นั่งคนท้อง	thi nang khon thong	tīˋ nangˋ kon tɔ̄ng~	孕婦的座位	engine-auto	
ที่อยู่	thi yuu	tīˋ yūˋ	住址	engine-auto	
คุณอยู่ที่ไหน	khun yuu thi nai	kun yūˋ tīˋ naiˊ	你住在哪裡？	engine-auto	
ต้องมีที่อยู่	tong mee thi yuu	dɔ̄ngˋ mī tīˋ yūˋ	必須有住址	engine-auto	
ขอที่อยู่หน่อย	kho thi yuu noi	kɔ̄ˊ tīˋ yūˋ nɔ̄iˇ	請給我你的地址	engine-auto	
ที่ดิน	thi din	tīˋ dhin	土地	engine-auto	
ซื้อที่ดิน	seu thi din	sɯ̄~ tīˋ dhin	買土地	engine-auto	
ซื้อที่ดินไม่ได้	seu thi din mai dai	sɯ̄~ tīˋ dhin maiˋ dhaiˋ	不能買土地	engine-auto	
แล้วก็	laew go	lɛ̄u~ gɔ̄ˋ	然後	engine-auto	
แล้วก็ต้มยำกุ้ง	laew go tom yam gung	lɛ̄u~ gɔ̄ˋ domˋ yam gungˋ	然後是冬蔭功	engine-auto	
แล้วก็ไปเชียงใหม่	laew go bpai chiang mai	lɛ̄u~ gɔ̄ˋ bai chīang maiˇ	然後去清邁	engine-auto	
แล้วก็ไปพัทยา	laew go bpai pattaya	lɛ̄u~ gɔ̄ˋ bai pat~ yā	然後去芭達雅	engine-auto	
แล้วก็ไปห้องน้ำ	laew go bpai hong nam	lɛ̄u~ gɔ̄ˋ bai hɔ̄ngˋ nām~	然後去洗手間	engine-auto	
ใช้บ่อย	chai boi	chai~ bhɔ̄iˇ	常用	engine-auto	
เสียดาย	sia dai	sīaˊ dhāi	可惜	engine-auto	
กินข้าวด้วยกัน	gin khao duay kan	gin kāuˋ dhūayˋ gan	一起吃飯	engine-auto	
แต่งงานแล้ว	taeng ngaan laew	dɛ̄ngˇ ngān lɛ̄u~	結婚了	engine-auto	
ไปไม่ได้	bpai mai dai	bai maiˋ dhaiˋ	去不了	engine-auto	
เสียดาย	sia dai	sīaˊ dhāi	可惜	engine-auto	
เสียดาย ไปไม่ได้	sia dai bpai mai dai	sīaˊ dhāi bai maiˋ dhaiˋ	可惜，不能去	engine-auto	
เล่นเกม	len game	lēnˋ gēm	玩遊戲	engine-auto	
เล่นเกมออนไลน์	len game online	lēnˋ gēm ɔ̄n lai	玩線上遊戲	engine-auto	
เราซื่อก็เล่นเกมออนไลน์	rao sue go len game online	rāu sɯ̄ˋ gɔ̄ˋ lēnˋ gēm ɔ̄n lai	老師也玩線上遊戲	engine-auto	
ซื้อของออนไลน์	seu khong online	sɯ̄~ kɔ̄ngˊ ɔ̄n lai	線上買東西	engine-auto	
ไปเที่ยว	bpai tiao	bai tīauˋ	去玩	book-exact	(book-exact已用引擎重新驗證)
ฝาก	fak	fākˇ	寄	engine-auto	
กระเป๋า	gra pao	graˇ bāuˊ	包包、行李	engine-auto	
ฝากกระเป๋า	fak gra pao	fākˇ graˇ bāuˊ	寄行李	engine-auto	
ขอฝากกระเป๋าได้ไหมคะ	kho fak gra pao dai mai kha	kɔ̄ˊ fākˇ graˇ bāuˊ dhaiˋ maiˊ ka~	可以寄放行李嗎？	engine-auto	
ฝากกระเป๋าหน่อยได้ไหมคะ	fak gra pao noi dai mai kha	fākˇ graˇ bāuˊ nɔ̄iˇ dhaiˋ maiˊ ka~	寄放一下行李	engine-auto	
ที่ฝากของ	thi fak khong	tīˋ fākˇ kɔ̄ngˊ	寄物處	engine-auto	
เงิน	ngern	ngə̄n	錢	engine-auto	
มีเงิน	mee ngern	mī ngə̄n	有錢	engine-auto	
ใช้เงิน	chai ngern	chai~ ngə̄n	花錢	engine-auto	
เสียเงิน	sia ngern	sīaˊ ngə̄n	浪費錢	engine-auto	
อาหารทะเลสดไหม	a han thale sot mai	ā hānˊ ta~ lē sotˇ maiˊ	海鮮新鮮嗎？	engine-auto	
ตลาดสด	talad sot	daˇ lātˋ sotˇ	菜市場	engine-auto	
เงินสด	ngern sot	ngə̄n sotˇ	現金	engine-auto	
เงินบาท	ngern baht	ngə̄n bhātˇ	泰銖	engine-auto	
เงินเยน	ngern yen	ngə̄n yēn	日幣	engine-auto	
เงินดอลลาร์ไต้หวัน	ngern dollar taiwan	ngə̄n dhɔ̄n lā daiˋ wanˊ	台幣	engine-auto	
US ดอลลาร์	US dollar	US dhɔ̄n lā	美金	engine-auto	
ทอง	thong	tɔ̄ng	黃金	engine-auto	
ต้องซื้อทอง	tong seu thong	dɔ̄ngˋ sɯ̄~ tɔ̄ng	要買黃金	engine-auto	
ทองคำ	thong kham	tɔ̄ng kam	金子	engine-auto	
ทองแดง	thong daeng	tɔ̄ng dhɛ̄ng	銅	engine-auto	
หน้าแดง	na daeng	nāˋ dhɛ̄ng	臉紅	engine-auto	
ปากแดง	pak daeng	bākˇ dhɛ̄ng	嘴巴紅	engine-auto	
แดง	daeng	dhɛ̄ng	紅色	engine-auto	
ทองแดง	thong daeng	tɔ̄ng dhɛ̄ng	銅（陛下愛犬的名字）	engine-auto	
คุณทองแดง	khun thong daeng	kun tɔ̄ng dhɛ̄ng	（尊稱）	engine-auto	
ร้านทอง	ran thong	rān~ tɔ̄ng	金飾店	engine-auto	
เหรียญ	rien	rīanˊ	硬幣	engine-auto	
เหรียญทอง	rien thong	rīanˊ tɔ̄ng	金牌	engine-auto	
เหรียญเงิน	rien ngern	rīanˊ ngə̄n	銀牌	engine-auto	
เงิน	ngern	ngə̄n	錢、銀	engine-auto	
เหรียญทองแดง	rien thong daeng	rīanˊ tɔ̄ng dhɛ̄ng	銅牌	engine-auto	
เหรียญสิบ	rien sip	rīanˊ sipˇ	十元硬幣	engine-auto	
เหรียญห้า	rien ha	rīanˊ hāˋ	五元硬幣	engine-auto	
เหรียญบาท	rien baht	rīanˊ bhātˇ	一元硬幣	engine-auto	
เหรียญห้าสิบ	rien ha sip	rīanˊ hāˋ sipˇ	五十元硬幣（台幣）	engine-auto	
แบงค์	baeng	bhɛ̄ng	紙鈔（口語）	engine-auto	
แบงค์ยี่สิบ	baeng yee sip	bhɛ̄ng yīˋ sipˇ	二十元紙鈔	engine-auto	
แบงค์ห้าสิบ	baeng ha sip	bhɛ̄ng hāˋ sipˇ	五十元紙鈔	engine-auto	
แบงค์ร้อย	baeng roi	bhɛ̄ng rɔ̄i~	一百元紙鈔	engine-auto	
แบงค์ห้าร้อย	baeng ha roi	bhɛ̄ng hāˋ rɔ̄i~	五百元紙鈔	engine-auto	
แบงค์พัน	baeng phan	bhɛ̄ng pan	一千元紙鈔	engine-auto	
โต๊ะ	to	do~	桌子	engine-auto	
โต๊ะอาหาร	to a-han	do~ ā hānˊ	餐桌	engine-auto	
ทำงาน	tham ngaan	tam ngān	工作	engine-auto	
ทำงานที่ไหน	tham ngaan thi nai	tam ngān tīˋ naiˊ	在哪裡工作？	engine-auto	
ทำงานที่เมืองไทย	tham ngaan thi mueang thai	tam ngān tīˋ mɯ̄ang tai	在泰國工作	engine-auto	
แต่งงาน	taeng ngaan	dɛ̄ngˇ ngān	結婚	engine-auto	
โต๊ะทำงาน	to tham ngaan	do~ tam ngān	辦公桌；書桌	engine-auto	
โต๊ะจีน	to jeen	do~ jīn	中式辦桌	engine-auto	
เก้าอี้	kao ii	gāuˋ īˋ	椅子	engine-auto	
เก้าอี้ไม้	kao ii mai	gāuˋ īˋ mai~	木椅	engine-auto	
ไม้	mai	mai~	木頭；串	engine-auto	
หมูปิ้งไม้ละเท่าไหร่	moo ping mai la thao rai	mūˊ bingˋ mai~ la~ tāuˋ raiˇ	烤豬肉一串多少錢？	engine-auto	
ขอเก้าอี้เด็ก	kho kao ii dek	kɔ̄ˊ gāuˋ īˋ dhekˇ	我想要一張兒童椅	engine-auto	
มีเก้าอี้เด็กไหม	mee kao ii dek mai	mī gāuˋ īˋ dhekˇ maiˊ	有兒童椅嗎？	engine-auto	
ตัว	tua	dūa	（張、個、隻）	engine-auto	
เก้าอี้ตัวนี้	kao ii tua ni	gāuˋ īˋ dūa nī~	這張椅子	engine-auto	
ขอเก้าอี้ 2 ตัว	kho kao ii song tua	kɔ̄ˊ gāuˋ īˋ 2 dūa	我想要兩張椅子	engine-auto	
หนัง	nang	nangˊ	皮；電影	book-exact	(book-exact已用引擎重新驗證)
หนังหมู	nang moo	nangˊ mūˊ	豬皮	engine-auto	
ชอบกินหนังหมู	chop gin nang moo	chɔ̄pˋ gin nangˊ mūˊ	喜歡吃豬皮	engine-auto	
ชอบกินหนังหมูไหมคะ	chop gin nang moo mai kha	chɔ̄pˋ gin nangˊ mūˊ maiˊ ka~	喜歡吃豬皮嗎？	engine-auto	
ฉันไม่ชอบกินหนังหมู	chan mai chop gin nang moo	chanˊ maiˋ chɔ̄pˋ gin nangˊ mūˊ	我不喜歡吃豬皮	engine-auto	
หนังไก่	nang gai	nangˊ gaiˇ	雞皮	engine-auto	
หนังเป็ด	nang pet	nangˊ betˇ	鴨皮	engine-auto	
ไปดูหนังด้วยกัน	bpai du nang duay kan	bai dhū nangˊ dhūayˋ gan	一起去看電影	engine-auto	
หนังอะไร	nang a-rai	nangˊ aˇ rai	什麼電影？	engine-auto	
หนังผี	nang phee	nangˊ pīˊ	鬼片	engine-auto	
ผี	phee	pīˊ	鬼	engine-auto	
ชอบดูหนังผีไหมคะ	chop du nang phee mai kha	chɔ̄pˋ dhū nangˊ pīˊ maiˊ ka~	喜歡看鬼片嗎？	engine-auto	
ไม่ดูหนังผี	mai du nang phee	maiˋ dhū nangˊ pīˊ	不看鬼片	engine-auto	
ไปดูหนัง	bpai du nang	bai dhū nangˊ	去看電影	engine-auto	
ชอบไปดูหนังไหมคะ	chop bpai du nang mai kha	chɔ̄pˋ bai dhū nangˊ maiˊ ka~	喜歡去看電影嗎？	engine-auto	
หนังสือ	nang sue	nangˊ sɯ̄ˊ	書	engine-auto	
หนังสือไทย	nang sue thai	nangˊ sɯ̄ˊ tai	泰文書	engine-auto	
การ์ตูน	cartoon	gā dūn	卡通	engine-auto	
หนังสือการ์ตูน	nang sue cartoon	nangˊ sɯ̄ˊ gā dūn	漫畫	engine-auto	
เด็กๆ ชอบอ่านหนังสือการ์ตูน	dek dek chop aan nang sue cartoon	dhekˇ dhekˇ chɔ̄pˋ ānˇ nangˊ sɯ̄ˊ gā dūn	小孩子喜歡看漫畫	engine-auto	
ชอบอ่านหนังสือไหม	chop aan nang sue mai	chɔ̄pˋ ānˇ nangˊ sɯ̄ˊ maiˊ	喜歡看書嗎？	engine-auto	
เฉยๆ	choey choey	chə̄iˊ chə̄iˊ	還好；普普通通	engine-auto	
อ่านหนังสือ	aan nang sue	ānˇ nangˊ sɯ̄ˊ	看書	engine-auto	
หนังสือพิมพ์	nang sue phim	nangˊ sɯ̄ˊ pim	報紙	engine-auto	
หนังสือพิมพ์จีน	nang sue phim jeen	nangˊ sɯ̄ˊ pim jīn	中文報紙	engine-auto	
ปากกา	pak ga	bākˇ gā	筆	engine-auto	
ปาก	pak	bākˇ	嘴巴	engine-auto	
กา	ga	gā	烏鴉	engine-auto	
มีปากกาไหม	mee pak ga mai	mī bākˇ gā maiˊ	有筆嗎？	engine-auto	
ปากกาแดง	pak ga daeng	bākˇ gā dhɛ̄ng	紅筆	engine-auto	
ปากกาดำ	pak ga dam	bākˇ gā dham	黑筆	engine-auto	
ดินสอ	din sor	dhin sɔ̄ˊ	鉛筆	engine-auto	
ที่ดิน	thi din	tīˋ dhin	土地	engine-auto	
ดิน	din	dhin	土	engine-auto	
ดินสอสี	din sor see	dhin sɔ̄ˊ sīˊ	彩色筆	engine-auto	
สี	see	sīˊ	顏色	engine-auto	
ผมขาว	phom khaow	pomˊ kāuˊ	白頭髮	engine-auto	
สีขาว	see khaow	sīˊ kāuˊ	白色	engine-auto	
สีแดง	see daeng	sīˊ dhɛ̄ng	紅色	engine-auto	
สีดำ	see dam	sīˊ dham	黑色	engine-auto	
กล่องดินสอ	glong din sor	glɔ̄ngˇ dhin sɔ̄ˊ	鉛筆盒	engine-auto	
กล่อง	glong	glɔ̄ngˇ	盒子	engine-auto	
กระดาษ	gra daat	graˇ dhātˇ	紙	engine-auto	
กระดาษเปล่า	gra daat plao	graˇ dhātˇ blāuˇ	白紙	engine-auto	
ข้าวเปล่า	khao plao	kāuˋ blāuˇ	白飯	engine-auto	
น้ำเปล่า	nam plao	nām~ blāuˇ	白開水	engine-auto	
ทิชชู่	tissue	tit~ chūˋ	衛生紙	engine-auto	
กระดาษทิชชู่	gra daat tissue	graˇ dhātˇ tit~ chūˋ	衛生紙	engine-auto	
ในห้องน้ำมีทิชชู่ไหม	nai hong nam mee tissue mai	nai hɔ̄ngˋ nām~ mī tit~ chūˋ maiˊ	廁所有衛生紙嗎？	engine-auto	
รีไซเคิล	recycle	rī sai kə̄n	回收	engine-auto	
กระดาษรีไซเคิล	gra daat recycle	graˇ dhātˇ rī sai kə̄n	回收紙	engine-auto	
เอาไปรีไซเคิล	ao bpai recycle	au bai rī sai kə̄n	拿去回收	engine-auto	
ฝากกระเป๋า	fak gra pao	fākˇ graˇ bāuˊ	寄放行李	engine-auto	
กระเป๋า	gra pao	graˇ bāuˊ	包包	engine-auto	
เงิน	ngern	ngə̄n	錢	engine-auto	
กระเป๋าเงิน	gra pao ngern	graˇ bāuˊ ngə̄n	錢包	engine-auto	
หนังสือ	nang sue	nangˊ sɯ̄ˊ	書	engine-auto	
กระเป๋าหนังสือ	gra pao nang sue	graˇ bāuˊ nangˊ sɯ̄ˊ	書包	engine-auto	
ใบ	bai	bhai	（個、張、片）	engine-auto	
ตั๋วใบละเท่าไหร่	tua bai la thao rai	dūaˊ bhai la~ tāuˋ raiˇ	一張票多少錢？	engine-auto	
กระเป๋าใบนี้	gra pao bai ni	graˇ bāuˊ bhai nī~	這個包包	engine-auto	
เป้	bpai	bēˋ	背包	engine-auto	
กระเป๋าเป้	gra pao bpai	graˇ bāuˊ bēˋ	背包	engine-auto	
เป้ใบนี้สวยไหม	bpai bai ni suay mai	bēˋ bhai nī~ sūayˊ maiˊ	這個背包好看嗎？	engine-auto	
กระเป๋าเดินทาง	gra pao dern thang	graˇ bāuˊ dhə̄n tāng	行李箱	engine-auto	
เดินทาง	dern thang	dhə̄n tāng	旅行；通行	engine-auto	
เดิน	dern	dhə̄n	走路	engine-auto	
ทาง	thang	tāng	路	engine-auto	
ทำไมไม่ออกมา	tam mai mai ok ma	tam mai maiˋ ɔ̄kˇ mā	為什麼不出來？	engine-auto	
เก็บกระเป๋า	geb gra pao	gepˇ graˇ bāuˊ	收拾行李	engine-auto	
เก็บตังค์	geb tang	gepˇ dang	結帳；買單	engine-auto	
เก็บกระเป๋าไปเที่ยว	geb gra pao bpai tiao	gepˇ graˇ bāuˊ bai tīauˋ	收拾行李去玩	engine-auto	
มือถือ	mue thue	mɯ̄ tɯ̄ˊ	手機	engine-auto	
ถือ	thue	tɯ̄ˊ	拿；提	engine-auto	
กระเป๋าถือ	gra pao thue	graˇ bāuˊ tɯ̄ˊ	手提包	engine-auto	
ถือกระเป๋า	thue gra pao	tɯ̄ˊ graˇ bāuˊ	提著包包	engine-auto	
ปลอม	plom	blɔ̄m	假的	engine-auto	
กระเป๋าหลุยส์ปลอม	gra pao louis plom	graˇ bāuˊ luiˊ blɔ̄m	假的LV包	engine-auto	
หลุยส์ปลอม	louis plom	luiˊ blɔ̄m	假的LV	engine-auto	
ฟันปลอม	fan plom	fan blɔ̄m	假牙	engine-auto	
ของปลอม	khong plom	kɔ̄ngˊ blɔ̄m	假貨	engine-auto	
ใส่	sai	saiˇ	放進；穿	engine-auto	
ใส่กระเป๋า	sai gra pao	saiˇ graˇ bāuˊ	放進包包	engine-auto	
ใส่ถุงหรือกินที่นี่	sai toong rue gin thi ni	saiˇ tungˊ rɯ̄ˊ gin tīˋ nīˋ	內用還是外帶？	engine-auto	
ถุงมือ	toong mue	tungˊ mɯ̄	手套	engine-auto	
มือ	mue	mɯ̄	手	engine-auto	
ใส่ถุงมือ	sai toong mue	saiˇ tungˊ mɯ̄	戴手套	engine-auto	
ถุงกระดาษ	toong gra daat	tungˊ graˇ dhātˇ	紙袋	engine-auto	
ถุงเท้า	toong thao	tungˊ tāu~	襪子	engine-auto	
เท้า	thao	tāu~	腳	engine-auto	
ใส่ถุงเท้า	sai toong thao	saiˇ tungˊ tāu~	穿襪子	engine-auto	
รองเท้า	rong thao	rɔ̄ng tāu~	鞋子	engine-auto	
รองเท้าหนัง	rong thao nang	rɔ̄ng tāu~ nangˊ	皮鞋	engine-auto	
รองเท้าหนังสีดำ	rong thao nang see dam	rɔ̄ng tāu~ nangˊ sīˊ dham	黑色皮鞋	engine-auto	
ถอด	tot	tɔ̄tˇ	脫	engine-auto	
ถอดรองเท้า	tot rong thao	tɔ̄tˇ rɔ̄ng tāu~	脫鞋	engine-auto	
ถอดเสื้อ	tot seua	tɔ̄tˇ sɯ̄aˋ	脫衣服	engine-auto	
คอนโด	condo	kɔ̄n dhō	公寓	engine-auto	
ซื้อคอนโด	seu condo	sɯ̄~ kɔ̄n dhō	買公寓	engine-auto	
ซื้อคอนโดที่เมืองไทย	seu condo thi mueang thai	sɯ̄~ kɔ̄n dhō tīˋ mɯ̄ang tai	在泰國買公寓	engine-auto	
นักศึกษา	nak suk sa	nak~ sɯkˇ sāˊ	大學生	engine-auto	
เช่า	chao	chāuˋ	租	engine-auto	
เช่าคอนโด	chao condo	chāuˋ kɔ̄n dhō	租公寓	engine-auto	
แอร์	air	ɛ̄	冷氣	engine-auto	
ห้องแอร์	hong air	hɔ̄ngˋ ɛ̄	冷氣房	engine-auto	
มีห้องแอร์ไหม	mee hong air mai	mī hɔ̄ngˋ ɛ̄ maiˊ	有冷氣房嗎？	engine-auto	
ฉันอยากนั่งห้องแอร์ค่ะ	chan yaak nang hong air kha	chanˊ yākˋ nangˋ hɔ̄ngˋ ɛ̄ kaˋ	我想坐冷氣房	engine-auto	
รถเมล์	rot me	rot~ mē	公車	engine-auto	
รถแอร์	rot air	rot~ ɛ̄	冷氣公車	engine-auto	
ไม่มีแอร์	mai mee air	maiˋ mī ɛ̄	沒有冷氣	engine-auto	
ผมอยากนั่งรถแอร์	pom yaak nang rot air	pomˊ yākˋ nangˋ rot~ ɛ̄	我想坐冷氣公車	engine-auto	
เปิด	bpeut	bə̄tˇ	開；打開	book-exact	(book-exact已用引擎重新驗證)
เปิดแอร์	bpeut air	bə̄tˇ ɛ̄	開冷氣	engine-auto	
ร้อนมาก เปิดแอร์ได้ไหมคะ	ron mak bpeut air dai mai kha	rɔ̄n~ mākˋ bə̄tˇ ɛ̄ dhaiˋ maiˊ ka~	好熱，可以開冷氣嗎？	engine-auto	
คอมพิวเตอร์	kom piew ter	kɔ̄m piw də̄	電腦	engine-auto	
เปิดคอมพิวเตอร์	bpeut kom piew ter	bə̄tˇ kɔ̄m piw də̄	開電腦	engine-auto	
เปิดไฟ	bpeut fai	bə̄tˇ fai	開燈	engine-auto	
เล่นอินเทอร์เน็ต	len internet	lēnˋ in tə̄ net~	上網	engine-auto	
ดาวน์โหลด	download	dhāu lōtˇ	下載	engine-auto	
มอเตอร์ไซค์	motorcycle	mɔ̄ də̄ sai	摩托車	engine-auto	
วินมอเตอร์ไซค์	win motorcycle	win mɔ̄ də̄ sai	摩托計程車	engine-auto	
ขี่มอเตอร์ไซค์	khee motorcycle	kīˇ mɔ̄ də̄ sai	騎摩托車	engine-auto	
ขี่มอเตอร์ไซค์เป็นไหม	khee motorcycle pen mai	kīˇ mɔ̄ də̄ sai ben maiˊ	你會騎摩托車嗎？	engine-auto	
ขี่เป็น	khee pen	kīˇ ben	會騎	engine-auto	
ขี่มอเตอร์ไซค์ไม่เป็น	khee motorcycle mai pen	kīˇ mɔ̄ də̄ sai maiˋ ben	不會騎摩托車	engine-auto	
ยี่ห้อ	yee hor	yīˋ hɔ̄ˋ	品牌	engine-auto	
ยี่ห้ออะไร	yee hor a-rai	yīˋ hɔ̄ˋ aˇ rai	什麼品牌？	engine-auto	
เหนื่อยไหมคะ	neuy mai kha	nɯ̄aiˇ maiˊ ka~	累嗎？	engine-auto	
ทำงานเหนื่อย	tham ngaan neuy	tam ngān nɯ̄aiˇ	工作很累	engine-auto	
เรียนไม่เหนื่อย	rian mai neuy	rīan maiˋ nɯ̄aiˇ	上課不累	engine-auto	
แล้วก็	laew ko	lɛ̄u~ gɔ̄ˋ	然後	engine-auto	
กินข้าวแล้วก็ไปทำงาน	kin khao laew ko pai tham ngaan	gin kāuˋ lɛ̄u~ gɔ̄ˋ bai tam ngān	吃飯然後去工作	engine-auto	
เสียดาย	sia daai	sīaˊ dhāi	可惜	engine-auto	
ไม่มีเวลาไปเที่ยว	mai mii welaa pai thiao	maiˋ mī wē lā bai tīauˋ	沒有時間去玩	engine-auto	
ออนไลน์	on-line	ɔ̄n lai	線上	engine-auto	
เล่นเกมออนไลน์	len game on-line	lēnˋ gēm ɔ̄n lai	玩線上遊戲	engine-auto	
ช้อปปิ้งออนไลน์	chopping on-line	chɔ̄p~ bingˋ ɔ̄n lai	線上購物	engine-auto	
ซื้อของออนไลน์	seu khong on-line	sɯ̄~ kɔ̄ngˊ ɔ̄n lai	線上買東西	engine-auto	
เรียนออนไลน์	rian on-line	rīan ɔ̄n lai	線上上課	engine-auto	
เรียนภาษาไทยออนไลน์	rian phasaa thai on-line	rīan pā sāˊ tai ɔ̄n lai	線上學泰文	engine-auto	
ฝาก	faak	fākˇ	寄、放	engine-auto	
ฝากกระเป๋า	faak kra-pao	fākˇ graˇ bāuˊ	寄放行李	engine-auto	
กระเป๋าเดินทาง	kra-pao deun thang	graˇ bāuˊ dhə̄n tāng	行李	engine-auto	
ฝากกระเป๋าเดินทางได้ไหมครับ	faak kra-pao deun thang dai mai krap	fākˇ graˇ bāuˊ dhə̄n tāng dhaiˋ maiˊ krap~	可以寄放行李嗎？(男生)	engine-auto	
ฝากกระเป๋าได้ไหมครับ	faak kra-pao dai mai krap	fākˇ graˇ bāuˊ dhaiˋ maiˊ krap~	可以寄放行李嗎？(男生/口語)	engine-auto	
ฝากกระเป๋าได้ไหมคะ	faak kra-pao dai mai kha	fākˇ graˇ bāuˊ dhaiˋ maiˊ ka~	可以寄放行李嗎？(女生)	engine-auto	
ได้ค่ะ	dai kha	dhaiˋ kaˋ	可以的	engine-auto	
ฝากของ	faak khong	fākˇ kɔ̄ngˊ	寄放東西	engine-auto	
ฝากของได้ไหมครับ	faak khong dai mai krap	fākˇ kɔ̄ngˊ dhaiˋ maiˊ krap~	可以寄放東西嗎？(男生)	engine-auto	
บ้าน	baan	bhānˋ	家	engine-auto	
บ้านเพื่อน	baan phuean	bhānˋ pɯ̄anˋ	朋友家	engine-auto	
อยู่ซอย 29	yuu soi 29	yūˋ sɔ̄i 29	在29巷	engine-auto	
บ้านแฟน	baan faen	bhānˋ fɛ̄n	男/女朋友家	engine-auto	
อยู่ไกลมาก	yuu glai maak	yūˋ glai mākˋ	很遠	engine-auto	
ที่อยู่	thii yuu	tīˋ yūˋ	地址	engine-auto	
มีที่อยู่ไหม	mii thii yuu mai	mī tīˋ yūˋ maiˊ	有地址嗎？	engine-auto	
มีที่อยู่ร้านอาหารไหม	mii thii yuu raan aahaan mai	mī tīˋ yūˋ rān~ ā hānˊ maiˊ	有餐廳地址嗎？	engine-auto	
ขอที่อยู่หน่อย	kho thii yuu noi	kɔ̄ˊ tīˋ yūˋ nɔ̄iˇ	請給我地址	engine-auto	
ที่ดิน	thii din	tīˋ dhin	土地	engine-auto	
ซื้อที่ดิน	seu thii din	sɯ̄~ tīˋ dhin	買土地	engine-auto	
ซื้อที่ดินไม่ได้	seu thii din mai dai	sɯ̄~ tīˋ dhin maiˋ dhaiˋ	不能買土地	engine-auto	
ซื้อที่ดินที่เมืองไทยไม่ได้	seu thii din thii mueang thai mai dai	sɯ̄~ tīˋ dhin tīˋ mɯ̄ang tai maiˋ dhaiˋ	在泰國不能買土地	engine-auto	
เงินสด	ngoen sot	ngə̄n sotˇ	現金	engine-auto	
ใช้เงินสด	chai ngoen sot	chai~ ngə̄n sotˇ	用現金	engine-auto	
ไม่ต้องใช้เงินสด	mai tong chai ngoen sot	maiˋ dɔ̄ngˋ chai~ ngə̄n sotˇ	不必用現金	engine-auto	
ก็ได้	ko dai	gɔ̄ˋ dhaiˋ	也可以	engine-auto	
ไม่ต้องใช้เงินสดก็ได้	mai tong chai ngoen sot ko dai	maiˋ dɔ̄ngˋ chai~ ngə̄n sotˇ gɔ̄ˋ dhaiˋ	不必用現金也可以	engine-auto	
ทอง	thong	tɔ̄ng	黃金	engine-auto	
ราคาทอง	rakha thong	rā kā tɔ̄ng	金價	engine-auto	
ราคาทองเท่าไหร่	rakha thong thao-rai	rā kā tɔ̄ng tāuˋ raiˇ	金價多少？	engine-auto	
วันนี้ราคาทองเท่าไหร่	wan nii rakha thong thao-rai	wan nī~ rā kā tɔ̄ng tāuˋ raiˇ	今天金價多少？	engine-auto	
แบงค์	baeng	bhɛ̄ng	紙鈔	engine-auto	
ใช้แบงค์ได้ไหม	chai baeng dai mai	chai~ bhɛ̄ng dhaiˋ maiˊ	可以用紙鈔嗎？	engine-auto	
แบงค์ร้อย	baeng roi	bhɛ̄ng rɔ̄i~	100元紙鈔	engine-auto	
ใช้แบงค์ร้อยได้ไหม	chai baeng roi dai mai	chai~ bhɛ̄ng rɔ̄i~ dhaiˋ maiˊ	可以用100元紙鈔嗎？	engine-auto	
แบงค์ห้าร้อย	baeng ha roi	bhɛ̄ng hāˋ rɔ̄i~	500元紙鈔	engine-auto	
แบงค์พัน	baeng phan	bhɛ̄ng pan	1000元紙鈔	engine-auto	
ใช้ไม่ได้	chai mai dai	chai~ maiˋ dhaiˋ	不能用	engine-auto	
แบงค์ห้าร้อยกับแบงค์พันใช้ไม่ได้	baeng ha roi gap baeng phan chai mai dai	bhɛ̄ng hāˋ rɔ̄i~ gapˇ bhɛ̄ng pan chai~ maiˋ dhaiˋ	500元和1000元紙鈔不能用	engine-auto	
โต๊ะ	to	do~	桌子	engine-auto	
มีโต๊ะไหม	mii to mai	mī do~ maiˊ	有桌子嗎？	engine-auto	
ขอโทษค่ะ	kho thot kha	kɔ̄ˊ tōtˋ kaˋ	對不起	engine-auto	
ไม่มีโต๊ะแล้ว	mai mii to laew	maiˋ mī do~ lɛ̄u~	沒有桌子了	engine-auto	
ขอโทษค่ะ ไม่มีโต๊ะแล้วค่ะ	kho thot kha mai mii to laew kha	kɔ̄ˊ tōtˋ kaˋ maiˋ mī do~ lɛ̄u~ kaˋ	對不起，沒有桌子了	engine-auto	
เก้าอี้	kao ii	gāuˋ īˋ	椅子	engine-auto	
ไม่มีเก้าอี้	mai mii kao ii	maiˋ mī gāuˋ īˋ	沒有椅子	engine-auto	
ไม่พอ	mai phor	maiˋ pɔ̄	不夠	engine-auto	
เก้าอี้ไม่พอ	kao ii mai phor	gāuˋ īˋ maiˋ pɔ̄	椅子不夠	engine-auto	
ขอเก้าอี้สองตัวค่ะ/ครับ	kho kao ii song tua kha/krap	kɔ̄ˊ gāuˋ īˋ sɔ̄ngˊ dūa kaˋ/krap~	請給我兩張椅子	engine-auto	
ขอเก้าอี้สองตัวหน่อย	kho kao ii song tua noi	kɔ̄ˊ gāuˋ īˋ sɔ̄ngˊ dūa nɔ̄iˇ	請給我兩張椅子 (客氣)	engine-auto	
หนัง	nang	nangˊ	皮	book-exact	(book-exact已用引擎重新驗證)
หนังไก่ทอด	nang gai thot	nangˊ gaiˇ tɔ̄tˋ	炸雞皮	engine-auto	
หนังหมู	nang muu	nangˊ mūˊ	豬皮	engine-auto	
กินแล้วสวย	kin laew suay	gin lɛ̄u~ sūayˊ	吃了會漂亮	engine-auto	
หนัง	nang	nangˊ	電影	book-exact	(book-exact已用引擎重新驗證)
ไปดูหนังกัน	pai du nang kan	bai dhū nangˊ gan	一起去看電影	engine-auto	
หนังอะไร	nang a-rai	nangˊ aˇ rai	什麼電影？	engine-auto	
ถ้าเป็นหนังผี	tha pen nang phi	tāˋ ben nangˊ pīˊ	如果是鬼片	engine-auto	
ฉันไม่ดู	chan mai du	chanˊ maiˋ dhū	我不看	engine-auto	
หนังสือ	nang sue	nangˊ sɯ̄ˊ	書	engine-auto	
อ่านหนังสือ	an nang sue	ānˇ nangˊ sɯ̄ˊ	看書	engine-auto	
หนังสือการ์ตูน	nang sue cartoon	nangˊ sɯ̄ˊ gā dūn	漫畫	engine-auto	
เด็กๆชอบอ่านหนังสือการ์ตูน	dek dek chop an nang sue cartoon	dhekˇ dhekˇ chɔ̄pˋ ānˇ nangˊ sɯ̄ˊ gā dūn	小朋友喜歡看漫畫書	engine-auto	
หนังสือเรียน	nang sue rian	nangˊ sɯ̄ˊ rīan	課本	engine-auto	
หนังสือพิมพ์	nang sue phim	nangˊ sɯ̄ˊ pim	報紙	engine-auto	
หนังสือพิมพ์ออนไลน์	nang sue phim on-line	nangˊ sɯ̄ˊ pim ɔ̄n lai	線上報紙	engine-auto	
คุณปู่ชอบอ่านหนังสือพิมพ์	khun puu chop an nang sue phim	kun būˇ chɔ̄pˋ ānˇ nangˊ sɯ̄ˊ pim	爺爺喜歡看報紙	engine-auto	
ปากกา	pakka	bākˇ gā	筆	engine-auto	
ปากกาดำ	pakka dam	bākˇ gā dham	黑色的筆	engine-auto	
ปากกาแดง	pakka daeng	bākˇ gā dhɛ̄ng	紅色的筆	engine-auto	
มีปากกาแดงไหมคะ	mii pakka daeng mai kha	mī bākˇ gā dhɛ̄ng maiˊ ka~	有紅色的筆嗎？	engine-auto	
ปากกา iPad	pakka iPad	bākˇ gā iPad	Apple Pencil	engine-auto	
ใช้ปากกา iPad ไหม	chai pakka iPad mai	chai~ bākˇ gā iPad maiˊ	用Apple Pencil嗎？	engine-auto	
แอร์	air	ɛ̄	冷氣	engine-auto	
เปิดแอร์	poet air	bə̄tˇ ɛ̄	開冷氣	engine-auto	
เปิดแอร์ได้ไหม	poet air dai mai	bə̄tˇ ɛ̄ dhaiˋ maiˊ	可以開冷氣嗎？	engine-auto	
หู	huu	hūˊ	耳朵	engine-auto	
ตา	taa	dā	眼睛	engine-auto	
เปิดหูเปิดตา	poet huu poet taa	bə̄tˇ hūˊ bə̄tˇ dā	開開眼界	engine-auto	
ไปเปิดหูเปิดตา	pai poet huu poet taa	bai bə̄tˇ hūˊ bə̄tˇ dā	去開開眼界	engine-auto	
เปิดไฟ	poet fai	bə̄tˇ fai	開燈	engine-auto	
เปิดใจ	poet jai	bə̄tˇ jai	打開心房/敞開心房	engine-auto	
ดินสอ	din so	dhin sɔ̄ˊ	鉛筆	engine-auto	
ใช้ดินสอเขียน	chai din so khian	chai~ dhin sɔ̄ˊ kīanˊ	用鉛筆寫字	engine-auto	
ใช้ดินสอเขียนไม่ได้	chai din so khian mai dai	chai~ dhin sɔ̄ˊ kīanˊ maiˋ dhaiˋ	不能用鉛筆寫	engine-auto	
ต้องใช้ปากกาเขียน	tong chai pakka khian	dɔ̄ngˋ chai~ bākˇ gā kīanˊ	得用原子筆/鋼筆寫	engine-auto	
กระดาษ	kra-daat	graˇ dhātˇ	紙	engine-auto	
ถุงกระดาษ	thung kra-daat	tungˊ graˇ dhātˇ	紙袋	engine-auto	
กระดาษเปล่า	kra-daat plao	graˇ dhātˇ blāuˇ	空白的紙	engine-auto	
กล่องกระดาษ	glong kra-daat	glɔ̄ngˇ graˇ dhātˇ	紙盒	engine-auto	
กระดาษทิชชู	kra-daat tissue	graˇ dhātˇ tit~ chū	衛生紙 (正式)	engine-auto	
มีทิชชูไหม	mii tissue mai	mī tit~ chū maiˊ	有衛生紙嗎？(口語)	engine-auto	
ห้องน้ำมีทิชชูไหม	hong nam mii tissue mai	hɔ̄ngˋ nām~ mī tit~ chū maiˊ	廁所有衛生紙嗎？	engine-auto	
กระเป๋าเงิน	kra-pao ngern	graˇ bāuˊ ngə̄n	錢包	engine-auto	
กระเป๋าเงินของใคร	kra-pao ngern khong khrai	graˇ bāuˊ ngə̄n kɔ̄ngˊ krai	誰的錢包？	engine-auto	
นี่กระเป๋าเงินของใคร	nii kra-pao ngern khong khrai	nīˋ graˇ bāuˊ ngə̄n kɔ̄ngˊ krai	這是誰的錢包？	engine-auto	
ไม่รู้ของใคร	mai ruu khong khrai	maiˋ rū~ kɔ̄ngˊ krai	不知道是誰的	engine-auto	
กระเป๋าหนังสือ	kra-pao nang-sue	graˇ bāuˊ nangˊ sɯ̄ˊ	書包	engine-auto	
ใบ	bai	bhai	(行李的量詞)	engine-auto	
มีกระเป๋าเดินทางกี่ใบ	mii kra-pao deun-thang gii bai	mī graˇ bāuˊ dhə̄n tāng gīˇ bhai	有幾個行李？	engine-auto	
มีกระเป๋าเดินทางหกใบ	mii kra-pao deun-thang hok bai	mī graˇ bāuˊ dhə̄n tāng hokˇ bhai	有六個行李	engine-auto	
ปลอม	plom	blɔ̄m	假的	engine-auto	
ของปลอม	khong plom	kɔ̄ngˊ blɔ̄m	假貨	engine-auto	
ไม่ซื้อของปลอม	mai seu khong plom	maiˋ sɯ̄~ kɔ̄ngˊ blɔ̄m	不買假貨	engine-auto	
ฟันปลอม	fan plom	fan blɔ̄m	假牙	engine-auto	
คุณยายใส่ฟันปลอม	khun yaai sai fan plom	kun yāi saiˇ fan blɔ̄m	外婆戴假牙	engine-auto	
แบงค์ปลอม	baeng plom	bhɛ̄ng blɔ̄m	假鈔	engine-auto	
ทำไมมีแบงค์ปลอม	thammai mii baeng plom	tam mai mī bhɛ̄ng blɔ̄m	為什麼有假鈔？	engine-auto	
ถุง	thung	tungˊ	袋子	engine-auto	
ต้องเสียเงิน	tong sia ngern	dɔ̄ngˋ sīaˊ ngə̄n	要付錢	engine-auto	
ถุงมือ	thung mue	tungˊ mɯ̄	手套	engine-auto	
ใส่ถุงมือ	sai thung mue	saiˇ tungˊ mɯ̄	戴手套	engine-auto	
ถุงเท้า	thung thao	tungˊ tāu~	襪子	engine-auto	
ใส่ถุงเท้า	sai thung thao	saiˇ tungˊ tāu~	穿襪子	engine-auto	
ถอด	thot	tɔ̄tˇ	脫	engine-auto	
ถอดเสื้อ	thot seua	tɔ̄tˇ sɯ̄aˋ	脫衣服	engine-auto	
ถอดกางเกง	thot kaang keng	tɔ̄tˇ gāng gēng	脫褲子	engine-auto	
ถอดรองเท้า	thot rong thao	tɔ̄tˇ rɔ̄ng tāu~	脫鞋	engine-auto	
ถอดแว่นตา	thot waen taa	tɔ̄tˇ wɛ̄nˋ dā	脫眼鏡	engine-auto	
ยี่ห้อ	yii hor	yīˋ hɔ̄ˋ	牌子	engine-auto	
ยี่ห้อนี้	yii hor nii	yīˋ hɔ̄ˋ nī~	這個牌子	engine-auto	
รองเท้ายี่ห้อนี้	rong thao yii hor nii	rɔ̄ng tāu~ yīˋ hɔ̄ˋ nī~	這個牌子的鞋子	engine-auto	
ใช้ดี	chai dee	chai~ dhī	好用	engine-auto	
แต่แพง	tae phaeng	dɛ̄ˇ pɛ̄ng	但是很貴	engine-auto	
ยี่ห้อนี้ใช้ดีแต่แพง	yii hor nii chai dee tae phaeng	yīˋ hɔ̄ˋ nī~ chai~ dhī dɛ̄ˇ pɛ̄ng	這個牌子很好用，但是很貴	engine-auto	
ยี่ห้ออะไร	yii hor a-rai	yīˋ hɔ̄ˋ aˇ rai	什麼牌子？	engine-auto	
มอเตอร์ไซค์	moh ter sai	mɔ̄ də̄ sai	摩托車	engine-auto	
ขี่มอเตอร์ไซค์	khee moh ter sai	kīˇ mɔ̄ də̄ sai	騎摩托車	engine-auto	
วินมอเตอร์ไซค์	win moh ter sai	win mɔ̄ də̄ sai	摩托車計程車站	engine-auto	
ปากซอยมีวินมอเตอร์ไซค์ไหม	pak soi mii win moh ter sai mai	bākˇ sɔ̄i mī win mɔ̄ də̄ sai maiˊ	巷口有摩托車計程車站嗎？	engine-auto	
ดาวน์โหลด	daao load	dhāu lōtˇ	下載	engine-auto	
คอมพิวเตอร์	khom phiw ter	kɔ̄m piw də̄	電腦	engine-auto	
...ไป...ไป	...pai...pai	...bai...bai	一邊...一邊...	engine-auto	
เดินไปดูไป	deun pai du pai	dhə̄n bai dhū bai	一邊走一邊看	engine-auto	
กินไปดูมือถือไป	kin pai du mue-thue pai	gin bai dhū mɯ̄ tɯ̄ˊ bai	一邊吃一邊看手機	engine-auto	
กินมาม่าไปดูมือถือไป	kin mama pai du mue-thue pai	gin mā māˋ bai dhū mɯ̄ tɯ̄ˊ bai	一邊吃泡麵一邊看手機	engine-auto	
คุยกันไม่รู้เรื่อง	khui kan mai ruu rueang	kui gan maiˋ rū~ rɯ̄angˋ	雞同鴨講	engine-auto	
คุย	khui	kui	聊天	engine-auto	
เรื่อง	reuang	rɯ̄angˋ	事情	book-exact	(book-exact已用引擎重新驗證)
เสียง	siang	sīangˊ	聲音	book-exact	(book-exact已用引擎重新驗證)
วันนี้ไม่มีเสียง	wan nii mai mii siang	wan nī~ maiˋ mī sīangˊ	今天沒有聲音	engine-auto	
เสียงดัง	siang dang	sīangˊ dhang	大聲	engine-auto	
ดัง	dang	dhang	很紅、很夯	engine-auto	
ร้านนี้ดัง	raan nii dang	rān~ nī~ dhang	這間店很紅	engine-auto	
เสียงดังหน่อยได้ไหมคะ	siang dang noi dai mai kha	sīangˊ dhang nɔ̄iˇ dhaiˋ maiˊ ka~	可以大聲一點嗎？	engine-auto	
เสียงเบา	siang bao	sīangˊ bhāu	小聲	engine-auto	
เบา	bao	bhāu	輕、輕輕的	engine-auto	
เสียงเบาหน่อยได้ไหมครับ	siang bao noi dai mai krap	sīangˊ bhāu nɔ̄iˇ dhaiˋ maiˊ krap~	可以小聲一點嗎？	engine-auto	
ตก	tok	dokˇ	掉下來	engine-auto	
เครื่องบินตก	khrueang bin tok	krɯ̄angˋ bhin dokˇ	墜機	engine-auto	
ตกน้ำ	tok nam	dokˇ nām~	掉在水裡	engine-auto	
ว่ายน้ำเป็นไหม	wai nam pen mai	wāiˋ nām~ ben maiˊ	會游泳嗎？	engine-auto	
ฉันว่ายน้ำเป็นค่ะ	chan wai nam pen kha	chanˊ wāiˋ nām~ ben kaˋ	我會游泳	engine-auto	
ว่ายน้ำไม่เป็น	wai nam mai pen	wāiˋ nām~ maiˋ ben	我不會游泳	engine-auto	
ก็ไม่ไปว่ายน้ำ	ko mai pai wai nam	gɔ̄ˋ maiˋ bai wāiˋ nām~	就不去游泳	engine-auto	
(e.g., เบาๆ)	(e.g., bao bao)	(e.g., bhāu bhāu)	(形容詞重複表加強語氣)	engine-auto	
พูดเสียงดัง	phut siang dang	pūtˋ sīangˊ dhang	說話很大聲	engine-auto	
พูดเบาๆ	phut bao bao	pūtˋ bhāu bhāu	小聲說	engine-auto	
หนัก	nak	nakˇ	重	engine-auto	
ของหนัก	khong nak	kɔ̄ngˊ nakˇ	重的東西	engine-auto	
กระเป๋าหนังสือหนัก	kra-pao nang-sue nak	graˇ bāuˊ nangˊ sɯ̄ˊ nakˇ	書包很重	engine-auto	
หนักเท่าไหร่	nak thao-rai	nakˇ tāuˋ raiˇ	多重？	engine-auto	
คุณหนักเท่าไหร่คะ	khun nak thao-rai kha	kun nakˇ tāuˋ raiˇ ka~	你多重？	engine-auto	
ผมหนัก 55 กิโล	phom nak ha-sip ha ki-lo	pomˊ nakˇ 55 giˇ lō	我重55公斤	engine-auto	
กระเป๋าเดินทางหนักเท่าไหร่	kra-pao deun-thang nak thao-rai	graˇ bāuˊ dhə̄n tāng nakˇ tāuˋ raiˇ	行李多重？	engine-auto	
โต	toh	dō	大 (形容人或成長)	engine-auto	
คนโต	khon toh	kon dō	老大	engine-auto	
ลูกชายคนโต	luuk chaai khon toh	lūkˋ chāi kon dō	大兒子	engine-auto	
ลูกคนโต	luuk khon toh	lūkˋ kon dō	老大 (不分性別)	engine-auto	
ลูกสาวคนโต	luuk saao khon toh	lūkˋ sāuˊ kon dō	大女兒	engine-auto	
เป็นลูกคนโตไหม	pen luuk khon toh mai	ben lūkˋ kon dō maiˊ	是老大嗎？	engine-auto	
เล็ก	lek	lek~	小	engine-auto	
คนเล็ก	khon lek	kon lek~	老么	engine-auto	
ลูกสาวคนเล็ก	luuk saao khon lek	lūkˋ sāuˊ kon lek~	小女兒	engine-auto	
เส้น	sen	sēnˋ	線、條	engine-auto	
เส้นใหญ่	sen yai	sēnˋ yaiˇ	粗的(麵條)	engine-auto	
เส้นเล็ก	sen lek	sēnˋ lek~	細的(麵條)	engine-auto	
เอาเส้นใหญ่หรือเส้นเล็ก	ao sen yai rue sen lek	au sēnˋ yaiˇ rɯ̄ˊ sēnˋ lek~	要粗的還是細的？	engine-auto	
ไซส์ใหญ่	size yai	sai yaiˇ	大號	engine-auto	
ตัว	tua	dūa	(件/隻/張的量詞)	engine-auto	
ตัวใหญ่	tua yai	dūa yaiˇ	大件(衣服)	engine-auto	
ไซส์เล็ก	size lek	sai lek~	小號	engine-auto	
ตัวเล็ก	tua lek	dūa lek~	小件(衣服)	engine-auto	
ใส่ไซส์อะไร	sai size a-rai	saiˇ sai aˇ rai	穿什麼尺寸？	engine-auto	
ยาว	yao	yāu	長	engine-auto	
สั้น	san	sanˋ	短	engine-auto	
ผมยาว	phom yao	pomˊ yāu	長髮	engine-auto	
ผมสั้น	phom san	pomˊ sanˋ	短髮	engine-auto	
เสื้อแขนยาว	seua khaen yao	sɯ̄aˋ kɛ̄nˊ yāu	長袖(上衣)	engine-auto	
เสื้อแขนสั้น	seua khaen san	sɯ̄aˋ kɛ̄nˊ sanˋ	短袖(上衣)	engine-auto	
กางเกงขายาว	kaang keng kha yao	gāng gēng kāˊ yāu	長褲	engine-auto	
กางเกงขาสั้น	kaang keng kha san	gāng gēng kāˊ sanˋ	短褲	engine-auto	
ใหม่	mai	maiˇ	新的	book-exact	(book-exact已用引擎重新驗證)
ดารา	da-ra	dhā rā	明星	engine-auto	
ดาราใหม่	da-ra mai	dhā rā maiˇ	新明星	engine-auto	
มีแฟนใหม่แล้ว	mii faen mai laew	mī fɛ̄n maiˇ lɛ̄u~	有新情人了	engine-auto	
รถใหม่	rot mai	rot~ maiˇ	新車	engine-auto	
ซื้อรถใหม่	seu rot mai	sɯ̄~ rot~ maiˇ	買新車	engine-auto	
บ้านใหม่	baan mai	bhānˋ maiˇ	新房子	engine-auto	
หางานใหม่	haa ngaan mai	hāˊ ngān maiˇ	找新工作	engine-auto	
ออฟฟิศใหม่	office mai	ɔ̄pˇ fit~ maiˇ	新辦公室	engine-auto	
รุ่น	run	runˋ	代、款、型號	engine-auto	
รุ่นใหม่	run mai	runˋ maiˇ	新一代、新款	engine-auto	
เก่า	kao	gāuˇ	舊的	engine-auto	
เพื่อนเก่า	phuean kao	pɯ̄anˋ gāuˇ	老朋友	engine-auto	
สามีเก่า	saa mii kao	sāˊ mī gāuˇ	前夫	engine-auto	
รองเท้าเก่าใส่สบาย	rong thao kao sai sabai	rɔ̄ng tāu~ gāuˇ saiˇ saˇ bhāi	舊鞋好穿	engine-auto	
เก่าไม่ไปใหม่ไม่มา	kao mai pai mai mai maa	gāuˇ maiˋ bai maiˇ maiˋ mā	舊的不去，新的不來	engine-auto	
ถือ	thue	tɯ̄ˊ	提、拿	engine-auto	
แม่ถือของ	mae thue khong	mɛ̄ˋ tɯ̄ˊ kɔ̄ngˊ	媽媽在提東西	engine-auto	
ถือของหนัก	thue khong nak	tɯ̄ˊ kɔ̄ngˊ nakˇ	提重的東西	engine-auto	
ถือกระเป๋า	thue kra-pao	tɯ̄ˊ graˇ bāuˊ	提包包	engine-auto	
กระเป๋าถือ	kra-pao thue	graˇ bāuˊ tɯ̄ˊ	提包、手提包	engine-auto	
ถือขนมกลับไต้หวัน	thue khanom glap taiwan	tɯ̄ˊ kaˇ nom glapˇ daiˋ wanˊ	拿點心回台灣	engine-auto	
ถือเนื้อหมูกลับไต้หวันได้ไหม	thue nuea muu glap taiwan dai mai	tɯ̄ˊ nɯ̄a~ mūˊ glapˇ daiˋ wanˊ dhaiˋ maiˊ	可以拿豬肉回台灣嗎？	engine-auto	
ถือกลับไต้หวันไม่ได้	thue glap taiwan mai dai	tɯ̄ˊ glapˇ daiˋ wanˊ maiˋ dhaiˋ	不能拿回台灣	engine-auto	
กลับบ้าน	glap baan	glapˇ bhānˋ	回家	engine-auto	
รับ	rap	rap~	接、收	engine-auto	
ไปรับลูก	pai rap luuk	bai rap~ lūkˋ	去接小孩	engine-auto	
ไปรับเพื่อน	pai rap phuean	bai rap~ pɯ̄anˋ	去接朋友	engine-auto	
ไปรับแฟน	pai rap faen	bai rap~ fɛ̄n	去接男/女朋友	engine-auto	
มารับโทรศัพท์	maa rap thor-ra-sap	mā rap~ tōn sapˇ	來接電話	engine-auto	
โทรหาใคร	tho ha khrai	tōn hāˊ krai	打電話給誰？	engine-auto	
เงินเดือน	ngern deuan	ngə̄n dhɯ̄an	薪水	engine-auto	
รับเงินเดือน	rap ngern deuan	rap~ ngə̄n dhɯ̄an	領薪水	engine-auto	
ทำงาน	tham ngaan	tam ngān	工作	engine-auto	
ทำงานอะไรคะ/ครับ	tham ngaan a-rai kha/krap	tam ngān aˇ rai ka~/krap~	做什麼工作？	engine-auto	
ทำงานที่ไหน	tham ngaan thii nai	tam ngān tīˋ naiˊ	在哪裡工作？	engine-auto	
ทำงานที่บ้าน	tham ngaan thii baan	tam ngān tīˋ bhānˋ	在家工作	engine-auto	
งานหนักไหม	ngaan nak mai	ngān nakˇ maiˊ	工作繁重嗎？	engine-auto	
งานเบา / งานสบาย	ngaan bao / ngaan sabai	ngān bhāu / ngān saˇ bhāi	工作輕鬆	engine-auto	
ดูถูก	duu thuk	dhū tūkˇ	看不起、看輕	engine-auto	
ไม่ดูถูกเขา	mai duu thuk khao	maiˋ dhū tūkˇ kāuˊ	不要看輕他	engine-auto	
ดูไม่ออก	duu mai ok	dhū maiˋ ɔ̄kˇ	看不出來	engine-auto	
โทรทัศน์	tho ra that	tōn tat~	電視 (正式)	engine-auto	
ดูโทรทัศน์นาน	duu tho ra that naan	dhū tōn tat~ nān	看電視看很久	engine-auto	
คุยโทรศัพท์	khui tho ra sap	kui tōn sapˇ	講電話	engine-auto	
คุยกับใคร	khui gap khrai	kui gapˇ krai	跟誰講話？	engine-auto	
หัวหน้า	hua na	hūaˊ nāˋ	上司	engine-auto	
คุยกับหัวหน้า	khui gap hua na	kui gapˇ hūaˊ nāˋ	跟上司講話	engine-auto	
คุยเรื่องอะไร	khui rueang a-rai	kui rɯ̄angˋ aˇ rai	聊什麼事情？	engine-auto	
คุยกันดีๆ	khui kan di di	kui gan dhī dhī	好好講話	engine-auto	
เล่นน้ำ	len nam	lēnˋ nām~	玩水	engine-auto	
เล่นหุ้น	len hun	lēnˋ hunˋ	玩股票	engine-auto	
เล่นกับหมา	len gap maa	lēnˋ gapˇ māˊ	跟狗玩	engine-auto	
หลาน	laan	lānˊ	孫子、孫女	engine-auto	
เล่นกับหลาน	len gap laan	lēnˋ gapˇ lānˊ	跟孫子/孫女玩	engine-auto	
เล่นอินเทอร์เน็ต	len internet	lēnˋ in tə̄ net~	上網	engine-auto	
เล่นกีตาร์	len gee taa	lēnˋ gī dā	彈吉他	engine-auto	
เล่นเปียโน	len pia no	lēnˋ bīa nō	彈鋼琴	engine-auto	
เล่นกอล์ฟ	len golf	lēnˋ gɔ̄pˇ	打高爾夫球	engine-auto	
เล่นเทนนิส	len tennis	lēnˋ tēn nit~	打網球	engine-auto	
ฝันดี	fan dee	fanˊ dhī	祝你好夢	engine-auto	
ขอบคุณมากค่ะ	khop khun mak kha	kɔ̄pˇ kun mākˋ kaˋ	非常謝謝	engine-auto	
เดินไป คุยไป	deun bpai kui bpai	dhə̄n bai kui bai	一邊走一邊聊	engine-auto	
เล่นไป กินไป	len bpai gin bpai	lēnˋ bai gin bai	一邊玩一邊吃	engine-auto	
ฟังไป เขียนไป	fang bpai khian bpai	fang bai kīanˊ bai	一邊聽一邊寫	engine-auto	
ทำงานไป เล่นมือถือไป	tam ngaan bpai len mue thue bpai	tam ngān bai lēnˋ mɯ̄ tɯ̄ˊ bai	一邊工作一邊玩手機	engine-auto	
เรียนไป เล่นมือถือไป	rian bpai len mue thue bpai	rīan bai lēnˋ mɯ̄ tɯ̄ˊ bai	一邊上課一邊玩手機	engine-auto	
คุณว่ายน้ำเป็นไหม	khun wai naam bpen mai	kun wāiˋ nām~ ben maiˊ	你會游泳嗎？	engine-auto	
ฉันว่ายน้ำไม่เป็น	chan wai naam mai bpen	chanˊ wāiˋ nām~ maiˋ ben	我不會游泳	engine-auto	
ว่ายน้ำเก่ง	wai naam geng	wāiˋ nām~ gēngˇ	很會游泳	engine-auto	
เสียง	siang	sīangˊ	聲音	book-exact	(book-exact已用引擎重新驗證)
เสียงดัง	siang dang	sīangˊ dhang	大聲	engine-auto	
เสียงเบา	siang bao	sīangˊ bhāu	小聲	engine-auto	
เสียงดังหรือเสียงเบาคะ	siang dang rue siang bao kha	sīangˊ dhang rɯ̄ˊ sīangˊ bhāu ka~	大聲還是小聲？	engine-auto	
ไม่มีเสียง	mai mee siang	maiˋ mī sīangˊ	沒有聲音	engine-auto	
ไม่ค่อยมีเสียง	mai koi mee siang	maiˋ kɔ̄iˋ mī sīangˊ	不太有聲音	engine-auto	
เสียงอะไร	siang a-rai	sīangˊ aˇ rai	什麼聲音？	engine-auto	
เสียงของเด็ก	siang khong dek	sīangˊ kɔ̄ngˊ dhekˇ	小孩的聲音	engine-auto	
ทำไมเสียงดัง	tam-mai siang dang	tam mai sīangˊ dhang	為什麼大聲？	engine-auto	
ทำไมเสียงดังอย่างนี้	tam-mai siang dang yang nee	tam mai sīangˊ dhang yāngˋ nī~	為什麼這麼大聲？	engine-auto	
เสียงเบาหน่อย	siang bao noi	sīangˊ bhāu nɔ̄iˇ	小聲一點	engine-auto	
เสียงเบาๆ หน่อย	siang bao bao noi	sīangˊ bhāu bhāu nɔ̄iˇ	小聲一點	engine-auto	
ทิชชู่หนักหรือเบา	tichu nak rue bao	tit~ chūˋ nakˇ rɯ̄ˊ bhāu	衛生紙重還是輕？	engine-auto	
กระเป๋าหนังสือของเขาหนักหรือเบาคะ	gra-bpao nang-seu khong khao nak rue bao kha	graˇ bāuˊ nangˊ sɯ̄ˊ kɔ̄ngˊ kāuˊ nakˇ rɯ̄ˊ bhāu ka~	他的書包重還是輕？	engine-auto	
งานหนัก	ngaan nak	ngān nakˇ	工作很重／辛苦	engine-auto	
งานเบา	ngaan bao	ngān bhāu	工作很輕／少	engine-auto	
งานสบาย	ngaan sa-bai	ngān saˇ bhāi	工作輕鬆	engine-auto	
โต	dto	dō	大	engine-auto	
ลูกคนโต	look khon dto	lūkˋ kon dō	老大（年紀最大的孩子）	engine-auto	
ลูกคนโตอายุเท่าไหร่	look khon dto aa-yu tao-rai	lūkˋ kon dō ā yu~ tāuˋ raiˇ	老大多大年紀？	engine-auto	
ปีนี้ลูกคนโตอายุเท่าไหร่	bpi nee look khon dto aa-yu tao-rai	bī nī~ lūkˋ kon dō ā yu~ tāuˋ raiˇ	今年老大多大？	engine-auto	
ปีนี้ลูกคนโตอายุ 5 ปี	bpi nee look khon dto aa-yu ha bpi	bī nī~ lūkˋ kon dō ā yu~ 5 bī	今年老大五歲	engine-auto	
เล็ก	lek	lek~	小	engine-auto	
เอาแก้วเล็ก	ao kaew lek	au gɛ̄uˋ lek~	我要小杯	engine-auto	
ตาเล็ก	dta lek	dā lek~	小眼睛	engine-auto	
ตาโต	dta dto	dā dō	大眼睛	engine-auto	
ลูกคนเล็ก	look khon lek	lūkˋ kon lek~	老么	engine-auto	
ลูกคนเล็กชอบว่ายน้ำ	look khon lek chop wai naam	lūkˋ kon lek~ chɔ̄pˋ wāiˋ nām~	老么喜歡游泳	engine-auto	
คุณใส่ไซส์อะไร	khun sai size a-rai	kun saiˇ sai aˇ rai	你穿什麼尺寸？	engine-auto	
ฉันใส่ไซส์ M	chan sai size M	chanˊ saiˇ sai M	我穿M號	engine-auto	
ฉันใส่ไซส์ 8	chan sai size 8	chanˊ saiˇ sai 8	我穿8號	engine-auto	
เบอร์ 8	ber 8	bhə̄ 8	8號	engine-auto	
มีไซส์ 8 ไหม	mee size 8 mai	mī sai 8 maiˊ	有8號嗎？	engine-auto	
มีเบอร์ 8 ไหม	mee ber 8 mai	mī bhə̄ 8 maiˊ	有8號嗎？	engine-auto	
ตัวใหญ่	tua yai	dūa yaiˇ	大件／大號	engine-auto	
คุณใส่ตัวใหญ่ไม่สวย	khun sai tua yai mai suay	kun saiˇ dūa yaiˇ maiˋ sūayˊ	你穿大號不好看	engine-auto	
เธอใส่ตัวใหญ่ไม่สวย	ther sai tua yai mai suay	tə̄ saiˇ dūa yaiˇ maiˋ sūayˊ	你／她穿大號不好看	engine-auto	
คุณต้องใส่ตัวเล็ก	khun dtong sai tua lek	kun dɔ̄ngˋ saiˇ dūa lek~	你得穿小號	engine-auto	
ตัวเล็ก ตัวใหญ่	tua lek tua yai	dūa lek~ dūa yaiˇ	小號，大號	engine-auto	
กางเกง 1 ตัว	gaang-geng 1 tua	gāng gēng 1 dūa	一件褲子	engine-auto	
ตัวละเท่าไหร่	tua la tao-rai	dūa la~ tāuˋ raiˇ	一件／一個多少錢？	engine-auto	
กางเกงตัวละเท่าไหร่คะ	gaang-geng tua la tao-rai kha	gāng gēng dūa la~ tāuˋ raiˇ ka~	褲子一件多少錢？	engine-auto	
เก้าอี้ 2 ตัว	gao-ee 2 tua	gāuˋ īˋ 2 dūa	兩張椅子	engine-auto	
ขอเก้าอี้ 2 ตัวค่ะ	kho gao-ee 2 tua kha	kɔ̄ˊ gāuˋ īˋ 2 dūa kaˋ	請給我兩張椅子	engine-auto	
ขอเก้าอี้ 2 ตัวครับ	kho gao-ee 2 tua krap	kɔ̄ˊ gāuˋ īˋ 2 dūa krap~	請給我兩張椅子	engine-auto	
หมู 3 ตัว	moo 3 tua	mūˊ 3 dūa	三隻豬	engine-auto	
ปลา 2 ตัว	bplaa 2 tua	blā 2 dūa	兩條魚	engine-auto	
บ้านฉันมีหมู 3 ตัว	baan chan mee moo 3 tua	bhānˋ chanˊ mī mūˊ 3 dūa	我家有三隻豬	engine-auto	
ยาว	yaao	yāu	長	engine-auto	
ผมยาว	pom yaao	pomˊ yāu	長頭髮	engine-auto	
ผู้หญิงผมยาว	phu-ying pom yaao	pūˋ yingˊ pomˊ yāu	長頭髮的女生	engine-auto	
กางเกงขายาว	gaang-geng kaa-yaao	gāng gēng kāˊ yāu	長褲	engine-auto	
เสื้อแขนยาว	seua khaen yaao	sɯ̄aˋ kɛ̄nˊ yāu	長袖（衣服）	engine-auto	
สั้น	san	sanˋ	短	engine-auto	
กางเกงขาสั้น	gaang-geng kaa-san	gāng gēng kāˊ sanˋ	短褲	engine-auto	
ใส่ขาสั้น	sai kaa-san	saiˇ kāˊ sanˋ	穿短褲	engine-auto	
ชอบใส่ขาสั้น	chop sai kaa-san	chɔ̄pˋ saiˇ kāˊ sanˋ	喜歡穿短褲	engine-auto	
ใส่ขาสั้นไม่ได้	sai kaa-san mai dai	saiˇ kāˊ sanˋ maiˋ dhaiˋ	不能穿短褲	engine-auto	
ไปวัดใส่ขาสั้นไม่ได้	bpai wat sai kaa-san mai dai	bai wat~ saiˇ kāˊ sanˋ maiˋ dhaiˋ	去寺廟不能穿短褲	engine-auto	
ใหม่	mai	maiˇ	新	book-exact	(book-exact已用引擎重新驗證)
บ้านใหม่	baan mai	bhānˋ maiˇ	新房子	engine-auto	
พ่อซื้อบ้านใหม่	phor sue baan mai	pɔ̄ˋ sɯ̄~ bhānˋ maiˇ	爸爸買新房子	engine-auto	
กระเป๋าใหม่	gra-bpao mai	graˇ bāuˊ maiˇ	新包包	engine-auto	
แม่มีกระเป๋าใหม่	mae mee gra-bpao mai	mɛ̄ˋ mī graˇ bāuˊ maiˇ	媽媽有新包包	engine-auto	
มือถือใหม่	mue-thue mai	mɯ̄ tɯ̄ˊ maiˇ	新手機	engine-auto	
ฉันอยากซื้อมือถือใหม่	chan yaak sue mue-thue mai	chanˊ yākˋ sɯ̄~ mɯ̄ tɯ̄ˊ maiˇ	我想買新手機	engine-auto	
เก่า	gao	gāuˇ	舊、老	engine-auto	
หนังเก่า	nang gao	nangˊ gāuˇ	老電影	engine-auto	
เคย	koey	kə̄i	曾經	engine-auto	
เคยดู	koey duu	kə̄i dhū	看過	engine-auto	
ฉันเคยดู	chan koey duu	chanˊ kə̄i dhū	我看過	engine-auto	
เคยไปประเทศไทยไหม	koey bpai prathet thai mai	kə̄i bai braˇ tētˋ tai maiˊ	去過泰國嗎？	engine-auto	
เคยไป	koey bpai	kə̄i bai	去過	engine-auto	
เคยกิน	koey gin	kə̄i gin	吃過	engine-auto	
หนังสือเก่า	nang-seu gao	nangˊ sɯ̄ˊ gāuˇ	舊書	engine-auto	
เปาบุ้นจิ้น	pao bun jin	bāu bhunˋ jinˋ	包青天	engine-auto	
เพื่อนเก่า	phuean gao	pɯ̄anˋ gāuˇ	老朋友	engine-auto	
เพื่อนเก่าของฉัน	phuean gao khong chan	pɯ̄anˋ gāuˇ kɔ̄ngˊ chanˊ	我的老朋友	engine-auto	
เขาเป็นเพื่อนเก่าของผม	khao bpen phuean gao khong phom	kāuˊ ben pɯ̄anˋ gāuˇ kɔ̄ngˊ pomˊ	他是我的老朋友	engine-auto	
รุ่น	run	runˋ	代、輩、型號、屆	engine-auto	
รุ่นเก่า	run gao	runˋ gāuˇ	舊款／舊代	engine-auto	
รุ่นใหม่	run mai	runˋ maiˇ	新款／新代	engine-auto	
คนรุ่นใหม่	khon run mai	kon runˋ maiˇ	新一代的人	engine-auto	
รุ่นพี่	run pee	runˋ pīˋ	學長／學姊	engine-auto	
รุ่นน้อง	run nong	runˋ nɔ̄ng~	學弟／學妹	engine-auto	
นี่มือถือรุ่นไหน	ni mue-thue run nai	nīˋ mɯ̄ tɯ̄ˊ runˋ naiˊ	這是哪一款手機？	engine-auto	
ถือ	thue	tɯ̄ˊ	提、拿	engine-auto	
คุณถืออะไร	khun thue a-rai	kun tɯ̄ˊ aˇ rai	你在提什麼？	engine-auto	
ถือของหนัก	thue khong nak	tɯ̄ˊ kɔ̄ngˊ nakˇ	提重的東西	engine-auto	
ถือของเยอะ	thue khong yuh	tɯ̄ˊ kɔ̄ngˊ yə~	提很多東西	engine-auto	
รับ	rap	rap~	接、收取、領取	engine-auto	
เพื่อนคนไทย	phuean khon thai	pɯ̄anˋ kon tai	泰國朋友	engine-auto	
มาไต้หวัน	ma tai-wan	mā daiˋ wanˊ	來台灣	engine-auto	
ฉันไปรับคุณ	chan bpai rap khun	chanˊ bai rap~ kun	我去接你	engine-auto	
ขอบคุณมากค่ะ	khop khun mak kha	kɔ̄pˇ kun mākˋ kaˋ	非常謝謝	engine-auto	
ขอบคุณนะ	khop khun na	kɔ̄pˇ kun na~	謝謝喔	engine-auto	
ไม่ต้อง	mai dtong	maiˋ dɔ̄ngˋ	不用	engine-auto	
เกรงใจ	kreng jai	grēng jai	不好意思、客氣	engine-auto	
มารับ	maa rap	mā rap~	來接	engine-auto	
รับโทรศัพท์	rap tho-ra-sap	rap~ tōn sapˇ	接電話	engine-auto	
ไปรับลูก	bpai rap look	bai rap~ lūkˋ	去接小孩	engine-auto	
รับเงินเดือน	rap ngern deuan	rap~ ngə̄n dhɯ̄an	領薪水	engine-auto	
เรื่อง	reuang	rɯ̄angˋ	事情、部(量詞)	book-exact	(book-exact已用引擎重新驗證)
มีเรื่องอะไร	mee reuang a-rai	mī rɯ̄angˋ aˇ rai	有什麼事？	engine-auto	
ชอบดูเรื่องไหน	chop du reuang nai	chɔ̄pˋ dhū rɯ̄angˋ naiˊ	喜歡看哪一部？	engine-auto	
ดารา	da-ra	dhā rā	明星	engine-auto	
ดาราไทย	da-ra thai	dhā rā tai	泰國明星	engine-auto	
คุย	kui	kui	聊、談	engine-auto	
คุยกับใคร	kui gap krai	kui gapˇ krai	跟誰聊天？	engine-auto	
คุยกับแฟน	kui gap faen	kui gapˇ fɛ̄n	跟情人聊天	engine-auto	
คุยไลน์กับแฟน	kui line gap faen	kui lai gapˇ fɛ̄n	用Line跟情人聊天	engine-auto	
ใช้ไลน์คุยกับแฟน	chai line kui gap faen	chai~ lai kui gapˇ fɛ̄n	用Line跟情人聊天	engine-auto	
เล่นกีตาร์เป็นไหม	len gee-ta bpen mai	lēnˋ gī dā ben maiˊ	會彈吉他嗎？	engine-auto	
เล่นไม่เป็น	len mai bpen	lēnˋ maiˋ ben	不會玩／彈／打	engine-auto	
เล่นกอล์ฟเป็นไหม	len golf bpen mai	lēnˋ gɔ̄pˇ ben maiˊ	會打高爾夫球嗎？	engine-auto	
คุณชอบเล่นอะไร	khun chop len a-rai	kun chɔ̄pˋ lēnˋ aˇ rai	你喜歡玩什麼？	engine-auto	
ฉันชอบเล่นเกม	chan chop len game	chanˊ chɔ̄pˋ lēnˋ gēm	我喜歡玩遊戲	engine-auto	
ล้อเล่น	lor len	lɔ̄~ lēnˋ	開玩笑	engine-auto	
สี	see	sīˊ	顏色	engine-auto	
มี สี อื่น ไหม	mee see eun mai	mī sīˊ ɯ̄nˇ maiˊ	有其他顏色嗎？	engine-auto	
อื่น	eun	ɯ̄nˇ	其他	engine-auto	
คน อื่น	khon eun	kon ɯ̄nˇ	其他人	engine-auto	
วัน อื่น	wan eun	wan ɯ̄nˇ	其他天	engine-auto	
อัน อื่น	an eun	an ɯ̄nˇ	其他的(東西)	engine-auto	
แก้ว อื่น	kaew eun	gɛ̄uˋ ɯ̄nˇ	其他的杯子	engine-auto	
มี สี อื่น ไหม	mee see eun mai	mī sīˊ ɯ̄nˇ maiˊ	有其他顏色嗎？	engine-auto	
มี สี อื่น ไหม คะ	mee see eun mai kha	mī sīˊ ɯ̄nˇ maiˊ ka~	有其他顏色嗎？(女/ค่ะ)	engine-auto	
นี้ สวย กว่า	nee suay gwa	nī~ sūayˊ gwāˇ	這個比較漂亮	engine-auto	
ตัว นี้ สวย กว่า	tua nee suay gwa	dūa nī~ sūayˊ gwāˇ	這件比較漂亮	engine-auto	
ร้าน นี้ อร่อย กว่า	raan nee aroi gwa	rān~ nī~ aˇ rɔ̄iˋ gwāˇ	這間店比較好吃	engine-auto	
สี นี้ สวย กว่า	see nee suay gwa	sīˊ nī~ sūayˊ gwāˇ	這個顏色比較漂亮	engine-auto	
ร้าน นี้ ถูก กว่า	raan nee took gwa	rān~ nī~ tūkˇ gwāˇ	這間店比較便宜	engine-auto	
ลาย	laai	lāi	花紋	book-exact	(book-exact已用引擎重新驗證)
ลาย นี้ สวย ที่สุด	laai nee suay tee sut	lāi nī~ sūayˊ tīˋ sutˇ	這個花紋最漂亮	engine-auto	
ที่สุด	tee sut	tīˋ sutˇ	最	engine-auto	
ลาย นี้ สวย ที่สุด	laai nee suay tee sut	lāi nī~ sūayˊ tīˋ sutˇ	這個花紋最漂亮	engine-auto	
ที่สุด	tee sut	tīˋ sutˇ	最	engine-auto	
เดือน นี้ ร้อน ที่สุด	deuan nee ron tee sut	dhɯ̄an nī~ rɔ̄n~ tīˋ sutˇ	這個月最熱	engine-auto	
เดือน สี่ ร้อน ที่สุด	deuan see ron tee sut	dhɯ̄an sīˇ rɔ̄n~ tīˋ sutˇ	四月最熱	engine-auto	
สีเขียว	see khieow	sīˊ kīauˊ	綠色	engine-auto	
ไฟเขียว	fai khieow	fai kīauˊ	綠燈	engine-auto	
ไฟเขียว ไปได้	fai khieow bpai dai	fai kīauˊ bai dhaiˋ	綠燈，可以走	engine-auto	
ถั่วเขียว	thua khieow	tūaˇ kīauˊ	綠豆	engine-auto	
ชอบกินถั่วเขียวไหมคะ	chop gin thua khieow mai kha	chɔ̄pˋ gin tūaˇ kīauˊ maiˊ ka~	喜歡吃綠豆嗎？(女/ค่ะ)	engine-auto	
สีแดง	see daeng	sīˊ dhɛ̄ng	紅色	engine-auto	
ชอบสีอะไรที่สุด	chop see a-rai tee sut	chɔ̄pˋ sīˊ aˇ rai tīˋ sutˇ	最喜歡什麼顏色？	engine-auto	
ไฟแดง ไปไม่ได้	fai daeng bpai mai dai	fai dhɛ̄ng bai maiˋ dhaiˋ	紅燈，不能走	engine-auto	
ถั่วแดง	thua daeng	tūaˇ dhɛ̄ng	紅豆	engine-auto	
ชอบกินถั่วแดงไหมคะ	chop gin thua daeng mai kha	chɔ̄pˋ gin tūaˇ dhɛ̄ng maiˊ ka~	喜歡吃紅豆嗎？(女/ค่ะ)	engine-auto	
สีเหลือง	see lueang	sīˊ lɯ̄angˊ	黃色	engine-auto	
ชอบสีเหลืองไหมคะ	chop see lueang mai kha	chɔ̄pˋ sīˊ lɯ̄angˊ maiˊ ka~	喜歡黃色嗎？(女/ค่ะ)	engine-auto	
ไฟเหลือง	fai lueang	fai lɯ̄angˊ	黃燈	engine-auto	
ถั่วเหลือง	thua lueang	tūaˇ lɯ̄angˊ	黃豆	engine-auto	
สีขาว	see khaw	sīˊ kāuˊ	白色	engine-auto	
คุณยามีผมขาว	khun ya mee phom khaw	kun yā mī pomˊ kāuˊ	外婆有白頭髮	engine-auto	
เขาผิวขาวมาก	khao phiw khaw mak	kāuˊ piwˊ kāuˊ mākˋ	他/她皮膚很白	engine-auto	
สีดำ	see dam	sīˊ dham	黑色	engine-auto	
แมวดำ	maeo dam	mɛ̄u dham	黑貓	engine-auto	
แมว	maeo	mɛ̄u	貓	engine-auto	
ใช้แมวดำ	chai maeo dam	chai~ mɛ̄u dham	使用黑貓(快遞)	engine-auto	
เสื้อดำ	seua dam	sɯ̄aˋ dham	黑色的衣服 / 髒衣服	engine-auto	
ผิวดำ	phiw dam	piwˊ dham	皮膚黑	engine-auto	
ผู้ชายคนนี้ผิวดำ	phu chai khon nee phiw dam	pūˋ chāi kon nī~ piwˊ dham	這個男生皮膚很黑	engine-auto	
สีเทา	see thao	sīˊ tāu	灰色	engine-auto	
สีขาวกับสีดำ	see khaw gap see dam	sīˊ kāuˊ gapˇ sīˊ dham	白色和黑色	engine-auto	
กัน	kan	gan	一起	engine-auto	
สีฟ้า	see fa	sīˊ fā~	天藍色	engine-auto	
ฟ้า	fa	fā~	天空	engine-auto	
ฟ้าสีฟ้า	fa see fa	fā~ sīˊ fā~	天空是藍色的	engine-auto	
ปลาสิฟ้า	bplaa see fa	blā siˇ fā~	藍色的魚	engine-auto	
ฟ้าสวย	fa suay	fā~ sūayˊ	天空很美	engine-auto	
สีส้ม	see som	sīˊ somˋ	橘色	engine-auto	
ส้ม	som	somˋ	橘子	engine-auto	
ส้มสีส้ม	som see som	somˋ sīˊ somˋ	橘子是橘色的	engine-auto	
กากี	ga-kee	gā gī	卡其色	engine-auto	
สีกากี	see ga-kee	sīˊ gā gī	卡其色	engine-auto	
สีน้ำตาล	see nam dtaan	sīˊ nām~ dān	棕色、咖啡色	engine-auto	
น้ำตาล	nam dtaan	nām~ dān	糖	engine-auto	
ไม่ใส่น้ำตาล	mai sai nam dtaan	maiˋ saiˇ nām~ dān	不加糖	engine-auto	
สีกาแฟ	see ga-fae	sīˊ gā fɛ̄	咖啡色	engine-auto	
สีน้ำเงิน	see nam ngern	sīˊ nām~ ngə̄n	深藍色	engine-auto	
น้ำ	nam	nām~	水	engine-auto	
เงิน	ngern	ngə̄n	銀、錢	engine-auto	
มีเงิน	mee ngern	mī ngə̄n	有錢	engine-auto	
ฉันชอบสีน้ำเงิน	chan chop see nam ngern	chanˊ chɔ̄pˋ sīˊ nām~ ngə̄n	我喜歡深藍色	engine-auto	
ชอบสีเทามากกว่า	chop see thao mak gwa	chɔ̄pˋ sīˊ tāu mākˋ gwāˇ	比較喜歡灰色	engine-auto	
สีทอง	see thong	sīˊ tɔ̄ng	金色	engine-auto	
พระ	phra	pra~	佛像、僧侶	engine-auto	
พระสีทอง	phra see thong	pra~ sīˊ tɔ̄ng	金色的佛像	engine-auto	
เงิน	ngern	ngə̄n	銀、錢	engine-auto	
สีเงิน	see ngern	sīˊ ngə̄n	銀色	engine-auto	
กระเป๋าสีเงิน	gra-bpao see ngern	graˇ bāuˊ sīˊ ngə̄n	銀色的包包	engine-auto	
สีรุ้ง	see rung	sīˊ rung~	彩虹色	engine-auto	
รุ้ง	rung	rung~	彩虹	engine-auto	
เดินไป คุยไป	deun bpai kui bpai	dhə̄n bai kui bai	一邊走一邊聊	engine-auto	
เล่นไป กินไป	len bpai gin bpai	lēnˋ bai gin bai	一邊玩一邊吃	engine-auto	
ฟังไป เขียนไป	fang bpai khian bpai	fang bai kīanˊ bai	一邊聽一邊寫	engine-auto	
ทำงานไป เล่นมือถือไป	tam ngaan bpai len mue thue bpai	tam ngān bai lēnˋ mɯ̄ tɯ̄ˊ bai	一邊工作一邊玩手機	engine-auto	
เรียนไป เล่นมือถือไป	rian bpai len mue thue bpai	rīan bai lēnˋ mɯ̄ tɯ̄ˊ bai	一邊上課一邊玩手機	engine-auto	
คุณว่ายน้ำเป็นไหม	khun wai naam bpen mai	kun wāiˋ nām~ ben maiˊ	你會游泳嗎？	engine-auto	
ฉันว่ายน้ำไม่เป็น	chan wai naam mai bpen	chanˊ wāiˋ nām~ maiˋ ben	我不會游泳	engine-auto	
ว่ายน้ำเก่ง	wai naam geng	wāiˋ nām~ gēngˇ	很會游泳	engine-auto	
เสียง	siang	sīangˊ	聲音	book-exact	(book-exact已用引擎重新驗證)
เสียงดัง	siang dang	sīangˊ dhang	大聲	engine-auto	
เสียงเบา	siang bao	sīangˊ bhāu	小聲	engine-auto	
เสียงดังหรือเสียงเบาคะ	siang dang rue siang bao kha	sīangˊ dhang rɯ̄ˊ sīangˊ bhāu ka~	大聲還是小聲？	engine-auto	
ไม่มีเสียง	mai mee siang	maiˋ mī sīangˊ	沒有聲音	engine-auto	
ไม่ค่อยมีเสียง	mai koi mee siang	maiˋ kɔ̄iˋ mī sīangˊ	不太有聲音	engine-auto	
เสียงอะไร	siang a-rai	sīangˊ aˇ rai	什麼聲音？	engine-auto	
เสียงของเด็ก	siang khong dek	sīangˊ kɔ̄ngˊ dhekˇ	小孩的聲音	engine-auto	
ทำไมเสียงดัง	tam-mai siang dang	tam mai sīangˊ dhang	為什麼大聲？	engine-auto	
ทำไมเสียงดังอย่างนี้	tam-mai siang dang yang nee	tam mai sīangˊ dhang yāngˋ nī~	為什麼這麼大聲？	engine-auto	
เสียงเบาหน่อย	siang bao noi	sīangˊ bhāu nɔ̄iˇ	小聲一點	engine-auto	
เสียงเบาๆ หน่อย	siang bao bao noi	sīangˊ bhāu bhāu nɔ̄iˇ	小聲一點	engine-auto	
ทิชชู่หนักหรือเบา	tichu nak rue bao	tit~ chūˋ nakˇ rɯ̄ˊ bhāu	衛生紙重還是輕？	engine-auto	
กระเป๋าหนังสือของเขาหนักหรือเบาคะ	gra-bpao nang-seu khong khao nak rue bao kha	graˇ bāuˊ nangˊ sɯ̄ˊ kɔ̄ngˊ kāuˊ nakˇ rɯ̄ˊ bhāu ka~	他的書包重還是輕？	engine-auto	
งานหนัก	ngaan nak	ngān nakˇ	工作很重／辛苦	engine-auto	
งานเบา	ngaan bao	ngān bhāu	工作很輕／少	engine-auto	
งานสบาย	ngaan sa-bai	ngān saˇ bhāi	工作輕鬆	engine-auto	
โต	dto	dō	大	engine-auto	
ลูกคนโต	look khon dto	lūkˋ kon dō	老大（年紀最大的孩子）	engine-auto	
ลูกคนโตอายุเท่าไหร่	look khon dto aa-yu tao-rai	lūkˋ kon dō ā yu~ tāuˋ raiˇ	老大多大年紀？	engine-auto	
ปีนี้ลูกคนโตอายุเท่าไหร่	bpi nee look khon dto aa-yu tao-rai	bī nī~ lūkˋ kon dō ā yu~ tāuˋ raiˇ	今年老大多大？	engine-auto	
ปีนี้ลูกคนโตอายุ 5 ปี	bpi nee look khon dto aa-yu ha bpi	bī nī~ lūkˋ kon dō ā yu~ 5 bī	今年老大五歲	engine-auto	
เล็ก	lek	lek~	小	engine-auto	
เอาแก้วเล็ก	ao kaew lek	au gɛ̄uˋ lek~	我要小杯	engine-auto	
ตาเล็ก	dta lek	dā lek~	小眼睛	engine-auto	
ตาโต	dta dto	dā dō	大眼睛	engine-auto	
ลูกคนเล็ก	look khon lek	lūkˋ kon lek~	老么	engine-auto	
ลูกคนเล็กชอบว่ายน้ำ	look khon lek chop wai naam	lūkˋ kon lek~ chɔ̄pˋ wāiˋ nām~	老么喜歡游泳	engine-auto	
คุณใส่ไซส์อะไร	khun sai size a-rai	kun saiˇ sai aˇ rai	你穿什麼尺寸？	engine-auto	
ฉันใส่ไซส์ M	chan sai size M	chanˊ saiˇ sai M	我穿M號	engine-auto	
ฉันใส่ไซส์ 8	chan sai size 8	chanˊ saiˇ sai 8	我穿8號	engine-auto	
เบอร์ 8	ber 8	bhə̄ 8	8號	engine-auto	
มีไซส์ 8 ไหม	mee size 8 mai	mī sai 8 maiˊ	有8號嗎？	engine-auto	
มีเบอร์ 8 ไหม	mee ber 8 mai	mī bhə̄ 8 maiˊ	有8號嗎？	engine-auto	
ตัวใหญ่	tua yai	dūa yaiˇ	大件／大號	engine-auto	
คุณใส่ตัวใหญ่ไม่สวย	khun sai tua yai mai suay	kun saiˇ dūa yaiˇ maiˋ sūayˊ	你穿大號不好看	engine-auto	
เธอใส่ตัวใหญ่ไม่สวย	ther sai tua yai mai suay	tə̄ saiˇ dūa yaiˇ maiˋ sūayˊ	你／她穿大號不好看	engine-auto	
คุณต้องใส่ตัวเล็ก	khun dtong sai tua lek	kun dɔ̄ngˋ saiˇ dūa lek~	你得穿小號	engine-auto	
ตัวเล็ก ตัวใหญ่	tua lek tua yai	dūa lek~ dūa yaiˇ	小號，大號	engine-auto	
กางเกง 1 ตัว	gaang-geng 1 tua	gāng gēng 1 dūa	一件褲子	engine-auto	
ตัวละเท่าไหร่	tua la tao-rai	dūa la~ tāuˋ raiˇ	一件／一個多少錢？	engine-auto	
กางเกงตัวละเท่าไหร่คะ	gaang-geng tua la tao-rai kha	gāng gēng dūa la~ tāuˋ raiˇ ka~	褲子一件多少錢？	engine-auto	
เก้าอี้ 2 ตัว	gao-ee 2 tua	gāuˋ īˋ 2 dūa	兩張椅子	engine-auto	
ขอเก้าอี้ 2 ตัวค่ะ	kho gao-ee 2 tua kha	kɔ̄ˊ gāuˋ īˋ 2 dūa kaˋ	請給我兩張椅子	engine-auto	
ขอเก้าอี้ 2 ตัวครับ	kho gao-ee 2 tua krap	kɔ̄ˊ gāuˋ īˋ 2 dūa krap~	請給我兩張椅子	engine-auto	
หมู 3 ตัว	moo 3 tua	mūˊ 3 dūa	三隻豬	engine-auto	
ปลา 2 ตัว	bplaa 2 tua	blā 2 dūa	兩條魚	engine-auto	
บ้านฉันมีหมู 3 ตัว	baan chan mee moo 3 tua	bhānˋ chanˊ mī mūˊ 3 dūa	我家有三隻豬	engine-auto	
ยาว	yaao	yāu	長	engine-auto	
ผมยาว	pom yaao	pomˊ yāu	長頭髮	engine-auto	
ผู้หญิงผมยาว	phu-ying pom yaao	pūˋ yingˊ pomˊ yāu	長頭髮的女生	engine-auto	
กางเกงขายาว	gaang-geng kaa-yaao	gāng gēng kāˊ yāu	長褲	engine-auto	
เสื้อแขนยาว	seua khaen yaao	sɯ̄aˋ kɛ̄nˊ yāu	長袖（衣服）	engine-auto	
สั้น	san	sanˋ	短	engine-auto	
กางเกงขาสั้น	gaang-geng kaa-san	gāng gēng kāˊ sanˋ	短褲	engine-auto	
ใส่ขาสั้น	sai kaa-san	saiˇ kāˊ sanˋ	穿短褲	engine-auto	
ชอบใส่ขาสั้น	chop sai kaa-san	chɔ̄pˋ saiˇ kāˊ sanˋ	喜歡穿短褲	engine-auto	
ใส่ขาสั้นไม่ได้	sai kaa-san mai dai	saiˇ kāˊ sanˋ maiˋ dhaiˋ	不能穿短褲	engine-auto	
ไปวัดใส่ขาสั้นไม่ได้	bpai wat sai kaa-san mai dai	bai wat~ saiˇ kāˊ sanˋ maiˋ dhaiˋ	去寺廟不能穿短褲	engine-auto	
ใหม่	mai	maiˇ	新	book-exact	(book-exact已用引擎重新驗證)
บ้านใหม่	baan mai	bhānˋ maiˇ	新房子	engine-auto	
พ่อซื้อบ้านใหม่	phor sue baan mai	pɔ̄ˋ sɯ̄~ bhānˋ maiˇ	爸爸買新房子	engine-auto	
กระเป๋าใหม่	gra-bpao mai	graˇ bāuˊ maiˇ	新包包	engine-auto	
แม่มีกระเป๋าใหม่	mae mee gra-bpao mai	mɛ̄ˋ mī graˇ bāuˊ maiˇ	媽媽有新包包	engine-auto	
มือถือใหม่	mue-thue mai	mɯ̄ tɯ̄ˊ maiˇ	新手機	engine-auto	
ฉันอยากซื้อมือถือใหม่	chan yaak sue mue-thue mai	chanˊ yākˋ sɯ̄~ mɯ̄ tɯ̄ˊ maiˇ	我想買新手機	engine-auto	
เก่า	gao	gāuˇ	舊、老	engine-auto	
หนังเก่า	nang gao	nangˊ gāuˇ	老電影	engine-auto	
เคย	koey	kə̄i	曾經	engine-auto	
เคยดู	koey duu	kə̄i dhū	看過	engine-auto	
ฉันเคยดู	chan koey duu	chanˊ kə̄i dhū	我看過	engine-auto	
เคยไปประเทศไทยไหม	koey bpai prathet thai mai	kə̄i bai braˇ tētˋ tai maiˊ	去過泰國嗎？	engine-auto	
เคยไป	koey bpai	kə̄i bai	去過	engine-auto	
เคยกิน	koey gin	kə̄i gin	吃過	engine-auto	
หนังสือเก่า	nang-seu gao	nangˊ sɯ̄ˊ gāuˇ	舊書	engine-auto	
เปาบุ้นจิ้น	pao bun jin	bāu bhunˋ jinˋ	包青天	engine-auto	
เพื่อนเก่า	phuean gao	pɯ̄anˋ gāuˇ	老朋友	engine-auto	
เพื่อนเก่าของฉัน	phuean gao khong chan	pɯ̄anˋ gāuˇ kɔ̄ngˊ chanˊ	我的老朋友	engine-auto	
เขาเป็นเพื่อนเก่าของผม	khao bpen phuean gao khong phom	kāuˊ ben pɯ̄anˋ gāuˇ kɔ̄ngˊ pomˊ	他是我的老朋友	engine-auto	
รุ่น	run	runˋ	代、輩、型號、屆	engine-auto	
รุ่นเก่า	run gao	runˋ gāuˇ	舊款／舊代	engine-auto	
รุ่นใหม่	run mai	runˋ maiˇ	新款／新代	engine-auto	
คนรุ่นใหม่	khon run mai	kon runˋ maiˇ	新一代的人	engine-auto	
รุ่นพี่	run pee	runˋ pīˋ	學長／學姊	engine-auto	
รุ่นน้อง	run nong	runˋ nɔ̄ng~	學弟／學妹	engine-auto	
นี่มือถือรุ่นไหน	ni mue-thue run nai	nīˋ mɯ̄ tɯ̄ˊ runˋ naiˊ	這是哪一款手機？	engine-auto	
ถือ	thue	tɯ̄ˊ	提、拿	engine-auto	
คุณถืออะไร	khun thue a-rai	kun tɯ̄ˊ aˇ rai	你在提什麼？	engine-auto	
ถือของหนัก	thue khong nak	tɯ̄ˊ kɔ̄ngˊ nakˇ	提重的東西	engine-auto	
ถือของเยอะ	thue khong yuh	tɯ̄ˊ kɔ̄ngˊ yə~	提很多東西	engine-auto	
รับ	rap	rap~	接、收取、領取	engine-auto	
เพื่อนคนไทย	phuean khon thai	pɯ̄anˋ kon tai	泰國朋友	engine-auto	
มาไต้หวัน	ma tai-wan	mā daiˋ wanˊ	來台灣	engine-auto	
ฉันไปรับคุณ	chan bpai rap khun	chanˊ bai rap~ kun	我去接你	engine-auto	
ขอบคุณมากค่ะ	khop khun mak kha	kɔ̄pˇ kun mākˋ kaˋ	非常謝謝	engine-auto	
ขอบคุณนะ	khop khun na	kɔ̄pˇ kun na~	謝謝喔	engine-auto	
ไม่ต้อง	mai dtong	maiˋ dɔ̄ngˋ	不用	engine-auto	
เกรงใจ	kreng jai	grēng jai	不好意思、客氣	engine-auto	
มารับ	maa rap	mā rap~	來接	engine-auto	
รับโทรศัพท์	rap tho-ra-sap	rap~ tōn sapˇ	接電話	engine-auto	
ไปรับลูก	bpai rap look	bai rap~ lūkˋ	去接小孩	engine-auto	
รับเงินเดือน	rap ngern deuan	rap~ ngə̄n dhɯ̄an	領薪水	engine-auto	
เรื่อง	reuang	rɯ̄angˋ	事情、部(量詞)	book-exact	(book-exact已用引擎重新驗證)
มีเรื่องอะไร	mee reuang a-rai	mī rɯ̄angˋ aˇ rai	有什麼事？	engine-auto	
ชอบดูเรื่องไหน	chop du reuang nai	chɔ̄pˋ dhū rɯ̄angˋ naiˊ	喜歡看哪一部？	engine-auto	
ดารา	da-ra	dhā rā	明星	engine-auto	
ดาราไทย	da-ra thai	dhā rā tai	泰國明星	engine-auto	
คุย	kui	kui	聊、談	engine-auto	
คุยกับใคร	kui gap krai	kui gapˇ krai	跟誰聊天？	engine-auto	
คุยกับแฟน	kui gap faen	kui gapˇ fɛ̄n	跟情人聊天	engine-auto	
คุยไลน์กับแฟน	kui line gap faen	kui lai gapˇ fɛ̄n	用Line跟情人聊天	engine-auto	
ใช้ไลน์คุยกับแฟน	chai line kui gap faen	chai~ lai kui gapˇ fɛ̄n	用Line跟情人聊天	engine-auto	
เล่นกีตาร์เป็นไหม	len gee-ta bpen mai	lēnˋ gī dā ben maiˊ	會彈吉他嗎？	engine-auto	
เล่นไม่เป็น	len mai bpen	lēnˋ maiˋ ben	不會玩／彈／打	engine-auto	
เล่นกอล์ฟเป็นไหม	len golf bpen mai	lēnˋ gɔ̄pˇ ben maiˊ	會打高爾夫球嗎？	engine-auto	
คุณชอบเล่นอะไร	khun chop len a-rai	kun chɔ̄pˋ lēnˋ aˇ rai	你喜歡玩什麼？	engine-auto	
ฉันชอบเล่นเกม	chan chop len game	chanˊ chɔ̄pˋ lēnˋ gēm	我喜歡玩遊戲	engine-auto	
ล้อเล่น	lor len	lɔ̄~ lēnˋ	開玩笑	engine-auto	
สี	see	sīˊ	顏色	engine-auto	
มี สี อื่น ไหม	mee see eun mai	mī sīˊ ɯ̄nˇ maiˊ	有其他顏色嗎？	engine-auto	
อื่น	eun	ɯ̄nˇ	其他	engine-auto	
คน อื่น	khon eun	kon ɯ̄nˇ	其他人	engine-auto	
วัน อื่น	wan eun	wan ɯ̄nˇ	其他天	engine-auto	
อัน อื่น	an eun	an ɯ̄nˇ	其他的(東西)	engine-auto	
แก้ว อื่น	kaew eun	gɛ̄uˋ ɯ̄nˇ	其他的杯子	engine-auto	
มี สี อื่น ไหม	mee see eun mai	mī sīˊ ɯ̄nˇ maiˊ	有其他顏色嗎？	engine-auto	
มี สี อื่น ไหม คะ	mee see eun mai kha	mī sīˊ ɯ̄nˇ maiˊ ka~	有其他顏色嗎？(女/ค่ะ)	engine-auto	
นี้ สวย กว่า	nee suay gwa	nī~ sūayˊ gwāˇ	這個比較漂亮	engine-auto	
ตัว นี้ สวย กว่า	tua nee suay gwa	dūa nī~ sūayˊ gwāˇ	這件比較漂亮	engine-auto	
ร้าน นี้ อร่อย กว่า	raan nee aroi gwa	rān~ nī~ aˇ rɔ̄iˋ gwāˇ	這間店比較好吃	engine-auto	
สี นี้ สวย กว่า	see nee suay gwa	sīˊ nī~ sūayˊ gwāˇ	這個顏色比較漂亮	engine-auto	
ร้าน นี้ ถูก กว่า	raan nee took gwa	rān~ nī~ tūkˇ gwāˇ	這間店比較便宜	engine-auto	
ลาย	laai	lāi	花紋	book-exact	(book-exact已用引擎重新驗證)
ลาย นี้ สวย ที่สุด	laai nee suay tee sut	lāi nī~ sūayˊ tīˋ sutˇ	這個花紋最漂亮	engine-auto	
ที่สุด	tee sut	tīˋ sutˇ	最	engine-auto	
ลาย นี้ สวย ที่สุด	laai nee suay tee sut	lāi nī~ sūayˊ tīˋ sutˇ	這個花紋最漂亮	engine-auto	
ที่สุด	tee sut	tīˋ sutˇ	最	engine-auto	
เดือน นี้ ร้อน ที่สุด	deuan nee ron tee sut	dhɯ̄an nī~ rɔ̄n~ tīˋ sutˇ	這個月最熱	engine-auto	
เดือน สี่ ร้อน ที่สุด	deuan see ron tee sut	dhɯ̄an sīˇ rɔ̄n~ tīˋ sutˇ	四月最熱	engine-auto	
สีเขียว	see khieow	sīˊ kīauˊ	綠色	engine-auto	
ไฟเขียว	fai khieow	fai kīauˊ	綠燈	engine-auto	
ไฟเขียว ไปได้	fai khieow bpai dai	fai kīauˊ bai dhaiˋ	綠燈，可以走	engine-auto	
ถั่วเขียว	thua khieow	tūaˇ kīauˊ	綠豆	engine-auto	
ชอบกินถั่วเขียวไหมคะ	chop gin thua khieow mai kha	chɔ̄pˋ gin tūaˇ kīauˊ maiˊ ka~	喜歡吃綠豆嗎？(女/ค่ะ)	engine-auto	
สีแดง	see daeng	sīˊ dhɛ̄ng	紅色	engine-auto	
ชอบสีอะไรที่สุด	chop see a-rai tee sut	chɔ̄pˋ sīˊ aˇ rai tīˋ sutˇ	最喜歡什麼顏色？	engine-auto	
ไฟแดง ไปไม่ได้	fai daeng bpai mai dai	fai dhɛ̄ng bai maiˋ dhaiˋ	紅燈，不能走	engine-auto	
ถั่วแดง	thua daeng	tūaˇ dhɛ̄ng	紅豆	engine-auto	
ชอบกินถั่วแดงไหมคะ	chop gin thua daeng mai kha	chɔ̄pˋ gin tūaˇ dhɛ̄ng maiˊ ka~	喜歡吃紅豆嗎？(女/ค่ะ)	engine-auto	
สีเหลือง	see lueang	sīˊ lɯ̄angˊ	黃色	engine-auto	
ชอบสีเหลืองไหมคะ	chop see lueang mai kha	chɔ̄pˋ sīˊ lɯ̄angˊ maiˊ ka~	喜歡黃色嗎？(女/ค่ะ)	engine-auto	
ไฟเหลือง	fai lueang	fai lɯ̄angˊ	黃燈	engine-auto	
ถั่วเหลือง	thua lueang	tūaˇ lɯ̄angˊ	黃豆	engine-auto	
สีขาว	see khaw	sīˊ kāuˊ	白色	engine-auto	
คุณยามีผมขาว	khun ya mee phom khaw	kun yā mī pomˊ kāuˊ	外婆有白頭髮	engine-auto	
เขาผิวขาวมาก	khao phiw khaw mak	kāuˊ piwˊ kāuˊ mākˋ	他/她皮膚很白	engine-auto	
สีดำ	see dam	sīˊ dham	黑色	engine-auto	
แมวดำ	maeo dam	mɛ̄u dham	黑貓	engine-auto	
แมว	maeo	mɛ̄u	貓	engine-auto	
ใช้แมวดำ	chai maeo dam	chai~ mɛ̄u dham	使用黑貓(快遞)	engine-auto	
เสื้อดำ	seua dam	sɯ̄aˋ dham	黑色的衣服 / 髒衣服	engine-auto	
ผิวดำ	phiw dam	piwˊ dham	皮膚黑	engine-auto	
ผู้ชายคนนี้ผิวดำ	phu chai khon nee phiw dam	pūˋ chāi kon nī~ piwˊ dham	這個男生皮膚很黑	engine-auto	
สีเทา	see thao	sīˊ tāu	灰色	engine-auto	
สีขาวกับสีดำ	see khaw gap see dam	sīˊ kāuˊ gapˇ sīˊ dham	白色和黑色	engine-auto	
กัน	kan	gan	一起	engine-auto	
สีฟ้า	see fa	sīˊ fā~	天藍色	engine-auto	
ฟ้า	fa	fā~	天空	engine-auto	
ฟ้าสีฟ้า	fa see fa	fā~ sīˊ fā~	天空是藍色的	engine-auto	
ปลาสิฟ้า	bplaa see fa	blā siˇ fā~	藍色的魚	engine-auto	
ฟ้าสวย	fa suay	fā~ sūayˊ	天空很美	engine-auto	
สีส้ม	see som	sīˊ somˋ	橘色	engine-auto	
ส้ม	som	somˋ	橘子	engine-auto	
ส้มสีส้ม	som see som	somˋ sīˊ somˋ	橘子是橘色的	engine-auto	
กากี	ga-kee	gā gī	卡其色	engine-auto	
สีกากี	see ga-kee	sīˊ gā gī	卡其色	engine-auto	
สีน้ำตาล	see nam dtaan	sīˊ nām~ dān	棕色、咖啡色	engine-auto	
น้ำตาล	nam dtaan	nām~ dān	糖	engine-auto	
ไม่ใส่น้ำตาล	mai sai nam dtaan	maiˋ saiˇ nām~ dān	不加糖	engine-auto	
สีกาแฟ	see ga-fae	sīˊ gā fɛ̄	咖啡色	engine-auto	
สีน้ำเงิน	see nam ngern	sīˊ nām~ ngə̄n	深藍色	engine-auto	
น้ำ	nam	nām~	水	engine-auto	
เงิน	ngern	ngə̄n	銀、錢	engine-auto	
มีเงิน	mee ngern	mī ngə̄n	有錢	engine-auto	
ฉันชอบสีน้ำเงิน	chan chop see nam ngern	chanˊ chɔ̄pˋ sīˊ nām~ ngə̄n	我喜歡深藍色	engine-auto	
ชอบสีเทามากกว่า	chop see thao mak gwa	chɔ̄pˋ sīˊ tāu mākˋ gwāˇ	比較喜歡灰色	engine-auto	
สีทอง	see thong	sīˊ tɔ̄ng	金色	engine-auto	
พระ	phra	pra~	佛像、僧侶	engine-auto	
พระสีทอง	phra see thong	pra~ sīˊ tɔ̄ng	金色的佛像	engine-auto	
เงิน	ngern	ngə̄n	銀、錢	engine-auto	
สีเงิน	see ngern	sīˊ ngə̄n	銀色	engine-auto	
กระเป๋าสีเงิน	gra-bpao see ngern	graˇ bāuˊ sīˊ ngə̄n	銀色的包包	engine-auto	
สีรุ้ง	see rung	sīˊ rung~	彩虹色	engine-auto	
รุ้ง	rung	rung~	彩虹	engine-auto	
เอาชาเย็นไม่มีสี	ao cha yen mai mee see	au chā yen maiˋ mī sīˊ	我要沒有顏色的泰式奶茶	engine-auto	
ไม่มี	mai mee	maiˋ mī	沒有	book-exact	(book-exact已用引擎重新驗證)
ล้อเล่น	lor len	lɔ̄~ lēnˋ	開玩笑 (名詞/動詞，程度較重)	engine-auto	
พูดเล่น	phut len	pūtˋ lēnˋ	開玩笑 (指說說而已)	engine-auto	
เติมเต็ม	toem tem	də̄m dem	加滿	engine-auto	
เติม	toem	də̄m	加	engine-auto	
เต็ม	tem	dem	滿	engine-auto	
เงินสด	ngern sot	ngə̄n sotˇ	現金	engine-auto	
เงิน	ngern	ngə̄n	錢	engine-auto	
สด	sot	sotˇ	新鮮	engine-auto	
ใช้	chai	chai~	用	engine-auto	
ใช้เงินสดซื้อ	chai ngern sot seu	chai~ ngə̄n sotˇ sɯ̄~	用現金買	engine-auto	
ไม่ต้องใช้เงินสดซื้อ	mai dtong chai ngern sot seu	maiˋ dɔ̄ngˋ chai~ ngə̄n sotˇ sɯ̄~	不必用現金買	engine-auto	
สีเงิน	see ngern	sīˊ ngə̄n	銀色	engine-auto	
รองเท้าสีเงิน	rong-thao see ngern	rɔ̄ng tāu~ sīˊ ngə̄n	銀色的鞋子	engine-auto	
รองเท้า	rong-thao	rɔ̄ng tāu~	鞋子	engine-auto	
กระเป๋าเงินสีเงิน	gra-bpao ngern see ngern	graˇ bāuˊ ngə̄n sīˊ ngə̄n	銀色的錢包	engine-auto	
กระเป๋าเงิน	gra-bpao ngern	graˇ bāuˊ ngə̄n	錢包	engine-auto	
เงิน	ngern	ngə̄n	錢	engine-auto	
แบงค์	baeng	bhɛ̄ng	鈔票	engine-auto	
แบงค์	baeng	bhɛ̄ng	銀行	engine-auto	
ไปแบงค์	bpai baeng	bai bhɛ̄ng	去銀行	engine-auto	
แบงค์ 50	baeng ha-sip	bhɛ̄ng 50	50塊鈔票	engine-auto	
คุณมีแบงค์ 50 ไหมครับ	khun mee baeng ha-sip mai krap	kun mī bhɛ̄ng 50 maiˊ krap~	你有50塊的鈔票嗎？ (男/ครับ)	engine-auto	
ฉันมีแบงค์ร้อย	chan mee baeng roi	chanˊ mī bhɛ̄ng rɔ̄i~	我有100塊鈔票	engine-auto	
ผมมีแบงค์ร้อย	phom mee baeng roi	pomˊ mī bhɛ̄ng rɔ̄i~	我有100塊鈔票 (男)	engine-auto	
ไม่มีแบงค์ 50	mai mee baeng ha-sip	maiˋ mī bhɛ̄ng 50	沒有50塊鈔票	engine-auto	
ขอโทษค่ะ ฉันมีแบงค์ร้อย ฉันไม่มีแบงค์ 50	kho thot kha chan mee baeng roi chan mai mee baeng ha-sip	kɔ̄ˊ tōtˋ kaˋ chanˊ mī bhɛ̄ng rɔ̄i~ chanˊ maiˋ mī bhɛ̄ng 50	對不起，我有100塊鈔票，我沒有50塊鈔票 (女/ค่ะ)	engine-auto	
เหรียญ	rian	rīanˊ	硬幣	engine-auto	
ใช้เหรียญบาทได้ไหม	chai rian baht dai mai	chai~ rīanˊ bhātˇ dhaiˋ maiˊ	可以用一塊錢硬幣嗎？	engine-auto	
ใช้เหรียญอะไรก็ได้	chai rian a-rai gor dai	chai~ rīanˊ aˇ rai gɔ̄ˋ dhaiˋ	用什麼硬幣都可以	engine-auto	
เหรียญทอง	rian thong	rīanˊ tɔ̄ng	金牌	engine-auto	
เหรียญเงิน	rian ngern	rīanˊ ngə̄n	銀牌	engine-auto	
เหรียญทองแดง	rian thong daeng	rīanˊ tɔ̄ng dhɛ̄ng	銅牌	engine-auto	
เรียน	rian	rīan	念、讀 (沒有聲調)	book-exact	(book-exact已用引擎重新驗證)
เหรียญ	rian	rīanˊ	硬幣 (有第二聲)	engine-auto	
หนัง	nang	nangˊ	皮	book-exact	(book-exact已用引擎重新驗證)
หนังหมู	nang moo	nangˊ mūˊ	豬皮	engine-auto	
ชอบกินหนังหมูไหมคะ	chop gin nang moo mai kha	chɔ̄pˋ gin nangˊ mūˊ maiˊ ka~	喜歡吃豬皮嗎？(女/ค่ะ)	engine-auto	
กระเป๋าหนัง	gra-bpao nang	graˇ bāuˊ nangˊ	皮包	engine-auto	
หนังไทย	nang thai	nangˊ tai	泰國片	engine-auto	
เคย	koey	kə̄i	曾經	engine-auto	
ไม่เคย	mai koey	maiˋ kə̄i	沒看過	engine-auto	
หนังสือ	nang-seu	nangˊ sɯ̄ˊ	書	engine-auto	
อ่านหนังสือ	an nang-seu	ānˇ nangˊ sɯ̄ˊ	看書	engine-auto	
ยิ่งอ่านหนังสือยิ่งเก่ง	ying an nang-seu ying geng	yingˋ ānˇ nangˊ sɯ̄ˊ yingˋ gēngˇ	越看書越厲害	engine-auto	
ชอบอ่านหนังสืออะไร	chop an nang-seu a-rai	chɔ̄pˋ ānˇ nangˊ sɯ̄ˊ aˇ rai	喜歡看什麼書？	engine-auto	
คุณชอบอ่านหนังสืออะไรคะ	khun chop an nang-seu a-rai kha	kun chɔ̄pˋ ānˇ nangˊ sɯ̄ˊ aˇ rai ka~	您喜歡看什麼書？(女/ค่ะ)	engine-auto	
ชอบอ่านหนังสือการ์ตูน	chop an nang-seu ka-toon	chɔ̄pˋ ānˇ nangˊ sɯ̄ˊ gā dūn	喜歡看漫畫書	engine-auto	
หนังสือการ์ตูน	nang-seu ka-toon	nangˊ sɯ̄ˊ gā dūn	漫畫書	engine-auto	
หนังสือพิมพ์	nang-seu phim	nangˊ sɯ̄ˊ pim	報紙	engine-auto	
หนังสือพิมพ์วันนี้	nang-seu phim wan-nee	nangˊ sɯ̄ˊ pim wan nī~	今天的報紙	engine-auto	
หนังสือพิมพ์วันนี้เขียนอะไร	nang-seu phim wan-nee khian a-rai	nangˊ sɯ̄ˊ pim wan nī~ kīanˊ aˇ rai	今天的報紙寫什麼？	engine-auto	
กระเป๋าหนังสือ	gra-bpao nang-seu	graˇ bāuˊ nangˊ sɯ̄ˊ	書包	engine-auto	
กระเป๋าเป้	gra-bpao bpe	graˇ bāuˊ bēˋ	後背包	engine-auto	
กระเป๋าเดินทาง	gra-bpao dern-thang	graˇ bāuˊ dhə̄n tāng	行李箱	engine-auto	
มีกระเป๋าเดินทางกี่ใบ	mee gra-bpao dern-thang gee bai	mī graˇ bāuˊ dhə̄n tāng gīˇ bhai	有幾個行李箱？	engine-auto	
กระเป๋าเสื้อ	gra-bpao seua	graˇ bāuˊ sɯ̄aˋ	(衣服的) 口袋	engine-auto	
กระเป๋ากางเกง	gra-bpao gaang-geng	graˇ bāuˊ gāng gēng	(褲子的) 口袋	engine-auto	
กระเป๋าใบนี้ราคาเท่าไหร่	gra-bpao bai nee ra-kha tao-rai	graˇ bāuˊ bhai nī~ rā kā tāuˋ raiˇ	這個包包多少錢？	engine-auto	
กระเป๋าใบนี้เท่าไหร่คะ	gra-bpao bai nee tao-rai kha	graˇ bāuˊ bhai nī~ tāuˋ raiˇ ka~	這個包包多少錢？ (女/ค่ะ)	engine-auto	
รองเท้า	rong-thao	rɔ̄ng tāu~	鞋子	engine-auto	
ถอด	thot	tɔ̄tˇ	脫	engine-auto	
ถอดรองเท้า	thot rong-thao	tɔ̄tˇ rɔ̄ng tāu~	脫鞋	engine-auto	
ไปวัดต้องถอดรองเท้า	bpai wat dtong thot rong-thao	bai wat~ dɔ̄ngˋ tɔ̄tˇ rɔ̄ng tāu~	去廟要脫鞋	engine-auto	
ถุง	thung	tungˊ	袋子	engine-auto	
ใส่ถุงหรือกินที่นี่	sai thung rue gin tee nee	saiˇ tungˊ rɯ̄ˊ gin tīˋ nīˋ	在這裡吃還是外帶？	engine-auto	
ใส่ถุง	sai thung	saiˇ tungˊ	外帶	engine-auto	
เอาถุงไหมคะ	ao thung mai kha	au tungˊ maiˊ ka~	要袋子嗎？(女/ค่ะ)	engine-auto	
เอาถุงไหมครับ	ao thung mai krap	au tungˊ maiˊ krap~	要袋子嗎？(男/ครับ)	engine-auto	
ถุงกระดาษ	thung gra-daat	tungˊ graˇ dhātˇ	紙袋	engine-auto	
ถุงกระดาษฟรี	thung gra-daat free	tungˊ graˇ dhātˇ frī	紙袋是免費的	engine-auto	
แต่	tae	dɛ̄ˇ	但是	engine-auto	
ต้องเสียเงิน	dtong sia ngern	dɔ̄ngˋ sīaˊ ngə̄n	要付錢	engine-auto	
ยี่ห้อ	yee hor	yīˋ hɔ̄ˋ	品牌	engine-auto	
ยี่ห้อนี้	yee hor nee	yīˋ hɔ̄ˋ nī~	這個品牌	engine-auto	
ยี่ห้อนี้ใช้ดีไหม	yee hor nee chai dee mai	yīˋ hɔ̄ˋ nī~ chai~ dhī maiˊ	這個品牌好用嗎？	engine-auto	
ยี่ห้อนี้ใช้ดีไหมคะ	yee hor nee chai dee mai kha	yīˋ hɔ̄ˋ nī~ chai~ dhī maiˊ ka~	這個品牌好用嗎？(女/ค่ะ)	engine-auto	
ยี่ห้อนี้ใช้ได้	yee hor nee chai dai	yīˋ hɔ̄ˋ nī~ chai~ dhaiˋ	這個品牌還可以用	engine-auto	
เปิด	bpeut	bə̄tˇ	開	book-exact	(book-exact已用引擎重新驗證)
ร้าน	raan	rān~	店	book-exact	(book-exact已用引擎重新驗證)
เปิดร้าน	bpeut raan	bə̄tˇ rān~	開店	engine-auto	
เปิดห้อง	bpeut hong	bə̄tˇ hɔ̄ngˋ	開房	engine-auto	
ห้องน้ำ	hong nam	hɔ̄ngˋ nām~	廁所	engine-auto	
ห้องนอน	hong non	hɔ̄ngˋ nɔ̄n	臥房	engine-auto	
เปิดไฟ	bpeut fai	bə̄tˇ fai	開燈	engine-auto	
ไฟ	fai	fai	燈、火	engine-auto	
เปิดแอร์	bpeut air	bə̄tˇ ɛ̄	開冷氣	engine-auto	
แอร์	air	ɛ̄	冷氣 (Air conditioner)	engine-auto	
เปิดมือถือ	bpeut mue-thue	bə̄tˇ mɯ̄ tɯ̄ˊ	開手機	engine-auto	
มือถือ	mue-thue	mɯ̄ tɯ̄ˊ	手機	engine-auto	
ไป...ไป	bpai...bpai	bai...bai	(一邊)...(一邊)	engine-auto	
ดูไปกินไป	duu bpai gin bpai	dhū bai gin bai	一邊看一邊吃	engine-auto	
ดูทีวีไปกินขนมไป	duu tee-wee bpai gin kha-nom bpai	dhū tī wī bai gin kaˇ nom bai	一邊看電視一邊吃零食	engine-auto	
เรียนภาษาไทยไปกินขนมไป	rian phasa thai bpai gin kha-nom bpai	rīan pā sāˊ tai bai gin kaˇ nom bai	一邊上泰文課一邊吃零食	engine-auto	
เรียนไปนอนไป	rian bpai non bpai	rīan bai nɔ̄n bai	一邊上課一邊睡覺	engine-auto	
เรื่อง	reuang	rɯ̄angˋ	事情、(戲劇的)部	book-exact	(book-exact已用引擎重新驗證)
ฉันอยากรู้	chan yaak ru	chanˊ yākˋ rū~	我想知道	engine-auto	
เรื่องไหน	reuang nai	rɯ̄angˋ naiˊ	哪一部？	engine-auto	
เรื่องไหนก็สนุก	reuang nai gor sa-nuk	rɯ̄angˋ naiˊ gɔ̄ˋ saˇ nuk~	每一部都很有趣	engine-auto	
เรื่องนี้	reuang nee	rɯ̄angˋ nī~	這部	engine-auto	
เก่า	gao	gāuˇ	舊	engine-auto	
ใหม่	mai	maiˇ	新	book-exact	(book-exact已用引擎重新驗證)
รถเก่า	rot gao	rot~ gāuˇ	舊車	engine-auto	
เก่าไม่ไป ใหม่ไม่มา	gao mai bpai mai mai maa	gāuˇ maiˋ bai maiˇ maiˋ mā	舊的不去，新的不來	engine-auto	
รุ่น	run	runˋ	款式 / 型號	engine-auto	
รุ่นใหม่	run mai	runˋ maiˇ	新款	engine-auto	
iPhone รุ่นใหม่	iPhone run mai	iPhone runˋ maiˇ	新款iPhone	engine-auto	
iPhone รุ่นใหม่เท่าไหร่ครับ	iPhone run mai tao-rai krap	iPhone runˋ maiˇ tāuˋ raiˇ krap~	新款iPhone多少錢？	engine-auto	
60,000	hok muean	60,000	六萬	engine-auto	
หมื่น	muean	mɯ̄nˇ	萬	engine-auto	
70,000	jed muean	70,000	七萬	engine-auto	
80,000	paed muean	80,000	八萬	engine-auto	
โต	dto	dō	大 (形容身體部位、年紀)	engine-auto	
เล็ก	lek	lek~	小	engine-auto	
ตาโต	dta dto	dā dō	大眼睛	engine-auto	
ตาเล็ก	dta lek	dā lek~	小眼睛	engine-auto	
ลูกชายคนโต	look chai khon dto	lūkˋ chāi kon dō	大兒子	engine-auto	
คน	khon	kon	人 / 個 (量詞)	engine-auto	
ลูกสาว	look sao	lūkˋ sāuˊ	女兒	engine-auto	
ลูกสาวคนเล็ก	look sao khon lek	lūkˋ sāuˊ kon lek~	小女兒	engine-auto	
ลูกสาวคนเล็กอายุเท่าไหร่	look sao khon lek aa-yu tao-rai	lūkˋ sāuˊ kon lek~ ā yu~ tāuˋ raiˇ	小女兒幾歲？	engine-auto	
ใหญ่	yai	yaiˇ	大 (形容物品)	engine-auto	
แก้วใหญ่	kaew yai	gɛ̄uˋ yaiˇ	大杯	engine-auto	
เอาลาเต้แก้วใหญ่	ao la-te kaew yai	au lā dēˋ gɛ̄uˋ yaiˇ	要大杯拿鐵	engine-auto	
คาปูชิโน่	kha-pu-chi-no	kā bū chi~ nōˋ	卡布奇諾	engine-auto	
หรือ	rue	rɯ̄ˊ	還是	engine-auto	
ข้าวมันไก่	khao man gai	kāuˋ man gaiˇ	海南雞飯	engine-auto	
เอาจานใหญ่	ao jan yai	au jān yaiˇ	要大盤	engine-auto	
เอาข้าวขาหมูจานใหญ่	ao khao kha moo jan yai	au kāuˋ kāˊ mūˊ jān yaiˇ	要大盤豬腳飯	engine-auto	
จานเล็ก	jan lek	jān lek~	小盤	engine-auto	
เอาจานใหญ่หรือจานเล็ก	ao jan yai rue jan lek	au jān yaiˇ rɯ̄ˊ jān lek~	要大盤還是小盤？	engine-auto	
ลูก	look	lūkˋ	顆 (量詞) / 孩子	book-exact	(book-exact已用引擎重新驗證)
มีลูกแล้ว	mee look laew	mī lūkˋ lɛ̄u~	有小孩了	engine-auto	
ลูกใหญ่	look yai	lūkˋ yaiˇ	大顆	engine-auto	
เอาแอปเปิ้ลลูกใหญ่	ao apple look yai	au ɛ̄pˇ bə̄nˋ lūkˋ yaiˇ	要大顆的蘋果	engine-auto	
เอาลูกใหญ่หรือลูกเล็ก	ao look yai rue look lek	au lūkˋ yaiˇ rɯ̄ˊ lūkˋ lek~	要大顆的還是小顆的？	engine-auto	
รับ	rap	rap~	接 / 收	engine-auto	
มีค่ะ มีค่ะ	mee kha mee kha	mī kaˋ mī kaˋ	有的，有的	engine-auto	
รับโทรศัพท์	rap tho-ra-sap	rap~ tōn sapˇ	接電話	engine-auto	
มารับโทรศัพท์	maa rap tho-ra-sap	mā rap~ tōn sapˇ	來接電話	engine-auto	
ได้รับแล้ว	dai rap laew	dhaiˋ rap~ lɛ̄u~	收到了	engine-auto	
รับแล้ว	rap laew	rap~ lɛ̄u~	收到了	engine-auto	
ดู	duu	dhū	看	engine-auto	
อ่านหนังสือ	an nang-seu	ānˇ nangˊ sɯ̄ˊ	看書 (讀書)	engine-auto	
ดูทีวี	duu tee-wee	dhū tī wī	看電視	engine-auto	
หนัง	nang	nangˊ	電影	book-exact	(book-exact已用引擎重新驗證)
ดูหนัง	duu nang	dhū nangˊ	看電影	engine-auto	
ดูหนังไทย	duu nang thai	dhū nangˊ tai	看泰國電影	engine-auto	
ชอบดูหนังไทยไหม	chop duu nang thai mai	chɔ̄pˋ dhū nangˊ tai maiˊ	喜歡看泰國電影嗎？	engine-auto	
หนังผี	nang phee	nangˊ pīˊ	鬼片	engine-auto	
ดูหมอ	duu mor	dhū mɔ̄ˊ	算命	engine-auto	
หมอ	mor	mɔ̄ˊ	醫生	book-exact	(book-exact已用引擎重新驗證)
หมอดู	mor duu	mɔ̄ˊ dhū	算命師	engine-auto	
ดูถูก	duu thook	dhū tūkˇ	看輕 / 看不起	engine-auto	
ถูก	thook	tūkˇ	便宜 / 對	engine-auto	
คุยไลน์	kui line	kui lai	用Line聊天 (口語)	engine-auto	
ใช้ไลน์คุย	chai line kui	chai~ lai kui	用Line聊天 (正式)	engine-auto	
คุยไลน์กับเพื่อน	kui line gap phuean	kui lai gapˇ pɯ̄anˋ	跟朋友用Line聊天	engine-auto	
คุยกับใคร	kui gap krai	kui gapˇ krai	跟誰聊天？	engine-auto	
เขาคุยกับใคร	khao kui gap krai	kāuˊ kui gapˇ krai	他/她跟誰聊天？	engine-auto	
หัวหน้า	hua na	hūaˊ nāˋ	上司	engine-auto	
หัว	hua	hūaˊ	頭	engine-auto	
หน้า	na	nāˋ	臉	engine-auto	
คุยกับหัวหน้า	kui gap hua na	kui gapˇ hūaˊ nāˋ	跟上司聊天	engine-auto	
ไม่ชอบคุยกับหัวหน้า	mai chop kui gap hua na	maiˋ chɔ̄pˋ kui gapˇ hūaˊ nāˋ	不喜歡跟上司聊天	engine-auto	
เล่น	len	lēnˋ	玩	engine-auto	
เล่นน้ำ	len nam	lēnˋ nām~	玩水	engine-auto	
เล่นหุ้น	len hoon	lēnˋ hunˋ	玩股票	engine-auto	
เล่น FB ไหม	len FB mai	lēnˋ FB maiˊ	玩FB嗎？	engine-auto	
เล่น Facebook ไหม	len Facebook mai	lēnˋ Facebook maiˊ	玩Facebook嗎？	engine-auto	
กีตาร์	gee-ta	gī dā	吉他	engine-auto	
เล่นกีตาร์เป็นไหม	len gee-ta bpen mai	lēnˋ gī dā ben maiˊ	會彈吉他嗎？	engine-auto	
เล่นกับหมา	len gap maa	lēnˋ gapˇ māˊ	跟狗玩	engine-auto	
ชื่อเล่น	chue len	chɯ̄ˋ lēnˋ	小名	engine-auto	
คุณมีชื่อเล่นไหม	khun mee chue len mai	kun mī chɯ̄ˋ lēnˋ maiˊ	你有小名嗎？	engine-auto	
ฉันชื่อไก่	chan chue gai	chanˊ chɯ̄ˋ gaiˇ	我叫Gai (雞)	engine-auto	
ฉันชื่อเป็ด	chan chue ped	chanˊ chɯ̄ˋ betˇ	我叫Ped (鴨子)	engine-auto	
ล้อเล่น	lor len	lɔ̄~ lēnˋ	開玩笑 / 鬧著玩	engine-auto	
พูดเล่น	phut len	pūtˋ lēnˋ	開玩笑 (說著玩)	engine-auto	
คุณชอบเล่นอะไร	khun chop len a-rai	kun chɔ̄pˋ lēnˋ aˇ rai	你喜歡玩什麼？	engine-auto	
คนมีหน้ามีตา	khon mee na mee dta	kon mī nāˋ mī dā	有頭有臉的人 (有面子)	engine-auto	
เขาเป็นคนมีหน้ามีตา	khao bpen khon mee na mee dta	kāuˊ ben kon mī nāˋ mī dā	他/她是有頭有臉的人	engine-auto	
ซ้าย	saai	sāi~	左邊	engine-auto	
มือ	mue	mɯ̄	手	engine-auto	
มือซ้าย	mue saai	mɯ̄ sāi~	左手	engine-auto	
แขน	khaen	kɛ̄nˊ	手臂	engine-auto	
แขนซ้าย	khaen saai	kɛ̄nˊ sāi~	左邊的手臂	engine-auto	
หูซ้าย	huu saai	hūˊ sāi~	左耳	engine-auto	
เลี้ยวซ้าย	liaw saai	līau~ sāi~	左轉	engine-auto	
เลี้ยว	liaw	līau~	轉	engine-auto	
ขวา	khwaa	kwāˊ	右	engine-auto	
หูขวา	huu khwaa	hūˊ kwāˊ	右耳	engine-auto	
ตาขวาเจ็บ	taa khwaa jep	dā kwāˊ jepˇ	右眼痛	engine-auto	
เลี้ยวขวา	liaw khwaa	līau~ kwāˊ	右轉	engine-auto	
เลี้ยวขวา เลี้ยวขวา	liaw khwaa liaw khwaa	līau~ kwāˊ līau~ kwāˊ	右轉、右轉	engine-auto	
ไม่ต้องเลี้ยว	mai tong liaw	maiˋ dɔ̄ngˋ līau~	不用轉	engine-auto	
หน้า	naa	nāˋ	前 / 臉 / 頁	engine-auto	
หน้าที่เท่าไหร่	naa thii thao rai	nāˋ tīˋ tāuˋ raiˇ	第幾頁	engine-auto	
ก้าวหน้า	kao naa	gāuˋ nāˋ	進步	engine-auto	
ก้าว	kao	gāuˋ	跨步	engine-auto	
เดิน 3 ก้าว	doen 3 kao	dhə̄n 3 gāuˋ	走三步	engine-auto	
ภาษาไทยก้าวหน้า	phasa thai kao naa	pā sāˊ tai gāuˋ nāˋ	泰文進步	engine-auto	
หลัง	lang	langˊ	後 / 背	engine-auto	
เมื่อยหลัง	mueai lang	mɯ̄aiˋ langˊ	背很痠痛	engine-auto	
ถอย	thoi	tɔ̄iˊ	退後	engine-auto	
ถอยๆๆ	thoi thoi thoi	tɔ̄iˊ tɔ̄iˊ tɔ̄iˊ	退退退	engine-auto	
ถอยหลัง	thoi lang	tɔ̄iˊ langˊ	退後 / 退步	engine-auto	
ถอยอีก	thoi eek	tɔ̄iˊ īkˇ	再退	engine-auto	
อีก	eek	īkˇ	再	engine-auto	
เอาอะไรอีก	ao arai eek	au aˇ rai īkˇ	還要什麼	engine-auto	
ภาษาจีนถอยหลัง	phasa jiin thoi lang	pā sāˊ jīn tɔ̄iˊ langˊ	中文退步	engine-auto	
บน	bon	bhon	上 / 在...上面	engine-auto	
นั่งบนโต๊ะ	nang bon toh	nangˋ bhon do~	坐在桌子上	engine-auto	
นั่งอยู่บนโต๊ะ	nang yuu bon toh	nangˋ yūˋ bhon do~	坐在桌子上	engine-auto	
เด็กผู้หญิงนั่งอยู่บนโต๊ะ	dek phu ying nang yuu bon toh	dhekˇ pūˋ yingˊ nangˋ yūˋ bhon do~	女生坐在桌子上	engine-auto	
อยู่บนเขา	yuu bon khao	yūˋ bhon kāuˊ	站在山上	engine-auto	
เขา	khao	kāuˊ	他 / 山	engine-auto	
เขาไม่มา	khao mai maa	kāuˊ maiˋ mā	他不來	engine-auto	
ภูเขา	phu khao	pū kāuˊ	山	engine-auto	
บ้านอยู่บนเขา	ban yuu bon khao	bhānˋ yūˋ bhon kāuˊ	房子在山上	engine-auto	
เขาอยู่บนเขา	khao yuu bon khao	kāuˊ yūˋ bhon kāuˊ	他/她在山上	engine-auto	
ล่าง	laang	lāngˋ	下	engine-auto	
บ้านไทย	ban thai	bhānˋ tai	泰國房子	engine-auto	
ชั้นล่าง	chan laang	chan~ lāngˋ	樓下	engine-auto	
ชั้น	chan	chan~	樓層	engine-auto	
ตาชั้นเดียว	taa chan diao	dā chan~ dhīau	單眼皮	engine-auto	
ตาสองชั้น	taa song chan	dā sɔ̄ngˊ chan~	雙眼皮	engine-auto	
รถอยู่ชั้นล่าง	rot yuu chan laang	rot~ yūˋ chan~ lāngˋ	車子在樓下	engine-auto	
ห้องน้ำอยู่ชั้นล่าง	hong nam yuu chan laang	hɔ̄ngˋ nām~ yūˋ chan~ lāngˋ	廁所在樓下	engine-auto	
ใน	nai	nai	內	engine-auto	
อยู่ข้างใน	yuu khang nai	yūˋ kāngˋ nai	在裡面	engine-auto	
แมว	maew	mɛ̄u	貓	engine-auto	
แมวอยู่ข้างใน	maew yuu khang nai	mɛ̄u yūˋ kāngˋ nai	貓在裡面	engine-auto	
อยู่ข้างในกล่อง	yuu khang nai glong	yūˋ kāngˋ nai glɔ̄ngˇ	在盒子裡面	engine-auto	
นอก	nok	nɔ̄kˋ	外	engine-auto	
แมวอยู่ข้างนอก	maew yuu khang nok	mɛ̄u yūˋ kāngˋ nɔ̄kˋ	貓咪在外面	engine-auto	
ข้าง	khang	kāngˋ	邊 / 面	engine-auto	
ข้างนอก	khang nok	kāngˋ nɔ̄kˋ	外面	engine-auto	
ข้างซ้าย	khang saai	kāngˋ sāi~	左邊	engine-auto	
ข้างขวา	khang khwaa	kāngˋ kwāˊ	右邊	engine-auto	
ข้างบน	khang bon	kāngˋ bhon	上面	engine-auto	
ข้างใน	khang nai	kāngˋ nai	裡面	engine-auto	
กลาง	klang	glāng	中間 / 中	engine-auto	
แก้วกลาง	kaew klang	gɛ̄uˋ glāng	中杯	engine-auto	
ตรงกลาง	trong klang	drong glāng	中間	engine-auto	
โต๊ะอยู่ตรงกลาง	toh yuu trong klang	do~ yūˋ drong glāng	桌子在中間	engine-auto	
ตรงข้าม	trong kham	drong kāmˋ	對面	engine-auto	
ข้าม	kham	kāmˋ	過	engine-auto	
แม่น้ำ	mae nam	mɛ̄ˋ nām~	河	engine-auto	
ข้ามแม่น้ำ	kham mae nam	kāmˋ mɛ̄ˋ nām~	過河	engine-auto	
เขานั่งตรงข้ามฉัน	khao nang trong kham chan	kāuˊ nangˋ drong kāmˋ chanˊ	他/她坐在我對面	engine-auto	
ข้างๆ	khang khang	kāngˋ kāngˋ	旁邊	engine-auto	
มานั่งข้างๆ	maa nang khang khang	mā nangˋ kāngˋ kāngˋ	來坐旁邊	engine-auto	
มานั่งข้างๆ ฉัน	maa nang khang khang chan	mā nangˋ kāngˋ kāngˋ chanˊ	來坐我旁邊	engine-auto	
มานั่งข้างๆ ผม	maa nang khang khang phom	mā nangˋ kāngˋ kāngˋ pomˊ	(男生)來坐我旁邊	engine-auto	
เซเว่นอยู่ข้างๆ เอง	sewen yuu khang khang eng	sē wēnˋ yūˋ kāngˋ kāngˋ ēng	7-11就在旁邊而已	engine-auto	
ไม่ไกล	mai glai	maiˋ glai	不遠	engine-auto	
เอง	eng	ēng	而已 / 自己	engine-auto	
20 บาทเอง	20 baat eng	20 bhātˇ ēng	20塊而已	engine-auto	
ใครทำ	khrai tham	krai tam	誰做的	engine-auto	
ฉันทำเอง	chan tham eng	chanˊ tam ēng	我自己做	engine-auto	
ข้าง	khaang	kāngˋ	邊	engine-auto	
ด้าน	daan	dhānˋ	面	engine-auto	
ข้างซ้าย	khaang saai	kāngˋ sāi~	左邊	engine-auto	
แมวอยู่ข้างซ้าย	maeo yuu khaang saai	mɛ̄u yūˋ kāngˋ sāi~	貓咪在左邊	engine-auto	
แมวอยู่ข้างขวา	maeo yuu khaang khwa	mɛ̄u yūˋ kāngˋ kwāˊ	貓咪在右邊	engine-auto	
แมวอยู่ข้างบน	maeo yuu khaang bon	mɛ̄u yūˋ kāngˋ bhon	貓咪在上面	engine-auto	
แมวอยู่ข้างล่าง	maeo yuu khaang laang	mɛ̄u yūˋ kāngˋ lāngˋ	貓咪在下面	engine-auto	
แมวอยู่ข้างหน้า	maeo yuu khaang naa	mɛ̄u yūˋ kāngˋ nāˋ	貓咪在前面	engine-auto	
แมวอยู่ข้างหลัง	maeo yuu khaang lang	mɛ̄u yūˋ kāngˋ langˊ	貓咪在後面	engine-auto	
แมวอยู่ข้างใน	maeo yuu khaang nai	mɛ̄u yūˋ kāngˋ nai	貓咪在裡面	engine-auto	
แมวอยู่ข้างนอก	maeo yuu khaang nok	mɛ̄u yūˋ kāngˋ nɔ̄kˋ	貓咪在外面	engine-auto	
เหรียญ 1 บาท	rian 1 baht	rīanˊ 1 bhātˇ	(一塊錢硬幣)	engine-auto	
ด้านหน้า	daan naa	dhānˋ nāˋ	前面 (指平面)	engine-auto	
ด้านบน	daan bon	dhānˋ bhon	上面 (指平面)	engine-auto	
เหรียญด้านบน	rian daan bon	rīanˊ dhānˋ bhon	硬幣上面	engine-auto	
ด้านหลัง	daan lang	dhānˋ langˊ	後面 (指平面)	engine-auto	
ทาง	thaang	tāng	路 / 往...	engine-auto	
ทางซ้าย	thaang saai	tāng sāi~	往左邊 / 左邊的路	engine-auto	
ไปทางไหน	pai thaang nai	bai tāng naiˊ	要去哪邊？	engine-auto	
ไปทางซ้าย	pai thaang saai	bai tāng sāi~	往左邊去	engine-auto	
ไปทางขวา	pai thaang khwa	bai tāng kwāˊ	往右邊去	engine-auto	
ทางขวา	thaang khwa	tāng kwāˊ	往右邊 / 右邊的路	engine-auto	
ทางเข้า	thaang khao	tāng kāuˋ	入口	engine-auto	
เข้า	khao	kāuˋ	進	book-exact	(book-exact已用引擎重新驗證)
เข้าใจ	khao jai	kāuˋ jai	了解 / 明白	engine-auto	
ทางออก	thaang ok	tāng ɔ̄kˇ	出口	engine-auto	
เจอกันทางเข้า	joe gan thaang khao	jə̄ gan tāng kāuˋ	在入口見	engine-auto	
เจอกันทางออก	joe gan thaang ok	jə̄ gan tāng ɔ̄kˇ	在出口見	engine-auto	
ทางออกที่เท่าไหร่	thaang ok ti thao rai	tāng ɔ̄kˇ tīˋ tāuˋ raiˇ	第幾號出口？	engine-auto	
สาย	saai	sāiˊ	線 / 路線	engine-auto	
สายเหนือ	saai nuea	sāiˊ nɯ̄aˊ	北線	engine-auto	
นั่งสายเหนือ	nang saai nuea	nangˋ sāiˊ nɯ̄aˊ	搭北線	engine-auto	
นั่งสายใต้	nang saai tai	nangˋ sāiˊ daiˋ	搭南線	engine-auto	
สายใต้	saai tai	sāiˊ daiˋ	南線	engine-auto	
สายตะวันออก	saai tawan ok	sāiˊ daˇ wan ɔ̄kˇ	東線	engine-auto	
สายตะวันตก	saai tawan tok	sāiˊ daˇ wan dokˇ	西線	engine-auto	
รถไฟฟ้า	rot fai faa	rot~ fai fā~	捷運	engine-auto	
สายสีแดง	saai si daeng	sāiˊ sīˊ dhɛ̄ng	紅線	engine-auto	
สายสีน้ำเงิน	saai si nam ngeun	sāiˊ sīˊ nām~ ngə̄n	藍線	engine-auto	
อยู่ตรงกลาง	yuu trong klang	yūˋ drong glāng	在中間	engine-auto	
แมวอยู่ตรงกลาง	maeo yuu trong klang	mɛ̄u yūˋ drong glāng	貓在中間	engine-auto	
อยู่ตรงข้าม	yuu trong khaam	yūˋ drong kāmˋ	在對面	engine-auto	
อยู่ข้างๆ	yuu khaang khang	yūˋ kāngˋ kāngˋ	在旁邊	engine-auto	
หมาอยู่ข้างๆ	maa yuu khaang khang	māˊ yūˋ kāngˋ kāngˋ	狗在旁邊	engine-auto	
ภาคเหนือ	phak nuea	pākˋ nɯ̄aˊ	北部	engine-auto	
ภาคใต้	phak tai	pākˋ daiˋ	南部	engine-auto	
ภาคตะวันออก	phak tawan ok	pākˋ daˇ wan ɔ̄kˇ	東部	engine-auto	
ภาคตะวันตก	phak tawan tok	pākˋ daˇ wan dokˇ	西部	engine-auto	
ทิศ	thit	tit~	方向	engine-auto	
พัทยาอยู่ทิศตะวันออก	phatthaya yuu thit tawan ok	pat~ yā yūˋ tit~ daˇ wan ɔ̄kˇ	芭達雅在東方	engine-auto	
อยู่ภาคตะวันออก	yuu phak tawan ok	yūˋ pākˋ daˇ wan ɔ̄kˇ	在東部	engine-auto	
อยู่ทิศตะวันออก	yuu thit tawan ok	yūˋ tit~ daˇ wan ɔ̄kˇ	在東方	engine-auto	
ภาคตะวันออกเฉียงเหนือ	phak tawan ok chiang nuea	pākˋ daˇ wan ɔ̄kˇ chīangˊ nɯ̄aˊ	東北部	engine-auto	
อีสาน	isaan	ī sānˊ	東北 / 依善	engine-auto	
อยู่ภาคอีสาน	yuu phak isaan	yūˋ pākˋ ī sānˊ	在東北部	engine-auto	
คนอีสาน	khon isaan	kon ī sānˊ	東北人	engine-auto	
ชอบกินอาหารอีสาน	chop kin ahaan isaan	chɔ̄pˋ gin ā hānˊ ī sānˊ	喜歡吃東北菜	engine-auto	
ตรง	trong	drong	直	engine-auto	
ตรงไป	trong pai	drong bai	直走	engine-auto	
ใกล้	glai	glaiˋ	近	engine-auto	
ไกล	klai	glai	遠	engine-auto	
ตลาดอยู่ใกล้ๆ ไม่ไกล	talat yuu glai glai mai klai	daˇ lātˋ yūˋ glaiˋ glaiˋ maiˋ glai	市場在附近，不遠	engine-auto	
ตลาดอยู่ใกล้ๆ	talat yuu glai glai	daˇ lātˋ yūˋ glaiˋ glaiˋ	市場在附近	engine-auto	
ไม่ไกล	mai klai	maiˋ glai	不遠	engine-auto	
เหนือ	nuea	nɯ̄aˊ	北	engine-auto	
เชียงใหม่อยู่ภาคเหนือ	chiang mai yuu phak nuea	chīang maiˇ yūˋ pākˋ nɯ̄aˊ	清邁在北部	engine-auto	
ภาค	phak	pākˋ	部 / 區域	engine-auto	
เนื้อ	nuea	nɯ̄a~	牛肉 / 肉	engine-auto	
ไปเหนือ	pai nuea	bai nɯ̄aˊ	去北部	engine-auto	
กินเนื้อ	kin nuea	gin nɯ̄a~	吃牛肉	engine-auto	
ไปเหนือ กินเนื้อ	pai nuea kin nuea	bai nɯ̄aˊ gin nɯ̄a~	去北部吃牛肉	engine-auto	
ใต้	tai	daiˋ	南	engine-auto	
ภูเก็ตอยู่ภาคใต้	phuket yuu phak tai	pū getˇ yūˋ pākˋ daiˋ	普吉在南部	engine-auto	
เคยไปภูเก็ตไหมคะ	khoey pai phuket mai kha	kə̄i bai pū getˇ maiˊ ka~	有去過普吉嗎？	engine-auto	
ไม่เคยไป	mai khoey pai	maiˋ kə̄i bai	沒去過	engine-auto	
ไม่เคย	mai khoey	maiˋ kə̄i	不曾	engine-auto	
บ้านฉันอยู่ภาคใต้	baan chan yuu phak tai	bhānˋ chanˊ yūˋ pākˋ daiˋ	我家在南部	engine-auto	
ตะวันออก	tawan ok	daˇ wan ɔ̄kˇ	東	engine-auto	
ตะวัน	tawan	daˇ wan	太陽	engine-auto	
พระอาทิตย์	phra athit	pra~ ā tit~	太陽 (另一種說法)	book-exact	(book-exact已用引擎重新驗證)
ออก	ok	ɔ̄kˇ	出	engine-auto	
ภาคกลาง	phak klang	pākˋ glāng	中部	engine-auto	
ประเทศตะวันออกกลาง	prathet tawan ok klang	braˇ tētˋ daˇ wan ɔ̄kˇ glāng	中東國家	engine-auto	
ตะวันตก	tawan tok	daˇ wan dokˇ	西	engine-auto	
ประเทศตะวันตก	prathet tawan tok	braˇ tētˋ daˇ wan dokˇ	西方國家	engine-auto	
เฉียง	chiang	chīangˊ	斜	engine-auto	
ตะวันออกเฉียงเหนือ	tawan ok chiang nuea	daˇ wan ɔ̄kˇ chīangˊ nɯ̄aˊ	東北	engine-auto	
ตะวันออกเฉียงใต้	tawan ok chiang tai	daˇ wan ɔ̄kˇ chīangˊ daiˋ	東南	engine-auto	
เอเชียตะวันออกเฉียงใต้	eshia tawan ok chiang tai	ē chīa daˇ wan ɔ̄kˇ chīangˊ daiˋ	東南亞	engine-auto	
เป็ด	pet	betˇ	鴨子	engine-auto	
แปด	paet	bɛ̄tˇ	八	engine-auto	
เป็ดแปดตัว	pet paet tua	betˇ bɛ̄tˇ dūa	八隻鴨	engine-auto	
ซ้าย	saai	sāi~	左	engine-auto	
มือซ้าย	mue saai	mɯ̄ sāi~	左手	engine-auto	
หูซ้าย	huu saai	hūˊ sāi~	左耳	engine-auto	
ด้านซ้าย	daan saai	dhānˋ sāi~	左邊/左面	engine-auto	
ข้างซ้าย	khaang saai	kāngˋ sāi~	左邊	engine-auto	
ร้านอาหารอยู่ด้านซ้าย	raan ahaan yuu daan saai	rān~ ā hānˊ yūˋ dhānˋ sāi~	餐廳在左邊	engine-auto	
ร้านอาหารอยู่ข้างซ้าย	raan ahaan yuu khaang saai	rān~ ā hānˊ yūˋ kāngˋ sāi~	餐廳在左邊	engine-auto	
ขวา	khwa	kwāˊ	右	engine-auto	
ตาข้างขวา	taa khaang khwa	dā kāngˋ kwāˊ	右眼	engine-auto	
ตาขวา	taa khwa	dā kwāˊ	右眼	engine-auto	
แดง	daeng	dhɛ̄ng	紅	engine-auto	
ทำไมตาข้างขวาแดง	tammai taa khaang khwa daeng	tam mai dā kāngˋ kwāˊ dhɛ̄ng	為什麼右眼紅	engine-auto	
ทำไมตาขวาแดง	tammai taa khwa daeng	tam mai dā kwāˊ dhɛ̄ng	為什麼右眼紅	engine-auto	
เลี้ยวซ้าย	liaw saai	līau~ sāi~	左轉	engine-auto	
เลี้ยวขวา	liaw khwa	līau~ kwāˊ	右轉	engine-auto	
เลี้ยวซ้ายเลี้ยวขวา	liaw saai liaw khwa	līau~ sāi~ līau~ kwāˊ	左轉 右轉	engine-auto	
เลี้ยวซ้ายหรือเลี้ยวขวา	liaw saai rue liaw khwa	līau~ sāi~ rɯ̄ˊ līau~ kwāˊ	左轉或是右轉	engine-auto	
ต้องเลี้ยวซ้าย	tong liaw saai	dɔ̄ngˋ līau~ sāi~	得要左轉	engine-auto	
ต้องเลี้ยวขวา	tong liaw khwa	dɔ̄ngˋ līau~ kwāˊ	得要右轉	engine-auto	
หน้า	naa	nāˋ	臉/前面	engine-auto	
ด้านหน้า	daan naa	dhānˋ nāˋ	前面	engine-auto	
ข้างหน้า	khaang naa	kāngˋ nāˋ	前面	engine-auto	
อยู่ด้านหน้า	yuu daan naa	yūˋ dhānˋ nāˋ	在前面	engine-auto	
ห้องน้ำหญิงอยู่ที่ไหน	hong nam ying yuu thi nai	hɔ̄ngˋ nām~ yingˊ yūˋ tīˋ naiˊ	女廁在哪裡	engine-auto	
ห้องน้ำหญิงอยู่ด้านหน้า	hong nam ying yuu daan naa	hɔ̄ngˋ nām~ yingˊ yūˋ dhānˋ nāˋ	女廁在前面	engine-auto	
เดินไปข้างหน้าก็จะเจอ	dern pai khaang naa ko ja jer	dhə̄n bai kāngˋ nāˋ gɔ̄ˋ jaˇ jə̄	走去前面就會看到	engine-auto	
หลัง	lang	langˊ	後/背	engine-auto	
เมื่อยหลัง	mueai lang	mɯ̄aiˋ langˊ	背酸	engine-auto	
อยู่ด้านหลัง	yuu daan lang	yūˋ dhānˋ langˊ	在後面	engine-auto	
ห้องน้ำอยู่ด้านหลัง	hong nam yuu daan lang	hɔ̄ngˋ nām~ yūˋ dhānˋ langˊ	廁所在後面	engine-auto	
ถอยหลัง	thoi lang	tɔ̄iˊ langˊ	退後	engine-auto	
ถอยอีก	thoi ik	tɔ̄iˊ īkˇ	再退	engine-auto	
ถอยถอยถอย	thoi thoi thoi	tɔ̄iˊ tɔ̄iˊ tɔ̄iˊ	退 退 退	engine-auto	
ภาษาจีนถอยหลัง	phasa jeen thoi lang	pā sāˊ jīn tɔ̄iˊ langˊ	中文 退步	engine-auto	
ก้าวหน้า	kao naa	gāuˋ nāˋ	進步	engine-auto	
ไม่	mai	maiˋ	沒	book-exact	(book-exact已用引擎重新驗證)
ไม่ก้าวหน้า	mai kao naa	maiˋ gāuˋ nāˋ	沒進步	engine-auto	
ภาษาไทยก้าวหน้า	phasa thai kao naa	pā sāˊ tai gāuˋ nāˋ	泰文有進步	engine-auto	
ภาษาไทยของคุณก้าวหน้า	phasa thai khong khun kao naa	pā sāˊ tai kɔ̄ngˊ kun gāuˋ nāˋ	你的泰文有進步	engine-auto	
บน	bon	bhon	上	engine-auto	
ชั้นบน	chan bon	chan~ bhon	樓上	engine-auto	
ห้องนอนอยู่ชั้นบน	hong non yuu chan bon	hɔ̄ngˋ nɔ̄n yūˋ chan~ bhon	臥房在樓上	engine-auto	
ชั้นบนมีกี่ห้อง	chan bon mi gi hong	chan~ bhon mī gīˇ hɔ̄ngˋ	樓上有幾個房間	engine-auto	
ชั้นบนมีกี่ห้องคะ	chan bon mi gi hong ka	chan~ bhon mī gīˇ hɔ̄ngˋ ka~	樓上有幾個房間(禮貌)	engine-auto	
ล่าง	laang	lāngˋ	下	engine-auto	
ชั้นล่างมีห้องน้ำไหม	chan laang mi hong nam mai	chan~ lāngˋ mī hɔ̄ngˋ nām~ maiˊ	樓下有廁所嗎	engine-auto	
ชั้นล่างมีห้องน้ำแต่เล็ก	chan laang mi hong nam tae lek	chan~ lāngˋ mī hɔ̄ngˋ nām~ dɛ̄ˇ lek~	樓下有廁所 但很小	engine-auto	
ใน	nai	nai	內	engine-auto	
ข้างใน	khaang nai	kāngˋ nai	裡面	engine-auto	
นั่งข้างในได้ไหมคะ	nang khaang nai dai mai kha	nangˋ kāngˋ nai dhaiˋ maiˊ ka~	坐裡面可以嗎	engine-auto	
ข้างในไม่มีที่นั่งแล้วค่ะ	khaang nai mai mi thi nang laew kha	kāngˋ nai maiˋ mī tīˋ nangˋ lɛ̄u~ kaˋ	裡面沒有位子了	engine-auto	
ขอโทษค่ะข้างในไม่มีที่นั่งแล้วค่ะ	kho thot kha, khaang nai mai mi thi nang laew kha	kɔ̄ˊ tōtˋ kaˋ kāngˋ nai maiˋ mī tīˋ nangˋ lɛ̄u~ kaˋ	抱歉，裡面沒有位子了	engine-auto	
นอก	nok	nɔ̄kˋ	外	engine-auto	
นั่งข้างใน	nang khaang nai	nangˋ kāngˋ nai	坐裡面	engine-auto	
นั่งข้างนอก	nang khaang nok	nangˋ kāngˋ nɔ̄kˋ	坐外面	engine-auto	
นั่งข้างนอกได้ไหมครับ	nang khaang nok dai mai krap	nangˋ kāngˋ nɔ̄kˋ dhaiˋ maiˊ krap~	坐外面可以嗎	engine-auto	
ข้างนอกมีที่นั่งไหม	khaang nok mi thi nang mai	kāngˋ nɔ̄kˋ mī tīˋ nangˋ maiˊ	外面有位子嗎	engine-auto	
ตรงกลาง	trong klang	drong glāng	中間	engine-auto	
บนเครื่องบิน	bon khrueng bin	bhon krɯ̄angˋ bhin	在飛機上	engine-auto	
ที่นั่งตรงกลาง	thi nang trong klang	tīˋ nangˋ drong glāng	中間的位子	engine-auto	
ไม่ชอบนั่งที่นั่งตรงกลางนะคะ	mai chop nang thi nang trong klang na kha	maiˋ chɔ̄pˋ nangˋ tīˋ nangˋ drong glāng na~ ka~	不喜歡坐中間的位子	engine-auto	
ข้างๆ	khaang khang	kāngˋ kāngˋ	旁邊	engine-auto	
บ้านอยู่ข้างวัด	ban yuu khaang wat	bhānˋ yūˋ kāngˋ wat~	家在寺廟旁邊	engine-auto	
บ้านอยู่ข้างๆวัด	ban yuu khaang khang wat	bhānˋ yūˋ kāngˋ kāngˋ wat~	家在寺廟旁邊	engine-auto	
ร้านอาหารอยู่ข้างวัด	raan ahaan yuu khaang wat	rān~ ā hānˊ yūˋ kāngˋ wat~	餐廳在寺廟旁邊	engine-auto	
ร้านอาหารอยู่ข้างตลาด	raan ahaan yuu khaang talat	rān~ ā hānˊ yūˋ kāngˋ daˇ lātˋ	餐廳在市場旁邊	engine-auto	
มานั่งข้างผม	ma nang khaang phom	mā nangˋ kāngˋ pomˊ	來坐我旁邊	engine-auto	
มานั่งข้างๆผม	ma nang khaang khang phom	mā nangˋ kāngˋ kāngˋ pomˊ	來坐我旁邊	engine-auto	
ใครนั่งข้างๆเขา	khrai nang khaang khang khao	krai nangˋ kāngˋ kāngˋ kāuˊ	誰坐他旁邊	engine-auto	
น้องสาวของเขา	nong sao khong khao	nɔ̄ng~ sāuˊ kɔ̄ngˊ kāuˊ	他的妹妹	engine-auto	
ร้านยาอยู่ตรงข้ามเซเว่น	raan ya yuu trong kham seven	rān~ yā yūˋ drong kāmˋ sē wēnˋ	藥局在7-11對面	engine-auto	
เซเว่นอยู่ตรงข้ามร้านหนังสือ	seven yuu trong kham raan nang sue	sē wēnˋ yūˋ drong kāmˋ rān~ nangˊ sɯ̄ˊ	7-11在書店對面	engine-auto	
ทาง	thaang	tāng	邊/路 (Way)	engine-auto	
เชิญทางนี้	choen thaang nii	chə̄n tāng nī~	這邊請	engine-auto	
เชิญทางนี้ค่ะ	choen thaang nii kha	chə̄n tāng nī~ kaˋ	這邊請(女)	engine-auto	
เชิญทางนี้ครับ	choen thaang nii krap	chə̄n tāng nī~ krap~	這邊請(男)	engine-auto	
ไปทางไหน	pai thaang nai	bai tāng naiˊ	去哪邊	engine-auto	
ไปทางซ้าย	pai thaang saai	bai tāng sāi~	走左邊	engine-auto	
ไปทางซ้ายค่ะ	pai thaang saai kha	bai tāng sāi~ kaˋ	走左邊(女)	engine-auto	
ไปทางขวา	pai thaang khwa	bai tāng kwāˊ	走右邊	engine-auto	
ตรงไป	trong pai	drong bai	直走	engine-auto	
ร้านรองเท้าอยู่ที่ไหน	raan rong thao yuu thi nai	rān~ rɔ̄ng tāu~ yūˋ tīˋ naiˊ	鞋店在哪裡	engine-auto	
เดินตรงไป	dern trong pai	dhə̄n drong bai	直走(走路)	engine-auto	
แล้วก็	laew ko	lɛ̄u~ gɔ̄ˋ	然後	engine-auto	
แล้วก็เลี้ยวขวา	laew ko liaw khwa	lɛ̄u~ gɔ̄ˋ līau~ kwāˊ	然後右轉	engine-auto	
เดินตรงไปแล้วก็เลี้ยวขวาก็จะเจอ	dern trong pai laew ko liaw khwa ko ja jer	dhə̄n drong bai lɛ̄u~ gɔ̄ˋ līau~ kwāˊ gɔ̄ˋ jaˇ jə̄	直走，然後右轉，就會看到	engine-auto	
ร้านเสื้ออยู่ที่ไหน	raan seua yuu thi nai	rān~ sɯ̄aˋ yūˋ tīˋ naiˊ	衣服店在哪裡	engine-auto	
แล้วก็เลี้ยวซ้าย	laew ko liaw saai	lɛ̄u~ gɔ̄ˋ līau~ sāi~	然後左轉	engine-auto	
ภาคเหนือ	phak nuea	pākˋ nɯ̄aˊ	北部	engine-auto	
ภาคเหนือของไทย	phak nuea khong thai	pākˋ nɯ̄aˊ kɔ̄ngˊ tai	泰國的北部	engine-auto	
ภาคเหนือของไทยสวยมาก	phak nuea khong thai suai mak	pākˋ nɯ̄aˊ kɔ̄ngˊ tai sūayˊ mākˋ	泰國的北部很漂亮	engine-auto	
ภาคเหนือของไทยก็มีซากุระ	phak nuea khong thai ko mi sa-kura	pākˋ nɯ̄aˊ kɔ̄ngˊ tai gɔ̄ˋ mī sā guˇ ra~	泰國的北部也有櫻花	engine-auto	
ภาคใต้	phak tai	pākˋ daiˋ	南部	engine-auto	
ใต้	tai	daiˋ	南	engine-auto	
ทะเลภาคใต้	thale phak tai	ta~ lē pākˋ daiˋ	南部的海	engine-auto	
สวยมาก	suai mak	sūayˊ mākˋ	很漂亮	engine-auto	
ทะเลภาคใต้สวยมาก	thale phak tai suai mak	ta~ lē pākˋ daiˋ sūayˊ mākˋ	南部的海很漂亮	engine-auto	
ทะเลภาคใต้ของไทยสวยมาก	thale phak tai khong thai suai mak	ta~ lē pākˋ daiˋ kɔ̄ngˊ tai sūayˊ mākˋ	泰國南部的海很漂亮	engine-auto	
ได้	dai	dhaiˋ	可以	engine-auto	
อาหารภาคใต้	ahaan phak tai	ā hānˊ pākˋ daiˋ	南部菜	engine-auto	
อาหารภาคใต้อร่อยแต่เผ็ด	ahaan phak tai aroi tae phet	ā hānˊ pākˋ daiˋ aˇ rɔ̄iˋ dɛ̄ˇ petˇ	南部菜 好吃 但是 辣	engine-auto	
อีหลานอยู่ภาคไหน	ee lan yuu phak nai	ī lānˊ yūˋ pākˋ naiˊ	宜蘭在哪個部	engine-auto	
อีหลานอยู่ภาคตะวันออกของไต้หวัน	ee lan yuu phak tawan ok khong taiwan	ī lānˊ yūˋ pākˋ daˇ wan ɔ̄kˇ kɔ̄ngˊ daiˋ wanˊ	宜蘭在台灣的東部	engine-auto	
หัวเหลียนอยู่ภาคไหน	hua lian yuu phak nai	hūaˊ līanˊ yūˋ pākˋ naiˊ	花蓮在哪個部	engine-auto	
หัวเหลียนอยู่ภาคตะวันออกของไต้หวัน	hua lian yuu phak tawan ok khong taiwan	hūaˊ līanˊ yūˋ pākˋ daˇ wan ɔ̄kˇ kɔ̄ngˊ daiˋ wanˊ	花蓮在台灣的東部	engine-auto	
ไปเที่ยวภาคตะวันออกกันไหม	pai thiao phak tawan ok kan mai	bai tīauˋ pākˋ daˇ wan ɔ̄kˇ gan maiˊ	要不要一起去東部玩	engine-auto	
ภาคตะวันออกเฉียงเหนือ	phak tawan ok chiang nuea	pākˋ daˇ wan ɔ̄kˇ chīangˊ nɯ̄aˊ	東北部	engine-auto	
อีสาน	isaan	ī sānˊ	東北 (I-san)	engine-auto	
ภาคอีสาน	phak isaan	pākˋ ī sānˊ	東北部 (I-san)	engine-auto	
คนอีสาน	khon isaan	kon ī sānˊ	東北人	engine-auto	
คนอีสานมาทำงานที่ไต้หวัน	khon isaan ma tham ngan thi taiwan	kon ī sānˊ mā tam ngān tīˋ daiˋ wanˊ	東北人來台灣工作	engine-auto	
มาทำงานที่ไต้หวัน	ma tham ngan thi taiwan	mā tam ngān tīˋ daiˋ wanˊ	來台灣工作	engine-auto	
คนอีสานมาทำงานที่ไต้หวันเยอะ	khon isaan ma tham ngan thi taiwan yoe	kon ī sānˊ mā tam ngān tīˋ daiˋ wanˊ yə~	很多東北人來台灣工作	engine-auto	
ภาคตะวันตก	phak tawan tok	pākˋ daˇ wan dokˇ	西部	engine-auto	
นั่งรถไฟไปเที่ยวภาคตะวันตก	nang rot fai pai thiao phak tawan tok	nangˋ rot~ fai bai tīauˋ pākˋ daˇ wan dokˇ	搭火車去西部玩	engine-auto	
ไปเที่ยวภาคตะวันตก	pai thiao phak tawan tok	bai tīauˋ pākˋ daˇ wan dokˇ	去西部玩	engine-auto	
ต้องดูซ้ายดูขวา	tong du saai du khwa	dɔ̄ngˋ dhū sāi~ dhū kwāˊ	得看左看右	engine-auto	
ไม่มีรถก็ข้ามได้	mai mi rot ko kham dai	maiˋ mī rot~ gɔ̄ˋ kāmˋ dhaiˋ	沒有車 就可以過	engine-auto	
ไม่มีไฟเขียวไฟแดง	mai mi fai khiao fai daeng	maiˋ mī fai kīauˊ fai dhɛ̄ng	沒有綠燈紅燈	engine-auto	
ใกล้	glai	glaiˋ	近	engine-auto	
ใกล้ๆ	glai glai	glaiˋ glaiˋ	很近	engine-auto	
ตลาดไกลไหม	talat klai mai	daˇ lātˋ glai maiˊ	市場遠嗎	engine-auto	
ตลาดไกลไหมคะ	talat klai mai kha	daˇ lātˋ glai maiˊ ka~	市場遠嗎(女)	engine-auto	
ไม่ไกล	mai klai	maiˋ glai	不遠	engine-auto	
ไม่ไกลใกล้ๆ	mai klai glai glai	maiˋ glai glaiˋ glaiˋ	不遠 很近	engine-auto	
เดินตรงไป	dern trong pai	dhə̄n drong bai	直走	engine-auto	
ก็ถึงแล้ว	ko thueng laew	gɔ̄ˋ tɯngˊ lɛ̄u~	就到了	engine-auto	
ใน	nai	nai	在...裡面	engine-auto	
ในห้องน้ำ	nai hong nam	nai hɔ̄ngˋ nām~	在廁所裡面	engine-auto	
ในห้องน้ำมีทิชชู่ไหม	nai hong nam mi tichu mai	nai hɔ̄ngˋ nām~ mī tit~ chūˋ maiˊ	廁所裡有衛生紙嗎？	engine-auto	
ในห้องเรียนไม่มีนักเรียน	nai hong rian mai mi nak rian	nai hɔ̄ngˋ rīan maiˋ mī nak~ rīan	在教室裡沒有學生	engine-auto	
ในห้องเรียนไม่มีครู	nai hong rian mai mi khruu	nai hɔ̄ngˋ rīan maiˋ mī krū	教室裡沒有老師	engine-auto	
ตู้เย็น	tu yen	dūˋ yen	冰箱	engine-auto	
ตู้	tu	dūˋ	櫃子	engine-auto	
ตู้เสื้อ	tu seua	dūˋ sɯ̄aˋ	衣櫃	engine-auto	
ตู้รองเท้า	tu rong thao	dūˋ rɔ̄ng tāu~	鞋櫃	engine-auto	
ตู้หนังสือ	tu nangseu	dūˋ nangˊ sɯ̄ˊ	書櫃	engine-auto	
ของในตู้เย็นกินได้ไหม	khong nai tu yen kin dai mai	kɔ̄ngˊ nai dūˋ yen gin dhaiˋ maiˊ	冰箱裡的東西可以吃嗎？	engine-auto	
ในเมืองไทย	nai mueang thai	nai mɯ̄ang tai	在泰國裡面	engine-auto	
ในน้ำมีปลาในนามีข้าว	nai nam mi pla nai naa mi khao	nai nām~ mī blā nai nā mī kāuˋ	水裡有魚，田裡有米	engine-auto	
เมืองไทยในน้ำมีปลาในนามีข้าว	mueang thai nai nam mi pla nai naa mi khao	mɯ̄ang tai nai nām~ mī blā nai nā mī kāuˋ	泰國，水裡有魚，田裡有米	engine-auto	
ในทะเล	nai thale	nai ta~ lē	在海裡	engine-auto	
ใต้ทะเล	tai thale	daiˋ ta~ lē	海底	engine-auto	
นา	naa	nā	田	engine-auto	
ทำนา	tham naa	tam nā	種田	engine-auto	
อยู่ในกระเป๋ากางเกง	yuu nai krapao kangkeng	yūˋ nai graˇ bāuˊ gāng gēng	在褲子口袋裡	engine-auto	
มือถืออยู่ในกระเป๋ากางเกง	mue thue yuu nai krapao kangkeng	mɯ̄ tɯ̄ˊ yūˋ nai graˇ bāuˊ gāng gēng	手機在褲子口袋裡	engine-auto	
นอก	nok	nɔ̄kˋ	外面	engine-auto	
ไปกินข้างนอก	pai kin khaang nok	bai gin kāngˋ nɔ̄kˋ	去外面吃飯	engine-auto	
ไปเรียนเมืองนอก	pai rian mueang nok	bai rīan mɯ̄ang nɔ̄kˋ	去國外留學	engine-auto	
เมืองนอก	mueang nok	mɯ̄ang nɔ̄kˋ	國外	engine-auto	
ไปเที่ยวเมืองนอก	pai thiao mueang nok	bai tīauˋ mɯ̄ang nɔ̄kˋ	去國外玩	engine-auto	
นอกจาก...แล้ว	nok chak ... laew	nɔ̄kˋ jākˇ...lɛ̄u~	除了...以外	engine-auto	
นอกจากล้างมือบ่อยๆแล้ว	nok chak lang mue boi boi laew	nɔ̄kˋ jākˇ lāng~ mɯ̄ bhɔ̄iˇ bhɔ̄iˇ lɛ̄u~	除了勤洗手以外	engine-auto	
เขานอกใจ	khao nok jai	kāuˊ nɔ̄kˋ jai	他劈腿 (花心)	engine-auto	
แฟนนอกใจ	faen nok jai	fɛ̄n nɔ̄kˋ jai	情人劈腿	engine-auto	
ฉันนอกใจแฟน	chan nok jai faen	chanˊ nɔ̄kˋ jai fɛ̄n	我劈腿情人	engine-auto	
เรียนต่อ	rian to	rīan dɔ̄ˇ	繼續上課	engine-auto	
ตรงไป	trong pai	drong bai	直走	engine-auto	
เดินตรงไป	dern trong pai	dhə̄n drong bai	走路 (直走)	engine-auto	
ขับรถ	khab rot	kapˇ rot~	開車	book-exact	(book-exact已用引擎重新驗證)
ขับรถตรงไป	khab rot trong pai	kapˇ rot~ drong bai	開車直走	engine-auto	
ตรง	trong	drong	直	engine-auto	
พูดตรงๆ	phut trong trong	pūtˋ drong drong	直接說	engine-auto	
ฉันพูดตรงๆฉันชอบคุณมากๆ	chan phut trong trong chan chop khun mak mak	chanˊ pūtˋ drong drong chanˊ chɔ̄pˋ kun mākˋ mākˋ	我直接說，我非常喜歡你	engine-auto	
พูดตรงๆไม่อร่อย	phut trong trong mai aroi	pūtˋ drong drong maiˋ aˇ rɔ̄iˋ	直接說，不好吃	engine-auto	
มีเรื่องอะไร	mi rueang arai	mī rɯ̄angˋ aˇ rai	有什麼事	engine-auto	
พูดตรงๆไม่ต้องเกรงใจ	phut trong trong mai tong kreng jai	pūtˋ drong drong maiˋ dɔ̄ngˋ grēng jai	直接說，不用客氣	engine-auto	
ถามตรงๆ	tham trong trong	tāmˊ drong drong	直接問	engine-auto	
ถาม	tham	tāmˊ	問	engine-auto	
ขอถามหน่อย	kho tham noi	kɔ̄ˊ tāmˊ nɔ̄iˇ	請問一下	engine-auto	
ครูคะขอถามหน่อยค่ะ	khru kha kho tham noi kha	krū ka~ kɔ̄ˊ tāmˊ nɔ̄iˇ kaˋ	老師，請問一下	engine-auto	
ถามอะไร	tham arai	tāmˊ aˇ rai	問什麼	engine-auto	
ถามตรงๆได้ไหม	tham trong trong dai mai	tāmˊ drong drong dhaiˋ maiˊ	可以直接問嗎？	engine-auto	
มีแฟนหรือยัง	mi faen rue yang	mī fɛ̄n rɯ̄ˊ yang	有情人了嗎？	engine-auto	
ขอถามหน่อยได้ไหม	kho tham noi dai mai	kɔ̄ˊ tāmˊ nɔ̄iˇ dhaiˋ maiˊ	請問一下可以嗎？	engine-auto	
ตรงเวลา	trong welaa	drong wē lā	準時	engine-auto	
กินข้าวตรงเวลา	kin khao trong welaa	gin kāuˋ drong wē lā	準時吃飯	engine-auto	
ต้องตรงเวลา	tong trong welaa	dɔ̄ngˋ drong wē lā	必須準時	engine-auto	
ต้องมาตรงเวลา	tong maa trong welaa	dɔ̄ngˋ mā drong wē lā	要準時來	engine-auto	
ไม่ตรงเวลา	mai trong welaa	maiˋ drong wē lā	不準時	book-exact	(book-exact已用引擎重新驗證)
ใจตรงกัน	jai trong kan	jai drong gan	心意相通 (想的一樣)	engine-auto	
เป็นคนตรงไปตรงมา	pen khon trong pai trong maa	ben kon drong bai drong mā	是個直來直往的人	engine-auto	
ข้าม	kham	kāmˋ	過	engine-auto	
แม่น้ำ	mae nam	mɛ̄ˋ nām~	河	engine-auto	
ข้ามแม่น้ำ	kham mae nam	kāmˋ mɛ̄ˋ nām~	過河	engine-auto	
นั่งเรือข้ามแม่น้ำ	nang ruea kham mae nam	nangˋ rɯ̄a kāmˋ mɛ̄ˋ nām~	坐船過河	engine-auto	
สะพาน	saphan	saˇ pān	橋	book-exact	(book-exact已用引擎重新驗證)
ข้ามสะพาน	kham saphan	kāmˋ saˇ pān	過橋	engine-auto	
เดินข้ามสะพาน	dern kham saphan	dhə̄n kāmˋ saˇ pān	走過橋	engine-auto	
ต้องเดินข้ามสะพาน	tong dern kham saphan	dɔ̄ngˋ dhə̄n kāmˋ saˇ pān	必須走過橋	engine-auto	
เด็กๆเดินข้ามสะพาน	dek dek dern kham saphan	dhekˇ dhekˇ dhə̄n kāmˋ saˇ pān	小孩子們走過橋	engine-auto	
ลอย	loi	lɔ̄i	飄；浮	engine-auto	
สะพานลอย	saphan loi	saˇ pān lɔ̄i	天橋	engine-auto	
ข้ามสะพานลอย	kham saphan loi	kāmˋ saˇ pān lɔ̄i	過天橋	engine-auto	
อยู่บนโต๊ะ	yuu bon to	yūˋ bhon do~	在桌上	engine-auto	
แมวอยู่บนโต๊ะ	maeo yuu bon to	mɛ̄u yūˋ bhon do~	貓在桌上	engine-auto	
คอมพิวเตอร์อยู่บนโต๊ะ	khomphiwtoe yuu bon to	kɔ̄m piw də̄ yūˋ bhon do~	電腦在桌上	engine-auto	
อยู่บนฟ้า	yuu bon faa	yūˋ bhon fā~	在天上	engine-auto	
เครื่องบินอยู่บนฟ้า	khrueang bin yuu bon faa	krɯ̄angˋ bhin yūˋ bhon fā~	飛機在天上	engine-auto	
ปู่ย่าตายายอยู่บนฟ้า	pu ya taa yaai yuu bon faa	būˇ yāˋ dā yāi yūˋ bhon fā~	祖父母在天上 (天堂)	engine-auto	
เดินบนฟุตบาท	dern bon fut baat	dhə̄n bhon fut~ bhātˇ	走在人行道上	engine-auto	
ฟุตบาท	fut baat	fut~ bhātˇ	人行道	engine-auto	
ขายของบนฟุตบาท	khai khong bon fut baat	kāiˊ kɔ̄ngˊ bhon fut~ bhātˇ	在人行道上賣東西	engine-auto	
แม่อยู่บนบ้าน	mae yuu bon baan	mɛ̄ˋ yūˋ bhon bhānˋ	媽媽在樓上	engine-auto	
พ่ออยู่บนบ้าน	pho yuu bon baan	pɔ̄ˋ yūˋ bhon bhānˋ	爸爸在樓上	engine-auto	
บนเครื่องบิน	bon khrueang bin	bhon krɯ̄angˋ bhin	飛機上	engine-auto	
อยู่บนเครื่องบินชอบทำอะไร	yuu bon khrueang bin chop tham arai	yūˋ bhon krɯ̄angˋ bhin chɔ̄pˋ tam aˇ rai	在飛機上喜歡做什麼？	engine-auto	
ชอบอาหารบนเครื่องบินไหม	chop ahaan bon khrueang bin mai	chɔ̄pˋ ā hānˊ bhon krɯ̄angˋ bhin maiˊ	喜歡飛機上的食物嗎？	engine-auto	
ชั้นล่าง	chan laang	chan~ lāngˋ	樓下；下面	engine-auto	
ใต้	tai	daiˋ	下 (Under)	engine-auto	
ใต้เก้าอี้	tai kao i	daiˋ gāuˋ īˋ	椅子下面	engine-auto	
ภาคใต้	phak tai	pākˋ daiˋ	南部	engine-auto	
แมวอยู่ใต้เก้าอี้	maeo yuu tai kao i	mɛ̄u yūˋ daiˋ gāuˋ īˋ	貓在椅子下面	engine-auto	
หนังสืออยู่ใต้เก้าอี้	nangseu yuu tai kao i	nangˊ sɯ̄ˊ yūˋ daiˋ gāuˋ īˋ	書在椅子下面	engine-auto	
ใต้ที่นั่ง	tai thi nang	daiˋ tīˋ nangˋ	座位下面	engine-auto	
ชั้นใต้ดิน	chan tai din	chan~ daiˋ dhin	地下樓層	engine-auto	
อยู่ชั้นใต้ดิน	yuu chan tai din	yūˋ chan~ daiˋ dhin	在地下樓層	engine-auto	
ดิน	din	dhin	土	engine-auto	
ที่ดิน	thi din	tīˋ dhin	土地	engine-auto	
ดินสอ	din so	dhin sɔ̄ˊ	鉛筆	engine-auto	
ซุปเปอร์มาร์เก็ตอยู่ชั้นใต้ดิน	supper market yuu chan tai din	sup~ bə̄ mā getˇ yūˋ chan~ daiˋ dhin	超市在地下樓層	engine-auto	
อยู่ใต้ทะเล	yuu tai thale	yūˋ daiˋ ta~ lē	在海底	engine-auto	
ปลาอยู่ใต้ทะเล	pla yuu tai thale	blā yūˋ daiˋ ta~ lē	魚在海底	engine-auto	
ใน	nai	nai	在...裡面	engine-auto	
ในห้องน้ำ	nai hong nam	nai hɔ̄ngˋ nām~	在廁所裡面	engine-auto	
ในห้องน้ำมีทิชชู่ไหม	nai hong nam mi tichu mai	nai hɔ̄ngˋ nām~ mī tit~ chūˋ maiˊ	廁所裡有衛生紙嗎？	engine-auto	
ในห้องเรียนไม่มีนักเรียน	nai hong rian mai mi nak rian	nai hɔ̄ngˋ rīan maiˋ mī nak~ rīan	在教室裡沒有學生	engine-auto	
ในห้องเรียนไม่มีครู	nai hong rian mai mi khruu	nai hɔ̄ngˋ rīan maiˋ mī krū	教室裡沒有老師	engine-auto	
ตู้เย็น	tu yen	dūˋ yen	冰箱	engine-auto	
ตู้	tu	dūˋ	櫃子	engine-auto	
ตู้เสื้อ	tu seua	dūˋ sɯ̄aˋ	衣櫃	engine-auto	
ตู้รองเท้า	tu rorng thao	dūˋ rɔ̄ng tāu~	鞋櫃	engine-auto	
ตู้หนังสือ	tu nangseu	dūˋ nangˊ sɯ̄ˊ	書櫃	engine-auto	
ของในตู้เย็นกินได้ไหม	khong nai tu yen kin dai mai	kɔ̄ngˊ nai dūˋ yen gin dhaiˋ maiˊ	冰箱裡的東西可以吃嗎？	engine-auto	
ในเมืองไทย	nai mueang thai	nai mɯ̄ang tai	在泰國裡面	engine-auto	
ในน้ำมีปลาในนามีข้าว	nai nam mi pla nai naa mi khao	nai nām~ mī blā nai nā mī kāuˋ	水裡有魚，田裡有米	engine-auto	
เมืองไทยในน้ำมีปลาในนามีข้าว	mueang thai nai nam mi pla nai naa mi khao	mɯ̄ang tai nai nām~ mī blā nai nā mī kāuˋ	泰國，水裡有魚，田裡有米	engine-auto	
ในทะเล	nai thale	nai ta~ lē	在海裡	engine-auto	
ใต้ทะเล	tai thale	daiˋ ta~ lē	海底	engine-auto	
นา	naa	nā	田	engine-auto	
ทำนา	tham naa	tam nā	種田	engine-auto	
อยู่ในกระเป๋ากางเกง	yuu nai krapao kangkeng	yūˋ nai graˇ bāuˊ gāng gēng	在褲子口袋裡	engine-auto	
มือถืออยู่ในกระเป๋ากางเกง	mue thue yuu nai krapao kangkeng	mɯ̄ tɯ̄ˊ yūˋ nai graˇ bāuˊ gāng gēng	手機在褲子口袋裡	engine-auto	
นอก	nok	nɔ̄kˋ	外面	engine-auto	
ไปกินข้างนอก	pai kin khaang nok	bai gin kāngˋ nɔ̄kˋ	去外面吃飯	engine-auto	
ไปเรียนเมืองนอก	pai rian mueang nok	bai rīan mɯ̄ang nɔ̄kˋ	去國外留學	engine-auto	
เมืองนอก	mueang nok	mɯ̄ang nɔ̄kˋ	國外	engine-auto	
ไปเที่ยวเมืองนอก	pai thiao mueang nok	bai tīauˋ mɯ̄ang nɔ̄kˋ	去國外玩	engine-auto	
นอกจาก...แล้ว	nok chak ... laew	nɔ̄kˋ jākˇ...lɛ̄u~	除了...以外	engine-auto	
นอกจากล้างมือบ่อยๆแล้ว	nok chak lang mue boi boi laew	nɔ̄kˋ jākˇ lāng~ mɯ̄ bhɔ̄iˇ bhɔ̄iˇ lɛ̄u~	除了勤洗手以外	engine-auto	
เขานอกใจ	khao nok jai	kāuˊ nɔ̄kˋ jai	他劈腿 (花心)	engine-auto	
แฟนนอกใจ	faen nok jai	fɛ̄n nɔ̄kˋ jai	情人劈腿	engine-auto	
ฉันนอกใจแฟน	chan nok jai faen	chanˊ nɔ̄kˋ jai fɛ̄n	我劈腿情人	engine-auto	
เรียนต่อ	rian to	rīan dɔ̄ˇ	繼續上課	engine-auto	
ตรงไป	trong pai	drong bai	直走	engine-auto	
เดินตรงไป	dern trong pai	dhə̄n drong bai	走路 (直走)	engine-auto	
ขับรถ	khap rot	kapˇ rot~	開車	book-exact	(book-exact已用引擎重新驗證)
ขับรถตรงไป	khap rot trong pai	kapˇ rot~ drong bai	開車直走	engine-auto	
ตรง	trong	drong	直	engine-auto	
พูดตรงๆ	phut trong trong	pūtˋ drong drong	直接說	engine-auto	
ฉันพูดตรงๆฉันชอบคุณมากๆ	chan phut trong trong chan chop khun mak mak	chanˊ pūtˋ drong drong chanˊ chɔ̄pˋ kun mākˋ mākˋ	我直接說，我非常喜歡你	engine-auto	
พูดตรงๆไม่อร่อย	phut trong trong mai aroi	pūtˋ drong drong maiˋ aˇ rɔ̄iˋ	直接說，不好吃	engine-auto	
มีเรื่องอะไร	mi rueang arai	mī rɯ̄angˋ aˇ rai	有什麼事	engine-auto	
พูดตรงๆไม่ต้องเกรงใจ	phut trong trong mai tong kreng jai	pūtˋ drong drong maiˋ dɔ̄ngˋ grēng jai	直接說，不用客氣	engine-auto	
ถามตรงๆ	tham trong trong	tāmˊ drong drong	直接問	engine-auto	
ถาม	tham	tāmˊ	問	engine-auto	
ขอถามหน่อย	kho tham noi	kɔ̄ˊ tāmˊ nɔ̄iˇ	請問一下	engine-auto	
ครูคะขอถามหน่อยค่ะ	khru kha kho tham noi kha	krū ka~ kɔ̄ˊ tāmˊ nɔ̄iˇ kaˋ	老師，請問一下	engine-auto	
ถามอะไร	tham arai	tāmˊ aˇ rai	問什麼	engine-auto	
ถามตรงๆได้ไหม	tham trong trong dai mai	tāmˊ drong drong dhaiˋ maiˊ	可以直接問嗎？	engine-auto	
มีแฟนหรือยัง	mi faen rue yang	mī fɛ̄n rɯ̄ˊ yang	有情人了嗎？	engine-auto	
ขอถามหน่อยได้ไหม	kho tham noi dai mai	kɔ̄ˊ tāmˊ nɔ̄iˇ dhaiˋ maiˊ	請問一下可以嗎？	engine-auto	
ตรงเวลา	trong wela	drong wē lā	準時	engine-auto	
กินข้าวตรงเวลา	kin khao trong wela	gin kāuˋ drong wē lā	準時吃飯	engine-auto	
ต้องตรงเวลา	tong trong wela	dɔ̄ngˋ drong wē lā	必須準時	engine-auto	
ต้องมาตรงเวลา	tong maa trong wela	dɔ̄ngˋ mā drong wē lā	要準時來	engine-auto	
ไม่ตรงเวลา	mai trong wela	maiˋ drong wē lā	不準時	book-exact	(book-exact已用引擎重新驗證)
ใจตรงกัน	jai trong kan	jai drong gan	心意相通 (想的一樣)	engine-auto	
เป็นคนตรงไปตรงมา	pen khon trong pai trong maa	ben kon drong bai drong mā	是個直來直往的人	engine-auto	
ข้าม	kham	kāmˋ	過	engine-auto	
แม่น้ำ	mae nam	mɛ̄ˋ nām~	河	engine-auto	
ข้ามแม่น้ำ	kham mae nam	kāmˋ mɛ̄ˋ nām~	過河	engine-auto	
นั่งเรือข้ามแม่น้ำ	nang ruea kham mae nam	nangˋ rɯ̄a kāmˋ mɛ̄ˋ nām~	坐船過河	engine-auto	
สะพาน	saphan	saˇ pān	橋	book-exact	(book-exact已用引擎重新驗證)
ข้ามสะพาน	kham saphan	kāmˋ saˇ pān	過橋	engine-auto	
เดินข้ามสะพาน	dern kham saphan	dhə̄n kāmˋ saˇ pān	走過橋	engine-auto	
ต้องเดินข้ามสะพาน	tong dern kham saphan	dɔ̄ngˋ dhə̄n kāmˋ saˇ pān	必須走過橋	engine-auto	
เด็กๆเดินข้ามสะพาน	dek dek dern kham saphan	dhekˇ dhekˇ dhə̄n kāmˋ saˇ pān	小孩子們走過橋	engine-auto	
ลอย	loi	lɔ̄i	飄；浮	engine-auto	
สะพานลอย	saphan loi	saˇ pān lɔ̄i	天橋	engine-auto	
ข้ามสะพานลอย	kham saphan loi	kāmˋ saˇ pān lɔ̄i	過天橋	engine-auto	
อยู่บนโต๊ะ	yuu bon to	yūˋ bhon do~	在桌上	engine-auto	
แมวอยู่บนโต๊ะ	maeo yuu bon to	mɛ̄u yūˋ bhon do~	貓在桌上	engine-auto	
คอมพิวเตอร์อยู่บนโต๊ะ	khomphiuter yuu bon to	kɔ̄m piw də̄ yūˋ bhon do~	電腦在桌上	engine-auto	
อยู่บนฟ้า	yuu bon faa	yūˋ bhon fā~	在天上	engine-auto	
เครื่องบินอยู่บนฟ้า	khrueng bin yuu bon faa	krɯ̄angˋ bhin yūˋ bhon fā~	飛機在天上	engine-auto	
ปู่ย่าตายายอยู่บนฟ้า	pu ya taa yaai yuu bon faa	būˇ yāˋ dā yāi yūˋ bhon fā~	祖父母在天上 (天堂)	engine-auto	
เดินบนฟุตบาท	dern bon fut baat	dhə̄n bhon fut~ bhātˇ	走在人行道上	engine-auto	
ฟุตบาท	fut baat	fut~ bhātˇ	人行道	engine-auto	
ขายของบนฟุตบาท	khai khong bon fut baat	kāiˊ kɔ̄ngˊ bhon fut~ bhātˇ	在人行道上賣東西	engine-auto	
แม่อยู่บนบ้าน	mae yuu bon baan	mɛ̄ˋ yūˋ bhon bhānˋ	媽媽在樓上	engine-auto	
พ่ออยู่บนบ้าน	pho yuu bon baan	pɔ̄ˋ yūˋ bhon bhānˋ	爸爸在樓上	engine-auto	
บนเครื่องบิน	bon khrueng bin	bhon krɯ̄angˋ bhin	飛機上	engine-auto	
อยู่บนเครื่องบินชอบทำอะไร	yuu bon khrueng bin chop tham arai	yūˋ bhon krɯ̄angˋ bhin chɔ̄pˋ tam aˇ rai	在飛機上喜歡做什麼？	engine-auto	
ชอบอาหารบนเครื่องบินไหม	chop ahaan bon khrueng bin mai	chɔ̄pˋ ā hānˊ bhon krɯ̄angˋ bhin maiˊ	喜歡飛機上的食物嗎？	engine-auto	
ชั้นล่าง	chan laang	chan~ lāngˋ	樓下；下面	engine-auto	
ใต้	tai	daiˋ	下 (Under)	engine-auto	
ใต้เก้าอี้	tai kao i	daiˋ gāuˋ īˋ	椅子下面	engine-auto	
ภาคใต้	phak tai	pākˋ daiˋ	南部	engine-auto	
แมวอยู่ใต้เก้าอี้	maeo yuu tai kao i	mɛ̄u yūˋ daiˋ gāuˋ īˋ	貓在椅子下面	engine-auto	
หนังสืออยู่ใต้เก้าอี้	nangseu yuu tai kao i	nangˊ sɯ̄ˊ yūˋ daiˋ gāuˋ īˋ	書在椅子下面	engine-auto	
ใต้ที่นั่ง	tai thi nang	daiˋ tīˋ nangˋ	座位下面	engine-auto	
ชั้นใต้ดิน	chan tai din	chan~ daiˋ dhin	地下樓層	engine-auto	
อยู่ชั้นใต้ดิน	yuu chan tai din	yūˋ chan~ daiˋ dhin	在地下樓層	engine-auto	
ดิน	din	dhin	土	engine-auto	
ที่ดิน	thi din	tīˋ dhin	土地	engine-auto	
ดินสอ	din so	dhin sɔ̄ˊ	鉛筆	engine-auto	
ซุปเปอร์มาร์เก็ตอยู่ชั้นใต้ดิน	super market yuu chan tai din	sup~ bə̄ mā getˇ yūˋ chan~ daiˋ dhin	超市在地下樓層	engine-auto	
อยู่ใต้ทะเล	yuu tai thale	yūˋ daiˋ ta~ lē	在海底	engine-auto	
ปลาอยู่ใต้ทะเล	pla yuu tai thale	blā yūˋ daiˋ ta~ lē	魚在海底	engine-auto	
หน้า	naa	nāˋ	前面	engine-auto	
หลัง	lang	langˊ	後面	engine-auto	
ก้าวหน้า	kao naa	gāuˋ nāˋ	進步	engine-auto	
ภาษาไทยก้าวหน้าเยอะ	phasa thai kao naa yoe	pā sāˊ tai gāuˋ nāˋ yə~	泰文進步很多	engine-auto	
หน้าบ้าน	naa baan	nāˋ bhānˋ	房子前面/家前面	engine-auto	
อยู่หน้าบ้าน	yuu naa baan	yūˋ nāˋ bhānˋ	在家前面	engine-auto	
หมาอยู่หน้าบ้าน	maa yuu naa baan	māˊ yūˋ nāˋ bhānˋ	狗在家前面	engine-auto	
อยู่หน้าวัด	yuu naa wat	yūˋ nāˋ wat~	在寺廟前面	engine-auto	
ตลาดอยู่หน้าวัด	talat yuu naa wat	daˇ lātˋ yūˋ nāˋ wat~	市場在寺廟前面	engine-auto	
อยู่หน้าประตู	yuu naa pratuu	yūˋ nāˋ braˇ dū	在門前面	engine-auto	
เปิดประตู	poet pratuu	bə̄tˇ braˇ dū	開門	engine-auto	
ไม่กล้าก็จะไม่มีวันก้าวหน้า	mai glaa ko ja mai mi wan kao naa	maiˋ glāˋ gɔ̄ˋ jaˇ maiˋ mī wan gāuˋ nāˋ	不敢就不會進步	engine-auto	
กล้า	glaa	glāˋ	敢	engine-auto	
ไม่กล้า	mai glaa	maiˋ glāˋ	不敢	engine-auto	
ต้องกล้า	tong glaa	dɔ̄ngˋ glāˋ	要敢	engine-auto	
กล้ากินไหม	glaa kin mai	glāˋ gin maiˊ	敢吃嗎？	engine-auto	
ไม่กล้าไป	mai glaa pai	maiˋ glāˋ bai	不敢去	engine-auto	
แถวหลัง	thaeo lang	tɛ̄uˊ langˊ	後排	engine-auto	
ซื้อตั๋วแถวหลัง	seu tua thaeo lang	sɯ̄~ dūaˊ tɛ̄uˊ langˊ	買後排的票	engine-auto	
ห้าง	haang	hāngˋ	百貨公司	book-exact	(book-exact已用引擎重新驗證)
หลังห้าง	lang haang	langˊ hāngˋ	百貨公司後面	engine-auto	
ห้างโซโก้	haang sogo	hāngˋ sō gōˋ	Sogo百貨	engine-auto	
หลังห้างมีตลาด	lang haang mi talat	langˊ hāngˋ mī daˇ lātˋ	百貨公司後面有市場	engine-auto	
ไปเดินห้าง	pai dern haang	bai dhə̄n hāngˋ	逛百貨公司	engine-auto	
ไกล	klai	glai	遠	engine-auto	
ใกล้	glai	glaiˋ	近	engine-auto	
ไปไกลๆหน่อย	pai klai klai noi	bai glai glai nɔ̄iˇ	離我遠一點	engine-auto	
มาใกล้ๆหน่อย	ma glai glai noi	mā glaiˋ glaiˋ nɔ̄iˇ	來近一點	engine-auto	
โรงแรม	rong raem	rōng rɛ̄m	飯店/旅館	engine-auto	
โรงแรมชื่ออะไร	rong raem chue arai	rōng rɛ̄m chɯ̄ˋ aˇ rai	飯店叫什麼名字？	engine-auto	
อยู่โรงแรมไหน	yuu rong raem nai	yūˋ rōng rɛ̄m naiˊ	住在哪間飯店？	engine-auto	
อยู่โรงแรมอะไร	yuu rong raem arai	yūˋ rōng rɛ̄m aˇ rai	住什麼飯店？	engine-auto	
โรง	rong	rōng	(字首) ...地方	book-exact	(book-exact已用引擎重新驗證)
โรงเรียน	rong rian	rōng rīan	學校	engine-auto	
เรียน	rian	rīan	學習/上課	book-exact	(book-exact已用引擎重新驗證)
โรงอาหาร	rong ahaan	rōng ā hānˊ	(公司/工廠) 餐廳	engine-auto	
โรงหนัง	rong nang	rōng nangˊ	電影院	engine-auto	
แถว	thaeo	tɛ̄uˊ	排	engine-auto	
นั่งแถวหน้า	nang thaeo naa	nangˋ tɛ̄uˊ nāˋ	坐前排	engine-auto	
นั่งแถวหลัง	nang thaeo lang	nangˋ tɛ̄uˊ langˊ	坐後排	engine-auto	
ติด	tid	ditˇ	貼近/靠近	engine-auto	
แถวนี้รถติดมาก	thaeo ni rot tid mak	tɛ̄uˊ nī~ rot~ ditˇ mākˋ	這一帶很塞車	engine-auto	
รถติด	rot tid	rot~ ditˇ	塞車	engine-auto	
ติดใจ	tid jai	ditˇ jai	印象深刻/念念不忘	engine-auto	
กินแล้วติดใจมาก	kin laew tid jai mak	gin lɛ̄u~ ditˇ jai mākˋ	吃了念念不忘	engine-auto	
ที่นั่งติดทางเดิน	thi nang tid thang dern	tīˋ nangˋ ditˇ tāng dhə̄n	靠走道的位置	engine-auto	
หน้าต่าง	nataang	nāˋ dāngˇ	窗戶	engine-auto	
ที่นั่งติดหน้าต่าง	thi nang tid nataang	tīˋ nangˋ ditˇ nāˋ dāngˇ	靠窗的位置	engine-auto	
ขอห้องติดกัน	kho hong tid kan	kɔ̄ˊ hɔ̄ngˋ ditˇ gan	要隔壁相連的房間	engine-auto	
คอนโด	condo	kɔ̄n dhō	公寓	engine-auto	
คอนโดติดรถไฟฟ้า	condo tid rot fai faa	kɔ̄n dhō ditˇ rot~ fai fā~	靠近捷運的公寓	engine-auto	
ขึ้น	khuen	kɯnˋ	上 (動詞)	engine-auto	
ขึ้นลิฟต์	khuen lift	kɯnˋ lip~	搭電梯	engine-auto	
ขึ้นไปข้างบน	khuen pai khaang bon	kɯnˋ bai kāngˋ bhon	上去上面	engine-auto	
ต้องขึ้นไปข้างบน	tong khuen pai khaang bon	dɔ̄ngˋ kɯnˋ bai kāngˋ bhon	要上去上面	engine-auto	
ลง	long	long	下 (動詞)	book-exact	(book-exact已用引擎重新驗證)
บันไดเลื่อน	bandai leuan	bhan dhai lɯ̄anˋ	手扶梯	engine-auto	
บันได	bandai	bhan dhai	樓梯	engine-auto	
เลื่อน	leuan	lɯ̄anˋ	移動	engine-auto	
ลงบันไดเลื่อน	long bandai leuan	long bhan dhai lɯ̄anˋ	搭手扶梯下去	engine-auto	
ทางเลื่อน	thang leuan	tāng lɯ̄anˋ	平面手扶梯/自動步道	engine-auto	
ลงไปข้างล่าง	long pai khaang laang	long bai kāngˋ lāngˋ	下去下面	engine-auto	
ลงรถ	long rot	long rot~	下車	engine-auto	
ลงรถที่ไหน	long rot thi nai	long rot~ tīˋ naiˊ	在哪裡下車？	engine-auto	
ลงจากเครื่องบิน	long jak khrueng bin	long jākˇ krɯ̄angˋ bhin	下飛機	engine-auto	
จาก	jak	jākˇ	從	engine-auto	
ฉันลงจากเครื่องบินแล้ว	chan long jak khrueng bin laew	chanˊ long jākˇ krɯ̄angˋ bhin lɛ̄u~	我下飛機了	engine-auto	
ช่วย...ให้หน่อย	chuai ... hai noi	chūayˋ...haiˋ nɔ̄iˇ	請幫我...一下	engine-auto	
ช่วยพูดให้หน่อย	chuai phut hai noi	chūayˋ pūtˋ haiˋ nɔ̄iˇ	請幫我說	engine-auto	
ช่วยทำให้หน่อย	chuai tham hai noi	chūayˋ tam haiˋ nɔ̄iˇ	請幫我做...	engine-auto	
มีอะไรอยากถามไหม	mi arai yak tham mai	mī aˇ rai yākˋ tāmˊ maiˊ	有什麼想問的嗎？	engine-auto	
ตรง	trong	drong	直、正	engine-auto	
ผมเป็นคนตรงไปตรงมา	phom pen khon trong pai trong maa	pomˊ ben kon drong bai drong mā	我是直來直往的人 (男)	engine-auto	
ฉันเป็นคนตรงไปตรงมา	chan pen khon trong pai trong maa	chanˊ ben kon drong bai drong mā	我是直來直往的人 (女)	engine-auto	
ตรงไป	trong pai	drong bai	直走	engine-auto	
ผมถามคุณตรงๆ	phom tham khun trong trong	pomˊ tāmˊ kun drong drong	我直接問你 (男)	engine-auto	
ผมถามคุณตรงๆ ได้ไหมครับ	phom tham khun trong trong dai mai krap	pomˊ tāmˊ kun drong drong dhaiˋ maiˊ krap~	我可以直接問你嗎？ (男)	engine-auto	
ผมก็พูดตรงๆ นะ	phom ko phut trong trong na	pomˊ gɔ̄ˋ pūtˋ drong drong na~	我也直接說啊 (男)	engine-auto	
ตรงเวลา	trong wela	drong wē lā	準時	engine-auto	
กินข้าวไม่ตรงเวลา	kin khao mai trong wela	gin kāuˋ maiˋ drong wē lā	不準時吃飯	book-exact	(book-exact已用引擎重新驗證)
ออก	ok	ɔ̄kˇ	出、出去、出發	engine-auto	
อ่านไม่ออก	an mai ok	ānˇ maiˋ ɔ̄kˇ	讀不出來	engine-auto	
รถออกไม่ตรงเวลา	rot ok mai trong wela	rot~ ɔ̄kˇ maiˋ drong wē lā	車子不準時出發	engine-auto	
ทำไมรถออกไม่ตรงเวลา	tammai rot ok mai trong wela	tam mai rot~ ɔ̄kˇ maiˋ drong wē lā	為什麼車子不準時出發？	engine-auto	
เขามาตรงเวลามาก	khao maa trong wela mak	kāuˊ mā drong wē lā mākˋ	他/她來得很準時	engine-auto	
มาไม่ตรงเวลา	maa mai trong wela	mā maiˋ drong wē lā	來不準時	engine-auto	
รถติด	rot tid	rot~ ditˇ	塞車	engine-auto	
ข้าม	kham	kāmˋ	跨越、過	engine-auto	
นั่งเรือข้ามแม่น้ำ	nang ruea kham mae nam	nangˋ rɯ̄a kāmˋ mɛ̄ˋ nām~	坐船過河	engine-auto	
ว่ายน้ำข้ามแม่น้ำ	wai nam kham mae nam	wāiˋ nām~ kāmˋ mɛ̄ˋ nām~	游泳過河	engine-auto	
ข้ามสะพาน	kham saphan	kāmˋ saˇ pān	過橋	engine-auto	
สะพาน	saphan	saˇ pān	橋	book-exact	(book-exact已用引擎重新驗證)
ขอถามหน่อยครับ	kho tham noi krap	kɔ̄ˊ tāmˊ nɔ̄iˇ krap~	請問一下 (男)	engine-auto	
ขอถามหน่อยค่ะ	kho tham noi kha	kɔ̄ˊ tāmˊ nɔ̄iˇ kaˋ	請問一下 (女)	engine-auto	
ร้านอาหารอยู่ที่ไหน	raan ahaan yuu thi nai	rān~ ā hānˊ yūˋ tīˋ naiˊ	餐廳在哪裡？	engine-auto	
ข้ามสะพาน แล้วก็ เดินตรงไป	kham saphan laew ko dern trong pai	kāmˋ saˇ pān lɛ̄u~ gɔ̄ˋ dhə̄n drong bai	過橋，然後直走	engine-auto	
แล้วก็เดินตรงไป	laew ko dern trong pai	lɛ̄u~ gɔ̄ˋ dhə̄n drong bai	然後直走	engine-auto	
ร้านอาหารอยู่ข้างซ้าย	raan ahaan yuu khaang saai	rān~ ā hānˊ yūˋ kāngˋ sāi~	餐廳在左邊	engine-auto	
สะพานลอย	saphan loi	saˇ pān lɔ̄i	天橋	engine-auto	
เดินขึ้นสะพานลอย	dern khuen saphan loi	dhə̄n kɯnˋ saˇ pān lɔ̄i	走上天橋	engine-auto	
ขึ้น	khuen	kɯnˋ	上、往上	engine-auto	
ข้ามสะพานลอย ดีกว่า	kham saphan loi di kwa	kāmˋ saˇ pān lɔ̄i dhī gwāˇ	過天橋比較好	engine-auto	
บน	bon	bhon	在...上面	engine-auto	
บนฟุตบาท	bon fut baat	bhon fut~ bhātˇ	在人行道上	engine-auto	
ขี่มอเตอร์ไซค์บนฟุตบาท	khi motor-sai bon fut baat	kīˇ mɔ̄ də̄ sai bhon fut~ bhātˇ	在人行道上騎摩托車	engine-auto	
ขี่มอเตอร์ไซค์บนฟุตบาท ไม่ดี	khi motor-sai bon fut baat mai di	kīˇ mɔ̄ də̄ sai bhon fut~ bhātˇ maiˋ dhī	在人行道上騎摩托車，不好	engine-auto	
ใต้	tai	daiˋ	在...下面	engine-auto	
นั่งอยู่ใต้โต๊ะ	nang yuu tai to	nangˋ yūˋ daiˋ do~	坐在桌子下面	engine-auto	
หนังสืออยู่ใต้เก้าอี้	nangseu yuu tai kao i	nangˊ sɯ̄ˊ yūˋ daiˋ gāuˋ īˋ	書在椅子下面	engine-auto	
รถอยู่ชั้นใต้ดิน	rot yuu chan tai din	rot~ yūˋ chan~ daiˋ dhin	車子在地下樓	engine-auto	
ใต้ทะเลมีอะไร	tai thale mi arai	daiˋ ta~ lē mī aˇ rai	海底有什麼？	engine-auto	
ใต้ทะเลมีกุ้ง	tai thale mi kung	daiˋ ta~ lē mī gungˋ	海底有蝦	engine-auto	
ใต้ทะเลมีหอย	tai thale mi hoi	daiˋ ta~ lē mī hɔ̄iˊ	海底有貝類	engine-auto	
ใต้ทะเลมีปู	tai thale mi pu	daiˋ ta~ lē mī bū	海底有螃蟹	engine-auto	
ใต้ทะเลมีปลา	tai thale mi pla	daiˋ ta~ lē mī blā	海底有魚	engine-auto	
เครื่องบินขึ้น	khrueng bin khuen	krɯ̄angˋ bhin kɯnˋ	飛機起飛	engine-auto	
ขึ้นเครื่องบิน	khuen khrueng bin	kɯnˋ krɯ̄angˋ bhin	搭飛機	engine-auto	
ไปเมืองนอก	pai mueang nok	bai mɯ̄ang nɔ̄kˋ	去國外	engine-auto	
เมือง	mueang	mɯ̄ang	國家、城市	engine-auto	
เมืองไทย	mueang thai	mɯ̄ang tai	泰國	engine-auto	
เมืองจีน	mueang jeen	mɯ̄ang jīn	中國	engine-auto	
นอก	nok	nɔ̄kˋ	外面	engine-auto	
ขึ้นเครื่องบินไปเมืองนอก	khuen khrueng bin pai mueang nok	kɯnˋ krɯ̄angˋ bhin bai mɯ̄ang nɔ̄kˋ	搭飛機去國外	engine-auto	
ลง	long	long	下、往下	book-exact	(book-exact已用引擎重新驗證)
เครื่องบินลง	khrueng bin long	krɯ̄angˋ bhin long	飛機降落	engine-auto	
เดี๋ยวเจอกันนะ	diao joe gan na	dhīauˊ jə̄ gan na~	等會見喔	engine-auto	
บันได	bandai	bhan dhai	樓梯 / 電扶梯	engine-auto	
บันได เลื่อน	bandai leuan	bhan dhai lɯ̄anˋ	電扶梯	engine-auto	
ขึ้น บันได ไป ชั้น บน	khuen bandai pai chan bon	kɯnˋ bhan dhai bai chan~ bhon	上樓梯去樓上	engine-auto	
ลง บันได ไป ชั้น ล่าง	long bandai pai chan laang	long bhan dhai bai chan~ lāngˋ	下樓梯去樓下	engine-auto	
ข้าง ล่าง	khaang laang	kāngˋ lāngˋ	下面 / 樓下	engine-auto	
ทำไม ไม่ เลื่อน	tammai mai leuan	tam mai maiˋ lɯ̄anˋ	為什麼沒有移動	engine-auto	
เลื่อน	leuan	lɯ̄anˋ	移動	engine-auto	
ช่วย พูด ให้ หน่อย	chuai phut hai noi	chūayˋ pūtˋ haiˋ nɔ̄iˇ	請幫我說一下	engine-auto	
ผม ไม่ กล้า พูด	phom mai glaa phut	pomˊ maiˋ glāˋ pūtˋ	我不敢說 (男)	engine-auto	
ช่วย พูด ให้ หน่อย ผม ไม่ กล้า พูด	chuai phut hai noi phom mai glaa phut	chūayˋ pūtˋ haiˋ nɔ̄iˇ pomˊ maiˋ glāˋ pūtˋ	請幫我說一下，我不敢說 (男)	engine-auto	
มี อะไร อยาก ถาม ไหม ครับ	mi arai yaak tham mai krap	mī aˇ rai yākˋ tāmˊ maiˊ krap~	有什麼想問的嗎？	engine-auto	
คิด	kit	kit~	想	engine-auto	
กล้า	glaa	glāˋ	敢	engine-auto	
ไม่ กล้า ก็ จะ ไม่ มี วัน ก้าว หน้า	mai glaa ko ja mai mi wan kao naa	maiˋ glāˋ gɔ̄ˋ jaˇ maiˋ mī wan gāuˋ nāˋ	不敢就不會有進步的一天	engine-auto	
คุณ กล้า กิน ไหม	khun glaa kin mai	kun glāˋ gin maiˊ	你敢吃嗎？	engine-auto	
กิน แล้ว จะ ติด ใจ	kin laew ja tid jai	gin lɛ̄u~ jaˇ ditˇ jai	吃了會念念不忘	engine-auto	
ติด	tid	ditˇ	黏	engine-auto	
ใจ	jai	jai	心	engine-auto	
คิด อยู่ ใน ใจ	kit yuu nai jai	kit~ yūˋ nai jai	在心裡想著	engine-auto	
คิด ไม่ ออก	kit mai ok	kit~ maiˋ ɔ̄kˇ	想不出來	engine-auto	
ใน ใจ เขา คิด อะไร	nai jai khao kit arai	nai jai kāuˊ kit~ aˇ rai	他心裡想什麼	engine-auto	
คิด ออก แล้ว	kit ok laew	kit~ ɔ̄kˇ lɛ̄u~	我想出來了	engine-auto	
ติด กาแฟ	tid ka-fae	ditˇ gā fɛ̄	(我)對咖啡上癮	engine-auto	
ที่ นั่ง ติด หน้าต่าง	thi nang tid nataang	tīˋ nangˋ ditˇ nāˋ dāngˇ	座位靠近窗戶	engine-auto	
หน้าต่าง	nataang	nāˋ dāngˇ	窗戶	engine-auto	
ที่ นั่ง ติด ทาง เดิน	thi nang tid thang dern	tīˋ nangˋ ditˇ tāng dhə̄n	座位靠近走道	engine-auto	
ทาง เดิน	thang dern	tāng dhə̄n	走道	engine-auto	
รถ ติด	rot tid	rot~ ditˇ	塞車	engine-auto	
วัน นี้ รถ ติด มาก	wan ni rot tid mak	wan nī~ rot~ ditˇ mākˋ	今天很塞車	engine-auto	
ที่ ไหน ก็ รถ ติด	thi nai ko rot tid	tīˋ naiˊ gɔ̄ˋ rot~ ditˇ	哪裡都塞車	engine-auto	
ทำไม รถ ติด อย่าง นี้	tammai rot tid yang nii	tam mai rot~ ditˇ yāngˋ nī~	為什麼這麼塞車呢？	engine-auto	
โรตี	roti	rō dī	煎餅 (Roti)	engine-auto	
โรงแรม	rong raem	rōng rɛ̄m	飯店、旅館	engine-auto	
โรงแรม อยู่ แถว ไหน	rong raem yuu thaeo nai	rōng rɛ̄m yūˋ tɛ̄uˊ naiˊ	飯店在哪一帶呢？	engine-auto	
อยู่ แถว สุขุมวิท	yuu thaeo sukhumwit	yūˋ tɛ̄uˊ suˇ kumˊ wit~	在蘇坤蔚一帶	engine-auto	
สถานี รถ ไฟ ฟ้า	sathani rot fai faa	saˇ tāˊ nī rot~ fai fā~	捷運站	engine-auto	
โรงแรม อยู่ ใกล้ๆ สถานี รถ ไฟ ฟ้า	rong raem yuu glai glai sathani rot fai faa	rōng rɛ̄m yūˋ glaiˋ glaiˋ saˇ tāˊ nī rot~ fai fā~	飯店在捷運站附近	engine-auto	
สถานี	sathani	saˇ tāˊ nī	站	engine-auto	
โรงแรม อยู่ ใกล้ รถ ไฟ ฟ้า	rong raem yuu glai rot fai faa	rōng rɛ̄m yūˋ glaiˋ rot~ fai fā~	飯店在捷運附近	engine-auto	
โรงแรม อยู่ ใกล้ BTS	rong raem yuu glai BTS	rōng rɛ̄m yūˋ glaiˋ BTS	飯店靠近BTS	engine-auto	
ใน	nai	nai	在...裡	engine-auto	
ของ ใน ตู้ เย็น	khong nai tu yen	kɔ̄ngˊ nai dūˋ yen	冰箱裡的東西	engine-auto	
น้ำ ใน ตู้ เย็น กิน ได้ ไหม	nam nai tu yen kin dai mai	nām~ nai dūˋ yen gin dhaiˋ maiˊ	冰箱裡的水可以喝嗎？	engine-auto	
ช็อกโกแลต ใน ตู้ เย็น กิน ได้ ไหม	chokkolat nai tu yen kin dai mai	chɔ̄kˋ gō lɛ̄tˋ nai dūˋ yen gin dhaiˋ maiˊ	冰箱裡的巧克力可以吃嗎？	engine-auto	
นอก	nok	nɔ̄kˋ	外	engine-auto	
ข้าง นอก	khaang nok	kāngˋ nɔ̄kˋ	外面	engine-auto	
ไป กิน ข้าง นอก	pai kin khaang nok	bai gin kāngˋ nɔ̄kˋ	去外面吃	engine-auto	
เมือง นอก	mueang nok	mɯ̄ang nɔ̄kˋ	國外	engine-auto	
ไป เที่ยว เมือง นอก	pai thiao mueang nok	bai tīauˋ mɯ̄ang nɔ̄kˋ	去國外玩	engine-auto	
นอก ใจ	nok jai	nɔ̄kˋ jai	劈腿	engine-auto	
เขา นอก ใจ	khao nok jai	kāuˊ nɔ̄kˋ jai	他/她劈腿	engine-auto	
นอก จาก ... แล้ว	nok chak ... laew	nɔ̄kˋ jākˇ ... lɛ̄u~	除了...之外	engine-auto	
นอก จาก เนื้อ แล้ว อะไร ก็ กิน	nok chak nuea laew arai ko kin	nɔ̄kˋ jākˇ nɯ̄a~ lɛ̄u~ aˇ rai gɔ̄ˋ gin	除了牛肉我什麼都吃	engine-auto	
หลัง	lang	langˊ	後面 / 背	engine-auto	
เมื่อย หลัง	mueai lang	mɯ̄aiˋ langˊ	背好酸	engine-auto	
หลัง ห้าง	lang haang	langˊ hāngˋ	百貨公司後面	engine-auto	
หลัง ห้าง มี ตลาด	lang haang mi talat	langˊ hāngˋ mī daˇ lātˋ	百貨公司後面有市場	engine-auto	
หลัง โรงแรม	lang rong raem	langˊ rōng rɛ̄m	飯店後面	engine-auto	
แถว	thaeo	tɛ̄uˊ	一帶 / 排	engine-auto	
แถว หน้า	thaeo naa	tɛ̄uˊ nāˋ	前排	engine-auto	
แถว หลัง	thaeo lang	tɛ̄uˊ langˊ	後排	engine-auto	
แถว หน้า หรือ แถว หลัง	thaeo naa rue thaeo lang	tɛ̄uˊ nāˋ rɯ̄ˊ tɛ̄uˊ langˊ	前排還是後排？	engine-auto	
คุณ จอง ที่ นั่ง แถว หน้า หรือ แถว หลัง	khun jong thi nang thaeo naa rue thaeo lang	kun jɔ̄ng tīˋ nangˋ tɛ̄uˊ nāˋ rɯ̄ˊ tɛ̄uˊ langˊ	你訂的位子是前排還是後排？	engine-auto	
คุณ จอง ที่ นั่ง	khun jong thi nang	kun jɔ̄ng tīˋ nangˋ	你訂位子	engine-auto	
เข้า แถว	khao thaeo	kāuˋ tɛ̄uˊ	排隊	engine-auto	
เข้า	khao	kāuˋ	進入	book-exact	(book-exact已用引擎重新驗證)
เข้า ใจ	khao jai	kāuˋ jai	懂、明白	engine-auto	
ต้อง เข้า แถว	tong khao thaeo	dɔ̄ngˋ kāuˋ tɛ̄uˊ	得排隊	engine-auto	
อยาก ซื้อ กระเป๋า ต้อง เข้า แถว	yaak seu krapao tong khao thaeo	yākˋ sɯ̄~ graˇ bāuˊ dɔ̄ngˋ kāuˋ tɛ̄uˊ	想買包包，得排隊	engine-auto	
แถว ไทเป 101	thaeo taipei 101	tɛ̄uˊ tai bē 101	台北101附近	engine-auto	
แถว ไทเป 101 มี ห้าง เยอะ	thaeo taipei 101 mi haang yoe	tɛ̄uˊ tai bē 101 mī hāngˋ yə~	台北101附近有很多百貨公司	engine-auto	
แถว สุขุมวิท มี ห้าง เยอะ	thaeo sukhumwit mi haang yoe	tɛ̄uˊ suˇ kumˊ wit~ mī hāngˋ yə~	蘇坤威一帶有很多百貨公司	engine-auto	
ว่าง	waang	wāngˋ	有空 / 空的	engine-auto	
ว่างไหม	waang mai	wāngˋ maiˊ	你有空嗎？	engine-auto	
ว่างๆๆ	waang waang waang	wāngˋ wāngˋ wāngˋ	有空有空有空	engine-auto	
ไม่ว่าง	mai waang	maiˋ wāngˋ	沒空	engine-auto	
ห้องว่าง	hong waang	hɔ̄ngˋ wāngˋ	空房	engine-auto	
ที่นั่งว่าง	thi nang waang	tīˋ nangˋ wāngˋ	空位	engine-auto	
วันอังคาร ว่างไหม	wan angkhan waang mai	wan ang kān wāngˋ maiˊ	星期二有空嗎？	engine-auto	
วันพุธ ว่างไหม	wan phut waang mai	wan put~ wāngˋ maiˊ	星期三有空嗎？	engine-auto	
วันศุกร์ ว่างไหม	wan suk waang mai	wan sukˇ wāngˋ maiˊ	星期五有空嗎？	engine-auto	
วันเสาร์ ว่างไหม	wan sao waang mai	wan sāuˊ wāngˋ maiˊ	星期六有空嗎？	engine-auto	
วันอาทิตย์ ว่างไหม	wan a-thit waang mai	wan ā tit~ wāngˋ maiˊ	星期天有空嗎？	engine-auto	
เสาร์อาทิตย์นี้ ว่างไหม	sao a-thit nii waang mai	sāuˊ ā tit~ nī~ wāngˋ maiˊ	這個週末有空嗎？	engine-auto	
แล้วคุณล่ะ	laew khun la	lɛ̄u~ kun laˋ	你呢？	engine-auto	
จะ	ja	jaˇ	將要	engine-auto	
กลับ	klap	glapˇ	回	engine-auto	
กลับบ้าน	klap baan	glapˇ bhānˋ	回家	engine-auto	
กลับมา	klap maa	glapˇ mā	回來	engine-auto	
เมื่อไหร่	muea-rai	mɯ̄aˋ raiˇ	什麼時候	engine-auto	
จะไปเมืองไทยเมื่อไหร่	ja pai mueang thai muea-rai	jaˇ bai mɯ̄ang tai mɯ̄aˋ raiˇ	什麼時候要去泰國？	engine-auto	
จะแต่งงานเมื่อไหร่	ja taeng-ngaan muea-rai	jaˇ dɛ̄ngˇ ngān mɯ̄aˋ raiˇ	什麼時候要結婚？	engine-auto	
เมื่อไหร่จะกลับมา	muea-rai ja klap maa	mɯ̄aˋ raiˇ jaˇ glapˇ mā	什麼時候要回來？ (另一種說法)	engine-auto	
วันนี้วันอะไร	wan-ni wan arai	wan nī~ wan aˇ rai	今天星期幾？	engine-auto	
วันนี้วันที่เท่าไหร่	wan-ni wan-thi thao-rai	wan nī~ wan tīˋ tāuˋ raiˇ	今天幾號？	engine-auto	
วันที่ 4 เดือน 3	wan-thi 4 duen 3	wan tīˋ 4 dhɯ̄an 3	4號3月	engine-auto	
วันอังคาร	wan angkhan	wan ang kān	星期二	engine-auto	
วันพุธ	wan phut	wan put~	星期三	engine-auto	
วันศุกร์	wan suk	wan sukˇ	星期五	engine-auto	
สุขสันต์วันเกิด	suk-san wan koet	sukˇ sanˊ wan gə̄tˇ	生日快樂	engine-auto	
ขอให้มีความสุขเยอะๆ	kho hai mi khwam-suk yoe-yoe	kɔ̄ˊ haiˋ mī kwām sukˇ yə~ yə~	祝你幸福快樂	engine-auto	
วันเสาร์	wan sao	wan sāuˊ	星期六	engine-auto	
วันอาทิตย์	wan a-thit	wan ā tit~	星期日	engine-auto	
1 อาทิตย์ มี 7 วัน	1 a-thit mi 7 wan	1 ā tit~ mī 7 wan	一個星期有七天	engine-auto	
ไปญี่ปุ่น 2 อาทิตย์	pai yi-pun 2 a-thit	bai yīˋ bunˇ 2 ā tit~	我去日本兩個禮拜	engine-auto	
วันอาทิตย์นี้	wan a-thit nii	wan ā tit~ nī~	這個星期天	engine-auto	
วันที่	wan-thi	wan tīˋ	...號 (日期)	engine-auto	
วันที่ 1	wan-thi 1	wan tīˋ 1	1號	engine-auto	
วันที่ 2	wan-thi 2	wan tīˋ 2	2號	engine-auto	
วันที่ 3	wan-thi 3	wan tīˋ 3	3號	engine-auto	
วันที่ 4	wan-thi 4	wan tīˋ 4	4號	engine-auto	
วันที่ 5	wan-thi 5	wan tīˋ 5	5號	engine-auto	
วันที่ 6	wan-thi 6	wan tīˋ 6	6號	engine-auto	
วันที่ 7	wan-thi 7	wan tīˋ 7	7號	engine-auto	
วันนี้วันวาเลนไทน์	wan-ni wan wa-len-thai	wan nī~ wan wā lēn tai	今天是情人節	engine-auto	
วันนี้วันคริสต์มาส	wan-ni wan khrit-mas	wan nī~ wan krit~ mātˋ	今天是聖誕節	engine-auto	
วันนี้ วันอังคาร	wan-ni wan angkhan	wan nī~ wan ang kān	今天是星期二	engine-auto	
วันนี้ วันพุธ	wan-ni wan phut	wan nī~ wan put~	今天是星期三	engine-auto	
วันนี้ วันศุกร์	wan-ni wan suk	wan nī~ wan sukˇ	今天是星期五	engine-auto	
วันนี้ วันเสาร์	wan-ni wan sao	wan nī~ wan sāuˊ	今天是星期六	engine-auto	
วันนี้ วันอาทิตย์	wan-ni wan a-thit	wan nī~ wan ā tit~	今天是星期日	engine-auto	
วันพุธ สีเขียว	wan phut si khiao	wan put~ sīˊ kīauˊ	星期三綠色	engine-auto	
วันศุกร์ สีฟ้า	wan suk si faa	wan sukˇ sīˊ fā~	星期五藍色	engine-auto	
วันอาทิตย์ สีแดง	wan a-thit si daeng	wan ā tit~ sīˊ dhɛ̄ng	星期日紅色	engine-auto	
วันที่เท่าไหร่	wan-thi thao-rai	wan tīˋ tāuˋ raiˇ	...幾號	engine-auto	
วันนี้ วันที่ 16	wan-ni wan-thi 16	wan nī~ wan tīˋ 16	今天16號	engine-auto	
วันนี้ วันที่ 21	wan-ni wan-thi 21	wan nī~ wan tīˋ 21	今天21號	engine-auto	
วัน ทำ งาน	wan tham ngan	wan tam ngān	工作日 / 上班日	engine-auto	
ถึง	thueng	tɯngˊ	到	engine-auto	
คุณ ถึง ไหน แล้ว	khun thueng nai laew	kun tɯngˊ naiˊ lɛ̄u~	你到哪裡了？	engine-auto	
พูด ถึง ไหน แล้ว	phut thueng nai laew	pūtˋ tɯngˊ naiˊ lɛ̄u~	說到哪裡了？	engine-auto	
ฉัน ถึง แล้ว คุณ อยู่ ไหน	chan thueng laew khun yuu nai	chanˊ tɯngˊ lɛ̄u~ kun yūˋ naiˊ	我到了，你在哪？	engine-auto	
วัน หยุด	wan yut	wan yutˇ	假日 / 休息日	engine-auto	
หยุด	yut	yutˇ	停	engine-auto	
หยุด งาน	yut ngan	yutˇ ngān	停班	engine-auto	
หยุด เรียน	yut rian	yutˇ rīan	停課	engine-auto	
หยุด เรียน หยุด งาน	yut rian yut ngan	yutˇ rīan yutˇ ngān	停課停班	engine-auto	
วัน หยุด ยาว	wan yut yaao	wan yutˇ yāu	連假	engine-auto	
ยาว	yaao	yāu	長	engine-auto	
ผม ยาว	phom yaao	pomˊ yāu	長頭髮	engine-auto	
เสาร์ อาทิตย์	sao a-thit	sāuˊ ā tit~	週六日 / 週末	engine-auto	
เสาร์ อาทิตย์ หยุด	sao a-thit yut	sāuˊ ā tit~ yutˇ	六日休息	engine-auto	
ฉัน หยุด เสาร์ อาทิตย์	chan yut sao a-thit	chanˊ yutˇ sāuˊ ā tit~	我週六日休息	engine-auto	
วัน พระ	wan phra	wan pra~	佛日	engine-auto	
พระ	phra	pra~	佛	engine-auto	
ไป วัด	pai wat	bai wat~	去寺廟	engine-auto	
วัน พระ ไป วัด	wan phra pai wat	wan pra~ bai wat~	佛日去寺廟	engine-auto	
วัน พระ กิน เจ	wan phra kin je	wan pra~ gin jē	佛日吃素	engine-auto	
วัน นี้	wan nii	wan nī~	今天	engine-auto	
วัน นี้ ไป เที่ยว	wan nii pai thiao	wan nī~ bai tīauˋ	今天去玩	engine-auto	
วัน นี้ เรียน ภาษา ไทย	wan nii rian phasaa thai	wan nī~ rīan pā sāˊ tai	今天學泰文	engine-auto	
วัน นี้ ไม่ สบาย	wan nii mai sabai	wan nī~ maiˋ saˇ bhāi	今天不舒服	engine-auto	
วัน หลัง	wan lang	wan langˊ	改天	engine-auto	
วัน นี้ ไม่ ว่าง	wan nii mai waang	wan nī~ maiˋ wāngˋ	今天沒空	engine-auto	
วัน หลัง ได้ ไหม	wan lang dai mai	wan langˊ dhaiˋ maiˊ	改天可以嗎？	engine-auto	
วัน หลัง มา ใหม่ นะ คะ	wan lang maa mai na kha	wan langˊ mā maiˇ na~ ka~	改天再來喔	engine-auto	
วัน หลัง มา ใหม่	wan lang maa mai	wan langˊ mā maiˇ	改天再來	engine-auto	
ใหม่	mai	maiˇ	新的 / 再	book-exact	(book-exact已用引擎重新驗證)
เก่า ไม่ ไป ใหม่ ไม่ มา	kao mai pai mai mai maa	gāuˇ maiˋ bai maiˇ maiˋ mā	舊的不去，新的不來	engine-auto	
บ้าน ใหม่	baan mai	bhānˋ maiˇ	新房子	engine-auto	
แฟน ใหม่	faen mai	fɛ̄n maiˇ	新情人	engine-auto	
วัน ขึ้น ปี ใหม่	wan khuen pii mai	wan kɯnˋ bī maiˇ	新年 / 元旦	engine-auto	
วัน ที่ 1 เดือน 1	wan thi 1 duean 1	wan tīˋ 1 dhɯ̄an 1	1月1號	engine-auto	
ขึ้น	khuen	kɯnˋ	上	engine-auto	
ปี	pii	bī	年	engine-auto	
เดือน 1	duean 1	dhɯ̄an 1	一月 (數字)	engine-auto	
เดือน 2	duean 2	dhɯ̄an 2	二月 (數字)	engine-auto	
เดือน 3	duean 3	dhɯ̄an 3	三月 (數字)	engine-auto	
เดือน กุมภาพันธ์	duean kumpha phan	dhɯ̄an gum pā pan	二月份	engine-auto	
กุมภาพันธ์	kumpha phan	gum pā pan	二月 (名稱)	engine-auto	
สิง	sing	singˊ	獅子	engine-auto	
มีนา	mi naa	mī nā	三月 (口語)	engine-auto	
วัน นี้ มี อะไร อยาก ถาม ไหม คะ	wan nii mi arai yaak tham mai kha	wan nī~ mī aˇ rai yākˋ tāmˊ maiˊ ka~	今天有什麼想問的嗎？	engine-auto	
คิด	kit	kit~	想 (思考)	engine-auto	
คิด ถึง	kit thueng	kit~ tɯngˊ	想念	engine-auto	
คิด ถึง แฟน	kit thueng faen	kit~ tɯngˊ fɛ̄n	想念情人	engine-auto	
คิด ถึง เมือง ไทย	kit thueng mueang thai	kit~ tɯngˊ mɯ̄ang tai	想念泰國	engine-auto	
วัน นี้ ขอบคุณ มาก ค่ะ	wan nii khop khun mak kha	wan nī~ kɔ̄pˇ kun mākˋ kaˋ	今天非常謝謝	engine-auto	
รอแป๊บนึง	ror bpæp nueng	rɔ̄ bɛ̄p~ nɯng	等一下	engine-auto	
วันอะไร	wan arai	wan aˇ rai	星期幾	engine-auto	
วันนี้ วันอะไร	wan nee wan arai	wan nī~ wan aˇ rai	今天是星期幾	engine-auto	
สีเหลือง	see lueng	sīˊ lɯ̄angˊ	黃色	engine-auto	
วันอังคาร	wan angkhan	wan ang kān	星期二	engine-auto	
วันพุธ	wan pood	wan put~	星期三	engine-auto	
วันพุธ สีเขียว	wan pood see khiao	wan put~ sīˊ kīauˊ	星期三 綠色	engine-auto	
วันศุกร์	wan sook	wan sukˇ	星期五	engine-auto	
วันศุกร์ สีฟ้า	wan sook see faa	wan sukˇ sīˊ fā~	星期五 藍色	engine-auto	
วันเสาร์	wan sao	wan sāuˊ	星期六	engine-auto	
วันอาทิตย์	wan aa thit	wan ā tit~	星期日	engine-auto	
วันอาทิตย์ สีแดง	wan aa thit see daeng	wan ā tit~ sīˊ dhɛ̄ng	星期日 紅色	engine-auto	
เกิด	koet	gə̄tˇ	出生	engine-auto	
วันเกิด	wan koet	wan gə̄tˇ	生日	engine-auto	
สุขสันต์วันเกิด	suk san wan koet	sukˇ sanˊ wan gə̄tˇ	生日快樂	engine-auto	
คุณเกิดวันอะไร	khun koet wan arai	kun gə̄tˇ wan aˇ rai	你星期幾出生	engine-auto	
ฉันเกิดวันอังคาร	chan koet wan angkhan	chanˊ gə̄tˇ wan ang kān	我星期二出生	engine-auto	
รู้ไหมคะ	roo mai kha	rū~ maiˊ ka~	你知道嗎	engine-auto	
ฉันไม่รู้	chan mai roo	chanˊ maiˋ rū~	我不知道	engine-auto	
ฉันไม่รู้ ฉันเกิดวันอะไร	chan mai roo chan koet wan arai	chanˊ maiˋ rū~ chanˊ gə̄tˇ wan aˇ rai	我不知道我星期幾出生	engine-auto	
ไปเมืองไทย วันอะไร	bpai mueang thai wan arai	bai mɯ̄ang tai wan aˇ rai	星期幾去泰國	engine-auto	
ไปวันศุกร์	bpai wan sook	bai wan sukˇ	星期五去	engine-auto	
วันอังคาร มีเรื่องต้องทำเยอะ	wan angkhan mee rueang tong tham yer	wan ang kān mī rɯ̄angˋ dɔ̄ngˋ tam yə~	星期二有很多事情要做	engine-auto	
วันอังคาร ก็เลยไม่ว่าง	wan angkhan ko loei mai wang	wan ang kān gɔ̄ˋ lə̄i maiˋ wāngˋ	星期二所以沒空	engine-auto	
วันอังคาร ไม่ว่าง	wan angkhan mai wang	wan ang kān maiˋ wāngˋ	星期二沒空	engine-auto	
แล้ววันพุธล่ะ ว่างไหม	laew wan pood la wang mai	lɛ̄u~ wan put~ laˋ wāngˋ maiˊ	那星期三呢？有空嗎？	engine-auto	
วันพุธ ต้องไปทำฟัน	wan pood tong bpai tham fan	wan put~ dɔ̄ngˋ bai tam fan	星期三得去做牙齒	engine-auto	
วันศุกร์ ไปกินข้างนอก	wan sook bpai kin khang nok	wan sukˇ bai gin kāngˋ nɔ̄kˋ	星期五去外面吃飯	engine-auto	
วันเสาร์ อยู่บ้าน	wan sao yuu baan	wan sāuˊ yūˋ bhānˋ	星期六在家	engine-auto	
วันเสาร์ ไปซุปเปอร์มาร์เก็ต	wan sao bpai super market	wan sāuˊ bai sup~ bə̄ mā getˇ	星期六去超市	engine-auto	
ไปตลาด ซื้อผัก	bpai talad seu phak	bai daˇ lātˋ sɯ̄~ pakˇ	去市場買菜	engine-auto	
ไปซุปเปอร์มาร์เก็ต ซื้อผัก	bpai super market seu phak	bai sup~ bə̄ mā getˇ sɯ̄~ pakˇ	去超市買菜	engine-auto	
วันเสาร์ ไปซุปเปอร์มาร์เก็ต ซื้อผัก	wan sao bpai super market seu phak	wan sāuˊ bai sup~ bə̄ mā getˇ sɯ̄~ pakˇ	星期六去超市買菜	engine-auto	
วันอาทิตย์ หยุด 1 วัน	wan aa thit yoot neung wan	wan ā tit~ yutˇ 1 wan	星期日休息一天	engine-auto	
วันอาทิตย์ ร้านปิด	wan aa thit ran pit	wan ā tit~ rān~ bitˇ	星期日店關	engine-auto	
ปิด	pit	bitˇ	關	book-exact	(book-exact已用引擎重新驗證)
เสาร์ อาทิตย์ นี้ ไม่ว่าง	sao aa thit nee mai wang	sāuˊ ā tit~ nī~ maiˋ wāngˋ	這週六日 (這週末) 沒空	engine-auto	
เสาร์ อาทิตย์ นี้ ไปเที่ยวกับคุณไม่ได้	sao aa thit nee bpai thiao gap khun mai dai	sāuˊ ā tit~ nī~ bai tīauˋ gapˇ kun maiˋ dhaiˋ	這週末不能跟你去玩	engine-auto	
ไปเที่ยวกับคุณไม่ได้	bpai thiao gap khun mai dai	bai tīauˋ gapˇ kun maiˋ dhaiˋ	不能跟你去玩	engine-auto	
เดือนนี้ ไม่มีวันหยุด	duean nee mai mee wan yoot	dhɯ̄an nī~ maiˋ mī wan yutˇ	這個月沒有休假日	engine-auto	
เมืองไทย มีวันหยุดยาวเยอะ	mueang thai mee wan yoot yaow yer	mɯ̄ang tai mī wan yutˇ yāu yə~	泰國有很多長假	engine-auto	
หยุดเรียน	yoot rian	yutˇ rīan	停課	engine-auto	
หยุดงาน	yoot ngan	yutˇ ngān	停班	engine-auto	
เจอไฟแดง ต้องหยุด	jer fai daeng tong yoot	jə̄ fai dhɛ̄ng dɔ̄ngˋ yutˇ	遇到紅燈要停	engine-auto	
คุยกันไม่หยุด	khui gan mai yoot	kui gan maiˋ yutˇ	聊個不停	engine-auto	
หยุด เอาเงินมา	yoot ao ngoen maa	yutˇ au ngə̄n mā	停 (別動)，拿錢來	engine-auto	
วันพระ กินเจ	wan phra kin je	wan pra~ gin jē	佛日吃素	engine-auto	
วันพระ พระต้องอยู่วัด	wan phra phra tong yuu wat	wan pra~ pra~ dɔ̄ngˋ yūˋ wat~	佛日和尚要在廟裡面	engine-auto	
วันขึ้นปีใหม่	wan kheun pee mai	wan kɯnˋ bī maiˇ	新年 (元旦)	engine-auto	
วันขึ้นปีใหม่ ไป 101	wan kheun pee mai bpai 101	wan kɯnˋ bī maiˇ bai 101	元旦去101	engine-auto	
วันขึ้นปีใหม่ ไปวัด	wan kheun pee mai bpai wat	wan kɯnˋ bī maiˇ bai wat~	元旦去廟	engine-auto	
วันหลัง มาใหม่นะ	wan lang ma mai na	wan langˊ mā maiˇ na~	改天再來哦	engine-auto	
วันนี้ ไม่ว่าง	wan nee mai wang	wan nī~ maiˋ wāngˋ	今天沒空	engine-auto	
วันหลัง ได้ไหม	wan lang dai mai	wan langˊ dhaiˋ maiˊ	改天可以嗎？	engine-auto	
ว่าง	wang	wāngˋ	空 (空著的)	engine-auto	
ห้องว่าง	hong wang	hɔ̄ngˋ wāngˋ	空房間	engine-auto	
ที่นั่ง ว่าง	tee nang wang	tīˋ nangˋ wāngˋ	位子很空	engine-auto	
ตู้เย็น ว่าง	too yen wang	dūˋ yen wāngˋ	冰箱 (空的)	engine-auto	
ว่าง	wang	wāngˋ	有空	engine-auto	
ถ้าคุณว่าง คุณชอบทำอะไร	tha khun wang khun chob tham arai	tāˋ kun wāngˋ kun chɔ̄pˋ tam aˇ rai	如果你有空，你喜歡做什麼？	engine-auto	
ถ้าฉันว่าง	tha chan wang	tāˋ chanˊ wāngˋ	如果我有空	engine-auto	
ฉันชอบเล่นฟุตบอล	chan chob len football	chanˊ chɔ̄pˋ lēnˋ fut~ bhɔ̄n	我喜歡玩足球	engine-auto	
ฉันชอบอ่านหนังสือ	chan chob aan nangseu	chanˊ chɔ̄pˋ ānˇ nangˊ sɯ̄ˊ	我喜歡看書	engine-auto	
ถ้าฉันว่าง ฉันชอบอ่านหนังสือ	tha chan wang chan chob aan nangseu	tāˋ chanˊ wāngˋ chanˊ chɔ̄pˋ ānˇ nangˊ sɯ̄ˊ	如果我有空，我喜歡看書	engine-auto	
ถ้าฉันว่าง ฉันชอบทำอาหาร	tha chan wang chan chob tham ahan	tāˋ chanˊ wāngˋ chanˊ chɔ̄pˋ tam ā hānˊ	如果我有空，我喜歡做菜	engine-auto	
ถ้าผมว่าง ผมชอบทำอาหาร	tha phom wang phom chob tham ahan	tāˋ pomˊ wāngˋ pomˊ chɔ̄pˋ tam ā hānˊ	如果我有空，我喜歡做菜 (男性)	engine-auto	
อาทิตย์นี้ ว่างวันไหน	atit nee wang wan nai	ā tit~ nī~ wāngˋ wan naiˊ	這個星期哪天有空呢？	engine-auto	
วันศุกร์ ฉันว่าง	wan sook chan wang	wan sukˇ chanˊ wāngˋ	星期五我有空	engine-auto	
จะมาไต้หวัน เมื่อไหร่	ja maa taiwan meua rai	jaˇ mā daiˋ wanˊ mɯ̄aˋ raiˇ	什麼時候要來台灣？	engine-auto	
จะ	ja	jaˇ	將要	engine-auto	
จะไปหาหมอ เมื่อไหร่	ja bpai haa maw meua rai	jaˇ bai hāˊ mɔ̄ˊ mɯ̄aˋ raiˇ	什麼時候要去看醫生？	engine-auto	
จะแต่งงาน เมื่อไหร่	ja taeng ngaan meua rai	jaˇ dɛ̄ngˇ ngān mɯ̄aˋ raiˇ	什麼時候要結婚？	engine-auto	
เดือนกุมภาพันธ์	duean kum pha phan	dhɯ̄an gum pā pan	二月	engine-auto	
คุณเกิดเดือนไหน	khun koet duean nai	kun gə̄tˇ dhɯ̄an naiˊ	你哪個月份出生？	engine-auto	
คุณเกิดเดือนอะไร	khun koet duean arai	kun gə̄tˇ dhɯ̄an aˇ rai	你出生月份是什麼？	engine-auto	
เดือนเมษา ร้อนที่สุด	duean may sa ron tee soot	dhɯ̄an mē sāˊ rɔ̄n~ tīˋ sutˇ	四月最熱 (簡稱)	engine-auto	
มีไหมคะ	mee mai kha	mī maiˊ ka~	有嗎？	engine-auto	
ใต้	tai	daiˋ	下面	engine-auto	
ได้	dai	dhaiˋ	可以	engine-auto	
วันนี้	wan nee	wan nī~	今天	engine-auto	
คืน	khuen	kɯ̄n	晚上	engine-auto	
คืนนี้	khuen nee	kɯ̄n nī~	今晚	engine-auto	
เมื่อวาน	muea wan	mɯ̄aˋ wān	昨天	engine-auto	
เมื่อวานนี้	muea wan nee	mɯ̄aˋ wān nī~	昨天	engine-auto	
เมื่อคืน	muea khuen	mɯ̄aˋ kɯ̄n	昨晚	engine-auto	
เมื่อคืนนี้	muea khuen nee	mɯ̄aˋ kɯ̄n nī~	昨晚	engine-auto	
เมื่อคืน อยู่บ้านเพื่อน	muea khuen yuu baan phuean	mɯ̄aˋ kɯ̄n yūˋ bhānˋ pɯ̄anˋ	昨晚 在朋友家	engine-auto	
วันพรุ่งนี้	wan phrung nee	wan prungˋ nī~	明天	engine-auto	
พรุ่งนี้	phrung nee	prungˋ nī~	明天	engine-auto	
พรุ่งนี้ ไปไหน	phrung nee bpai nai	prungˋ nī~ bai naiˊ	明天 去哪裡	engine-auto	
คืนพรุ่งนี้	khuen phrung nee	kɯ̄n prungˋ nī~	明晚	engine-auto	
คืนพรุ่งนี้ เจอกัน	khuen phrung nee joe gan	kɯ̄n prungˋ nī~ jə̄ gan	明晚 見	engine-auto	
นี้	nee	nī~	這	engine-auto	
วันเสาร์นี้	wan sao nee	wan sāuˊ nī~	這個星期六	engine-auto	
วันอาทิตย์นี้	wan aa thit nee	wan ā tit~ nī~	這個星期日	engine-auto	
คนนี้	khon nee	kon nī~	這個人	engine-auto	
อันนี้ เท่าไหร่	an nee thao rai	an nī~ tāuˋ raiˇ	這個 多少錢	engine-auto	
ที่แล้ว	tee laew	tīˋ lɛ̄u~	上一個	engine-auto	
วันเสาร์ ที่แล้ว	wan sao tee laew	wan sāuˊ tīˋ lɛ̄u~	上個星期六	engine-auto	
วันศุกร์ ที่แล้ว	wan sook tee laew	wan sukˇ tīˋ lɛ̄u~	上個星期五	engine-auto	
วันศุกร์ ที่แล้ว หยุดเรียน	wan sook tee laew yoot rian	wan sukˇ tīˋ lɛ̄u~ yutˇ rīan	上個星期五 停課	engine-auto	
วันอาทิตย์ ที่แล้ว	wan aa thit tee laew	wan ā tit~ tīˋ lɛ̄u~	上個星期日	engine-auto	
วันอาทิตย์ ที่แล้ว ไปไหน	wan aa thit tee laew bpai nai	wan ā tit~ tīˋ lɛ̄u~ bai naiˊ	上個星期日 去哪裡	engine-auto	
หน้า	naa	nāˋ	下一個/頁/臉/前面	engine-auto	
หน้า ที่ 3	naa tee saam	nāˋ tīˋ 3	第3頁	engine-auto	
หน้าแดง	naa daeng	nāˋ dhɛ̄ng	臉紅	engine-auto	
ข้างหน้า	khang naa	kāngˋ nāˋ	前面	engine-auto	
วันเสาร์ หน้า	wan sao naa	wan sāuˊ nāˋ	下個星期六	engine-auto	
วันอาทิตย์ หน้า	wan aa thit naa	wan ā tit~ nāˋ	下個星期日	engine-auto	
อาทิตย์ หน้า	atit naa	ā tit~ nāˋ	下個禮拜	engine-auto	
อาทิตย์ ที่แล้ว	atit tee laew	ā tit~ tīˋ lɛ̄u~	上個禮拜	engine-auto	
อาทิตย์ ที่แล้ว หยุด	atit tee laew yoot	ā tit~ tīˋ lɛ̄u~ yutˇ	上個禮拜 休息	engine-auto	
อาทิตย์ ที่แล้ว หยุดเรียน	atit tee laew yoot rian	ā tit~ tīˋ lɛ̄u~ yutˇ rīan	上個禮拜 停課	engine-auto	
เดือน ที่แล้ว	duean tee laew	dhɯ̄an tīˋ lɛ̄u~	上個月	engine-auto	
เดือน ที่แล้ว ไปเมืองไทย	duean tee laew bpai mueang thai	dhɯ̄an tīˋ lɛ̄u~ bai mɯ̄ang tai	上個月 去泰國	engine-auto	
ปี ที่แล้ว	pee tee laew	bī tīˋ lɛ̄u~	去年	engine-auto	
รู้จักกัน ปี ที่แล้ว	roo jak gan pee tee laew	rū~ jakˇ gan bī tīˋ lɛ̄u~	去年 互相認識	engine-auto	
อาทิตย์นี้	atit nee	ā tit~ nī~	這個禮拜	engine-auto	
อาทิตย์นี้ ว่างไหม	atit nee wang mai	ā tit~ nī~ wāngˋ maiˊ	這個禮拜 有空嗎	engine-auto	
เดือนนี้	duean nee	dhɯ̄an nī~	這個月	engine-auto	
เดือนนี้ เดือนอะไร	duean nee duean arai	dhɯ̄an nī~ dhɯ̄an aˇ rai	這個月 是幾月	engine-auto	
ปีนี้	pee nee	bī nī~	今年	engine-auto	
ปีนี้ ซื้อบ้านใหม่	pee nee seu baan mai	bī nī~ sɯ̄~ bhānˋ maiˇ	今年 買新房子	engine-auto	
เดือนหน้า	duean naa	dhɯ̄an nāˋ	下個月	engine-auto	
ปีหน้า	pee naa	bī nāˋ	明年	engine-auto	
ป้าย	bpai	bāiˋ	公車站/牌子	engine-auto	
ป้ายนี้ ต้องลงรถ	bpai nee tong long rot	bāiˋ nī~ dɔ̄ngˋ long rot~	這站 必須下車	engine-auto	
ป้ายหน้า	bpai naa	bāiˋ nāˋ	下一站 (公車)	engine-auto	
ป้าย ที่แล้ว	bpai tee laew	bāiˋ tīˋ lɛ̄u~	上一站 (公車)	engine-auto	
สถานี	sa tha nee	saˇ tāˊ nī	車站 (捷運/火車)	engine-auto	
สถานีนี้	sa tha nee nee	saˇ tāˊ nī nī~	這站 (捷運/火車)	engine-auto	
สถานี ที่แล้ว	sa tha nee tee laew	saˇ tāˊ nī tīˋ lɛ̄u~	上一站 (捷運/火車)	engine-auto	
สถานี หน้า	sa tha nee naa	saˇ tāˊ nī nāˋ	下一站 (捷運/火車)	engine-auto	
ป้ายนี้	bpai nee	bāiˋ nī~	這站 (公車)	engine-auto	
เช้า	chao	chāu~	早上	engine-auto	
ตอนเช้า	ton chao	dɔ̄n chāu~	早上 (時段)	engine-auto	
ตอนเช้า กินอะไร	ton chao kin arai	dɔ̄n chāu~ gin aˇ rai	早上 吃什麼	engine-auto	
ตอนบ่าย	ton bai	dɔ̄n bhāiˇ	下午	engine-auto	
ตอนเย็น	ton yen	dɔ̄n yen	傍晚/晚上	engine-auto	
อาหารเช้า	ahan chao	ā hānˊ chāu~	早餐	engine-auto	
อาหารเช้า กินอะไร	ahan chao kin arai	ā hānˊ chāu~ gin aˇ rai	早餐 吃什麼	engine-auto	
อาหารกลางวัน	ahan klang wan	ā hānˊ glāng wan	午餐	engine-auto	
กลางวัน	klang wan	glāng wan	白天/中午	engine-auto	
กลาง	klang	glāng	中間	engine-auto	
อาหารเย็น	ahan yen	ā hānˊ yen	晚餐	engine-auto	
อาหารเช้า อาหารกลางวัน อาหารเย็น	ahan chao ahan klang wan ahan yen	ā hānˊ chāu~ ā hānˊ glāng wan ā hānˊ yen	早餐、午餐、晚餐	engine-auto	
กลางเดือน	klang duean	glāng dhɯ̄an	月中	engine-auto	
กลางเดือน จะมาไต้หวัน	klang duean ja maa taiwan	glāng dhɯ̄an jaˇ mā daiˋ wanˊ	月中 會來台灣	engine-auto	
ปลายเดือน	plai duean	blāi dhɯ̄an	月底	engine-auto	
สิ้นเดือน	sin duean	sinˋ dhɯ̄an	月底	engine-auto	
ปลาย	plai	blāi	尾巴/末端	engine-auto	
สิ้น	sin	sinˋ	結束	book-exact	(book-exact已用引擎重新驗證)
สิ้นใจ	sin jai	sinˋ jai	過世	engine-auto	
เขาสิ้นใจแล้ว	khao sin jai laew	kāuˊ sinˋ jai lɛ̄u~	他過世了	engine-auto	
กลางปี	klang pee	glāng bī	年中	engine-auto	
ปลายปี	plai pee	blāi bī	年底	engine-auto	
สิ้นปี	sin pee	sinˋ bī	年底	engine-auto	
สิ้นปี ไปเที่ยวญี่ปุ่นกันไหม	sin pee bpai thiao yi phun gan mai	sinˋ bī bai tīauˋ yīˋ bunˇ gan maiˊ	年底 要不要一起去日本玩	engine-auto	
กลางทาง	klang thang	glāng tāng	中途/路上	engine-auto	
อยู่กลางทาง	yuu klang thang	yūˋ glāng tāng	在路上	engine-auto	
อยู่กลางทางแล้ว	yuu klang thang laew	yūˋ glāng tāng lɛ̄u~	已經在路上了	engine-auto	
ปลายทาง	plai thang	blāi tāng	終點/目的地	engine-auto	
สถานีปลายทาง	sa tha nee plai thang	saˇ tāˊ nī blāi tāng	終點站	engine-auto	
ทุกคืน	tuk khuen	tuk~ kɯ̄n	每個晚上	engine-auto	
เขาไปเที่ยวทุกคืน	khao bpai thiao tuk khuen	kāuˊ bai tīauˋ tuk~ kɯ̄n	他每天晚上都去玩	engine-auto	
ทุกเดือน	tuk duean	tuk~ dhɯ̄an	每個月	engine-auto	
อยากกลับบ้านทุกเดือน	yak glap baan tuk duean	yākˋ glapˇ bhānˋ tuk~ dhɯ̄an	想每個月回家	engine-auto	
ทุกวัน	tuk wan	tuk~ wan	每天	engine-auto	
ทุกปี	tuk pee	tuk~ bī	每年	engine-auto	
ทุกคน	tuk khon	tuk~ kon	每個人	engine-auto	
ทุกจาน	tuk jaan	tuk~ jān	每一盤	engine-auto	
หายใจ	hai jai	hāiˊ jai	呼吸	engine-auto	
ไม่หายใจ	mai hai jai	maiˋ hāiˊ jai	不呼吸	engine-auto	
เขาไม่หายใจแล้ว	khao mai hai jai laew	kāuˊ maiˋ hāiˊ jai lɛ̄u~	他不呼吸了	engine-auto	
หายใจเข้า	hai jai khao	hāiˊ jai kāuˋ	吸氣	engine-auto	
หายใจออก	hai jai ok	hāiˊ jai ɔ̄kˇ	吐氣	engine-auto	
บาง	bang	bhāng	某些/有些	engine-auto	
บางคน	bang khon	bhāng kon	有些人	engine-auto	
ที	tee	tī	次	engine-auto	
บางที	bang tee	bhāng tī	有時候	engine-auto	
บางทีว่าง บางทีไม่ว่าง	bang tee wang bang tee mai wang	bhāng tī wāngˋ bhāng tī maiˋ wāngˋ	有時候有空，有時候沒空	engine-auto	
บางที่	bang tee	bhāng tīˋ	有些地方	engine-auto	
บางที่สนุก บางที่ไม่สนุก	bang tee sanuk bang tee mai sanuk	bhāng tīˋ saˇ nuk~ bhāng tīˋ maiˋ saˇ nuk~	有些地方好玩，有些地方不好玩	engine-auto	
บ้าง	bang	bhāngˋ	一些 (用於問句句尾)	engine-auto	
เมื่อวานไปเที่ยวที่ไหนบ้าง	muea wan bpai thiao tee nai bang	mɯ̄aˋ wān bai tīauˋ tīˋ naiˊ bhāngˋ	昨天去（了）哪些地方玩？	engine-auto	
ไปที่ไหนบ้าง	bpai tee nai bang	bai tīˋ naiˊ bhāngˋ	去了哪些地方？	engine-auto	
อะไรบ้าง	arai bang	aˇ rai bhāngˋ	(有) 一些什麼？	engine-auto	
มีเวลาว่างชอบทำอะไรบ้าง	mee wela wang chob tham arai bang	mī wē lā wāngˋ chɔ̄pˋ tam aˇ rai bhāngˋ	有空的時候喜歡做一些什麼？	engine-auto	
กินอะไรบ้าง	kin arai bang	gin aˇ rai bhāngˋ	吃了（一些）什麼？	engine-auto	
หลาย	lai	lāiˊ	好幾	engine-auto	
หลายครั้ง	lai krang	lāiˊ krang~	好幾次	engine-auto	
หลายคน	lai khon	lāiˊ kon	好幾個人	engine-auto	
หลายจาน	lai jaan	lāiˊ jān	好幾碗/盤	engine-auto	
ไปญี่ปุ่นหลายวัน	bpai yi phun lai wan	bai yīˋ bunˇ lāiˊ wan	去日本好幾天	engine-auto	
มาเมืองไทยหลายครั้งแล้ว	maa mueang thai lai krang laew	mā mɯ̄ang tai lāiˊ krang~ lɛ̄u~	來泰國好幾次了	engine-auto	
เอาอย่างละจาน	ao yang la jaan	au yāngˋ la~ jān	各來一盤	engine-auto	
หลายอย่าง	lai yang	lāiˊ yāngˋ	好幾樣	engine-auto	
มีเมียหลายคน	mee mia lai khon	mī mīa lāiˊ kon	有好幾個老婆	engine-auto	
ไม่กี่	mai gee	maiˋ gīˇ	沒幾	engine-auto	
ไม่กี่เดือน	mai gee duean	maiˋ gīˇ dhɯ̄an	沒幾個月	engine-auto	
ผมเรียนภาษาไทยไม่กี่เดือน	phom rian phasa thai mai gee duean	pomˊ rīan pā sāˊ tai maiˋ gīˇ dhɯ̄an	我學泰語沒幾個月 (男性)	engine-auto	
ฉันเรียนภาษาไทยไม่กี่เดือน	chan rian phasa thai mai gee duean	chanˊ rīan pā sāˊ tai maiˋ gīˇ dhɯ̄an	我學泰語沒幾個月 (女性)	engine-auto	
ไม่กี่วัน	mai gee wan	maiˋ gīˇ wan	沒幾天	engine-auto	
เพิ่ง	pheung	pə̄ngˋ	剛/剛剛	engine-auto	
เพิ่งรู้จักกัน	pheung roo jak gan	pə̄ngˋ rū~ jakˇ gan	剛認識	engine-auto	
เพิ่งรู้จักกันไม่กี่วัน	pheung roo jak gan mai gee wan	pə̄ngˋ rū~ jakˇ gan maiˋ gīˇ wan	剛認識沒幾天	engine-auto	
เขาเพิ่งมา	khao pheung maa	kāuˊ pə̄ngˋ mā	他剛來	engine-auto	
เขาเพิ่งไป	khao pheung bpai	kāuˊ pə̄ngˋ bai	他剛走	engine-auto	
ฉันเพิ่งกินข้าว	chan pheung kin khao	chanˊ pə̄ngˋ gin kāuˋ	我剛吃飯	engine-auto	
ไม่กี่พัน	mai gee phan	maiˋ gīˇ pan	沒幾千	engine-auto	
เงินเดือนไม่กี่พัน	ngoen duean mai gee phan	ngə̄n dhɯ̄an maiˋ gīˇ pan	薪水沒幾千	engine-auto	
อาทิตย์หน้าเจอกัน	atit naa joe gan	ā tit~ nāˋ jə̄ gan	下個禮拜見	engine-auto	
วันศุกร์หน้าเจอกัน	wan sook naa joe gan	wan sukˇ nāˋ jə̄ gan	下個星期五見	engine-auto	
วันนี้ขอบคุณทุกคน	wan nee khop khun tuk khon	wan nī~ kɔ̄pˇ kun tuk~ kon	今天謝謝大家	engine-auto	
ขอบคุณค่ะ	khop khun kha	kɔ̄pˇ kun kaˋ	謝謝 (女性)	engine-auto	
เมื่อวานนี้	muea waan nii	mɯ̄aˋ wān nī~	昨天	engine-auto	
เมื่อวาน	muea waan	mɯ̄aˋ wān	昨天	engine-auto	
เมื่อวานคุณกินอะไร	muea waan khun kin arai	mɯ̄aˋ wān kun gin aˇ rai	昨天你吃什麼？	engine-auto	
เมื่อวานคุณอยู่ไหน	muea waan khun yuu nai	mɯ̄aˋ wān kun yūˋ naiˊ	昨天你在哪裡？	engine-auto	
เธอ	ter	tə̄	你 (用於平輩/晚輩)	engine-auto	
เมื่อวานเธออยู่ไหน	muea waan ter yuu nai	mɯ̄aˋ wān tə̄ yūˋ naiˊ	昨天你在哪裡？	engine-auto	
เมื่อคืนนี้	muea khuen nii	mɯ̄aˋ kɯ̄n nī~	昨晚	engine-auto	
เมื่อคืน	muea khuen	mɯ̄aˋ kɯ̄n	昨晚	engine-auto	
เมื่อคืนรถติดมาก	muea khuen rot tit mak	mɯ̄aˋ kɯ̄n rot~ ditˇ mākˋ	昨晚很塞車	engine-auto	
คืนนี้	khuen nii	kɯ̄n nī~	今晚	engine-auto	
คืนนี้ไม่ว่าง	khuen nii mai wang	kɯ̄n nī~ maiˋ wāngˋ	今晚沒空	engine-auto	
วันพรุ่งนี้	wan phrung nii	wan prungˋ nī~	明天	engine-auto	
พรุ่งนี้	phrung nii	prungˋ nī~	明天	engine-auto	
พรุ่งนี้ฉันจะไปภาคใต้	phrung nii chan ja pai phak tai	prungˋ nī~ chanˊ jaˇ bai pākˋ daiˋ	明天我要去南部	engine-auto	
พรุ่งนี้เธอจะไปกับฉันไหม	phrung nii ter ja pai kap chan mai	prungˋ nī~ tə̄ jaˇ bai gapˇ chanˊ maiˊ	明天你要跟我去嗎？	engine-auto	
ไปค่ะ/ไป	pai kha / pai	bai kaˋ/bai	去	engine-auto	
ไปไม่ได้	pai mai dai	bai maiˋ dhaiˋ	不能去	engine-auto	
คืนพรุ่งนี้	khuen phrung nii	kɯ̄n prungˋ nī~	明晚	engine-auto	
คืนพรุ่งนี้ถึงเมืองไทย	khuen phrung nii thueng mueang thai	kɯ̄n prungˋ nī~ tɯngˊ mɯ̄ang tai	明晚到泰國	engine-auto	
คืนพรุ่งนี้ไปกินเหล้ากัน	khuen phrung nii pai kin lao kan	kɯ̄n prungˋ nī~ bai gin lāuˋ gan	明晚一起去喝酒	engine-auto	
เหล้า	lao	lāuˋ	酒	engine-auto	
ไปกินเหล้ากัน	pai kin lao kan	bai gin lāuˋ gan	一起去喝酒	engine-auto	
ที่แล้ว	thi laeo	tīˋ lɛ̄u~	上一個	engine-auto	
นี้	nii	nī~	這個	engine-auto	
หน้า	naa	nāˋ	下一個	engine-auto	
วันอังคารนี้	wan angkhan nii	wan ang kān nī~	這週二	engine-auto	
วันพุธหน้า	wan phut naa	wan put~ nāˋ	下週三	engine-auto	
วันศุกร์นี้	wan suk nii	wan sukˇ nī~	這週五	engine-auto	
เสาร์อาทิตย์หน้า	sao athit naa	sāuˊ ā tit~ nāˋ	下週末	engine-auto	
ครั้งที่แล้ว	khrang thi laeo	krang~ tīˋ lɛ̄u~	上一次	engine-auto	
ครั้งที่แล้วไปเมืองไทยสนุกมาก	khrang thi laeo pai mueang thai sanuk mak	krang~ tīˋ lɛ̄u~ bai mɯ̄ang tai saˇ nuk~ mākˋ	上一次去泰國很好玩	engine-auto	
เดือนที่แล้วห้างเพิ่งเปิด	duean thi laeo hang phueng poet	dhɯ̄an tīˋ lɛ̄u~ hāngˋ pə̄ngˋ bə̄tˇ	上個月百貨公司剛開	engine-auto	
เดือนที่แล้ว	duean thi laeo	dhɯ̄an tīˋ lɛ̄u~	上個月	engine-auto	
ห้างเพิ่งเปิด	hang phueng poet	hāngˋ pə̄ngˋ bə̄tˇ	百貨公司剛開	engine-auto	
ห้างเพิ่งเปิดเดือนที่แล้ว	hang phueng poet duean thi laeo	hāngˋ pə̄ngˋ bə̄tˇ dhɯ̄an tīˋ lɛ̄u~	百貨公司上個月剛開	engine-auto	
ปีนี้มีวันหยุดยาวเยอะ	pii nii mii wan yut yao yoe	bī nī~ mī wan yutˇ yāu yə~	今年有很多連假	engine-auto	
วันพุธนี้ต้องไปภาคอีสาน	wan phut nii tong pai phak isan	wan put~ nī~ dɔ̄ngˋ bai pākˋ ī sānˊ	這週三必須去東北部	engine-auto	
เอาน้ำ	ao nam	au nām~	要水	engine-auto	
เอาเผ็ด	ao phet	au petˇ	要辣	engine-auto	
จะ	ja	jaˇ	將要	engine-auto	
ต้อง	tong	dɔ̄ngˋ	必須	engine-auto	
ป้ายหน้าต้องลงรถ	paai naa tong long rot	bāiˋ nāˋ dɔ̄ngˋ long rot~	下一站必須下車	engine-auto	
ตอนเช้า	ton chao	dɔ̄n chāu~	早上	engine-auto	
ตอนเช้าออกจากบ้านไปทำงาน	ton chao ok chak ban pai tham ngan	dɔ̄n chāu~ ɔ̄kˇ jākˇ bhānˋ bai tam ngān	早上出門去上班	engine-auto	
ตอนเช้ากินอาหารเช้าไหม	ton chao kin ahan chao mai	dɔ̄n chāu~ gin ā hānˊ chāu~ maiˊ	早上吃早餐嗎？	engine-auto	
ตอนเช้าไม่มีเวลากินอาหารเช้า	ton chao mai mii wela kin ahan chao	dɔ̄n chāu~ maiˋ mī wē lā gin ā hānˊ chāu~	早上沒時間吃早餐	engine-auto	
ตอนบ่าย	ton bai	dɔ̄n bhāiˇ	下午	engine-auto	
ตอนบ่ายข้างนอกร้อนมาก	ton bai khang nok ron mak	dɔ̄n bhāiˇ kāngˋ nɔ̄kˋ rɔ̄n~ mākˋ	下午外面很熱	engine-auto	
ตอนเย็น	ton yen	dɔ̄n yen	傍晚 / 晚上	engine-auto	
ตอนเย็นกลับถึงบ้านคุณทำอะไร	ton yen glap thueng ban khun tham arai	dɔ̄n yen glapˇ tɯngˊ bhānˋ kun tam aˇ rai	晚上回到家，你做什麼？	engine-auto	
ตอนเย็นกลับถึงบ้านดูทีวี	ton yen glap thueng ban duu tee wee	dɔ̄n yen glapˇ tɯngˊ bhānˋ dhū tī wī	傍晚回到家看電視	engine-auto	
ตอนเย็นกลับถึงบ้านอ่านหนังสือ	ton yen glap thueng ban an nang sue	dɔ̄n yen glapˇ tɯngˊ bhānˋ ānˇ nangˊ sɯ̄ˊ	傍晚回到家看書	engine-auto	
ตอนเย็นกลับถึงบ้านเล่นเกม	ton yen glap thueng ban len game	dɔ̄n yen glapˇ tɯngˊ bhānˋ lēnˋ gēm	傍晚回到家玩遊戲	engine-auto	
ข้าวเหนียวหมูปิ้ง	khao niaw mu ping	kāuˋ nīauˊ mūˊ bingˋ	糯米烤肉	engine-auto	
บะหมี่น้ำ	ba mee nam	bhaˇ mīˇ nām~	麵湯	engine-auto	
ข้าวแกง	khao gaeng	kāuˋ gɛ̄ng	自助餐	engine-auto	
ข้าว	khao	kāuˋ	飯	engine-auto	
แกง	gaeng	gɛ̄ng	辣湯 / 咖哩	engine-auto	
แกงเขียวหวาน	gaeng khiao wan	gɛ̄ng kīauˊ wānˊ	綠咖哩	engine-auto	
อาหารกลางวัน	ahan klang wan	ā hānˊ glāng wan	午餐	engine-auto	
อาหารกลางวันกินในห้าง	ahan klang wan kin nai hang	ā hānˊ glāng wan gin nai hāngˋ	午餐在百貨公司裡吃	engine-auto	
อาหารเย็น	ahan yen	ā hānˊ yen	晚餐	engine-auto	
ทุกวันแม่ทำอาหารเย็น	thuk wan mae tham ahan yen	tuk~ wan mɛ̄ˋ tam ā hānˊ yen	每天媽媽做晚餐	engine-auto	
แต่วันนี้พ่อทำอาหารเย็น	tae wan nii pho tham ahan yen	dɛ̄ˇ wan nī~ pɔ̄ˋ tam ā hānˊ yen	但是今天爸爸做晚餐	engine-auto	
สิ้นเดือน	sin duean	sinˋ dhɯ̄an	月底 (說法1)	engine-auto	
ปลายเดือน	plai duean	blāi dhɯ̄an	月底 (說法2)	engine-auto	
ปลายเดือนกินดิน	plai duean kin din	blāi dhɯ̄an gin dhin	月底吃土	engine-auto	
ดิน	din	dhin	土	engine-auto	
ที่ดิน	thi din	tīˋ dhin	土地	engine-auto	
สิ้นเดือนกินมาม่า	sin duean kin mama	sinˋ dhɯ̄an gin mā māˋ	月底吃泡麵	engine-auto	
กลางเดือน	klang duean	glāng dhɯ̄an	月中	engine-auto	
กลางเดือนไปภาคกลาง	klang duean pai phak klang	glāng dhɯ̄an bai pākˋ glāng	月中去中部	engine-auto	
กลางเดือนไปหาตายาย	klang duean pai ha ta yaai	glāng dhɯ̄an bai hāˊ dā yāi	月中去找外公外婆	engine-auto	
ปลายปี	plai pii	blāi bī	年底	engine-auto	
ปลายทาง	plai thang	blāi tāng	終點	engine-auto	
สถานีปลายทาง	sathani plai thang	saˇ tāˊ nī blāi tāng	終點站	engine-auto	
ถึงสถานีปลายทางแล้ว	thueng sathani plai thang laeo	tɯngˊ saˇ tāˊ nī blāi tāng lɛ̄u~	到終點站了	engine-auto	
ต้องลงรถแล้ว	tong long rot laeo	dɔ̄ngˋ long rot~ lɛ̄u~	必須下車了	engine-auto	
ถึงสถานีปลายทางแล้วต้องลงรถแล้ว	thueng sathani plai thang laeo tong long rot laeo	tɯngˊ saˇ tāˊ nī blāi tāng lɛ̄u~ dɔ̄ngˋ long rot~ lɛ̄u~	到終點站了，必須下車了	engine-auto	
ทุกวัน	thuk wan	tuk~ wan	每天	engine-auto	
ทำงานทุกวัน	tham ngan thuk wan	tam ngān tuk~ wan	每天工作	engine-auto	
ให้เงินแม่ทุกเดือน	hai ngern mae thuk duean	haiˋ ngə̄n mɛ̄ˋ tuk~ dhɯ̄an	每個月給媽媽錢	engine-auto	
ทุกที่	thuk thi	tuk~ tīˋ	每個地方	engine-auto	
รถติดทุกที่	rot tit thuk thi	rot~ ditˇ tuk~ tīˋ	每個地方都塞車	engine-auto	
บาง	bang	bhāng	有些	engine-auto	
บางร้านขายแพงมาก	bang ran khai phaeng mak	bhāng rān~ kāiˊ pɛ̄ng mākˋ	有些店賣很貴	engine-auto	
บางที่ร้อนมาก	bang thi ron mak	bhāng tīˋ rɔ̄n~ mākˋ	有些地方很熱	engine-auto	
ภาคใต้บางที่ร้อนมาก	phak tai bang thi ron mak	pākˋ daiˋ bhāng tīˋ rɔ̄n~ mākˋ	南部有些地方很熱	engine-auto	
บางคนชอบสีเขียว	bang khon chop si khiao	bhāng kon chɔ̄pˋ sīˊ kīauˊ	有些人喜歡綠色	engine-auto	
บางที	bang thi	bhāng tī	有時候 (說法1)	engine-auto	
บางครั้ง	bang khrang	bhāng krang~	有時候 (說法2)	engine-auto	
บางทีสนุก	bang thi sanuk	bhāng tī saˇ nuk~	有時候好玩	engine-auto	
บางครั้งสนุก	bang khrang sanuk	bhāng krang~ saˇ nuk~	(有時候好玩)	engine-auto	
บางทีอยากนอน	bang thi yak non	bhāng tī yākˋ nɔ̄n	有時候想睡覺	engine-auto	
บางครั้งอยากนอน	bang khrang yak non	bhāng krang~ yākˋ nɔ̄n	(有時候想睡覺)	engine-auto	
บางครั้งอร่อย	bang khrang aroi	bhāng krang~ aˇ rɔ̄iˋ	有時候好吃	engine-auto	
บางครั้งเหนื่อยมาก	bang khrang nuei mak	bhāng krang~ nɯ̄aiˇ mākˋ	有時候很累	engine-auto	
บางครั้งนอนไม่พอ	bang khrang non mai pho	bhāng krang~ nɔ̄n maiˋ pɔ̄	有時候睡不飽	engine-auto	
บางทีว่าง	bang thi wang	bhāng tī wāngˋ	有時候有空	engine-auto	
บางครั้งว่าง	bang khrang wang	bhāng krang~ wāngˋ	(有時候有空)	engine-auto	
บ้าง	bang	bhāngˋ	(疑問句) 哪些	engine-auto	
ครั้งนี้ไปเมืองไทยคุณไปเที่ยวที่ไหนบ้าง	khrang ni pai mueang thai khun pai tiao thi nai bang	krang~ nī~ bai mɯ̄ang tai kun bai tīauˋ tīˋ naiˊ bhāngˋ	這次去泰國，你去了哪些地方玩呢？	engine-auto	
คุณกินอะไรบ้าง	khun kin arai bang	kun gin aˇ rai bhāngˋ	你吃了哪些什麼？	engine-auto	
หลาย	lai	lāiˊ	好幾	engine-auto	
กินข้าวหลายจาน	kin khao lai chan	gin kāuˋ lāiˊ jān	吃好幾盤飯	engine-auto	
มีเมียหลายคน	mii mia lai khon	mī mīa lāiˊ kon	有好幾個老婆	engine-auto	
ไม่กี่	mai gi	maiˋ gīˇ	沒幾	engine-auto	
ไปเที่ยวไม่กี่วัน	pai tiao mai gi wan	bai tīauˋ maiˋ gīˇ wan	去玩沒幾天	engine-auto	
เพื่อนมาไม่กี่คน	phuean ma mai gi khon	pɯ̄anˋ mā maiˋ gīˇ kon	朋友來沒幾個	engine-auto	
ราคาไม่กี่บาท	raa kha mai gi baht	rā kā maiˋ gīˇ bhātˇ	價格沒幾塊 (泰銖)	engine-auto	
เพิ่งเรียนไม่กี่เดือน	phueng rian mai gi duean	pə̄ngˋ rīan maiˋ gīˇ dhɯ̄an	剛學沒幾個月	engine-auto	
เพิ่งออกไป	phueng ok pai	pə̄ngˋ ɔ̄kˇ bai	剛出去	engine-auto	
เพิ่งออกไปข้างนอก	phueng ok pai khang nok	pə̄ngˋ ɔ̄kˇ bai kāngˋ nɔ̄kˋ	剛出去外面	engine-auto	
เขาเพิ่งโทรมา	khao phueng tho ma	kāuˊ pə̄ngˋ tōn mā	他剛打電話來	engine-auto	
เพิ่งซื้อมือถือใหม่	phueng sue mue thue mai	pə̄ngˋ sɯ̄~ mɯ̄ tɯ̄ˊ maiˇ	剛買新手機	engine-auto	
คิดถึง	khit thueng	kit~ tɯngˊ	想念	engine-auto	
ผมคิดถึงคุณ	phom khit thueng khun	pomˊ kit~ tɯngˊ kun	我想你 (男)	engine-auto	
ฉันคิดถึงคุณ	chan khit thueng khun	chanˊ kit~ tɯngˊ kun	我想你 (女)	engine-auto	
ผมคิดถึงคุณทุกวัน	phom khit thueng khun thuk wan	pomˊ kit~ tɯngˊ kun tuk~ wan	我每天都想你 (男)	engine-auto	
หายใจ	haai jai	hāiˊ jai	呼吸	engine-auto	
หายใจเข้า	haai jai khao	hāiˊ jai kāuˋ	吸氣	engine-auto	
หายใจออก	haai jai ok	hāiˊ jai ɔ̄kˇ	吐氣	engine-auto	
หายใจเข้าหายใจออก	haai jai khao haai jai ok	hāiˊ jai kāuˋ hāiˊ jai ɔ̄kˇ	吸氣，吐氣	engine-auto	
หายใจไม่ค่อยออก	haai jai mai khoi ok	hāiˊ jai maiˋ kɔ̄iˋ ɔ̄kˇ	不太能呼吸 / 呼吸不太順暢	engine-auto	
กลางคืน	klang khuen	glāng kɯ̄n	晚上 / 夜晚	engine-auto	
กลางวัน	klang wan	glāng wan	白天	engine-auto	
กลางวันทำงาน	klang wan tham ngan	glāng wan tam ngān	白天工作	engine-auto	
กลางคืนนอน	klang khuen non	glāng kɯ̄n nɔ̄n	晚上睡覺	engine-auto	
หกโมงเช้า	hok mong chao	hokˇ mōng chāu~	早上六點	engine-auto	
โมง	mong	mōng	點 (鐘點)	engine-auto	
เจ็ดโมงเช้า	jet mong chao	jetˇ mōng chāu~	早上七點	engine-auto	
แปดโมงเช้า	paet mong chao	bɛ̄tˇ mōng chāu~	早上八點	engine-auto	
เก้าโมงเช้า	kao mong chao	gāuˋ mōng chāu~	早上九點	engine-auto	
สิบโมงเช้า	sip mong chao	sipˇ mōng chāu~	早上十點	engine-auto	
ออกจากบ้านกี่โมง	ok chak ban gi mong	ɔ̄kˇ jākˇ bhānˋ gīˇ mōng	幾點出門？	engine-auto	
ออกจากบ้านเก้าโมงเช้า	ok chak ban kao mong chao	ɔ̄kˇ jākˇ bhānˋ gāuˋ mōng chāu~	早上九點出門	engine-auto	
สิบเอ็ดโมง	sip et mong	sipˇ etˇ mōng	十一點	engine-auto	
สิบโมง	sip mong	sipˇ mōng	十點	engine-auto	
เที่ยงวัน	thiang wan	tīangˋ wan	中午 / 正午	engine-auto	
เที่ยง	thiang	tīangˋ	中午 / 正午 (簡稱)	engine-auto	
บ่ายหนึ่งโมง	bai nueng mong	bhāiˇ nɯngˇ mōng	下午一點	engine-auto	
บ่าย	bai	bhāiˇ	下午	engine-auto	
บ่ายโมง	bai mong	bhāiˇ mōng	下午一點 (簡稱1)	engine-auto	
บ่ายหนึ่ง	bai nueng	bhāiˇ nɯngˇ	下午一點 (簡稱2)	engine-auto	
บ่ายสองโมง	bai song mong	bhāiˇ sɔ̄ngˊ mōng	下午兩點	engine-auto	
บ่ายสอง	bai song	bhāiˇ sɔ̄ngˊ	下午兩點 (簡稱)	engine-auto	
บ่ายสามโมง	bai sam mong	bhāiˇ sāmˊ mōng	下午三點	engine-auto	
สี่โมงเย็น	si mong yen	sīˇ mōng yen	下午四點	engine-auto	
ห้าโมงเย็น	ha mong yen	hāˋ mōng yen	下午五點	engine-auto	
หกโมงเย็น	hok mong yen	hokˇ mōng yen	晚上六點	engine-auto	
หนึ่งทุ่ม	nueng thum	nɯngˇ tumˋ	晚上七點	engine-auto	
สองทุ่ม	song thum	sɔ̄ngˊ tumˋ	晚上八點	engine-auto	
สามทุ่ม	sam thum	sāmˊ tumˋ	晚上九點	engine-auto	
สี่ทุ่ม	si thum	sīˇ tumˋ	晚上十點	engine-auto	
ห้าทุ่ม	ha thum	hāˋ tumˋ	晚上十一點	engine-auto	
เที่ยงคืน	thiang khuen	tīangˋ kɯ̄n	半夜 / 午夜 (12點)	engine-auto	
นอนกี่โมง	non gi mong	nɔ̄n gīˇ mōng	幾點睡覺？	engine-auto	
นอนเที่ยงคืน	non thiang khuen	nɔ̄n tīangˋ kɯ̄n	半夜睡	engine-auto	
ตีหนึ่ง	ti nueng	dī nɯngˇ	凌晨一點	engine-auto	
ตี	ti	dī	打 / 敲	engine-auto	
ตีสอง	ti song	dī sɔ̄ngˊ	凌晨兩點	engine-auto	
ตีสาม	ti sam	dī sāmˊ	凌晨三點	engine-auto	
ตีสี่	ti si	dī sīˇ	凌晨四點	engine-auto	
ตีห้า	ti ha	dī hāˋ	凌晨五點	engine-auto	
หายใจเข้า	haai jai khao	hāiˊ jai kāuˋ	吸氣	engine-auto	
หายใจออก	haai jai ok	hāiˊ jai ɔ̄kˇ	吐氣	engine-auto	
ทั้งวัน	thang wan	tang~ wan	整天	engine-auto	
ทั้ง	thang	tang~	整	engine-auto	
วัน	wan	wan	天	book-exact	(book-exact已用引擎重新驗證)
ทำงานทั้งวัน	tham ngan thang wan	tam ngān tang~ wan	整天工作	engine-auto	
ทั้งคืน	thang khuen	tang~ kɯ̄n	整夜	engine-auto	
เล่นเกมทั้งคืน	len game thang khuen	lēnˋ gēm tang~ kɯ̄n	玩遊戲整夜	engine-auto	
ทั้งวันทั้งคืน	thang wan thang khuen	tang~ wan tang~ kɯ̄n	整天整夜	engine-auto	
เซเว่นเปิดทั้งวันทั้งคืน	seven poet thang wan thang khuen	sē wēnˋ bə̄tˇ tang~ wan tang~ kɯ̄n	7-11 整天整夜開著	engine-auto	
ครึ่ง	krueng	krɯngˋ	半	engine-auto	
ครึ่งวัน	krueng wan	krɯngˋ wan	半天	engine-auto	
ครึ่งชั่วโมง	krueng chua mong	krɯngˋ chūaˋ mōng	半個小時	engine-auto	
ครึ่งปี	krueng pii	krɯngˋ bī	半年	engine-auto	
ครึ่งแก้ว	krueng kaew	krɯngˋ gɛ̄uˋ	半杯	engine-auto	
ครึ่งราคา	krueng raa kha	krɯngˋ rā kā	半價	engine-auto	
กลางคืน	klang khuen	glāng kɯ̄n	晚上	engine-auto	
กลางวัน	klang wan	glāng wan	白天	engine-auto	
เช้า	chao	chāu~	早	engine-auto	
ตอนเช้า	ton chao	dɔ̄n chāu~	早上	engine-auto	
เย็น	yen	yen	傍晚	engine-auto	
ตอนเย็น	ton yen	dɔ̄n yen	傍晚 (時段)	engine-auto	
บ่าย	bai	bhāiˇ	下午	engine-auto	
บ่ายหนึ่งโมง	bai nueng mong	bhāiˇ nɯngˇ mōng	下午一點	engine-auto	
บ่ายสองโมง	bai song mong	bhāiˇ sɔ̄ngˊ mōng	下午兩點	engine-auto	
ตอนบ่าย	ton bai	dɔ̄n bhāiˇ	下午 (時段)	engine-auto	
ดึก	duek	dhɯkˇ	深夜 / 晚	engine-auto	
นอนดึก	non duek	nɔ̄n dhɯkˇ	很晚睡	engine-auto	
กลับบ้านดึก	glap ban duek	glapˇ bhānˋ dhɯkˇ	很晚回家	engine-auto	
ดึกๆมีผี	duek duek mii phi	dhɯkˇ dhɯkˇ mī pīˊ	深夜有鬼	engine-auto	
ตอนเที่ยง	ton thiang	dɔ̄n tīangˋ	中午 (時段)	engine-auto	
เที่ยงคืน	thiang khuen	tīangˋ kɯ̄n	半夜 / 午夜	engine-auto	
ศูนย์นาฬิกาศูนย์นาที	suun nalika suun nati	sūnˊ nā li~ gā sūnˊ nā tī	00:00 (零點零分)	engine-auto	
สามนาฬิกาศูนย์นาที	sam nalika suun nati	sāmˊ nā li~ gā sūnˊ nā tī	03:00 (三點零分)	engine-auto	
ตีสาม	ti sam	dī sāmˊ	凌晨三點 (口語)	engine-auto	
เก้านาฬิกาสิบห้านาที	kao nalika sip ha nati	gāuˋ nā li~ gā sipˇ hāˋ nā tī	09:15 (九點十五分)	engine-auto	
เก้าโมงสิบห้านาที	kao mong sip ha nati	gāuˋ mōng sipˇ hāˋ nā tī	早上九點十五分 (口語)	engine-auto	
เที่ยง	thiang	tīangˋ	中午 (12點)	engine-auto	
สิบสองนาฬิกาศูนย์นาที	sip song nalika suun nati	sipˇ sɔ̄ngˊ nā li~ gā sūnˊ nā tī	12:00 (十二點零分)	engine-auto	
สิบเจ็ดนาฬิกาสี่สิบนาที	sip jet nalika si sip nati	sipˇ jetˇ nā li~ gā sīˇ sipˇ nā tī	17:40 (十七點四十分)	engine-auto	
ห้าโมงเย็น	ha mong yen	hāˋ mōng yen	下午五點 (口語)	engine-auto	
ห้าโมงสี่สิบนาที	ha mong si sip nati	hāˋ mōng sīˇ sipˇ nā tī	下午五點四十分 (口語)	engine-auto	
ยี่สิบนาฬิกาศูนย์นาที	yii sip nalika suun nati	yīˋ sipˇ nā li~ gā sūnˊ nā tī	20:00 (二十點零分)	engine-auto	
สองทุ่ม	song thum	sɔ̄ngˊ tumˋ	晚上八點 (口語)	engine-auto	
นาฬิกา	nalika	nā li~ gā	鐘 / 錶	engine-auto	
ใส่นาฬิกา	sai nalika	saiˇ nā li~ gā	戴手錶	engine-auto	
ประมาณ	praman	braˇ mān	大約	engine-auto	
ประมาณแปดโมงเช้า	praman paet mong chao	braˇ mān bɛ̄tˇ mōng chāu~	大約早上八點	engine-auto	
ประมาณสองทุ่ม	praman song thum	braˇ mān sɔ̄ngˊ tumˋ	大約晚上八點	engine-auto	
ตีสี่ครึ่ง	ti si krueng	dī sīˇ krɯngˋ	凌晨四點半	engine-auto	
ประมาณตีสี่ครึ่ง	praman ti si krueng	braˇ mān dī sīˇ krɯngˋ	大約凌晨四點半	engine-auto	
ประมาณสี่โมงครึ่ง	praman si mong krueng	braˇ mān sīˇ mōng krɯngˋ	大約 (下午) 四點半	engine-auto	
ประมาณบ่ายสี่โมงครึ่ง	praman bai si mong krueng	braˇ mān bhāiˇ sīˇ mōng krɯngˋ	大約下午四點半	engine-auto	
เกือบ	kueap	gɯ̄apˇ	快要 / 差一點	engine-auto	
เกือบสี่ทุ่มแล้ว	kueap si thum laeo	gɯ̄apˇ sīˇ tumˋ lɛ̄u~	快要 (晚上) 十點了	engine-auto	
รถออกกี่โมง	rot ok gi mong	rot~ ɔ̄kˇ gīˇ mōng	車子幾點開？	engine-auto	
กี่โมง	gi mong	gīˇ mōng	幾點	engine-auto	
เครื่องออกกี่โมง	khrueng ok gi mong	krɯ̄angˋ ɔ̄kˇ gīˇ mōng	飛機幾點起飛？ (เครื่อง = 機器/飛機)	engine-auto	
เครื่องบินออกกี่โมง	khrueng bin ok gi mong	krɯ̄angˋ bhin ɔ̄kˇ gīˇ mōng	飛機幾點起飛？ (เครื่อง บิน = 飛機)	engine-auto	
เครื่องออกตีสาม	khrueng ok ti sam	krɯ̄angˋ ɔ̄kˇ dī sāmˊ	飛機凌晨三點起飛	engine-auto	
อาทิตย์หน้าเจอกันค่ะ	athit naa jer kan kha	ā tit~ nāˋ jə̄ gan kaˋ	下週見 (女)	engine-auto	
วันนี้ขอบคุณทุกคนนะคะ	wan nii khop khun thuk khon na kha	wan nī~ kɔ̄pˇ kun tuk~ kon na~ ka~	今天謝謝大家 (女)	engine-auto	
สบายดีมากเลยนะคะ	sabai di mak loei na kha	saˇ bhāi dhī mākˋ lə̄i na~ ka~	很舒服/很愉快	engine-auto	
ขอบคุณค่ะ	khop khun kha	kɔ̄pˇ kun kaˋ	謝謝	engine-auto	
ครั้งที่หก	khrang thi hok	krang~ tīˋ hokˇ	第六堂 (課)	engine-auto	
สัปดาห์	sapda	sapˇ dhā	上一個禮拜	engine-auto	
กลางวัน	klang wan	glāng wan	白天/白天	engine-auto	
11:00	11:00	11:00	上午十一點	engine-auto	
12:00	12:00	12:00	中午十二點	engine-auto	
เที่ยง	thiang	tīangˋ	正午/中午	engine-auto	
กี่โมง	gi mong	gīˇ mōng	幾點	engine-auto	
พรุ่งนี้เจอกันกี่โมง	phrung nii jer kan gi mong	prungˋ nī~ jə̄ gan gīˇ mōng	明天幾點見	engine-auto	
คุณออกจากบ้านกี่โมง	khun ok chak ban gi mong	kun ɔ̄kˇ jākˇ bhānˋ gīˇ mōng	你幾點出門	engine-auto	
ออกจากบ้านกี่โมงคะ	ok chak ban gi mong kha	ɔ̄kˇ jākˇ bhānˋ gīˇ mōng ka~	幾點出門	engine-auto	
ไปโรงแรม	pai rong raem	bai rōng rɛ̄m	去飯店	engine-auto	
โรงแรม	rong raem	rōng rɛ̄m	飯店/酒店	engine-auto	
อาหารเช้ากี่โมงถึงกี่โมง	ahan chao gi mong thueng gi mong	ā hānˊ chāu~ gīˇ mōng tɯngˊ gīˇ mōng	早餐幾點到幾點呢	engine-auto	
10:30	10:30	10:30	十點半	engine-auto	
1:00	1:00	1:00	下午一點	engine-auto	
2:00	2:00	2:00	下午兩點	engine-auto	
รถออกกี่โมง	rot ok gi mong	rot~ ɔ̄kˇ gīˇ mōng	車子幾點開	engine-auto	
รถออกกี่โมงครับ	rot ok gi mong khrap	rot~ ɔ̄kˇ gīˇ mōng krap~	車子幾點開	engine-auto	
รถถึงกี่โมง	rot thueng gi mong	rot~ tɯngˊ gīˇ mōng	車子幾點抵達	engine-auto	
กลางคืน	klang khuen	glāng kɯ̄n	晚上/夜晚	engine-auto	
เที่ยงคืน	thiang khuen	tīangˋ kɯ̄n	午夜十二點 (24:00)	engine-auto	
เมื่อคืนนี้กลับบ้านกี่โมง	muea khuen nii glap ban gi mong	mɯ̄aˋ kɯ̄n nī~ glapˇ bhānˋ gīˇ mōng	昨晚幾點回家	engine-auto	
1:00	1:00	1:00	凌晨一點 (01:00)	engine-auto	
2:00	2:00	2:00	凌晨兩點 (02:00)	engine-auto	
3:00	3:00	3:00	凌晨三點 (03:00)	engine-auto	
4:00	4:00	4:00	凌晨四點 (04:00)	engine-auto	
5:00	5:00	5:00	凌晨五點 (05:00)	engine-auto	
เมื่อคืนนี้ถึงบ้านกี่โมง	muea khuen nii thueng ban gi mong	mɯ̄aˋ kɯ̄n nī~ tɯngˊ bhānˋ gīˇ mōng	昨晚幾點到家	engine-auto	
เครื่องบินขึ้นกี่โมง	khrueng bin khuen gi mong	krɯ̄angˋ bhin kɯnˋ gīˇ mōng	飛機幾點起飛	engine-auto	
เครื่องบินออกกี่โมง	khrueng bin ok gi mong	krɯ̄angˋ bhin ɔ̄kˇ gīˇ mōng	飛機幾點起飛	engine-auto	
เครื่องบินลงกี่โมง	khrueng bin long gi mong	krɯ̄angˋ bhin long gīˇ mōng	飛機幾點降落	engine-auto	
นาฬิกา	nalika	nā li~ gā	鐘/錶/小時	engine-auto	
นาฬิกาปลุก	nalika pluk	nā li~ gā blukˇ	鬧鐘	engine-auto	
นาฬิกาข้อมือ	nalika kho mue	nā li~ gā kɔ̄ˋ mɯ̄	手錶	engine-auto	
กินครึ่งชิ้น	kin krueng chin	gin krɯngˋ chin~	吃半塊	engine-auto	
กินครึ่งชิ้นก็อิ่มแล้ว	kin krueng chin ko im laeo	gin krɯngˋ chin~ gɔ̄ˋ imˇ lɛ̄u~	吃半塊就飽了	engine-auto	
ตอนบ่ายหยุดเรียนครึ่งวัน	ton bai yut rian krueng wan	dɔ̄n bhāiˇ yutˇ rīan krɯngˋ wan	下午放學半天	engine-auto	
ครึ่งราคา	krueng raa kha	krɯngˋ rā kā	半價	engine-auto	
ครึ่งแก้ว	krueng kaew	krɯngˋ gɛ̄uˋ	半杯	engine-auto	
ครึ่งชั่วโมง	krueng chua mong	krɯngˋ chūaˋ mōng	半小時	engine-auto	
ร้านปิดกี่โมง	ran pit gi mong	rān~ bitˇ gīˇ mōng	商店幾點關門	engine-auto	
เกือบ	kueap	gɯ̄apˇ	幾乎/差點	engine-auto	
เกือบเกิดเรื่อง	kueap koet rueang	gɯ̄apˇ gə̄tˇ rɯ̄angˋ	差點出事	engine-auto	
เกือบตาย	kueap tai	gɯ̄apˇ dāi	差點死掉	engine-auto	
อ่านการ์ตูนทั้งวัน	an katoon thang wan	ānˇ gā dūn tang~ wan	整天看漫畫	engine-auto	
ดูการ์ตูนทั้งวัน	du katoon thang wan	dhū gā dūn tang~ wan	整天看卡通	engine-auto	
นอนทั้งวัน	non thang wan	nɔ̄n tang~ wan	整天都睡覺	engine-auto	
ทำงานทั้งวัน	tham ngan thang wan	tam ngān tang~ wan	整天都在工作	engine-auto	
เล่นเกมทั้งคืน	len game thang khuen	lēnˋ gēm tang~ kɯ̄n	整晚玩遊戲	engine-auto	
เมื่อคืนเล่นเกมทั้งคืน	muea khuen len game thang khuen	mɯ̄aˋ kɯ̄n lēnˋ gēm tang~ kɯ̄n	昨晚整晚玩遊戲	engine-auto	
คุยกับแฟนทั้งคืน	khui kap faen thang khuen	kui gapˇ fɛ̄n tang~ kɯ̄n	整晚跟男朋友聊天	engine-auto	
ทั้งวันทั้งคืน	thang wan thang khuen	tang~ wan tang~ kɯ̄n	整天整夜	engine-auto	
ทำงานทั้งวันทั้งคืน	tham ngan thang wan thang khuen	tam ngān tang~ wan tang~ kɯ̄n	工作整天整夜	engine-auto	
เหนื่อยมาก	nuei mak	nɯ̄aiˇ mākˋ	很累	engine-auto	
ดึก	duek	dhɯkˇ	晚/遲	engine-auto	
กลับบ้านดึก	glap ban duek	glapˇ bhānˋ dhɯkˇ	晚歸	engine-auto	
ดึกแล้วทำไมไม่กลับบ้าน	duek laeo thammai mai glap ban	dhɯkˇ lɛ̄u~ tam mai maiˋ glapˇ bhānˋ	很晚了，為什麼不回家	engine-auto	
ดึกแล้วทำไมไม่นอน	duek laeo thammai mai non	dhɯkˇ lɛ̄u~ tam mai maiˋ nɔ̄n	很晚了，為什麼不睡覺	engine-auto	
เหนื่อยจะตาย	nuei ja tai	nɯ̄aiˇ jaˇ dāi	累死了	engine-auto	
เหนื่อยตายเลย	nuei tai loei	nɯ̄aiˇ dāi lə̄i	累死了	engine-auto	
สู้สู้นะคะ	suu suu na kha	sūˋ sūˋ na~ ka~	加油/努力	engine-auto	
มะพร้าว	maphrao	ma~ prāu~	椰子	engine-auto	
น้ำมะพร้าว	nam maphrao	nām~ ma~ prāu~	椰子水	engine-auto	
น้ำมะพร้าวหวานมาก	nam maphrao wan mak	nām~ ma~ prāu~ wānˊ mākˋ	椰子水很甜	engine-auto	
มะพร้าวเผา	maphrao phao	ma~ prāu~ pāuˊ	烤椰子	engine-auto	
กะทิ	kati	gaˇ ti~	椰奶	engine-auto	
ไม่เอากะทิ	mai ao kati	maiˋ au gaˇ ti~	不要椰奶	engine-auto	
ไม่ใส่กะทิ	mai sai kati	maiˋ saiˇ gaˇ ti~	不要加椰奶	engine-auto	
น้ำปลาหวาน	nam pla wan	nām~ blā wānˊ	魚露醬/魚露	engine-auto	
มะนาว	ma nao	ma~ nāu	檸檬	engine-auto	
ชามะนาว	cha ma nao	chā ma~ nāu	檸檬茶	engine-auto	
ชามะนาวไม่หวาน	cha ma nao mai wan	chā ma~ nāu maiˋ wānˊ	檸檬茶不要甜	engine-auto	
มะละกอ	malakor	ma~ la~ gɔ̄	木瓜	engine-auto	
ใช้มะละกอตําส้มตํา	chai malakor tam som tam	chai~ ma~ la~ gɔ̄ dam somˋ dam	用木瓜搗青木瓜沙拉	engine-auto	
มะเขือเทศ	makuea thet	ma~ kɯ̄aˊ tētˋ	蕃茄	engine-auto	
ชอบกินมะเขือเทศไหมคะ	chop kin makuea thet mai kha	chɔ̄pˋ gin ma~ kɯ̄aˊ tētˋ maiˊ ka~	喜歡吃番茄嗎	engine-auto	
มะเขือเทศลูกเล็ก	makuea thet luk lek	ma~ kɯ̄aˊ tētˋ lūkˋ lek~	小番茄	engine-auto	
ซอสมะเขือเทศ	sos makuea thet	sɔ̄tˋ ma~ kɯ̄aˊ tētˋ	番茄醬	engine-auto	
มีซอสมะเขือเทศไหมคะ	mii sos makuea thet mai kha	mī sɔ̄tˋ ma~ kɯ̄aˊ tētˋ maiˊ ka~	有番茄醬嗎	engine-auto	
อ้อย	oi	ɔ̄iˋ	甘蔗	engine-auto	
น้ำอ้อย	nam oi	nām~ ɔ̄iˋ	甘蔗汁	engine-auto	
อ้อยเข้าปากช้าง	oi khao pak chang	ɔ̄iˋ kāuˋ bākˇ chāng~	有趣的寓言 (象口中的甘蔗)	engine-auto	
คั้น	khan	kan~	榨/擠	engine-auto	
น้ำมะนาวคั้น	nam ma nao khan	nām~ ma~ nāu kan~	榨檸檬汁	engine-auto	
คั้นส้ม	khan som	kan~ somˋ	榨柳丁	engine-auto	
คั้นมะนาว	khan ma nao	kan~ ma~ nāu	榨檸檬	engine-auto	
ส้มโอ	som o	somˋ ō	柚子	engine-auto	
ยำส้มโอ	yam som o	yam somˋ ō	柚子沙拉	engine-auto	
ส้มเช้ง	som cheng	somˋ chēng~	柳丁	engine-auto	
ส้มเช้งเปรี้ยว	som cheng priao	somˋ chēng~ brīauˋ	柳丁是酸的	engine-auto	
ชอบกินน้ำส้มเช้งไหมคะ	chop kin nam som cheng mai kha	chɔ̄pˋ gin nām~ somˋ chēng~ maiˊ ka~	喜歡喝柳丁汁嗎	engine-auto	
กล้วย	kluai	glūayˋ	香蕉	engine-auto	
กล้วย	kluai	glūayˋ	香蕉	engine-auto	
กล้วยที่เมืองไทยถูกมากๆ	kluai thi mueang thai thuk mak mak	glūayˋ tīˋ mɯ̄ang tai tūkˇ mākˋ mākˋ	泰國的香蕉很便宜	engine-auto	
กล้วยทอด	kluai thot	glūayˋ tɔ̄tˋ	炸香蕉	engine-auto	
กล้วยไข่	kluai khai	glūayˋ kaiˇ	香蕉蛋	engine-auto	
กล้วยปิ้ง	kluai ping	glūayˋ bingˋ	烤香蕉	engine-auto	
กล้วยหอม	kluai hom	glūayˋ hɔ̄mˊ	香蕉	engine-auto	
แตงโม	taeng mo	dɛ̄ng mō	西瓜	engine-auto	
แตงโมสีแดง	taeng mo si daeng	dɛ̄ng mō sīˊ dhɛ̄ng	紅西瓜	engine-auto	
แตงโมสีเหลือง	taeng mo si lueang	dɛ̄ng mō sīˊ lɯ̄angˊ	黃西瓜	engine-auto	
น้ำแตงโม	nam taeng mo	nām~ dɛ̄ng mō	西瓜汁	engine-auto	
ชอบกินที่สุด	chop kin thi sut	chɔ̄pˋ gin tīˋ sutˇ	最喜歡吃	engine-auto	
มังคุด	mangkut	mang kut~	山竹	engine-auto	
ชอบกินมังคุด	chop kin mangkut	chɔ̄pˋ gin mang kut~	喜歡吃山竹	engine-auto	
ทุเรียน	thurian	tu~ rīan	榴槤	engine-auto	
ทุเรียนทอด	thurian thot	tu~ rīan tɔ̄tˋ	炸榴槤	engine-auto	
ทุเรียนอบแห้ง	thurian op haeng	tu~ rīan opˇ hɛ̄ngˋ	烤乾榴槤	engine-auto	
อบ	op	opˇ	烤/烘	engine-auto	
แห้ง	haeng	hɛ̄ngˋ	乾	engine-auto	
มะขาม	makham	ma~ kāmˊ	羅望果	engine-auto	
ซอสมะขาม	sos makham	sɔ̄tˋ ma~ kāmˊ	羅望果醬	engine-auto	
น้ำมะขาม	nam makham	nām~ ma~ kāmˊ	羅望果汁	engine-auto	
กระป๋อง	krapong	graˇ bɔ̄ngˊ	罐頭	engine-auto	
ปลากระป๋อง	pla krapong	blā graˇ bɔ̄ngˊ	魚罐頭	engine-auto	
กระป๋องละเท่าไหร่	krapong la thao rai	graˇ bɔ̄ngˊ la~ tāuˋ raiˇ	一罐多少錢	engine-auto	
ทับทิม	thap thim	tap~ tim	紅寶石 (泰式甜點)	engine-auto	
ทับทิมกรอบ	thap thim krop	tap~ tim grɔ̄pˇ	紅寶石甜點	engine-auto	
กรอบ	krop	grɔ̄pˇ	脆	book-exact	(book-exact已用引擎重新驗證)
ลองกอง	longkong	lɔ̄ng gɔ̄ng	蘭薩果/龍宮果	engine-auto	
เคยกินลองกองไหม	khoei kin longkong mai	kə̄i gin lɔ̄ng gɔ̄ng maiˊ	吃過龍宮果嗎	engine-auto	
เคยเห็น	khoei hen	kə̄i henˊ	看過	engine-auto	
เคยกิน	khoei kin	kə̄i gin	吃過	engine-auto	
เคยไปเมืองไทย	khoei pai mueang thai	kə̄i bai mɯ̄ang tai	去過泰國	engine-auto	
เคยมา	khoei ma	kə̄i mā	來過	engine-auto	
ลิ้นจี่	lin ji	lin~ jīˇ	荔枝	engine-auto	
ลำไย	lam yai	lam yai	龍眼	engine-auto	
สาลี่	sa li	sāˊ līˋ	水梨	engine-auto	
ลูกท้อ	luk tho	lūkˋ tɔ̄~	桃子	engine-auto	
ลูกท้อญี่ปุ่น	luk tho yipun	lūkˋ tɔ̄~ yīˋ bunˇ	日本桃子	engine-auto	
บ๊วย	buai	bhūay~	梅子/李子	engine-auto	
แอปเปิล	apple	ɛ̄pˇ bə̄n	蘋果	engine-auto	
เชอร์รี่	cherry	chə̄ rīˋ	櫻桃	engine-auto	
กีวี่	kiwi	gī wīˋ	奇異果	engine-auto	
อะโวคาโด	avocado	aˇ wō kā dhō	酪梨	engine-auto	
มะปราง	maprang	ma~ brāng	黃皮	engine-auto	
อาทิตย์หน้าเจอกัน	athit naa jer kan	ā tit~ nāˋ jə̄ gan	大家我們下禮拜見	engine-auto	
ถึงเวลาแล้ว	theung wela laeo	tɯngˊ wē lā lɛ̄u~	到時間了	engine-auto	
ถึงเวลาเรียนแล้ว	theung wela rian laeo	tɯngˊ wē lā rīan lɛ̄u~	到上課時間了	engine-auto	
มะพร้าว	maphrao	ma~ prāu~	椰子	engine-auto	
น้ํามะพร้าว	nam maphrao	nam~ ma~ prāu~	椰子水	engine-auto	
กินน้ํามะพร้าว	kin nam maphrao	gin nam~ ma~ prāu~	喝椰子水	engine-auto	
เนื้อมะพร้าว	nuea maphrao	nɯ̄a~ ma~ prāu~	椰子肉	engine-auto	
กินเนื้อมะพร้าว	kin nuea maphrao	gin nɯ̄a~ ma~ prāu~	吃椰子肉	engine-auto	
กินไอติมมะพร้าวดีกว่า	kin aitim maphrao di kwa	gin ai dim ma~ prāu~ dhī gwāˇ	吃椰子冰淇淋比較好	engine-auto	
มะนาว	manao	ma~ nāu	檸檬/酸橙	engine-auto	
เอาน้ํามะนาว	ao nam manao	au nam~ ma~ nāu	我要檸檬汁	engine-auto	
เอาชามะนาวไม่ใส่น้ําตาล	ao cha manao mai sai namtan	au chā ma~ nāu maiˋ saiˇ nam~ dān	我要不加糖的檸檬茶	engine-auto	
มะละกอ	malako	ma~ la~ gɔ̄	木瓜	engine-auto	
มะละกอลูกละเท่าไหร่	malako luk la thao rai	ma~ la~ gɔ̄ lūkˋ la~ tāuˋ raiˇ	木瓜一顆多少錢？	engine-auto	
มะละกอชิ้นละเท่าไหร่	malako chin la thao rai	ma~ la~ gɔ̄ chin~ la~ tāuˋ raiˇ	木瓜一塊多少錢？	engine-auto	
ถุงละเท่าไหร่	thung la thao rai	tungˊ la~ tāuˋ raiˇ	一袋多少錢？	engine-auto	
มะเขือเทศ	makhuea thet	ma~ kɯ̄aˊ tētˋ	番茄	engine-auto	
ซอสมะเขือเทศมีหลายยี่ห้อ	sot makhuea thet mi lai yiho	sɔ̄tˋ ma~ kɯ̄aˊ tētˋ mī lāiˊ yīˋ hɔ̄ˋ	番茄醬有很多牌子	engine-auto	
มะเขือ	makhuea	ma~ kɯ̄aˊ	茄子	engine-auto	
อ้อย	oi	ɔ̄iˋ	甘蔗	engine-auto	
ไม่ใส่น้ําตาล	mai sai namtan	maiˋ saiˇ nam~ dān	不加糖	engine-auto	
ส้ม	som	somˋ	橘子	engine-auto	
ส้มโอ	som o	somˋ ō	柚子	engine-auto	
เนื้อส้มโอข้างในก็มีสีแดง	nuea som o khang nai ko mi si daeng	nɯ̄a~ somˋ ō kāngˋ nai gɔ̄ˋ mī sīˊ dhɛ̄ng	裡面也有紅色	engine-auto	
เนื้อส้มโอ	nuea som o	nɯ̄a~ somˋ ō	橘子的果肉	engine-auto	
ส้มเช้ง	som cheng	somˋ chēng~	柑橘/甜橙	engine-auto	
ส้มเช้งของภาคกลางหวานมาก	som cheng khong phak klang wan mak	somˋ chēng~ kɔ̄ngˊ pākˋ glāng wānˊ mākˋ	中部的甜橙很甜	engine-auto	
กล้วย	kluai	glūayˋ	香蕉	engine-auto	
กล้วยหอม	kluai hom	glūayˋ hɔ̄mˊ	香蕉	engine-auto	
กล้วยทอด	kluai thot	glūayˋ tɔ̄tˋ	炸香蕉	engine-auto	
เคยกินกล้วยทอดไหมคะ	khoe-i kin kluai thot mai ka	kə̄i gin glūayˋ tɔ̄tˋ maiˊ ka~	你吃過炸香蕉嗎？	engine-auto	
กล้วยปิ้ง	kluai ping	glūayˋ bingˋ	烤香蕉	engine-auto	
กล้วยย่าง	kluai yang	glūayˋ yāngˋ	烤香蕉	engine-auto	
แตงโม	taeng mo	dɛ̄ng mō	西瓜	engine-auto	
แตงโมไต้หวันลูกใหญ่	taeng mo taiwan luk yai	dɛ̄ng mō daiˋ wanˊ lūkˋ yaiˇ	臺灣西瓜很大顆	engine-auto	
แตงโมเมืองไทยลูกเล็ก	taeng mo mueang thai luk lek	dɛ̄ng mō mɯ̄ang tai lūkˋ lek~	泰國西瓜很小顆	engine-auto	
แตงโมอ่อน	taeng mo on	dɛ̄ng mō ɔ̄nˇ	生西瓜	engine-auto	
แกงส้ม	kaeng som	gɛ̄ng somˋ	泰國人拿來煮酸辣湯	engine-auto	
มังคุด	mangkut	mang kut~	山竹	engine-auto	
มังคุดบางลูกเปรี้ยว	mangkut bang luk priao	mang kut~ bhāng lūkˋ brīauˋ	有些山竹是酸的。	engine-auto	
มังคุดบางลูกหวาน	mangkut bang luk wan	mang kut~ bhāng lūkˋ wānˊ	有些山竹是甜的。	engine-auto	
ทุเรียน	thurian	tu~ rīan	榴槤	engine-auto	
ข้างในเป็นสีแดง	khang nai pen si daeng	kāngˋ nai ben sīˊ dhɛ̄ng	裡面是紅色的	engine-auto	
ข้างในเป็นสีแดงหรือสีขาว	khang nai pen si daeng rue si khao	kāngˋ nai ben sīˊ dhɛ̄ng rɯ̄ˊ sīˊ kāuˊ	裡面是紅色或是白色的。	engine-auto	
มะขาม	makham	ma~ kāmˊ	羅望子	engine-auto	
มีใครเคยกินมะขามไหม	mi khrai khoei kin makham mai	mī krai kə̄i gin ma~ kāmˊ maiˊ	有人吃過羅望子嗎？	engine-auto	
ลองกอง	longkong	lɔ̄ng gɔ̄ng	龍功	engine-auto	
ลองกองไม่ใช่ลําไย	longkong mai chai lamyai	lɔ̄ng gɔ̄ng maiˋ chaiˋ lam yai	龍功不是龍眼。	engine-auto	
ทับทิม	thapthim	tap~ tim	紅石榴	engine-auto	
ทับทิมกรอบ	thapthim krop	tap~ tim grɔ̄pˇ	紅石榴甜點	engine-auto	
กินทับทิมทําให้ผิวสวย	kin thapthim tham hai phiu suai	gin tap~ tim tam haiˋ piwˊ sūayˊ	吃紅石榴會讓皮膚變漂亮。	engine-auto	
ทุเรียนอบแห้ง	thurian op haeng	tu~ rīan opˇ hɛ̄ngˋ	榴槤乾	engine-auto	
เคยกินไหม	khoe-i kin mai	kə̄i gin maiˊ	你吃過嗎？	engine-auto	
เคยเรียนไหม	khoe-i rian mai	kə̄i rīan maiˊ	你學過嗎？	engine-auto	
เคยไปไหม	khoe-i pai mai	kə̄i bai maiˊ	你去過嗎？	engine-auto	
เคยมาไหมครับ	khoe-i ma mai khrab	kə̄i mā maiˊ krap~	你來過嗎？	engine-auto	
เคยใช้ไหม	khoe-i chai mai	kə̄i chai~ maiˊ	你用過嗎？	engine-auto	
เคยซื้อไหมครับ	khoe-i seu mai khrab	kə̄i sɯ̄~ maiˊ krap~	你買過嗎？	engine-auto	
สาย	sai	sāiˊ	條	engine-auto	
สายสีแดง	sai si daeng	sāiˊ sīˊ dhɛ̄ng	紅線	engine-auto	
แม่น้ำสายนี้	mae nam sai ni	mɛ̄ˋ nām~ sāiˊ nī~	這條河	engine-auto	
สองข้างทาง	song khang thang	sɔ̄ngˊ kāngˋ tāng	兩邊	engine-auto	
มีร้านอาหารเยอะ	mi ran ahan yoe	mī rān~ ā hānˊ yə~	兩邊有很多餐廳	engine-auto	
ข้างทาง	khang thang	kāngˋ tāng	路邊	engine-auto	
ทางออก	thang ok	tāng ɔ̄kˇ	出口	engine-auto	
ลอย	loi	lɔ̄i	浮/飄	engine-auto	
ใบ	bai	bhai	樹葉	engine-auto	
ใบตอง	bai tong	bhai dɔ̄ng	香蕉葉	engine-auto	
ขี้เกียจ	khi kiat	kīˋ gīatˇ	懶惰	engine-auto	
ปอก	pok	bɔ̄kˇ	剝	engine-auto	
เปลือก	plueak	blɯ̄akˇ	皮（水果）	engine-auto	
ปอกเปลือกยาก	pok plueak yak	bɔ̄kˇ blɯ̄akˇ yākˋ	剝皮很難	engine-auto	
ขับรถไปเอง	khab rot pai eng	kapˇ rot~ bai ēng	自己開車去	engine-auto	
ขับรถเป็นไหม	khab rot pen mai	kapˇ rot~ ben maiˊ	你會開車嗎	engine-auto	
คุณขับรถเป็นไหม	khun khab rot pen mai	kun kapˇ rot~ ben maiˊ	你會開車嗎	engine-auto	
ฉันขับรถเป็น	chan khab rot pen	chanˊ kapˇ rot~ ben	我會開車	engine-auto	
ฉันขับรถไม่เป็น	chan khab rot mai pen	chanˊ kapˇ rot~ maiˋ ben	我不會開車	engine-auto	
ใบไม้	bai mai	bhai mai~	葉子	engine-auto	
ไม้	mai	mai~	木頭	engine-auto	
ใบชา	bai cha	bhai chā	茶葉	engine-auto	
ใบบัว	bai bua	bhai bhūa	蓮花葉/荷花葉	engine-auto	
ใบตอง	bai tong	bhai dɔ̄ng	香蕉葉	engine-auto	
ใบมะกรูด	bai makrut	bhai ma~ grūtˇ	檸檬葉	engine-auto	
ไก่ห่อใบเตย	gai ho bai toei	gaiˇ hɔ̄ˇ bhai də̄i	雞肉裹香蘭葉	engine-auto	
ห่อ	ho	hɔ̄ˇ	裹/包	engine-auto	
ใบเตย	bai toei	bhai də̄i	香蘭葉	engine-auto	
น้ำใบเตย	nam bai toei	nām~ bhai də̄i	香蘭葉汁	engine-auto	
ดอกไม้	dok mai	dhɔ̄kˇ mai~	花	engine-auto	
ดอกบัว	dok bua	dhɔ̄kˇ bhūa	蓮花	engine-auto	
ดอกอัญชัน	dok anchan	dhɔ̄kˇ an chan	蝶豆花	engine-auto	
ดอกกุหลาบ	dok kulap	dhɔ̄kˇ guˇ lāpˇ	玫瑰花	engine-auto	
ดอกกล้วยไม้	dok kluai mai	dhɔ̄kˇ glūayˋ mai~	蘭花	engine-auto	
นี่ดอกอะไร	ni dok arai	nīˋ dhɔ̄kˇ aˇ rai	這是什麼花	engine-auto	
ดอกมะลิ	dok mali	dhɔ̄kˇ ma~ li~	茉莉花	engine-auto	
วันแม่	wan mae	wan mɛ̄ˋ	泰國的母親節	engine-auto	
ปลูก	pluk	blūkˇ	種植	engine-auto	
ปลูกข้าว	pluk khao	blūkˇ kāuˋ	種稻	engine-auto	
ปลูกดอกไม้	pluk dok mai	blūkˇ dhɔ̄kˇ mai~	種花	engine-auto	
ปลูกตะไคร้	pluk takhai	blūkˇ daˇ krai~	種香茅	engine-auto	
ตะไคร้	takhai	daˇ krai~	香茅	engine-auto	
น้ำตะไคร้	nam takhai	nām~ daˇ krai~	香茅水	engine-auto	
ปลูกผักกินเอง	pluk phak kin eng	blūkˇ pakˇ gin ēng	自己種菜來吃	engine-auto	
เปลือกกล้วย	plueak kluai	blɯ̄akˇ glūayˋ	香蕉皮	engine-auto	
เปลือกส้มโอ	plueak som o	blɯ̄akˇ somˋ ō	柚子皮	engine-auto	
ปั่น	pan	banˇ	冰沙/打成果汁	engine-auto	
มะนาวปั่น	manao pan	ma~ nāu banˇ	檸檬冰沙	engine-auto	
ส้มปั่น	som pan	somˋ banˇ	橘子冰沙	engine-auto	
แตงโมปั่น	taeng mo pan	dɛ̄ng mō banˇ	西瓜冰沙	engine-auto	
ชาเย็นปั่น	cha yen pan	chā yen banˇ	泰式奶茶冰沙	engine-auto	
กาแฟปั่น	kafae pan	gā fɛ̄ banˇ	咖啡冰沙	engine-auto	
เหนือ	nuea	nɯ̄aˊ	北部	engine-auto	
ภาคเหนือ	phak nuea	pākˋ nɯ̄aˊ	北部	engine-auto	
เชียงใหม่	chiangmai	chīang maiˇ	清邁	engine-auto	
เชียงราย	chiangrai	chīang rāi	清萊	engine-auto	
ลำปาง	lampang	lam bāng	南邦	engine-auto	
อยู่ภาคเหนือ	yu phak nuea	yūˋ pākˋ nɯ̄aˊ	位於北部	engine-auto	
เชียงใหม่อยู่ภาคเหนือ	chiangmai yu phak nuea	chīang maiˇ yūˋ pākˋ nɯ̄aˊ	清邁位於北部	engine-auto	
เชียงรายอยู่ภาคเหนือ	chiangrai yu phak nuea	chīang rāi yūˋ pākˋ nɯ̄aˊ	清萊位於北部	engine-auto	
ลำปางอยู่ภาคเหนือ	lampang yu phak nuea	lam bāng yūˋ pākˋ nɯ̄aˊ	南邦位於北部	engine-auto	
ลำไย	lamyai	lam yai	龍眼	engine-auto	
ลิ้นจี่	linji	lin~ jīˇ	荔枝	engine-auto	
ใต้	tai	daiˋ	南部	engine-auto	
ภาคใต้	phak tai	pākˋ daiˋ	南部	engine-auto	
ภูเก็ต	phuket	pū getˇ	普吉	engine-auto	
พังงา	phangnga	pang ngā	攀牙	engine-auto	
ภูเก็ตอยู่ภาคใต้	phuket yu phak tai	pū getˇ yūˋ pākˋ daiˋ	普吉位於南部	engine-auto	
พังงาอยู่ภาคใต้	phangnga yu phak tai	pang ngā yūˋ pākˋ daiˋ	攀牙位於南部	engine-auto	
จังหวัด	changwat	jang watˇ	府	engine-auto	
จังหวัดเชียงใหม่	changwat chiangmai	jang watˇ chīang maiˇ	清邁府	engine-auto	
จังหวัดเชียงราย	changwat chiangrai	jang watˇ chīang rāi	清萊府	engine-auto	
จังหวัดภูเก็ต	changwat phuket	jang watˇ pū getˇ	普吉府	engine-auto	
ภาคกลาง	phak klang	pākˋ glāng	中部	engine-auto	
กรุงเทพ	krungthep	grung tēpˋ	曼谷	engine-auto	
กรุงเทพอยู่ภาคกลาง	krungthep yu phak klang	grung tēpˋ yūˋ pākˋ glāng	曼谷位於中部	engine-auto	
สุโขทัย	sukhothai	suˇ kōˊ tai	素可泰	engine-auto	
สุโขทัยอยู่ภาคกลาง	sukhothai yu phak klang	suˇ kōˊ tai yūˋ pākˋ glāng	素可泰位於中部	engine-auto	
ช้าง	chang	chāng~	象	engine-auto	
อยู่ภาคตะวันออก	yu phak tawan ok	yūˋ pākˋ daˇ wan ɔ̄kˇ	位於東部	engine-auto	
ทั้งและ	thang lae	tang~ lɛ~	兩者都	engine-auto	
ภาษาจีนกลาง	phasa jin klang	pā sāˊ jīn glāng	華語/普通話	engine-auto	
ภาษาจีนแต้จิ๋ว	phasa jin tae jiu	pā sāˊ jīn dɛ̄ˋ jiwˊ	潮州話	engine-auto	
คนจีน	khon jin	kon jīn	華人	engine-auto	
คนไต้หวัน	khon taiwan	kon daiˋ wanˊ	臺灣人	engine-auto	
ทั้งคนจีนและคนไต้หวันพูดภาษาจีนกลาง	thang khon jin lae khon taiwan phut phasa jin klang	tang~ kon jīn lɛ~ kon daiˋ wanˊ pūtˋ pā sāˊ jīn glāng	華人和臺灣人都說華語	engine-auto	
ทุเรียน	thurian	tu~ rīan	榴槤	engine-auto	
มังคุด	mangkut	mang kut~	山竹	engine-auto	
ภาคอีสาน	phak isan	pākˋ ī sānˊ	東北	engine-auto	
มีคนอีสาน	mi khon isan	mī kon ī sānˊ	有東北人	engine-auto	
พูดภาษาอีสาน	phut phasa isan	pūtˋ pā sāˊ ī sānˊ	說東北話	engine-auto	
กินอาหารอีสาน	kin ahan isan	gin ā hānˊ ī sānˊ	吃東北菜	engine-auto	
แฟนคนแรก	faen khon raek	fɛ̄n kon rɛ̄kˋ	第一個男朋友/女朋友	engine-auto	
วันแรก	wan raek	wan rɛ̄kˋ	第一天	engine-auto	
จานแรก	chan raek	jān rɛ̄kˋ	第一盤	engine-auto	
คนอีสานปลูกข้าวทำนา	khon isan pluk khao tham na	kon ī sānˊ blūkˇ kāuˋ tam nā	東北人種稻/務農	engine-auto	
นา	na	nā	田	engine-auto	
เดียวกัน	diaokan	dhīau gan	相同/一樣	engine-auto	
ทางเดียวกัน	thang diaokan	tāng dhīau gan	同一條路	engine-auto	
ไปด้วยกัน	pai duaykan	bai dhūayˋ gan	一起去	engine-auto	
เกิดเดือนเดียวกัน	koet duean diaokan	gə̄tˇ dhɯ̄an dhīau gan	同一個月出生	engine-auto	
วันเดียวกัน	wan diaokan	wan dhīau gan	同一天	engine-auto	
ไปด้วยกันไหม	pai duaykan mai	bai dhūayˋ gan maiˊ	一起去嗎	engine-auto	
เดียว	diao	dhīau	一	engine-auto	
ร้อยเดียว	roi diao	rɔ̄i~ dhīau	一百	engine-auto	
เรียนเดือนเดียว	rian duean diao	rīan dhɯ̄an dhīau	一個月學習	engine-auto	
อยู่คนเดียว	yu khon diao	yūˋ kon dhīau	一個人住	engine-auto	
เหงาไหม	ngao mai	ngāuˊ maiˊ	寂寞嗎	engine-auto	
อยู่คนเดียวแต่ไม่เหงา	yu khon diao tae mai ngao	yūˋ kon dhīau dɛ̄ˇ maiˋ ngāuˊ	一個人住但不寂寞	engine-auto	
เหงา	ngao	ngāuˊ	寂寞	engine-auto	
อาทิตย์หน้าเจอกัน	athit na choe kan	ā tit~ nāˋ jə̄ gan	下週見	engine-auto	
ขอบคุณค่ะ	khopkhun ka	kɔ̄pˇ kun kaˋ	謝謝	engine-auto	
เดินตรงไปแล้วก็เลี้ยวซ้าย	dern dtrong bpai laeo gor liao sai	dhə̄n drong bai lɛ̄u~ gɔ̄ˋ līau~ sāi~	直走然後左轉	engine-auto	
เลี้ยวซ้ายก็ถึงแล้ว	liao sai gor teung laeo	līau~ sāi~ gɔ̄ˋ tɯngˊ lɛ̄u~	左轉就到了	engine-auto	
ไฟแดง	fai daeng	fai dhɛ̄ng	紅綠燈	engine-auto	
ถึงไฟแดงแล้วก็เลี้ยวขวา	teung fai daeng laeo gor liao kwa	tɯngˊ fai dhɛ̄ng lɛ̄u~ gɔ̄ˋ līau~ kwāˊ	到紅綠燈然後右轉	engine-auto	
เลี้ยวขวาก็ถึงแล้ว	liao kwa gor teung laeo	līau~ kwāˊ gɔ̄ˋ tɯngˊ lɛ̄u~	右轉就到了	engine-auto	
หน้า	na	nāˋ	前面	engine-auto	
หน้า	na	nāˋ	臉 / 頁 / 下週	engine-auto	
อาทิตย์หน้า	aa tit na	ā tit~ nāˋ	下週	engine-auto	
หน้าบ้าน	na baan	nāˋ bhānˋ	屋子前面	engine-auto	
หน้าตลาด	na dtalaat	nāˋ daˇ lātˋ	市場前面	engine-auto	
ประตู	bpra dtoo	braˇ dū	門	engine-auto	
หน้าประตู	na bpra dtoo	nāˋ braˇ dū	門口前面	engine-auto	
หน้าทางออก	na taang awk	nāˋ tāng ɔ̄kˇ	出口前面	engine-auto	
โรงแรม	roong raem	rōng rɛ̄m	飯店	engine-auto	
หน้าโรงแรม	na roong raem	nāˋ rōng rɛ̄m	飯店前面	engine-auto	
หน้าคอนโด	na kawndo	nāˋ kɔ̄n dhō	公寓前面	engine-auto	
หลัง	lang	langˊ	後面 / 背	engine-auto	
หลังห้าง	lang haang	langˊ hāngˋ	百貨公司後面	engine-auto	
หลังห้างมีตลาด	lang haang mee dtalaat	langˊ hāngˋ mī daˇ lātˋ	百貨公司後面有市場	engine-auto	
หลังบ้านปลูกดอกไม้เยอะ	lang baan bplook dawk mai yuh	langˊ bhānˋ blūkˇ dhɔ̄kˇ mai~ yə~	屋子後面種很多花	engine-auto	
บน	bon	bhon	上面	engine-auto	
ฟุตบาท	foot baat	fut~ bhātˇ	人行道	engine-auto	
บนฟุตบาท	bon foot baat	bhon fut~ bhātˇ	人行道上	engine-auto	
บนเครื่องบิน	bon kreuang bin	bhon krɯ̄angˋ bhin	飛機上	engine-auto	
บนสะพานลอย	bon sa paan loy	bhon saˇ pān lɔ̄i	天橋上	engine-auto	
บนโต๊ะ	bon dtoh	bhon do~	桌子上	engine-auto	
บนโต๊ะมีของเยอะ	bon dtoh mee kawng yuh	bhon do~ mī kɔ̄ngˊ yə~	桌子上有很多東西	engine-auto	
คอมพิวเตอร์	kawm piw dter	kɔ̄m piw də̄	電腦	engine-auto	
โทรศัพท์	too ra sap	tōn sapˇ	電話	engine-auto	
กระดาษ	gp ra dtaat	graˇ dhātˇ	紙	engine-auto	
ชั้นบน / ข้างบน	chan bon / kaang bon	chan~ bhon / kāngˋ bhon	樓上	engine-auto	
ห้องนอนอยู่ชั้นบน	hawng nawn yoo chan bon	hɔ̄ngˋ nɔ̄n yūˋ chan~ bhon	臥房在樓上	engine-auto	
ขึ้น	keun	kɯnˋ	上（動詞）	engine-auto	
ขึ้นเครื่องบิน / ขึ้นเครื่อง	keun kreuang bin / keun kreuang	kɯnˋ krɯ̄angˋ bhin / kɯnˋ krɯ̄angˋ	上飛機	engine-auto	
ขึ้นเครื่องกี่โมง	keun kreuang gee moong	kɯnˋ krɯ̄angˋ gīˇ mōng	幾點上飛機	engine-auto	
ขึ้นเขา	keun kao	kɯnˋ kāuˊ	上山	engine-auto	
เดินขึ้นเขา	dern keun kao	dhə̄n kɯnˋ kāuˊ	走路上山	engine-auto	
ขับรถขึ้นเขา	kap rot keun kao	kapˇ rot~ kɯnˋ kāuˊ	開車上山	engine-auto	
ขึ้นรถ	keun rot	kɯnˋ rot~	上車	engine-auto	
ชั้นล่าง / ข้างล่าง	chan laang / kaang laang	chan~ lāngˋ / kāngˋ lāngˋ	樓下	engine-auto	
ห้องน้ำอยู่ชั้นล่าง	hawng naam yoo chan laang	hɔ̄ngˋ nām~ yūˋ chan~ lāngˋ	廁所在樓下	engine-auto	
ใต้	dtai	daiˋ	下面 / 之下	engine-auto	
ใต้ที่นั่ง	dtai tee nang	daiˋ tīˋ nangˋ	座位下面	engine-auto	
เก็บกระเป๋าใต้ที่นั่ง	gep gra bpao dtai tee nang	gepˇ graˇ bāuˊ daiˋ tīˋ nangˋ	把包包收在座位下面	engine-auto	
ชั้นใต้ดิน	chan dtai din	chan~ daiˋ dhin	地下樓	engine-auto	
รถอยู่ชั้นใต้ดิน	rot yoo chan dtai din	rot~ yūˋ chan~ daiˋ dhin	車子在地下樓	engine-auto	
ลง	long	long	下（動詞）	book-exact	(book-exact已用引擎重新驗證)
ลงบันไดเลื่อน	long ban dai leuan	long bhan dhai lɯ̄anˋ	下手扶梯	engine-auto	
เครื่องลง	kreuang long	krɯ̄angˋ long	降落（飛機下）	engine-auto	
เครื่องบินลงกี่โมง	kreuang bin long gee moong	krɯ̄angˋ bhin long gīˇ mōng	飛機幾點降落	engine-auto	
สิบโมงสี่สิบห้านาที	sip moong see sip haa naa tee	sipˇ mōng sīˇ sipˇ hāˋ nā tī	早上十點四十五分	engine-auto	
สี่ทุ่ม	see toom	sīˇ tumˋ	晚上十點	engine-auto	
ใน	nai	nai	裡面	engine-auto	
ในใจของคุณมีฉันไหม / มีผมไหม	nai jai kawng koon mee chan mai / mee pom mai	nai jai kɔ̄ngˊ kun mī chanˊ maiˊ / mī pomˊ maiˊ	你心裡有我嗎	engine-auto	
ในใจของฉันมีคุณคนเดียว	nai jai kawng chan mee koon kon diao	nai jai kɔ̄ngˊ chanˊ mī kun kon dhīau	我心裡只有你一個人	engine-auto	
เมืองนอก	meuang nawk	mɯ̄ang nɔ̄kˋ	國外	engine-auto	
ไปเที่ยวเมืองนอก	bpai tiao meuang nawk	bai tīauˋ mɯ̄ang nɔ̄kˋ	去國外玩	engine-auto	
ข้างนอก	kaang nawk	kāngˋ nɔ̄kˋ	外面	engine-auto	
ไปกินข้าวข้างนอก	bpai gin kaao kaang nawk	bai gin kāuˋ kāngˋ nɔ̄kˋ	去外面吃飯	engine-auto	
ไปดูหนังข้างนอก กินข้าวข้างนอกด้วยกันไหม	bpai doo nang kaang nawk gin kaao kaang nawk duay gan mai	bai dhū nangˊ kāngˋ nɔ̄kˋ gin kāuˋ kāngˋ nɔ̄kˋ dhūayˋ gan maiˊ	要不要一起去外面看電影	engine-auto	
ข้างๆ	kaang kaang	kāngˋ kāngˋ	旁邊	engine-auto	
ข้างห้องเสียงดังมาก	kaang hawng siang dang maak	kāngˋ hɔ̄ngˋ sīangˊ dhang mākˋ	隔壁房聲音很大	engine-auto	
ตรงกลาง	dtrong glaang	drong glāng	中間	engine-auto	
ที่นั่งตรงกลาง	tee nang dtrong glaang	tīˋ nangˋ drong glāng	中間的位置	engine-auto	
ที่นั่งแถวหลังตรงกลาง	tee nang tae o lang dtrong glaang	tīˋ nangˋ tɛ̄uˊ langˊ drong glāng	中間後排的位置	engine-auto	
กาแฟแก้วกลาง	gaa fae gaeo glaang	gā fɛ̄ gɛ̄uˋ glāng	中杯咖啡	engine-auto	
กลางทาง	glaang taang	glāng tāng	途中 / 路中	engine-auto	
กลางเดือน	glaang deuan	glāng dhɯ̄an	月中	engine-auto	
กลางปี	glaang bpee	glāng bī	年中	engine-auto	
กลางวัน	glaang wan	glāng wan	白天	engine-auto	
กลางคืน	glaang keun	glāng kɯ̄n	夜晚	engine-auto	
เดินตรงไปแล้วก็เลี้ยวซ้าย	dern dtrong bpai laeo gor liao sai	dhə̄n drong bai lɛ̄u~ gɔ̄ˋ līau~ sāi~	直走然後左轉	engine-auto	
เลี้ยวซ้ายก็ถึงแล้ว	liao sai gor teung laeo	līau~ sāi~ gɔ̄ˋ tɯngˊ lɛ̄u~	左轉就到了	engine-auto	
ไฟแดง	fai daeng	fai dhɛ̄ng	紅綠燈	engine-auto	
ถึงไฟแดงแล้วก็เลี้ยวขวา	teung fai daeng laeo gor liao kwa	tɯngˊ fai dhɛ̄ng lɛ̄u~ gɔ̄ˋ līau~ kwāˊ	到紅綠燈然後右轉	engine-auto	
เลี้ยวขวาก็ถึงแล้ว	liao kwa gor teung laeo	līau~ kwāˊ gɔ̄ˋ tɯngˊ lɛ̄u~	右轉就到了	engine-auto	
หน้า	na	nāˋ	前面	engine-auto	
หน้า	na	nāˋ	臉 / 頁 / 下週	engine-auto	
อาทิตย์หน้า	aa tit na	ā tit~ nāˋ	下週	engine-auto	
หน้าบ้าน	na baan	nāˋ bhānˋ	屋子前面	engine-auto	
หน้าตลาด	na dtalaat	nāˋ daˇ lātˋ	市場前面	engine-auto	
ประตู	bpra dtoo	braˇ dū	門	engine-auto	
หน้าประตู	na bpra dtoo	nāˋ braˇ dū	門口前面	engine-auto	
หน้าทางออก	na taang awk	nāˋ tāng ɔ̄kˇ	出口前面	engine-auto	
โรงแรม	roong raem	rōng rɛ̄m	飯店	engine-auto	
หน้าโรงแรม	na roong raem	nāˋ rōng rɛ̄m	飯店前面	engine-auto	
หน้าคอนโด	na kawndo	nāˋ kɔ̄n dhō	公寓前面	engine-auto	
หลัง	lang	langˊ	後面 / 背	engine-auto	
หลังห้าง	lang haang	langˊ hāngˋ	百貨公司後面	engine-auto	
หลังห้างมีตลาด	lang haang mee dtalaat	langˊ hāngˋ mī daˇ lātˋ	百貨公司後面有市場	engine-auto	
หลังบ้านปลูกดอกไม้เยอะ	lang baan bplook dawk mai yuh	langˊ bhānˋ blūkˇ dhɔ̄kˇ mai~ yə~	屋子後面種很多花	engine-auto	
บน	bon	bhon	上面	engine-auto	
ฟุตบาท	foot baat	fut~ bhātˇ	人行道	engine-auto	
บนฟุตบาท	bon foot baat	bhon fut~ bhātˇ	人行道上	engine-auto	
บนเครื่องบิน	bon kreuang bin	bhon krɯ̄angˋ bhin	飛機上	engine-auto	
บนสะพานลอย	bon sa paan loy	bhon saˇ pān lɔ̄i	天橋上	engine-auto	
บนโต๊ะ	bon dtoh	bhon do~	桌子上	engine-auto	
บนโต๊ะมีของเยอะ	bon dtoh mee kawng yuh	bhon do~ mī kɔ̄ngˊ yə~	桌子上有很多東西	engine-auto	
คอมพิวเตอร์	kawm piw dter	kɔ̄m piw də̄	電腦	engine-auto	
โทรศัพท์	too ra sap	tōn sapˇ	電話	engine-auto	
กระดาษ	gp ra dtaat	graˇ dhātˇ	紙	engine-auto	
ชั้นบน / ข้างบน	chan bon / kaang bon	chan~ bhon / kāngˋ bhon	樓上	engine-auto	
ห้องนอนอยู่ชั้นบน	hawng nawn yoo chan bon	hɔ̄ngˋ nɔ̄n yūˋ chan~ bhon	臥房在樓上	engine-auto	
ขึ้น	keun	kɯnˋ	上（動詞）	engine-auto	
ขึ้นเครื่องบิน / ขึ้นเครื่อง	keun kreuang bin / keun kreuang	kɯnˋ krɯ̄angˋ bhin / kɯnˋ krɯ̄angˋ	上飛機	engine-auto	
ขึ้นเครื่องกี่โมง	keun kreuang gee moong	kɯnˋ krɯ̄angˋ gīˇ mōng	幾點上飛機	engine-auto	
ขึ้นเขา	keun kao	kɯnˋ kāuˊ	上山	engine-auto	
เดินขึ้นเขา	dern keun kao	dhə̄n kɯnˋ kāuˊ	走路上山	engine-auto	
ขับรถขึ้นเขา	kap rot keun kao	kapˇ rot~ kɯnˋ kāuˊ	開車上山	engine-auto	
ขึ้นรถ	keun rot	kɯnˋ rot~	上車	engine-auto	
ชั้นล่าง / ข้างล่าง	chan laang / kaang laang	chan~ lāngˋ / kāngˋ lāngˋ	樓下	engine-auto	
ห้องน้ำอยู่ชั้นล่าง	hawng naam yoo chan laang	hɔ̄ngˋ nām~ yūˋ chan~ lāngˋ	廁所在樓下	engine-auto	
ใต้	dtai	daiˋ	下面 / 之下	engine-auto	
ใต้ที่นั่ง	dtai tee nang	daiˋ tīˋ nangˋ	座位下面	engine-auto	
เก็บกระเป๋าใต้ที่นั่ง	gep gra bpao dtai tee nang	gepˇ graˇ bāuˊ daiˋ tīˋ nangˋ	把包包收在座位下面	engine-auto	
ชั้นใต้ดิน	chan dtai din	chan~ daiˋ dhin	地下樓	engine-auto	
รถอยู่ชั้นใต้ดิน	rot yoo chan dtai din	rot~ yūˋ chan~ daiˋ dhin	車子在地下樓	engine-auto	
ลง	long	long	下（動詞）	book-exact	(book-exact已用引擎重新驗證)
ลงบันไดเลื่อน	long ban dai leuan	long bhan dhai lɯ̄anˋ	下手扶梯	engine-auto	
เครื่องลง	kreuang long	krɯ̄angˋ long	降落（飛機下）	engine-auto	
เครื่องบินลงกี่โมง	kreuang bin long gee moong	krɯ̄angˋ bhin long gīˇ mōng	飛機幾點降落	engine-auto	
สิบโมงสี่สิบห้านาที	sip moong see sip haa naa tee	sipˇ mōng sīˇ sipˇ hāˋ nā tī	早上十點四十五分	engine-auto	
สี่ทุ่ม	see toom	sīˇ tumˋ	晚上十點	engine-auto	
ใน	nai	nai	裡面	engine-auto	
ในใจของคุณมีฉันไหม / มีผมไหม	nai jai kawng koon mee chan mai / mee pom mai	nai jai kɔ̄ngˊ kun mī chanˊ maiˊ / mī pomˊ maiˊ	你心裡有我嗎	engine-auto	
在內 ใจของฉันมีคุณคนเดียว	nai jai kawng chan mee koon kon diao	在內 jai kɔ̄ngˊ chanˊ mī kun kon dhīau	我心裡只有你一個人	engine-auto	
เมืองนอก	meuang nawk	mɯ̄ang nɔ̄kˋ	國外	engine-auto	
ไปเที่ยวเมืองนอก	bpai tiao meuang nawk	bai tīauˋ mɯ̄ang nɔ̄kˋ	去國外玩	engine-auto	
ข้างนอก	kaang nawk	kāngˋ nɔ̄kˋ	外面	engine-auto	
ไปกินข้าวข้างนอก	bpai gin kaao kaang nawk	bai gin kāuˋ kāngˋ nɔ̄kˋ	去外面吃飯	engine-auto	
ไปดูหนังข้างนอก ไปกินข้าวข้างนอกด้วยกันไหม	bpai doo nang kaang nawk bpai gin kaao kaang nawk duay gan mai	bai dhū nangˊ kāngˋ nɔ̄kˋ bai gin kāuˋ kāngˋ nɔ̄kˋ dhūayˋ gan maiˊ	去外面看電影吃飯	engine-auto	
ข้างๆ	kaang kaang	kāngˋ kāngˋ	旁邊	engine-auto	
ข้างห้องเสียงดังมาก	kaang hawng siang dang maak	kāngˋ hɔ̄ngˋ sīangˊ dhang mākˋ	隔壁房聲音很大	engine-auto	
ตรงกลาง	dtrong glaang	drong glāng	中間	engine-auto	
ที่นั่งตรงกลาง	tee nang dtrong glaang	tīˋ nangˋ drong glāng	中間的位置	engine-auto	
ที่นั่งแถวหลังตรงกลาง	tee nang tae o lang dtrong glaang	tīˋ nangˋ tɛ̄uˊ langˊ drong glāng	中間後排的位置	engine-auto	
กาแฟแก้วกลาง	gaa fae gaeo glaang	gā fɛ̄ gɛ̄uˋ glāng	中杯咖啡	engine-auto	
กลางทาง	glaang taang	glāng tāng	途中 / 路中	engine-auto	
กลางเดือน	glaang deuan	glāng dhɯ̄an	月中	engine-auto	
กลางปี	glaang bpee	glāng bī	年中	engine-auto	
กลางวัน	glaang wan	glāng wan	白天	engine-auto	
กลางคืน	glaang keun	glāng kɯ̄n	夜晚	engine-auto	
อยู่ตรงข้าม	yoo dtrong kaam	yūˋ drong kāmˋ	在對面	engine-auto	
โรงแรมอยู่ตรงข้ามห้าง	roong raem yoo dtrong kaam haang	rōng rɛ̄m yūˋ drong kāmˋ hāngˋ	飯店在百貨公司對面	engine-auto	
ร้านยาอยู่ตรงข้ามร้านหนังสือ	raan yaa yoo dtrong kaam raan nang seu	rān~ yā yūˋ drong kāmˋ rān~ nangˊ sɯ̄ˊ	藥局在書店對面	engine-auto	
แถวนี้	tae o nee	tɛ̄uˊ nī~	這一帶 / 附近	engine-auto	
แถวนี้รถติดมาก	tae o nee rot dtit maak	tɛ̄uˊ nī~ rot~ ditˇ mākˋ	這一帶車子很塞	engine-auto	
บ้านคุณอยู่แถวไหน	baan koon yoo tae o nai	bhānˋ kun yūˋ tɛ̄uˊ naiˊ	你家在哪一帶	engine-auto	
ภาคเหนือ	paak neua	pākˋ nɯ̄aˊ	北部	engine-auto	
ภาคเหนือหนาวไหม	paak neua naao mai	pākˋ nɯ̄aˊ nāuˊ maiˊ	泰國北部冷嗎	engine-auto	
เคยไปภาคเหนือหลายครั้งแล้ว	koey bpai paak neua laai krang laeo	kə̄i bai pākˋ nɯ̄aˊ lāiˊ krang~ lɛ̄u~	去過北部好幾次了	engine-auto	
ภาคใต้	paak dtai	pākˋ daiˋ	南部	engine-auto	
อาหารภาคใต้	aa haan paak dtai	ā hānˊ pākˋ daiˋ	南部菜	engine-auto	
อาหารภาคใต้เผ็ดมากๆ	aa haan paak dtai bpet maak maak	ā hānˊ pākˋ daiˋ petˇ mākˋ mākˋ	南部菜非常辣	engine-auto	
คุณเคยไปภาคใต้ไหม	koon koey bpai paak dtai mai	kun kə̄i bai pākˋ daiˋ maiˊ	你去過泰國南部嗎	engine-auto	
ผมไม่เคยไปภาคใต้	pom mai koey bpai paak dtai	pomˊ maiˋ kə̄i bai pākˋ daiˋ	我沒去過南部	engine-auto	
ภาคกลาง	paak glaang	pākˋ glāng	中部	engine-auto	
ภาคตะวันออก	paak dta wan awk	pākˋ daˇ wan ɔ̄kˇ	東部	engine-auto	
นั่งรถไฟไปภาคตะวันออก	nang rot fai bpai paak dta wan awk	nangˋ rot~ fai bai pākˋ daˇ wan ɔ̄kˇ	搭火車去東部	engine-auto	
พรุ่งนี้นั่งรถไฟไปภาคตะวันออกค่ะ	proong nee nang rot fai bpai paak dta wan awk ka	prungˋ nī~ nangˋ rot~ fai bai pākˋ daˇ wan ɔ̄kˇ kaˋ	明天搭火車去東部	engine-auto	
ภาคตะวันตก	paak dta wan dtok	pākˋ daˇ wan dokˇ	西部	engine-auto	
ไปภาคตะวันตก	bpai paak dta wan dtok	bai pākˋ daˇ wan dokˇ	去西部	engine-auto	
ขับรถไปภาคตะวันตก	kap rot bpai paak dta wan dtok	kapˇ rot~ bai pākˋ daˇ wan dokˇ	開車去西部	engine-auto	
เมื่อวานขับรถไปภาคตะวันตก	meua waan kap rot bpai paak dta wan dtok	mɯ̄aˋ wān kapˇ rot~ bai pākˋ daˇ wan dokˇ	昨天開車去西部	engine-auto	
ภาคตะวันออกเฉียงเหนือ	paak dta wan awk siang neua	pākˋ daˇ wan ɔ̄kˇ chīangˊ nɯ̄aˊ	東北部	engine-auto	
คนอีสาน	kon ee saan	kon ī sānˊ	東北部人	engine-auto	
เดินตรงไป	dtrong bpai	dhə̄n drong bai	直走	engine-auto	
ถามตรงๆ	taam dtrong dtrong	tāmˊ drong drong	直接問	engine-auto	
ตรงเวลา	dtrong way laa	drong wē lā	準時	engine-auto	
รถออกตรงเวลา	rot awk dtrong way laa	rot~ ɔ̄kˇ drong wē lā	車子準時出發	engine-auto	
ไม่ตรงเวลา	mai dtrong way laa	maiˋ drong wē lā	不準時	book-exact	(book-exact已用引擎重新驗證)
ข้าม	kaam	kāmˋ	過 / 跨越	engine-auto	
นั่งเรือข้ามแม่น้ำ	nang reua kaam mae naam	nangˋ rɯ̄a kāmˋ mɛ̄ˋ nām~	搭船過河	engine-auto	
ขับรถข้ามสะพาน	kap rot kaam sa paan	kapˇ rot~ kāmˋ saˇ pān	開車過橋	engine-auto	
รถติด	rot dtit	rot~ ditˇ	塞車	engine-auto	
ติด	dtit	ditˇ	成癮 / 沉迷	engine-auto	
เขาติดกาแฟ	kao dtit gaa fae	kāuˊ ditˇ gā fɛ̄	他對咖啡成癮	engine-auto	
ต้องกินทุกวัน	dtawng gin took wan	dɔ̄ngˋ gin tuk~ wan	每天都要喝	engine-auto	
ติด	dtit	ditˇ	靠近 / 貼著	engine-auto	
ที่นั่งติดหน้าต่าง	tee nang dtit na dtaang	tīˋ nangˋ ditˇ nāˋ dāngˇ	靠窗的位置	engine-auto	
ที่นั่งติดทางเดิน	tee nang dtit taang dern	tīˋ nangˋ ditˇ tāng dhə̄n	靠走道的位置	engine-auto	
ไม่กล้าก็จะไม่มีวันก้าวหน้า	mai glaa gor ja mai mee wan gaao naa	maiˋ glāˋ gɔ̄ˋ jaˇ maiˋ mī wan gāuˋ nāˋ	不敢就永遠不會進步	engine-auto	
คุณกล้ากินไหม	koon glaa gin mai	kun glāˋ gin maiˊ	你敢吃嗎	engine-auto	
คุณกล้าเล่นไหม	koon glaaเล่น mai	kun glāˋ lēnˋ maiˊ	你敢玩嗎（高空彈跳）	engine-auto	
เคยเล่นแล้วใช่ไหม	koey len laeo chai mai	kə̄i lēnˋ lɛ̄u~ chaiˋ maiˊ	已經玩過了對吧	engine-auto	
ช่วยปอกเปลือกให้หน่อยค่ะ / ครับ	chuay bawk bpleuak hai noy ka / krap	chūayˋ bɔ̄kˇ blɯ̄akˇ haiˋ nɔ̄iˇ kaˋ / krap~	請幫我削皮	engine-auto	
เมื่อไหร่	meua rai	mɯ̄aˋ raiˇ	什麼時候	engine-auto	
เมื่อไหร่รถจะมาถึง / รถจะมาถึงเมื่อไหร่	meua rai rot ja maa teung / rot ja maa teung meua rai	mɯ̄aˋ raiˇ rot~ jaˇ mā tɯngˊ / rot~ jaˇ mā tɯngˊ mɯ̄aˋ raiˇ	車子什麼時候會到	engine-auto	
จะมาเที่ยวไต้หวันเมื่อไหร่	ja maa tiao dtai wan meua rai	jaˇ mā tīauˋ daiˋ wanˊ mɯ̄aˋ raiˇ	什麼時候要來台灣玩	engine-auto	
วันอะไร	wan arai	wan aˇ rai	星期幾	engine-auto	
วันนี้วันอะไร	wan nee wan arai	wan nī~ wan aˇ rai	今天星期幾	engine-auto	
วันอังคาร	wan ang kaan	wan ang kān	星期二	engine-auto	
วันพุธ	wan poot	wan put~	星期三	engine-auto	
วันศุกร์	wan soo	wan sukˇ	星期五	engine-auto	
วันเสาร์	wan sao	wan sāuˊ	星期六	engine-auto	
วันอาทิตย์	wan aa tit	wan ā tit~	星期日	engine-auto	
คุณชอบวันไหนที่สุด	koon chawp wan nai tee soot	kun chɔ̄pˋ wan naiˊ tīˋ sutˇ	你最喜歡星期幾	engine-auto	
เสาร์อาทิตย์	sao aa tit	sāuˊ ā tit~	週末（六日）	engine-auto	
วันหยุด	wan yoot	wan yutˇ	假日 / 停下	engine-auto	
วันหยุดยาว	wan yoot yaao	wan yutˇ yāu	連假	engine-auto	
มีวันหยุดยาวไหม	mee wan yoot yaao mai	mī wan yutˇ yāu maiˊ	有連假嗎	engine-auto	
เดือนหน้ามีวันหยุดยาวไหม	deuan na mee wan yoot yaao mai	dhɯ̄an nāˋ mī wan yutˇ yāu maiˊ	下個月有連假嗎	engine-auto	
หยุดเรียน	yoot rian	yutˇ rīan	停課	engine-auto	
หยุดงาน	yoot ngan	yutˇ ngān	停工 / 請假	engine-auto	
หยุดๆๆ ไม่ต้องพูดแล้ว	yoot yoot yoot mai dtawng poot laeo	yutˇ yutˇ yutˇ maiˋ dɔ̄ngˋ pūtˋ lɛ̄u~	停停停！不用再說了	engine-auto	
เอาอะไรอีก	ao arai eek	au aˇ rai īkˇ	还要什麼嗎	engine-auto	
ไม่ต้องพูดอีกแล้ว	mai dtawng poot eek laeo	maiˋ dɔ̄ngˋ pūtˋ īkˇ lɛ̄u~	不用再說了（再也不要說了）	engine-auto	
วันหลัง	wan lang	wan langˊ	改天	engine-auto	
วันนี้ไม่ว่าง วันหลังได้ไหม	wan nee mai waang wan lang dai mai	wan nī~ maiˋ wāngˋ wan langˊ dhaiˋ maiˊ	今天沒空，改天可以嗎	engine-auto	
วันหลังมาใหม่นะ / วันหลังมาอีกนะ	wan lang maa mai na / wan lang maa eek na	wan langˊ mā maiˇ na~ / wan langˊ mā īkˇ na~	改天再來哦	engine-auto	
ว่าง	waang	wāngˋ	空 / 有空	engine-auto	
อาทิตย์หน้า	aa tit na	ā tit~ nāˋ	下週	engine-auto	
ไปดูหนังกัน	bpai doo nang gan	bai dhū nangˊ gan	一起去看電影	engine-auto	
เดือนหน้าไปเมืองไทยกัน	deuan na bpai meuang tai gan	dhɯ̄an nāˋ bai mɯ̄ang tai gan	下個月一起去泰國	engine-auto	
ที่แล้ว	tee laeo	tīˋ lɛ̄u~	上一個	engine-auto	
วันเสาร์ที่แล้วไปภาคเหนือ	wan sao tee laeo bpai paak neua	wan sāuˊ tīˋ lɛ̄u~ bai pākˋ nɯ̄aˊ	上個週六去北部	engine-auto	
เมื่อวัน / เมื่อวานนี้	meua waan / meua waan nee	mɯ̄aˋ wan / mɯ̄aˋ wān nī~	昨天	engine-auto	
เมื่อวานไปเที่ยว	meua waan bpai tiao	mɯ̄aˋ wān bai tīauˋ	昨天去玩	engine-auto	
เมื่อวานไปภาคใต้	meua waan bpai paak dtai	mɯ̄aˋ wān bai pākˋ daiˋ	昨天去南部	engine-auto	
เมื่อคืนนี้ / เมื่อคืน	meua keun nee / meua keun	mɯ̄aˋ kɯ̄n nī~ / mɯ̄aˋ kɯ̄n	昨晚	engine-auto	
เมื่อคืนกลับบ้านดึก	meua keun glap baan deuk	mɯ̄aˋ kɯ̄n glapˇ bhānˋ dhɯkˇ	昨晚很晚回家	engine-auto	
เมื่อคืนถึงบ้านประมาณตีสอง	meua keun teung baan bpra maan dtee sawng	mɯ̄aˋ kɯ̄n tɯngˊ bhānˋ braˇ mān dī sɔ̄ngˊ	昨晚到家大約凌晨兩點	engine-auto	
วันพรุ่งนี้ / พรุ่งนี้	wan proong nee / proong nee	wan prungˋ nī~ / prungˋ nī~	明天	engine-auto	
พรุ่งนี้จะไปเที่ยวกับแฟน	proong nee ja bpai tiao gap faen	prungˋ nī~ jaˇ bai tīauˋ gapˇ fɛ̄n	明天要跟女朋友去玩	engine-auto	
พรุ่งนี้จะไปหาหมอ	proong nee ja bpai haa maw	prungˋ nī~ jaˇ bai hāˊ mɔ̄ˊ	明天要去看向醫生	engine-auto	
คืนพรุ่งนี้	keun proong nee	kɯ̄n prungˋ nī~	明晚	engine-auto	
คืนพรุ่งนี้ไปกินเหล้ากัน	keun proong nee bpai gin lao gan	kɯ̄n prungˋ nī~ bai gin lāuˋ gan	明晚一起去喝酒	engine-auto	
คืนพรุ่งนี้ถึงไต้หวัน	keun proong nee teung dtai wan	kɯ̄n prungˋ nī~ tɯngˊ daiˋ wanˊ	明晚到台灣	engine-auto	
คืนพรุ่งนี้ถึงไทย / ถึงเมืองไทย	keun proong nee teung tai / teung meuang tai	kɯ̄n prungˋ nī~ tɯngˊ tai / tɯngˊ mɯ̄ang tai	明晚到泰國	engine-auto	
เช้า	chao	chāu~	早上	engine-auto	
เจอกันแปดโมงเช้านะ	jeu gan bpaet moong chao na	jə̄ gan bɛ̄tˇ mōng chāu~ na~	早上八點見	engine-auto	
ตอนเช้ากินอาหารเช้า	dtawn chao gin aa haan chao	dɔ̄n chāu~ gin ā hānˊ chāu~	早上吃早餐	engine-auto	
อาหารเช้ากี่โมงถึงกี่โมง	aa haan chao gee moong teung gee moong	ā hānˊ chāu~ gīˇ mōng tɯngˊ gīˇ mōng	早餐是幾點到幾點	engine-auto	
กลางวัน	glaang wan	glāng wan	中午	engine-auto	
อาหารกลางวันกินอะไรดี	aa haan glaang wan gin arai dee	ā hānˊ glāng wan gin aˇ rai dhī	午餐吃什麼好呢	engine-auto	
คิดไม่ออกอาหารกลางวันกินอะไรดี	kit mai awk aa haan glaang wan gin arai dee	kit~ maiˋ ɔ̄kˇ ā hānˊ glāng wan gin aˇ rai dhī	想不出來午餐吃什麼好呢	engine-auto	
ตอนกลางวัน	dtawn glaang wan	dɔ̄n glāng wan	白天	engine-auto	
เย็น / ตอนเย็น	yen / dtawn yen	yen / dɔ̄n yen	傍晚 / 晚上	engine-auto	
ตอนเย็นคนเยอะ	dtawn yen kon yuh	dɔ̄n yen kon yə~	傍晚人很多	engine-auto	
ร้านเปิดตอนเย็น	raan bpert dtawn yen	rān~ bə̄tˇ dɔ̄n yen	店在傍晚開	engine-auto	
อาหารเย็นกินข้างนอก	aa haan yen gin kaang nawk	ā hānˊ yen gin kāngˋ nɔ̄kˋ	晚餐去外面吃	engine-auto	
ดึก	deuk	dhɯkˇ	很晚	engine-auto	
กลับบ้านดึก	glap baan deuk	glapˇ bhānˋ dhɯkˇ	很晚回家	engine-auto	
นอนดึกไหม	nawn deuk mai	nɔ̄n dhɯkˇ maiˊ	很晚睡嗎	engine-auto	
ดึกๆ มีผี	deuk deuk mee pee	dhɯkˇ dhɯkˇ mī pīˊ	深夜有鬼	engine-auto	
ทุก	took	tuk~	每 / 每一	engine-auto	
นอนดึกทุกคืน	nawn deuk took keun	nɔ̄n dhɯkˇ tuk~ kɯ̄n	每晚都很晚睡	engine-auto	
ทุกสาย	took sai	tuk~ sāiˊ	每一條路	engine-auto	
บาง	baang	bhāng	一些 / 有些	engine-auto	
บางวัน	baang wan	bhāng wan	有些日子 / 有些天	engine-auto	
บางเดือน	baang deuan	bhāng dhɯ̄an	有些月份	engine-auto	
บางที่	baang tee	bhāng tīˋ	有些地方	engine-auto	
บางคน	baang kon	bhāng kon	有些人	engine-auto	
บางร้าน	baang raan	bhāng rān~	有些店	engine-auto	
บางโรงแรม	baang roong raem	bhāng rōng rɛ̄m	有些飯店	engine-auto	
บางที / บางครั้ง	baang tee / baang krang	bhāng tī / bhāng krang~	有時候	engine-auto	
บางครั้งสนุก / บางทีสนุก	baang krang sa nook / baang tee sa nook	bhāng krang~ saˇ nuk~ / bhāng tī saˇ nuk~	有時候覺得好玩	engine-auto	
บางครั้งขี้เกียจ	baang krang kee giat	bhāng krang~ kīˋ gīatˇ	有時候覺得懶惰	engine-auto	
บางทีเหงา	baang tee ngao	bhāng tī ngāuˊ	有時候覺得很寂寞	engine-auto	
อยากไปเที่ยวที่ไหนบ้าง	yaak bpai tiao tee nai baang	yākˋ bai tīauˋ tīˋ naiˊ bhāngˋ	想去哪些地方玩	engine-auto	
หลาย	laai	lāiˊ	好幾個 / 好幾位	engine-auto	
ไม่กี่	mai gee	maiˋ gīˇ	沒幾個 / 不多	engine-auto	
ไม่กี่ร้อยบาท	mai gee roy baat	maiˋ gīˇ rɔ̄i~ bhātˇ	沒幾百塊（泰銖）	engine-auto	
ตัวละไม่กี่ร้อยบาท	dtoa la mai gee roy baat	dūa la~ maiˋ gīˇ rɔ̄i~ bhātˇ	一件沒幾百塊	engine-auto	
เสื้อตัวละไม่กี่ร้อยบาท	seua dtoa la mai gee roy baat	sɯ̄aˋ dūa la~ maiˋ gīˇ rɔ̄i~ bhātˇ	襯衫一件沒幾百塊	engine-auto	
คิดถึง	kit teung	kit~ tɯngˊ	想念 / 想	engine-auto	
คิดถึงเมืองไทย / คิดถึงประเทศไทย	kit teung meuang tai / kit teung bpra tet tai	kit~ tɯngˊ mɯ̄ang tai / kit~ tɯngˊ braˇ tētˋ tai	想念泰國	engine-auto	
คิดถึงแฟนเก่า	kit teung faen gao	kit~ tɯngˊ fɛ̄n gāuˇ	想念舊情人	engine-auto	
คิดถึงอาหารไทย	kit teung aa haan tai	kit~ tɯngˊ ā hānˊ tai	想念泰國菜	engine-auto	
เพิ่ง	perng	pə̄ngˋ	剛 / 剛好	engine-auto	
เพิ่งกินอิ่ม	perng gin im	pə̄ngˋ gin imˇ	剛吃飽	engine-auto	
เพิ่งซื้อใหม่	perng seu mai	pə̄ngˋ sɯ̄~ maiˇ	剛買新的	engine-auto	
เพิ่งรู้จัก	perng roo jak	pə̄ngˋ rū~ jakˇ	剛認識	engine-auto	
เพิ่งถึง	perng teung	pə̄ngˋ tɯngˊ	剛到	engine-auto	
หกโมงเช้า	hok moong chao	hokˇ mōng chāu~	早上六點	engine-auto	
7, 8, 9, 10 โมงเช้า	moong chao	7, 8, 9, 10 mōng chāu~	早上七、八、九、十點	engine-auto	
สิบเอ็ดโมง	sip et moong	sipˇ etˇ mōng	早上十一點	engine-auto	
เที่ยง / เที่ยงวัน	tiang / tiang wan	tīangˋ / tīangˋ wan	中午	engine-auto	
บ่าย	baai	bhāiˇ	下午	engine-auto	
บ่ายโมง, บ่ายสองโมง, บ่ายสามโมง	baai moong, baai sawng moong, baai saam moong	bhāiˇ mōng, bhāiˇ sɔ̄ngˊ mōng, bhāiˇ sāmˊ mōng	下午一、二、三點	engine-auto	
สี่โมงเย็น / บ่ายสี่โมง	see moong yen / baai see moong	sīˇ mōng yen / bhāiˇ sīˇ mōng	下午四點	engine-auto	
ห้าโมงเย็น	haa moong yen	hāˋ mōng yen	下午五點	engine-auto	
หกโมงเย็น	hok moong yen	hokˇ mōng yen	下午六點	engine-auto	
ทุ่ม	toom	tumˋ	晚上（19-23點）	engine-auto	
หนึ่งทุ่ม	neung toom	nɯngˇ tumˋ	晚上七點	engine-auto	
สองทุ่ม	sawng toom	sɔ̄ngˊ tumˋ	晚上八點	engine-auto	
สามทุ่ม	saam toom	sāmˊ tumˋ	晚上九點	engine-auto	
สี่ทุ่ม	see toom	sīˇ tumˋ	晚上十點	engine-auto	
ห้าทุ่ม	haa toom	hāˋ tumˋ	晚上十一點	engine-auto	
เที่ยงคืน	tiang keun	tīangˋ kɯ̄n	半夜 / 午夜	engine-auto	
ตี	dtee	dī	凌晨	engine-auto	
ตีหนึ่ง, ตีสอง, ตีสาม, ตีสี่, ตีห้า	dtee neung, dtee sawng, dtee saam, dtee see, dtee haa	dī nɯngˇ, dī sɔ̄ngˊ, dī sāmˊ, dī sīˇ, dī hāˋ	凌晨一、二、三、四、五點	engine-auto	
จะมาป่าว / จะมารึเปล่า	ja maa bpaao / ja maa reu bplao	jaˇ mā bāuˇ / jaˇ mā rɯ~ blāuˇ	會不會來 / 會來嗎（口語）	engine-auto	
อาทิตย์หน้าเจอกันค่ะ	aa tit na jeu gan ka	ā tit~ nāˋ jə̄ gan kaˋ	下週見	engine-auto	
ซ้าย	sai	sāi~	左	engine-auto	
ขวา	khwa	kwāˊ	右	engine-auto	
หน้า	na	nāˋ	前	engine-auto	
หลัง	lang	langˊ	後	engine-auto	
บน	bon	bhon	上	engine-auto	
ล่าง	lang	lāngˋ	下	engine-auto	
ใน	nai	nai	內	engine-auto	
นอก	nok	nɔ̄kˋ	外	engine-auto	
นอกห้องเรียน	nok hong rian	nɔ̄kˋ hɔ̄ngˋ rīan	教室外	engine-auto	
ในกระเป๋า	nai krapao	nai graˇ bāuˊ	包包裡	engine-auto	
ในปาก	nai pak	nai bākˇ	嘴巴裡	engine-auto	
บนฟ้า	bon fa	bhon fā~	天上	engine-auto	
บนโต๊ะ	bon to	bhon do~	桌上	engine-auto	
ตรงไป	trong pai	drong bai	直走去	engine-auto	
ตรงมา	trong ma	drong mā	直走來	engine-auto	
เดินตรงไป 5 นาที	dern trong pai ha na tee	dhə̄n drong bai 5 nā tī	直走五分鐘	engine-auto	
ข้าง	khang	kāngˋ	邊	engine-auto	
ข้างซ้าย	khang sai	kāngˋ sāi~	左邊	engine-auto	
ข้างขวา	khang khwa	kāngˋ kwāˊ	右邊	engine-auto	
ข้างหน้า	khang na	kāngˋ nāˋ	前面	engine-auto	
ข้างหลัง	khang lang	kāngˋ langˊ	後面	engine-auto	
ข้างบน	khang bon	kāngˋ bhon	上面	engine-auto	
ข้างล่าง	khang lang	kāngˋ lāngˋ	下面	engine-auto	
ข้างใน	khang nai	kāngˋ nai	裡面	engine-auto	
ข้างนอก	khang nok	kāngˋ nɔ̄kˋ	外面	engine-auto	
ข้างๆ	khang khang	kāngˋ kāngˋ	旁邊	engine-auto	
อยู่ข้างๆ เอง	yu khang khang eng	yūˋ kāngˋ kāngˋ ēng	就在旁邊而已	engine-auto	
เซเว่นอยู่ข้างๆ เอง	Seven yu khang khang eng	sē wēnˋ yūˋ kāngˋ kāngˋ ēng	7-11就在旁邊而已	engine-auto	
เรียนภาษาไทย 2 เดือนเอง	rian pasa Thai song duen eng	rīan pā sāˊ tai 2 dhɯ̄an ēng	才學泰文兩個月	engine-auto	
ข้าม	kham	kāmˋ	過	engine-auto	
ข้ามแม่น้ำ	kham mae nam	kāmˋ mɛ̄ˋ nām~	過河	engine-auto	
ข้ามทะเล	kham tale	kāmˋ ta~ lē	過海	engine-auto	
ข้ามสะพาน	kham saphan	kāmˋ saˇ pān	過橋	engine-auto	
ข้ามสะพานลอย	kham saphan loy	kāmˋ saˇ pān lɔ̄i	過天橋	engine-auto	
ตรงข้าม	trong kham	drong kāmˋ	對面	engine-auto	
อยู่ตรงข้าม	yu trong kham	yūˋ drong kāmˋ	在對面	engine-auto	
ตรงกลาง	trong klang	drong glāng	中間	engine-auto	
อยู่ตรงกลาง	yu trong klang	yūˋ drong glāng	在中間	engine-auto	
ใครอยู่ตรงกลาง	khrai yu trong klang	krai yūˋ drong glāng	誰在中間	engine-auto	
แก้วกลาง	keaw klang	gɛ̄uˋ glāng	中杯	engine-auto	
แก้วใหญ่	keaw yai	gɛ̄uˋ yaiˇ	大杯	engine-auto	
แก้วเล็ก	keaw lek	gɛ̄uˋ lek~	小杯	engine-auto	
จานใหญ่	jan yai	jān yaiˇ	大盤	engine-auto	
จานกลาง	jan klang	jān glāng	中盤	engine-auto	
จานเล็ก	jan lek	jān lek~	小盤	engine-auto	
ภาษาจีนกลาง	pasa Jin klang	pā sāˊ jīn glāng	普通話	engine-auto	
ตะวัน	tawan	daˇ wan	太陽	engine-auto	
ตะวันออก	tawan ok	daˇ wan ɔ̄kˇ	東	engine-auto	
ตะวันตก	tawan tok	daˇ wan dokˇ	西	engine-auto	
เหนือ	neua	nɯ̄aˊ	北	engine-auto	
ใต้	tai	daiˋ	南	engine-auto	
เหนือ ใต้ ออก ตก	neua tai ok tok	nɯ̄aˊ daiˋ ɔ̄kˇ dokˇ	北南東西	engine-auto	
เกาหลีเหนือ	Kaoli neua	gāu līˊ nɯ̄aˊ	北韓	engine-auto	
เกาหลีใต้	Kaoli tai	gāu līˊ daiˋ	南韓	engine-auto	
เวียดนามเหนือ	Vietnam neua	wīatˋ nām nɯ̄aˊ	北越	engine-auto	
เวียดนามใต้	Vietnam tai	wīatˋ nām daiˋ	南越	engine-auto	
เฉียง	chiang	chīangˊ	斜	engine-auto	
ตะวันออกเฉียงเหนือ	tawan ok chiang neua	daˇ wan ɔ̄kˇ chīangˊ nɯ̄aˊ	東北	engine-auto	
ตะวันออกเฉียงใต้	tawan ok chiang tai	daˇ wan ɔ̄kˇ chīangˊ daiˋ	東南	engine-auto	
เมืองไทยอยู่เอเชียตะวันออกเฉียงใต้	Mueang Thai yu Asia tawan ok chiang tai	mɯ̄ang tai yūˋ ē chīa daˇ wan ɔ̄kˇ chīangˊ daiˋ	泰國在東南亞	engine-auto	
ทาง	thang	tāng	路/道	engine-auto	
ทางเข้า	thang khao	tāng kāuˋ	入口	engine-auto	
ทางออก	thang ok	tāng ɔ̄kˇ	出口	engine-auto	
ขอทางหน่อย	kho thang noi	kɔ̄ˊ tāng nɔ̄iˇ	借過一下	engine-auto	
ด้าน	dan	dhānˋ	面	engine-auto	
ใส่ได้ 2 ด้าน	sai dai song dan	saiˇ dhaiˋ 2 dhānˋ	可以穿兩面	engine-auto	
มี 2 ด้าน	mee song dan	mī 2 dhānˋ	硬幣有兩面	engine-auto	
สาย	sai	sāiˊ	線	engine-auto	
สายรถไฟ	sai rot fai	sāiˊ rot~ fai	火車線	engine-auto	
สายเหนือ	sai neua	sāiˊ nɯ̄aˊ	北線	engine-auto	
สายใต้	sai tai	sāiˊ daiˋ	南線	engine-auto	
สายตะวันออก	sai tawan ok	sāiˊ daˇ wan ɔ̄kˇ	東線	engine-auto	
สายสีอะไร	sai si arai	sāiˊ sīˊ aˇ rai	什麼顏色的線	engine-auto	
สายสีเขียว	sai si khiao	sāiˊ sīˊ kīauˊ	綠線	engine-auto	
สายสีส้ม	sai si som	sāiˊ sīˊ somˋ	橘線	engine-auto	
สายสีเหลือง	sai si lueang	sāiˊ sīˊ lɯ̄angˊ	黃線	engine-auto	
สายสีฟ้า	sai si fa	sāiˊ sīˊ fā~	藍線	engine-auto	
สายสีน้ำเงิน	sai si nam ngen	sāiˊ sīˊ nām~ ngə̄n	深藍線	engine-auto	
ภาค	phak	pākˋ	區域	engine-auto	
ภาคเหนือ	phak neua	pākˋ nɯ̄aˊ	北部	engine-auto	
ภาคใต้	phak tai	pākˋ daiˋ	南部	engine-auto	
ภาคกลาง	phak klang	pākˋ glāng	中部	engine-auto	
ภาคอีสาน	phak Isan	pākˋ ī sānˊ	東北部	engine-auto	
เชียงใหม่อยู่ภาคเหนือ	Chiang Mai yu phak neua	chīang maiˇ yūˋ pākˋ nɯ̄aˊ	清邁在北部	engine-auto	
ตลาดกลางคืน	talat klang khuen	daˇ lātˋ glāng kɯ̄n	夜市	engine-auto	
ไม่เหมือนไต้หวัน	mai muean Taiwan	maiˋ mɯ̄anˊ daiˋ wanˊ	不像台灣	engine-auto	
คนเหนือ	khon neua	kon nɯ̄aˊ	北方人	engine-auto	
คนใต้	khon tai	kon daiˋ	南方人	engine-auto	
คนอีสาน	khon Isan	kon ī sānˊ	東北人	engine-auto	
คนภาคกลาง	khon phak klang	kon pākˋ glāng	中部人	engine-auto	
ไกล	klai	glai	遠	engine-auto	
ใกล้	klai	glaiˋ	近	engine-auto	
อยู่ใกล้ๆ	yu klai klai	yūˋ glaiˋ glaiˋ	在附近	engine-auto	
อยู่ใกล้มาก	yu klai mak	yūˋ glaiˋ mākˋ	很近	engine-auto	
ก้าวหน้า	kao na	gāuˋ nāˋ	進步	engine-auto	
ถอยหลัง	thoy lang	tɔ̄iˊ langˊ	退後	engine-auto	
ตรงเวลา	trong wela	drong wē lā	準時	engine-auto	
มาตรงเวลา	ma trong wela	mā drong wē lā	準時來	engine-auto	
ถามตรงๆ	tham trong trong	tāmˊ drong drong	直接問	engine-auto	
พูดตรงๆ	phut trong trong	pūtˋ drong drong	直接說	engine-auto	
ถามตรงๆ หน่อยได้ไหม	tham trong trong noi dai mai	tāmˊ drong drong nɔ̄iˇ dhaiˋ maiˊ	可以直接問嗎	engine-auto	
ใจตรงกัน	jai trong kan	jai drong gan	心靈相通	engine-auto	
ปากไม่ตรงกับใจ	pak mai trong kap jai	bākˇ maiˋ drong gapˇ jai	言不由衷	engine-auto	
ฟุตบาท	footpath	fut~ bhātˇ	人行道	engine-auto	
เดินบนฟุตบาท	dern bon footpath	dhə̄n bhon fut~ bhātˇ	走在人行道上	engine-auto	
ขี่มอเตอร์ไซค์บนฟุตบาทไม่ได้	khee motorcycle bon footpath mai dai	kīˇ mɔ̄ də̄ sai bhon fut~ bhātˇ maiˋ dhaiˋ	不能在人行道騎車	engine-auto	
ใต้ดิน	tai din	daiˋ dhin	地底	engine-auto	
ใต้โต๊ะ	tai to	daiˋ do~	桌子下	engine-auto	
ใต้เก้าอี้	tai kao ee	daiˋ gāuˋ īˋ	椅子下	engine-auto	
ใต้ที่นั่ง	tai thi nang	daiˋ tīˋ nangˋ	座位下	engine-auto	
ชั้นใต้ดิน	chan tai din	chan~ daiˋ dhin	地下一樓	engine-auto	
ใต้ทะเล	tai tale	daiˋ ta~ lē	海底	engine-auto	
ตู้เย็น	tu yen	dūˋ yen	冰箱	engine-auto	
ตู้รองเท้า	tu rong thao	dūˋ rɔ̄ng tāu~	鞋櫃	engine-auto	
ตู้หนังสือ	tu nang sue	dūˋ nangˊ sɯ̄ˊ	書櫃	engine-auto	
ตู้เสื้อผ้า	tu suea pha	dūˋ sɯ̄aˋ pāˋ	衣櫃	engine-auto	
ในน้ำมีปลา	nai nam mee pla	nai nām~ mī blā	水中有魚	engine-auto	
คิดอยู่	khit yu	kit~ yūˋ	正在想	engine-auto	
คิดอะไร	khit arai	kit~ aˇ rai	想什麼	engine-auto	
ไม่ได้คิดอะไร	mai dai khit arai	maiˋ dhaiˋ kit~ aˇ rai	沒想什麼	engine-auto	
กางเกง	kangkeng	gāng gēng	褲子	engine-auto	
กางเกงขายาว	kangkeng kha yao	gāng gēng kāˊ yāu	長褲	engine-auto	
กางเกงขาสั้น	kangkeng kha san	gāng gēng kāˊ sanˋ	短褲	engine-auto	
เสื้อแขนยาว	suea khaen yao	sɯ̄aˋ kɛ̄nˊ yāu	長袖	engine-auto	
เสื้อแขนสั้น	suea khaen san	sɯ̄aˋ kɛ̄nˊ sanˋ	短袖	engine-auto	
กระโปรง	kraprong	graˇ brōng	裙子	engine-auto	
กระโปรงยาว	kraprong yao	graˇ brōng yāu	長裙	engine-auto	
กระเป๋ากางเกง	krapao kangkeng	graˇ bāuˊ gāng gēng	褲子口袋	engine-auto	
กระเป๋าเสื้อ	krapao suea	graˇ bāuˊ sɯ̄aˋ	衣服口袋	engine-auto	
ข้างนอก	khang nok	kāngˋ nɔ̄kˋ	外面	engine-auto	
ไปข้างนอก	pai khang nok	bai kāngˋ nɔ̄kˋ	去外面	engine-auto	
ไปกินข้าวข้างนอก	pai kin khao khang nok	bai gin kāuˋ kāngˋ nɔ̄kˋ	去外面吃飯	engine-auto	
ไปเรียนเมืองนอก	pai rian mueang nok	bai rīan mɯ̄ang nɔ̄kˋ	去國外留學	engine-auto	
นักเรียนนอก	nak rian nok	nak~ rīan nɔ̄kˋ	留學生	engine-auto	
นอกใจ	nok jai	nɔ̄kˋ jai	劈腿/花心	engine-auto	
ก้าวหน้า	kao na	gāuˋ nāˋ	進步	engine-auto	
ก้าวหน้าเยอะ	kao na yoe	gāuˋ nāˋ yə~	進步很多	engine-auto	
ภาษาไทยก้าวหน้าเยอะ	pasa Thai kao na yoe	pā sāˊ tai gāuˋ nāˋ yə~	泰文進步很多	engine-auto	
แถว	thaeo	tɛ̄uˊ	排/行	engine-auto	
แถวหน้า	thaeo na	tɛ̄uˊ nāˋ	前排	engine-auto	
แถวกลาง	thaeo klang	tɛ̄uˊ glāng	中排	engine-auto	
แถวหลัง	thaeo lang	tɛ̄uˊ langˊ	後排	engine-auto	
ชอบนั่งแถวหน้า	chop nang thaeo na	chɔ̄pˋ nangˋ tɛ̄uˊ nāˋ	喜歡坐前排	engine-auto	
ชอบนั่งแถวหลัง	chop nang thaeo lang	chɔ̄pˋ nangˋ tɛ̄uˊ langˊ	喜歡坐後排	engine-auto	
เด็กหน้าห้อง	dek na hong	dhekˇ nāˋ hɔ̄ngˋ	教室前排的小孩	engine-auto	
เด็กหลังห้อง	dek lang hong	dhekˇ langˊ hɔ̄ngˋ	教室後排的小孩	engine-auto	
กล้า	kla	glāˋ	敢	engine-auto	
กล้ากิน	kla kin	glāˋ gin	敢吃	engine-auto	
ไม่กล้ากิน	mai kla kin	maiˋ glāˋ gin	不敢吃	engine-auto	
ไม่กล้ากินอะไรไหม	mai kla kin arai mai	maiˋ glāˋ gin aˇ rai maiˊ	有什麼不敢吃的嗎	engine-auto	
ผักชี	phak chi	pakˇ chī	香菜	engine-auto	
เครื่องใน	khreuang nai	krɯ̄angˋ nai	內臟	engine-auto	
หนอน	non	nɔ̄nˊ	昆蟲/蠕蟲	engine-auto	
แตงกวา	taengkwa	dɛ̄ng gwā	小黃瓜	engine-auto	
มะระ	mara	ma~ ra~	苦瓜	engine-auto	
ถั่ว	thua	tūaˇ	花生/豆類	engine-auto	
มะเขือ	makhuea	ma~ kɯ̄aˊ	茄子	engine-auto	
ไม่กล้าก็จะไม่มีวันก้าวหน้า	mai kla ko ja mai mee wan kao na	maiˋ glāˋ gɔ̄ˋ jaˇ maiˋ mī wan gāuˋ nāˋ	不敢就沒有進步的那一天	engine-auto	
กล้ามาก	kla mak	glāˋ mākˋ	好勇敢	engine-auto	
กล้าพูดมาก	kla phut mak	glāˋ pūtˋ mākˋ	很敢說	engine-auto	
แถวนี้	thaeo nee	tɛ̄uˊ nī~	這一帶/附近	engine-auto	
แถวนี้มีแฟมิลี่มาร์ทไหม	thaeo nee mee Family Mart mai	tɛ̄uˊ nī~ mī fɛ̄ mi~ līˋ mātˋ maiˊ	這附近有全家嗎	engine-auto	
แถวนี้รถติด	thaeo nee rot tit	tɛ̄uˊ nī~ rot~ ditˇ	這附近塞車	engine-auto	
ใกล้	klai	glaiˋ	近	engine-auto	
ใกล้ที่ทำงาน	klai thi tham ngan	glaiˋ tīˋ tam ngān	離辦公室近	engine-auto	
ใกล้โรงแรม	klai rong raem	glaiˋ rōng rɛ̄m	離飯店近	engine-auto	
โรงแรมห้าดาว	rong raem ha dao	rōng rɛ̄m hāˋ dhāu	五星級飯店	engine-auto	
ติด	tit	ditˇ	黏/貼/著迷	engine-auto	
ติดเพื่อน	tit phuean	ditˇ pɯ̄anˋ	黏朋友	engine-auto	
ติดแฟน	tit faen	ditˇ fɛ̄n	黏男朋友/女友	engine-auto	
ติดแม่	tit mae	ditˇ mɛ̄ˋ	黏媽媽	engine-auto	
ติดใจ	tit jai	ditˇ jai	著迷/滿意	engine-auto	
ออกเสียงยาก	ok siang yak	ɔ̄kˇ sīangˊ yākˋ	發音難	engine-auto	
เสียง	siang	sīangˊ	聲音	book-exact	(book-exact已用引擎重新驗證)
เสียงดัง	siang dang	sīangˊ dhang	大聲	engine-auto	
เสียงเบา	siang bao	sīangˊ bhāu	小聲	engine-auto	
ฟังพูดไม่ค่อยยาก แต่อ่านเขียนยากมาก	fang phut mai khoy yak tae an khian yak mak	fang pūtˋ maiˋ kɔ̄iˋ yākˋ dɛ̄ˇ ānˇ kīanˊ yākˋ mākˋ	聽說不難但讀寫非常難	engine-auto	
ต้องสู้	tong su	dɔ̄ngˋ sūˋ	要加油/奮鬥	engine-auto	
รถติด	rot tit	rot~ ditˇ	塞車	engine-auto	
ติดทางเดิน	tit thang dern	ditˇ tāng dhə̄n	靠走道	engine-auto	
ติดหน้าต่าง	tit na tang	ditˇ nāˋ dāngˇ	靠窗	engine-auto	
ที่นั่งติดทางเดิน	thi nang tit thang dern	tīˋ nangˋ ditˇ tāng dhə̄n	靠走道的位子	engine-auto	
ที่นั่งติดหน้าต่าง	thi nang tit na tang	tīˋ nangˋ ditˇ nāˋ dāngˇ	靠窗的位子	engine-auto	
ขึ้นไป	khuen pai	kɯnˋ bai	上去	engine-auto	
ขึ้นลิฟต์	khuen lift	kɯnˋ lip~	搭電梯	engine-auto	
ลงไป	long pai	long bai	下去	engine-auto	
ลงมา	long ma	long mā	下來	engine-auto	
บันไดเลื่อน	bandai luean	bhan dhai lɯ̄anˋ	手扶梯	engine-auto	
บันได	bandai	bhan dhai	樓梯	engine-auto	
เดินขึ้นบันได	dern khuen bandai	dhə̄n kɯnˋ bhan dhai	走上樓梯	engine-auto	
เดินลงบันได	dern long bandai	dhə̄n long bhan dhai	走下樓梯	engine-auto	
ลงเรือ	long ruea	long rɯ̄a	上船	engine-auto	
ขึ้นฝั่ง	khuen fang	kɯnˋ fangˇ	上岸	engine-auto	
ช่วยด้วย	chuay duay	chūayˋ dhūayˋ	救命	engine-auto	
ช่วยถือให้หน่อย	chuay thue hai noi	chūayˋ tɯ̄ˊ haiˋ nɔ̄iˇ	幫忙拿一下	engine-auto	
ช่วยซื้อให้หน่อย	chuay sue hai noi	chūayˋ sɯ̄~ haiˋ nɔ̄iˇ	幫忙買一下	engine-auto	
วันอังคาร	wan angkhan	wan ang kān	星期二	engine-auto	
วันพุธ	wan phut	wan put~	星期三	engine-auto	
วันศุกร์	wan suk	wan sukˇ	星期五	engine-auto	
วันเสาร์	wan sao	wan sāuˊ	星期六	engine-auto	
วันอาทิตย์	wan athit	wan ā tit~	星期日	engine-auto	
วันนี้วันอะไร	wan nee wan arai	wan nī~ wan aˇ rai	今天星期幾？	engine-auto	
เมื่อวานวันอาทิตย์	muea wan wan athit	mɯ̄aˋ wān wan ā tit~	昨天星期日	engine-auto	
พรุ่งนี้วันอังคาร	phrung nee wan angkhan	prungˋ nī~ wan ang kān	明天星期二	engine-auto	
ชอบวันอะไร	chop wan arai	chɔ̄pˋ wan aˇ rai	喜歡哪一天？	engine-auto	
ชอบวันหยุด	chop wan yut	chɔ̄pˋ wan yutˇ	喜歡假日	engine-auto	
อาทิตย์นี้มีวันหยุดไหม	athit nee mee wan yut mai	ā tit~ nī~ mī wan yutˇ maiˊ	這禮拜有假日嗎？	engine-auto	
วันขึ้นปีใหม่	wan khuen pee mai	wan kɯnˋ bī maiˇ	元旦	engine-auto	
กุมภาพันธ์	kumpha	gum pā pan	二月	engine-auto	
เกิดเดือนอะไร	koet duen arai	gə̄tˇ dhɯ̄an aˇ rai	幾月出生的？	engine-auto	
วันตรุษจีน	wan trut jin	wan drutˇ jīn	春節	engine-auto	
ว่าง	wang	wāngˋ	有空	engine-auto	
เสาร์อาทิตย์	sao athit	sāuˊ ā tit~	週六週日（週末）	engine-auto	
เสาร์อาทิตย์นี้ว่างไหม	sao athit nee wang mai	sāuˊ ā tit~ nī~ wāngˋ maiˊ	這個週末有空嗎？	engine-auto	
เสาร์อาทิตย์นี้ไปเที่ยวที่ไหน	sao athit nee pai thieo thi nai	sāuˊ ā tit~ nī~ bai tīauˋ tīˋ naiˊ	這個週末去哪裡玩？	engine-auto	
ห้องว่าง	hong wang	hɔ̄ngˋ wāngˋ	空房	engine-auto	
มีห้องว่างให้เช่าไหม	mee hong wang hai chao mai	mī hɔ̄ngˋ wāngˋ haiˋ chāuˋ maiˊ	有空房出租嗎？	engine-auto	
เมื่อไหร่	muearai	mɯ̄aˋ raiˇ	什麼時候	engine-auto	
เมื่อไหร่ว่าง	muearai wang	mɯ̄aˋ raiˇ wāngˋ	什麼時候有空	engine-auto	
เมื่อไหร่จะแต่งงาน	muearai ja taeng ngan	mɯ̄aˋ raiˇ jaˇ dɛ̄ngˇ ngān	什麼時候要結婚	engine-auto	
เมื่อไหร่จะกลับบ้าน	muearai ja klap ban	mɯ̄aˋ raiˇ jaˇ glapˇ bhānˋ	什麼時候要回家	engine-auto	
วันทำงาน	wan tham ngan	wan tam ngān	工作日	engine-auto	
วันหยุด	wan yut	wan yutˇ	假日	engine-auto	
หยุดเรียน	yut rian	yutˇ rīan	停課	engine-auto	
หยุดงาน	yut ngan	yutˇ ngān	停工	engine-auto	
หยุดกิน	yut kin	yutˇ gin	停止吃（不要再吃了）	engine-auto	
วันหยุดยาว	wan yut yao	wan yutˇ yāu	連假	engine-auto	
วันหลัง	wan lang	wan langˊ	改天	engine-auto	
วันหลังไปใหม่	wan lang pai mai	wan langˊ bai maiˇ	改天再去	engine-auto	
วันหลังมาใหม่	wan lang maใหม่	wan langˊ mā maiˇ	改天再來	engine-auto	
วันเกิด	wan koet	wan gə̄tˇ	生日	engine-auto	
วันเกิดวันที่เท่าไหร่	wan koet wan thi thao rai	wan gə̄tˇ wan tīˋ tāuˋ raiˇ	生日是幾號？	engine-auto	
เกิดวันที่เท่าไหร่เดือนอะไร	koet wan thi thao rai duen arai	gə̄tˇ wan tīˋ tāuˋ raiˇ dhɯ̄an aˇ rai	幾月幾號出生？	engine-auto	
วันนี้ทำอะไร	wan nee tham arai	wan nī~ tam aˇ rai	今天做什麼	engine-auto	
วันนี้มาเรียนภาษาไทย	wan nee ma rian pasa Thai	wan nī~ mā rīan pā sāˊ tai	今天來學泰文	engine-auto	
พรุ่งนี้ทำงานไหม	phrung nee tham ngan mai	prungˋ nī~ tam ngān maiˊ	明天要上班嗎	engine-auto	
เมื่อวานทำโอทีไหม	muea wan tham OT mai	mɯ̄aˋ wān tam ō tī maiˊ	昨天加班（OT）嗎	engine-auto	
เมื่อวานไปเที่ยวที่ไหน	muea wan pai thieo thi nai	mɯ̄aˋ wān bai tīauˋ tīˋ naiˊ	昨天去哪裡玩	engine-auto	
คืนนี้	khuen nee	kɯ̄n nī~	今晚	engine-auto	
เมื่อคืน	muea khuen	mɯ̄aˋ kɯ̄n	昨晚	engine-auto	
คืนพรุ่งนี้	khuen phrung nee	kɯ̄n prungˋ nī~	明晚	engine-auto	
คืนนี้จะนอนกี่โมง	khuen nee ja non khee mong	kɯ̄n nī~ jaˇ nɔ̄n gīˇ mōng	今晚幾點睡	engine-auto	
นอนดึก	non duek	nɔ̄n dhɯkˇ	晚睡	engine-auto	
ตื่นเช้า	tuen chao	dɯ̄nˇ chāu~	早起	engine-auto	
ป้ายรถเมล์	pai rot mae	bāiˋ rot~ mē	公車站	engine-auto	
ป้ายนี้	pai nee	bāiˋ nī~	這一站	engine-auto	
ป้ายที่แล้ว	pai thi laeo	bāiˋ tīˋ lɛ̄u~	上一站	engine-auto	
ป้ายหน้า	pai na	bāiˋ nāˋ	下一站	engine-auto	
สถานีรถไฟ	sathani rot fai	saˇ tāˊ nī rot~ fai	捷運站（車站）	engine-auto	
สถานีนี้	sathani nee	saˇ tāˊ nī nī~	這一站下車	engine-auto	
ตอนเช้า	ton chao	dɔ̄n chāu~	早上	engine-auto	
ตอนบ่าย	ton bai	dɔ̄n bhāiˇ	下午	engine-auto	
ตอนเย็น	ton yen	dɔ̄n yen	傍晚	engine-auto	
ตอนเที่ยง	ton tieng	dɔ̄n tīangˋ	中午	engine-auto	
อาหารเช้า	ahan chao	ā hānˊ chāu~	早餐	engine-auto	
อาหารกลางวัน	ahan klang wan	ā hānˊ glāng wan	中餐	engine-auto	
อาหารเย็น	ahan yen	ā hānˊ yen	晚餐	engine-auto	
ข้าวเช้า	khao chao	kāuˋ chāu~	早餐（口語）	engine-auto	
ข้าวเที่ยง	khao tieng	kāuˋ tīangˋ	中餐（口語）	engine-auto	
ข้าวเย็น	khao yen	kāuˋ yen	晚餐（口語）	engine-auto	
กลางวัน	klang wan	glāng wan	白天	engine-auto	
กลางคืน	klang khuen	glāng kɯ̄n	晚上	engine-auto	
กลางเดือน	klang duen	glāng dhɯ̄an	月中	engine-auto	
สิ้นเดือน	sin duen	sinˋ dhɯ̄an	月底	engine-auto	
ปลายเดือน	plai duen	blāi dhɯ̄an	月底（另一說法）	engine-auto	
เงินเดือนออก	ngen duen ok	ngə̄n dhɯ̄an ɔ̄kˇ	發薪水	engine-auto	
กลางปี	klang pee	glāng bī	年中	engine-auto	
สิ้นปี	sin pee	sinˋ bī	年底	engine-auto	
หลาน	lan	lānˊ	孫子	engine-auto	
กลางทาง	klang thang	glāng tāng	中途	engine-auto	
ปลายทาง	plai thang	blāi tāng	終點（末端）	engine-auto	
ทุกคน	thuk khon	tuk~ kon	每個人	engine-auto	
ทุกวัน	thuk wan	tuk~ wan	每天	engine-auto	
ทุกเดือน	thuk duen	tuk~ dhɯ̄an	每個月	engine-auto	
ทุกปี	thuk pee	tuk~ bī	每年	engine-auto	
ทุกคืน	thuk khuen	tuk~ kɯ̄n	每晚	engine-auto	
ไปเที่ยวทุกคืน	pai thieo thuk khuen	bai tīauˋ tuk~ kɯ̄n	每晚去玩	engine-auto	
กินชานมทุกวัน	kin cha nom thuk wan	gin chā nom tuk~ wan	每天喝奶茶	engine-auto	
กินกาแฟทุกวัน	kin kafe thuk wan	gin gā fɛ̄ tuk~ wan	每天喝咖啡	engine-auto	
ทุกๆ	thuk thuk	tuk~ tuk~	每個（強調）	engine-auto	
ไปทำฟันทุกๆ 6 เดือน	pai tham fan thuk thuk hok duen	bai tam fan tuk~ tuk~ 6 dhɯ̄an	每六個月看牙醫	engine-auto	
หลายคน	lai khon	lāiˊ kon	好幾個人	engine-auto	
หลายวัน	lai wan	lāiˊ wan	好幾天	engine-auto	
หลายอาทิตย์	lai athit	lāiˊ ā tit~	好幾個禮拜	engine-auto	
หลายเดือน	lai duen	lāiˊ dhɯ̄an	好幾個月	engine-auto	
หลายปี	lai pee	lāiˊ bī	好幾年	engine-auto	
หลายครั้ง	lai khrang	lāiˊ krang~	好幾次	engine-auto	
ครั้งนี้	khrang nee	krang~ nī~	這次	engine-auto	
ครั้งที่แล้ว	khrang thi laeo	krang~ tīˋ lɛ̄u~	上次	engine-auto	
ครั้งหน้า	khrang na	krang~ nāˋ	下次	engine-auto	
ครั้งหน้าไปใหม่	khrang na pai mai	krang~ nāˋ bai maiˇ	下次再去	engine-auto	
ไม่กี่ครั้ง	mai khee khrang	maiˋ gīˇ krang~	沒幾次	engine-auto	
ไม่กี่วัน	mai khee wan	maiˋ gīˇ wan	沒幾天	engine-auto	
ไม่กี่อาทิตย์	mai khee athit	maiˋ gīˇ ā tit~	沒幾個禮拜	engine-auto	
ไม่กี่เดือน	mai khee duen	maiˋ gīˇ dhɯ̄an	沒幾個月	engine-auto	
ไม่กี่ปี	mai khee pee	maiˋ gīˇ bī	沒幾年	engine-auto	
รู้จัก	ru jak	rū~ jakˇ	認識	engine-auto	
เพิ่งรู้จัก	phoeng ru jak	pə̄ngˋ rū~ jakˇ	剛認識	engine-auto	
เพิ่งกิน	phoeng kin	pə̄ngˋ gin	剛吃	engine-auto	
เพิ่งไป	phoeng pai	pə̄ngˋ bai	剛去	engine-auto	
เพิ่งมา	phoeng ma	pə̄ngˋ mā	剛來	engine-auto	
เพิ่งนอน	phoeng non	pə̄ngˋ nɔ̄n	剛睡	engine-auto	
เพิ่งเดิน	phoeng dern	pə̄ngˋ dhə̄n	剛走（路）	engine-auto	
เงินเดือน	ngen duen	ngə̄n dhɯ̄an	月薪	engine-auto	
บางคน	bang khon	bhāng kon	有些人	engine-auto	
บางวัน	bang wan	bhāng wan	有些天	engine-auto	
บางเดือน	bang duen	bhāng dhɯ̄an	有些月份	engine-auto	
บางที	bang thee	bhāng tī	有時候	engine-auto	
บางครั้ง	bang khrang	bhāng krang~	有幾次/有時	engine-auto	
บางที่	bang thee	bhāng tīˋ	有些地方	engine-auto	
บางที่สนุก บางที่ไม่สนุก	bang thee sanuk bang thee mai sanuk	bhāng tīˋ saˇ nuk~ bhāng tīˋ maiˋ saˇ nuk~	有些好玩有些不好玩	engine-auto	
อะไรบ้าง	arai bang	aˇ rai bhāngˋ	有哪些	engine-auto	
ชอบกินอะไรบ้าง	chop kin arai bang	chɔ̄pˋ gin aˇ rai bhāngˋ	喜歡吃哪些	engine-auto	
ชอบไปที่ไหนบ้าง	chop pai thee nai bang	chɔ̄pˋ bai tīˋ naiˊ bhāngˋ	喜歡去哪裡（哪些地方）	engine-auto	
ชอบทำอะไรบ้าง	chop tham arai bang	chɔ̄pˋ tam aˇ rai bhāngˋ	喜歡做什麼（哪些事）	engine-auto	
หายใจ	hai jai	hāiˊ jai	呼吸	engine-auto	
หายใจเข้า	hai jai khao	hāiˊ jai kāuˋ	吸氣	engine-auto	
หายใจออก	hai jai ok	hāiˊ jai ɔ̄kˇ	吐氣	engine-auto	
ไม่หายใจ	mai hai jai	maiˋ hāiˊ jai	不呼吸	engine-auto	
ออกกี่โมง	ok khee mong	ɔ̄kˇ gīˇ mōng	幾點出發	engine-auto	
พรุ่งนี้ออกกี่โมง	phrung nee ok khee mong	prungˋ nī~ ɔ̄kˇ gīˇ mōng	明天幾點出發	engine-auto	
เครื่องออกกี่โมง	khreuang ok khee mong	krɯ̄angˋ ɔ̄kˇ gīˇ mōng	飛機幾點起飛	engine-auto	
รถออกกี่โมง	rot ok khee mong	rot~ ɔ̄kˇ gīˇ mōng	車子幾點開	engine-auto	
รถไฟออกกี่โมง	rot fai ok khee mong	rot~ fai ɔ̄kˇ gīˇ mōng	火車幾點開	engine-auto	
เรือออกกี่โมง	ruea ok khee mong	rɯ̄a ɔ̄kˇ gīˇ mōng	船幾點開	engine-auto	
ทั้งวัน	thang wan	tang~ wan	整天	engine-auto	
ทั้งคืน	thang khuen	tang~ kɯ̄n	整晚	engine-auto	
ทั้งสอง	thang song	tang~ sɔ̄ngˊ	兩個都	engine-auto	
ชอบทั้งสอง	chop thang song	chɔ̄pˋ tang~ sɔ̄ngˊ	兩個都喜歡	engine-auto	
ครึ่ง	khrueng	krɯngˋ	一半	engine-auto	
ครึ่งวัน	khrueng wan	krɯngˋ wan	半天	engine-auto	
ครึ่งชั่วโมง	khrueng chuamong	krɯngˋ chūaˋ mōng	半小時	engine-auto	
ครึ่งแก้ว	khrueng kaew	krɯngˋ gɛ̄uˋ	半杯	engine-auto	
ครึ่งจาน	khrueng jan	krɯngˋ jān	半盤	engine-auto	
เอาข้าวครึ่งจาน	ao khao khrueng jan	au kāuˋ krɯngˋ jān	要半盤飯	engine-auto	
เอาเบียร์ครึ่งแก้ว	ao bia khrueng kaew	au bhīa krɯngˋ gɛ̄uˋ	要半杯啤酒	engine-auto	
ออกมั้ย	ok mai	ɔ̄kˇ mai~	出去嗎（揪團口語）	engine-auto	
วันนี้ออกมั้ย	wan nee ok mai	wan nī~ ɔ̄kˇ mai~	今天出去嗎	engine-auto	
ปะ	pa	baˇ	走吧	engine-auto	
ชั่วโมงครึ่ง	chuamong khrueng	chūaˋ mōng krɯngˋ	一個半小時	engine-auto	
ลูกครึ่ง	luk khrueng	lūkˋ krɯngˋ	混血兒	engine-auto	
ดึก	duek	dhɯkˇ	深夜	engine-auto	
นอนดึก	non duek	nɔ̄n dhɯkˇ	熬夜/晚睡	engine-auto	
นอนดึกไม่ดีต่อสุขภาพ	non duek mai dee tor sukaphat	nɔ̄n dhɯkˇ maiˋ dhī dɔ̄ˇ sukˇ pāpˋ	晚睡對健康不好	engine-auto	
ดีต่อสุขภาพ	dee tor sukaphat	dhī dɔ̄ˇ sukˇ pāpˋ	對健康好	engine-auto	
2 ต่อ 1	song tor nueng	2 dɔ̄ˇ 1	2比1	engine-auto	
นาฬิกา	nalika	nā li~ gā	時鐘	engine-auto	
นาที	natee	nā tī	分鐘	engine-auto	
นาฬิกาข้อมือ	nalika kho mue	nā li~ gā kɔ̄ˋ mɯ̄	手錶	engine-auto	
ใส่นาฬิกาข้อมือ	sai nalika kho mue	saiˇ nā li~ gā kɔ̄ˋ mɯ̄	戴手錶	engine-auto	
ประมาณ	praman	braˇ mān	大約	engine-auto	
ประมาณกี่โมง	praman khee mong	braˇ mān gīˇ mōng	大約幾點	engine-auto	
เจอกันประมาณกี่โมง	joe kan praman khee mong	jə̄ gan braˇ mān gīˇ mōng	大約幾點見面	engine-auto	
เกือบ	kueap	gɯ̄apˇ	幾乎/快要	engine-auto	
เกือบทุกวัน	kueap thuk wan	gɯ̄apˇ tuk~ wan	幾乎每天	engine-auto	
ชอบเกือบทุกอัน	chop kueap thuk an	chɔ̄pˋ gɯ̄apˇ tuk~ an	幾乎每一個都喜歡	engine-auto	
มะพร้าว	maphrao	ma~ prāu~	椰子	engine-auto	
มะพร้าวเผา	maphrao phao	ma~ prāu~ pāuˊ	烤椰子	engine-auto	
ข้าวเหนียวทุเรียน	khao niao thurian	kāuˋ nīauˊ tu~ rīan	榴槤糯米飯	engine-auto	
มะนาว	manao	ma~ nāu	檸檬	engine-auto	
น้ำมะนาว	nam manao	nām~ ma~ nāu	檸檬水	engine-auto	
ชามะนาว	cha manao	chā ma~ nāu	檸檬茶	engine-auto	
มะละกอ	malako	ma~ la~ gɔ̄	木瓜	engine-auto	
มะเขือเทศ	makhueathet	ma~ kɯ̄aˊ tētˋ	番茄	engine-auto	
มะเขือ	makhuea	ma~ kɯ̄aˊ	茄子	engine-auto	
ซอสมะเขือเทศ	sot makhueathet	sɔ̄tˋ ma~ kɯ̄aˊ tētˋ	番茄醬	engine-auto	
พิซซ่า	pizza	pit~ sāˋ	披薩	engine-auto	
ขอซอสมะเขือเทศสิบห่อ	kho sot makhueathet sip ho	kɔ̄ˊ sɔ̄tˋ ma~ kɯ̄aˊ tētˋ sipˇ hɔ̄ˇ	要十包番茄醬	engine-auto	
แมคโดนัลด์	McDonald	mɛ̄kˋ dhō nan	麥當勞	engine-auto	
หกห่อ	hok ho	hokˇ hɔ̄ˇ	六包（袋）	engine-auto	
น้ำปลาหวาน	nam pla wan	nām~ blā wānˊ	甜魚露	engine-auto	
อันไหนอร่อย	an nai aroi	an naiˊ aˇ rɔ̄iˋ	哪一個好吃	engine-auto	
อันไหนไม่เผ็ด	an nai mai phet	an naiˊ maiˋ petˇ	哪一個不辣	engine-auto	
อ้อย	oi	ɔ̄iˋ	甘蔗	engine-auto	
โอ๊ย	oy	ōi~	痛/哎喲	engine-auto	
ส้ม	som	somˋ	柳橙	engine-auto	
น้ำส้ม	nam som	nām~ somˋ	柳橙汁	engine-auto	
น้ำส้มคั้นสด	nam som khan sot	nām~ somˋ kan~ sotˇ	鮮榨柳橙汁	engine-auto	
ส้มโอ	som o	somˋ ō	柚子	engine-auto	
ส้มเช้ง	som cheng	somˋ chēng~	綠丁（柳橙品種）	engine-auto	
กล้วย	kluay	glūayˋ	香蕉	engine-auto	
กล้วยทอด	kluay thot	glūayˋ tɔ̄tˋ	炸香蕉	engine-auto	
กล้วยปิ้ง	kluay ping	glūayˋ bingˋ	烤香蕉	engine-auto	
กล้วยไข่	kluay khai	glūayˋ kaiˇ	蛋蕉	engine-auto	
แตงโม	taengmo	dɛ̄ng mō	西瓜	engine-auto	
น้ำแตงโม	nam taengmo	nām~ dɛ̄ng mō	西瓜汁	engine-auto	
มังคุด	mangkut	mang kut~	山竹	engine-auto	
ทุเรียน	thurian	tu~ rīan	榴槤	engine-auto	
ลิ้นจี่	linjee	lin~ jīˇ	荔枝	engine-auto	
ลำไย	lamyai	lam yai	龍眼	engine-auto	
สาลี่	salee	sāˊ līˋ	水梨	engine-auto	
ลูกท้อ	luk tho	lūkˋ tɔ̄~	桃子	engine-auto	
บ๊วย	buai	bhūay~	梅子	engine-auto	
แอปเปิ้ล	apple	ɛ̄pˇ bə̄nˋ	蘋果	engine-auto	
เชอร์รี่	cherry	chə̄ rīˋ	櫻桃	engine-auto	
กีวี่	kiwi	gī wīˋ	奇異果	engine-auto	
อะโวคาโด	avocado	aˇ wō kā dhō	酪梨	engine-auto	
ทุเรียนทอด	thurian thot	tu~ rīan tɔ̄tˋ	炸榴槤	engine-auto	
ทุเรียนอบแห้ง	thurian op haeng	tu~ rīan opˇ hɛ̄ngˋ	榴槤乾	engine-auto	
มะขาม	makham	ma~ kāmˊ	羅望子	engine-auto	
น้ำมะขาม	nam makham	nām~ ma~ kāmˊ	羅望子汁	engine-auto	
ซอสมะขาม	sot makham	sɔ̄tˋ ma~ kāmˊ	羅望子醬	engine-auto	
ปลากระป๋อง	pla krapong	blā graˇ bɔ̄ngˊ	罐頭魚	engine-auto	
เบียร์กระป๋อง	bia krapong	bhīa graˇ bɔ̄ngˊ	罐裝啤酒	engine-auto	
ทับทิม	thapthim	tap~ tim	石榴	engine-auto	
ทับทิมกรอบ	thapthim krop	tap~ tim grɔ̄pˇ	紅寶石脆圓（甜點）	engine-auto	
หมูกรอบ	mu krop	mūˊ grɔ̄pˇ	脆皮豬肉	engine-auto	
ลองกอง	longkong	lɔ̄ng gɔ̄ng	龍宮果	engine-auto	
มะเขือยาว	makhuea yao	ma~ kɯ̄aˊ yāu	長茄子	engine-auto	
ลำไยอบแห้ง	lamyai op haeng	lam yai opˇ hɛ̄ngˋ	龍眼乾	engine-auto	
ลำไยสีทองอบแห้ง	lamyai si thong op haeng	lam yai sīˊ tɔ̄ ngɔ̄pˋ hɛ̄ngˋ	金色龍眼乾	engine-auto	
น้ำลำไย	nam lamyai	nām~ lam yai	龍眼水	engine-auto	
เชียงใหม่ เชียงราย ลำปาง	Chiang Mai Chiang Rai Lampang	chīang maiˇ chīang rāi lam bāng	清邁/清萊/南邦	engine-auto	
อยู่ภาคเหนือ	yu phak neua	yūˋ pākˋ nɯ̄aˊ	在北部	engine-auto	
ปลูกลำไย	pluk lamyai	blūkˇ lam yai	種龍眼	engine-auto	
อยู่ภาคใต้	yu phak tai	yūˋ pākˋ daiˋ	在南部	engine-auto	
งาช้าง	nga chang	ngā chāng~	象牙	engine-auto	
งา	nga	ngā	芝麻	engine-auto	
งาดำ	nga dam	ngā dham	黑芝麻	engine-auto	
งาขาว	nga khao	ngā kāuˊ	白芝麻	engine-auto	
จังหวัด	changwat	jang watˇ	府	engine-auto	
เมืองไทยมี 77 จังหวัด	mueang Thai mee 77 changwat	mɯ̄ang tai mī 77 jang watˇ	泰國有 77 個府	engine-auto	
ไปเที่ยวจังหวัดไหน	pai thieo changwat nai	bai tīauˋ jang watˇ naiˊ	去哪一個府玩	engine-auto	
กรุงเทพ	Krung Thep	grung tēpˋ	曼谷	engine-auto	
สุโขทัย	Sukhothai	suˇ kōˊ tai	素可泰	engine-auto	
อยู่ภาคกลาง	yu phak klang	yūˋ pākˋ glāng	在中部	engine-auto	
พัทยา	Pattaya	pat~ yā	芭達雅	engine-auto	
อยู่ภาคตะวันออก	yu phak tawan ok	yūˋ pākˋ daˇ wan ɔ̄kˇ	在東部	engine-auto	
ทั้ง...และ...	thang...lae...	tang~...lɛ~...	兩者都...	engine-auto	
ทั้งคนจีนและคนไต้หวันพูดภาษาจีนกลาง	thang khon jin lae khon Taiwan phut pasa jin klang	tang~ kon jīn lɛ~ kon daiˋ wanˊ pūtˋ pā sāˊ jīn glāng	中國人和台灣人都說普通話	engine-auto	
ชอบกินอาหารไทย ทั้งกะเพราหมู คะน้าหมูกรอบ ต้มยำกุ้ง และทุเรียน	chop kin ahan Thai thang kaprao mu khana mu krop tom yam kung lae thurian	chɔ̄pˋ gin ā hānˊ tai tang~ gaˇ prāu mūˊ ka~ nā~ mūˊ grɔ̄pˇ domˋ yam gungˋ lɛ~ tu~ rīan	喜歡泰國菜，有打拋豬、芥藍脆皮豬、冬蔭功和榴槤	engine-auto	
ชาวคริสต์	chao khrit	chāu krit~	基督徒	engine-auto	
ชาวไทย	chao Thai	chāu tai	泰國人（較正式）	engine-auto	
ชาวไต้หวัน	chao Taiwan	chāu daiˋ wanˊ	台灣人（較正式）	engine-auto	
กินจืด	kin juet	gin jɯ̄tˇ	吃清淡	engine-auto	
แกงจืด	kaeng juet	gɛ̄ng jɯ̄tˇ	清湯	engine-auto	
ภาคอีสาน	phak isan	pākˋ ī sānˊ	東北部（伊森）	engine-auto	
พูดภาษาอีสาน	phut pasa isan	pūtˋ pā sāˊ ī sānˊ	說伊森話	engine-auto	
กินอาหารอีสาน	kin ahan isan	gin ā hānˊ ī sānˊ	吃伊森菜	engine-auto	
ส้มตำ	som tam	somˋ dam	青木瓜沙拉	engine-auto	
คอหมูย่าง	kho mu yang	kɔ̄ mūˊ yāngˋ	烤豬頸肉	engine-auto	
แฟนคนแรกเป็นคนอีสาน	faen khon raek pen khon isan	fɛ̄n kon rɛ̄kˋ ben kon ī sānˊ	第一個男/女朋友是東北人	engine-auto	
แรก	raek	rɛ̄kˋ	第一	engine-auto	
วันแรก	wan raek	wan rɛ̄kˋ	第一天	engine-auto	
คนแรก	khon raek	kon rɛ̄kˋ	第一個人	engine-auto	
เดือนแรก	duen raek	dhɯ̄an rɛ̄kˋ	第一個月	engine-auto	
ปีแรก	pee raek	bī rɛ̄kˋ	第一年	engine-auto	
อาทิตย์แรก	athit raek	ā tit~ rɛ̄kˋ	第一個禮拜	engine-auto	
ห้องแรก	hong raek	hɔ̄ngˋ rɛ̄kˋ	第一間房間	engine-auto	
เดียว	diao	dhīau	單一	engine-auto	
อยู่คนเดียวเหงาไหม	yu khon diao ngao mai	yūˋ kon dhīau ngāuˊ maiˊ	一個人（孤單）嗎	engine-auto	
อยู่คนเดียว	yu khon diao	yūˋ kon dhīau	一個人住	engine-auto	
มีลูกคนเดียว	mee luk khon diao	mī lūkˋ kon dhīau	只有一個小孩	engine-auto	
มีแฟนคนเดียว	mee faen khon diao	mī fɛ̄n kon dhīau	只有一個男/女朋友	engine-auto	
มีห้องเดียว	mee hong diao	mī hɔ̄ngˋ dhīau	只有一間房間	engine-auto	
มีห้องน้ำห้องเดียว	mee hong nam hong diao	mī hɔ̄ngˋ nām~ hɔ̄ngˋ dhīau	只有一間廁所	engine-auto	
ห้องนอน	hong non	hɔ̄ngˋ nɔ̄n	臥室	engine-auto	
เดียวกัน	diao kan	dhīau gan	同一個	engine-auto	
ทางเดียวกัน	thang diao kan	tāng dhīau gan	同一條路	engine-auto	
สีเดียวกัน	si diao kan	sīˊ dhīau gan	同一種顏色	engine-auto	
ใส่เสื้อสีเดียวกัน	sai suea si diao kan	saiˇ sɯ̄aˋ sīˊ dhīau gan	穿同色的衣服	engine-auto	
คนเดียวกัน	khon diao kan	kon dhīau gan	同一個人	engine-auto	
ชอบคนเดียวกัน	chop khon diao kan	chɔ̄pˋ kon dhīau gan	喜歡同一個人	engine-auto	
เกิดวันเดียวกัน	koet wan diao kan	gə̄tˇ wan dhīau gan	同一天出生	engine-auto	
เกิดเดือนเดียวกัน	koet duen diao kan	gə̄tˇ dhɯ̄an dhīau gan	同一個月出生	engine-auto	
เรียนห้องเดียวกัน	rian hong diao kan	rīan hɔ̄ngˋ dhīau gan	在同一個教室學習	engine-auto	
เหงา	ngao	ngāuˊ	寂寞	engine-auto	
คนไทยขี้เหงา	khon Thai khee ngao	kon tai kīˋ ngāuˊ	泰國人很容易寂寞	engine-auto	
ขี้เกียจ	khee kiat	kīˋ gīatˇ	懶惰	engine-auto	
ขี้เกียจปอกเปลือก	khee kiat pok plueak	kīˋ gīatˇ bɔ̄kˇ blɯ̄akˇ	懶得剝皮	engine-auto	
ขี้เกียจฟังภาษาไทย	khee kiat fang pasa Thai	kīˋ gīatˇ fang pā sāˊ tai	懶得聽泰文	engine-auto	
ขี้เกียจเรียนภาษาไทย	khee kiat rian pasa Thai	kīˋ gīatˇ rīan pā sāˊ tai	懶得學泰文	engine-auto	
เปลือก	plueak	blɯ̄akˇ	皮/殼	engine-auto	
เปลือกแตงโม	plueak taengmo	blɯ̄akˇ dɛ̄ng mō	西瓜皮	engine-auto	
เปลือกลำไย	plueak lamyai	blɯ̄akˇ lam yai	龍眼皮	engine-auto	
เปลือกหอย	plueak hoy	blɯ̄akˇ hɔ̄iˊ	貝殼	engine-auto	
เปลือกกุ้ง	plueak kung	blɯ̄akˇ gungˋ	蝦殼	engine-auto	
เปลือกไข่	plueak khai	blɯ̄akˇ kaiˇ	蛋殼	engine-auto	
ขี้เกียจขับรถ	khee kiat khap rot	kīˋ gīatˇ kapˇ rot~	懶得開車	engine-auto	
ขี้เกียจทำอาหาร	khee kiat tham ahan	kīˋ gīatˇ tam ā hānˊ	懶得煮飯	engine-auto	
เอง	eng	ēng	自己	engine-auto	
กินเอง	kin eng	gin ēng	自己吃	engine-auto	
เรียนเอง	rian eng	rīan ēng	自己學	engine-auto	
ไปเรียนเอง	pai rian eng	bai rīan ēng	自己去上學	engine-auto	
พูดเอง	phut eng	pūtˋ ēng	自己說	engine-auto	
ทำเอง	tham eng	tam ēng	自己做	engine-auto	
ใบไม้	bai mai	bhai mai~	樹葉	engine-auto	
ใบบัว	bai bua	bhai bhūa	蓮葉	engine-auto	
ใบชา	bai cha	bhai chā	茶葉	engine-auto	
ใบมะกรูด	bai makrut	bhai ma~ grūtˇ	檸檬葉	engine-auto	
ใบตอง	bai tong	bhai dɔ̄ng	芭蕉葉	engine-auto	
ห่อ	ho	hɔ̄ˇ	包/包裝	engine-auto	
ซื้อข้าวเหนียวสองห่อ	sue khao niao song ho	sɯ̄~ kāuˋ nīauˊ sɔ̄ngˊ hɔ̄ˇ	買兩包糯米飯	engine-auto	
ซอสมะเขือเทศหกห่อ	sot makhueathet hok ho	sɔ̄tˋ ma~ kɯ̄aˊ tētˋ hokˇ hɔ̄ˇ	六包番茄醬	engine-auto	
ดอกไม้	dok mai	dhɔ̄kˇ mai~	花	engine-auto	
ปลูก	pluk	blūkˇ	種植	engine-auto	
ปลูกข้าว	pluk khao	blūkˇ kāuˋ	種稻	engine-auto	
ปลูกดอกไม้	pluk dok mai	blūkˇ dhɔ̄kˇ mai~	種花	engine-auto	
ปลูกผัก	pluk phak	blūkˇ pakˇ	種菜	engine-auto	
ปลูกฟัน	pluk fan	blūkˇ fan	植牙	engine-auto	
ปลูกผม	pluk phom	blūkˇ pomˊ	植髮	engine-auto	
เม็ด	met	met~	顆/粒（種子或藥丸）	engine-auto	
เม็ดแตงโม	met taengmo	met~ dɛ̄ng mō	西瓜籽	engine-auto	
กินยาห้าเม็ด	kin ya ha met	gin yā hāˋ met~	吃五顆藥	engine-auto	
นมเม็ด	nom met	nom met~	奶片	engine-auto	
เม็ดกาแฟ	met kafe	met~ gā fɛ̄	咖啡豆	engine-auto	
ถั่ว	thua	tūaˇ	豆子	engine-auto	
ถั่วเขียว ถั่วแดง ถั่วเหลือง ถั่วดำ	thua khiao thua daeng thua lueang thua dam	tūaˇ kīauˊ tūaˇ dhɛ̄ng tūaˇ lɯ̄angˊ tūaˇ dham	綠豆/紅豆/黃豆/黑豆	engine-auto	
ปั่น	pan	banˇ	攪拌/旋轉	engine-auto	
เครื่องปั่น	khreuang pan	krɯ̄angˋ banˇ	攪拌機	engine-auto	
ครึ่ง	kreung	krɯngˋ	半	engine-auto	
เจอกันเที่ยงครึ่ง	jer gan tiang kreung	jə̄ gan tīangˋ krɯngˋ	12:30 見	engine-auto	
เรียนชั่วโมงครึ่ง	rian chuamong kreung	rīan chūaˋ mōng krɯngˋ	上課一個半小時	engine-auto	
แก้วที่สองครึ่งราคา	gaeo tee sawng kreung raakaa	gɛ̄uˋ tīˋ sɔ̄ngˊ krɯngˋ rā kā	第二杯半價	engine-auto	
ประมาณ	bpra maan	braˇ mān	大約	engine-auto	
มีคนมาประมาณร้อยคน	mee kon maa bpra maan roy kon	mī kon mā braˇ mān rɔ̄i~ kon	有大約一百人來	engine-auto	
ใช้เวลาทำประมาณสิบห้านาที	chai way laa tam bpra maan sip haa naa tee	chai~ wē lā tam braˇ mān sipˇ hāˋ nā tī	大約花 15 分鐘做	engine-auto	
เกือบ	geuap	gɯ̄apˇ	快要 / 差一點	engine-auto	
เกือบสี่ทุ่มแล้ว	geuap see toom laeo	gɯ̄apˇ sīˇ tumˋ lɛ̄u~	快要晚上十點了	engine-auto	
เกือบตกน้ำ	geuap dtok naam	gɯ̄apˇ dokˇ nām~	差一點掉進水裡	engine-auto	
ทั้งวัน	tang wan	tang~ wan	整天	engine-auto	
อ่านหนังสือทั้งวัน	aan nang seu tang wan	ānˇ nangˊ sɯ̄ˊ tang~ wan	整天看書	engine-auto	
ทำงานทั้งวัน	tam ngaan tang wan	tam ngān tang~ wan	整天工作	engine-auto	
ทำงานทั้งวันเหนื่อยมาก	tam ngaan tang wan neuay maak	tam ngān tang~ wan nɯ̄aiˇ mākˋ	整天工作，很累	engine-auto	
ทั้งคืน	tang keun	tang~ kɯ̄n	整晚	engine-auto	
เล่นมือถือทั้งคืน	len meu teu tang keun	lēnˋ mɯ̄ tɯ̄ˊ tang~ kɯ̄n	整晚玩手機	engine-auto	
เพื่อนเล่นมือถือทั้งคืน	peuan len meu teu tang keun	pɯ̄anˋ lēnˋ mɯ̄ tɯ̄ˊ tang~ kɯ̄n	朋友整晚玩手機	engine-auto	
บางครั้งเพื่อนเล่นมือถือทั้งคืน	baang krang peuan len meu teu tang keun	bhāng krang~ pɯ̄anˋ lēnˋ mɯ̄ tɯ̄ˊ tang~ kɯ̄n	有時候朋友整晚玩手機	engine-auto	
เคยมาเมืองไทยไหม	koey maa meuang tai mai	kə̄i mā mɯ̄ang tai maiˊ	你來過泰國嗎	engine-auto	
ผมเคยมาเมืองไทยแล้ว	pom koey maa meuang tai laeo	pomˊ kə̄i mā mɯ̄ang tai lɛ̄u~	我來過泰國了	engine-auto	
ผมเคยมาที่นี่แล้ว	pom koey maa tee nee laeo	pomˊ kə̄i mā tīˋ nīˋ lɛ̄u~	我曾經來過這裡了	engine-auto	
เคยดูเรื่องนี้ไหม	koey doo reuang nee mai	kə̄i dhū rɯ̄angˋ nī~ maiˊ	你看過這部嗎	engine-auto	
ใบไม้	bai mai	bhai mai~	葉子	engine-auto	
ใบชา	bai chaa	bhai chā	茶葉	engine-auto	
ใบตอง	bai dtaong	bhai dɔ̄ng	香蕉葉	engine-auto	
ใบบัว	bai bua	bhai bhūa	荷葉	engine-auto	
ห่อ	haw	hɔ̄ˇ	打包	engine-auto	
ช่วยห่อกลับบ้านให้หน่อยครับ	chuay haw glap baan hai noy krap	chūayˋ hɔ̄ˇ glapˇ bhānˋ haiˋ nɔ̄iˇ krap~	請幫我打包回家	engine-auto	
ห่อละเท่าไร	haw la tao rai	hɔ̄ˇ la~ tāuˋ rai	一包多少錢	engine-auto	
เอากี่ห่อ	ao gee haw	au gīˇ hɔ̄ˇ	要幾包	engine-auto	
เอาห้าห่อค่ะ	ao haa haw ka	au hāˋ hɔ̄ˇ kaˋ	要五包	engine-auto	
ดอกไม้	dawk mai	dhɔ̄kˇ mai~	花	engine-auto	
ยายชอบดอกไม้	yaai chawp dawk mai	yāi chɔ̄pˋ dhɔ̄kˇ mai~	奶奶喜歡花	engine-auto	
ยายชอบปลูกดอกไม้	yaai chawp bplook dawk mai	yāi chɔ̄pˋ blūkˇ dhɔ̄kˇ mai~	奶奶喜歡種花	engine-auto	
ปลูกข้าว	bplook kaao	blūkˇ kāuˋ	種田	engine-auto	
ปลูกผม	bplook pom	blūkˇ pomˊ	植髮	engine-auto	
ปลูกฟัน	bplook fan	blūkˇ fan	植牙	engine-auto	
เปลือก	bpleuak	blɯ̄akˇ	皮	engine-auto	
ปอกเปลือก	bawk bpleuak	bɔ̄kˇ blɯ̄akˇ	削皮	engine-auto	
ขี้เกียจปอกเปลือก	kee giat bawk bpleuak	kīˋ gīatˇ bɔ̄kˇ blɯ̄akˇ	懶得削皮	engine-auto	
เปลือกแอปเปิ้ลกินได้	bpleuak aep bper gin dai	blɯ̄akˇ ɛ̄pˇ bə̄nˋ gin dhaiˋ	蘋果皮可以吃	engine-auto	
ปอกเปลือกดีกว่า	bawk bpleuak dee gwaa	bɔ̄kˇ blɯ̄akˇ dhī gwāˇ	削皮比較好	engine-auto	
เม็ด	met	met~	籽	engine-auto	
เม็ดมะละกอ	met ma la gaw	met~ ma~ la~ gɔ̄	木瓜籽	engine-auto	
เม็ดส้ม	met som	met~ somˋ	橘子籽	engine-auto	
เม็ดกาแฟ	met gaa fae	met~ gā fɛ̄	咖啡豆	engine-auto	
ปั่น	bpan	banˇ	冰沙	engine-auto	
มะพร้าวปั่น	ma praao bpan	ma~ prāu~ banˇ	椰子冰沙	engine-auto	
แตงโมปั่น	dtaeng mo bpan	dɛ̄ng mō banˇ	西瓜冰沙	engine-auto	
ชอบกินแตงโมปั่นไหม	chawp gin dtaeng mo bpan mai	chɔ̄pˋ gin dɛ̄ng mō banˇ maiˊ	喜歡喝西瓜冰沙嗎	engine-auto	
มะนาวปั่น	ma naao bpan	ma~ nāu banˇ	檸檬冰沙	engine-auto	
เคยกินมะนาวปั่นไหม	koey gin ma naao bpan mai	kə̄i gin ma~ nāu banˇ maiˊ	喝過檸檬冰沙嗎	engine-auto	
แตงโมปั่นแก้วละเท่าไร	dtaeng mo bpan gaeo la tao rai	dɛ̄ng mō banˇ gɛ̄uˋ la~ tāuˋ rai	西瓜冰沙一杯多少	engine-auto	
ตอนเด็ก	dtawn dek	dɔ̄n dhekˇ	小時候	engine-auto	
เอง	eng	ēng	自己	engine-auto	
ขนมนี้ฉันทำเอง	kanom nee chan tam eng	kaˇ nom nī~ chanˊ tam ēng	這甜點我自己做的	engine-auto	
มะพร้าวลูกละแปดบาทเอง	ma praao look la bpaet baat eng	ma~ prāu~ lūkˋ la~ bɛ̄tˇ bhātˇ ēng	椰子一顆才八塊	engine-auto	
ถูกหรือแพง	took reu paeng	tūkˇ rɯ̄ˊ pɛ̄ng	便宜還是貴	engine-auto	
ทั้ง...และ...	tang... lae...	tang~...lɛ~...	兩者都	engine-auto	
แรก	raek	rɛ̄kˋ	第一	engine-auto	
ครั้งแรก	krang raek	krang~ rɛ̄kˋ	第一次	engine-auto	
วันแรก	wan raek	wan rɛ̄kˋ	第一天	engine-auto	
อาทิตย์แรก	aa tit raek	ā tit~ rɛ̄kˋ	第一週	engine-auto	
เดือนแรก	deuan raek	dhɯ̄an rɛ̄kˋ	第一個月	engine-auto	
จานแรก	jaan raek	jān rɛ̄kˋ	第一盤	engine-auto	
เดียว	diao	dhīau	單一	engine-auto	
ไปคนเดียวก็ได้	bpai kon diao gor dai	bai kon dhīau gɔ̄ˋ dhaiˋ	一個人去也可以	engine-auto	
กินจานเดียวก็อิ่มแล้ว	gin jaan diao gor im laeo	gin jān dhīau gɔ̄ˋ imˇ lɛ̄u~	吃一盤就飽了	engine-auto	
ราคาร้อยเดียวเอง	raa kaa roy diao eng	rā kā rɔ̄i~ dhīau ēng	價格才一百	engine-auto	
เดียวกัน	diao gan	dhīau gan	同一個	engine-auto	
เกิดวันเดียวกัน	gert wan diao gan	gə̄tˇ wan dhīau gan	同一天出生	engine-auto	
ก็เลยมีแฟนคนเดียวกัน	gor loey mee faen kon diao gan	gɔ̄ˋ lə̄i mī fɛ̄n kon dhīau gan	結果有同一個情人	engine-auto	
ฉันจะไปเมืองไทย	chan ja pai muang thai	chanˊ jaˇ bai mɯ̄ang tai	我要去泰國	engine-auto	
คุณจะกินไหม	khun ja kin mai	kun jaˇ gin maiˊ	你要吃嗎？	engine-auto	
คุณจะซื้อไหม	khun ja sue mai	kun jaˇ sɯ̄~ maiˊ	你要買嗎？	engine-auto	
คุณจะเอาไหม	khun ja ao mai	kun jaˇ au maiˊ	你要拿嗎？	engine-auto	
คุณจะมาไหม	khun ja ma mai	kun jaˇ mā maiˊ	你會來嗎？	engine-auto	
คุณจะไปไหม	khun ja pai mai	kun jaˇ bai maiˊ	你要去嗎？	engine-auto	
อย่ากิน	ya kin	yāˋ gin	別吃	engine-auto	
อย่ากินดีกว่า	ya kin dee kwa	yāˋ gin dhī gwāˇ	還是別吃比較好	engine-auto	
อยากจะกิน	yak ja kin	yākˋ jaˇ gin	想要吃	engine-auto	
อยากจะกินไก่ย่าง	yak ja kin kai yang	yākˋ jaˇ gin gaiˇ yāngˋ	想要吃烤雞	engine-auto	
อยากจะไปเที่ยว	yak ja pai thiao	yākˋ jaˇ bai tīauˋ	想要去玩	engine-auto	
อย่าพูดดีกว่า	ya phut dee kwa	yāˋ pūtˋ dhī gwāˇ	還是別說比較好	engine-auto	
อย่าไปดีกว่า	ya pai dee kwa	yāˋ bai dhī gwāˇ	還是別去比較好	engine-auto	
อย่าทำดีกว่า	ya tham dee kwa	yāˋ tam dhī gwāˇ	還是別做比較好	engine-auto	
คุณกินข้าวหรือยัง	khun kin khao rue yang	kun gin kāuˋ rɯ̄ˊ yang	你吃飯了沒？	engine-auto	
รู้หรือยัง	ru rue yang	rū~ rɯ̄ˊ yang	知道了嗎？	engine-auto	
คุณเข้าใจหรือยัง	khun khao jai rue yang	kun kāuˋ jai rɯ̄ˊ yang	你明白了嗎？	engine-auto	
ทำงานหรือยัง	tham ngan rue yang	tam ngān rɯ̄ˊ yang	你工作了嗎？	engine-auto	
ยังไม่กิน	yang mai kin	yang maiˋ gin	還沒吃	engine-auto	
ยังไม่รู้	yang mai ru	yang maiˋ rū~	還不知道	engine-auto	
ยังไม่แต่งงาน	yang mai taeng ngan	yang maiˋ dɛ̄ngˇ ngān	還沒結婚	engine-auto	
ยังไม่นอน	yang mai non	yang maiˋ nɔ̄n	還沒睡覺	engine-auto	
เขายังไม่มา	khao yang mai ma	kāuˊ yang maiˋ mā	他還沒來	engine-auto	
ทำงานเสร็จหรือยัง	tham ngan set rue yang	tam ngān sretˇ rɯ̄ˊ yang	工作完成了嗎？	engine-auto	
เรียนเสร็จหรือยัง	rian set rue yang	rīan sretˇ rɯ̄ˊ yang	學完了嗎？	engine-auto	
ยังไม่เสร็จ	yang mai set	yang maiˋ sretˇ	還沒完成	engine-auto	
ยังทำงานไม่เสร็จ	yang tham ngan mai set	yang tam ngān maiˋ sretˇ	工作還沒完成	engine-auto	
อย่างไร	yang rai	yāngˋ rai	怎麼（正式）	engine-auto	
ยังไง	yang ngai	yang ngai	怎麼（口語）	engine-auto	
ไปอย่างไร	pai yang rai	bai yāngˋ rai	怎麼去（正式）	engine-auto	
ไปยังไง	pai yang ngai	bai yang ngai	怎麼去（口語）	engine-auto	
กินยังไง	kin yang ngai	gin yang ngai	怎麼吃	engine-auto	
พูดยังไง	phut yang ngai	pūtˋ yang ngai	怎麼說	engine-auto	
เขียนยังไง	khian yang ngai	kīanˊ yang ngai	怎麼寫	engine-auto	
ขายยังไง	khai yang ngai	kāiˊ yang ngai	怎麼賣	engine-auto	
ทำอย่างไรดี	tham yang rai dee	tam yāngˋ rai dhī	該怎麼辦才好（正式）	engine-auto	
ทำยังไงดี	tham yang ngai dee	tam yang ngai dhī	該怎麼辦才好（口語）	engine-auto	
ถามยังไงดี	tham yang ngai dee	tāmˊ yang ngai dhī	該怎麼問才好	engine-auto	
กำลังกินอยู่	gamlung kin yu	gam lang gin yūˋ	正在吃（最完整說法）	engine-auto	
กำลังกิน	gamlung kin	gam lang gin	正在吃（省略 yu）	engine-auto	
กินอยู่	kin yu	gin yūˋ	正在吃（省略 gamlung）	engine-auto	
ฟังอยู่	fang yu	fang yūˋ	正在聽	engine-auto	
จะกิน	ja kin	jaˇ gin	將要吃	engine-auto	
กำลังจะ	gamlung ja	gam lang jaˇ	正要...	engine-auto	
กำลังจะไปกิน	gamlung ja pai kin	gam lang jaˇ bai gin	正要去吃	engine-auto	
นอนแล้ว	non laew	nɔ̄n lɛ̄u~	睡覺了	engine-auto	
กำลังนอนอยู่	gamlung non yu	gam lang nɔ̄n yūˋ	正在睡覺	engine-auto	
กำลังจะไปนอน	gamlung ja pai non	gam lang jaˇ bai nɔ̄n	正要去睡覺	engine-auto	
กำลังจะนอน	gamlung ja non	gam lang jaˇ nɔ̄n	正要睡覺	engine-auto	
จะกินไหม	ja kin mai	jaˇ gin maiˊ	要吃嗎？	engine-auto	
เรียนแล้ว	rian laew	rīan lɛ̄u~	學過了	engine-auto	
คุณกำลังทำอะไรอยู่	khun gamlung tham arai yu	kun gam lang tam aˇ rai yūˋ	你正在做什麼？	engine-auto	
กำลังเรียนภาษาไทยอยู่	gamlung rian phasa thai yu	gam lang rīan pā sāˊ tai yūˋ	正在學泰文（最完整說法）	engine-auto	
กำลังเรียนภาษาไทย	gamlung rian phasa thai	gam lang rīan pā sāˊ tai	正在學泰文（省略 yu）	engine-auto	
เรียนภาษาไทยอยู่	rian phasa thai yu	rīan pā sāˊ tai yūˋ	正在學泰文（省略 gamlung）	engine-auto	
จะเรียนภาษาญี่ปุ่น	ja rian phasa yipun	jaˇ rīan pā sāˊ yīˋ bunˇ	將要學日文	engine-auto	
จะเรียนทำอาหาร	ja rian tham ahan	jaˇ rīan tam ā hānˊ	將要學做菜	engine-auto	
ไปทำงานแล้ว	pai tham ngan laew	bai tam ngān lɛ̄u~	去工作了	engine-auto	
ไปทำงานหรือยัง	pai tham ngan rue yang	bai tam ngān rɯ̄ˊ yang	去工作了嗎？	engine-auto	
กำลังทำงานอยู่	gamlung tham ngan yu	gam lang tam ngān yūˋ	正在工作（最完整說法）	engine-auto	
กำลังทำงาน	gamlung tham ngan	gam lang tam ngān	正在工作（省略 yu）	engine-auto	
ทำงานอยู่	tham ngan yu	tam ngān yūˋ	正在工作（省略 gamlung）	engine-auto	
จะทำงาน	ja tham ngan	jaˇ tam ngān	將要工作	engine-auto	
จะทำงานที่เมืองไทย	ja tham ngan thee muang thai	jaˇ tam ngān tīˋ mɯ̄ang tai	將要在泰國工作	engine-auto	
ทำดีได้ดี ทำชั่วได้ชั่ว	tham dee dai dee tham chua dai chua	tam dhī dhaiˋ dhī tam chūaˋ dhaiˋ chūaˋ	善有善報，惡有惡報	engine-auto	
คนดี	khon dee	kon dhī	好人	engine-auto	
คนชั่ว	khon chua	kon chūaˋ	壞人	engine-auto	
อย่าเป็นคนชั่ว	ya pen khon chua	yāˋ ben kon chūaˋ	不要當壞人	engine-auto	
ทำผม	tham phom	tam pomˊ	做頭髮	engine-auto	
ทำเล็บ	tham lep	tam lep~	做指甲	engine-auto	
ทำตาสองชั้น	tham ta song chan	tam dā sɔ̄ngˊ chan~	做雙眼皮	engine-auto	
ทำนา	tham na	tam nā	種田	engine-auto	
ทำโอที	tham o thee	tam ō tī	加班	engine-auto	
บางครั้งต้องทำโอทีไหม	bang khrang tong tham o thee mai	bhāng krang~ dɔ̄ngˋ tam ō tī maiˊ	有時候需要加班嗎？	engine-auto	
ทำธุระ	tham thura	tam tu~ ra~	辦事	engine-auto	
ไปทำธุระ	pai tham thura	bai tam tu~ ra~	去辦事	engine-auto	
มีธุระอะไรไหม	mee thura arai mai	mī tu~ ra~ aˇ rai maiˊ	有什麼事嗎？	engine-auto	
ทำธุรกิจ	tham thurakit	tam tun gitˇ	做生意	engine-auto	
ทำธุรกิจที่เมืองไทย	tham thurakit thee muang thai	tam tun gitˇ tīˋ mɯ̄ang tai	在泰國做生意	engine-auto	
ธุรกิจดีมาก	thurakit dee mak	tun gitˇ dhī mākˋ	生意很好	engine-auto	
ชั้นธุรกิจ	chan thurakit	chan~ tun gitˇ	商務艙	engine-auto	
นั่งชั้นธุรกิจ	nang chan thurakit	nangˋ chan~ tun gitˇ	坐商務艙	engine-auto	
ทำตามสัญญา	tham tam sanya	tam dām sanˊ yā	履行合約	engine-auto	
เดินตามฉันมา	dern tam chan ma	dhə̄n dām chanˊ mā	跟著我來	engine-auto	
พูดตามครู	phut tam khru	pūtˋ dām krū	跟著老師說	engine-auto	
เซ็นสัญญา	sen sanya	sen sanˊ yā	簽合約	engine-auto	
ทำบุญ	tham bun	tam bhun	做功德	engine-auto	
มีบุญ	mee bun	mī bhun	有福氣	engine-auto	
ทำหาย	tham hai	tam hāiˊ	弄丟	engine-auto	
ทำกระเป๋าเงินหาย	tham krapao ngoen hai	tam graˇ bāuˊ ngə̄n hāiˊ	弄丟錢包	engine-auto	
หายไปแล้ว	hai pai laew	hāiˊ bai lɛ̄u~	不見了	engine-auto	
ทำเป็นไม่รู้	tham pen mai ru	tam ben maiˋ rū~	裝作不知道	engine-auto	
ทำเป็นเก่ง	tham pen geng	tam ben gēngˇ	裝厲害	engine-auto	
ทำใจไม่ได้	tham jai mai dai	tam jai maiˋ dhaiˋ	無法接受	engine-auto	
สะอาด	sa at	saˇ ātˇ	乾淨	engine-auto	
ไม่สะอาด	mai sa at	maiˋ saˇ ātˇ	不乾淨	engine-auto	
泰文原文	泰式 Karaoke 拼音	泰文原文	繁體中文	engine-auto	
ฉันจะไปเมืองไทย	chan ja pai muang thai	chanˊ jaˇ bai mɯ̄ang tai	我要去泰國	engine-auto	
คุณจะกินไหม	khun ja kin mai	kun jaˇ gin maiˊ	你要吃嗎？	engine-auto	
คุณจะซื้อไหม	khun ja sue mai	kun jaˇ sɯ̄~ maiˊ	你要買嗎？	engine-auto	
คุณจะเอาไหม	khun ja ao mai	kun jaˇ au maiˊ	你要拿嗎？	engine-auto	
คุณจะมาไหม	khun ja ma mai	kun jaˇ mā maiˊ	你會來嗎？	engine-auto	
คุณจะไปไหม	khun ja pai mai	kun jaˇ bai maiˊ	你要去嗎？	engine-auto	
อย่ากิน	ya kin	yāˋ gin	別吃	engine-auto	
อย่ากินดีกว่า	ya kin dee kwa	yāˋ gin dhī gwāˇ	還是別吃比較好	engine-auto	
อยากจะกิน	yak ja kin	yākˋ jaˇ gin	想要吃	engine-auto	
อยากจะกินไก่ย่าง	yak ja kin kai yang	yākˋ jaˇ gin gaiˇ yāngˋ	想要吃烤雞	engine-auto	
อยากจะไปเที่ยว	yak ja pai thiao	yākˋ jaˇ bai tīauˋ	想要去玩	engine-auto	
อย่าพูดดีกว่า	ya phut dee kwa	yāˋ pūtˋ dhī gwāˇ	還是別說比較好	engine-auto	
อย่าไปดีกว่า	ya pai dee kwa	yāˋ bai dhī gwāˇ	還是別去比較好	engine-auto	
อย่าทำดีกว่า	ya tham dee kwa	yāˋ tam dhī gwāˇ	還是別做比較好	engine-auto	
คุณกินข้าวหรือยัง	khun kin khao rue yang	kun gin kāuˋ rɯ̄ˊ yang	你吃飯了沒？	engine-auto	
รู้หรือยัง	ru rue yang	rū~ rɯ̄ˊ yang	知道了嗎？	engine-auto	
คุณเข้าใจหรือยัง	khun khao jai rue yang	kun kāuˋ jai rɯ̄ˊ yang	你明白了嗎？	engine-auto	
ทำงานหรือยัง	tham ngan rue yang	tam ngān rɯ̄ˊ yang	你工作了沒？	engine-auto	
ยังไม่กิน	yang mai kin	yang maiˋ gin	還沒吃	engine-auto	
ยังไม่รู้	yang mai ru	yang maiˋ rū~	還不知道	engine-auto	
ยังไม่แต่งงาน	yang mai taeng ngan	yang maiˋ dɛ̄ngˇ ngān	還沒結婚	engine-auto	
ยังไม่นอน	yang mai non	yang maiˋ nɔ̄n	還沒睡	engine-auto	
เขายังไม่มา	khao yang mai ma	kāuˊ yang maiˋ mā	他還沒來	engine-auto	
ทำงานเสร็จหรือยัง	tham ngan set rue yang	tam ngān sretˇ rɯ̄ˊ yang	工作完成了嗎？	engine-auto	
เรียนเสร็จหรือยัง	rian set rue yang	rīan sretˇ rɯ̄ˊ yang	學完了嗎？	engine-auto	
ยังไม่เสร็จ	yang mai set	yang maiˋ sretˇ	還沒完成	engine-auto	
ยังทำงานไม่เสร็จ	yang tham ngan mai set	yang tam ngān maiˋ sretˇ	工作還沒完成	engine-auto	
อย่างไร	yang rai	yāngˋ rai	怎麼（正式）	engine-auto	
ยังไง	yang ngai	yang ngai	怎麼（口語）	engine-auto	
ไปยังไง	pai yang ngai	bai yang ngai	怎麼去	engine-auto	
กินยังไง	kin yang ngai	gin yang ngai	怎麼吃	engine-auto	
พูดยังไง	phut yang ngai	pūtˋ yang ngai	怎麼說	engine-auto	
เขียนยังไง	khian yang ngai	kīanˊ yang ngai	怎麼寫	engine-auto	
ขายยังไง	khai yang ngai	kāiˊ yang ngai	怎麼賣	engine-auto	
ทำยังไงดี	tham yang ngai dee	tam yang ngai dhī	該怎麼辦才好	engine-auto	
ถามยังไงดี	tham yang ngai dee	tāmˊ yang ngai dhī	該怎麼問才好	engine-auto	
กำลังกินอยู่	gamlung kin yu	gam lang gin yūˋ	正在吃	engine-auto	
ฟังอยู่	fang yu	fang yūˋ	正在聽	engine-auto	
กำลังจะไปกิน	gamlung ja pai kin	gam lang jaˇ bai gin	正要去吃	engine-auto	
นอนแล้ว	non laew	nɔ̄n lɛ̄u~	睡覺了	engine-auto	
กำลังนอนอยู่	gamlung non yu	gam lang nɔ̄n yūˋ	正在睡覺	engine-auto	
กำลังจะไปนอน	gamlung ja pai non	gam lang jaˇ bai nɔ̄n	正要去睡覺	engine-auto	
จะเรียนภาษาญี่ปุ่น	ja rian phasa yipun	jaˇ rīan pā sāˊ yīˋ bunˇ	正要學日文	engine-auto	
จะเรียนทำอาหาร	ja rian tham ahan	jaˇ rīan tam ā hānˊ	正要學做菜	engine-auto	
ไปทำงานแล้ว	pai tham ngan laew	bai tam ngān lɛ̄u~	去工作了	engine-auto	
กำลังทำงานอยู่	gamlung tham ngan yu	gam lang tam ngān yūˋ	正在工作	engine-auto	
จะทำงานที่เมืองไทย	ja tham ngan thee muang thai	jaˇ tam ngān tīˋ mɯ̄ang tai	將要在泰國工作	engine-auto	
ทำดีได้ดี ทำชั่วได้ชั่ว	tham dee dai dee tham chua dai chua	tam dhī dhaiˋ dhī tam chūaˋ dhaiˋ chūaˋ	善有善報，惡有惡報	engine-auto	
คนดี	khon dee	kon dhī	好人	engine-auto	
คนชั่ว	khon chua	kon chūaˋ	壞人	engine-auto	
ทำผม	tham phom	tam pomˊ	做頭髮	engine-auto	
ทำเล็บ	tham lep	tam lep~	做指甲	engine-auto	
ทำตาสองชั้น	tham ta song chan	tam dā sɔ̄ngˊ chan~	做雙眼皮	engine-auto	
ทำนา	tham na	tam nā	種田	engine-auto	
ทำโอที	tham o thee	tam ō tī	加班	engine-auto	
บางครั้งต้องทำโอทีไหม	bang khrang tong tham o thee mai	bhāng krang~ dɔ̄ngˋ tam ō tī maiˊ	有時候要加班嗎？	engine-auto	
ทำธุระ	tham thura	tam tu~ ra~	辦事	engine-auto	
มีธุระอะไรไหม	mee thura arai mai	mī tu~ ra~ aˇ rai maiˊ	有什麼事嗎？	engine-auto	
ทำธุรกิจ	tham thurakit	tam tun gitˇ	做生意	engine-auto	
ชั้นธุรกิจ	chan thurakit	chan~ tun gitˇ	商務艙	engine-auto	
ทำตามสัญญา	tham tam sanya	tam dām sanˊ yā	履行合約	engine-auto	
เดินตามฉันมา	dern tam chan ma	dhə̄n dām chanˊ mā	跟著我來	engine-auto	
พูดตามครู	phut tam khru	pūtˋ dām krū	跟著老師說	engine-auto	
เซ็นสัญญา	sen sanya	sen sanˊ yā	簽約	engine-auto	
ทำบุญ	tham bun	tam bhun	做功德	engine-auto	
มีบุญ	mee bun	mī bhun	有福報	engine-auto	
ทำหาย	tham hai	tam hāiˊ	弄丟	engine-auto	
หายไปแล้ว	hai pai laew	hāiˊ bai lɛ̄u~	不見了	engine-auto	
ทำเป็นไม่รู้	tham pen mai ru	tam ben maiˋ rū~	裝作不知道	engine-auto	
ทำเป็นเข้าใจ	tham pen khao jai	tam ben kāuˋ jai	裝作懂了	engine-auto	
ทำเป็นเก่ง	tham pen geng	tam ben gēngˇ	裝厲害	engine-auto	
ทำใจไม่ได้	tham jai mai dai	tam jai maiˋ dhaiˋ	無法接受	engine-auto	
ทำความสะอาด	tham khwam sa at	tam kwām saˇ ātˇ	打掃	engine-auto	
พูดภาษาไทยเป็นแล้ว	phut phasa thai pen laew	pūtˋ pā sāˊ tai ben lɛ̄u~	會說泰文了	engine-auto	
พูดเล่น	phut len	pūtˋ lēnˋ	開玩笑	engine-auto	
พูดถึง	phut thueng	pūtˋ tɯngˊ	提到	engine-auto	
พูดถึงเขา เขาก็มา	phut thueng khao khao kor ma	pūtˋ tɯngˊ kāuˊ kāuˊ gɔ̄ˋ mā	提到他，他就來了	engine-auto	
พูดถึงอะไร	phut thueng arai	pūtˋ tɯngˊ aˇ rai	提到什麼	engine-auto	
พูดผิด	phut phit	pūtˋ pitˇ	說錯了	engine-auto	
ขอโทษค่ะ ฉันพูดผิด	khor thot kha chan phut phit	kɔ̄ˊ tōtˋ kaˋ chanˊ pūtˋ pitˇ	對不起，我說錯了	engine-auto	
พูดผิด พูดใหม่	phut phit phut mai	pūtˋ pitˇ pūtˋ maiˇ	說錯了，重新說	engine-auto	
ทำผิด	tham phit	tam pitˇ	做錯了	engine-auto	
ทำใหม่	tham mai	tam maiˇ	重新做	engine-auto	
พูดอีกที	phut eek thee	pūtˋ īkˇ tī	再說一遍	engine-auto	
พูดอีกครั้ง	phut eek khrang	pūtˋ īkˇ krang~	再說一次	engine-auto	
พูดแล้ว ไม่ฟัง	phut laew mai fang	pūtˋ lɛ̄u~ maiˋ fang	說了不聽	engine-auto	
เลี้ยง	Liang	līang~	養 / 請客	engine-auto	
เลี้ยงหมา	Liang ma	līang~ māˊ	養狗	engine-auto	
เลี้ยงปลา	Liang pla	līang~ blā	養魚	engine-auto	
เลี้ยงอะไร	Liang arai	līang~ aˇ rai	養什麼？	engine-auto	
ฉันไม่เลี้ยงอะไร	Chan mai liang arai	chanˊ maiˋ līang~ aˇ rai	我沒養什麼	engine-auto	
เลี้ยงลูก	Liang luk	līang~ lūkˋ	養小孩	engine-auto	
เลี้ยงข้าว	Liang khao	līang~ kāuˋ	請吃飯	engine-auto	
เลี้ยงเบียร์	Liang bia	līang~ bhīa	請喝啤酒	engine-auto	
เลี้ยงน้ำ	Liang nam	līang~ nām~	請喝水 / 飲料	engine-auto	
เลี้ยงเมีย	Liang mia	līang~ mīa	養老婆	engine-auto	
เลี้ยงแขก	Liang khaek	līang~ kɛ̄kˇ	招待客人	engine-auto	
แขก	Khaek	kɛ̄kˇ	客人	engine-auto	
วันนี้มีแขกมาบ้าน	Wanni mi khaek ma ban	wan nī~ mī kɛ̄kˇ mā bhānˋ	今天有客人來我家	engine-auto	
กินเลี้ยง	Kin liang	gin līang~	聚餐 / 宴席	engine-auto	
วันนี้ต้องไปกินเลี้ยง	Wanni tong pai kin liang	wan nī~ dɔ̄ngˋ bai gin līang~	今天要去吃聚餐	engine-auto	
ขอบคุณค่ะ	Khop khun kha	kɔ̄pˇ kun kaˋ	謝謝	engine-auto	
ครั้งที่สอง	khrang thi song	krang~ tīˋ sɔ̄ngˊ	第二次	engine-auto	
อย่า	ya	yāˋ	別、不要	book-exact	(book-exact已用引擎重新驗證)
เรื่องนี้อย่าพูดดีกว่า	rueang ni ya phut di kwa	rɯ̄angˋ nī~ yāˋ pūtˋ dhī gwāˇ	這件事別說比較好	engine-auto	
อย่าไปคนเดียวดีกว่า	ya pai khon diao di kwa	yāˋ bai kon dhīau dhī gwāˇ	別一個人去比較好	engine-auto	
อย่างไร	yang rai	yāngˋ rai	如何	engine-auto	
ยังไง	yang ngai	yang ngai	如何（口語）	engine-auto	
เดินไปอย่างไร	doen pai yang rai	dhə̄n bai yāngˋ rai	怎麼走去	engine-auto	
สถานีรถไฟฟ้าไปยังไง	sathani rot fai fa pai yang ngai	saˇ tāˊ nī rot~ fai fā~ bai yang ngai	捷運站怎麼走去	engine-auto	
ขายอย่างไร	khai yang rai	kāiˊ yāngˋ rai	怎麼賣（標準）	engine-auto	
ขายยังไง	khai yang ngai	kāiˊ yang ngai	怎麼賣（口語）	engine-auto	
มังคุดขายยังไงคะ	mangkhut khai yang ngai kha	mang kut~ kāiˊ yang ngai ka~	山竹怎麼賣呢	engine-auto	
ทำอย่างไรดี	tham yang rai di	tam yāngˋ rai dhī	該如何做才好	engine-auto	
ทำยังไงดี	tham yang ngai di	tam yang ngai dhī	該怎麼辦才好（口語）	engine-auto	
กินยังไงดี	kin yang ngai di	gin yang ngai dhī	該怎麼吃才好	engine-auto	
พูดอย่างไรดี	phut yang rai di	pūtˋ yāngˋ rai dhī	該怎麼說才好	engine-auto	
เขียนยังไงดี	khian yang ngai di	kīanˊ yang ngai dhī	該怎麼寫才好	engine-auto	
กระเป๋าเงินหาย ทำยังไงดี	krapao ngoen hai tham yang ngai di	graˇ bāuˊ ngə̄n hāiˊ tam yang ngai dhī	錢包不見了該怎麼辦	engine-auto	
จะ	cha	jaˇ	將、要	engine-auto	
จะกินอะไร	cha kin arai	jaˇ gin aˇ rai	要吃什麼	engine-auto	
เย็นนี้จะกินอะไร	yen ni cha kin arai	yen nī~ jaˇ gin aˇ rai	今晚（傍晚）要吃什麼	engine-auto	
คืนนี้จะกินอะไร	khuen ni cha kin arai	kɯ̄n nī~ jaˇ gin aˇ rai	今晚（深夜）要吃什麼	engine-auto	
จะทำอะไร	cha tham arai	jaˇ tam aˇ rai	將要做什麼	engine-auto	
พรุ่งนี้จะทำอะไร	phrung ni cha tham arai	prungˋ nī~ jaˇ tam aˇ rai	明天要做什麼	engine-auto	
จะไปไหน	cha pai nai	jaˇ bai naiˊ	要去哪裡	engine-auto	
เสาร์อาทิตย์จะไปไหน	sao athit cha pai nai	sāuˊ ā tit~ jaˇ bai naiˊ	週末要去哪裡	engine-auto	
เสาร์อาทิตย์จะไปดูหนัง	sao athit cha pai du nang	sāuˊ ā tit~ jaˇ bai dhū nangˊ	週末要去看電影	engine-auto	
หรือยัง	rue yang	rɯ̄ˊ yang	了沒	engine-auto	
นอนหรือยัง	non rue yang	nɔ̄n rɯ̄ˊ yang	睡了沒	engine-auto	
ยังไม่นอน	yang mai non	yang maiˋ nɔ̄n	還沒睡	engine-auto	
นอนแล้ว	non laeo	nɔ̄n lɛ̄u~	睡了	engine-auto	
มีแฟนหรือยัง	mi faen rue yang	mī fɛ̄n rɯ̄ˊ yang	有對象了沒	engine-auto	
ยังไม่มี	yang mai mi	yang maiˋ mī	還沒有	engine-auto	
แต่งงานหรือยัง	taeng ngan rue yang	dɛ̄ngˇ ngān rɯ̄ˊ yang	結婚了沒	engine-auto	
จองตั๋วหรือยัง	chong tua rue yang	jɔ̄ng dūaˊ rɯ̄ˊ yang	訂票了沒	engine-auto	
ฟังเข้าใจหรือยัง	fang khao chai rue yang	fang kāuˋ jai rɯ̄ˊ yang	聽懂了沒	engine-auto	
ถึงบ้านหรือยัง	thueng ban rue yang	tɯngˊ bhānˋ rɯ̄ˊ yang	到家了沒	engine-auto	
เสร็จหรือยัง	set rue yang	sretˇ rɯ̄ˊ yang	完了沒	engine-auto	
ทำความสะอาดเสร็จหรือยัง	tham khwam sa at set rue yang	tam kwām saˇ ātˇ sretˇ rɯ̄ˊ yang	打掃完了沒	engine-auto	
คุณทำอาหารเสร็จหรือยัง	khun tham a han set rue yang	kun tam ā hānˊ sretˇ rɯ̄ˊ yang	你煮飯完了沒	engine-auto	
คุณทำงานเสร็จหรือยัง	khun tham ngan set rue yang	kun tam ngān sretˇ rɯ̄ˊ yang	你工作完了沒	engine-auto	
ยังไม่เสร็จ	yang mai set	yang maiˋ sretˇ	還沒完	engine-auto	
ยังไม่	yang mai	yang maiˋ	還沒	book-exact	(book-exact已用引擎重新驗證)
สิบโมงแล้ว ทำไมยังไม่ไปทำงาน	sip mong laeo tham mai yang mai pai tham ngan	sipˇ mōng lɛ̄u~ tam mai yang maiˋ bai tam ngān	十點了為什麼還不去上班	engine-auto	
เที่ยงคืนแล้ว ทำไมยังไม่นอน	thiang khuen laeo tham mai yang mai non	tīangˋ kɯ̄n lɛ̄u~ tam mai yang maiˋ nɔ̄n	半夜了為什麼還不睡覺	engine-auto	
กำลัง อยู่	kam lang yu	gam lang yūˋ	正在	engine-auto	
กำลังทำงานอยู่	kam lang tham ngan yu	gam lang tam ngān yūˋ	正在工作	engine-auto	
พ่อกำลังทำงานอยู่	pho kam lang tham ngan yu	pɔ̄ˋ gam lang tam ngān yūˋ	爸爸正在工作	engine-auto	
แม่กำลังทำอาหารอยู่	mae kam lang tham a han yu	mɛ̄ˋ gam lang tam ā hānˊ yūˋ	媽媽正在煮飯	engine-auto	
น้องสาวกำลังอ่านหนังสืออยู่	nong sao kam lang an nang sue yu	nɔ̄ng~ sāuˊ gam lang ānˇ nangˊ sɯ̄ˊ yūˋ	妹妹正在看書	engine-auto	
เดินเล่น	doen len	dhə̄n lēnˋ	散步	engine-auto	
พี่สาวกำลังเดินเล่นอยู่	phi sao kam lang doen len yu	pīˋ sāuˊ gam lang dhə̄n lēnˋ yūˋ	姊姊正在散步	engine-auto	
กำลังจะ	kam lang cha	gam lang jaˇ	正要	engine-auto	
แฟนกำลังจะไปว่ายน้ำ	faen kam lang cha pai wai nam	fɛ̄n gam lang jaˇ bai wāiˋ nām~	另一半正要去游泳	engine-auto	
แม่กำลังจะออกไปข้างนอก	mae kam lang cha ok pai khang nok	mɛ̄ˋ gam lang jaˇ ɔ̄kˇ bai kāngˋ nɔ̄kˋ	媽媽正要出去外面	engine-auto	
ทำ	Tham	tam	做	engine-auto	
ทำนา	Tham Na	tam nā	種田	engine-auto	
คืนนี้ต้องทำ OT	Khuen Ni Tong Tham OT	kɯ̄n nī~ dɔ̄ngˋ tam OT	今晚得加班	engine-auto	
ทุกวันต้องทำ OT	Thuk Wan Tong Tham OT	tuk~ wan dɔ̄ngˋ tam OT	每天都得加班	engine-auto	
ทำธุระ	Tham Thura	tam tu~ ra~	辦事	engine-auto	
ไปทำธุระ	Pai Tham Thura	bai tam tu~ ra~	去辦事	engine-auto	
จะไปทำธุระ	Cha Pai Tham Thura	jaˇ bai tam tu~ ra~	將要去辦事	engine-auto	
กำลังจะไปทำธุระ	Kam Lang Cha Pai Tham Thura	gam lang jaˇ bai tam tu~ ra~	正要去辦事	engine-auto	
ธุรกิจ	Thura Kit	tun gitˇ	商業 / 生意	book-exact	(book-exact已用引擎重新驗證)
คุณทำธุรกิจอะไร	Khun Tham Thura Kit A Rai	kun tam tun gitˇ aˇ rai	你做什麼生意？	engine-auto	
นักธุรกิจ	Nak Thura Kit	nak~ tun gitˇ	商人 / 生意人	engine-auto	
นักเรียน	Nak Rian	nak~ rīan	學生	engine-auto	
นักร้อง	Nak Rong	nak~ rɔ̄ng~	歌手	engine-auto	
เขาเป็นนักธุรกิจ	Khao Pen Nak Thura Kit	kāuˊ ben nak~ tun gitˇ	他是商人	engine-auto	
ชั้นธุรกิจ	Chan Thura Kit	chan~ tun gitˇ	商務艙	engine-auto	
ทำสัญญา	Tham Sanya	tam sanˊ yā	簽合約 / 簽契約	engine-auto	
ทำสัญญาเช่าห้อง	Tham Sanya Chao Hong	tam sanˊ yā chāuˋ hɔ̄ngˋ	租房間簽約	engine-auto	
ทำสัญญาซื้อบ้าน	Tham Sanya Sue Ban	tam sanˊ yā sɯ̄~ bhānˋ	買房子簽約	engine-auto	
เซ็นสัญญา	Sen Sanya	sen sanˊ yā	簽合約	engine-auto	
เซ็นชื่อ	Sen Chue	sen chɯ̄ˋ	簽名字	engine-auto	
เซ็นสัญญาซื้อบ้าน	Sen Sanya Sue Ban	sen sanˊ yā sɯ̄~ bhānˋ	簽約買房	engine-auto	
ทำบุญ	Tham Bun	tam bhun	做功德	engine-auto	
ชอบทำบุญ	Chop Tham Bun	chɔ̄pˋ tam bhun	喜歡做功德	engine-auto	
ผู้ใหญ่	Phu Yai	pūˋ yaiˇ	長輩 / 成年人	engine-auto	
ผู้ใหญ่ชอบทำบุญ	Phu Yai Chop Tham Bun	pūˋ yaiˇ chɔ̄pˋ tam bhun	長輩喜歡做功德	engine-auto	
ไปทำบุญกัน	Pai Tham Bun Kan	bai tam bhun gan	一起去做功德	engine-auto	
ทำหาย	Tham Hai	tam hāiˊ	弄丟	engine-auto	
หาย	Hai	hāiˊ	消失 / 不見	engine-auto	
ทำกระเป๋าเงินหาย	Tham Krapao Ngoen Hai	tam graˇ bāuˊ ngə̄n hāiˊ	弄丟錢包	engine-auto	
คุณทำกระเป๋าเงินหายที่ไหน	Khun Tham Krapao Ngoen Hai Thi Nai	kun tam graˇ bāuˊ ngə̄n hāiˊ tīˋ naiˊ	你在哪裡弄丟錢包？	engine-auto	
ฉันไม่รู้ทำกระเป๋าเงินหายที่ไหน	Chan Mai Ru Tham Krapao Ngoen Hai Thi Nai	chanˊ maiˋ rū~ tam graˇ bāuˊ ngə̄n hāiˊ tīˋ naiˊ	我不知道在哪裡弄丟錢包	engine-auto	
มือถือหาย	Mue Thue Hai	mɯ̄ tɯ̄ˊ hāiˊ	手機不見了	engine-auto	
ปากกา iPad หาย	Pakka iPad Hai	bākˇ gā iPad hāiˊ	iPad 筆不見了	engine-auto	
หูฟังหาย	Hu Fang Hai	hūˊ fang hāiˊ	耳機不見了	engine-auto	
กระเป๋าเงินหาย	Krapao Ngoen Hai	graˇ bāuˊ ngə̄n hāiˊ	錢包不見了	engine-auto	
คีย์การ์ดหาย	Key Card Hai	kī gātˇ hāiˊ	房卡不見了	engine-auto	
หายหิว	Hai Hiu	hāiˊ hiwˊ	肚子餓的感覺消失了	engine-auto	
หายเหนื่อย	Hai Nueai	hāiˊ nɯ̄aiˇ	累的感覺消失了	engine-auto	
หายคิดถึง	Hai Khit Thueng	hāiˊ kit~ tɯngˊ	思念的感覺緩解了	engine-auto	
หายเหงา	Hai Ngao	hāiˊ ngāuˊ	寂寞的感覺消失了	engine-auto	
หายเมื่อย	Hai Mueai	hāiˊ mɯ̄aiˋ	酸痛的感覺消失了	engine-auto	
ทำเป็น	Tham Pen	tam ben	裝作 / 假裝	engine-auto	
ทำเป็นเก่ง	Tham Pen Keng	tam ben gēngˇ	裝厲害	engine-auto	
ทำเป็นไม่เข้าใจ	Tham Pen Mai Khao Chai	tam ben maiˋ kāuˋ jai	裝不懂	engine-auto	
ทำเป็นไม่รู้เรื่อง	Tham Pen Mai Ru Rueang	tam ben maiˋ rū~ rɯ̄angˋ	裝作不知道（這些事）	engine-auto	
ทำเป็นไม่มีเงิน	Tham Pen Mai Mi Ngoen	tam ben maiˋ mī ngə̄n	裝沒錢	engine-auto	
ทำเป็นไม่รักเขา	Tham Pen Mai Rak Khao	tam ben maiˋ rak~ kāuˊ	裝不愛他	engine-auto	
ทำเป็นใจร้าย	Tham Pen Chai Rai	tam ben jai rāi~	裝壞心眼	engine-auto	
ทำใจไม่ได้	Tham Chai Mai Dai	tam jai maiˋ dhaiˋ	無法接受 / 沒法釋懷	engine-auto	
แฟนนอกใจทำใจไม่ได้	Faen Nok Chai Tham Chai Mai Dai	fɛ̄n nɔ̄kˋ jai tam jai maiˋ dhaiˋ	情人劈腿無法接受	engine-auto	
หุ้นตกทำใจไม่ได้	Hun Tok Tham Chai Mai Dai	hunˋ dokˇ tam jai maiˋ dhaiˋ	股票跌慘了無法接受	engine-auto	
ยายเสียทำใจไม่ได้	Yai Sia Tham Chai Mai Dai	yāi sīaˊ tam jai maiˋ dhaiˋ	外婆過世無法接受	engine-auto	
ทำความสะอาด	Tham Khwam Sa-at	tam kwām saˇ ātˇ	打掃	engine-auto	
ช่วยทำความสะอาดให้หน่อยค่ะ	Chuai Tham Khwam Sa-at Hai Noi Kha	chūayˋ tam kwām saˇ ātˇ haiˋ nɔ̄iˇ kaˋ	請幫忙打掃一下	engine-auto	
สะอาด	Sa-at	saˇ ātˇ	乾淨	engine-auto	
ห้องไม่สะอาด	Hong Mai Sa-at	hɔ̄ngˋ maiˋ saˇ ātˇ	房間不乾淨	engine-auto	
แก้วไม่สะอาด	Kaeo Mai Sa-at	gɛ̄uˋ maiˋ saˇ ātˇ	杯子不乾淨	engine-auto	
จานไม่สะอาด	Chan Mai Sa-at	jān maiˋ saˇ ātˇ	盤子不乾淨	engine-auto	
อีกที	Ik Thi	īkˇ tī	再一次	book-exact	(book-exact已用引擎重新驗證)
พูดอีกที	Phut Ik Thi	pūtˋ īkˇ tī	再說一次	engine-auto	
ช่วยพูดอีกที	Chuai Phut Ik Thi	chūayˋ pūtˋ īkˇ tī	請再說一次	engine-auto	
ช่วยพูดอีกทีได้ไหมคะ	Chuai Phut Ik Thi Dai Mai Kha	chūayˋ pūtˋ īkˇ tī dhaiˋ maiˊ ka~	請再說一次好嗎？（女）	engine-auto	
ช่วยพูดอีกทีได้ไหมครับ ผมฟังไม่เข้าใจ	Chuai Phut Ik Thi Dai Mai Khrap Phom Fang Mai Khao Chai	chūayˋ pūtˋ īkˇ tī dhaiˋ maiˊ krap~ pomˊ fang maiˋ kāuˋ jai	請再說一次好嗎？我不懂（男）	engine-auto	
ผมฟังไม่เข้าใจ ช่วยพูดอีกทีได้ไหมครับ	Phom Fang Mai Khao Chai Chuai Phut Ik Thi Dai Mai Khrap	pomˊ fang maiˋ kāuˋ jai chūayˋ pūtˋ īkˇ tī dhaiˋ maiˊ krap~	我不懂，請再說一次好嗎？（男）	engine-auto	
ฉันฟังไม่เข้าใจ ช่วยพูดอีกทีได้ไหม	Chan Fang Mai Khao Chai Chuai Phut Ik Thi Dai Mai	chanˊ fang maiˋ kāuˋ jai chūayˋ pūtˋ īkˇ tī dhaiˋ maiˊ	我不懂，可以再說一次嗎？（女）	engine-auto	
ผิด	Phit	pitˇ	錯	book-exact	(book-exact已用引擎重新驗證)
ทำผิด	Tham Phit	tam pitˇ	做錯	engine-auto	
ฉันทำผิดแล้ว	Chan Tham Phit Laeo	chanˊ tam pitˇ lɛ̄u~	我做錯了	engine-auto	
ดูผิด	Du Phit	dhū pitˇ	看錯	engine-auto	
ดูผิดคน	Du Phit Khon	dhū pitˇ kon	看錯人	engine-auto	
ผิดทาง	Phit Thang	pitˇ tāng	錯路	engine-auto	
เดินผิดทาง	Doen Phit Thang	dhə̄n pitˇ tāng	走錯路	engine-auto	
พูดผิด	Phut Phit	pūtˋ pitˇ	說錯	engine-auto	
พูดใหม่	Phut Mai	pūtˋ maiˇ	重說	engine-auto	
พูดผิด พูดใหม่	Phut Phit Phut Mai	pūtˋ pitˇ pūtˋ maiˇ	說錯了，重說	engine-auto	
ทำผิด ทำใหม่	Tham Phit Tham Mai	tam pitˇ tam maiˇ	做錯了，重做	engine-auto	
ฉันซื้อผิดแล้ว	Chan Sue Phit Laeo	chanˊ sɯ̄~ pitˇ lɛ̄u~	我買錯了	engine-auto	
ฉันต้องซื้อใหม่	Chan Tong Sue Mai	chanˊ dɔ̄ngˋ sɯ̄~ maiˇ	我得重買	engine-auto	
เลี้ยง	Liang	līang~	養 / 請客	engine-auto	
เลี้ยงหมา	Liang Ma	līang~ māˊ	養狗	engine-auto	
เลี้ยงหมา 5 ตัว	Liang Ma Ha Tua	līang~ māˊ 5 dūa	養五隻狗	engine-auto	
บ้านผมเลี้ยงหมา 5 ตัว	Ban Phom Liang Ma Ha Tua	bhānˋ pomˊ līang~ māˊ 5 dūa	我家養了五隻狗	engine-auto	
ไปกินข้าวกัน ฉันเลี้ยง	Pai Kin Khao Kan Chan Liang	bai gin kāuˋ gan chanˊ līang~	一起去吃飯吧，我請客	engine-auto	
ฉันเลี้ยงข้าวคุณ	Chan Liang Khao Khun	chanˊ līang~ kāuˋ kun	我請你吃飯	engine-auto	
พูดแต่ภาษาไทย	phut tae phasa thai	pūtˋ dɛ̄ˇ pā sāˊ tai	只說泰文	engine-auto	
ฟังแต่เพลงไทย	fang tae phleng thai	fang dɛ̄ˇ plēng tai	只聽泰國歌	book-exact	(book-exact已用引擎重新驗證)
ไปเที่ยวแต่เมืองไทย	pai thiao tae mueang thai	bai tīauˋ dɛ̄ˇ mɯ̄ang tai	只去泰國玩	engine-auto	
ไปแต่เมืองไทย	pai tae mueang thai	bai dɛ̄ˇ mɯ̄ang tai	只去泰國	engine-auto	
กินแต่อาหารไทย	kin tae ahan thai	gin dɛ̄ˇ ā hānˊ tai	只吃泰國菜	engine-auto	
อัลบั้ม	albam	an bhamˋ	專輯	engine-auto	
อัลบั้มชุดไหน	albam chut nai	an bhamˋ chut~ naiˊ	哪一張專輯	book-exact	(book-exact已用引擎重新驗證)
โกหก	kohok	gō hokˇ	說謊	engine-auto	
ไม่ชอบคนโกหก	mai chop khon kohok	maiˋ chɔ̄pˋ kon gō hokˇ	不喜歡說謊的人	engine-auto	
อย่าโกหกฉัน	ya kohok chan	yāˋ gō hokˇ chanˊ	別對我說謊	book-exact	(book-exact已用引擎重新驗證)
ร้องเพลง	rong phleng	rɔ̄ng~ plēng	唱歌	engine-auto	
ร้องคาราโอเกะ	rong kharaoke	rɔ̄ng~ kā rā ō geˇ	唱卡拉OK	engine-auto	
ไปร้องคาราโอเกะกัน	pai rong kharaoke kan	bai rɔ̄ng~ kā rā ō geˇ gan	一起去唱卡拉OK吧	engine-auto	
ไปคาราโอเกะ	pai kharaoke	bai kā rā ō geˇ	去卡拉OK	engine-auto	
ร้องไม่เป็น	rong mai pen	rɔ̄ng~ maiˋ ben	不會唱	engine-auto	
ร้องไห้	rong hai	rɔ̄ng~ haiˋ	哭	engine-auto	
บอก	bok	bhɔ̄kˇ	告訴/說	engine-auto	
พูด	phut	pūtˋ	說	book-exact	(book-exact已用引擎重新驗證)
ใครบอก	khrai bok	krai bhɔ̄kˇ	誰告訴你的	engine-auto	
ไม่บอก	mai bok	maiˋ bhɔ̄kˇ	不告訴你	engine-auto	
อย่าบอกใคร	ya bok khrai	yāˋ bhɔ̄kˇ krai	別告訴別人	engine-auto	
พูดตรงๆ	phut trong trong	pūtˋ drong drong	直說	engine-auto	
บอกตรงๆ	bok trong trong	bhɔ̄kˇ drong drong	直說	engine-auto	
ความจริง	khwam ching	kwām jing	真相	book-exact	(book-exact已用引擎重新驗證)
บอกแล้วไม่ฟัง	bok laeo mai fang	bhɔ̄kˇ lɛ̄u~ maiˋ fang	說了不聽	engine-auto	
เชื่อ	chuea	chɯ̄aˋ	相信	engine-auto	
บอกแล้วไม่เชื่อ	bok laeo mai chuea	bhɔ̄kˇ lɛ̄u~ maiˋ chɯ̄aˋ	說了不相信	engine-auto	
เชื่อฉัน	chuea chan	chɯ̄aˋ chanˊ	相信我	engine-auto	
ฉันไม่โกหกคุณ	chan mai kohok khun	chanˊ maiˋ gō hokˇ kun	我沒對你說謊	engine-auto	
ฉันไม่เชื่อคุณ	chan mai chuea khun	chanˊ maiˋ chɯ̄aˋ kun	我不相信你	engine-auto	
บอกมาเดี๋ยวนี้	bok ma diao ni	bhɔ̄kˇ mā dhīauˊ nī~	現在立刻說	engine-auto	
ฟังเพลงไทย	fang phleng thai	fang plēng tai	聽泰國歌	engine-auto	
ชอบฟังเพลงไทยไหมคะ	chop fang phleng thai mai kha	chɔ̄pˋ fang plēng tai maiˊ ka~	喜歡聽泰國歌嗎？	engine-auto	
ชอบฟังเพลงไทยค่ะ	chop fang phleng thai kha	chɔ̄pˋ fang plēng tai kaˋ	喜歡聽泰國歌	engine-auto	
เพลงจีน	phleng chin	plēng jīn	中文歌	book-exact	(book-exact已用引擎重新驗證)
ฟังเพลงจีน	fang phleng chin	fang plēng jīn	聽中文歌	engine-auto	
ฟังไม่ทัน	fang mai than	fang maiˋ tan	聽不趕/聽不及（來不及聽）	engine-auto	
ไปไม่ทัน	pai mai than	bai maiˋ tan	去不及（來不及去）	engine-auto	
ฟังไม่ชัด	fang mai chat	fang maiˋ chat~	聽不清楚	engine-auto	
ชัด	chat	chat~	清楚	engine-auto	
พูดไม่ชัด	phut mai chat	pūtˋ maiˋ chat~	說不清楚	engine-auto	
ใส่พริก	sai phrik	saiˇ prik~	加辣椒	engine-auto	
ใส่พริกเยอะๆ	sai phrik yo yo	saiˇ prik~ yə~ yə~	加很多辣椒	engine-auto	
พริกไทย	phrik thai	prik~ tai	胡椒	book-exact	(book-exact已用引擎重新驗證)
พริกไทยดำ	phrik thai dam	prik~ tai dham	黑胡椒	engine-auto	
เอาออก	ao ok	au ɔ̄kˇ	拿掉 / 取出	engine-auto	
น้ำพริกเผา	nam phrik phao	nām~ prik~ pāuˊ	辣椒膏	engine-auto	
น้ำมันงา	nam man nga	nām~ man ngā	芝麻油 / 香油	engine-auto	
งาดำ	nga dam	ngā dham	黑芝麻	engine-auto	
งาขาว	nga khao	ngā kāuˊ	白芝麻	engine-auto	
คนไต้หวันชอบกินน้ำมันงา	khon tai wan chop kin nam man nga	kon daiˋ wanˊ chɔ̄pˋ gin nām~ man ngā	台灣人喜歡吃香油	engine-auto	
น้ำมันหอย	nam man hoi	nām~ man hɔ̄iˊ	蠔油	engine-auto	
ซีอิ๊ว	si iu	sī iw~	醬油	engine-auto	
ผัดซีอิ๊ว	phat si iu	patˇ sī iw~	醬油炒（泰式炒河粉）	engine-auto	
กะทิ	kathi	gaˇ ti~	椰奶	engine-auto	
ชอบกินกะทิไหมคะ	chop kin kathi mai kha	chɔ̄pˋ gin gaˇ ti~ maiˊ ka~	喜歡吃椰奶嗎？	engine-auto	
ผักชี	phak chi	pakˇ chī	香菜	engine-auto	
เอาผักชีออก	ao phak chi ok	au pakˇ chī ɔ̄kˇ	把香菜拿掉	engine-auto	
ไม่ใส่ผักชี	mai sai phak chi	maiˋ saiˇ pakˇ chī	不加香菜	engine-auto	
หัวหอม	hua hom	hūaˊ hɔ̄mˊ	洋蔥	engine-auto	
หอมแดง	hom daeng	hɔ̄mˊ dhɛ̄ng	紅蔥頭	engine-auto	
ถั่วงอก	thua ngok	tūaˇ ngɔ̄kˋ	豆芽菜	engine-auto	
กินถั่วงอกไหมคะ	kin thua ngok mai kha	gin tūaˇ ngɔ̄kˋ maiˊ ka~	吃豆芽菜嗎？	engine-auto	
เปิด	poet	bə̄tˇ	開	book-exact	(book-exact已用引擎重新驗證)
ปิด	pit	bitˇ	關	book-exact	(book-exact已用引擎重新驗證)
เปิดไฟ	poet fai	bə̄tˇ fai	開燈	engine-auto	
ปิดไฟ	pit fai	bitˇ fai	關燈	engine-auto	
เปิดร้าน	poet ran	bə̄tˇ rān~	開店	engine-auto	
ปิดร้าน	pit ran	bitˇ rān~	關店	engine-auto	
เปิดเครื่อง	poet khrueang	bə̄tˇ krɯ̄angˋ	開機	engine-auto	
ปิดเครื่อง	pit khrueang	bitˇ krɯ̄angˋ	關機	engine-auto	
เปิดเทอม	poet thoem	bə̄tˇ tə̄m	開學	engine-auto	
เปิดเรียน	poet rian	bə̄tˇ rīan	開學	engine-auto	
เปิดบัญชี	poet banchi	bə̄tˇ bhan chī	開戶	engine-auto	
ใส่	sai	saiˇ	穿 / 戴	engine-auto	
แว่นตา	waen ta	wɛ̄nˋ dā	眼鏡	engine-auto	
ใส่แว่นตา	sai waen ta	saiˇ wɛ̄nˋ dā	戴眼鏡	engine-auto	
ถอดแว่นตา	thot waen ta	tɔ̄tˇ wɛ̄nˋ dā	脫眼鏡	engine-auto	
ถอด	thot	tɔ̄tˇ	脫	engine-auto	
กัน	kan	gan	預防	engine-auto	
แดด	daet	dhɛ̄tˇ	陽光	engine-auto	
แว่นกันแดด	waen kan daet	wɛ̄nˋ gan dhɛ̄tˇ	太陽眼鏡	engine-auto	
แหวน	waen	wɛ̄nˊ	戒指	engine-auto	
ใส่แหวน	sai waen	saiˇ wɛ̄nˊ	戴戒指	engine-auto	
ถอดแหวน	thot waen	tɔ̄tˇ wɛ̄nˊ	脫戒指	engine-auto	
เปลี่ยน	plian	blīanˇ	變 / 換 / 改	engine-auto	
เปลี่ยนเวลา	plian wela	blīanˇ wē lā	改時間	engine-auto	
เปลี่ยนกางเกง	plian kangkeng	blīanˇ gāng gēng	換褲子	engine-auto	
กระโปรง	krapong	graˇ brōng	裙子	engine-auto	
ชอบใส่กระโปรงไหม	chop sai krapong mai	chɔ̄pˋ saiˇ graˇ brōng maiˊ	喜歡穿裙子嗎？	engine-auto	
รองเท้า	rong thao	rɔ̄ng tāu~	鞋子	engine-auto	
เปลี่ยนรองเท้า	plian rong thao	blīanˇ rɔ̄ng tāu~	換鞋子	engine-auto	
หน้ากาก	nakak	nāˋ gākˇ	面具	engine-auto	
ใส่แมส	sai maet	saiˇ mɛ̄tˋ	戴口罩（口語）	engine-auto	
ใส่หน้ากาก	sai nakak	saiˇ nāˋ gākˇ	戴面具 / 戴口罩	engine-auto	
ถุงยาง	thung yang	tungˊ yāng	保險套（口語）	engine-auto	
ยาง	yang	yāng	塑膠 / 橡膠	engine-auto	
อาจจะ	at cha	ātˇ jaˇ	也許 / 可能	engine-auto	
ยัง	yang	yang	還（沒）	engine-auto	
อาจจะยัง	at cha yang	ātˇ jaˇ yang	可能不是喔 / 可能還沒	engine-auto	
อาทิตย์หน้าเจอกัน	athit na choe kan	ā tit~ nāˋ jə̄ gan	下個禮拜見	engine-auto	
วันนี้ขอบคุณมาก	wan ni khop khun mak	wan nī~ kɔ̄pˇ kun mākˋ	今天非常感謝	engine-auto	
สองทุ่มครึ่ง	Song thum khrueng	sɔ̄ngˊ tumˋ krɯngˋ	晚上八點半	engine-auto	
เอาแต่นอน	Ao tae non	au dɛ̄ˇ nɔ̄n	只顧著睡覺	engine-auto	
กินแต่ขนม	Kin tae khanom	gin dɛ̄ˇ kaˇ nom	只吃點心（零食）	engine-auto	
ไปแต่เมืองไทย	Pai tae mueang thai	bai dɛ̄ˇ mɯ̄ang tai	只去泰國	engine-auto	
ร้อง	Rong	rɔ̄ng~	唱	book-exact	(book-exact已用引擎重新驗證)
ร้องเพลง	Rong pheng	rɔ̄ng~ plēng	唱歌	engine-auto	
ร้องเพลงเป็นไหม	Rong pheng pen mai	rɔ̄ng~ plēng ben maiˊ	你會唱歌嗎？	engine-auto	
ร้องคาราโอเกะ	Rong kharaoke	rɔ̄ng~ kā rā ō geˇ	唱卡拉OK	engine-auto	
ร้องไห้	Rong hai	rɔ̄ng~ haiˋ	哭	engine-auto	
อย่าร้องไห้	Ya rong hai	yāˋ rɔ̄ng~ haiˋ	別哭	engine-auto	
ร้องไห้ไม่หยุด	Rong hai mai yut	rɔ̄ng~ haiˋ maiˋ yutˇ	哭個不停	engine-auto	
ทำไมร้องไห้	Thammai rong hai	tam mai rɔ̄ng~ haiˋ	你為什麼哭？	engine-auto	
เพลง	Pheng	plēng	歌曲	engine-auto	
เพลงไทย	Pheng thai	plēng tai	泰文歌	engine-auto	
เพลงจีน	Pheng chin	plēng jīn	中文歌	book-exact	(book-exact已用引擎重新驗證)
เพลงญี่ปุ่น	Pheng yipun	plēng yīˋ bunˇ	日文歌	engine-auto	
อัลบั้ม	Album	an bhamˋ	專輯	engine-auto	
เพลงนี้อยู่อัลบั้มชุดไหน	Pheng ni yu album chut nai	plēng nī~ yūˋ an bhamˋ chut~ naiˊ	這首歌在哪一張專輯？	engine-auto	
อัลบั้มชุดนี้มีสิบเพลง	Album chut ni mi sip pheng	an bhamˋ chut~ nī~ mī sipˇ plēng	這張專輯有十首歌	engine-auto	
บอก	bok	bhɔ̄kˇ	告訴、說	engine-auto	
ใครบอกคุณ	krai bok kun	krai bhɔ̄kˇ kun	誰告訴你	engine-auto	
เขาบอกฉัน	kao bok chan	kāuˊ bhɔ̄kˇ chanˊ	他告訴我	engine-auto	
เรื่องนี้อย่าบอกคนอื่นนะ	rueang ni ya bok kon uen na	rɯ̄angˋ nī~ yāˋ bhɔ̄kˇ kon ɯ̄nˇ na~	這件事別告訴其他人喔	engine-auto	
โกหก	go hok	gō hokˇ	說謊	engine-auto	
ไม่ชอบคนโกหก	mai chob kon go hok	maiˋ chɔ̄pˋ kon gō hokˇ	不喜歡說謊的人	engine-auto	
เขาโกหกบ่อยๆ	kao go hok boi boi	kāuˊ gō hokˇ bhɔ̄iˇ bhɔ̄iˇ	他常常說謊	engine-auto	
คุณโกหก ฉันไม่เชื่อคุณ	kun go hok chan mai cheua kun	kun gō hokˇ chanˊ maiˋ chɯ̄aˋ kun	你說謊，我不相信你	engine-auto	
ชัด	chat	chat~	清楚	engine-auto	
ฟังไม่ชัด	fang mai chat	fang maiˋ chat~	聽不清楚	engine-auto	
พูดไม่ชัด	poot mai chat	pūtˋ maiˋ chat~	說不清楚	engine-auto	
เสียงไม่ชัด	siang mai chat	sīangˊ maiˋ chat~	聲音不清楚	engine-auto	
ออกเสียง	awk siang	ɔ̄kˇ sīangˊ	發音	engine-auto	
ออกเสียงไม่ชัด	awk siang mai chat	ɔ̄kˇ sīangˊ maiˋ chat~	發音不清楚	engine-auto	
ออกเสียงชัด	awk siang chat	ɔ̄kˇ sīangˊ chat~	發音清楚	engine-auto	
TV ไม่ชัด	tee wee mai chat	TV maiˋ chat~	電視畫面不清楚	engine-auto	
เปิด	perd	bə̄tˇ	開	book-exact	(book-exact已用引擎重新驗證)
พรุ่งนี้ร้านจะเปิดไหม	prung ni ran ja perd mai	prungˋ nī~ rān~ jaˇ bə̄tˇ maiˊ	明天店會開嗎	engine-auto	
พรุ่งนี้ร้านเปิดค่ะ	prung ni ran perd ka	prungˋ nī~ rān~ bə̄tˇ kaˋ	明天店會開	engine-auto	
ขอโทษค่ะ ห้างเปิดกี่โมงคะ	kor tot ka hang perd gi mong ka	kɔ̄ˊ tōtˋ kaˋ hāngˋ bə̄tˇ gīˇ mōng ka~	對不起，百貨公司幾點開	engine-auto	
เปิด 10 โมงครึ่งค่ะ	perd sip mong krueng ka	bə̄tˇ 10 mōng krɯngˋ kaˋ	10點半開	engine-auto	
เปิด 11 โมงค่ะ	perd sip et mong ka	bə̄tˇ 11 mōng kaˋ	11點開	engine-auto	
ปิด	pit	bitˇ	關	book-exact	(book-exact已用引擎重新驗證)
จะปิดเทอมเมื่อไหร่	ja pit term muea rai	jaˇ bitˇ tə̄m mɯ̄aˋ raiˇ	什麼時候要放假（學期結束）	engine-auto	
ร้านปิดกี่โมงคะ	ran pit gi mong ka	rān~ bitˇ gīˇ mōng ka~	店幾點關	engine-auto	
ร้านปิด 1 ทุ่มค่ะ	ran pit nueng tum ka	rān~ bitˇ 1 tumˋ kaˋ	店晚上7點關	engine-auto	
เวลาเครื่องขึ้นต้องปิดเครื่อง	we la krueang kuen tong pit krueang	wē lā krɯ̄angˋ kɯnˋ dɔ̄ngˋ bitˇ krɯ̄angˋ	起飛的時候得關機	engine-auto	
เปิดบัญชี	perd ban chi	bə̄tˇ bhan chī	開戶	engine-auto	
ปิดบัญชี	pit ban chi	bitˇ bhan chī	結清帳戶	engine-auto	
บัญชี	ban chi	bhan chī	帳戶	engine-auto	
มาทำอะไรคะ	ma tam a rai ka	mā tam aˇ rai ka~	來做什麼呢	engine-auto	
ผมมาเปิดบัญชี	pom ma perd ban chi	pomˊ mā bə̄tˇ bhan chī	我來開戶（男）	engine-auto	
ฉันมาเปิดบัญชี	chan ma perd ban chi	chanˊ mā bə̄tˇ bhan chī	我來開戶（女）	engine-auto	
ขอเบอร์บัญชีหน่อยค่ะ	kor ber ban chi noi ka	kɔ̄ˊ bhə̄ bhan chī nɔ̄iˇ kaˋ	請給我帳戶號碼	engine-auto	
เปลี่ยน	plian	blīanˇ	換、變、改	engine-auto	
ขอเปลี่ยนเวลาได้ไหมคะ	kor plian wela dai mai ka	kɔ̄ˊ blīanˇ wē lā dhaiˋ maiˊ ka~	可以換時間嗎	engine-auto	
ขอเปลี่ยนจานได้ไหมคะ	kor plian jan dai mai ka	kɔ̄ˊ blīanˇ jān dhaiˋ maiˊ ka~	可以換盤子嗎	engine-auto	
จานไม่สะอาด	jan mai saat	jān maiˋ saˇ ātˇ	盤子不乾淨	engine-auto	
ขอเปลี่ยนห้องได้ไหมคะ	kor plian hong dai mai ka	kɔ̄ˊ blīanˇ hɔ̄ngˋ dhaiˋ maiˊ ka~	可以換房間嗎	engine-auto	
ใส่	sai	saiˇ	加、穿、戴、放入	engine-auto	
ใสน้ำแข็ง	sai namkaeng	saiˊ nām~ kɛngˊ	加冰塊	engine-auto	
ใส่ถุง	sai thung	saiˇ tungˊ	裝袋	engine-auto	
ใส่กระโปรง	sai kraprong	saiˇ graˇ brōng	穿裙子	engine-auto	
ไม่ใส่ถั่วงอกค่ะ	mai sai thuangok ka	maiˋ saiˇ tūaˇ ngɔ̄kˋ kaˋ	不加豆芽菜	engine-auto	
ใส่ถั่วงอกเยอะๆ	sai thuangok yoyo	saiˇ tūaˇ ngɔ̄kˋ yə~ yə~	加很多豆芽菜	engine-auto	
ใส่กะทิเยอะหน่อยค่ะ	sai kathi yonoi ka	saiˇ gaˇ ti~ yə~ nɔ̄iˇ kaˋ	椰奶加多一點	engine-auto	
พริก	phrik	prik~	辣椒	engine-auto	
ใส่พริกเยอะๆ	sai phrik yoyo	saiˇ prik~ yə~ yə~	辣椒加很多	engine-auto	
ใส่พริกเยอะหน่อย	sai phrik yonoi	saiˇ prik~ yə~ nɔ̄iˇ	辣椒加多一點	engine-auto	
น้ำพริกเผา	namphrikphao	nām~ prik~ pāuˊ	辣椒膏	engine-auto	
พริกไทย	phrikthai	prik~ tai	胡椒	book-exact	(book-exact已用引擎重新驗證)
หอมแดง	homdaeng	hɔ̄mˊ dhɛ̄ng	紅蔥頭	engine-auto	
ต้องใส่หอมแดง	tong sai homdaeng	dɔ̄ngˋ saiˇ hɔ̄mˊ dhɛ̄ng	必須加紅蔥頭	engine-auto	
หัวหอม	huahom	hūaˊ hɔ̄mˊ	洋蔥	engine-auto	
กินหัวหอมหรือเปล่า	kin huahom rue plao	gin hūaˊ hɔ̄mˊ rɯ̄ˊ blāuˇ	吃洋蔥嗎	engine-auto	
ฉันไม่กินหัวหอม	chan mai kin huahom	chanˊ maiˋ gin hūaˊ hɔ̄mˊ	我不吃洋蔥	engine-auto	
ผักชี	phakchi	pakˇ chī	香菜	engine-auto	
ถอด	thot	tɔ̄tˇ	脫	engine-auto	
ถอดกางเกง	thot kangkeng	tɔ̄tˇ gāng gēng	脫褲子	engine-auto	
ถอดรองเท้า	thot rongthao	tɔ̄tˇ rɔ̄ng tāu~	脫鞋子	engine-auto	
แว่นตา	waenta	wɛ̄nˋ dā	眼鏡	engine-auto	
ถอดแว่น	thot waen	tɔ̄tˇ wɛ̄nˋ	脫眼鏡	engine-auto	
แหวน	waen	wɛ̄nˊ	戒指	engine-auto	
ถอดแหวน	thot waen	tɔ̄tˇ wɛ̄nˊ	脫戒指	engine-auto	
ถอดไม่ออก	thot mai awk	tɔ̄tˇ maiˋ ɔ̄kˇ	脫不下來	engine-auto	
แหวนแต่งงาน	waen taengngan	wɛ̄nˊ dɛ̄ngˇ ngān	結婚戒指	engine-auto	
แหวนทอง	waen thong	wɛ̄nˊ tɔ̄ng	金戒指	engine-auto	
แหวนผู้หญิง	waen phuying	wɛ̄nˊ pūˋ yingˊ	女用戒指	engine-auto	
แหวนผู้ชาย	waen phuchai	wɛ̄nˊ pūˋ chāi	男用戒指	engine-auto	
แว่นกันแดด	waen kandaet	wɛ̄nˋ gan dhɛ̄tˇ	太陽眼鏡	engine-auto	
กัน	kan	gan	預防、防止	engine-auto	
แดด	daet	dhɛ̄tˇ	陽光	engine-auto	
วันนี้ไม่มีแดด	wan ni mai mi daet	wan nī~ maiˋ mī dhɛ̄tˇ	今天沒有陽光	engine-auto	
แว่นกันแดด ยี่ห้อนี้ แพงมาก	waen kandaet yiho ni phaeng mak	wɛ̄nˋ gan dhɛ̄tˇ yīˋ hɔ̄ˋ nī~ pɛ̄ng mākˋ	這個牌子的太陽眼鏡非常貴	engine-auto	
แมส	maet	mɛ̄tˋ	口罩（外來語）	engine-auto	
เพิ่งตื่นไม่นาน	pheng tuen mai nan	pə̄ngˋ dɯ̄nˇ maiˋ nān	剛醒不久	engine-auto	
เพิ่ง	pheng	pə̄ngˋ	剛	engine-auto	
เขาเพิ่งมา	kao pheng ma	kāuˊ pə̄ngˋ mā	他剛來	engine-auto	
เขาเพิ่งไป	kao pheng pai	kāuˊ pə̄ngˋ bai	他剛走	engine-auto	
ฉันเพิ่งกินอิ่ม	chan pheng kin im	chanˊ pə̄ngˋ gin imˇ	我剛吃飽	engine-auto	
ผึ้ง	phueng	pɯngˋ	蜜蜂	engine-auto	
ตื่น	tuen	dɯ̄nˇ	醒來、起床	book-exact	(book-exact已用引擎重新驗證)
ตื่นสาย	tuen sai	dɯ̄nˇ sāiˊ	晚起（睡過頭）	engine-auto	
มาสาย	ma sai	mā sāiˊ	遲到	engine-auto	
ตื่นสายก็เลยมาสาย	tuen sai ko loei ma sai	dɯ̄nˇ sāiˊ gɔ̄ˋ lə̄i mā sāiˊ	晚起所以遲到	book-exact	(book-exact已用引擎重新驗證)
ทำไมมาสาย	tam mai ma sai	tam mai mā sāiˊ	為什麼遲到	engine-auto	
รีบ	rip	rīpˋ	趕快	engine-auto	
ถ่ายรูป	thai rup	tāiˇ rūpˋ	拍照	engine-auto	
รีบถ่ายรูป	rip thai rup	rīpˋ tāiˇ rūpˋ	趕快拍照	engine-auto	
ไปทำธุระ	pai tam thu ra	bai tam tu~ ra~	去辦事	engine-auto	
รีบไปรีบมา	rip pai rip ma	rīpˋ bai rīpˋ mā	快去快回	book-exact	(book-exact已用引擎重新驗證)
รีบไปไหน	rip pai nai	rīpˋ bai naiˊ	趕著去哪	engine-auto	
ไม่ต้องรีบ	mai tong rip	maiˋ dɔ̄ngˋ rīpˋ	不用趕	engine-auto	
ใจเย็นๆ	chai yen yen	jai yen yen	冷靜、慢慢來	engine-auto	
ให้	hai	haiˋ	給	engine-auto	
ให้เงินแม่	hai ngoen mae	haiˋ ngə̄n mɛ̄ˋ	給媽媽錢	engine-auto	
ของขวัญ	khong khwan	kɔ̄ngˊ kwanˊ	禮物	engine-auto	
ของขวัญวันเกิด	khong khwan wan koet	kɔ̄ngˊ kwanˊ wan gə̄tˇ	生日禮物	engine-auto	
ของขวัญแต่งงาน	khong khwan taeng ngan	kɔ̄ngˊ kwanˊ dɛ̄ngˇ ngān	結婚禮物	engine-auto	
ให้ของขวัญเพื่อน	hai khong khwan phuean	haiˋ kɔ̄ngˊ kwanˊ pɯ̄anˋ	給朋友禮物	book-exact	(book-exact已用引擎重新驗證)
ให้ของขวัญแฟน	hai khong khwan faen	haiˋ kɔ̄ngˊ kwanˊ fɛ̄n	給情人（伴侶）禮物	engine-auto	
ให้มือถือลูก	hai mue thue luk	haiˋ mɯ̄ tɯ̄ˊ lūkˋ	給孩子手機	engine-auto	
นั่ง	nang	nangˋ	坐	book-exact	(book-exact已用引擎重新驗證)
นั่งตุ๊กตุ๊ก	nang tuk tuk	nangˋ duk~ duk~	坐嘟嘟車	engine-auto	
รถตุ๊กตุ๊ก	rot tuk tuk	rot~ duk~ duk~	嘟嘟車	engine-auto	
เคยนั่งตุ๊กตุ๊กไหมคะ	koei nang tuk tuk mai ka	kə̄i nangˋ duk~ duk~ maiˊ ka~	你坐過嘟嘟車嗎？	engine-auto	
นั่งสองแถว	nang song thaeo	nangˋ sɔ̄ngˊ tɛ̄uˊ	坐雙條車	engine-auto	
เคยนั่งสองแถวไหม	koei nang song thaeo mai	kə̄i nangˋ sɔ̄ngˊ tɛ̄uˊ maiˊ	你坐過雙條車嗎？	engine-auto	
ฉันเคยนั่งสองแถว	chan koei nang song thaeo	chanˊ kə̄i nangˋ sɔ̄ngˊ tɛ̄uˊ	我坐過雙條車	engine-auto	
รถตู้	rot tu	rot~ dūˋ	廂型車	book-exact	(book-exact已用引擎重新驗證)
นั่งรถตู้	nang rot tu	nangˋ rot~ dūˋ	坐廂型車	engine-auto	
เคยนั่งรถตู้ไหม	koei nang rot tu mai	kə̄i nangˋ rot~ dūˋ maiˊ	你坐過廂型車嗎？	engine-auto	
นั่งลง	nang long	nangˋ long	坐下	engine-auto	
ทำไมไม่นั่งลง	tam mai mai nang long	tam mai maiˋ nangˋ long	為什麼不坐下？	engine-auto	
นั่งกับพื้น	nang gap pheun	nangˋ gapˇ pɯ̄n~	坐在地板上	book-exact	(book-exact已用引擎重新驗證)
พื้น	pheun	pɯ̄n~	地板	engine-auto	
ชอบนั่งกับพื้นไหมคะ	chob nang gap pheun mai ka	chɔ̄pˋ nangˋ gapˇ pɯ̄n~ maiˊ ka~	喜歡坐在地板上嗎？	engine-auto	
ไม่ชอบนั่งกับพื้น	mai chob nang gap pheun	maiˋ chɔ̄pˋ nangˋ gapˇ pɯ̄n~	不喜歡坐在地板上	engine-auto	
พื้นไม่สะอาด	pheun mai saat	pɯ̄n~ maiˋ saˇ ātˇ	地板不乾淨	engine-auto	
เดิน	doen	dhə̄n	走、逛	engine-auto	
เดินเล่น	doen len	dhə̄n lēnˋ	散步、逛一逛	engine-auto	
ชอบเดินเล่นไหม	chob doen len mai	chɔ̄pˋ dhə̄n lēnˋ maiˊ	喜歡散步嗎？	engine-auto	
เดินเล่นกับใคร	doen len gap khrai	dhə̄n lēnˋ gapˇ krai	和誰散步？	engine-auto	
เดินตลาด	doen talat	dhə̄n daˇ lātˋ	逛市場	engine-auto	
ชอบเดินตลาดไหมคะ	chob doen talat mai ka	chɔ̄pˋ dhə̄n daˇ lātˋ maiˊ ka~	喜歡逛市場嗎？	engine-auto	
เดินห้าง	doen hang	dhə̄n hāngˋ	逛百貨公司	engine-auto	
ชอบเดินห้างไหน	chob doen hang nai	chɔ̄pˋ dhə̄n hāngˋ naiˊ	喜歡逛哪家百貨公司？	engine-auto	
นอน	non	nɔ̄n	睡覺	book-exact	(book-exact已用引擎重新驗證)
นอนดึก	non duek	nɔ̄n dhɯkˇ	晚睡、熬夜	engine-auto	
เที่ยงคืน	thiang khuen	tīangˋ kɯ̄n	午夜	engine-auto	
ไม่นอนดึก	mai non duek	maiˋ nɔ̄n dhɯkˇ	不晚睡	engine-auto	
ฉันนอนไม่ดึก	chan non mai duek	chanˊ nɔ̄n maiˋ dhɯkˇ	我不晚睡	engine-auto	
นอนหลับดี	non lap di	nɔ̄n lapˇ dhī	睡得好	engine-auto	
นอนหลับ	non lap	nɔ̄n lapˇ	睡著	engine-auto	
นอนหลับแล้ว	non lap laeo	nɔ̄n lapˇ lɛ̄u~	睡著了	engine-auto	
หลับ	lap	lapˇ	睡著（短語）	engine-auto	
หลับตา	lap ta	lapˇ dā	閉眼	engine-auto	
นอนไม่หลับ	non mai lap	nɔ̄n maiˋ lapˇ	睡不著	engine-auto	
เมื่อคืนนอนหลับไหม	muea khuen non lap mai	mɯ̄aˋ kɯ̄n nɔ̄n lapˇ maiˊ	昨晚睡得著嗎？	engine-auto	
เมื่อคืนผมนอนไม่หลับ	muea khuen pom non mai lap	mɯ̄aˋ kɯ̄n pomˊ nɔ̄n maiˋ lapˇ	昨晚我睡不著	engine-auto	
นอนหลับฝันดี	non lap fan di	nɔ̄n lapˇ fanˊ dhī	祝好夢	engine-auto	
ฝันดีนะ	fan di na	fanˊ dhī na~	好夢喔	engine-auto	
ฝัน	fan	fanˊ	做夢	engine-auto	
ตื่นนอน	tuen non	dɯ̄nˇ nɔ̄n	睡醒、起床	engine-auto	
วันนี้ตื่นนอนกี่โมง	wan ni tuen non gi mong	wan nī~ dɯ̄nˇ nɔ̄n gīˇ mōng	今天幾點睡醒？	engine-auto	
ตื่นหกโมงเช้า	tuen hok mong chao	dɯ̄nˇ hokˇ mōng chāu~	六點醒	engine-auto	
ตื่นขึ้นมา	tuen khuen ma	dɯ̄nˇ kɯnˋ mā	起來	engine-auto	
ตื่นขึ้นมาทำอะไร	tuen khuen ma tam a rai	dɯ̄nˇ kɯnˋ mā tam aˇ rai	起來做什麼？	engine-auto	
ตื่นขึ้นมากินอาหารเช้า	tuen khuen ma kin a han chao	dɯ̄nˇ kɯnˋ mā gin ā hānˊ chāu~	起來吃早餐	engine-auto	
ตื่นขึ้นมาไปเข้าห้องน้ำ	tuen khuen ma pai khao hong nam	dɯ̄nˇ kɯnˋ mā bai kāuˋ hɔ̄ngˋ nām~	起來去廁所	engine-auto	
ตื่นขึ้นมาเล่นมือถือ	tuen khuen ma len mue thue	dɯ̄nˇ kɯnˋ mā lēnˋ mɯ̄ tɯ̄ˊ	起來玩手機	engine-auto	
ตื่นเต้น	tuen ten	dɯ̄nˇ dēnˋ	興奮、緊張	engine-auto	
เต้น	ten	dēnˋ	跳舞	engine-auto	
จะตื่นเต้นไหมคะ	ja tuen ten mai ka	jaˇ dɯ̄nˇ dēnˋ maiˊ ka~	會緊張嗎？	engine-auto	
พัก	pak	pak~	休息	book-exact	(book-exact已用引擎重新驗證)
พัก 5 นาที	pak 5 na tee	pak~ 5 nā tī	休息5分鐘	engine-auto	
พักเที่ยง	pak tiang	pak~ tīangˋ	午休	engine-auto	
พักเที่ยงกี่ชั่วโมงคะ	pak tiang gee chua mong ka	pak~ tīangˋ gīˇ chūaˋ mōng ka~	午休幾小時？	engine-auto	
พักเที่ยง 1 ชั่วโมง	pak tiang nueng chua mong	pak~ tīangˋ 1 chūaˋ mōng	午休1小時	engine-auto	
พักเที่ยง 2 ชั่วโมง	pak tiang song chua mong	pak~ tīangˋ 2 chūaˋ mōng	午休2小時	engine-auto	
พักที่บ้านเพื่อน	pak tee ban puean	pak~ tīˋ bhānˋ pɯ̄anˋ	住在朋友家（暫住）	engine-auto	
พักที่โรงแรม	pak tee rong raem	pak~ tīˋ rōng rɛ̄m	住在飯店	engine-auto	
พักผ่อน	pak pon	pak~ pɔ̄nˇ	休息、放鬆（長時）	engine-auto	
ต้องพักผ่อนเยอะๆ	tong pak pon yeye	dɔ̄ngˋ pak~ pɔ̄nˇ yə~ yə~	要多休息	engine-auto	
รอ	raw	rɔ̄	等	engine-auto	
รอรถ	raw rot	rɔ̄ rot~	等車	engine-auto	
รอรถสองแถว	raw rot song thaeo	rɔ̄ rot~ sɔ̄ngˊ tɛ̄uˊ	等雙條車	engine-auto	
รอรถตุ๊กตุ๊ก	raw rot tuk tuk	rɔ̄ rot~ duk~ duk~	等嘟嘟車	engine-auto	
รอรถตู้	raw rot tu	rɔ̄ rot~ dūˋ	等麵包車（廂型車）	engine-auto	
รอที่นี่	raw tee nee	rɔ̄ tīˋ nīˋ	在這裡等	engine-auto	
รอที่นี่นะ อย่าไปไหน	raw tee nee na ya pai nai	rɔ̄ tīˋ nīˋ na~ yāˋ bai naiˊ	在這裡等喔，別去哪裡	engine-auto	
รอสักครู่	raw sak kru	rɔ̄ sakˇ krūˋ	請稍等（正式）	engine-auto	
รอแป๊บเดียว	raw paep diao	rɔ̄ bɛ̄p~ dhīau	等一下	engine-auto	
รอนานไหม	raw nan mai	rɔ̄ nān maiˊ	等很久嗎？	engine-auto	
รอแป๊บนะ	raw paep na	rɔ̄ bɛ̄p~ na~	等一下喔	engine-auto	
แป๊บนะ	paep na	bɛ̄p~ na~	等一下（極短口語）	engine-auto	
รออีก 10 นาที	raw eek 10 na tee	rɔ̄ īkˇ 10 nā tī	再等10分鐘	engine-auto	
ฉันไม่รอคุณแล้ว	chan mai raw kun laeo	chanˊ maiˋ rɔ̄ kun lɛ̄u~	我不等你了	engine-auto	
เรียก	riak	rīakˋ	叫	engine-auto	
เรียกแท็กซี่	riak taxi	rīakˋ tɛk~ sīˋ	叫計程車	engine-auto	
นี่เรียกว่าอะไร	nee riak wa a rai	nīˋ rīakˋ wāˋ aˇ rai	這叫作什麼？	engine-auto	
เรียกเขามา	riak kao ma	rīakˋ kāuˊ mā	叫他過來	engine-auto	
เรียกเขามาหาฉัน	riak kao ma ha chan	rīakˋ kāuˊ mā hāˊ chanˊ	叫他來找我	engine-auto	
ถ่ายรูป	thae rup	tāiˇ rūpˋ	拍照	engine-auto	
ถ่ายวิดีโอ	thae video	tāiˇ wi~ dhī ō	錄影	engine-auto	
ชอบถ่ายรูปหรือถ่ายวิดีโอ	chob thae rup rue thae video	chɔ̄pˋ tāiˇ rūpˋ rɯ̄ˊ tāiˇ wi~ dhī ō	你喜歡拍照還是錄影？	engine-auto	
ชอบทั้งถ่ายรูปและถ่ายวิดีโอ	chob thang thae rup lae thae video	chɔ̄pˋ tang~ tāiˇ rūpˋ lɛ~ tāiˇ wi~ dhī ō	喜歡拍照也喜歡錄影	engine-auto	
ถ่ายหนัง	thae nang	tāiˇ nangˊ	拍電影	engine-auto	
ถ่ายเอกสาร	thae ekkasan	tāiˇ ēkˇ sānˊ	影印	engine-auto	
เอกสาร	ekkasan	ēkˇ sānˊ	文件	book-exact	(book-exact已用引擎重新驗證)
ใช้เอกสารอะไรบ้าง	chai ekkasan arai bang	chai~ ēkˇ sānˊ aˇ rai bhāngˋ	需要用到哪些文件？	engine-auto	
ก๊อปปี้	copy	gɔ̄p~ bīˋ	影印、拷貝	engine-auto	
ร้านถ่ายเอกสาร	ran thae ekkasan	rān~ tāiˇ ēkˇ sānˊ	影印店	engine-auto	
กล้องถ่ายรูป	klong thae rup	glɔ̄ngˋ tāiˇ rūpˋ	相機	engine-auto	
ใช้กล้องถ่ายรูปไหม	chai klong thae rup mai	chai~ glɔ̄ngˋ tāiˇ rūpˋ maiˊ	用相機嗎？	engine-auto	
ไม่ใช้กล้องถ่ายรูป	mai chai klong thae rup	maiˋ chai~ glɔ̄ngˋ tāiˇ rūpˋ	不用相機	engine-auto	
จอง	chong	jɔ̄ng	預訂	engine-auto	
จองที่นั่ง	chong thi nang	jɔ̄ng tīˋ nangˋ	訂位（訂座位）	engine-auto	
จองโต๊ะ	chong toh	jɔ̄ng do~	訂桌	engine-auto	
จองห้อง	chong hong	jɔ̄ng hɔ̄ngˋ	訂房	engine-auto	
จองตั๋ว	chong tua	jɔ̄ng dūaˊ	訂票	engine-auto	
โทรไปจอง	tho pai chong	tōn bai jɔ̄ng	打電話預訂	engine-auto	
จองออนไลน์	chong online	jɔ̄ng ɔ̄n lai	線上預訂	engine-auto	
จองตั๋วเครื่องบิน	chong tua krueang bin	jɔ̄ng dūaˊ krɯ̄angˋ bhin	訂機票	engine-auto	
จอด	chot	jɔ̄tˇ	停車、靠岸（交通工具停靠）	engine-auto	
จอดรถ	chot rot	jɔ̄tˇ rot~	停車	engine-auto	
จอดเรือ	chot ruea	jɔ̄tˇ rɯ̄a	停船、靠岸	engine-auto	
จอดเครื่องบิน	chot krueang bin	jɔ̄tˇ krɯ̄angˋ bhin	停飛機	engine-auto	
จอดข้างหน้า	chot khang na	jɔ̄tˇ kāngˋ nāˋ	停在前面	engine-auto	
จอดข้างหน้าก็ได้ค่ะ	chot khang na kor dai ka	jɔ̄tˇ kāngˋ nāˋ gɔ̄ˋ dhaiˋ kaˋ	停在前面也可以	engine-auto	
จอดตรงไฟแดง	chot trong fai daeng	jɔ̄tˇ drong fai dhɛ̄ng	停在紅綠燈處	engine-auto	
จอดตรงนี้ก็ได้	chot trong ni kor dai	jɔ̄tˇ drong nī~ gɔ̄ˋ dhaiˋ	停在這裡也可以	engine-auto	
ที่จอดรถ	thi chot rot	tīˋ jɔ̄tˇ rot~	停車位、停車場	engine-auto	
ที่จอดรถหายาก	thi chot rot ha yak	tīˋ jɔ̄tˇ rot~ hāˊ yākˋ	停車位很難找	engine-auto	
ที่จอดรถแพง	thi chot rot phaeng	tīˋ jɔ̄tˇ rot~ pɛ̄ng	停車費很貴	engine-auto	
แลก	laek	lɛ̄kˋ	交換、兌換	engine-auto	
แลกเงิน	laek ngoen	lɛ̄kˋ ngə̄n	換錢	engine-auto	
เพิ่ง	perng	pə̄ngˋ	剛	engine-auto	
เพิ่งตื่นไม่นาน	perng tuen mai naan	pə̄ngˋ dɯ̄nˇ maiˋ nān	剛起床不久	engine-auto	
เพิ่งทำเสร็จ	perng tam set	pə̄ngˋ tam sretˇ	剛做完	engine-auto	
เพิ่งแต่งงาน	perng taeng ngaan	pə̄ngˋ dɛ̄ngˇ ngān	剛結婚	engine-auto	
เพิ่งทำความสะอาดเสร็จ	perng tam khwam sa-at set	pə̄ngˋ tam kwām saˇ ātˇ sretˇ	剛打掃完	engine-auto	
รีบ	rip	rīpˋ	趕快、急	engine-auto	
รีบถ่ายรูป	rip tai rup	rīpˋ tāiˇ rūpˋ	趕快照相	engine-auto	
รีบตื่นนอน	rip tuen non	rīpˋ dɯ̄nˇ nɔ̄n	趕快起床	engine-auto	
รีบเซ็นสัญญา	rip sen san-ya	rīpˋ sen sanˊ yā	趕快簽合約	engine-auto	
รีบขึ้นรถ	rip khuen rot	rīpˋ kɯnˋ rot~	趕快上車	engine-auto	
รีบไปทำงาน	rip pai tam ngaan	rīpˋ bai tam ngān	趕快去上班	engine-auto	
รีบทำธุระ	rip tam tu-ra	rīpˋ tam tu~ ra~	趕快辦事	engine-auto	
ไม่ต้องรีบ	mai tong rip	maiˋ dɔ̄ngˋ rīpˋ	不用趕	engine-auto	
สาย	sai	sāiˊ	晚、遲	engine-auto	
เมื่อคืนนอนดึกก็เลยตื่นสาย	muea khuen non duek kor loei tuen sai	mɯ̄aˋ kɯ̄n nɔ̄n dhɯkˇ gɔ̄ˋ lə̄i dɯ̄nˇ sāiˊ	昨晚睡得晚所以晚起	engine-auto	
มาสาย	ma sai	mā sāiˊ	遲到	engine-auto	
เขามาสายบ่อยๆ	khao ma sai boi boi	kāuˊ mā sāiˊ bhɔ̄iˇ bhɔ̄iˇ	他常常遲到	engine-auto	
เธอมาสายอีกแล้ว	thoe ma sai ik laeo	tə̄ mā sāiˊ īkˇ lɛ̄u~	你又遲到了	engine-auto	
ของขวัญ	khong khwan	kɔ̄ngˊ kwanˊ	禮物	engine-auto	
ให้ของขวัญเพื่อน	hai khong khwan phuean	haiˋ kɔ̄ngˊ kwanˊ pɯ̄anˋ	送朋友禮物	book-exact	(book-exact已用引擎重新驗證)
ของขวัญวันเกิด	khong khwan wan koet	kɔ̄ngˊ kwanˊ wan gə̄tˇ	生日禮物	engine-auto	
ของขวัญแต่งงาน	khong khwan taeng ngaan	kɔ̄ngˊ kwanˊ dɛ̄ngˇ ngān	結婚禮物	engine-auto	
ให้ของขวัญแม่	hai khong khwan mae	haiˋ kɔ̄ngˊ kwanˊ mɛ̄ˋ	給媽媽禮物	engine-auto	
แถวนี้มีสองแถวมั้ยคะ	thaeo ni mi song thaeo mai kha	tɛ̄uˊ nī~ mī sɔ̄ngˊ tɛ̄uˊ mai~ ka~	這附近有雙條車嗎？	engine-auto	
ถ้าเช่ารถตู้วันละเท่าไหร่	tha chao rot tu wan la thao rai	tāˋ chāuˋ rot~ dūˋ wan la~ tāuˋ raiˇ	如果租廂型車一天多少錢	engine-auto	
ที่จอดรถตู้อยู่ตรงไหนคะ	thi chot rot tu yu trong nai kha	tīˋ jɔ̄tˇ rot~ dūˋ yūˋ drong naiˊ ka~	廂型車停車場在哪裡？	engine-auto	
ขี้เกียจนั่งรถเมล์	khi kiat nang rot me	kīˋ gīatˇ nangˋ rot~ mē	懶得坐公車	engine-auto	
นั่งกับพื้น	nang kap phuen	nangˋ gapˇ pɯ̄n~	坐在地板上	book-exact	(book-exact已用引擎重新驗證)
นั่งกินข้าวกับพื้น	nang kin khao kap phuen	nangˋ gin kāuˋ gapˇ pɯ̄n~	坐在地板上吃飯	engine-auto	
นั่งทำงานกับพื้น	nang tam ngaan kap phuen	nangˋ tam ngān gapˇ pɯ̄n~	坐在地板上工作	engine-auto	
พื้นไม่สะอาด	phuen mai sa-at	pɯ̄n~ maiˋ saˇ ātˇ	地板不乾淨	engine-auto	
กำลังทำความสะอาดพื้นอยู่	kam-lang tam khwam sa-at phuen yu	gam lang tam kwām saˇ ātˇ pɯ̄n~ yūˋ	正在清潔地板	engine-auto	
ชอบเดินเล่นกับน้องสาว	chop doen len kap nong sao	chɔ̄pˋ dhə̄n lēnˋ gapˇ nɔ̄ng~ sāuˊ	我喜歡跟妹妹散步	engine-auto	
แม่ไปเดินตลาดทุกวัน	mae pai doen ta-lat thuk wan	mɛ̄ˋ bai dhə̄n daˇ lātˋ tuk~ wan	每天媽媽去逛市場	engine-auto	
เสาร์อาทิตย์คนเดินห้างเยอะมาก	sao a-thit khon doen hang yoe mak	sāuˊ ā tit~ kon dhə̄n hāngˋ yə~ mākˋ	週末很多人逛百貨公司	engine-auto	
พัก 10 นาที	phak sip na thi	pak~ 10 nā tī	休息 10 分鐘	engine-auto	
พักเที่ยง 2 ชั่วโมง	phak thiang song chua mong	pak~ tīangˋ 2 chūaˋ mōng	午休 2 小時	engine-auto	
คุณพักที่โรงแรมไหน	khun phak thi rong raem nai	kun pak~ tīˋ rōng rɛ̄m naiˊ	你住哪間飯店？	engine-auto	
ผม/ฉัน พักที่โรงแรม W	phom/chan phak thi rong raem W	pomˊ/chanˊ pak~ tīˋ rōng rɛ̄m W	我住 W 飯店	engine-auto	
พักที่บ้านเพื่อน	phak thi ban phuean	pak~ tīˋ bhānˋ pɯ̄anˋ	住在朋友家	engine-auto	
พักผ่อน	phak phon	pak~ pɔ̄nˇ	休息、放鬆	engine-auto	
ไปพักผ่อนที่ทะเล	pai phak phon thi tha le	bai pak~ pɔ̄nˇ tīˋ ta~ lē	去海邊休息	engine-auto	
จะไปพักผ่อนที่ทะเล	ja pai phak phon thi tha le	jaˇ bai pak~ pɔ̄nˇ tīˋ ta~ lē	要去海邊休息	engine-auto	
อาทิตย์หน้าจะไปพักผ่อนที่ทะเล	a thit na ja pai phak phon thi tha le	ā tit~ nāˋ jaˇ bai pak~ pɔ̄nˇ tīˋ ta~ lē	下週要去海邊休息	engine-auto	
รอ	ro	rɔ̄	等	engine-auto	
คุณกำลังรอใครอยู่	khun kam lang ro khrai yu	kun gam lang rɔ̄ krai yūˋ	你在等誰？	engine-auto	
รออีก 10 นาที	ro ik sip na thi	rɔ̄ īkˇ 10 nā tī	再等 10 分鐘	engine-auto	
ไม่ต้องรอแล้ว	mai tong ro laeo	maiˋ dɔ̄ngˋ rɔ̄ lɛ̄u~	不用再等了	engine-auto	
รอสักครู่	ro sak khru	rɔ̄ sakˇ krūˋ	請稍等 (正式)	engine-auto	
มีที่นั่งว่างมั้ยคะ	mi thi nang wang mai kha	mī tīˋ nangˋ wāngˋ mai~ ka~	有空位嗎？	engine-auto	
รอสักครู่ นะคะ	ro sak khru na kha	rɔ̄ sakˇ krūˋ na~ ka~	請稍等 (服務生回覆)	engine-auto	
รอแป๊บ	ro paep	rɔ̄ bɛ̄p~	等一下	engine-auto	
แป๊บน้า	paep na	bɛ̄p~ nā~	等一下哦 (口語)	engine-auto	
รอแป๊บนะคะ/ครับ	ro paep na kha/khrap	rɔ̄ bɛ̄p~ na~ ka~/krap~	等一下哦 (溫柔版)	engine-auto	
รอแป๊บ กำลังไป	ro paep kam lang pai	rɔ̄ bɛ̄p~ gam lang bai	等一下，正要過去	engine-auto	
นอนหลับ	non lap	nɔ̄n lapˇ	睡著	engine-auto	
นอนหลับหรือยัง	non lap rue yang	nɔ̄n lapˇ rɯ̄ˊ yang	睡著了嗎？	engine-auto	
หลับหรือยัง	lap rue yang	lapˇ rɯ̄ˊ yang	睡著了嗎？ (簡略)	engine-auto	
กำลังจะไปนอน	kam lang ja pai non	gam lang jaˇ bai nɔ̄n	正要去睡覺	engine-auto	
เมื่อคืนนอนหลับดีมั้ย	muea khuen non lap di mai	mɯ̄aˋ kɯ̄n nɔ̄n lapˇ dhī mai~	昨晚睡得好嗎？	engine-auto	
เมื่อคืนนอนไม่หลับ	muea khuen non mai lap	mɯ̄aˋ kɯ̄n nɔ̄n maiˋ lapˇ	昨晚睡不著	engine-auto	
เมื่อคืนนอนกี่โมงคะ	muea khuen non ki mong kha	mɯ̄aˋ kɯ̄n nɔ̄n gīˇ mōng ka~	昨晚幾點睡覺？	engine-auto	
ฝัน	fan	fanˊ	夢、做夢	engine-auto	
นอนหลับฝันดีนะ	non lap fan di na	nɔ̄n lapˇ fanˊ dhī na~	祝你好夢	engine-auto	
ฝันดีนะ	fan di na	fanˊ dhī na~	祝你好夢 (簡稱)	engine-auto	
เมื่อคืนฉันฝันถึงคุณ	muea khuen chan fan thueng khun	mɯ̄aˋ kɯ̄n chanˊ fanˊ tɯngˊ kun	昨晚我夢到你	engine-auto	
เมื่อคืนฉันฝันถึงภาษาไทย	muea khuen chan fan thueng pha sa thai	mɯ̄aˋ kɯ̄n chanˊ fanˊ tɯngˊ pā sāˊ tai	昨晚我夢到泰文	engine-auto	
อย่าฝันกลางวัน	ya fan klang wan	yāˋ fanˊ glāng wan	別做白日夢	engine-auto	
ตื่น	tuen	dɯ̄nˇ	醒、起床	book-exact	(book-exact已用引擎重新驗證)
ตื่นหกโมงเช้าทุกวัน	tuen hok mong chao thuk wan	dɯ̄nˇ hokˇ mōng chāu~ tuk~ wan	每天早上六點起床	engine-auto	
ตื่นๆๆ	tuen tuen tuen	dɯ̄nˇ dɯ̄nˇ dɯ̄nˇ	起床起床起床！	engine-auto	
รีบตื่น	rip tuen	rīpˋ dɯ̄nˇ	趕快起床	engine-auto	
ตื่นเต้น	tuen ten	dɯ̄nˇ dēnˋ	興奮、緊張	engine-auto	
ผม/ฉัน ตื่นเต้นมาก ไม่กล้านั่ง	phom/chan tuen ten mak mai kla nang	pomˊ/chanˊ dɯ̄nˇ dēnˋ mākˋ maiˋ glāˋ nangˋ	我好緊張，不敢坐	engine-auto	
ไม่ต้องตื่นเต้น สบายๆ	mai tong tuen ten sa bai sa bai	maiˋ dɔ̄ngˋ dɯ̄nˇ dēnˋ saˇ bhāi saˇ bhāi	不用緊張，放輕鬆	engine-auto	
เรียก	riak	rīakˋ	叫	engine-auto	
ช่วยเรียกแท็กซี่ให้หน่อย	chuay riak taxi hai noi	chūayˋ rīakˋ tɛk~ sīˋ haiˋ nɔ̄iˇ	請幫我叫計程車	engine-auto	
เรียกรถหรือยัง	riak rot rue yang	rīakˋ rot~ rɯ̄ˊ yang	你叫車了嗎？	engine-auto	
เรียกแล้วแต่ยังไม่มา	riak laeo tae yang mai ma	rīakˋ lɛ̄u~ dɛ̄ˇ yang maiˋ mā	叫了，但還沒來	engine-auto	
นี่เรียกว่าอะไร	ni riak wa arai	nīˋ rīakˋ wāˋ aˇ rai	這個叫做什麼？	engine-auto	
นี่เรียกว่าข้าวซอย	ni riak wa khao soi	nīˋ rīakˋ wāˋ kāuˋ sɔ̄i	這個叫做泰北金麵	engine-auto	
นี่เรียกว่ามังคุด	ni riak wa mangkhut	nīˋ rīakˋ wāˋ mang kut~	這個叫做山竹	engine-auto	
ช่วยถ่ายรูปให้หน่อยได้มั้ยคะ	chuay tai rup hai noi dai mai kha	chūayˋ tāiˇ rūpˋ haiˋ nɔ̄iˇ dhaiˋ mai~ ka~	可以幫我拍照嗎？	engine-auto	
ขอถ่ายรูปด้วยได้มั้ยคะ	kho tai rup duay dai mai kha	kɔ̄ˊ tāiˇ rūpˋ dhūayˋ dhaiˋ mai~ ka~	我可以跟你拍照嗎？	engine-auto	
ถ่ายเอกสาร	tai ek ka san	tāiˇ ēkˇ sānˊ	影印	engine-auto	
ช่วยถ่ายเอกสารให้หน่อยค่ะ	chuay tai ek ka san hai noi kha	chūayˋ tāiˇ ēkˇ sānˊ haiˋ nɔ̄iˇ kaˋ	請幫我影印	engine-auto	
เอกสาร	ek ka san	ēkˇ sānˊ	文件	book-exact	(book-exact已用引擎重新驗證)
ใช้เอกสารอะไรบ้าง	chai ek ka san arai bang	chai~ ēkˇ sānˊ aˇ rai bhāngˋ	用哪些文件？	engine-auto	
จะจองกี่โมงคะ	ja jong ki mong kha	jaˇ jɔ̄ng gīˇ mōng ka~	要訂幾點？	engine-auto	
จอด	chot	jɔ̄tˇ	停（車、船）	engine-auto	
จอดหน้าร้าน	chot na ran	jɔ̄tˇ nāˋ rān~	停在店前面	engine-auto	
จอดหน้าร้านได้มั้ย	chot na ran dai mai	jɔ̄tˇ nāˋ rān~ dhaiˋ mai~	停在店前面可以嗎？	engine-auto	
จอดหลังร้าน	chot lang ran	jɔ̄tˇ langˊ rān~	停在店後面	engine-auto	
จอดข้างร้าน	chot khang ran	jɔ̄tˇ kāngˋ rān~	停在店旁邊	engine-auto	
จอดตรงไฟแดง	chot trong fai daeng	jɔ̄tˇ drong fai dhɛ̄ng	停在紅綠燈處	engine-auto	
จอดตรงนี้ก็ได้	chot trong ni kor dai	jɔ̄tˇ drong nī~ gɔ̄ˋ dhaiˋ	停在這裡也可以	engine-auto	
ที่จอดรถชั้นใต้ดิน	thi chot rot chan tai din	tīˋ jɔ̄tˇ rot~ chan~ daiˋ dhin	地下室停車場	engine-auto	
แถวนี้ที่จอดรถหายาก	thaeo ni thi chot rot ha yak	tɛ̄uˊ nī~ tīˋ jɔ̄tˇ rot~ hāˊ yākˋ	這附近停車位很難找	engine-auto	
สามทุ่มยี่สิบแปดนาที	sam thum yi sip paet na thi	sāmˊ tumˋ yīˋ sipˇ bɛ̄tˇ nā tī	九點二十八分	engine-auto	
รอแป๊บ	ro paep	rɔ̄ bɛ̄p~	等一下（叫對方等）	engine-auto	
เดี๋ยว	diao	dhīauˊ	等一下（等會兒）	engine-auto	
เดี๋ยวไป	diao pai	dhīauˊ bai	等一下去	engine-auto	
ยอม	yom	yɔ̄m	願意	engine-auto	
ยอมทำทุกอย่าง	yom tam thuk yang	yɔ̄m tam tuk~ yāngˋ	願意做每一件事	engine-auto	
ไม่ยอม	mai yom	maiˋ yɔ̄m	不肯/不願意	engine-auto	
ไม่ยอมทำ	mai yom tam	maiˋ yɔ̄m tam	不肯做	engine-auto	
ไม่ยอมไป	mai yom pai	maiˋ yɔ̄m bai	不肯去	engine-auto	
ทิ้ง	thing	ting~	丟/丟掉	engine-auto	
เก่าแล้วยังไม่ยอมทิ้ง	kao laeo yang mai yom thing	gāuˇ lɛ̄u~ yang maiˋ yɔ̄m ting~	舊了還不肯丟掉	book-exact	(book-exact已用引擎重新驗證)
ไม่ยอมตื่น	mai yom tuen	maiˋ yɔ̄m dɯ̄nˇ	不肯起床	engine-auto	
ไม่ยอมนอน	mai yom non	maiˋ yɔ̄m nɔ̄n	不肯睡覺	engine-auto	
พอ...ก็...	phor...kor...	pɔ̄...gɔ̄ˋ...	一...就...	engine-auto	
เลย	loei	lə̄i	就/立即 (強調語氣)	engine-auto	
พอตื่นขึ้นมาก็เล่นมือถือเลย	phor tuen khuen ma kor len mue thue loei	pɔ̄ dɯ̄nˇ kɯnˋ mā gɔ̄ˋ lēnˋ mɯ̄ tɯ̄ˊ lə̄i	一起床就玩手機	engine-auto	
พอถึงก็กินเลย	phor thueng kor kin loei	pɔ̄ tɯngˊ gɔ̄ˋ gin lə̄i	一到就吃	engine-auto	
ดูข่าว	du khao	dhū kāuˇ	看新聞	engine-auto	
ข่าว	khao	kāuˇ	新聞/消息	engine-auto	
มีข่าวอะไร	mi khao arai	mī kāuˇ aˇ rai	有什麼新聞？	engine-auto	
ชอบดูข่าวมั้ย	chop du khao mai	chɔ̄pˋ dhū kāuˇ mai~	喜歡看新聞嗎？	engine-auto	
ดูการ์ตูน	du cartoon	dhū gā dūn	看卡通	engine-auto	
ชอบดูการ์ตูนมั้ย	chop du cartoon mai	chɔ̄pˋ dhū gā dūn mai~	喜歡看卡通嗎？	engine-auto	
ดูภาพ	du phap	dhū pāpˋ	看照片/圖片	engine-auto	
ภาพ	phap	pāpˋ	照片/圖片/畫片	derived	
โป๊	po	bō~	裸露的/穿很少的	engine-auto	
ดูภาพโป๊	du phap po	dhū pāpˋ bō~	看色情照片	engine-auto	
ดูหนังโป๊	du nang po	dhū nangˊ bō~	看色情影片(A片)	engine-auto	
ดูสาวๆ	du sao sao	dhū sāuˊ sāuˊ	看正妹/女孩們	engine-auto	
ดูหมอ	du mor	dhū mɔ̄ˊ	算命	engine-auto	
หมอดู	mor du	mɔ̄ˊ dhū	算命師	engine-auto	
ชอบไปดูหมอมั้ย	chop pai du mor mai	chɔ̄pˋ bai dhū mɔ̄ˊ mai~	喜歡去算命嗎？	engine-auto	
ดูถูก	du thuk	dhū tūkˇ	看不起	engine-auto	
ดูก่อน	du kon	dhū gɔ̄nˇ	先看看	engine-auto	
ไปก่อนนะ	pai kon na	bai gɔ̄nˇ na~	先走囉	engine-auto	
ฉันกินก่อน	chan kin kon	chanˊ gin gɔ̄nˇ	我先吃	engine-auto	
ดูได้นะครับ/คะ	du dai na khrap/kha	dhū dhaiˋ na~ krap~/ka~	可以看看喔 (男/女)	engine-auto	
จำได้มั้ย	jam dai mai	jam dhaiˋ mai~	記得嗎	engine-auto	
จำได้	jam dai	jam dhaiˋ	記得	engine-auto	
จำไม่ได้	jam mai dai	jam maiˋ dhaiˋ	記不得	engine-auto	
จำผิด	jam phit	jam pitˇ	記錯	engine-auto	
พูดผิด	phut phit	pūtˋ pitˇ	說錯	engine-auto	
ขอโทษนะ ฉันจำผิด	kho thot na chan jam phit	kɔ̄ˊ tōtˋ na~ chanˊ jam pitˇ	抱歉，我記錯了	engine-auto	
ความจำ	khwam jam	kwām jam	記憶力	engine-auto	
ความจำไม่ดี	khwam jam mai di	kwām jam maiˋ dhī	記憶力不好	engine-auto	
ความจำเสื่อม	khwam jam sueam	kwām jam sɯ̄amˇ	記憶衰退（失智）	engine-auto	
เสื่อม	sueam	sɯ̄amˇ	衰退	engine-auto	
ลืม	luem	lɯ̄m	忘記	book-exact	(book-exact已用引擎重新驗證)
ลืมกุญแจ	luem kun jae	lɯ̄m gun jɛ̄	忘記鑰匙	engine-auto	
กุญแจรถ	kun jae rot	gun jɛ̄ rot~	車鑰匙	engine-auto	
กุญแจห้อง	kun jae hong	gun jɛ̄ hɔ̄ngˋ	房間鑰匙	engine-auto	
ลืมชื่อเขา	luem chue khao	lɯ̄m chɯ̄ˋ kāuˊ	忘記他的名字	engine-auto	
ลืมชื่อร้าน	luem chue ran	lɯ̄m chɯ̄ˋ rān~	忘記店名	engine-auto	
ลืมเอามือถือมา	luem ao mue thue ma	lɯ̄m au mɯ̄ tɯ̄ˊ mā	忘記帶手機來	engine-auto	
ลืมเอากุญแจมา	luem ao kun jae ma	lɯ̄m au gun jɛ̄ mā	忘記帶鑰匙來	engine-auto	
ขี้ลืม	khi luem	kīˋ lɯ̄m	健忘	engine-auto	
เห็น	hen	henˊ	看到	book-exact	(book-exact已用引擎重新驗證)
เห็นผีมั้ย	hen phi mai	henˊ pīˊ mai~	看到鬼嗎？	engine-auto	
เห็นกับตา	hen kap ta	henˊ gapˇ dā	親眼看到	engine-auto	
ฉันเห็นกับตา เขามีคนอื่น	chan hen kap ta khao mi khon uen	chanˊ henˊ gapˇ dā kāuˊ mī kon ɯ̄nˇ	我親眼看到他有別人	engine-auto	
มองไม่เห็นอะไร	mong mai hen arai	mɔ̄ng maiˋ henˊ aˇ rai	看不見任何東西	book-exact	(book-exact已用引擎重新驗證)
มอง	mong	mɔ̄ng	看/望	engine-auto	
เห็นด้วย	hen duay	henˊ dhūayˋ	同意	engine-auto	
เห็นด้วยมั้ย	hen duay mai	henˊ dhūayˋ mai~	同意嗎？	engine-auto	
เห็นใจ	hen jai	henˊ jai	同情	engine-auto	
ฉันเห็นใจเขา	chan hen jai khao	chanˊ henˊ jai kāuˊ	我同情他	engine-auto	
เห็นแก่ตัว	เห็นแก่ตัว	henˊ gɛ̄ˇ dūa	自私	engine-auto	
อย่าเห็นแก่ตัว	ya hen kae tua	yāˋ henˊ gɛ̄ˇ dūa	別自私	engine-auto	
สั่งอาหาร	sang a han	sangˇ ā hānˊ	點餐	engine-auto	
สั่งฟู้ดแพนด้า	sang foodpanda	sangˇ fūt~ pɛ̄n dhāˋ	叫 Foodpanda	engine-auto	
สั่งทำ	sang tam	sangˇ tam	定做	engine-auto	
สั่งทำเค้ก	sang tam cake	sangˇ tam kēk~	定做蛋糕	engine-auto	
สั่งทำแหวน	sang tam waen	sangˇ tam wɛ̄nˊ	定做戒指	engine-auto	
สั่งลูกน้อง	sang luk nong	sangˇ lūkˋ nɔ̄ng~	命令下屬	engine-auto	
คำสั่ง	kham sang	kam sangˇ	命令（名詞）	engine-auto	
พา	pha	pā	帶（有生命）	engine-auto	
พาไปเที่ยว	pha pai thiao	pā bai tīauˋ	帶去玩	engine-auto	
พาเพื่อนไปเที่ยว	pha phuean pai thiao	pā pɯ̄anˋ bai tīauˋ	帶朋友去玩	engine-auto	
พาแฟนไปช้อปปิ้ง	pha faen pai shopping	pā fɛ̄n bai chɔ̄p~ bingˋ	帶情人去購物	engine-auto	
พาหมาไปเดินเล่น	pha ma pai doen len	pā māˊ bai dhə̄n lēnˋ	遛狗（帶狗去散步）	engine-auto	
พาแม่ไปหาหมอ	pha mae pai ha mor	pā mɛ̄ˋ bai hāˊ mɔ̄ˊ	帶媽媽去看醫生	engine-auto	
เอา	ao	au	拿、帶（口語，有/無生命皆可）	book-exact	(book-exact已用引擎重新驗證)
เอาหนังสือมา	ao nang su ma	au nangˊ sɯ̄ˊ mā	帶書來	engine-auto	
เติม	toem	də̄m	填、加	engine-auto	
เติมเงิน	toem ngoen	də̄m ngə̄n	儲值	engine-auto	
เติมข้าว	toem khao	də̄m kāuˋ	加飯	engine-auto	
เติมน้ำซุป	toem nam sup	də̄m nām~ sup~	加高湯	engine-auto	
เติมน้ำมัน	toem nam man	də̄m nām~ man	加油（汽車燃料）	engine-auto	
เติมเต็มถัง	toem tem thang	də̄m dem tangˊ	加滿（油）	engine-auto	
95 เต็มถัง	kao ha tem thang	95 dem tangˊ	95加滿	engine-auto	
ชิด	chit	chit~	靠、靠近	engine-auto	
ชิดซ้าย	chit sai	chit~ sāi~	靠左	engine-auto	
ชิดขวา	chit khwa	chit~ kwāˊ	靠隱	engine-auto	
ถ้าไม่เดินต้องชิดขวา	tha mai doen tong chit khwa	tāˋ maiˋ dhə̄n dɔ̄ngˋ chit~ kwāˊ	如果不走要靠右	engine-auto	
ชิดใน	chit nai	chit~ nai	往裡面靠（車廂內）	engine-auto	
ชิดในหน่อย	chit nai noi	chit~ nai nɔ̄iˇ	往裡面靠一點	engine-auto	
ทิ้งกุญแจไปไหน	thing kun jae pai nai	ting~ gun jɛ̄ bai naiˊ	鑰匙丟到哪裡去了？	engine-auto	
ทิ้งไว้ที่นี่	thing wai thi ni	ting~ wai~ tīˋ nīˋ	丟在、留在這裡	engine-auto	
เก็บไว้	kep wai	gepˇ wai~	存著、留著	engine-auto	
ถังน้ำ	thang nam	tangˊ nām~	水桶	engine-auto	
ถัง	thang	tangˊ	桶子	engine-auto	
พูดถูก	phut thuk	pūtˋ tūkˇ	說得對	engine-auto	
ถูก	thuk	tūkˇ	被、便宜、正確	engine-auto	
ถูกแฟนทิ้ง	thuk faen thing	tūkˇ fɛ̄n ting~	被情人甩了	engine-auto	
มีอะไรอยากถามมั้ยคะ	mi arai yak tham mai kha	mī aˇ rai yākˋ tāmˊ mai~ ka~	有什麼想問的嗎？	engine-auto	
สั่งตัดเสื้อ	sang tat suea	sangˇ datˇ sɯ̄aˋ	定做衣服（裁製衣服）	engine-auto	
เจอกันปีหน้า	choe kan pi na	jə̄ gan bī nāˋ	明年見	engine-auto	
ยอม	yorm	yɔ̄m	願意	engine-auto	
ไม่ยอม	mai yorm	maiˋ yɔ̄m	不肯 / 不願意	engine-auto	
ไม่ยอมตื่นนอน	mai yorm tuen norn	maiˋ yɔ̄m dɯ̄nˇ nɔ̄n	不肯起床	engine-auto	
ไม่ยอมทำความสะอาด	mai yorm tham khwam sa-at	maiˋ yɔ̄m tam kwām saˇ ātˇ	不肯打掃	engine-auto	
ไม่ยอมเซ็นชื่อ	mai yorm sen chue	maiˋ yɔ̄m sen chɯ̄ˋ	不肯簽名	engine-auto	
พอตื่นขึ้นมาก็เล่นมือถือ	por tuen khuen ma kor len mue thue	pɔ̄ dɯ̄nˇ kɯnˋ mā gɔ̄ˋ lēnˋ mɯ̄ tɯ̄ˊ	一起床就玩手機	book-exact	(book-exact已用引擎重新驗證)
พอนอนหลับก็ฝันเลย	por norn lup kor fun loey	pɔ̄ nɔ̄n lapˇ gɔ̄ˋ fanˊ lə̄i	一睡著就做夢	engine-auto	
พอพูดถึงเขาเขาก็มา	por phood thueng khao khao kor ma	pɔ̄ pūtˋ tɯngˊ kāuˊ kāuˊ gɔ̄ˋ mā	一說到他，他就來	engine-auto	
พอร้านเปิดคนก็เยอะเลย	por ran perd khon kor yoe loey	pɔ̄ rān~ bə̄tˇ kon gɔ̄ˋ yə~ lə̄i	一開店人就很多	engine-auto	
ดูข่าว	doo khao	dhū kāuˇ	看新聞	engine-auto	
วันนี้มีข่าวอะไร	wan nee mee khao arai	wan nī~ mī kāuˇ aˇ rai	今天有什麼新聞？	engine-auto	
วันนี้มีข่าวใหญ่	wan nee mee khao yai	wan nī~ mī kāuˇ yaiˇ	今天有大新聞	engine-auto	
ข่าวปลอม	khao plom	kāuˇ blɔ̄m	假新聞	engine-auto	
ก่อน	korn	gɔ̄nˇ	先	book-exact	(book-exact已用引擎重新驗證)
ต้องทำธุระเสร็จก่อน	tong tham thura set korn	dɔ̄ngˋ tam tu~ ra~ sretˇ gɔ̄nˇ	要先辦完事情	engine-auto	
ต้องเซ็นสัญญาก่อน	tong sen sanya korn	dɔ̄ngˋ sen sanˊ yā gɔ̄nˇ	要先簽合約	engine-auto	
ใส่หัวหอมก่อน	sai hua hom korn	saiˇ hūaˊ hɔ̄mˊ gɔ̄nˇ	先放洋蔥	engine-auto	
เห็น	hen	henˊ	看見 / 看到	book-exact	(book-exact已用引擎重新驗證)
ฉันเคยเห็นที่ตลาด	chan khuey hen thee talat	chanˊ kə̄i henˊ tīˋ daˇ lātˋ	我在市場見過。	engine-auto	
เห็นกับตา	hen gap dta	henˊ gapˇ dā	親眼看見	engine-auto	
เห็นด้วย	hen duay	henˊ dhūayˋ	同意	engine-auto	
มีใครไม่เห็นด้วยไหม	mee khrai mai hen duay mai	mī krai maiˋ henˊ dhūayˋ maiˊ	有誰不同意嗎？	engine-auto	
ผมเห็นด้วยครับ	phom hen duay khrap	pomˊ henˊ dhūayˋ krap~	我同意（男）。	engine-auto	
ฉันเห็นด้วยค่ะ	chan hen duay kha	chanˊ henˊ dhūayˋ kaˋ	我同意（女）。	engine-auto	
ทุกคนเห็นด้วย	thuk khon hen duay	tuk~ kon henˊ dhūayˋ	每個人都同意。	engine-auto	
เห็นใจ	hen jai	henˊ jai	同情	engine-auto	
ไม่มีใครเห็นใจฉัน	mai mee khrai hen jai chan	maiˋ mī krai henˊ jai chanˊ	沒有人同情我。	engine-auto	
เห็นแก่ตัว	hen gae dtua	henˊ gɛ̄ˇ dūa	自私	engine-auto	
อย่าเห็นแก่ตัว	ya hen gae dtua	yāˋ henˊ gɛ̄ˇ dūa	別自私。	engine-auto	
คุณเห็นแก่ตัวมาก	khun hen gae dtua mak	kun henˊ gɛ̄ˇ dūa mākˋ	你很自私喔。	engine-auto	
มอง	mong	mɔ̄ng	看、望	engine-auto	
มองไม่เห็นอะไร	mong mai hen arai	mɔ̄ng maiˋ henˊ aˇ rai	什麼都看不見。	book-exact	(book-exact已用引擎重新驗證)
มองข้างนอก	mong khang nok	mɔ̄ng kāngˋ nɔ̄kˋ	看外面。	engine-auto	
มีคนมองเธออยู่	mee khon mong thoe yu	mī kon mɔ̄ng tə̄ yūˋ	有人在看你。	engine-auto	
มีคนกำลังมองเธออยู่	mee khon gamlang mong thoe yu	mī kon gam lang mɔ̄ng tə̄ yūˋ	有人正在看你。	engine-auto	
เขาขับรถไม่มองทาง	khao khap rot mai mong thang	kāuˊ kapˇ rot~ maiˋ mɔ̄ng tāng	他開車不看路。	engine-auto	
ลืม	luem	lɯ̄m	忘記	book-exact	(book-exact已用引擎重新驗證)
ลืมเอามือถือมา	luem ao mue thue ma	lɯ̄m au mɯ̄ tɯ̄ˊ mā	忘了帶手機來	engine-auto	
ลืมเอากระเป๋าเงินมา	luem ao grapao ngen ma	lɯ̄m au graˇ bāuˊ ngə̄n mā	忘了帶錢包來	engine-auto	
ลืมเอากุญแจมา	luem ao gunjae ma	lɯ̄m au gun jɛ̄ mā	忘了帶鑰匙來	engine-auto	
ลืมใส่แมส	luem sai maet	lɯ̄m saiˇ mɛ̄tˋ	忘了戴口罩	engine-auto	
ลืมใส่แมส ทำยังไงดี	luem sai maet tham yang ngai dee	lɯ̄m saiˇ mɛ̄tˋ tam yang ngai dhī	忘了戴口罩，該怎麼辦好？	engine-auto	
ลืมเอากุญแจมา ทำยังไงดี	luem ao gunjae ma tham yang ngai dee	lɯ̄m au gun jɛ̄ mā tam yang ngai dhī	忘了帶鑰匙來，該怎麼辦好？	engine-auto	
ลืมเอามือถือมา ทำยังไงดี	luem ao mue thue ma tham yang ngai dee	lɯ̄m au mɯ̄ tɯ̄ˊ mā tam yang ngai dhī	忘了帶手機來，該怎麼辦好？	engine-auto	
สั่ง	sang	sangˇ	點（餐）、命令、叫（外送）	engine-auto	
น้อง ขอสั่งอาหารค่ะ	nong kho sang ahan kha	nɔ̄ng~ kɔ̄ˊ sangˇ ā hānˊ kaˋ	服務生，我要點餐（女）。	engine-auto	
จะสั่งอะไรดีครับ/ค่ะ	ja sang arai dee khrap kha	jaˇ sangˇ aˇ rai dhī krap~/kaˋ	要點什麼好呢（男/女）？	engine-auto	
สั่งนานแล้ว แต่อาหารยังไม่มา	sang nan laeo dtae ahan yang mai ma	sangˇ nān lɛ̄u~ dɛ̄ˇ ā hānˊ yang maiˋ mā	點了很久了，但餐點還沒來。	engine-auto	
ลืมทำหรือเปล่า	luem tham rue plao	lɯ̄m tam rɯ̄ˊ blāuˇ	是不是忘記做了？	engine-auto	
เราสั่ง Uber Eats มากินดีกว่า	rao sang Uber Eats ma gin dee gwa	rāu sangˇ Uber Eats mā gin dhī gwāˇ	我們叫 Uber Eats 來吃比較好。	engine-auto	
สั่งทำ	sang tham	sangˇ tam	訂做	engine-auto	
สั่งทำแหวนแต่งงาน	sang tham waen dtaeng ngan	sangˇ tam wɛ̄nˊ dɛ̄ngˇ ngān	訂做結婚戒指	engine-auto	
สั่งทำเค้กวันเกิด	sang tham khek wan goet	sangˇ tam kēk~ wan gə̄tˇ	訂做生日蛋糕	engine-auto	
สั่งทำเก้าอี้	sang tham gao ee	sangˇ tam gāuˋ īˋ	訂做椅子	engine-auto	
คำสั่ง	kham sang	kam sangˇ	命令	engine-auto	
นี่เป็นคำสั่ง	nee pen kham sang	nīˋ ben kam sangˇ	這是命令	engine-auto	
ลูกน้องต้องทำตามคำสั่ง	luk nong dtong tham dtam kham sang	lūkˋ nɔ̄ng~ dɔ̄ngˋ tam dām kam sangˇ	部屬必須遵守命令	engine-auto	
พา	pha	pā	帶、領	engine-auto	
พาเพื่อนไปเที่ยว	pha phuean pai thiao	pā pɯ̄anˋ bai tīauˋ	帶朋友去玩	engine-auto	
พาเพื่อนไปเที่ยวภาคใต้	pha phuean pai thiao phak tai	pā pɯ̄anˋ bai tīauˋ pākˋ daiˋ	帶朋友去南部玩	engine-auto	
ขับรถพาเพื่อนไปเที่ยวภาคใต้	khap rot pha phuean pai thiao phak tai	kapˇ rot~ pā pɯ̄anˋ bai tīauˋ pākˋ daiˋ	開車帶朋友去南部玩	engine-auto	
พาแม่ไปหาหมอ	pha mae pai ha mo	pā mɛ̄ˋ bai hāˊ mɔ̄ˊ	帶媽媽去看醫生	engine-auto	
พาหมาไปเดินเล่น	pha ma pai doen len	pā māˊ bai dhə̄n lēnˋ	帶狗去散步	engine-auto	
เติม	toem	də̄m	添加、加、加值	engine-auto	
เติมเงิน	toem ngen	də̄m ngə̄n	加值 / 加錢	engine-auto	
เติมข้าว	toem khao	də̄m kāuˋ	加飯	engine-auto	
เติมซุป	toem sup	də̄m sup~	加湯	engine-auto	
ช่วยเติมซุปให้หน่อยครับ/ค่ะ	chuay toem sup hai noi khrap kha	chūayˋ də̄m sup~ haiˋ nɔ̄iˇ krap~/kaˋ	請幫我加湯（男/女）	engine-auto	
จะเติมข้าวไหมคะ	ja toem khao mai kha	jaˇ də̄m kāuˋ maiˊ ka~	要加飯嗎？	engine-auto	
ไม่ต้องค่ะ พอแล้ว	mai tong kha pho laeo	maiˋ dɔ̄ngˋ kaˋ pɔ̄ lɛ̄u~	不用了，夠了。	engine-auto	
ต้องเติมอะไรไหม	tong toem arai mai	dɔ̄ngˋ də̄m aˇ rai maiˊ	需要加什麼嗎？	engine-auto	
อร่อยแล้ว ไม่ต้องเติมอะไรแล้ว	aroi laeo mai tong toem arai laeo	aˇ rɔ̄iˋ lɛ̄u~ maiˋ dɔ̄ngˋ də̄m aˇ rai lɛ̄u~	好吃了，不用再加什麼了。	engine-auto	
เต็ม	tem	dem	滿	engine-auto	
เติมเต็มถัง	toem tem thang	də̄m dem tangˊ	加滿	engine-auto	
95 เติมเต็ม	gao ha toem tem	95 də̄m dem	95加滿	engine-auto	
ที่จอดรถเต็ม	thee jot rot tem	tīˋ jɔ̄tˇ rot~ dem	停車位滿了	engine-auto	
ที่นั่งเต็ม	thee nang tem	tīˋ nangˋ dem	座位滿了	engine-auto	
ขอโทษนะคะ ที่นั่งเต็มแล้วค่ะ	kho thot na kha thee nang tem laeo kha	kɔ̄ˊ tōtˋ na~ ka~ tīˋ nangˋ dem lɛ̄u~ kaˋ	不好意思，座位已經滿了。	engine-auto	
ไม่มีที่นั่งแล้วค่ะ	mai mee thee nang laeo kha	maiˋ mī tīˋ nangˋ lɛ̄u~ kaˋ	沒有位置了。	engine-auto	
ไม่ได้ค่ะ ต้องใช้เงินสด	mai dai kha tong chai ngen sot	maiˋ dhaiˋ kaˋ dɔ̄ngˋ chai~ ngə̄n sotˇ	不行，必須用現金。	engine-auto	
ชิด	chit	chit~	靠、貼近	engine-auto	
ชิดซ้าย	chit sai	chit~ sāi~	靠左	engine-auto	
ถ้าเดินต้องชิดซ้าย	tha doen tong chit sai	tāˋ dhə̄n dɔ̄ngˋ chit~ sāi~	如果走動的話要靠左。	engine-auto	
ชิดขวา	chit khwa	chit~ kwāˊ	靠右	engine-auto	
ถ้าไม่เดินต้องชิดขวา	tha doen tong chit khwa	tāˋ maiˋ dhə̄n dɔ̄ngˋ chit~ kwāˊ	如果不走的話要靠右。	engine-auto	
ชิดในหน่อยครับ/ค่ะ	chit nai noi khrap kha	chit~ nai nɔ̄iˇ krap~/kaˋ	往裡面靠一點（公車/電梯等）	engine-auto	
ทิ้ง	thing	ting~	丟、拋棄	engine-auto	
เสียแล้ว ทิ้งป่ะ	sia laeo thing pa	sīaˊ lɛ̄u~ ting~ baˇ	壞了，丟掉吧？	engine-auto	
ยังใช้ได้ อย่าทิ้ง	yang chai dai ya thing	yang chai~ dhaiˋ yāˋ ting~	還能用，別丟。	engine-auto	
ถูกแฟนทิ้ง	thuk faen thing	tūkˇ fɛ̄n ting~	被情人甩（丟下）	engine-auto	
เธอถูกแฟนทิ้ง ก็เลยร้องไห้	thoe thuk faen thing go loei rong hai	tə̄ tūkˇ fɛ̄n ting~ gɔ̄ˋ lə̄i rɔ̄ng~ haiˋ	她被情人甩了，所以才哭。	engine-auto	
เก็บ	gep	gepˇ	收、存	engine-auto	
เก็บตังค์	gep tang	gepˇ dang	結帳	engine-auto	
พัก 5 นาที เดี๋ยวเจอกันนะคะ	phak ha natee diao joe gan na kha	pak~ 5 nā tī dhīauˊ jə̄ gan na~ ka~	休息5分鐘，等一下見。	engine-auto	
ตั้งแต่เมื่อไหร่	tangtae muearai	dangˋ dɛ̄ˇ mɯ̄aˋ raiˇ	從什麼時候	engine-auto	
มีมือถือตั้งแต่เมื่อไหร่	mee mue thue tangtae muearai	mī mɯ̄ tɯ̄ˊ dangˋ dɛ̄ˇ mɯ̄aˋ raiˇ	從什麼時候有手機？	engine-auto	
มาเรียนภาษาไทยตั้งแต่เมื่อไหร่	ma rian phasa thai tangtae muearai	mā rīan pā sāˊ tai dangˋ dɛ̄ˇ mɯ̄aˋ raiˇ	從什麼時候來學泰文？	engine-auto	
ตั้งแต่ผมยังเป็นเด็ก	tangtae phom yang pen dek	dangˋ dɛ̄ˇ pomˊ yang ben dhekˇ	從我還是小孩的時候（男）	book-exact	(book-exact已用引擎重新驗證)
ตั้งแต่ฉันยังเป็นเด็ก	tangtae chan yang pen dek	dangˋ dɛ̄ˇ chanˊ yang ben dhekˇ	從我還是小孩的時候（女）	engine-auto	
ตั้งแต่เดือนที่แล้ว	tangtae duean thee laeo	dangˋ dɛ̄ˇ dhɯ̄an tīˋ lɛ̄u~	從上個月開始	engine-auto	
ตั้งแต่ปีที่แล้ว	tangtae pee thee laeo	dangˋ dɛ̄ˇ bī tīˋ lɛ̄u~	從去年開始	engine-auto	
แต่งงานตั้งแต่เมื่อไหร่	taengngan tangtae muearai	dɛ̄ngˇ ngān dangˋ dɛ̄ˇ mɯ̄aˋ raiˇ	從什麼時候結婚的？	engine-auto	
ตรงเวลา	trong wela	drong wē lā	準時	engine-auto	
ไม่ตรงเวลา	mai trong wela	maiˋ drong wē lā	不準時	book-exact	(book-exact已用引擎重新驗證)
ตลอดไป	talot pai	daˇ lɔ̄tˋ bai	永遠 / 一直	derived	
ไม่มีชีวิตแล้ว	mai mee cheewit laeo	maiˋ mī chī wit~ lɛ̄u~	沒有生命了	engine-auto	
เสียชีวิตแล้ว	sia cheewit laeo	sīaˊ chī wit~ lɛ̄u~	去世了（正式）	engine-auto	
พอถึงแล้ว โทรหาฉันทันทีนะคะ	pho thueng laeo tho ha chan than thee na kha	pɔ̄ tɯngˊ lɛ̄u~ tōn hāˊ chanˊ tan tī na~ ka~	到達後請立刻打給我（女）	engine-auto	
ทันที	than thee	tan tī	立刻 / 馬上	engine-auto	
ทำทันที	tham than thee	tam tan tī	立刻做	engine-auto	
กินทันที	gin than thee	gin tan tī	立刻吃	engine-auto	
เดี๋ยว	diao	dhīauˊ	等一下 / 稍後	engine-auto	
เดี๋ยวนี้	diao nee	dhīauˊ nī~	現在 / 此刻	engine-auto	
เดี๋ยวนี้มี AI แล้ว	diao nee mee AI laeo	dhīauˊ nī~ mī AI lɛ̄u~	現在有 AI 了	engine-auto	
เดี๋ยวนี้อะไรอะไรก็แพง	diao nee arai arai go phaeng	dhīauˊ nī~ aˇ rai aˇ rai gɔ̄ˋ pɛ̄ng	現在什麼都貴	engine-auto	
เดี๋ยวก่อน	diao gon	dhīauˊ gɔ̄nˇ	等一下 / 等等	engine-auto	
เดี๋ยวไป	diao pai	dhīauˊ bai	等一下去	engine-auto	
เดี๋ยวเจอกันนะ	diao joe gan na	dhīauˊ jə̄ gan na~	等一下見囉	engine-auto	
เดี๋ยวเมา	diao mao	dhīauˊ māu	等一下會醉	engine-auto	
ตอน	ton	dɔ̄n	時候 / 當...	engine-auto	
ตอนเช้า	ton chao	dɔ̄n chāu~	早上	engine-auto	
ตอนกลางวัน	ton glang wan	dɔ̄n glāng wan	中午	engine-auto	
ตอนเย็น	ton yen	dɔ̄n yen	傍晚	engine-auto	
ตอนนั้น	ton nan	dɔ̄n nan~	那個時候	engine-auto	
ตอนนั้นเธออยู่ไหน	ton nan thoe yu nai	dɔ̄n nan~ tə̄ yūˋ naiˊ	那個時候你在哪？	engine-auto	
ตอนไหน	ton nai	dɔ̄n naiˊ	什麼時候 / 哪個時候	engine-auto	
จะมาไต้หวันตอนไหน	ja ma taiwan ton nai	jaˇ mā daiˋ wanˊ dɔ̄n naiˊ	什麼時候來台灣？	engine-auto	
จะมาไต้หวันเมื่อไหร่	ja ma taiwan muearai	jaˇ mā daiˋ wanˊ mɯ̄aˋ raiˇ	什麼時候來台灣？（當作什麼時候）	engine-auto	
เวลา	wela	wē lā	時間 / 當...	engine-auto	
เวลากินข้าว	wela gin khao	wē lā gin kāuˋ	吃飯的時候	engine-auto	
ตอนกินข้าว	ton gin khao	dɔ̄n gin kāuˋ	吃飯的時候	engine-auto	
เวลาไปเที่ยว	wela pai thiao	wē lā bai tīauˋ	去玩的時候	engine-auto	
เวลาทำงาน	wela tham ngan	wē lā tam ngān	工作的時候	engine-auto	
ช่วง	chuang	chūangˋ	時期 / 期間	book-exact	(book-exact已用引擎重新驗證)
ตรุษจีน	trut jeen	drutˇ jīn	春節	engine-auto	
ก่อนนอน	gon non	gɔ̄nˇ nɔ̄n	睡前	engine-auto	
ก่อนนอนทำอะไร	gon non tham arai	gɔ̄nˇ nɔ̄n tam aˇ rai	睡前做什麼？	engine-auto	
ดูหนังก่อนนอน	du nang gon non	dhū nangˊ gɔ̄nˇ nɔ̄n	睡前看電影	engine-auto	
ก่อนนอนผมดูหนัง	gon non phom du nang	gɔ̄nˇ nɔ̄n pomˊ dhū nangˊ	我睡前看電影	engine-auto	
ก่อนอาหาร	gon ahan	gɔ̄nˇ ā hānˊ	飯前	engine-auto	
กินยาก่อนอาหาร	gin ya gon ahan	gin yā gɔ̄nˇ ā hānˊ	飯前吃藥	engine-auto	
ก่อนกลับบ้าน	gon glap ban	gɔ̄nˇ glapˇ bhānˋ	回家前	engine-auto	
เมื่อไหร่	muearai	mɯ̄aˋ raiˇ	什麼時候	engine-auto	
กลับมาเมื่อไหร่	glap ma muearai	glapˇ mā mɯ̄aˋ raiˇ	什麼時候回來	engine-auto	
เมื่อไหร่จะมาไต้หวัน	muearai ja ma taiwan	mɯ̄aˋ raiˇ jaˇ mā daiˋ wanˊ	什麼時候要來台灣	engine-auto	
ตั้งแต่เมื่อไหร่	tangtae muearai	dangˋ dɛ̄ˇ mɯ̄aˋ raiˇ	從什麼時候	engine-auto	
เมื่อกี้	mueagee	mɯ̄aˋ gīˋ	剛才	engine-auto	
เมื่อกี้ฉันพูดอะไร	mueagee chan phut arai	mɯ̄aˋ gīˋ chanˊ pūtˋ aˇ rai	剛才我說什麼	engine-auto	
เมื่อกี้คุณพูดอะไร	mueagee khun phut arai	mɯ̄aˋ gīˋ kun pūtˋ aˇ rai	剛才你說什麼	engine-auto	
เมื่อก่อน	mueagon	mɯ̄aˋ gɔ̄nˇ	以前 / 以往	book-exact	(book-exact已用引擎重新驗證)
เมื่อก่อนตัวเล็ก	mueagon dtua lek	mɯ̄aˋ gɔ̄nˇ dūa lek~	以前很小隻	engine-auto	
เดี๋ยวนี้ตัวใหญ่	diaonee dtua yai	dhīauˊ nī~ dūa yaiˇ	現在很大隻	engine-auto	
หลังกินข้าว	lang gin khao	langˊ gin kāuˋ	飯後	engine-auto	
หลังกินข้าวคนไทยชอบกินขนม	lang gin khao khon thai chop gin khanom	langˊ gin kāuˋ kon tai chɔ̄pˋ gin kaˇ nom	飯後泰國人喜歡吃甜點	engine-auto	
หลังแต่งงาน	lang taengngan	langˊ dɛ̄ngˇ ngān	結婚後	engine-auto	
หลังแต่งงานก็มาอยู่ไต้หวัน	lang taengngan go ma yu taiwan	langˊ dɛ̄ngˇ ngān gɔ̄ˋ mā yūˋ daiˋ wanˊ	結婚後就來住台灣	engine-auto	
หลังแต่งงานก็มีลูก	lang taengngan go mee luk	langˊ dɛ̄ngˇ ngān gɔ̄ˋ mī lūkˋ	結婚後就有小孩	engine-auto	
หลังจาก	langjak	langˊ jākˇ	...之後 (較正式用法)	engine-auto	
หลังจากแต่งงาน	langjak taengngan	langˊ jākˇ dɛ̄ngˇ ngān	結婚之後 (較正式用法)	engine-auto	
2 ปีก่อน	song pee gon	2 bī gɔ̄nˇ	兩年前	engine-auto	
วันก่อน	wan gon	wan gɔ̄nˇ	前幾天 / 不久前	engine-auto	
วันก่อนฉันเห็นเขา	wan gon chan hen khao	wan gɔ̄nˇ chanˊ henˊ kāuˊ	前幾天我有看到他	engine-auto	
ไปก่อน	pai gon	bai gɔ̄nˇ	先走	engine-auto	
มีธุระไปก่อนนะ	mee thura pai gon na	mī tu~ ra~ bai gɔ̄nˇ na~	我有事，先走囉	engine-auto	
ดูก่อน	du gon	dhū gɔ̄nˇ	先看	engine-auto	
ขอคิดดูก่อน	kho khit du gon	kɔ̄ˊ kit~ dhū gɔ̄nˇ	先考慮看看	engine-auto	
ขอตัวก่อน	kho dtua gon	kɔ̄ˊ dūa gɔ̄nˇ	先告辭 / 失陪	engine-auto	
ขอตัวไปห้องน้ำ	kho dtua pai hong nam	kɔ̄ˊ dūa bai hɔ̄ngˋ nām~	先去上廁所	engine-auto	
ขอตัวไปรับโทรศัพท์	kho dtua pai rap thorasap	kɔ̄ˊ dūa bai rap~ tōn sapˇ	先去接電話	engine-auto	
เพิ่ง	phueng	pə̄ngˋ	剛...	engine-auto	
เพิ่งตื่นไม่นาน	phueng dtuean mai nan	pə̄ngˋ dɯ̄nˇ maiˋ nān	剛醒沒多久	engine-auto	
เขาเพิ่งมา	khao phueng ma	kāuˊ pə̄ngˋ mā	他剛來	engine-auto	
ฉันเพิ่งเรียนภาษาไทย	chan phueng rian phasa thai	chanˊ pə̄ngˋ rīan pā sāˊ tai	我剛學泰語	engine-auto	
เพิ่งแต่งงาน	phueng taengngan	pə̄ngˋ dɛ̄ngˇ ngān	剛結婚	engine-auto	
รีบ	reep	rīpˋ	趕快、急著	engine-auto	
รีบไปรีบมา	reep pai reep ma	rīpˋ bai rīpˋ mā	快去快回	book-exact	(book-exact已用引擎重新驗證)
รีบกิน	reep gin	rīpˋ gin	趕快吃	engine-auto	
รีบไปไหน	reep pai nai	rīpˋ bai naiˊ	你要趕去哪？	engine-auto	
รีบหางาน	reep ha ngan	rīpˋ hāˊ ngān	趕快找工作	engine-auto	
ทัน	than	tan	來得及	engine-auto	
เดี๋ยวไม่ทัน	diao mai than	dhīauˊ maiˋ tan	等下會來不及	engine-auto	
ต้องรีบไป เดี๋ยวไม่ทัน	tong reep pai diao mai than	dɔ̄ngˋ rīpˋ bai dhīauˊ maiˋ tan	必須趕快去，等下會來不及	engine-auto	
ไปไม่ทัน	pai mai than	bai maiˋ tan	去不趕、來不及去	engine-auto	
กินข้าวไม่ทัน	gin khao mai than	gin kāuˋ maiˋ tan	來不及吃飯	engine-auto	
ทันไหม	than mai	tan maiˊ	來得及嗎？	engine-auto	
ทัน	than	tan	來得及	engine-auto	
ไปทัน	pai than	bai tan	去得及、來得及去	engine-auto	
ฟังทันไหม	fang than mai	fang tan maiˊ	聽得跟得上嗎？	engine-auto	
เรียนทันไหม	rian than mai	rīan tan maiˊ	學得跟得上嗎？	engine-auto	
ไม่ทัน	mai than	maiˋ tan	跟不上、來不及	book-exact	(book-exact已用引擎重新驗證)
ทันไหมคะ	than mai kha	tan maiˊ ka~	跟得上嗎？（女用）	engine-auto	
หรือยัง	rue yang	rɯ̄ˊ yang	...了沒？（標準）	engine-auto	
รึยัง	rue yang	rɯ~ yang	...了沒？（口語）	engine-auto	
ลึยัง	lue yang	lɯ~ yang	...了沒？（更口語）	engine-auto	
มาเดี๋ยวนี้	ma diao nee	mā dhīauˊ nī~	現在立刻過來	book-exact	(book-exact已用引擎重新驗證)
โรตีสายไหม	rotee sai mai	rō dī sāiˊ maiˊ	糖絲捲餅	engine-auto	
อาทิตย์หน้าเจอกันนะคะ	athit na joe gan na kha	ā tit~ nāˋ jə̄ gan na~ ka~	下週見囉（女用）	engine-auto	
วันนี้ขอบคุณนะคะ	wan nee khop khun na kha	wan nī~ kɔ̄pˇ kun na~ ka~	今天謝謝喔（女用）	engine-auto	
เห็นหน้า	Hen na	henˊ nāˋ	看到臉	engine-auto	
ตรงเวลา	Trong we la	drong wē lā	準時	engine-auto	
ตั้งแต่	Dtang dtae	dangˋ dɛ̄ˇ	自從	engine-auto	
ตั้งแต่เมื่อวาน	Dtang dtae muea wan	dangˋ dɛ̄ˇ mɯ̄aˋ wān	自從昨天	engine-auto	
ตั้งแต่พรุ่งนี้	Dtang dtae phrung ni	dangˋ dɛ̄ˇ prungˋ nī~	自從明天	engine-auto	
ตั้งแต่คืนนี้	Dtang dtae khuen ni	dangˋ dɛ̄ˇ kɯ̄n nī~	自從今晚	engine-auto	
ตั้งแต่เมื่อคืนนี้	Dtang dtae muea khuen ni	dangˋ dɛ̄ˇ mɯ̄aˋ kɯ̄n nī~	自從昨晚	engine-auto	
ตั้งแต่เดือนที่แล้ว	Dtang dtae duean thi laeo	dangˋ dɛ̄ˇ dhɯ̄an tīˋ lɛ̄u~	自從上個月	engine-auto	
ตลอดไป	Dta lot pai	daˇ lɔ̄tˋ bai	永遠	derived	
โกหก	Ko hok	gō hokˇ	說謊	engine-auto	
ชีวิต	Chi wit	chī wit~	生活 / 生命	engine-auto	
ชีวิตสบาย	Chi wit sa bai	chī wit~ saˇ bhāi	生活很輕鬆	engine-auto	
ชีวิตดี	Chi wit di	chī wit~ dhī	生活很好	engine-auto	
ชีวิตดี๊ดี	Chi wit di di	chī wit~ dhī~ dhī	生活非常好	engine-auto	
ไม่มีชีวิต	Mai mi chi wit	maiˋ mī chī wit~	沒命了 / 沒生命	engine-auto	
เสียชีวิต	Sia chi wit	sīaˊ chī wit~	過世（委婉說法）	engine-auto	
เขาเสียชีวิตแล้ว	Khao sia chi wit laeo	kāuˊ sīaˊ chī wit~ lɛ̄u~	他過世了	engine-auto	
ชีวิตที่ไต้หวันเป็นอย่างไรบ้าง	Chi wit thi Taiwan pen yang rai bang	chī wit~ tīˋ daiˋ wanˊ ben yāngˋ rai bhāngˋ	在台灣生活如何呢？	engine-auto	
ชีวิตที่เมืองไทยเป็นยังไงบ้าง	Chi wit thi Mueang Thai pen yang ngai bang	chī wit~ tīˋ mɯ̄ang tai ben yang ngai bhāngˋ	在泰國生活如何呢？	engine-auto	
ขับรถออกไปทันที	Khap rot ok pai than thi	kapˇ rot~ ɔ̄kˇ bai tan tī	立刻開車出去	engine-auto	
ปิดประตูทันที	Pit pra dtu than thi	bitˇ braˇ dū tan tī	立刻關門	engine-auto	
รับโทรศัพท์ทันที	Rap tho ra sap than thi	rap~ tōn sapˇ tan tī	立刻接電話	engine-auto	
รอแป๊บ เดี๋ยวไป	Ro paep dieo pai	rɔ̄ bɛ̄p~ dhīauˊ bai	等一下，等一會兒去	engine-auto	
เดี๋ยวเจ็บคอ	Dieo jep kho	dhīauˊ jepˇ kɔ̄	等一會兒喉嚨會痛	engine-auto	
เดี๋ยวช่วยทำความสะอาดให้หน่อย	Dieo chuay tham khwam sa at hai noi	dhīauˊ chūayˋ tam kwām saˇ ātˇ haiˋ nɔ̄iˇ	等一會兒請幫我打掃一下	engine-auto	
เดี๋ยวก่อน เดี๋ยวก่อน ถ่ายรูปก่อน	Dieo kon dieo kon thai rup kon	dhīauˊ gɔ̄nˇ dhīauˊ gɔ̄nˇ tāiˇ rūpˋ gɔ̄nˇ	等等！等等！先拍照	engine-auto	
อย่าเพิ่งกิน	Ya phueng gin	yāˋ pə̄ngˋ gin	不要吃（先別吃）	engine-auto	
เดี๋ยวนี้อะไรก็แพง	Dieo ni a rai ko phaeng	dhīauˊ nī~ aˇ rai gɔ̄ˋ pɛ̄ng	現在（這陣子）什麼都貴	engine-auto	
เดี๋ยวนี้ขี้เกียจมาก	Dieo ni khi kiat mak	dhīauˊ nī~ kīˋ gīatˇ mākˋ	現在（這陣子）很懶惰	engine-auto	
เดี๋ยวนี้ภาษาไทยของคุณก้าวหน้าเยอะเลย	Dieo ni pha sa Thai khong khun kao na yoe loei	dhīauˊ nī~ pā sāˊ tai kɔ̄ngˊ kun gāuˋ nāˋ yə~ lə̄i	現在你的泰語進步很多	engine-auto	
เมื่อก่อนอะไรก็ถูก	Muea kon a rai ko thuk	mɯ̄aˋ gɔ̄nˇ aˇ rai gɔ̄ˋ tūkˇ	以前什麼都便宜	engine-auto	
เมื่อก่อนยอมทำทุกอย่าง	Muea kon yom tham thuk yang	mɯ̄aˋ gɔ̄nˇ yɔ̄m tam tuk~ yāngˋ	以前願意做每件事	engine-auto	
เมื่อก่อนพูดภาษาไทยไม่เป็น	Muea kon phut pha sa Thai mai pen	mɯ̄aˋ gɔ̄nˇ pūtˋ pā sāˊ tai maiˋ ben	以前不會說泰語	engine-auto	
ตอนทำงานเล่นมือถือไม่ได้	Dtorn tham ngan len mue thue mai dai	dɔ̄n tam ngān lēnˋ mɯ̄ tɯ̄ˊ maiˋ dhaiˋ	工作時不能玩手機	engine-auto	
ตอนเซ็นสัญญาต้องดูดีดี	Dtorn sen sanya dtong du di di	dɔ̄n sen sanˊ yā dɔ̄ngˋ dhū dhī dhī	簽合約時要好好看	engine-auto	
ตอนออกไปอย่าลืมปิดไฟ	Dtorn ok pai ya luem pit fai	dɔ̄n ɔ̄kˇ bai yāˋ lɯ̄m bitˇ fai	出去時別忘了關燈	engine-auto	
ตอนนี้คุณอยู่ไหน	Dtorn ni khun yu nai	dɔ̄n nī~ kun yūˋ naiˊ	現在你在哪裡？	engine-auto	
ตอนนี้เธออยู่ไหน	Dtorn ni thoe yu nai	dɔ̄n nī~ tə̄ yūˋ naiˊ	現在你在哪裡？（平輩/親近）	engine-auto	
ตอนนี้อยู่บนรถไฟฟ้า	Dtorn ni yu bon rot fai fa	dɔ̄n nī~ yūˋ bhon rot~ fai fā~	現在在捷運上	engine-auto	
ตอนนั้นผมหลับแล้ว	Dtorn nan phom lap laeo	dɔ̄n nan~ pomˊ lapˇ lɛ̄u~	那時我已經睡著了	engine-auto	
ตอนนั้นฉันอยู่บนรถตู้	Dtorn nan chan yu bon rot dtu	dɔ̄n nan~ chanˊ yūˋ bhon rot~ dūˋ	那時我在小巴（箱型車）上	engine-auto	
ตอนนั้นฉันกำลังพาม่าไปเดินเล่น	Dtorn nan chan gam lang pha ma pai doen len	dɔ̄n nan~ chanˊ gam lang pā māˋ bai dhə̄n lēnˋ	那時我正在遛狗	engine-auto	
คุณจะถึงไต้หวันตอนไหน	Khun ja thueng Taiwan dtorn nai	kun jaˇ tɯngˊ daiˋ wanˊ dɔ̄n naiˊ	你什麼時候會到台灣？	engine-auto	
ถึงไต้หวันตอนสองทุ่ม	Thueng Taiwan dtorn song thum	tɯngˊ daiˋ wanˊ dɔ̄n sɔ̄ngˊ tumˋ	晚上八點到台灣	engine-auto	
เขาออกไปตอนไหน	Khao ok pai dtorn nai	kāuˊ ɔ̄kˇ bai dɔ̄n naiˊ	他什麼時候出去的？	engine-auto	
ไปก่อน	Pai kon	bai gɔ̄nˇ	先走	engine-auto	
ก่อนไป	Kon pai	gɔ̄nˇ bai	走之前	engine-auto	
สามปีก่อน	Sam pi kon	sāmˊ bī gɔ̄nˇ	三年前	engine-auto	
ถึงก่อน	Thueng kon	tɯngˊ gɔ̄nˇ	先到	engine-auto	
ดูก่อน	Du kon	dhū gɔ̄nˇ	先看	engine-auto	
ล้างมือก่อน	Lang mue kon	lāng~ mɯ̄ gɔ̄nˇ	先洗手	engine-auto	
ถ่ายรูปก่อน	Thai rup kon	tāiˇ rūpˋ gɔ̄nˇ	先拍照	engine-auto	
ถามก่อน	Tham kon	tāmˊ gɔ̄nˇ	先問	engine-auto	
คุณบอกฉันก่อน	Khun bok chan kon	kun bhɔ̄kˇ chanˊ gɔ̄nˇ	你先告訴我	engine-auto	
ก่อนไปอย่าลืมกุญแจ	Kon pai ya luem gun jae	gɔ̄nˇ bai yāˋ lɯ̄m gun jɛ̄	走之前別忘了鑰匙	engine-auto	
ก่อนกินข้าวต้องกินยา	Kon gin khao dtong gin ya	gɔ̄nˇ gin kāuˋ dɔ̄ngˋ gin yā	吃飯前得吃藥	engine-auto	
สามวันก่อน	Sam wan kon	sāmˊ wan gɔ̄nˇ	三天前	engine-auto	
สองอาทิตย์ก่อน	Song a thit kon	sɔ̄ngˊ ā tit~ gɔ̄nˇ	兩週前	engine-auto	
สี่เดือนก่อน	Si duean kon	sīˇ dhɯ̄an gɔ̄nˇ	四個月前	engine-auto	
ห้าปีก่อน	Ha pi kon	hāˋ bī gɔ̄nˇ	五年前	engine-auto	
หลังแต่งงานก็ไม่ว่าง	Lang dtaeng ngan ko mai wang	langˊ dɛ̄ngˇ ngān gɔ̄ˋ maiˋ wāngˋ	結婚後就沒空	engine-auto	
ขอคิดดูก่อน	Kho khit du kon	kɔ̄ˊ kit~ dhū gɔ̄nˇ	先考慮看看	engine-auto	
ไปทำบุญกันไหม	Pai tham bun kan mai	bai tam bhun gan maiˊ	去不去拜拜？	engine-auto	
ขอผมคิดดูก่อน	Kho phom khit du kon	kɔ̄ˊ pomˊ kit~ dhū gɔ̄nˇ	讓我先考慮看看	engine-auto	
ไปกัมพูชากันไหม	Pai kam phu cha kan mai	bai gam pū chā gan maiˊ	去不去柬埔寨？	engine-auto	
คุณไม่คิดดูก่อนเหรอ	Khun mai khit du kon ro	kun maiˋ kit~ dhū gɔ̄nˇ hēˊ rɔ̄	你不先考慮看看嗎？	engine-auto	
ขอฉันคิดดูก่อน	Kho chan khit du kon	kɔ̄ˊ chanˊ kit~ dhū gɔ̄nˇ	讓我先考慮	engine-auto	
ขอตัวก่อนนะ	Kho tua kon na	kɔ̄ˊ dūa gɔ̄nˇ na~	先失陪一下	engine-auto	
ขอตัวไปรับโทรศัพท์ก่อนนะ	Kho tua pai rap tho ra sap kon na	kɔ̄ˊ dūa bai rap~ tōn sapˇ gɔ̄nˇ na~	先失陪去接電話	engine-auto	
ขอตัวไปห้องน้ำก่อนนะ	Kho tua pai hong nam kon na	kɔ̄ˊ dūa bai hɔ̄ngˋ nām~ gɔ̄nˇ na~	先失陪去洗手間	engine-auto	
หลังจากวันนี้จะไม่ตื่นสาย	Lang chak wan ni ja mai dtuen sai	langˊ jākˇ wan nī~ jaˇ maiˋ dɯ̄nˇ sāiˊ	從今天起我不會晚起床	engine-auto	
หลังจากวันนี้จะไม่ขี้เกียจ	Lang chak wan ni ja mai khi kiat	langˊ jākˇ wan nī~ jaˇ maiˋ kīˋ gīatˇ	從今天起不懶惰	engine-auto	
หลังจากพรุ่งนี้จะไม่กินอาหารเย็น	Lang chak phrung ni ja mai gin a han yen	langˊ jākˇ prungˋ nī~ jaˇ maiˋ gin ā hānˊ yen	從明天起不吃晚餐	engine-auto	
เพิ่งกินอิ่ม	Phueng gin im	pə̄ngˋ gin imˇ	剛吃飽	engine-auto	
กินข้าวหรือยัง	Gin khao rue yang	gin kāuˋ rɯ̄ˊ yang	吃飯了沒？	engine-auto	
เพิ่งนอนหลับ	Phueng non lap	pə̄ngˋ nɔ̄n lapˇ	剛睡著	engine-auto	
เพิ่งถึง	Phueng thueng	pə̄ngˋ tɯngˊ	剛到	engine-auto	
เพิ่งจองตั๋ว	Phueng jong dtua	pə̄ngˋ jɔ̄ng dūaˊ	剛訂票	engine-auto	
เพิ่งตื่นนอน	Phueng dtuen non	pə̄ngˋ dɯ̄nˇ nɔ̄n	剛起床	engine-auto	
ยังทันไหม	Yang than mai	yang tan maiˊ	還來得及嗎？	engine-auto	
ไม่ทันแล้ว	Mai than laeo	maiˋ tan lɛ̄u~	來不及了	engine-auto	
ฉันฟังไม่ทัน พูดอีกทีได้ไหมคะ	Chan fang mai than phut ik thi dai mai kha	chanˊ fang maiˋ tan pūtˋ īkˇ tī dhaiˋ maiˊ ka~	我來不及聽，可以再說一次嗎？	engine-auto	
คุณรีบไปไหน	Khun rip pai nai	kun rīpˋ bai naiˊ	你急著去哪裡？	engine-auto	
ถ้าไม่รีบไป เดี๋ยวไปไม่ทัน	Tha mai rip pai dieo pai mai than	tāˋ maiˋ rīpˋ bai dhīauˊ bai maiˋ tan	如果不趕快去，等下會來不及	engine-auto	
สัตว์	Sat	satˇ	動物（罵人畜生）	book-exact	(book-exact已用引擎重新驗證)
เลี้ยง	Liang	līang~	養 / 照顧	engine-auto	
เลี้ยงหมากี่ตัว	Liang ma gi tua	līang~ māˊ gīˇ dūa	養幾隻狗？	engine-auto	
แม่ไก่	Mae gai	mɛ̄ˋ gaiˇ	母雞	engine-auto	
ลูกไก่	Luk gai	lūkˋ gaiˇ	小雞	engine-auto	
แม่ไก่พาลูกไก่ไปหากิน	Mae gai pha luk gai pai ha gin	mɛ̄ˋ gaiˇ pā lūkˋ gaiˇ bai hāˊ gin	母雞帶小雞去覓食	engine-auto	
ไข่เป็ด	Khai pet	kaiˇ betˇ	鴨蛋	engine-auto	
หมูแดง	Mu daeng	mūˊ dhɛ̄ng	叉燒	engine-auto	
ข้าวหมูแดง	Khao mu daeng	kāuˋ mūˊ dhɛ̄ng	叉燒飯	engine-auto	
เหมือน	Muean	mɯ̄anˊ	像 / 一樣	engine-auto	
หมา	Ma	māˊ	狗	engine-auto	
ตัวผู้	Tua phu	dūa pūˋ	公的（動物）	engine-auto	
หมาตัวผู้	Ma tua phu	māˊ dūa pūˋ	公狗	engine-auto	
แมวตัวผู้	Maew tua phu	mɛ̄u dūa pūˋ	公貓	engine-auto	
ตัวเมีย	Tua mia	dūa mīa	母的（動物）	engine-auto	
แมวตัวเมีย	Maew tua mia	mɛ̄u dūa mīa	母貓	engine-auto	
หมาตัวเมีย	Ma tua mia	māˊ dūa mīa	母狗	engine-auto	
ตัวใหญ่	Tua yai	dūa yaiˇ	大隻	engine-auto	
แมวตัวใหญ่	Maew tua yai	mɛ̄u dūa yaiˇ	大隻的貓	engine-auto	
ตัวเล็ก	Tua lek	dūa lek~	小隻	engine-auto	
แมวตัวเล็ก	Maew tua lek	mɛ̄u dūa lek~	小隻的貓	engine-auto	
ชอบตัวใหญ่หรือตัวเล็ก	Chop tua yai rue tua lek	chɔ̄pˋ dūa yaiˇ rɯ̄ˊ dūa lek~	喜歡大隻的還是小隻的？	engine-auto	
หนู	Nu	nūˊ	老鼠 / 我（對長輩自稱） / 你（長輩稱呼小孩）	engine-auto	
หนูบ้าน	Nu ban	nūˊ bhānˋ	家鼠	engine-auto	
หนูนา	Nu na	nūˊ nā	田鼠	engine-auto	
หนูหนู มานี่หน่อย	Nu nu ma ni noi	nūˊ nūˊ mā nīˋ nɔ̄iˇ	小朋友們，來這裡一下	engine-auto	
หนูชื่อ	Nu chue	nūˊ chɯ̄ˋ	我名字叫...	engine-auto	
หนูเล็ก	Nu lek	nūˊ lek~	小小孩 / 小傢伙	engine-auto	
ปลาแซลมอน	Pla sael mon	blā sɛ̄n mɔ̄n	鮭魚	engine-auto	
หิมะ	Hima	hiˇ ma~	雪	engine-auto	
หิมะตก	Hima dtok	hiˇ ma~ dokˇ	下雪	engine-auto	
ที่ไต้หวันมีหิมะไหม	Thi Taiwan mi hima mai	tīˋ daiˋ wanˊ mī hiˇ ma~ maiˊ	台灣有雪嗎？	engine-auto	
ม้า	Ma	mā~	馬	engine-auto	
รถม้า	Rot ma	rot~ mā~	馬車	engine-auto	
ม้าลาย	Ma lai	mā~ lāi	斑馬	engine-auto	
ทางม้าลาย	Thang ma lai	tāng mā~ lāi	斑馬線	engine-auto	
ทาง	Thang	tāng	道路 / 線	engine-auto	
ช้าง	Chang	chāng~	大象	engine-auto	
อ้อยเข้าปากช้าง	Oi khao pak chang	ɔ̄iˋ kāuˋ bākˇ chāng~	羊入虎口（甘蔗入象口）	engine-auto	
เคยกินเบียร์ช้างไหม	Khoei gin bia chang mai	kə̄i gin bhīa chāng~ maiˊ	喝過大象啤酒嗎？	engine-auto	
ขี่ช้าง	Khi chang	kīˇ chāng~	騎象	engine-auto	
ขี่ม้า	Khi ma	kīˇ mā~	騎馬	engine-auto	
เคยขี่ช้างไหม	Khoei khi chang mai	kə̄i kīˇ chāng~ maiˊ	騎過大象嗎？	engine-auto	
สิงโต	Sing to	singˊ dō	獅子	engine-auto	
เบียร์สิงห์	Bia sing	bhīa singˊ	獅牌啤酒	engine-auto	
เคยกินเบียร์สิงห์ไหมคะ	Khoei gin bia sing mai kha	kə̄i gin bhīa singˊ maiˊ ka~	喝過獅牌啤酒嗎？	engine-auto	
เสือ	Suea	sɯ̄aˊ	老虎	engine-auto	
ลูกเสือ	Luk suea	lūkˋ sɯ̄aˊ	幼虎 / 童軍	engine-auto	
ลายเสือ	Lai suea	lāi sɯ̄aˊ	虎紋	engine-auto	
เสื้อลายเสือ	Suea lai suea	sɯ̄aˋ lāi sɯ̄aˊ	虎紋衣服	engine-auto	
กระเป๋าลายเสือ	Kra pao lai suea	graˇ bāuˊ lāi sɯ̄aˊ	虎紋包包	engine-auto	
วัว	Wua	wūa	牛	engine-auto	
เนื้อวัว	Nuea wua	nɯ̄a~ wūa	牛肉	engine-auto	
นมวัว	Nom wua	nom wūa	牛奶	engine-auto	
ควาย	Khway	kwāi	水牛（罵人笨蛋）	engine-auto	
โง่เหมือนควาย	Ngo muean khway	ngōˋ mɯ̄anˊ kwāi	笨得像水牛一樣	engine-auto	
คุณโง่มาก	Khun ngo mak	kun ngōˋ mākˋ	你很笨	engine-auto	
สะพานควาย	Sa phan khway	saˇ pān kwāi	水牛橋（BTS站名）	engine-auto	
หมี	Mi	mīˊ	熊	engine-auto	
หมีดำ	Mi dam	mīˊ dham	黑熊	engine-auto	
หมีแพนด้า	Mi phaen da	mīˊ pɛ̄n dhāˋ	熊貓	engine-auto	
ลิง	Ling	ling	猴子	engine-auto	
ปีลิง	Pi ling	bī ling	猴年	engine-auto	
ลิงชอบกินกล้วย	Ling chop gin kluay	ling chɔ̄pˋ gin glūayˋ	猴子喜歡吃香蕉	engine-auto	
คุณชอบกินกล้วยไหม	Khun chop gin kluay mai	kun chɔ̄pˋ gin glūayˋ maiˊ	你喜歡吃香蕉嗎？	engine-auto	
ไวเหมือนลิง	Wai muean ling	wai mɯ̄anˊ ling	敏捷如猴	engine-auto	
เต่า	Tao	dāuˇ	烏龜	engine-auto	
เต่าทะเล	Tao thalae	dāuˇ ta~ lē	海龜	engine-auto	
ชอบเต่าทะเลไหมคะ	Chop tao thalae mai kha	chɔ̄pˋ dāuˇ ta~ lē maiˊ ka~	你喜歡海龜嗎？	engine-auto	
กระต่าย	Kra tai	graˇ dāiˇ	兔子	engine-auto	
หูกระต่าย	Hu kra tai	hūˊ graˇ dāiˇ	蝴蝶結（兔耳朵）	engine-auto	
คอซอง	Khor song	kɔ̄ sɔ̄ng	西裝領結	engine-auto	
ผีเสื้อ	Phi suea	pīˊ sɯ̄aˋ	蝴蝶	engine-auto	
งู	Ngu	ngū	蛇	engine-auto	
งูกัด	Ngu gat	ngū gatˇ	蛇咬	engine-auto	
ยุงกัด	Yung gat	yung gatˇ	蚊子咬	engine-auto	
ใช้ฟันกัด	Chai fan gat	chai~ fan gatˇ	用牙齒咬	engine-auto	
กลัวงูกัด	Glua ngu gat	glūa ngū gatˇ	怕蛇咬	engine-auto	
ยุง	Yung	yung	蚊子	engine-auto	
ที่เมืองไทยมียุงเยอะ	Thi mueang Thai mi yung yoe	tīˋ mɯ̄ang tai mī yung yə~	泰國有很多蚊子	engine-auto	
กลัวยุงกัดไหมคะ	Glua yung gat mai kha	glūa yung gatˇ maiˊ ka~	怕蚊子咬嗎？	engine-auto	
ผึ้ง	Phueng	pɯngˋ	蜜蜂	engine-auto	
น้ำผึ้ง	Nam phueng	nām~ pɯngˋ	蜂蜜	engine-auto	
ชอบกินน้ำผึ้งไหม	Chop gin nam phueng mai	chɔ̄pˋ gin nām~ pɯngˋ maiˊ	喜歡吃蜂蜜嗎？	engine-auto	
รังผึ้ง	Rang phueng	rang pɯngˋ	蜂巢	engine-auto	
ตุ๊กแก	Tuk kae	duk~ gɛ̄	大壁虎 (蛤蚧)	engine-auto	
ตุ๊กแกน่ารักไหมคะ	Tuk kae na rak mai kha	duk~ gɛ̄ nāˋ rak~ maiˊ ka~	大壁虎可愛嗎？	engine-auto	
เหี้ย	Hia	hīaˋ	澤巨蜥 (罵人的話)	engine-auto	
ตัวเงินตัวทอง	Tua ngen tua thong	dūa ngə̄n dūa tɔ̄ng	澤巨蜥 (吉祥稱呼：金銀物)	engine-auto	
สัตว์	sat	satˇ	動物（或罵人的話）	book-exact	(book-exact已用引擎重新驗證)
สัตว์อะไรกินได้	sat arai kin dai	satˇ aˇ rai gin dhaiˋ	什麼動物可以吃？	engine-auto	
หมูกินได้	moo kin dai	mūˊ gin dhaiˋ	豬可以吃	engine-auto	
ไก่กินได้	kai kin dai	gaiˇ gin dhaiˋ	雞可以吃	engine-auto	
วัว	wua	wūa	牛（活體）	engine-auto	
วัวกินได้	wua kin dai	wūa gin dhaiˋ	牛可以吃	engine-auto	
เลี้ยงหมาตัวผู้หรือตัวเมีย	liang ma tua phu rue tua mia	līang~ māˊ dūa pūˋ rɯ̄ˊ dūa mīa	養公狗還是母狗？	engine-auto	
อยากกินข้าวหมูแดง	yak kin khao moo daeng	yākˋ gin kāuˋ mūˊ dhɛ̄ng	想吃叉燒飯（紅豬肉飯）	engine-auto	
เรื่องนี้หมูๆ ใครๆ ก็ทำได้	rueang nee moo moo khrai khrai kor tham dai	rɯ̄angˋ nī~ mūˊ mūˊ krai krai gɔ̄ˋ tam dhaiˋ	這件事輕而易舉，誰都能做	engine-auto	
หนู	noo	nūˊ	老鼠（或小孩、女性對長輩的自稱）	engine-auto	
หนูๆ มานี่หน่อย	noo noo ma nee noi	nūˊ nūˊ mā nīˋ nɔ̄iˇ	小朋友們，過來這裡一下	engine-auto	
แม่คะ หนูอยากกินไอติม	mae kha noo yak kin itim	mɛ̄ˋ ka~ nūˊ yākˋ gin ai dim	媽媽，我想吃冰淇淋	engine-auto	
มีอะไรให้หนูช่วยไหมคะ	mee arai hai noo chuay mai kha	mī aˇ rai haiˋ nūˊ chūayˋ maiˊ ka~	有什麼需要我幫忙的嗎？	engine-auto	
หนู ขอบคุณมาก	noo khob khun mak	nūˊ kɔ̄pˇ kun mākˋ	謝謝妳喔（對小孩或晚輩說）	engine-auto	
ตัวเงินตัวทอง	tua ngoen tua thong	dūa ngə̄n dūa tɔ̄ng	水蜥蜴（較委婉的稱呼）	engine-auto	
เหี้ย	hia	hīaˋ	水蜥蜴（原名，現多用於罵人）	engine-auto	
ขี่ช้างไปเรียน	khee chang pai rian	kīˇ chāng~ bai rīan	騎大象去上學	engine-auto	
ขี่ม้าข้างทะเล	khee ma khang thalae	kīˇ mā~ kāngˋ ta~ lē	在海邊騎馬	engine-auto	
ขี่มอเตอร์ไซค์ขึ้นเขา	khee motorcycle khuen khao	kīˇ mɔ̄ də̄ sai kɯnˋ kāuˊ	騎摩托車上山	engine-auto	
โง่เหมือนควาย	ngo muean khwai	ngōˋ mɯ̄anˊ kwāi	像水牛一樣笨	engine-auto	
ทำไมโง่อย่างนี้	thammai ngo yang nee	tam mai ngōˋ yāngˋ nī~	為什麼這麼笨？	engine-auto	
หน้าเหมือนพ่อ	na muean phor	nāˋ mɯ̄anˊ pɔ̄ˋ	臉長得像爸爸	engine-auto	
เก่งเหมือนแม่	keng muean mae	gēngˇ mɯ̄anˊ mɛ̄ˋ	像媽媽一樣厲害	engine-auto	
เสียงเหมือนแมว	siang muean maeo	sīangˊ mɯ̄anˊ mɛ̄u	聲音像貓	engine-auto	
สวยเหมือนดารา	suay muean dara	sūayˊ mɯ̄anˊ dhā rā	像明星一樣漂亮	engine-auto	
ไวเหมือนลิง	wai muean ling	wai mɯ̄anˊ ling	動作快得像猴子一樣	engine-auto	
เด็กๆ โตไวมาก	dek dek toh wai mak	dhekˇ dhekˇ dō wai mākˋ	小孩子長大得很快	engine-auto	
หัวไว	hua wai	hūaˊ wai	腦袋靈光	engine-auto	
เขาเป็นคนหัวไว	khao pen khon hua wai	kāuˊ ben kon hūaˊ wai	他是一個腦袋靈光的人	engine-auto	
กลัวงูกัด	klua ngu kat	glūa ngū gatˇ	怕蛇咬	engine-auto	
คุณกลัวสัตว์อะไรที่สุด	khun klua sat arai thee sut	kun glūa satˇ aˇ rai tīˋ sutˇ	你最怕什麼動物？	engine-auto	
ฉันกลัวงูที่สุด	chan klua ngu thee sut	chanˊ glūa ngū tīˋ sutˇ	我最怕蛇	engine-auto	
ฉันกลัวตุ๊กแกที่สุด	chan klua tukkae thee sut	chanˊ glūa duk~ gɛ̄ tīˋ sutˇ	我最怕大壁虎	engine-auto	
ปลาหิมะแพงมาก	pla hima phaeng mak	blā hiˇ ma~ pɛ̄ng mākˋ	鱈魚非常貴	engine-auto	
บางปีที่ไต้หวันมีหิมะตก	bang pee thee Taiwan mee hima tok	bhāng bī tīˋ daiˋ wanˊ mī hiˇ ma~ dokˇ	台灣有些年份會下雪	engine-auto	
เห็นแล้วหนาว	hen laeo nao	henˊ lɛ̄u~ nāuˊ	看了就覺得冷	engine-auto	
ว่ายน้ำท่าผีเสื้อ	wai nam tha pheesuea	wāiˋ nām~ tāˋ pīˊ sɯ̄aˋ	蝶式游泳	engine-auto	
ท่าไหนยากที่สุด	tha nai yak thee sut	tāˋ naiˊ yākˋ tīˋ sutˇ	哪一種姿勢最難？	engine-auto	
รังผึ้ง	rang phueng	rang pɯngˋ	蜂巢（或蜂窩）	engine-auto	
ทางม้าลาย	thang ma lai	tāng mā~ lāi	斑馬線	engine-auto	
คุณเกิดปีอะไร	khun koet pee arai	kun gə̄tˇ bī aˇ rai	你哪一年出生？	engine-auto	
ฉันเกิดปีหนู	chan koet pee noo	chanˊ gə̄tˇ bī nūˊ	我屬鼠	engine-auto	
ฉันเกิดปีกระต่าย	chan koet pee kratai	chanˊ gə̄tˇ bī graˇ dāiˇ	我屬兔	engine-auto	
ตรุษจีน	trut jeen	drutˇ jīn	春節	engine-auto	
ปีม้า	pee ma	bī mā~	馬年	engine-auto	
ฉัน	chan	chanˊ	我（通用）	engine-auto	
กู	koo	gū	我（親密朋友間）	engine-auto	
หมา	ma	māˊ	狗	engine-auto	
ม้า	ma	mā~	馬	engine-auto	
เมฆดำ	mek dam	mēkˋ dham	烏雲	engine-auto	
ต่าง	tang	dāngˇ	不同 / 差異	engine-auto	
ต่างกัน	tang kan	dāngˇ gan	不同（互相）	engine-auto	
อายุต่างกัน	ayu tang kan	ā yu~ dāngˇ gan	年紀有差異	engine-auto	
อายุต่างกัน 50 ปี	ayu tang kan 50 pee	ā yu~ dāngˇ gan 50 bī	年紀差 50 歲	engine-auto	
สีต่างกัน	see tang kan	sīˊ dāngˇ gan	顏色不同	engine-auto	
ชอบต่างกัน	chop tang kan	chɔ̄pˋ dāngˇ gan	喜歡的不同	engine-auto	
เลือก	lueak	lɯ̄akˋ	選擇	engine-auto	
คุณจะเลือกใคร	khun ja lueak khrai	kun jaˇ lɯ̄akˋ krai	你會選誰？	engine-auto	
เลือกได้ไหมคะ	lueak dai mai kha	lɯ̄akˋ dhaiˋ maiˊ ka~	可以挑嗎？	engine-auto	
ถึง	thueng	tɯngˊ	儘管 / 即使	engine-auto	
ขอร้อง	kho rong	kɔ̄ˊ rɔ̄ng~	請求 / 拜託	engine-auto	
ขอร้อง อย่ามาสายอีก	kho rong ya ma sai eek	kɔ̄ˊ rɔ̄ng~ yāˋ mā sāiˊ īkˇ	拜託，別再遲到了	engine-auto	
สำคัญ	sam khan	samˊ kan	重要	engine-auto	
因為他比較重要	phror khao sam khan kwa	因為他比較重要	因為他比較重要	engine-auto	
เรื่องสำคัญ	rueang sam khan	rɯ̄angˋ samˊ kan	重要的事情	engine-auto	
คนสำคัญ	khon sam khan	kon samˊ kan	重要的人	engine-auto	
วันสำคัญ	wan sam khan	wan samˊ kan	重要的日子	engine-auto	
อะไร	arai	aˇ rai	什麼	engine-auto	
สักอย่าง	sak yang	sakˇ yāngˋ	某個 / 某些（強調用）	engine-auto	
ที่	thee	tīˋ	那 / 讓（引導理由的連接詞）	engine-auto	
อาจ	at	ātˇ	也許 / 或許	engine-auto	
แค่	khae	kɛ̄ˋ	只	engine-auto	
เหงา	ngao	ngāuˊ	寂寞 / 孤單	engine-auto	
เหงาใจ	ngao jai	ngāuˊ jai	心裡感到寂寞	engine-auto	
เดือนหน้าเขาอาจไปญี่ปุ่น	duean na khao at pai yipun	dhɯ̄an nāˋ kāuˊ ātˇ bai yīˋ bunˇ	下個月他可能會去日本	engine-auto	
เธอแค่มีความสุข แต่ว่าเธอไม่ได้รักกัน	ter khae mee khwam suk tae wa ter mai dai rak kan	tə̄ kɛ̄ˋ mī kwām sukˇ dɛ̄ˇ wāˋ tə̄ maiˋ dhaiˋ rak~ gan	妳只是感到快樂，但妳並沒有愛（我/彼此）	engine-auto	
愛	rak	愛	愛	engine-auto	
ไปแค่สามวันก็กลับมาแล้ว	pai khae sam wan kor klap ma laeo	bai kɛ̄ˋ sāmˊ wan gɔ̄ˋ glapˇ mā lɛ̄u~	只去三天就回來了	engine-auto	
แต่ฉันรัก รักเธอไปแล้วทั้งใจ	tae chan rak rak ter pai laeo thang jai	dɛ̄ˇ chanˊ rak~ rak~ tə̄ bai lɛ̄u~ tang~ jai	但我已經全心全意愛上妳了	engine-auto	
ทั้งใจ	thang jai	tang~ jai	全心全意 / 整個心	engine-auto	
รู้ฉันรู้ว่าเธอต้องไป แต่อยากจะขอร้องเธออีกครั้ง	roo chan roo wa ter tong pai tae yak ja kho rong ter eek khrang	rū~ chanˊ rū~ wāˋ tə̄ dɔ̄ngˋ bai dɛ̄ˇ yākˋ jaˇ kɔ̄ˊ rɔ̄ng~ tə̄ īkˇ krang~	我知道，我知道妳一定要走，但我想再求妳一次	engine-auto	
อยากจะ	yak ja	yākˋ jaˇ	想要	engine-auto	
อีกครั้ง	eek khrang	īkˇ krang~	再一次	engine-auto	
พูดอีกครั้งได้ไหม	poot eek khrang dai mai	pūtˋ īkˇ krang~ dhaiˋ maiˊ	可以再說一遍嗎？	engine-auto	
ขอ	kho	kɔ̄ˊ	請求	engine-auto	
ร้อง	rong	rɔ̄ng~	喊、大聲叫	book-exact	(book-exact已用引擎重新驗證)
ขอร้อง	kho rong	kɔ̄ˊ rɔ̄ng~	拜託、哀求	engine-auto	
โปรดรักฉัน รักฉันเถอะนะ จะไม่ทำให้เธอเสียใจ	prot rak chan rak chan thue na ja mai tham hai ter sia jai	brōtˇ rak~ chanˊ rak~ chanˊ təˇ na~ jaˇ maiˋ tam haiˋ tə̄ sīaˊ jai	拜託（請愛我，愛我吧），不會讓妳傷心	engine-auto	
โปรด	prot	brōtˇ	請（正式/書面用語）	engine-auto	
โปรดอย่าเสียงดัง	prot ya siang dang	brōtˇ yāˋ sīangˊ dhang	請別大聲	engine-auto	
โปรดถอดรองเท้า	prot thot rong thao	brōtˇ tɔ̄tˇ rɔ̄ng tāu~	請脫鞋	engine-auto	
โปรดรักฉัน รักฉันเถอะนะ	prot rak chan rak chan thue na	brōtˇ rak~ chanˊ rak~ chanˊ təˇ na~	請愛我，愛我吧	engine-auto	
เถอะนะ	thue na	təˇ na~	語助詞（吧/囉）	engine-auto	
จะไม่ทำให้เธอเสียใจ	ja mai tham hai ter sia jai	jaˇ maiˋ tam haiˋ tə̄ sīaˊ jai	不會讓妳傷心	engine-auto	
ฉันสู้เขาไม่ไหว เทียบกับใครที่เธอมี	chan su khao mai wai thiap kab khrai thee ter mee	chanˊ sūˋ kāuˊ maiˋ waiˊ tīapˋ gapˇ krai tīˋ tə̄ mī	我比不上他，比起你擁有的任何人	engine-auto	
สู้	su	sūˋ	比、拼	engine-auto	
สู้ๆ	su su	sūˋ sūˋ	加油！	book-exact	(book-exact已用引擎重新驗證)
A สู้ B ไม่ได้	A su B mai dai	A sūˋ B maiˋ dhaiˋ	A 比不上 B	engine-auto	
ฉันสู้เขาไม่ได้	chan su khao mai dai	chanˊ sūˋ kāuˊ maiˋ dhaiˋ	我比不上他	engine-auto	
สู้ไม่ไหว	su mai wai	sūˋ maiˋ waiˊ	比不上（體力或能力無法負荷）	engine-auto	
ไหว	wai	waiˊ	行、有辦法、撐得住	engine-auto	
กินไหวไหม	kin wai mai	gin waiˊ maiˊ	吃得下嗎？（分量多到吃得完嗎）	engine-auto	
กินไม่ไหว	kin mai wai	gin maiˋ waiˊ	吃不下了	engine-auto	
เจ็บขามาก เดินไม่ไหว	jep kha mak doen mai wai	jepˇ kāˊ mākˋ dhə̄n maiˋ waiˊ	腿很痛，走不動了	engine-auto	
เทียบ	thiap	tīapˋ	比較、比一比	engine-auto	
เทียบกับใครที่เธอมี	thiap kab khrai thee ter mee	tīapˋ gapˇ krai tīˋ tə̄ mī	比起妳擁有的那個人	engine-auto	
แต่เลือกฉันได้ไหม ฉันจะดูแลเธอให้ดี	tae lueak chan dai mai chan ja doolae ter hai dee	dɛ̄ˇ lɯ̄akˋ chanˊ dhaiˋ maiˊ chanˊ jaˇ dhū lɛ̄ tə̄ haiˋ dhī	但選我可以嗎？我會好好照顧妳	engine-auto	
ดูแล	doolae	dhū lɛ̄	照顧	engine-auto	
ดูแลให้ดี	doolae hai dee	dhū lɛ̄ haiˋ dhī	好好照顧 / 照顧得很好	engine-auto	
ดูแลพ่อแม่	doolae phor mae	dhū lɛ̄ pɔ̄ˋ mɛ̄ˋ	照顧父母	engine-auto	
รู้ว่าระหว่างเรานั้นมีบางอย่าง	roo wa rawang rao nan mee bang yang	rū~ wāˋ ra~ wāngˇ rāu nan~ mī bhāng yāngˋ	知道我們之間有些什麼	engine-auto	
ระหว่าง	rawang	ra~ wāngˇ	之間（或期間）	engine-auto	
B อยู่ระหว่าง A กับ C	B yoo rawang A kab C	B yūˋ ra~ wāngˇ A gapˇ C	B 在 A 與 C 之間	engine-auto	
อยู่ระหว่างพักเที่ยง	yoo rawang phak thiang	yūˋ ra~ wāngˇ pak~ tīangˋ	在午休期間	engine-auto	
ฉันรู้ว่าใจหนึ่งเธอก็ยังมีฉัน	chan roo wa jai nueng ter kor yang mee chan	chanˊ rū~ wāˋ jai nɯngˇ tə̄ gɔ̄ˋ yang mī chanˊ	我知道妳的心裡（某處）還有我	engine-auto	
รู้ทุกครั้งที่เรามองตา	roo thuk khrang thee rao mong ta	rū~ tuk~ krang~ tīˋ rāu mɔ̄ng dā	知道每一次我們眼神交會時	engine-auto	
ทุกครั้ง	thuk khrang	tuk~ krang~	每次	engine-auto	
มองตา	mong ta	mɔ̄ng dā	對視（注視眼睛）	engine-auto	
ยังทำให้ใจของเธอสั่น	yang tham hai jai khong ter san	yang tam haiˋ jai kɔ̄ngˊ tə̄ sanˇ	還讓妳的心激動（心跳、震動）	engine-auto	
สั่น	san	sanˇ	激動（抖、震動）	engine-auto	
ทุกอย่าง	thuk yang	tuk~ yāngˋ	每件事	engine-auto	
ที่ผ่านมา	thee phan ma	tīˋ pānˇ mā	過去的	engine-auto	
มัน	man	man	它（指代事物）	engine-auto	
คือ	khue	kɯ̄	是	engine-auto	
ผ่าน	phan	pānˇ	經過	engine-auto	
เดินผ่านเซเว่นทุกวัน	doen phan seven thuk wan	dhə̄n pānˇ sē wēnˋ tuk~ wan	每天走經過 7-Eleven	engine-auto	
ผ่านมา 20 กว่าปีแล้วแต่ยังไม่ลืม	phan ma yee sip kwa pee laeo tae yang mai luem	pānˇ mā 20 gwāˇ bī lɛ̄u~ dɛ̄ˇ yang maiˋ lɯ̄m	過了 20 多年了但還沒忘記	engine-auto	
พระเอก	phra ek	pra~ ēkˇ	男主角	book-exact	(book-exact已用引擎重新驗證)
ตัวเอก	tua ek	dūa ēkˇ	主角	book-exact	(book-exact已用引擎重新驗證)
นางเอก	nang ek	nāng ēkˇ	女主角	engine-auto	
ตัวรอง	tua rong	dūa rɔ̄ng	第二主角（副角）	engine-auto	
พระรอง	phra rong	pra~ rɔ̄ng	男二	engine-auto	
นางรอง	nang rong	nāng rɔ̄ng	女二	engine-auto	
ตัวร้าย	tua rai	dūa rāi~	反派 / 壞人	engine-auto	
ตัวประกอบ	tua prakop	dūa braˇ gɔ̄pˇ	配角	engine-auto	
แฟนคลับ	fan khlap	fɛ̄n klap~	粉絲團	engine-auto	
แฟนมิต	fan meet	fɛ̄n mit~	粉絲見面會	engine-auto	
เล่นหนัง	len nang	lēnˋ nangˊ	演電影	book-exact	(book-exact已用引擎重新驗證)
ปิดกล้อง	pit klong	bitˇ glɔ̄ngˋ	殺青（關機）	book-exact	(book-exact已用引擎重新驗證)
กล้อง	klong	glɔ̄ngˋ	攝影機	engine-auto	
เอฟซี	ef see	ēpˇ sī	粉絲（FC）	engine-auto	
ผู้กำกับ	phu kam kap	pūˋ gam gapˇ	導演	engine-auto	
ผู้จัดการ	phu jat kan	pūˋ jatˇ gān	經紀人（或經理）	engine-auto	
ช่อง	chong	chɔ̄ngˋ	頻道	engine-auto	
ช่องไหนสนุก	chong nai sanook	chɔ̄ngˋ naiˊ saˇ nuk~	哪一台（頻道）好看 / 有趣	engine-auto	
ช่องอะไรสนุก	chong arai sanook	chɔ̄ngˋ aˇ rai saˇ nuk~	哪一台（頻道）好看 / 有趣	engine-auto	
ดูช่องอะไร	doo chong arai	dhū chɔ̄ngˋ aˇ rai	看哪一台	engine-auto	
ติดตาม	tit tam	ditˇ dām	追蹤	engine-auto	
ฉัน	chan	chanˊ	我（通用）	engine-auto	
ผม	phom	pomˊ	我（男性正式用）	engine-auto	
สองทุ่มครึ่ง	song thum khrueng	sɔ̄ngˊ tumˋ krɯngˋ	晚上八點半	engine-auto	
พรุ่งนี้จะไปไหน	phrung ni cha pai nai	prungˋ nī~ jaˇ bai naiˊ	明天要去哪裡？	engine-auto	
พรุ่งนี้จะพาแม่ไปหาหมอ	phrung ni cha pha mae pai ha mo	prungˋ nī~ jaˇ pā mɛ̄ˋ bai hāˊ mɔ̄ˊ	明天要帶媽媽去看醫生	engine-auto	
อย่าขี้เกียจ	ya khi kiet	yāˋ kīˋ gīatˇ	別懶惰	engine-auto	
ขี้เกียจปอกเปลือก	khi kiet pok plueak	kīˋ gīatˇ bɔ̄kˇ blɯ̄akˇ	懶得剝皮	engine-auto	
อย่ามาสาย	ya ma sai	yāˋ mā sāiˊ	別遲到	engine-auto	
อย่าโกหก	ya kohok	yāˋ gō hokˇ	別說謊	engine-auto	
หรือยัง	rue yang	rɯ̄ˊ yang	...了沒？	engine-auto	
เรื่องนี้เธอบอกเขาหรือยัง	rueang ni thoe bok khao rue yang	rɯ̄angˋ nī~ tə̄ bhɔ̄kˇ kāuˊ rɯ̄ˊ yang	這件事你告訴他了沒？	engine-auto	
เสร็จหรือยัง	set rue yang	sretˇ rɯ̄ˊ yang	完成了沒？	engine-auto	
เธอถ่ายรูปเสร็จหรือยัง	thoe thai rup set rue yang	tə̄ tāiˇ rūpˋ sretˇ rɯ̄ˊ yang	你拍照拍完了沒？	engine-auto	
ยังไม่	yang mai	yang maiˋ	還沒	book-exact	(book-exact已用引擎重新驗證)
คุณไปทำธุระหรือยัง	khun pai tham thura rue yang	kun bai tam tu~ ra~ rɯ̄ˊ yang	你去辦事了沒？	engine-auto	
ยัง ฉันยังไม่ไปทำ	yang chan yang mai pai tham	yang chanˊ yang maiˋ bai tam	還沒，我還沒去辦	engine-auto	
อย่างไร	yang rai	yāngˋ rai	如何 / 怎麼（正式）	engine-auto	
ยังไง	yang ngai	yang ngai	如何 / 怎麼（口語）	engine-auto	
สั่งอาหารอย่างไร	sang a han yang rai	sangˇ ā hānˊ yāngˋ rai	怎麼點餐？	engine-auto	
สั่งอาหารยังไง	sang a han yang ngai	sangˇ ā hānˊ yang ngai	怎麼點餐？（口語）	engine-auto	
ทำอย่างไรดี	tham yang rai di	tam yāngˋ rai dhī	該怎麼辦好呢？	engine-auto	
ทำยังไงดี	tham yang ngai di	tam yang ngai dhī	該怎麼辦好呢？（口語）	engine-auto	
ไปอย่างไรดี	pai yang rai di	bai yāngˋ rai dhī	該怎麼去好呢？	engine-auto	
ไปยังไงดี	pai yang ngai di	bai yang ngai dhī	該怎麼去好呢？（口語）	engine-auto	
พูดอย่างไรดี	phut yang rai di	pūtˋ yāngˋ rai dhī	這件事我該怎麼說呢？	engine-auto	
พูดยังไงดี	phut yang ngai di	pūtˋ yang ngai dhī	這件事我該怎麼說呢？（口語）	engine-auto	
กำลัง	kamlang	gam lang	正在	engine-auto	
กำลังพาหมาไปเดินเล่นอยู่	kamlang pha ma pai doen len yu	gam lang pā māˊ bai dhə̄n lēnˋ yūˋ	正在帶狗去散步	engine-auto	
กำลังจะ	kamlang cha	gam lang jaˇ	正要	engine-auto	
กำลังจะเซ็นสัญญา	kamlang cha sen sanya	gam lang jaˇ sen sanˊ yā	正要簽合約	engine-auto	
กำลังจะไปเดินห้าง	kamlang cha pai doen hang	gam lang jaˇ bai dhə̄n hāngˋ	正要去逛百貨公司	engine-auto	
กำลังจะจองโรงแรม	kamlang cha chong rong raem	gam lang jaˇ jɔ̄ng rōng rɛ̄m	正要訂飯店	engine-auto	
ทำธุระ	tham thura	tam tu~ ra~	辦事	engine-auto	
วันนี้ต้องไปทำธุระ	wan ni tong pai tham thura	wan nī~ dɔ̄ngˋ bai tam tu~ ra~	今天得去辦事	engine-auto	
คุณมาหาผมมีธุระอะไร	khun ma ha phom mi thura arai	kun mā hāˊ pomˊ mī tu~ ra~ aˇ rai	你來找我（男）有什麼事嗎？	engine-auto	
คุณมาหาฉันมีธุระอะไร	khun ma ha chan mi thura arai	kun mā hāˊ chanˊ mī tu~ ra~ aˇ rai	你來找我（女）有什麼事嗎？	engine-auto	
ไม่มีธุระอะไร ผมคิดถึงคุณ	mai mi thura arai phom khit thueng khun	maiˋ mī tu~ ra~ aˇ rai pomˊ kit~ tɯngˊ kun	沒什麼事，我想你	engine-auto	
ธุรกิจ	thurakit	tun gitˇ	生意 / 業務	book-exact	(book-exact已用引擎重新驗證)
Uber Eat ธุรกิจดีมาก	Uber Eat thurakit di mak	Uber Eat tun gitˇ dhī mākˋ	Uber Eat 生意很好	engine-auto	
ที่บ้านทำธุรกิจอะไร	thi ban tham thurakit arai	tīˋ bhānˋ tam tun gitˇ aˇ rai	家裡做什麼生意？	engine-auto	
ทำความสะอาด	tam khwam sa at	tam kwām saˇ ātˇ	清潔	engine-auto	
สัญญา	san ya	sanˊ yā	合約 / 約定	engine-auto	
ทำสัญญากี่ปี	tam san ya ki pi	tam sanˊ yā gīˇ bī	簽合約幾年？	engine-auto	
ขอดูหน่อยสัญญาค่ะ	kho du san ya noi kha	kɔ̄ˊ dhū nɔ̄iˇ sanˊ yā kaˋ	請給我看一下合約	engine-auto	
ทำบุญ	tam bun	tam bhun	做功德	engine-auto	
เธอต้องทำบุญบ่อยๆ	thoe tong tam bun boi boi	tə̄ dɔ̄ngˋ tam bhun bhɔ̄iˇ bhɔ̄iˇ	你要常常做功德	engine-auto	
ทำบุญยังไง	tam bun yang ngai	tam bhun yang ngai	怎麼做功德？	engine-auto	
ทำหาย	tam hai	tam hāiˊ	弄丟	engine-auto	
ฉันทำกุญแจหาย ทำยังไงดีคะ	chan tam kunchae hai tam yang ngai di kha	chanˊ tam gun jɛ̄ hāiˊ tam yang ngai dhī ka~	我弄丟鑰匙了，該怎麼辦才好？	engine-auto	
ผมจำไม่ได้ ไม่รู้ทำหายที่ไหน	phom cham mai dai mai ru tam hai ti nai	pomˊ jam maiˋ dhaiˋ maiˋ rū~ tam hāiˊ tīˋ naiˊ	我記不得了，不知道在哪弄丟的	engine-auto	
ทำเป็น	tam pen	tam ben	裝作 / 假裝	engine-auto	
นางเอกทำเป็นไม่รักพระเอก	nang ek tam pen mai rak phra ek	nāng ēkˇ tam ben maiˋ rak~ pra~ ēkˇ	女主角裝作不愛男主角	engine-auto	
ทำใจไม่ได้	tam chai mai dai	tam jai maiˋ dhaiˋ	無法接受 / 釋懷	engine-auto	
แฟนนอกใจ ทำใจไม่ได้	faen nok chai tam chai mai dai	fɛ̄n nɔ̄kˋ jai tam jai maiˋ dhaiˋ	另一半劈腿，我無法接受	engine-auto	
ถูกแฟนทิ้ง ทำใจไม่ได้	thuk faen ting tam chai mai dai	tūkˇ fɛ̄n ting~ tam jai maiˋ dhaiˋ	被另一半甩了，我無法接受	engine-auto	
อีกที	ik ti	īkˇ tī	再一次	book-exact	(book-exact已用引擎重新驗證)
ช่วยพูดอีกที	chuai phut ik ti	chūayˋ pūtˋ īkˇ tī	請再說一次	engine-auto	
ช่วยพูดอีกทีได้ไหมคะ	chuai phut ik ti dai mai kha	chūayˋ pūtˋ īkˇ tī dhaiˋ maiˊ ka~	可以請再說一次嗎？	engine-auto	
ฉันฟังไม่ทัน	chan fang mai than	chanˊ fang maiˋ tan	我來不及聽	engine-auto	
ผิด	phit	pitˇ	錯 / 錯誤	book-exact	(book-exact已用引擎重新驗證)
ฉันดูผิดคน	chan du phit khon	chanˊ dhū pitˇ kon	我看錯人了	engine-auto	
คุณไปผิดทาง	khun pai phit tang	kun bai pitˇ tāng	你走錯路了	engine-auto	
ใหม่	mai	maiˇ	新的 / 重新	book-exact	(book-exact已用引擎重新驗證)
ซื้อรถใหม่	seu rot mai	sɯ̄~ rot~ maiˇ	買新車	engine-auto	
มีแฟนใหม่	mi faen mai	mī fɛ̄n maiˇ	有新男友	engine-auto	
พูดผิด พูดใหม่	phut phit phut mai	pūtˋ pitˇ pūtˋ maiˇ	說錯了，重新說	engine-auto	
ถ่ายรูปใหม่	tai rup mai	tāiˇ rūpˋ maiˇ	重新拍照	engine-auto	
จองผิดวัน ต้องจองใหม่	chong phit wan tong chong mai	jɔ̄ng pitˇ wan dɔ̄ngˋ jɔ̄ng maiˇ	訂錯日期，要重新訂	engine-auto	
เลี้ยง	liang	līang~	請客 / 養育	engine-auto	
หัวหน้าเลี้ยงข้าวทุกคน	hua na liang khao tuk khon	hūaˊ nāˋ līang~ kāuˋ tuk~ kon	主管請大家吃飯	engine-auto	
เขาเลี้ยงหมาสองตัว	khao liang ma song tua	kāuˊ līang~ māˊ sɔ̄ngˊ dūa	他養了兩隻狗	engine-auto	
แต่	tae	dɛ̄ˇ	只 / 只有	engine-auto	
เอาแต่ทำงาน	ao tae tam ngan	au dɛ̄ˇ tam ngān	只工作	engine-auto	
ร้องแต่เพลง	rong tae phleng	rɔ̄ng~ dɛ̄ˇ plēng	只唱歌	engine-auto	
จำได้แต่เขา	cham dai tae khao	jam dhaiˋ dɛ̄ˇ kāuˊ	只記得他	engine-auto	
ร้อง	rong	rɔ̄ng~	叫聲 / 唱 / 哭	book-exact	(book-exact已用引擎重新驗證)
ร้องไห้	rong hai	rɔ̄ng~ haiˋ	哭泣	engine-auto	
ร้องเพลง	rong phleng	rɔ̄ng~ plēng	唱歌	engine-auto	
ไก่ร้องยังไง	kai rong yang ngai	gaiˇ rɔ̄ng~ yang ngai	雞怎麼叫？	engine-auto	
ไก่ตัวผู้	kai tua phu	gaiˇ dūa pūˋ	公雞	engine-auto	
ไก่ตัวเมีย / แม่ไก่	kai tua mia / mae kai	gaiˇ dūa mīa / mɛ̄ˋ gaiˇ	母雞	engine-auto	
บอก	bok	bhɔ̄kˇ	告訴	engine-auto	
ผมบอกคุณแล้ว แต่คุณไม่เชื่อ	phom bok khun laeo tae khun mai cheua	pomˊ bhɔ̄kˇ kun lɛ̄u~ dɛ̄ˇ kun maiˋ chɯ̄aˋ	我都跟你說了，但你不信	engine-auto	
คุณเคยบอกฉันตอนไหน	khun khoei bok chan ton nai	kun kə̄i bhɔ̄kˇ chanˊ dɔ̄n naiˊ	你什麼時候告訴過我？	engine-auto	
ว่า	wa	wāˋ	說 / 是指 (that)	engine-auto	
นี่เรียกว่าอะไร	ni riak wa arai	nīˋ rīakˋ wāˋ aˇ rai	這叫什麼？	engine-auto	
เขาบอกว่า	khao bok wa	kāuˊ bhɔ̄ gwāˇ	他說...	engine-auto	
ฉันรู้ว่า	chan ru wa	chanˊ rū~ wāˋ	我知道...	engine-auto	
เขาถามว่า	khao tam wa	kāuˊ tāmˊ wāˋ	他問我...	engine-auto	
ใส่	sai	saiˇ	穿 / 戴 / 放	engine-auto	
ใส่แว่นตา	sai waen ta	saiˇ wɛ̄nˋ dā	戴眼鏡	engine-auto	
ใส่แว่นกันแดด	sai waen kan daet	saiˇ wɛ̄nˋ gan dhɛ̄tˇ	戴太陽眼鏡	engine-auto	
ใส่กระโปรง	sai kra prong	saiˇ graˇ brōng	穿裙子	engine-auto	
ใส่กางเกง	sai kang keng	saiˇ gāng gēng	穿褲子	engine-auto	
นอกจากใส่แมสก์แล้ว ยังต้องล้างมือบ่อยๆ	nok chak sai maet laeo yang tong lang meu boi boi	nɔ̄kˋ jākˇ saiˇ mɛ̄tˋ lɛ̄u~ yang dɔ̄ngˋ lāng~ mɯ̄ bhɔ̄iˇ bhɔ̄iˇ	除了戴口罩，還要常洗手	engine-auto	
ไม่ใส่พริก	mai sai phrik	maiˋ saiˇ prik~	不加辣椒	engine-auto	
ไม่ใส่ผักชี	mai sai phak chi	maiˋ saiˇ pakˇ chī	不加香菜	engine-auto	
ใส่หัวหอมก่อน	sai hua hom kon	saiˇ hūaˊ hɔ̄mˊ gɔ̄nˇ	先放洋蔥	engine-auto	
ถอด	thot	tɔ̄tˇ	脫	engine-auto	
ถอดรองเท้า	thot rong thao	tɔ̄tˇ rɔ̄ng tāu~	脫鞋子	engine-auto	
ถอดแหวน	thot waen	tɔ̄tˇ wɛ̄nˊ	脫戒指	engine-auto	
เปลี่ยน	plian	blīanˇ	換 / 改變	engine-auto	
ถ้าใส่ไม่ได้ เอามาเปลี่ยนได้ไหมคะ	ta sai mai dai ao ma plian dai mai kha	tāˋ saiˇ maiˋ dhaiˋ au mā blīanˇ dhaiˋ maiˊ ka~	如果不能穿，可以拿來換嗎？	engine-auto	
ถ้ามีปัญหา เอามาเปลี่ยนได้ไหมครับ	ta mi pan ha ao ma plian dai mai khrap	tāˋ mī ban hāˊ au mā blīanˇ dhaiˋ maiˊ krap~	如果有問題，可以拿來換嗎？	engine-auto	
เปลี่ยนไปเปลี่ยนมา	plian pai plian ma	blīanˇ bai blīanˇ mā	變來變去	engine-auto	
เปิด / ปิด	poet / pit	bə̄tˇ / bitˇ	開 / 關	engine-auto	
เปิดบัญชีได้ไหมคะ	poet ban chi dai mai kha	bə̄tˇ bhan chī dhaiˋ maiˊ ka~	可以開戶嗎？	engine-auto	
ต้องปิดเครื่อง	tong pit khreuang	dɔ̄ngˋ bitˇ krɯ̄angˋ	在飛機上要關機	engine-auto	
ชัด	chat	chat~	清楚	engine-auto	
รูปถ่ายไม่ชัด	rup tai mai chat	rūpˋ tāiˇ maiˋ chat~	照片不清楚	engine-auto	
เสียงชัดมาก	siang chat mak	sīangˊ chat~ mākˋ	聲音很清楚	engine-auto	
เสียงไม่ชัด	siang mai chat	sīangˊ maiˋ chat~	網路不好，聲音不清楚	engine-auto	
สองแถว	song tae	sɔ̄ngˊ tɛ̄uˊ	雙條車	engine-auto	
นั่งสองแถว	nang song tae	nangˋ sɔ̄ngˊ tɛ̄uˊ	坐雙條車	engine-auto	
รถตู้	rot tu	rot~ dūˋ	麵包車	book-exact	(book-exact已用引擎重新驗證)
เคยนั่งรถตู้ไหมคะ	khoei nang rot tu mai kha	kə̄i nangˋ rot~ dūˋ maiˊ ka~	曾經坐過麵包車嗎？	engine-auto	
รถตุ๊กตุ๊ก	rot tuk tuk	rot~ duk~ duk~	嘟嘟車	engine-auto	
เคยนั่งรถตุ๊กตุ๊กไหมคะ	khoei nang rot tuk tuk mai kha	kə̄i nangˋ rot~ duk~ duk~ maiˊ ka~	曾經坐過嘟嘟車嗎？	engine-auto	
ไม่เคยนั่งตุ๊กตุ๊กค่ะ	mai khoei nang tuk tuk kha	maiˋ kə̄i nangˋ duk~ duk~ kaˋ	沒坐過嘟嘟車	engine-auto	
นั่งกับพื้น	nang kap pheun	nangˋ gapˇ pɯ̄n~	坐在地上	book-exact	(book-exact已用引擎重新驗證)
ชอบนั่งกับพื้นไหมคะ	chop nang kap pheun mai kha	chɔ̄pˋ nangˋ gapˇ pɯ̄n~ maiˊ ka~	喜歡坐在地上嗎？	engine-auto	
นอนหลับ	non lap	nɔ̄n lapˇ	睡著	engine-auto	
เมื่อคืนนอนไม่หลับ	meua kheun non mai lap	mɯ̄aˋ kɯ̄n nɔ̄n maiˋ lapˇ	昨天晚上睡不著	engine-auto	
เมื่อคืนสามทุ่มก็หลับแล้ว	meua kheun sam thum ko lap laeo	mɯ̄aˋ kɯ̄n sāmˊ tumˋ gɔ̄ˋ lapˇ lɛ̄u~	昨天晚上九點就睡著了	engine-auto	
ฝัน	fan	fanˊ	夢 / 做夢	engine-auto	
ผมฝันทุกคืน	phom fan tuk kheun	pomˊ fanˊ tuk~ kɯ̄n	我每天晚上都會做夢	engine-auto	
นอนหลับฝันดีนะ	non lap fan di na	nɔ̄n lapˇ fanˊ dhī na~	祝你好夢 (晚安)	engine-auto	
ฝันดีนะ	fan di na	fanˊ dhī na~	祝你好夢 (簡短版)	engine-auto	
ฝันถึงภาษาไทย	fan teung phasa thai	fanˊ tɯngˊ pā sāˊ tai	夢到泰語	engine-auto	
ตื่นสาย	teun sai	dɯ̄nˇ sāiˊ	起床晚 / 睡過頭	engine-auto	
เด็กๆ ไม่ยอมตื่น	dek dek mai yom teun	dhekˇ dhekˇ maiˋ yɔ̄m dɯ̄nˇ	小孩子們不肯起床	engine-auto	
เด็กๆ ไม่ยอมตื่นไปเรียน	dek dek mai yom teun pai rian	dhekˇ dhekˇ maiˋ yɔ̄m dɯ̄nˇ bai rīan	不肯起床去上學	engine-auto	
เราไม่ยอมตื่นไปทำงาน	rao mai yom teun pai tam ngan	rāu maiˋ yɔ̄m dɯ̄nˇ bai tam ngān	我們不肯起床去工作	engine-auto	
ตื่นเต้น	teun ten	dɯ̄nˇ dēnˋ	興奮 / 緊張	engine-auto	
ผมตื่นเต้นมาก ผมไม่กล้าร้องเพลง	phom teun ten mak phom mai kla rong phleng	pomˊ dɯ̄nˇ dēnˋ mākˋ pomˊ maiˋ glāˋ rɔ̄ng~ plēng	我很緊張，不敢唱歌	engine-auto	
ไม่ต้องตื่นเต้นนะ สบายสบาย	mai tong teun ten na sabai sabai	maiˋ dɔ̄ngˋ dɯ̄nˇ dēnˋ na~ saˇ bhāi saˇ bhāi	不要緊張，放輕鬆	engine-auto	
พัก	phak	pak~	休息	book-exact	(book-exact已用引擎重新驗證)
พักเที่ยง	phak thiang	pak~ tīangˋ	午休	engine-auto	
พักกลางวัน	phak klang wan	pak~ glāng wan	午休 (另一說法)	engine-auto	
พักกี่นาที	phak ki na thi	pak~ gīˇ nā tī	休息幾分鐘？	engine-auto	
พักกี่โมงถึงกี่โมง	phak ki mong teung ki mong	pak~ gīˇ mōng tɯngˊ gīˇ mōng	從幾點休息到幾點？	engine-auto	
พักผ่อน	phak phon	pak~ pɔ̄nˇ	休息 / 度假 (時間較長)	engine-auto	
รอ	ro	rɔ̄	等待	engine-auto	
คุณกำลังรอใครอยู่	khun kamlang ro khrai yu	kun gam lang rɔ̄ krai yūˋ	你在等誰？	engine-auto	
รอสักครูนะคะ เดี๋ยวไปดูให้ค่ะ	ro sak khru na kha diao pai du hai kha	rɔ̄ sakˇ krū na~ ka~ dhīauˊ bai dhū haiˋ kaˋ	請稍等一下，我去看一下	engine-auto	
รอแป๊บนะ ใกล้จะถึงแล้ว	ro paep na klai cha teung laeo	rɔ̄ bɛ̄p~ na~ glaiˋ jaˇ tɯngˊ lɛ̄u~	等一下，快要到了	engine-auto	
แป๊บนะ	paep na	bɛ̄p~ na~	一下子 (常用語)	engine-auto	
เรียก	riak	rīakˋ	叫 / 呼叫	engine-auto	
ช่วยเรียกรถให้หน่อย	chuai riak rot hai noi	chūayˋ rīakˋ rot~ haiˋ nɔ̄iˇ	請幫我叫車	engine-auto	
ถ่าย	tai	tāiˇ	拍照 / 拍	engine-auto	
เดี๋ยวเดี๋ยว ถ่ายรูปก่อน	diao diao tai rup kon	dhīauˊ dhīauˊ tāiˇ rūpˋ gɔ̄nˇ	等等，先拍照	engine-auto	
ช่วยถ่ายเอกสารให้หน่อย	chuai tai ek ka san hai noi	chūayˋ tāiˇ ēkˇ sānˊ haiˋ nɔ̄iˇ	請幫我影印	engine-auto	
เอกสาร	ek ka san	ēkˇ sānˊ	文件	book-exact	(book-exact已用引擎重新驗證)
ถ้าจะเปิดบัญชี ต้องใช้เอกสารอะไรบ้าง	ta cha poet ban chi tong chai ek ka san arai bang	tāˋ jaˇ bə̄tˇ bhan chī dɔ̄ngˋ chai~ ēkˇ sānˊ aˇ rai bhāngˋ	如果要開戶，要用哪些文件？	engine-auto	
จองตั๋วเครื่องบิน	chong tua khreuang bin	jɔ̄ng dūaˊ krɯ̄angˋ bhin	訂機票	engine-auto	
จองตั๋วเครื่องบินหรือยัง	chong tua khreuang bin reu yang	jɔ̄ng dūaˊ krɯ̄angˋ bhin rɯ̄ˊ yang	訂機票了嗎？	engine-auto	
จองไม่ทัน ที่นั่งเต็มแล้ว	chong mai than ti nang tem laeo	jɔ̄ng maiˋ tan tīˋ nangˋ dem lɛ̄u~	來不及訂，位子已經滿了	engine-auto	
จะจองกี่โมงคะ	cha chong ki mong kha	jaˇ jɔ̄ng gīˇ mōng ka~	要訂幾點？	engine-auto	
เพิ่งกินข้าวเสร็จ	pheung kin khao set	pə̄ngˋ gin kāuˋ sretˇ	剛剛吃完飯	engine-auto	
เพิ่งจอดรถเสร็จ	pheung chot rot set	pə̄ngˋ jɔ̄tˇ rot~ sretˇ	剛停完車	engine-auto	
เขาเพิ่งตื่น	khao pheung teun	kāuˊ pə̄ngˋ dɯ̄nˇ	他剛起床	engine-auto	
รีบ	rip	rīpˋ	趕快 / 匆忙	engine-auto	
ต้องรีบไปหาหมอ	tong rip pai ha mo	dɔ̄ngˋ rīpˋ bai hāˊ mɔ̄ˊ	趕快去看醫生	engine-auto	
ตอนนี้ผมต้องรีบไปทำธุระ	ton ni phom tong rip pai tam tura	dɔ̄n nī~ pomˊ dɔ̄ngˋ rīpˋ bai tam tu~ ra~	我現在要趕去辦點事	engine-auto	
เมื่อคืนนอนดึก ก็เลยตื่นสาย	meua kheun non deuk ko loei teun sai	mɯ̄aˋ kɯ̄n nɔ̄n dhɯkˇ gɔ̄ˋ lə̄i dɯ̄nˇ sāiˊ	昨天晚睡，所以晚起	engine-auto	
เขามาสายบ่อยๆ	khao ma sai boi boi	kāuˊ mā sāiˊ bhɔ̄iˇ bhɔ̄iˇ	他常常遲到	engine-auto	
ของขวัญวันเกิด	khong kwan wan koet	kɔ̄ngˊ kwanˊ wan gə̄tˇ	生日禮物	engine-auto	
ให้ของขวัญวันเกิดพ่อ	hai khong kwan wan koet pho	haiˋ kɔ̄ngˊ kwanˊ wan gə̄tˇ pɔ̄ˋ	給爸爸生日禮物	engine-auto	
ให้ของขวัญวันเกิดแม่	hai khong kwan wan koet mae	haiˋ kɔ̄ngˊ kwanˊ wan gə̄tˇ mɛ̄ˋ	給媽媽生日禮物	engine-auto	
ให้ของขวัญวันเกิดแฟน	hai khong kwan wan koet faen	haiˋ kɔ̄ngˊ kwanˊ wan gə̄tˇ fɛ̄n	給另一半生日禮物	engine-auto	
ข่าว	khao	kāuˇ	新聞 / 消息	engine-auto	
พอตื่นนอนก็เปิดทีวีดูข่าว	pho teun non ko poet ti wi du khao	pɔ̄ dɯ̄nˇ nɔ̄n gɔ̄ˋ bə̄tˇ tī wī dhū kāuˇ	一起床就開電視看新聞	engine-auto	
สั่ง	sang	sangˇ	點餐 / 命令	engine-auto	
หัวหน้าสั่งลูกน้องทำความสะอาด	hua na sang luk nong tam khwam sa at	hūaˊ nāˋ sangˇ lūkˋ nɔ̄ng~ tam kwām saˇ ātˇ	主管命令下屬打掃	engine-auto	
เห็นใจ	hen chai	henˊ jai	同情 / 體諒	engine-auto	
เห็นใจผมหน่อย	hen chai phom noi	henˊ jai pomˊ nɔ̄iˇ	同情我一下	engine-auto	
เห็นใจฉันหน่อย	hen chai chan noi	henˊ jai chanˊ nɔ̄iˇ	體諒我一下	engine-auto	
ไม่ ฉันไม่เห็นใจคุณ	mai chan mai hen chai khun	maiˋ chanˊ maiˋ henˊ jai kun	我不同情你	engine-auto	
พอ...ก็...	pho...ko...	pɔ̄...gɔ̄ˋ...	一...就... (當...)	engine-auto	
พอซื้อเสร็จก็ต้องกินทันที	pho seu set ko tong kin tan ti	pɔ̄ sɯ̄~ sretˇ gɔ̄ˋ dɔ̄ngˋ gin tan tī	一買完就立刻吃	engine-auto	
เห็นใจ	hen chai	henˊ jai	同情 / 體諒	engine-auto	
เห็นใจผมหน่อย	hen chai phom noi	henˊ jai pomˊ nɔ̄iˇ	同情我一下	engine-auto	
เห็นใจฉันหน่อย	hen chai chan noi	henˊ jai chanˊ nɔ̄iˇ	體諒我一下	engine-auto	
ไม่ ฉันไม่เห็นใจคุณ	mai chan mai hen chai khun	maiˋ chanˊ maiˋ henˊ jai kun	我不同情你	engine-auto	
เห็นกับตา	hen kap ta	henˊ gapˇ dā	親眼所見	engine-auto	
คนขี้ลืม	khon ki leu-m	kon kīˋ lɯ̄m	愛忘記的人	engine-auto	
คุณยายเป็นคนขี้ลืม	khun yai pen khon ki leu-m	kun yāi ben kon kīˋ lɯ̄m	外婆是個愛忘記的人	engine-auto	
ตอนออกจากห้องลืมเอากุญแจออกมา	ton ok chak hong leu-m ao kunchae ok ma	dɔ̄n ɔ̄kˇ jākˇ hɔ̄ngˋ lɯ̄m au gun jɛ̄ ɔ̄kˇ mā	離開房間時忘了帶鑰匙	engine-auto	
ตอนออกจากบ้านลืมเอากุญแจออกมา	ton ok chak ban leu-m ao kunchae ok ma	dɔ̄n ɔ̄kˇ jākˇ bhānˋ lɯ̄m au gun jɛ̄ ɔ̄kˇ mā	離開家時忘了帶鑰匙	engine-auto	
พา	pha	pā	帶 / 領	engine-auto	
พาแฟนไปเที่ยวภาคตะวันออก	pha faen pai thiao pak tawan ok	pā fɛ̄n bai tīauˋ pākˋ daˇ wan ɔ̄kˇ	帶另一半去東部玩	engine-auto	
เติม	teurm	də̄m	填 / 加 / 充值	engine-auto	
จะเติมน้ำซุปไหมคะ	cha teurm nam sup mai kha	jaˇ də̄m nām~ sup~ maiˊ ka~	要加湯嗎？	engine-auto	
ไม่ต้องครับ / ไม่ต้องค่ะ	mai tong khrap / mai tong kha	maiˋ dɔ̄ngˋ krap~ / maiˋ dɔ̄ngˋ kaˋ	不用	engine-auto	
เติมเงิน 500 บาทครับ	teurm ngoen ha roi bat khrap	də̄m ngə̄n 500 bhātˇ krap~	充值 (加錢) 500 泰銖	engine-auto	
เติมเงิน 100 บาทค่ะ	teurm ngoen neung roi bat kha	də̄m ngə̄n 100 bhātˇ kaˋ	充值 100 泰銖	engine-auto	
95 เติมเต็ม	kao ha teurm tem	95 də̄m dem	95 (無鉛汽油) 加滿	engine-auto	
คนเต็มร้าน	khon tem ran	kon dem rān~	餐廳客滿	engine-auto	
เก่าแล้วแต่ไม่ยอมทิ้ง	kao laeo tae mai yom ting	gāuˇ lɛ̄u~ dɛ̄ˇ maiˋ yɔ̄m ting~	舊了但不肯丟	engine-auto	
ยังใช้ได้ ทิ้งทำไม	yang chai dai ting tammai	yang chai~ dhaiˋ ting~ tam mai	還能用，為什麼要丟？	engine-auto	
ถูกแฟนทิ้ง	thuk faen ting	tūkˇ fɛ̄n ting~	被另一半甩了 (被丟)	engine-auto	
ตั้งแต่...	tang tae	dangˋ dɛ̄ˇ...	自從...	engine-auto	
ตั้งแต่เลี้ยงแมว ฉันก็ไปไหนไม่ได้	tang tae liang maeo chan ko pai nai mai dai	dangˋ dɛ̄ˇ līang~ mɛ̄u chanˊ gɔ̄ˋ bai naiˊ maiˋ dhaiˋ	自從養了貓以後，我哪裡都不能去	engine-auto	
นางเอก	nang ek	nāng ēkˇ	女主角	engine-auto	
พระเอก	phra ek	pra~ ēkˇ	男主角	book-exact	(book-exact已用引擎重新驗證)
เชื่อ	cheua	chɯ̄aˋ	相信	engine-auto	
ฉันไม่เชื่อคุณ	chan mai cheua khun	chanˊ maiˋ chɯ̄aˋ kun	我不相信你	engine-auto	
ตอนเช้า	ton chao	dɔ̄n chāu~	早上	engine-auto	
ตอนบ่าย	ton bai	dɔ̄n bhāiˇ	下午	engine-auto	
ตอนนี้	ton ni	dɔ̄n nī~	現在	engine-auto	
ตอนไหน	ton nai	dɔ̄n naiˊ	什麼時候	engine-auto	
ตอนกินข้าว	ton kin khao	dɔ̄n gin kāuˋ	吃飯的時候	engine-auto	
ตอนเด็ก	ton dek	dɔ̄n dhekˇ	小時候	engine-auto	
ก่อน	kon	gɔ̄nˇ	在...之前 / 先	book-exact	(book-exact已用引擎重新驗證)
ก่อนไป	kon pai	gɔ̄nˇ bai	去之前	engine-auto	
สามปีก่อน	sam pi kon	sāmˊ bī gɔ̄nˇ	三年前	engine-auto	
สองเดือนก่อน	song deuan kon	sɔ̄ngˊ dhɯ̄an gɔ̄nˇ	兩個月前	engine-auto	
เมื่อก่อน	meua kon	mɯ̄aˋ gɔ̄nˇ	以前	book-exact	(book-exact已用引擎重新驗證)
เมื่อก่อนเขาเห็นแก่ตัวมาก	meua kon khao hen kae tua mak	mɯ̄aˋ gɔ̄nˇ kāuˊ henˊ gɛ̄ˇ dūa mākˋ	以前他很自私	engine-auto	
เมื่อก่อนอินเทอร์เน็ตแพงมาก ตอนนี้ถูกลง	meua kon in toe net phaeng mak ton ni tuk long	mɯ̄aˋ gɔ̄nˇ in tə̄ net~ pɛ̄ng mākˋ dɔ̄n nī~ tūkˇ long	以前網路很貴，但現在變便宜了	engine-auto	
เดี๋ยวผมต้องพาแม่ไปหาหมอ ผมขอตัวก่อนนะ	diao phom tong pha mae pai ha mo phom kho tua kon na	dhīauˊ pomˊ dɔ̄ngˋ pā mɛ̄ˋ bai hāˊ mɔ̄ˊ pomˊ kɔ̄ˊ dūa gɔ̄nˇ na~	等一下我要帶媽媽去看醫生，我先告辭了	engine-auto	
ขอคิดดูก่อน	kho kit du kon	kɔ̄ˊ kit~ dhū gɔ̄nˇ	先考慮看看	engine-auto	
ไปกัมพูชากันไหม	pai kam phu cha kan mai	bai gam pū chā gan maiˊ	要一起去柬埔寨嗎？	engine-auto	
เมื่อกี้เธอพูดอะไร	meua ki thoe phut arai	mɯ̄aˋ gīˋ tə̄ pūtˋ aˇ rai	你剛才在說什麼？	engine-auto	
ผมเพิ่งทิ้งไปเมื่อกี้เอง	phom pheung ting pai meua ki eng	pomˊ pə̄ngˋ ting~ bai mɯ̄aˋ gīˋ ēng	我剛才把它丟掉了	engine-auto	
หลัง	lang	langˊ	在...之後 / 後面	engine-auto	
ยาหลังอาหาร	ya lang a han	yā langˊ ā hānˊ	飯後藥	engine-auto	
หลังเที่ยงคืนไม่ขายเหล้า	lang thiang kheun mai khai lao	langˊ tīangˋ kɯ̄n maiˋ kāiˊ lāuˋ	半夜後 7-11 不賣酒	engine-auto	
หลังจากเรียนภาษาไทยก็ไปเมืองไทยทำธุรกิจ	lang chak rian phasa thai ko pai meuang thai tam tu ra kit	langˊ jākˇ rīan pā sāˊ tai gɔ̄ˋ bai mɯ̄ang tai tam tun gitˇ	學完泰文後去泰國做生意	engine-auto	
คุณเลี้ยงสัตว์อะไรบ้าง	khun liang sat arai bang	kun līang~ satˇ aˇ rai bhāngˋ	你養哪些動物？	engine-auto	
คุณเลี้ยงหมากี่ตัว	khun liang ma ki tua	kun līang~ māˊ gīˇ dūa	你養幾隻狗？	engine-auto	
พระเอกหล่อมาก	phra ek lo mak	pra~ ēkˇ lɔ̄ˇ mākˋ	男主角很帥	engine-auto	
ไม่รู้จัก	mai ru chak	maiˋ rū~ jakˇ	不知道 / 不認識	engine-auto	
นางเอกสวยมาก	nang ek suai mak	nāng ēkˇ sūayˊ mākˋ	女主角很美	engine-auto	
ตัวร้ายร้ายมากๆ	tua rai rai mak mak	dūa rāi~ rāi~ mākˋ mākˋ	那個反派角色非常壞	engine-auto	
FC	FC	FC	粉絲	engine-auto	
ผู้จัดการดารา	phu chat kan dara	pūˋ jatˇ gān dhā rā	明星的經紀人	engine-auto	
ผู้จัดการนักร้อง	phu chat kan nak rong	pūˋ jatˇ gān nak~ rɔ̄ng~	歌手的經紀人	engine-auto	
ผู้จัดการ	phu chat kan	pūˋ jatˇ gān	經理 / 主管	engine-auto	
ผู้จัดการอยู่ไหม	phu chat kan yu mai	pūˋ jatˇ gān yūˋ maiˊ	經理在嗎？	engine-auto	
ช่วยเรียกผู้จัดการให้หน่อย	chuai riak phu chat kan hai noi	chūayˋ rīakˋ pūˋ jatˇ gān haiˋ nɔ̄iˇ	請幫我叫一下經理	engine-auto	
ช่อง	chong	chɔ̄ngˋ	頻道 / 台	engine-auto	
คุณชอบดูช่องอะไร / คุณชอบดูช่องไหน	khun chop du chong arai / khun chop du chong nai	kun chɔ̄pˋ dhū chɔ̄ngˋ aˇ rai / kun chɔ̄pˋ dhū chɔ̄ngˋ naiˊ	你喜歡看哪一台？	engine-auto	
เดี๋ยวนี้	diao ni	dhīauˊ nī~	現在 / 馬上 (放句尾)	engine-auto	
ไปเดี๋ยวนี้	pai diao ni	bai dhīauˊ nī~	立刻去	engine-auto	
เดี๋ยวนี้	diao ni	dhīauˊ nī~	現在 / 這些日子 (放句首)	engine-auto	
เดี๋ยวนี้อยู่ไต้หวัน	diao ni yu tai wan	dhīauˊ nī~ yūˋ daiˋ wanˊ	現在住在台灣	engine-auto	
ตอนนี้	ton ni	dɔ̄n nī~	現在 (當下那個時間)	engine-auto	
ตอนนี้อยู่ไต้หวัน	ton ni yu tai wan	dɔ̄n nī~ yūˋ daiˋ wanˊ	現在住在台灣	engine-auto	
เรียกผู้จัดการออกมาหน่อย	riak phu chat kan ok ma noi	rīakˋ pūˋ jatˇ gān ɔ̄kˇ mā nɔ̄iˇ	叫經理出來一下	engine-auto	
คิดว่า	kit wa	kit~ wāˋ	覺得 / 認為	engine-auto	
ตัวเอง	tua eng	dūa ēng	自己	engine-auto	
รวย	ruai	rūay	富有 / 有錢	engine-auto	
คิดว่าตัวเองรวย	kit wa tua eng ruai	kit~ wāˋ dūa ēng rūay	認為自己很有錢	engine-auto	
...เลย	...loei	...lə̄i	一點也不... (用於強調)	engine-auto	
กินเลย ไม่ต้องเกรงใจ	kin loei mai tong kreng chai	gin lə̄i maiˋ dɔ̄ngˋ grēng jai	吃吧！不要客氣	engine-auto	
คิดว่าตัวเองเก่ง	kit wa tua eng keng	kit~ wāˋ dūa ēng gēngˇ	認為自己很厲害	engine-auto	
คุณคิดว่ายังไง	khun kit wa yang ngai	kun kit~ wāˋ yang ngai	你覺得呢？	engine-auto	
ยังไม่แก่หรอก	yang mai kae rok	yang maiˋ gɛ̄ˇ rɔ̄kˇ	還沒老啦	book-exact	(book-exact已用引擎重新驗證)
ฉันแก่แล้ว	chan kae laeo	chanˊ gɛ̄ˇ lɛ̄u~	我老了	engine-auto	
ผักแก่ ไม่อร่อย	phak kae mai a-roi	pakˇ gɛ̄ˇ maiˋ aˇ rɔ̄iˋ	菜很老，不好吃	engine-auto	
เกินไป	koern pai	gə̄n bai	太過於...	engine-auto	
เผ็ดเกินไป	phet koern pai	petˇ gə̄n bai	太辣了	engine-auto	
หวานเกินไป	wan koern pai	wānˊ gə̄n bai	太甜了	engine-auto	
แพงเกินไป	phaeng koern pai	pɛ̄ng gə̄n bai	太貴了	engine-auto	
แพงเกินไป ถูกหน่อยได้ไหม	phaeng koern pai tuk noi dai mai	pɛ̄ng gə̄n bai tūkˇ nɔ̄iˇ dhaiˋ maiˊ	太貴了，可以便宜一點嗎？	engine-auto	
พูดมากเกินไปแล้วนะ	phut mak koern pai laeo na	pūtˋ mākˋ gə̄n bai lɛ̄u~ na~	說太多了喔	book-exact	(book-exact已用引擎重新驗證)
...ไปหน่อย	...pai noi	...bai nɔ̄iˇ	有點... / ...了一點	engine-auto	
เค็มไปหน่อย	khem pai noi	kem bai nɔ̄iˇ	有點太鹹了	engine-auto	
แก่ไปหน่อย	kae pai noi	gɛ̄ˇ bai nɔ̄iˇ	變老了一點	engine-auto	
เปรี้ยวไปหน่อย	priao pai noi	brīauˋ bai nɔ̄iˇ	有點太酸了	engine-auto	
รถไฟความเร็วสูง	rot fai khwam reo sung	rot~ fai kwām rew sūngˊ	高鐵	engine-auto	
เร็ว	reo	rew	快	engine-auto	
สูง	sung	sūngˊ	高	engine-auto	
จน	chon	jon	窮	book-exact	(book-exact已用引擎重新驗證)
คนรวย / คนมีเงิน	khon ruai / khon mi ngoen	kon rūay / kon mī ngə̄n	有錢人	engine-auto	
เศรษฐี	set thi	srētˇ tīˊ	富翁	engine-auto	
ทำอย่างไรให้รวย	tam yang ngai hai ruai	tam yāngˋ rai haiˋ rūay	如何變有錢？	engine-auto	
เล่นหุ้น	len hun	lēnˋ hunˋ	玩股票	engine-auto	
ขอให้รวยๆ	kho hai ruai ruai	kɔ̄ˊ haiˋ rūay rūay	祝你大發財	book-exact	(book-exact已用引擎重新驗證)
รวยแต่แก่	ruai tae kae	rūay dɛ̄ˇ gɛ̄ˇ	有錢但老了	engine-auto	
คนจนเล่นหวย คนรวยเล่นหุ้น	khon chon len huai khon ruai len hun	kon jon lēnˋ hūayˊ kon rūay lēnˋ hunˋ	窮人買彩券，有錢人玩股票	book-exact	(book-exact已用引擎重新驗證)
ต่ำ	tam	damˇ	低 / 矮	engine-auto	
สูง	sung	sūngˊ	高	engine-auto	
ไทเป 101 สูงกี่ชั้นคะ	tai-pe neung sun neung sung ki chan kha	tai bē 101 sūngˊ gīˇ chan~ ka~	台北101有幾層樓高？	engine-auto	
คุณสูงเท่าไหร่	khun sung thao rai	kun sūngˊ tāuˋ raiˇ	你多高？	engine-auto	
160 เซน	roi hok sip sen	160 sēn	160公分	engine-auto	
คะแนน	kha-naen	ka~ nɛ̄n	分數	engine-auto	
ได้คะแนนสูง	dai kha-naen sung	dhaiˋ ka~ nɛ̄n sūngˊ	得高分	engine-auto	
ได้คะแนนต่ำ	dai kha-naen tam	dhaiˋ ka~ nɛ̄n damˇ	他得低分	engine-auto	
20 คะแนน	yi sip kha-naen	20 ka~ nɛ̄n	20分	engine-auto	
ราคาสูง	ra-kha sung	rā kā sūngˊ	價格高	engine-auto	
ฉันคิดว่าราคานี้สูงไปหน่อย	chan kit wa ra-kha ni sung pai noi	chanˊ kit~ wāˋ rā kā nī~ sūngˊ bai nɔ̄iˇ	我覺得這個價格高了一點	engine-auto	
IQ สูง	IQ sung	IQ sūngˊ	IQ 高	engine-auto	
IQ ต่ำ	IQ tam	IQ damˇ	IQ 低	engine-auto	
EQ สูง	EQ sung	EQ sūngˊ	EQ 高	engine-auto	
EQ ต่ำ	EQ tam	EQ damˇ	EQ 低	engine-auto	
เร็ว	reo	rew	快	engine-auto	
ช้า	cha	chā~	慢	book-exact	(book-exact已用引擎重新驗證)
ขับรถเร็ว / ขับรถช้า	khap rot reo / khap rot cha	kapˇ rot~ rew / kapˇ rot~ chā~	開車快 / 開車慢	engine-auto	
แท็กซี่เมืองไทยขับรถเร็ว	taek-si meuang thai khap rot reo	tɛk~ sīˋ mɯ̄ang tai kapˇ rot~ rew	泰國計程車開很快	engine-auto	
ขับรถเร็วเกินไป	khap rot reo koern pai	kapˇ rot~ rew gə̄n bai	開太快了	engine-auto	
เวลาผ่านไปเร็ว	we-la phan pai reo	wē lā pānˇ bai rew	時間過得很快	engine-auto	
นอนดึกแก่เร็ว	non deuk kae reo	nɔ̄n dhɯkˇ gɛ̄ˇ rew	晚睡老得快	engine-auto	
พูดช้าๆ หน่อยได้ไหมคะ	phut cha cha noi dai mai kha	pūtˋ chā~ chā~ nɔ̄iˇ dhaiˋ maiˊ ka~	請說慢一點可以嗎？	engine-auto	
แต่งงานเร็ว	taeng ngan reo	dɛ̄ngˇ ngān rew	早婚 / 快婚	book-exact	(book-exact已用引擎重新驗證)
แต่งงานช้า	taeng ngan cha	dɛ̄ngˇ ngān chā~	晚婚	engine-auto	
มาเร็ว	ma reo	mā rew	早到	engine-auto	
มาช้า	ma cha	mā chā~	晚到	engine-auto	
แก่แล้วเหนื่อยง่าย	kae laeo neua-i ngai	gɛ̄ˇ lɛ̄u~ nɯ̄aiˇ ngāiˋ	老了容易累	engine-auto	
ง่าย	ngai	ngāiˋ	容易 / 簡單	engine-auto	
ยาก	yak	yākˋ	難	engine-auto	
ภาษาไทยง่ายไหม	phasa thai ngai mai	pā sāˊ tai ngāiˋ maiˊ	泰文簡單嗎？	engine-auto	
แก่แล้วไม่มีอะไรดี	kae laeo mai mi arai di	gɛ̄ˇ lɛ̄u~ maiˋ mī aˇ rai dhī	老了沒什麼好的	book-exact	(book-exact已用引擎重新驗證)
กินข้าวไม่ตรงเวลาแก่ง่าย	kin khao mai trong we-la kae ngai	gin kāuˋ maiˋ drong wē lā gɛ̄ˇ ngāiˋ	飲食不正常老得快	engine-auto	
ออกกำลังกาย	ok kam-lang kai	ɔ̄kˇ gam lang gāi	運動	engine-auto	
ชอบออกกำลังกายไหมคะ	chop ok kam-lang kai mai kha	chɔ̄pˋ ɔ̄kˇ gam lang gāi maiˊ ka~	喜歡運動嗎？	engine-auto	
ต้องออกกำลังกายบ่อยๆ / ออกกำลังกายทุกวัน	tong ok kam-lang kai boi boi / ok kam-lang kai tuk wan	dɔ̄ngˋ ɔ̄kˇ gam lang gāi bhɔ̄iˇ bhɔ̄iˇ / ɔ̄kˇ gam lang gāi tuk~ wan	要常常運動 / 每天運動	engine-auto	
ถ้าไม่ออกกำลังกายแก่ง่าย	ta mai ok kam-lang kai kae ngai	tāˋ maiˋ ɔ̄kˇ gam lang gāi gɛ̄ˇ ngāiˋ	如果不運動老得快	engine-auto	
เตี้ย	tia	dīaˋ	矮	engine-auto	
ต่ำ	tam	damˇ	矮 / 低	engine-auto	
สูง	sung	sūngˊ	高	engine-auto	
คนไทยส่วนใหญ่เตี้ยกว่าฝรั่ง	khon thai suan yai tia kwa farang	kon tai sūanˇ yaiˇ dīaˋ gwāˇ faˇ rangˋ	泰國人大部分比外國人矮	book-exact	(book-exact已用引擎重新驗證)
ฉันเตี้ยกว่าเขา	chan tia kwa khao	chanˊ dīaˋ gwāˇ kāuˊ	我比他矮	engine-auto	
เขาเตี้ยกว่าฉัน	khao tia kwa chan	kāuˊ dīaˋ gwāˇ chanˊ	他比我矮	engine-auto	
ผอม / ผอมลง	phom / phom long	pɔ̄mˊ / pɔ̄mˊ long	瘦 / 瘦下來	engine-auto	
ผอมลงทำยาก	phom long tam yak	pɔ̄mˊ long tam yākˋ	要瘦下來很難	engine-auto	
อยากผอม อยากหุ่นดี	yak phom yak hun di	yākˋ pɔ̄mˊ yākˋ hunˇ dhī	想瘦 / 想身材好	book-exact	(book-exact已用引擎重新驗證)
อยากผอม อยากหุ่นดีไหมคะ	yak phom yak hun di mai kha	yākˋ pɔ̄mˊ yākˋ hunˇ dhī maiˊ ka~	你想變瘦、想身材好嗎？	engine-auto	
ฉันหุ่นดีแล้ว	chan hun di laeo	chanˊ hunˇ dhī lɛ̄u~	我身材已經很好了	engine-auto	
คิดว่าตัวเองหุ่นดี	kit wa tua eng hun di	kit~ wāˋ dūa ēng hunˇ dhī	認為自己身材很好	engine-auto	
ทั้งเตี้ยทั้งอ้วน	tang tia tang uan	tang~ dīaˋ tang~ ūanˋ	又矮又胖	book-exact	(book-exact已用引擎重新驗證)
ทั้งเผ็ดทั้งอร่อย	tang phet tang a roi	tang~ petˇ tang~ aˇ rɔ̄iˋ	又辣又好吃	engine-auto	
ทั้งรวยทั้งสวย	tang ruai tang suai	tang~ rūay tang~ sūayˊ	又有錢又漂亮	engine-auto	
วิธีลดความอ้วน	witi lot khwam uan	wi~ tī lot~ kwām ūanˋ	減肥的方法	book-exact	(book-exact已用引擎重新驗證)
วิธีทำอาหาร	witi tam a han	wi~ tī tam ā hānˊ	烹飪的方法	engine-auto	
วิธีที่หนึ่ง	witi thi neung	wi~ tī tīˋ nɯngˇ	第一個方法	engine-auto	
วิธีที่สอง	witi thi song	wi~ tī tīˋ sɔ̄ngˊ	第二個方法	engine-auto	
เต้นแอโรบิก	ten ae ro bik	dēnˋ ɛ̄ rō bhikˇ	跳有氧舞蹈	engine-auto	
เล่นโยคะ	len yo kha	lēnˋ yō ka~	做瑜珈	engine-auto	
เล่นโยคะทำให้แข็งแรง	len yo kha tam hai khaeng raeng	lēnˋ yō ka~ tam haiˋ kɛngˊ rɛ̄ng	做瑜珈會讓身體強壯	engine-auto	
ไปฟิตเนส	pai fit net	bai fit~ nētˋ	去健身房	book-exact	(book-exact已用引擎重新驗證)
กินอาหารไขมันต่ำ	kin a han khai man tam	gin ā hānˊ kaiˊ man damˇ	吃低脂食物	engine-auto	
กินแต่ผักลวกไข่ต้ม	kin tae phak luak khai tom	gin dɛ̄ˇ pakˇ lūakˋ kaiˇ domˋ	只吃燙青菜跟水煮蛋	book-exact	(book-exact已用引擎重新驗證)
2 ทุ่มครึ่ง	Song Thum Khrueng	2 tumˋ krɯngˋ	8點半了	engine-auto	
ตรงเวลา	Trong Wela	drong wē lā	準時	engine-auto	
ฉันคิดว่าเขาไม่รักคุณ	Chan Khit Wa Khao Mai Rak Khun	chanˊ kit~ wāˋ kāuˊ maiˋ rak~ kun	我認為他不愛你	engine-auto	
ผมคิดว่าเรื่องนี้เชื่อไม่ได้	Phom Khit Wa Rueang Ni Chuea Mai Dai	pomˊ kit~ wāˋ rɯ̄angˋ nī~ chɯ̄aˋ maiˋ dhaiˋ	我認為這件事不可信（男）	engine-auto	
ฉันคิดว่าเรื่องนี้เชื่อไม่ได้	Chan Khit Wa Rueang Ni Chuea Mai Dai	chanˊ kit~ wāˋ rɯ̄angˋ nī~ chɯ̄aˋ maiˋ dhaiˋ	我認為這件事不可信（女）	engine-auto	
แพงเกินไป	Phaeng Koen Pai	pɛ̄ng gə̄n bai	太貴了	engine-auto	
แพงเกิน	Phaeng Koen	pɛ̄ng gə̄n	太貴了（省略）	engine-auto	
แพงไป	Phaeng Pai	pɛ̄ng bai	太貴了（省略）	engine-auto	
ถูกหน่อยได้ไหมคะ	Thuk Noi Dai Mai Kha	tūkˇ nɔ̄iˇ dhaiˋ maiˊ ka~	可以便宜一點嗎	engine-auto	
คุณพูดเร็วเกินไป	Khun Phut Reo Koen Pai	kun pūtˋ rew gə̄n bai	你說太快了	engine-auto	
ผมฟังไม่ทัน	Phom Fang Mai Than	pomˊ fang maiˋ tan	我聽不進去 / 跟不上（男）	engine-auto	
ฉันฟังไม่ทัน	Chan Fang Mai Than	chanˊ fang maiˋ tan	我聽不進去 / 跟不上（女）	engine-auto	
คุณพูดเร็วไป	Khun Phut Reo Pai	kun pūtˋ rew bai	你說太快了	engine-auto	
คุณพูดเร็วเกิน	Khun Phut Reo Koen	kun pūtˋ rew gə̄n	你說太快了	engine-auto	
บะหมี่	Ba Mi	bhaˇ mīˇ	麵	engine-auto	
เกี๊ยว	Kiao	gīau~	餛飩	engine-auto	
เยอะเกินไป	Yoe Koen Pai	yə~ gə̄n bai	太多了	engine-auto	
ไปหน่อย	Pai Noi	bai nɔ̄iˇ	...了一點	engine-auto	
เร็วไปหน่อย	Reo Pai Noi	rew bai nɔ̄iˇ	快了一點	engine-auto	
ช้าไปหน่อย	Cha Pai Noi	chā~ bai nɔ̄iˇ	慢了一點	engine-auto	
หนักไปหน่อย	Nak Pai Noi	nakˇ bai nɔ̄iˇ	重了一點	engine-auto	
เบาไปหน่อย	Bao Pai Noi	bhāu bai nɔ̄iˇ	輕了一點	engine-auto	
มะพร้าวลูกละ 45 บาท	Ma Phrao Luk La Si Sip Ha Bat	ma~ prāu~ lūkˋ la~ 45 bhātˇ	椰子一顆45泰銖	engine-auto	
ฉันคิดว่าราคานี้แพงไปหน่อย	Chan Khit Wa Rakha Ni Phaeng Pai Noi	chanˊ kit~ wāˋ rā kā nī~ pɛ̄ng bai nɔ̄iˇ	我認為這個價格貴了一點（女）	engine-auto	
ผมคิดว่าราคานี้แพงไปหน่อย	Phom Khit Wa Rakha Ni Phaeng Pai Noi	pomˊ kit~ wāˋ rā kā nī~ pɛ̄ng bai nɔ̄iˇ	我認為這個價格貴了一點（男）	engine-auto	
ฉันคิดว่าราคานี้สูงไปหน่อย	Chan Khit Wa Rakha Ni Sung Pai Noi	chanˊ kit~ wāˋ rā kā nī~ sūngˊ bai nɔ̄iˇ	我認為這個價格高了一點	engine-auto	
ฉันคิดว่าสีนี้เข้มไปหน่อย	Chan Khit Wa Si Ni Khem Pai Noi	chanˊ kit~ wāˋ sīˊ nī~ kēmˋ bai nɔ̄iˇ	我認為這個顏色深了一點	engine-auto	
เค็ม	Khem	kem	很鹹	engine-auto	
รวย	Ruay	rūay	富有	engine-auto	
ที่บ้านรวยมาก อะไรก็มี	Thi Ban Ruay Mak Arai Ko Mi	tīˋ bhānˋ rūay mākˋ aˇ rai gɔ̄ˋ mī	家裡很富有，什麼都有	engine-auto	
จน	Chon	jon	窮	book-exact	(book-exact已用引擎重新驗證)
แก่	Kae	gɛ̄ˇ	老	book-exact	(book-exact已用引擎重新驗證)
คนแก่	Khon Kae	kon gɛ̄ˇ	老人	engine-auto	
ผักแก่	Phak Kae	pakˇ gɛ̄ˇ	老的（粗的）蔬菜	engine-auto	
ผักแก่ไม่อร่อย	Phak Kae Mai Aroi	pakˇ gɛ̄ˇ maiˋ aˇ rɔ̄iˋ	菜很老不好吃	engine-auto	
แก่เกินไป	Kae Koen Pai	gɛ̄ˇ gə̄n bai	太老了	engine-auto	
หน้าแก่	Na Kae	nāˋ gɛ̄ˇ	臉看起來很老	engine-auto	
หน้าอ่อน	Na On	nāˋ ɔ̄nˇ	臉看起來很年輕	engine-auto	
ไม่ค่อยเห็นคนแก่บนรถไฟฟ้า	Mai Khoi Hen Khon Kae Bon Rot Fai Fa	maiˋ kɔ̄iˋ henˊ kon gɛ̄ˇ bhon rot~ fai fā~	我不太常看到老人在捷運上	engine-auto	
เร็ว	Reo	rew	快 / 早	engine-auto	
แต่งงานเร็ว	Taeng Ngan Reo	dɛ̄ngˇ ngān rew	早結婚	book-exact	(book-exact已用引擎重新驗證)
นอนเร็ว	Non Reo	nɔ̄n rew	早睡	engine-auto	
เดินเร็ว	Doen Reo	dhə̄n rew	走得快	engine-auto	
ขับรถเร็ว	Khap Rot Reo	kapˇ rot~ rew	開車開得快	engine-auto	
เร็วๆ หน่อย	Reo Reo Noi	rew rew nɔ̄iˇ	快一點快一點	engine-auto	
เร็วหน่อย เร็วหน่อย	Reo Noi Reo Noi	rew nɔ̄iˇ rew nɔ̄iˇ	快一點快一點	engine-auto	
ช้า	Cha	chā~	晚 / 慢	book-exact	(book-exact已用引擎重新驗證)
แต่งงานช้า	Taeng Ngan Cha	dɛ̄ngˇ ngān chā~	晚結婚	engine-auto	
พูดช้าๆ หน่อย	Phut Cha Cha Noi	pūtˋ chā~ chā~ nɔ̄iˇ	說慢一點	engine-auto	
ผมฟังไม่ทัน	Phom Fang Mai Than	pomˊ fang maiˋ tan	我聽不進去（男）	engine-auto	
ฉันฟังไม่ทัน	Chan Fang Mai Than	chanˊ fang maiˋ tan	我聽不進去（女）	engine-auto	
เดินช้าๆ หน่อย	Doen Cha Cha Noi	dhə̄n chā~ chā~ nɔ̄iˇ	走慢一點	engine-auto	
ผมตามไม่ทัน	Phom Tam Mai Than	pomˊ dām maiˋ tan	我跟不上（男）	engine-auto	
ทำไมอาหารมาช้าอย่างนี้	Thammai Ahan Ma Cha Yang Ni	tam mai ā hānˊ mā chā~ yāngˋ nī~	為什麼上菜這麼慢	engine-auto	
สูง	Sung	sūngˊ	高	engine-auto	
คุณสูงเท่าไหร่	Khun Sung Thaorai	kun sūngˊ tāuˋ raiˇ	你多高	engine-auto	
ผมสูง 180 เซน	Phom Sung Roi Paet Sip Sen	pomˊ sūngˊ 180 sēn	我 180 公分高（男）	engine-auto	
ฉันสูง 180 เซน	Chan Sung Roi Paet Sip Sen	chanˊ sūngˊ 180 sēn	我 180 公分高（女）	engine-auto	
ไทเป 101 สูงเท่าไหร่	Taipei Nueng Sun Nueng Sung Thaorai	tai bē 101 sūngˊ tāuˋ raiˇ	台北 101 多高	engine-auto	
เขาเสียงสูงมาก	Khao Siang Sung Mak	kāuˊ sīangˊ sūngˊ mākˋ	他聲音很高	engine-auto	
เตี้ย	Tia	dīaˋ	矮	engine-auto	
ฉันเตี้ยกว่าน้องสาว	Chan Tia Kwa Nong Sao	chanˊ dīaˋ gwāˇ nɔ̄ng~ sāuˊ	我比妹妹矮	engine-auto	
ผมเตี้ยกว่าน้องสาว	Phom Tia Kwa Nong Sao	pomˊ dīaˋ gwāˇ nɔ̄ng~ sāuˊ	我比妹妹矮（男）	engine-auto	
พี่สาวเตี้ยที่สุด	Phi Sao Tia Thi Sut	pīˋ sāuˊ dīaˋ tīˋ sutˇ	姐姐最矮	engine-auto	
ต่ำ	Tam	damˇ	低	engine-auto	
คะแนนต่ำ	Khanaen Tam	ka~ nɛ̄n damˇ	分數低	engine-auto	
ทำไมคะแนนต่ำอย่างนี้	Thammai Khanaen Tam Yang Ni	tam mai ka~ nɛ̄n damˇ yāngˋ nī~	為什麼分數這麼低	engine-auto	
คะแนนเต็มเท่าไหร่	Khanaen Tem Thaorai	ka~ nɛ̄n dem tāuˋ raiˇ	滿分是多少	engine-auto	
ลงคะแนน	Long Khanaen	long ka~ nɛ̄n	投票 / 下分數	engine-auto	
คุณลงคะแนนให้ใคร	Khun Long Khanaen Hai Khrai	kun long ka~ nɛ̄n haiˋ krai	你投票給誰	engine-auto	
ง่าย	Ngai	ngāiˋ	容易 / 簡單	engine-auto	
เหนื่อยง่าย	Nueai Ngai	nɯ̄aiˇ ngāiˋ	容易累	engine-auto	
ลืมง่าย	Luem Ngai	lɯ̄m ngāiˋ	容易忘記	engine-auto	
หิวง่าย	Hiu Ngai	hiwˊ ngāiˋ	容易餓	engine-auto	
ภาษาไทยง่าย ภาษาไทยไม่ยาก	Phasa Thai Ngai Phasa Thai Mai Yak	pā sāˊ tai ngāiˋ pā sāˊ tai maiˋ yākˋ	泰文容易，泰文不難	engine-auto	
พูดง่ายแต่ทำยาก	Phut Ngai Tae Tham Yak	pūtˋ ngāiˋ dɛ̄ˇ tam yākˋ	說得很簡單，但很難做	engine-auto	
ผอม	Phom	pɔ̄mˊ	瘦	book-exact	(book-exact已用引擎重新驗證)
ฉันคิดว่าตัวเองผอมมาก	Chan Khit Wa Tua Eng Phom Mak	chanˊ kit~ wāˋ dūa ēng pɔ̄mˊ mākˋ	我覺得自己很瘦	engine-auto	
หุ่นดี	Hun Di	hunˇ dhī	身材好	engine-auto	
หุ่น	Hun	hunˇ	身材	engine-auto	
ถ้าอยากหุ่นดีต้องออกกำลังกาย	Tha Yak Hun Di Tong Ok Kamlang Kai	tāˋ yākˋ hunˇ dhī dɔ̄ngˋ ɔ̄kˇ gam lang gāi	如果想要身材好，要運動	engine-auto	
ถ้าอยากหุ่นดีต้องกินน้อย	Tha Yak Hun Di Tong Kin Noi	tāˋ yākˋ hunˇ dhī dɔ̄ngˋ gin nɔ̄i~	如果想要身材好，要少吃	engine-auto	
ต้องกินน้อยๆ	Tong Kin Noi Noi	dɔ̄ngˋ gin nɔ̄i~ nɔ̄i~	要吃少一點（強調）	engine-auto	
ถ้าอยากหุ่นดีต้องกินน้อยๆ	Tha Yak Hun Di Tong Kin Noi Noi	tāˋ yākˋ hunˇ dhī dɔ̄ngˋ gin nɔ̄i~ nɔ̄i~	如果想要身材好，要少吃一點	engine-auto	
ถ้าอยากหุ่นดีต้องกินแต่ไข่ต้ม	Tha Yak Hun Di Tong Kin Tae Khai Tom	tāˋ yākˋ hunˇ dhī dɔ̄ngˋ gin dɛ̄ˇ kaiˇ domˋ	如果想要身材好，只能吃水煮蛋	engine-auto	
ออกกำลังกาย	Ok Kamlang Kai	ɔ̄kˇ gam lang gāi	運動	engine-auto	
ออกกำลังกายทำให้เราแข็งแรง	Ok Kamlang Kai Tham Hai Rao Khaeng Raeng	ɔ̄kˇ gam lang gāi tam haiˋ rāu kɛngˊ rɛ̄ng	運動讓我們強壯	engine-auto	
คุณชอบออกกำลังกายไหม	Khun Chop Ok Kamlang Kai Mai	kun chɔ̄pˋ ɔ̄kˇ gam lang gāi maiˊ	你喜歡運動嗎	engine-auto	
ไม่มีเวลาไปออกกำลังกาย	Mai Mi Wela Pai Ok Kamlang Kai	maiˋ mī wē lā bai ɔ̄kˇ gam lang gāi	沒有時間去運動	engine-auto	
ทั้ง...ทั้ง...	Thang Thang	tang~...tang~...	又...又...	engine-auto	
ทั้งเตี้ยทั้งอ้วน	Thang Tia Thang Uan	tang~ dīaˋ tang~ ūanˋ	又矮又胖	book-exact	(book-exact已用引擎重新驗證)
ทั้งถูกทั้งดี	Thang Thuk Thang Di	tang~ tūkˇ tang~ dhī	又便宜又好	engine-auto	
ผู้ชายคนนี้ทั้งหล่อทั้งรวย	Phu Chai Khon Ni Thang Lo Thang Ruay	pūˋ chāi kon nī~ tang~ lɔ̄ˇ tang~ rūay	這個男人又帥又有錢	engine-auto	
ผู้หญิงคนนี้ทั้งสูงทั้งหุ่นดี	Phu Ying Khon Ni Thang Sung Thang Hun Di	pūˋ yingˊ kon nī~ tang~ sūngˊ tang~ hunˇ dhī	這個女人又高又身材好	engine-auto	
เต้นแอโรบิก	Ten Aerobik	dēnˋ ɛ̄ rō bhikˇ	跳有氧體操	engine-auto	
ฟังเพลงไปเต้นไป	Fang Phleng Pai Ten Pai	fang plēng bai dēnˋ bai	一邊聽歌一邊跳舞	engine-auto	
เต้นไม่หยุด	Ten Mai Yut	dēnˋ maiˋ yutˇ	跳個不停	engine-auto	
ทั้งร้องทั้งเต้น	Thang Rong Thang Ten	tang~ rɔ̄ng~ tang~ dēnˋ	又唱又跳	engine-auto	
วิธี	Withi	wi~ tī	方法	engine-auto	
วิธีลดความอ้วน	Withi Lot Khwam Uan	wi~ tī lot~ kwām ūanˋ	減肥的方法	book-exact	(book-exact已用引擎重新驗證)
มีหลายวิธี	Mi Lai Withi	mī lāiˊ wi~ tī	有好幾個方法	engine-auto	
วิธีที่หนึ่ง	Withi Thi Nueng	wi~ tī tīˋ nɯngˇ	第一個方法	engine-auto	
วิธีแรก	Withi Raek	wi~ tī rɛ̄kˋ	第一個方法	engine-auto	
เหมือนกัน	Muean Kan	mɯ̄anˊ gan	一樣	engine-auto	
อยากนอน	Yak Non	yākˋ nɔ̄n	想睡覺	engine-auto	
แพงเกินไป ชอบแค่ไหน ก็ไม่ซื้อ	Phaeng Koen Pai Chop Khae Nai Ko Mai Sue	pɛ̄ng gə̄n bai chɔ̄pˋ kɛ̄ˋ naiˊ gɔ̄ˋ maiˋ sɯ̄~	太貴了，多喜歡也不買	engine-auto	
แค่ไหน	Khae Nai	kɛ̄ˋ naiˊ	多麼 / 多少	engine-auto	
อร่อยแค่ไหน ก็ไม่กิน	Aroi Khae Nai Ko Mai Kin	aˇ rɔ̄iˋ kɛ̄ˋ naiˊ gɔ̄ˋ maiˋ gin	多好吃也不吃	engine-auto	
เอาแค่ไหน	Ao Khae Nai	au kɛ̄ˋ naiˊ	要多少	engine-auto	
สั้นแค่ไหน	San Khae Nai	sanˋ kɛ̄ˋ naiˊ	剪多短	engine-auto	
แค่นี้	Khae Ni	kɛ̄ˋ nī~	就這樣	engine-auto	
ปัญหา	Panha	ban hāˊ	問題	engine-auto	
แค่นี้ไม่มีปัญหา	Khae Ni Mai Mi Panha	kɛ̄ˋ nī~ maiˋ mī ban hāˊ	就這樣，沒問題	engine-auto	
แค่	Khae	kɛ̄ˋ	只	engine-auto	
เรียนภาษาไทยแค่ปีเดียวเอง	Rian Phasa Thai Khae Pi Diao Eng	rīan pā sāˊ tai kɛ̄ˋ bī dhīau ēng	只學泰文一年而已	book-exact	(book-exact已用引擎重新驗證)
ปีเดียว	Pi Diao	bī dhīau	一年	engine-auto	
เอง	Eng	ēng	而已	engine-auto	
ตั้งใจ	Tang Chai	dangˋ jai	認真	book-exact	(book-exact已用引擎重新驗證)
สอน	Son	sɔ̄nˊ	教	engine-auto	
ตั้งใจสอน	Tang Chai Son	dangˋ jai sɔ̄nˊ	認真教	engine-auto	
สอนภาษาไทย	Son Phasa Thai	sɔ̄nˊ pā sāˊ tai	教泰文	engine-auto	
ฉันสอนคุณ	Chan Son Khun	chanˊ sɔ̄nˊ kun	我教你	engine-auto	
ตั้งใจเรียน	Tang Chai Rian	dangˋ jai rīan	認真學習 / 認真上課	engine-auto	
ตั้งใจเรียนไหม	Tang Chai Rian Mai	dangˋ jai rīan maiˊ	有認真上課嗎	engine-auto	
ตั้งใจมาก	Tang Chai Mak	dangˋ jai mākˋ	很認真	engine-auto	
ตั้งใจจะ	Tang Chai Cha	dangˋ jai jaˇ	打算要	engine-auto	
ตั้งใจจะไปญี่ปุ่น	Tang Chai Cha Pai Yipun	dangˋ jai jaˇ bai yīˋ bunˇ	打算要去日本	engine-auto	
ตั้งใจ	Tang Chai	dangˋ jai	故意	book-exact	(book-exact已用引擎重新驗證)
ขอโทษครับ ผมไม่ได้ตั้งใจ	Kho Thot Khrap Phom Mai Dai Tang Chai	kɔ̄ˊ tōtˋ krap~ pomˊ maiˋ dhaiˋ dangˋ jai	對不起，我不是故意的	engine-auto	
เบื่อ	Buea	bhɯ̄aˇ	無聊 / 厭煩	engine-auto	
เบื่องานมากๆ	Buea Ngan Mak Mak	bhɯ̄aˇ ngān mākˋ mākˋ	非常厭煩工作	engine-auto	
เบื่อแฟน	Buea Faen	bhɯ̄aˇ fɛ̄n	厭煩情人	engine-auto	
เบื่อบ้าน	Buea Ban	bhɯ̄aˇ bhānˋ	厭煩家裡	engine-auto	
เบื่อจะตายแล้ว	Buea Cha Tai Laeo	bhɯ̄aˇ jaˇ dāi lɛ̄u~	煩死了 / 厭煩到要死了	engine-auto	
ร้อนจะตายแล้ว	Ron Cha Tai Laeo	rɔ̄n~ jaˇ dāi lɛ̄u~	熱死了	engine-auto	
กินเบื่อแล้ว	Kin Buea Laeo	gin bhɯ̄aˇ lɛ̄u~	吃膩了	engine-auto	
กินมาม่าทุกวัน กินเบื่อแล้ว	Kin Mama Thuk Wan Kin Buea Laeo	gin mā māˋ tuk~ wan gin bhɯ̄aˇ lɛ̄u~	每天吃泡麵，吃膩了	engine-auto	
กินเท่าไหร่ก็ไม่เบื่อ	Kin Thaorai Ko Mai Buea	gin tāuˋ raiˇ gɔ̄ˋ maiˋ bhɯ̄aˇ	吃多少也不膩	engine-auto	
เซ็งจะตายแล้ว	Seng Cha Tai Laeo	seng jaˇ dāi lɛ̄u~	煩悶 / 煩死了	engine-auto	
เซ็งมาก	Seng Mak	seng mākˋ	很煩	engine-auto	
ซวย	Suay	sūay	倒霉	engine-auto	
น่าเบื่อ	Na Buea	nāˋ bhɯ̄aˇ	令人覺得無聊 / 好無聊	engine-auto	
น่ารำคาญ	Na Ramkhan	nāˋ ram kān	令人煩躁	engine-auto	
ขยัน	Khayan	kaˇ yanˊ	勤奮 / 勤勞	book-exact	(book-exact已用引擎重新驗證)
ฉันก็เหมือนกัน	Chan Ko Muean Kan	chanˊ gɔ̄ˋ mɯ̄anˊ gan	我也是（勤勞工作）	engine-auto	
เก็บเงิน / เก็บตังค์	Kep Ngoen / Kep Tang	gepˇ ngə̄n / gepˇ dang	存錢 / 結帳	engine-auto	
พี่คะ / น้องคะ เก็บเงินค่ะ	Phi Kha / Nong Kha Kep Ngoen Kha	pīˋ ka~ / nɔ̄ng~ ka~ gepˇ ngə̄n kaˋ	哥哥/姐姐 結帳	engine-auto	
แพงจัง	Phaeng Chang	pɛ̄ng jang	真貴	engine-auto	
ร้อนจัง	Ron Chang	rɔ̄n~ jang	真熱	engine-auto	
น่ารักจัง	Na Rak Chang	nāˋ rak~ jang	真可愛	engine-auto	
เฉย	Choei	chə̄iˊ	無動於衷 / 還好 / 沒反應	engine-auto	
เฉยๆ	Choei Choei	chə̄iˊ chə̄iˊ	還好 / 馬馬虎虎	engine-auto	
อร่อยไหม เฉยๆ	Aroi Mai Choei Choei	aˇ rɔ̄iˋ maiˊ chə̄iˊ chə̄iˊ	好吃嗎？還好	engine-auto	
ดูเฉยๆ	Du Choei Choei	dhū chə̄iˊ chə̄iˊ	只是看看	engine-auto	
คิดเฉยๆ	Khit Choei Choei	kit~ chə̄iˊ chə̄iˊ	只是想想	engine-auto	
อยู่เฉยๆ	Yu Choei Choei	yūˋ chə̄iˊ chə̄iˊ	乖乖待著 / 不要動	engine-auto	
โทรหาเฉยๆ	Tho Ha Choei Choei	tōn hāˊ chə̄iˊ chə̄iˊ	只是打電話來（找某人）	engine-auto	
เดินเล่นเฉยๆ	Doen Len Choei Choei	dhə̄n lēnˋ chə̄iˊ chə̄iˊ	只是散散步	engine-auto	
ทำหน้าเฉยๆ	Tham Na Choei Choei	tam nāˋ chə̄iˊ chə̄iˊ	面無表情 / 做一個沒反應的臉	engine-auto	
น่าเบื่อ	Na Buea	nāˋ bhɯ̄aˇ	好無聊 / 令人覺得無聊	engine-auto	
น่ารำคาญ	Na Ramkhan	nāˋ ram kān	令人煩躁	engine-auto	
สะดวก	Saduak	saˇ dhūakˇ	方便	book-exact	(book-exact已用引擎重新驗證)
ติดต่อ	Tittat	ditˇ dɔ̄ˇ	聯絡	book-exact	(book-exact已用引擎重新驗證)
ถ้ามีปัญหาต้องติดต่อใคร	Tha Mi Panha Tong Tittat Khrai	tāˋ mī ban hāˊ dɔ̄ngˋ ditˇ dɔ̄ˇ krai	如果有問題要跟誰聯絡	engine-auto	
พิเศษ	Phiset	pi~ sētˇ	特別	engine-auto	
คนพิเศษ	Khon Phiset	kon pi~ sētˇ	特別的人	engine-auto	
ราคาพิเศษ	Rakha Phiset	rā kā pi~ sētˇ	特價	engine-auto	
เรียนพิเศษ	Rian Phiset	rīan pi~ sētˇ	補習 / 特別學習	engine-auto	
ไปเรียนพิเศษ	Pai Rian Phiset	bai rīan pi~ sētˇ	去補習	engine-auto	
สำคัญ	Samkhan	samˊ kan	重要	engine-auto	
ธุระสำคัญ	Thurak Samkhan	tu~ ra~ samˊ kan	要務 / 重要任務	engine-auto	
เรื่องสำคัญ	Rueang Samkhan	rɯ̄angˋ samˊ kan	重要的事情	engine-auto	
เอกสารสำคัญ	Ekkasan Samkhan	ēkˇ sānˊ samˊ kan	重要文件	engine-auto	
ถ่ายเอกสาร	Thai Ekkasan	tāiˇ ēkˇ sānˊ	影印	engine-auto	
อย่าทำหาย	Ya Tham Hai	yāˋ tam hāiˊ	別弄丟	engine-auto	
สุขภาพสำคัญที่สุด	Sukkhaphap Samkhan Thi Sut	sukˇ pāpˋ samˊ kan tīˋ sutˇ	健康最重要	engine-auto	
เห็นด้วยไหม	Hen Duai Mai	henˊ dhūayˋ maiˊ	同意嗎	engine-auto	
อุ่น	Un	unˇ	溫	engine-auto	
ยังอุ่นอยู่	Yang Un Yu	yang unˇ yūˋ	還溫著呢	engine-auto	
รีบกิน	Rip Kin	rīpˋ gin	趕快吃	engine-auto	
เครื่องทำน้ำอุ่น	Khrueang Tham Nam Un	krɯ̄angˋ tam nām~ unˇ	熱水器	engine-auto	
น้ำร้อน	Nam Ron	nām~ rɔ̄n~	熱水	engine-auto	
เครื่องทำน้ำอุ่นเสีย	Khrueang Tham Nam Un Sia	krɯ̄angˋ tam nām~ unˇ sīaˊ	熱水器壞了	engine-auto	
ช่วยอุ่นให้หน่อย	Chuay Un Hai Noi	chūayˋ unˇ haiˋ nɔ̄iˇ	請幫我加熱一下	engine-auto	
เวฟไหมคะ	Web Mai Kha	wēpˋ maiˊ ka~	要微波嗎	engine-auto	
ช่วยเวฟให้หน่อย	Chuay Web Hai Noi	chūayˋ wēpˋ haiˋ nɔ̄iˇ	請幫我微波一下	engine-auto	
เวฟกี่นาที	Web Ki Nathi	wēpˋ gīˇ nā tī	微波幾分鐘	engine-auto	
ปลอดภัย	Plot Phai	blɔ̄tˇ pai	安全	book-exact	(book-exact已用引擎重新驗證)
ปลอดภัยไว้ก่อน	Plot Phai Wai Kon	blɔ̄tˇ pai wai~ gɔ̄nˇ	安全第一	book-exact	(book-exact已用引擎重新驗證)
อันตราย	Antarai	an drāi	危險 / 危害	engine-auto	
ต่อ	To	dɔ̄ˇ	對... / 繼續	engine-auto	
อันตรายต่อสุขภาพ	Antarai To Sukkhaphap	an drāi dɔ̄ˇ sukˇ pāpˋ	危害健康	engine-auto	
มืด	Mueat	mɯ̄tˋ	暗	engine-auto	
ห้องมืด	Hong Mueat	hɔ̄ngˋ mɯ̄tˋ	房間暗	engine-auto	
หน้ามืด	Na Mueat	nāˋ mɯ̄tˋ	眼前發黑 / 暈倒	engine-auto	
ตลาดมืด	Talat Mueat	daˇ lātˋ mɯ̄tˋ	黑市	engine-auto	
ม้ามืด	Ma Mueat	mā~ mɯ̄tˋ	黑馬	engine-auto	
เขาเป็นม้ามืด	Khao Pen Ma Mueat	kāuˊ ben mā~ mɯ̄tˋ	他是黑馬	engine-auto	
สุขสันต์วันตรุษจีน	Suk San Wan Trut Chin	sukˇ sanˊ wan drutˇ jīn	新春快樂	engine-auto	
ขึ้น	khuen	kɯnˋ	上 / 起來	engine-auto	
กินแล้วก็นอน	kin laeo ko non	gin lɛ̄u~ gɔ̄ˋ nɔ̄n	吃然後睡覺	engine-auto	
นอนแล้วก็กิน	non laeo ko kin	nɔ̄n lɛ̄u~ gɔ̄ˋ gin	睡覺然後吃	engine-auto	
หวังว่าทุกคนจำภาษาไทยได้	wang wa thuk khon cham phasa thai dai	wangˊ wāˋ tuk~ kon jam pā sāˊ tai dhaiˋ	希望大家還記得泰文	engine-auto	
อยากนอน	yak non	yākˋ nɔ̄n	想睡覺	engine-auto	
อย่าขับรถดีกว่า	ya khap rot di kwa	yāˋ kapˇ rot~ dhī gwāˇ	別開車比較好	engine-auto	
เหมือน	muean	mɯ̄anˊ	像 / 一樣	engine-auto	
โง่เหมือนควาย	ngo muean khwai	ngōˋ mɯ̄anˊ kwāi	笨如水牛	engine-auto	
พี่สาวหน้าเหมือนแม่	phi sao na muean mae	pīˋ sāuˊ nāˋ mɯ̄anˊ mɛ̄ˋ	姐姐的臉長得跟媽媽一樣	engine-auto	
เอาเหมือนกับโต๊ะข้างๆ	ao muean kap to khang khang	au mɯ̄anˊ gapˇ do~ kāngˋ kāngˋ	要跟隔壁桌一樣的菜	engine-auto	
เอาเหมือนโต๊ะข้างๆ	ao muean to khang khang	au mɯ̄anˊ do~ kāngˋ kāngˋ	要跟隔壁桌一樣的菜（省略語）	engine-auto	
ผมก็ไม่กล้ากินเหมือนกัน	phom ko mai kla kin muean kan	pomˊ gɔ̄ˋ maiˋ glāˋ gin mɯ̄anˊ gan	我也一樣不敢吃（男）	engine-auto	
ฉันก็ไม่กล้ากินเหมือนกัน	chan ko mai kla kin muean kan	chanˊ gɔ̄ˋ maiˋ glāˋ gin mɯ̄anˊ gan	我也一樣不敢吃（女）	engine-auto	
ผมก็ชอบเหมือนกัน	phom ko chop muean kan	pomˊ gɔ̄ˋ chɔ̄pˋ mɯ̄anˊ gan	我也一樣喜歡	engine-auto	
ผมก็กลัวเหมือนกัน	phom ko klua muean kan	pomˊ gɔ̄ˋ glūa mɯ̄anˊ gan	我也一樣怕（男）	engine-auto	
ฉันก็กลัวเหมือนกัน	chan ko klua muean kan	chanˊ gɔ̄ˋ glūa mɯ̄anˊ gan	我也一樣怕（女）	engine-auto	
ชอบแค่ไหนก็ไม่ซื้อ	chop khae nai ko mai sue	chɔ̄pˋ kɛ̄ˋ naiˊ gɔ̄ˋ maiˋ sɯ̄~	多喜歡也不買	engine-auto	
แค่ไหน	khae nai	kɛ̄ˋ naiˊ	多麼	engine-auto	
เก่งแค่ไหน ถ้าขี้เกียจก็ไม่รวย	keng khae nai tha khikiat ko mai ruai	gēngˇ kɛ̄ˋ naiˊ tāˋ kīˋ gīatˇ gɔ̄ˋ maiˋ rūay	不管多麼厲害，如果懶惰，就不會富有	engine-auto	
แพงแค่ไหนก็จะซื้อ	phaeng khae nai ko cha sue	pɛ̄ng kɛ̄ˋ naiˊ gɔ̄ˋ jaˇ sɯ̄~	不管多貴也會買	engine-auto	
เอาเผ็ดแค่ไหน	ao phet khae nai	au petˇ kɛ̄ˋ naiˊ	要多辣呢？	engine-auto	
แค่นี้พอไหม	khae ni pho mai	kɛ̄ˋ nī~ pɔ̄ maiˊ	這樣夠嗎？	engine-auto	
แค่นี้พอแล้ว	khae ni pho laeo	kɛ̄ˋ nī~ pɔ̄ lɛ̄u~	這樣夠了	engine-auto	
แค่นี้ไม่พอ	khae ni mai pho	kɛ̄ˋ nī~ maiˋ pɔ̄	這樣不夠	engine-auto	
แค่นี้นะ บ๊ายบาย	khae ni na baibai	kɛ̄ˋ nī~ na~ bhāi~ bhāi	就這樣喔，掰掰	engine-auto	
ตัดผม	tat phom	datˇ pomˊ	剪頭髮	engine-auto	
ตัดสั้นแค่นี้พอ	tat san khae ni pho	datˇ sanˋ kɛ̄ˋ nī~ pɔ̄	剪這樣短就夠	engine-auto	
ถ้ามีปัญหา เอากลับมาเปลี่ยนได้ไหม	tha mi panha ao klap ma plian dai mai	tāˋ mī ban hāˊ au glapˇ mā blīanˇ dhaiˋ maiˊ	如果有問題，可以拿來換嗎？	engine-auto	
ถ้ามีปัญหา ต้องติดต่อใคร	tha mi panha tong tiktio khrai	tāˋ mī ban hāˊ dɔ̄ngˋ ditˇ dɔ̄ˇ krai	如果有問題，要跟誰聯絡？	engine-auto	
ตั้งใจ	tangchai	dangˋ jai	刻意 / 認真	book-exact	(book-exact已用引擎重新驗證)
พระเอก	phra ek	pra~ ēkˇ	男主角	book-exact	(book-exact已用引擎重新驗證)
นางเอก	nang ek	nāng ēkˇ	女主角	engine-auto	
ขอโทษนะ ผมไม่ได้ตั้งใจทำให้คุณเสียใจ	khothot na phom mai dai tangchai tham hai khun siachai	kɔ̄ˊ tōtˋ na~ pomˊ maiˋ dhaiˋ dangˋ jai tam haiˋ kun sīaˊ jai	對不起喔，我不是故意讓你傷心難過	engine-auto	
ขอโทษนะ ฉันไม่ได้ตั้งใจ	khothot na chan mai dai tangchai	kɔ̄ˊ tōtˋ na~ chanˊ maiˋ dhaiˋ dangˋ jai	對不起，我不是故意的	engine-auto	
ทำอะไรก็ต้องตั้งใจ	tham arai ko tong tangchai	tam aˇ rai gɔ̄ˋ dɔ̄ngˋ dangˋ jai	做什麼都要認真	engine-auto	
ตั้งใจเรียน	tangchai rian	dangˋ jai rīan	認真上課	engine-auto	
ตั้งใจสอน	tangchai sorn	dangˋ jai sɔ̄nˊ	認真教書	engine-auto	
ขยัน	khayan	kaˇ yanˊ	勤勞 / 努力	book-exact	(book-exact已用引擎重新驗證)
การบ้าน	kanban	gān bhānˋ	作業 / 功課	engine-auto	
เด็กๆ ไม่ยอมทำการบ้าน	dek dek mai yom tham kanban	dhekˇ dhekˇ maiˋ yɔ̄m tam gān bhānˋ	小朋友們不肯做作業	engine-auto	
ตอนเด็ก คุณการบ้านเยอะไหม	torn dek khun kanban yoe mai	dɔ̄n dhekˇ kun gān bhānˋ yə~ maiˊ	小時候你有很多作業嗎？	engine-auto	
สะดวก	saduak	saˇ dhūakˇ	方便	book-exact	(book-exact已用引擎重新驗證)
กำลังเรียนภาษาไทยอยู่	kamlang rian phasa thai yu	gam lang rīan pā sāˊ tai yūˋ	正在學泰文	engine-auto	
ต้องติดต่อเบอร์ 0213456789	tong tiktio boe sun song nueng sam si ha hok chet paet kao	dɔ̄ngˋ ditˇ dɔ̄ˇ bhə̄ 0213456789	要聯絡這個號碼	engine-auto	
สำคัญ	samkhan	samˊ kan	重要	engine-auto	
เรื่องนี้สำคัญมาก	rueang ni samkhan mak	rɯ̄angˋ nī~ samˊ kan mākˋ	這件事情很重要	engine-auto	
ไม่มีอะไรสำคัญกว่าคุณ	mai mi arai samkhan kwa khun	maiˋ mī aˇ rai samˊ kan gwāˇ kun	沒什麼比你重要	engine-auto	
ไม่มีอะไรสำคัญกว่าเงิน	mai mi arai samkhan kwa ngoen	maiˋ mī aˇ rai samˊ kan gwāˇ ngə̄n	沒什麼比錢重要	engine-auto	
ไม่มีอะไรสำคัญกว่าสุขภาพ	mai mi arai samkhan kwa sukhaphap	maiˋ mī aˇ rai samˊ kan gwāˇ sukˇ pāpˋ	沒什麼比健康重要	engine-auto	
เบื่อ	buea	bhɯ̄aˇ	膩了 / 無聊	engine-auto	
กินทุกวัน กินเบื่อแล้ว	kin thuk wan kin buea laeo	gin tuk~ wan gin bhɯ̄aˇ lɛ̄u~	每天都吃，吃膩了	engine-auto	
ฟังทุกวัน ฟังเบื่อแล้ว	fang thuk wan fang buea laeo	fang tuk~ wan fang bhɯ̄aˇ lɛ̄u~	每天都聽，聽膩了	engine-auto	
เบื่อเบื่อ เบื่อจะตายแล้ว	buea buea buea cha tai laeo	bhɯ̄aˇ bhɯ̄aˇ bhɯ̄aˇ jaˇ dāi lɛ̄u~	無聊死了	engine-auto	
เฉย	choei	chə̄iˊ	沒感覺 / 平淡	engine-auto	
หนังเรื่องนี้สนุกไหม	nang rueang ni sanuk mai	nangˊ rɯ̄angˋ nī~ saˇ nuk~ maiˊ	這部電影有趣嗎？	engine-auto	
เฉยเฉย	choei choei	chə̄iˊ chə̄iˊ	還好 / 普通	engine-auto	
หนังเรื่องนี้เฉยเฉย	nang rueang ni choei choei	nangˊ rɯ̄angˋ nī~ chə̄iˊ chə̄iˊ	這部電影普通	engine-auto	
ร้านนี้อร่อยไหม	ran ni aroi mai	rān~ nī~ aˇ rɔ̄iˋ maiˊ	這間餐廳好吃嗎？	engine-auto	
ร้านนี้เฉยเฉย	ran ni choei choei	rān~ nī~ chə̄iˊ chə̄iˊ	這間餐廳普通	engine-auto	
ใช้ได้	chai dai	chai~ dhaiˋ	還可以 / 不錯	engine-auto	
เศรษฐี	setthi	srētˇ tīˊ	富翁	engine-auto	
พิเศษ	phiset	pi~ sētˇ	特別	engine-auto	
ข้าวขาหมูพิเศษหนึ่งจาน	khaokhamu phiset nueng chan	kāuˋ kāˊ mūˊ pi~ sētˇ nɯngˇ jān	大份豬腳飯一盤	engine-auto	
ราคานี้เป็นราคาพิเศษแล้ว	rakha ni pen rakha phiset laeo	rā kā nī~ ben rā kā pi~ sētˇ lɛ̄u~	這個價格已經是特價了	engine-auto	
วันนี้เป็นวันพิเศษ	wan ni pen wan phiset	wan nī~ ben wan pi~ sētˇ	今天是個特別的日子	engine-auto	
อุ่น	un	unˇ	溫 / 加熱	engine-auto	
ถ้าเจ็บคอ ต้องกินน้ำอุ่นเยอะๆ	tha chep kho tong kin nam un yoe yoe	tāˋ jepˇ kɔ̄ dɔ̄ngˋ gin nām~ unˇ yə~ yə~	如果喉嚨痛，要多喝溫水	engine-auto	
เครื่องทำน้ำอุ่น	khruang tham nam un	krɯ̄angˋ tam nām~ unˇ	熱水器	engine-auto	
ที่ห้องเครื่องทำน้ำอุ่นเสียครับ	thi hong khruang tham nam un sia khrap	tīˋ hɔ̄ngˋ krɯ̄angˋ tam nām~ unˇ sīaˊ krap~	房間的熱水器壞了	engine-auto	
ช่วยอุ่นให้หน่อยค่ะ	chuai un hai noi kha	chūayˋ unˇ haiˋ nɔ̄iˇ kaˋ	請幫我加熱一下	engine-auto	
ช่วยเวฟให้หน่อยค่ะ	chuai wep hai noi kha	chūayˋ wēpˋ haiˋ nɔ̄iˇ kaˋ	請幫我微波一下	engine-auto	
ปลอดภัย	plort phai	blɔ̄tˇ pai	安全	book-exact	(book-exact已用引擎重新驗證)
ปลอดภัยไว้ก่อน	plort phai wai korn	blɔ̄tˇ pai wai~ gɔ̄nˇ	安全第一	book-exact	(book-exact已用引擎重新驗證)
ฉันคิดว่าวิธีนี้ปลอดภัยที่สุด	chan khit wa withi ni plort phai thi sut	chanˊ kit~ wāˋ wi~ tī nī~ blɔ̄tˇ pai tīˋ sutˇ	我認為這個方法是最安全的	engine-auto	
อันตราย	antarai	an drāi	危險	engine-auto	
ที่นั่นอันตรายไหม	thi nan antarai mai	tīˋ nanˋ an drāi maiˊ	那邊危險嗎？	engine-auto	
ที่นั่นอันตรายมาก คุณอย่าไปดีกว่า	thi nan antarai mak khun ya pai di kwa	tīˋ nanˋ an drāi mākˋ kun yāˋ bai dhī gwāˇ	那邊很危險，你別去比較好	engine-auto	
อันตรายต่อสุขภาพ	antarai tor sukhaphap	an drāi dɔ̄ˇ sukˇ pāpˋ	危害健康	engine-auto	
มืด	muet	mɯ̄tˋ	暗	engine-auto	
ฟ้ามืดแล้ว	fa muet laeo	fā~ mɯ̄tˋ lɛ̄u~	天黑了	engine-auto	
ห้องมืดเกินไป	hong muet koen pai	hɔ̄ngˋ mɯ̄tˋ gə̄n bai	房間太暗了	engine-auto	
ห้องมืดไป	hong muet pai	hɔ̄ngˋ mɯ̄tˋ bai	房間太暗了（省略語）	engine-auto	
เขาเป็นม้ามืด	khao pen ma muet	kāuˊ ben mā~ mɯ̄tˋ	他是黑馬	engine-auto	
เป็น	pen	ben	是	book-exact	(book-exact已用引擎重新驗證)
ไม่ใช่	mai chai	maiˋ chaiˋ	不是	engine-auto	
รู้สึก	ru suek	rū~ sɯkˇ	感覺	engine-auto	
รู้สึกอะไรไหม	ru suek a rai mai	rū~ sɯkˇ aˇ rai maiˊ	有感覺到什麼嗎	engine-auto	
รู้สึกหนาว	ru suek nao	rū~ sɯkˇ nāuˊ	覺得很冷	engine-auto	
รู้สึกสนุก	ru suek sa nook	rū~ sɯkˇ saˇ nuk~	感到好玩	engine-auto	
รู้สึกแปลก	ru suek plaek	rū~ sɯkˇ blɛ̄kˇ	感覺奇怪	engine-auto	
รู้สึกแปลกจัง	ru suek plaek jang	rū~ sɯkˇ blɛ̄kˇ jang	感覺真奇怪	book-exact	(book-exact已用引擎重新驗證)
แปลก	plaek	blɛ̄kˇ	奇怪	engine-auto	
จัง	jang	jang	真的（口語）	engine-auto	
แปลกมาก	plaek mak	blɛ̄kˇ mākˋ	非常奇怪	engine-auto	
วันนี้คุณดูแปลกๆ	wan nee khun doo plaek plaek	wan nī~ kun dhū blɛ̄kˇ blɛ̄kˇ	今天你看起來怪怪的	engine-auto	
ร้อนจัง	ron jang	rɔ̄n~ jang	真熱	engine-auto	
น่ารักจัง	na rak jang	nāˋ rak~ jang	真可愛	engine-auto	
เก่งจัง	keng jang	gēngˇ jang	真厲害	engine-auto	
ชินแล้ว	chin laeo	chin lɛ̄u~	習慣了	engine-auto	
ชิน	chin	chin	習慣	engine-auto	
ชินหรือยัง	chin rue yang	chin rɯ̄ˊ yang	習慣了嗎	engine-auto	
ยังไม่ชิน	yang mai chin	yang maiˋ chin	還不習慣	engine-auto	
ชินแล้วก็เลยไม่รู้สึก	chin laeo kor loei mai ru suek	chin lɛ̄u~ gɔ̄ˋ lə̄i maiˋ rū~ sɯkˇ	習慣了所以就沒感覺了	book-exact	(book-exact已用引擎重新驗證)
ต่างกัน	tang kan	dāngˇ gan	不同、有差異	engine-auto	
ต่างกันยังไง	tang kan yang ngai	dāngˇ gan yang ngai	有什麼不同	engine-auto	
ช็อกโกแลตสองอันนี้ต่างกันยังไง	chock ko laet song an nee tang kan yang ngai	chɔ̄kˋ gō lɛ̄tˋ sɔ̄ngˊ an nī~ dāngˇ gan yang ngai	這兩個巧克力有什麼不同	engine-auto	
ราคาต่างกัน	ra kha tang kan	rā kā dāngˇ gan	價格不同	book-exact	(book-exact已用引擎重新驗證)
อันนี้หวานกว่า	an nee wan kwa	an nī~ wānˊ gwāˇ	這個比較甜	engine-auto	
อายุต่างกัน	a yu tang kan	ā yu~ dāngˇ gan	年紀不同	engine-auto	
ไต้หวันกับเมืองไทยเวลาต่างกันหนึ่งชั่วโมง	tai wan kap mueang thai ve la tang kan nueng chu a mong	daiˋ wanˊ gapˇ mɯ̄ang tai wē lā dāngˇ gan nɯngˇ chūaˋ mōng	台灣跟泰國時間差一小時	engine-auto	
สามทุ่มครึ่ง	sam thum khrueng	sāmˊ tumˋ krɯngˋ	九點半	engine-auto	
สองทุ่มครึ่ง	song thum khrueng	sɔ̄ngˊ tumˋ krɯngˋ	八點半	engine-auto	
เป็นโรคอะไร	pen rok a rai	ben rōkˋ aˇ rai	得了什麼病	engine-auto	
โรค	rok	rōkˋ	疾病	book-exact	(book-exact已用引擎重新驗證)
เป็น	pen	ben	是（患病）	book-exact	(book-exact已用引擎重新驗證)
เป็นโรคเบาหวาน	pen rok bao wan	ben rōkˋ bhāu wānˊ	患有糖尿病	book-exact	(book-exact已用引擎重新驗證)
เบาหวาน	bao wan	bhāu wānˊ	糖尿病	engine-auto	
มะเร็ง	ma reng	ma~ reng	癌症	engine-auto	
เขาเป็นมะเร็ง	khao pen ma reng	kāuˊ ben ma~ reng	他患有癌症	engine-auto	
เอดส์	et	ētˇ	愛滋病	engine-auto	
เขาเป็นเอดส์	khao pen et	kāuˊ ben ētˇ	他患有愛滋病	engine-auto	
กรอบ	krop	grɔ̄pˇ	很脆	book-exact	(book-exact已用引擎重新驗證)
คะน้าหมูกรอบ	khana moo krop	ka~ nā~ mūˊ grɔ̄pˇ	芥蘭脆皮豬肉	engine-auto	
หมูกรอบ	moo krop	mūˊ grɔ̄pˇ	脆皮豬肉（燒肉）	engine-auto	
ก็ชอบเหมือนกัน	kor chop muean kan	gɔ̄ˋ chɔ̄pˋ mɯ̄anˊ gan	也喜歡	engine-auto	
ไก่ทอดกรอบ	kai thot krop	gaiˇ tɔ̄tˋ grɔ̄pˇ	脆皮炸雞	engine-auto	
กินไก่ทอดกรอบไหมคะ	kin kai thot krop mai kha	gin gaiˇ tɔ̄tˋ grɔ̄pˇ maiˊ ka~	吃脆皮炸雞嗎？	engine-auto	
เอากรอบๆ หน่อย	ao krop krop noi	au grɔ̄pˇ grɔ̄pˇ nɔ̄iˇ	要脆一點	engine-auto	
มะระ	ma ra	ma~ ra~	苦瓜	engine-auto	
ประโยชน์	pra yote	braˇ yōtˋ	好處（有用）	engine-auto	
กลัว	klua	glūa	怕	engine-auto	
ตกงาน	tok ngan	dokˇ ngān	失業	engine-auto	
กลัวตกงานไหมคะ	klua tok ngan mai kha	glūa dokˇ ngān maiˊ ka~	怕失業嗎？	engine-auto	
กลัวตกเครื่อง	klua tok khrueang	glūa dokˇ krɯ̄angˋ	怕趕不上飛機	engine-auto	
เครื่องตก	khrueang tok	krɯ̄angˋ dokˇ	墜機	engine-auto	
กลัวติดโรค	klua tit rok	glūa ditˇ rōkˋ	怕染病	engine-auto	
ติด	tit	ditˇ	靠近（染、黏）	engine-auto	
ติดโรค	tit rok	ditˇ rōkˋ	染病	engine-auto	
ติดโควิด 19	tit covid sip kao	ditˇ kō wit~ 19	感染新冠肺炎	engine-auto	
กลัวเมียจับได้	klua mia chap dai	glūa mīa japˇ dhaiˋ	怕老婆抓到	engine-auto	
จับได้	chap dai	japˇ dhaiˋ	抓到	engine-auto	
เหม็น	men	menˊ	臭	book-exact	(book-exact已用引擎重新驗證)
เหม็นควันรถ	men khwan rot	menˊ kwan rot~	臭車煙	engine-auto	
ควัน	khwan	kwan	煙	engine-auto	
เหม็นควันบุหรี่	men khwan buri	menˊ kwan bhuˇ rīˇ	臭菸味	engine-auto	
เหม็นคาว	men khao	menˊ kāu	腥味	engine-auto	
เต้าหู้เหม็น	tao hoo men	dāuˋ hūˋ menˊ	臭豆腐	engine-auto	
ยิ่งเหม็นยิ่งอร่อย	ying men ying a roy	yingˋ menˊ yingˋ aˇ rɔ̄iˋ	越臭越好吃	engine-auto	
กลิ่น	klin	glinˇ	氣味	engine-auto	
กลิ่นตัว	klin tua	glinˇ dūa	體味	engine-auto	
กลิ่นตัวเหม็น	klin tua men	glinˇ dūa menˊ	體味很臭	engine-auto	
เขามีกลิ่นตัว	khao mee klin tua	kāuˊ mī glinˇ dūa	他有體味	engine-auto	
กลิ่นปาก	klin pak	glinˇ bākˇ	口臭	engine-auto	
กินกระเทียมเยอะมีกลิ่นปาก	kin kra thiam yer mee klin pak	gin graˇ tīam yə~ mī glinˇ bākˇ	吃很多大蒜會有口臭	engine-auto	
ไหม้	mai	maiˋ	燒焦	engine-auto	
กลิ่นไหม้	klin mai	glinˇ maiˋ	燒焦味	engine-auto	
ไหม้แล้ว	mai laeo	maiˋ lɛ̄u~	燒焦了	engine-auto	
หมูย่างไหม้แล้ว	moo yang mai laeo	mūˊ yāngˋ maiˋ lɛ̄u~	烤豬肉燒焦了	engine-auto	
กลิ่นแปลกๆ	klin plaek plaek	glinˇ blɛ̄kˇ blɛ̄kˇ	怪怪的味道	engine-auto	
ดุ	du	dhuˇ	兇	engine-auto	
ผีดุ	phee du	pīˊ dhuˇ	惡鬼	engine-auto	
เจ้านาย	chao nai	jāuˋ nāi	上司	engine-auto	
เจ้านายดุ	chao nai du	jāuˋ nāi dhuˇ	上司很兇	engine-auto	
หน้าดุ	na du	nāˋ dhuˇ	看起來很兇	engine-auto	
โดนพ่อดุ	don phor du	dhōn pɔ̄ˋ dhuˇ	被爸爸罵	engine-auto	
แย่	yae	yɛ̄ˋ	糟糕	engine-auto	
อากาศ	a kat	ā gātˇ	天氣	book-exact	(book-exact已用引擎重新驗證)
วันนี้อากาศเป็นยังไง	wan nee a kat pen yang ngai	wan nī~ ā gātˇ ben yang ngai	今天天氣怎麼樣	engine-auto	
อากาศเย็นสบาย	a kat yen sa bai	ā gātˇ yen saˇ bhāi	天氣涼爽舒適	engine-auto	
อาการ	a kan	ā gān	症狀	engine-auto	
อาการแย่	a kan yae	ā gān yɛ̄ˋ	症狀很糟	engine-auto	
นิสัย	ni sai	ni~ saiˊ	個性	engine-auto	
นิสัยแย่	ni sai yae	ni~ saiˊ yɛ̄ˋ	個性很糟	engine-auto	
คนนี้นิสัยแย่มาก	khon nee ni sai yae mak	kon nī~ ni~ saiˊ yɛ̄ˋ mākˋ	這個人個性很糟	engine-auto	
ขับรถแย่	khap rot yae	kapˇ rot~ yɛ̄ˋ	開車技術很爛	engine-auto	
รสชาติ	rot chaat	rot~ chātˋ	口味（味道）	book-exact	(book-exact已用引擎重新驗證)
อร่อยไหม	a roy mai	aˇ rɔ̄iˋ maiˊ	好吃嗎	engine-auto	
มาม่ารสอะไร	ma ma rot a rai	mā māˋ rot~ aˇ rai	泡麵什麼口味	book-exact	(book-exact已用引擎重新驗證)
.	.	.	.	engine-auto	
แย่	yae	yɛ̄ˋ	糟糕	engine-auto	
อากาศ	a kat	ā gātˇ	天氣	book-exact	(book-exact已用引擎重新驗證)
วันนี้อากาศเป็นยังไง	wan nee a kat pen yang ngai	wan nī~ ā gātˇ ben yang ngai	今天天氣怎麼樣	engine-auto	
อากาศเย็นสบาย	a kat yen sa bai	ā gātˇ yen saˇ bhāi	天氣涼爽舒適	engine-auto	
อาการ	a kan	ā gān	症狀	engine-auto	
อาการแย่	a kan yae	ā gān yɛ̄ˋ	症狀很糟	engine-auto	
นิสัย	ni sai	ni~ saiˊ	個性	engine-auto	
นิสัยแย่	ni sai yae	ni~ saiˊ yɛ̄ˋ	個性很糟	engine-auto	
คนนี้นิสัยแย่มาก	khon nee ni sai yae mak	kon nī~ ni~ saiˊ yɛ̄ˋ mākˋ	這個人個性很糟	engine-auto	
ขับรถแย่	khap rot yae	kapˇ rot~ yɛ̄ˋ	開車技術很爛	engine-auto	
รสชาติ	rot chaat	rot~ chātˋ	口味（味道）	book-exact	(book-exact已用引擎重新驗證)
อร่อยไหม	a roy mai	aˇ rɔ̄iˋ maiˊ	好吃嗎	engine-auto	
มาม่ารสอะไร	ma ma rot a rai	mā māˋ rot~ aˇ rai	泡麵什麼口味	book-exact	(book-exact已用引擎重新驗證)
รู้สึก	ru suek	rū~ sɯkˇ	感覺	engine-auto	
รู้สึกอะไรไหม	ru suek a rai mai	rū~ sɯkˇ aˇ rai maiˊ	有感覺到什麼嗎	engine-auto	
รู้สึกหนาว	ru suek nao	rū~ sɯkˇ nāuˊ	覺得很冷	engine-auto	
รู้สึกสนุก	ru suek sa nook	rū~ sɯkˇ saˇ nuk~	感到好玩	engine-auto	
รู้สึกแปลก	ru suek plaek	rū~ sɯkˇ blɛ̄kˇ	感覺奇怪	engine-auto	
รู้สึกแปลกจัง	ru suek plaek jang	rū~ sɯkˇ blɛ̄kˇ jang	感覺真奇怪	book-exact	(book-exact已用引擎重新驗證)
แปลก	plaek	blɛ̄kˇ	奇怪	engine-auto	
จัง	jang	jang	真的（口語）	engine-auto	
แปลกมาก	plaek mak	blɛ̄kˇ mākˋ	非常奇怪	engine-auto	
วันนี้คุณดูแปลกๆ	wan nee khun doo plaek plaek	wan nī~ kun dhū blɛ̄kˇ blɛ̄kˇ	今天你看起來怪怪的	engine-auto	
ร้อนจัง	ron jang	rɔ̄n~ jang	真熱	engine-auto	
น่ารักจัง	na rak jang	nāˋ rak~ jang	真可愛	engine-auto	
เก่งจัง	keng jang	gēngˇ jang	真厲害	engine-auto	
ชินแล้ว	chin laeo	chin lɛ̄u~	習慣了	engine-auto	
ชิน	chin	chin	習慣	engine-auto	
ชินหรือยัง	chin rue yang	chin rɯ̄ˊ yang	習慣了嗎	engine-auto	
還不進	yang mai chin	還不進	還不習慣	engine-auto	
ชินแล้วก็เลยไม่รู้สึก	chin laeo kor loei mai ru suek	chin lɛ̄u~ gɔ̄ˋ lə̄i maiˋ rū~ sɯkˇ	習慣了所以就沒感覺了	book-exact	(book-exact已用引擎重新驗證)
ต่างกัน	tang kan	dāngˇ gan	不同、有差異	engine-auto	
ต่างกันยังไง	tang kan yang ngai	dāngˇ gan yang ngai	有什麼不同	engine-auto	
ช็อกโกแลตสองอันนี้ต่างกันยังไง	chock ko laet song an nee tang kan yang ngai	chɔ̄kˋ gō lɛ̄tˋ sɔ̄ngˊ an nī~ dāngˇ gan yang ngai	這兩個巧克力有什麼不同	engine-auto	
ราคาต่างกัน	ra kha tang kan	rā kā dāngˇ gan	價格不同	book-exact	(book-exact已用引擎重新驗證)
อันนี้หวานกว่า	an nee wan kwa	an nī~ wānˊ gwāˇ	這個比較甜	engine-auto	
อายุต่างกัน	a yu tang kan	ā yu~ dāngˇ gan	年紀不同	engine-auto	
ไต้หวันกับเมืองไทยเวลาต่างกันหนึ่งชั่วโมง	tai wan kap mueang thai ve la tang kan nueng chu a mong	daiˋ wanˊ gapˇ mɯ̄ang tai wē lā dāngˇ gan nɯngˇ chūaˋ mōng	台灣跟泰國時間差一小時	engine-auto	
เป็นโรคอะไร	pen rok a rai	ben rōkˋ aˇ rai	得了什麼病	engine-auto	
โรค	rok	rōkˋ	疾病	book-exact	(book-exact已用引擎重新驗證)
เป็น	pen	ben	是（用於患病）	book-exact	(book-exact已用引擎重新驗證)
เป็นโรคเบาหวาน	pen rok bao wan	ben rōkˋ bhāu wānˊ	患有糖尿病	book-exact	(book-exact已用引擎重新驗證)
เบาหวาน	bao wan	bhāu wānˊ	糖尿病	engine-auto	
มะเร็ง	ma reng	ma~ reng	癌症	engine-auto	
เขาเป็นมะเร็ง	khao pen ma reng	kāuˊ ben ma~ reng	他患有癌症	engine-auto	
เอดส์	et	ētˇ	愛滋病	engine-auto	
เขาเป็นเอดส์	khao pen et	kāuˊ ben ētˇ	他患有愛滋病	engine-auto	
กรอบ	krop	grɔ̄pˇ	很脆	book-exact	(book-exact已用引擎重新驗證)
คะน้าหมูกรอบ	khana moo krop	ka~ nā~ mūˊ grɔ̄pˇ	芥蘭脆皮豬肉	engine-auto	
หมูกรอบ	moo krop	mūˊ grɔ̄pˇ	脆皮豬肉（燒肉）	engine-auto	
ก็ชอบเหมือนกัน	kor chop muean kan	gɔ̄ˋ chɔ̄pˋ mɯ̄anˊ gan	也喜歡	engine-auto	
ไก่ทอดกรอบ	kai thot krop	gaiˇ tɔ̄tˋ grɔ̄pˇ	脆皮炸雞	engine-auto	
กินไก่ทอดกรอบไหมคะ	kin kai thot krop mai kha	gin gaiˇ tɔ̄tˋ grɔ̄pˇ maiˊ ka~	吃脆皮炸雞嗎？	engine-auto	
เอากรอบๆ หน่อย	ao krop krop noi	au grɔ̄pˇ grɔ̄pˇ nɔ̄iˇ	要脆一點	engine-auto	
มะระ	ma ra	ma~ ra~	苦瓜	engine-auto	
ประโยชน์	pra yote	braˇ yōtˋ	好處（有用）	engine-auto	
กลัว	klua	glūa	怕	engine-auto	
ตกงาน	tok ngan	dokˇ ngān	失業	engine-auto	
กลัวตกงานไหมคะ	klua tok ngan mai kha	glūa dokˇ ngān maiˊ ka~	怕失業嗎？	engine-auto	
กลัวตกเครื่อง	klua tok khrueang	glūa dokˇ krɯ̄angˋ	怕趕不上飛機	engine-auto	
เครื่องตก	khrueang tok	krɯ̄angˋ dokˇ	墜機	engine-auto	
กลัวติดโรค	klua tit rok	glūa ditˇ rōkˋ	怕染病	engine-auto	
ติด	tit	ditˇ	靠近（染、黏）	engine-auto	
ติดโรค	tit rok	ditˇ rōkˋ	染病	engine-auto	
ติดโควิด 19	tit covid sip kao	ditˇ kō wit~ 19	感染新冠肺炎	engine-auto	
กลัวเมียจับได้	klua mia chap dai	glūa mīa japˇ dhaiˋ	怕老婆抓到	engine-auto	
จับได้	chap dai	japˇ dhaiˋ	抓到	engine-auto	
เหม็น	men	menˊ	臭	book-exact	(book-exact已用引擎重新驗證)
เหม็นควันรถ	men khwan rot	menˊ kwan rot~	臭車煙	engine-auto	
ควัน	khwan	kwan	煙	engine-auto	
เหม็นควันบุหรี่	men khwan buri	menˊ kwan bhuˇ rīˇ	臭菸味	engine-auto	
เหม็นคาว	men khao	menˊ kāu	腥味	engine-auto	
เต้าหู้เหม็น	tao hoo men	dāuˋ hūˋ menˊ	臭豆腐	engine-auto	
ยิ่งเหม็นยิ่งอร่อย	ying men ying a roy	yingˋ menˊ yingˋ aˇ rɔ̄iˋ	越臭越好吃	engine-auto	
กลิ่น	klin	glinˇ	氣味	engine-auto	
กลิ่นตัว	klin tua	glinˇ dūa	體味	engine-auto	
กลิ่นตัวเหม็น	klin tua men	glinˇ dūa menˊ	體味很臭	engine-auto	
เขามีกลิ่นตัว	khao mee klin tua	kāuˊ mī glinˇ dūa	他有體味	engine-auto	
กลิ่นปาก	klin pak	glinˇ bākˇ	口臭	engine-auto	
กินกระเทียมเยอะมีกลิ่นปาก	kin kra thiam yer mee klin pak	gin graˇ tīam yə~ mī glinˇ bākˇ	吃很多大蒜會有口臭	engine-auto	
ไหม้	mai	maiˋ	燒焦	engine-auto	
กลิ่นไหม้	klin mai	glinˇ maiˋ	燒焦味	engine-auto	
ไหม้แล้ว	mai laeo	maiˋ lɛ̄u~	燒焦了	engine-auto	
หมูย่างไหม้แล้ว	moo yang mai laeo	mūˊ yāngˋ maiˋ lɛ̄u~	烤豬肉燒焦了	engine-auto	
กลิ่นแปลกๆ	klin plaek plaek	glinˇ blɛ̄kˇ blɛ̄kˇ	怪怪的味道	engine-auto	
ดุ	du	dhuˇ	兇	engine-auto	
เมียดุ	mia du	mīa dhuˇ	老婆很兇	engine-auto	
ผีดุ	phee du	pīˊ dhuˇ	惡鬼	engine-auto	
เจ้านาย	chao nai	jāuˋ nāi	上司	engine-auto	
เจ้านายดุ	chao nai du	jāuˋ nāi dhuˇ	上司很兇	engine-auto	
หน้าดุ	na du	nāˋ dhuˇ	看起來很兇	engine-auto	
แย่	yae	yɛ̄ˋ	糟糕	engine-auto	
อากาศ	a kat	ā gātˇ	天氣	book-exact	(book-exact已用引擎重新驗證)
วันนี้อากาศเป็นยังไง	wan nee a kat pen yang ngai	wan nī~ ā gātˇ ben yang ngai	今天天氣怎麼樣	engine-auto	
อากาศเย็นสบาย	a kat yen sa bai	ā gātˇ yen saˇ bhāi	天氣涼爽舒適	engine-auto	
อาการ	a kan	ā gān	症狀	engine-auto	
อาการแย่	a kan yae	ā gān yɛ̄ˋ	症狀很糟	engine-auto	
นิสัย	ni sai	ni~ saiˊ	個性	engine-auto	
นิสัยแย่	ni sai yae	ni~ saiˊ yɛ̄ˋ	個性很糟	engine-auto	
คนนี้นิสัยแย่มาก	khon nee ni sai yae mak	kon nī~ ni~ saiˊ yɛ̄ˋ mākˋ	這個人個性很糟	engine-auto	
ขับรถแย่	khap rot yae	kapˇ rot~ yɛ̄ˋ	開車技術很爛	engine-auto	
รสชาติ	rot chaat	rot~ chātˋ	口味（味道）	book-exact	(book-exact已用引擎重新驗證)
อร่อยไหม	a roy mai	aˇ rɔ̄iˋ maiˊ	好吃嗎	engine-auto	
มาม่ารสอะไร	ma ma rot a rai	mā māˋ rot~ aˇ rai	泡麵什麼口味	book-exact	(book-exact已用引擎重新驗證)
ยุ่ง	yung	yungˋ	忙	engine-auto	
ยุ่ง	yung	yungˋ	管（干涉）	engine-auto	
ยุ่งกับฉัน	yung kap chan	yungˋ gapˇ chanˊ	管我	engine-auto	
อย่ามายุ่งกับผม	ya ma yung kap phom	yāˋ mā yungˋ gapˇ pomˊ	別來管我	engine-auto	
อย่าไปยุ่งกับเขา	ya pai yung kap khao	yāˋ bai yungˋ gapˇ kāuˊ	別去管他	engine-auto	
กำลังยุ่งอยู่	kam lang yung yu	gam lang yungˋ yūˋ	正在忙	engine-auto	
เดี๋ยวโทรกลับ	dieo tho klap	dhīauˊ tōn glapˇ	等一下回撥	engine-auto	
แน่นอน	nae non	nɛ̄ˋ nɔ̄n	當然（一定）	book-exact	(book-exact已用引擎重新驗證)
ยังไม่แน่นอน	yang mai nae non	yang maiˋ nɛ̄ˋ nɔ̄n	還不確定	engine-auto	
ยังไม่แน่	yang mai nae	yang maiˋ nɛ̄ˋ	還不確定（簡略）	engine-auto	
ศูนย์คะแนน	soon khanaen	sūnˊ ka~ nɛ̄n	零分	engine-auto	
ตายแน่นอน	tai nae non	dāi nɛ̄ˋ nɔ̄n	死定了	engine-auto	
ตายแน่	tai nae	dāi nɛ̄ˋ	死定了（語氣強烈）	engine-auto	
ตายแน่ๆ	tai nae nae	dāi nɛ̄ˋ nɛ̄ˋ	死定了（重複強調）	engine-auto	
คิวยาวแน่นอน	queue yao nae non	kiw yāu nɛ̄ˋ nɔ̄n	一定排很長	engine-auto	
เข้าคิว	khao queue	kāuˋ kiw	排隊	engine-auto	
เข้าคิวซื้อมือถือ	khao queue sue mue thue	kāuˋ kiw sɯ̄~ mɯ̄ tɯ̄ˊ	排隊買手機	engine-auto	
รวยแน่ๆ	ruai nae nae	rūay nɛ̄ˋ nɛ̄ˋ	一定發財	engine-auto	
บ้า	ba	bhāˋ	瘋	engine-auto	
บ้าบอล	ba bon	bhāˋ bhɔ̄n	瘋足球	engine-auto	
บ้าเบสบอล	ba baseball	bhāˋ bhētˇ bhɔ̄n	瘋棒球	engine-auto	
บ้าดารา	ba dara	bhāˋ dhā rā	瘋明星	engine-auto	
บ้าจี้	ba jee	bhāˋ jīˋ	怕癢	engine-auto	
คนบ้างาน	khon ba ngan	kon bhāˋ ngān	工作狂	engine-auto	
คนบ้า	khon ba	kon bhāˋ	瘋子	engine-auto	
ตรงนั้นมีคนบ้า	trong nan mee khon ba	drong nan~ mī kon bhāˋ	那邊有瘋子	engine-auto	
ยาบ้า	ya ba	yā bhāˋ	瘋狂藥丸（安非他命）	engine-auto	
อาทิตย์หน้าเจอกัน	athit na choe kan	ā tit~ nāˋ jə̄ gan	下禮拜見	engine-auto	
วันนี้ขอบคุณมากนะคะ	wan nee khop khun mak na kha	wan nī~ kɔ̄pˇ kun mākˋ na~ ka~	今天非常感謝	engine-auto	
ครั้งที่ 4	krang tee see	krang~ tīˋ 4	第四次	engine-auto	
รู้สึก	roo seuk	rū~ sɯkˇ	覺得	engine-auto	
กลัว	glua	glūa	害怕	engine-auto	
รู้สึกกลัว	roo seuk glua	rū~ sɯkˇ glūa	覺得害怕	engine-auto	
ขี้เกียจ	kee giat	kīˋ gīatˇ	懶惰	engine-auto	
รู้สึกขี้เกียจ	roo seuk kee giat	rū~ sɯkˇ kīˋ gīatˇ	覺得懶惰	engine-auto	
ง่าย	ngai	ngāiˋ	容易	engine-auto	
เหนื่อย	neuay	nɯ̄aiˇ	累	engine-auto	
เหนื่อยง่าย	neuay ngai	nɯ̄aiˇ ngāiˋ	容易累	engine-auto	
รู้สึกเหนื่อยง่าย	roo seuk neuay ngai	rū~ sɯkˇ nɯ̄aiˇ ngāiˋ	覺得容易累	engine-auto	
เบื่อ	beua	bhɯ̄aˇ	無聊	engine-auto	
รู้สึกเบื่อ	roo seuk beua	rū~ sɯkˇ bhɯ̄aˇ	覺得無聊	engine-auto	
เสียดาย	sia dai	sīaˊ dhāi	可惜	engine-auto	
รู้สึกเสียดาย	roo seuk sia dai	rū~ sɯkˇ sīaˊ dhāi	覺得可惜	engine-auto	
รู้สึกเหม็น	roo seuk men	rū~ sɯkˇ menˊ	覺得臭	engine-auto	
แปลก	bplaek	blɛ̄kˇ	奇怪	engine-auto	
รสชาติ	rot chat	rot~ chātˋ	味道	book-exact	(book-exact已用引擎重新驗證)
วันนี้คุณดูแปลกๆ	wan nee kun doo bplaek bplaek	wan nī~ kun dhū blɛ̄kˇ blɛ̄kˇ	今天你看起來怪怪的	engine-auto	
คนแปลกหน้า	kon bplaek na	kon blɛ̄kˇ nāˋ	陌生人	engine-auto	
อย่าเชื่อคนแปลกหน้า	ya cheua kon bplaek na	yāˋ chɯ̄aˋ kon blɛ̄kˇ nāˋ	不要相信陌生人	engine-auto	
ชินแล้วก็เลยไม่รู้สึก	chin laew gor loey mai roo seuk	chin lɛ̄u~ gɔ̄ˋ lə̄i maiˋ rū~ sɯkˇ	習慣了所以沒感覺	book-exact	(book-exact已用引擎重新驗證)
อยู่ไต้หวันชินหรือยัง	yoo dtai wan chin reu yang	yūˋ daiˋ wanˊ chin rɯ̄ˊ yang	在台灣習慣了嗎	engine-auto	
อยู่เมืองไทยชินหรือยัง	yoo mueang tai chin reu yang	yūˋ mɯ̄ang tai chin rɯ̄ˊ yang	在泰國習慣了嗎	engine-auto	
อยู่ 10 ปีแล้วแต่ยังไม่ชิน	yoo sip pee laew dtae yang mai chin	yūˋ 10 bī lɛ̄u~ dɛ̄ˇ yang maiˋ chin	住十年了但還不習慣	engine-auto	
ใจเย็นๆ เดี๋ยวก็ชิน	jai yen yen diao gor chin	jai yen yen dhīauˊ gɔ̄ˋ chin	冷靜點，等一下就習慣了	engine-auto	
ต่างกัน	dtang gan	dāngˇ gan	不同	engine-auto	
สองรุ่นนี้ต่างกันยังไง	song roon nee dtang gan yang ngai	sɔ̄ngˊ runˋ nī~ dāngˇ gan yang ngai	這兩款有什麼不同	engine-auto	
ราคาต่างกัน	ra ka dtang gan	rā kā dāngˇ gan	價格不同	book-exact	(book-exact已用引擎重新驗證)
沒有什麼不同	mai mee arai dtang gan loey	沒有什麼不同	沒什麼不同	engine-auto	
ต่างกันแค่ราคา	dtang gan kae ra ka	dāngˇ gan kɛ̄ˋ rā kā	只差在價格	engine-auto	
ราคาต่างกันหนึ่งหมื่นบาท	ra ka dtang gan neung muen baat	rā kā dāngˇ gan nɯngˇ mɯ̄nˇ bhātˇ	價格差一萬銖	engine-auto	
โรค	rok	rōkˋ	疾病	book-exact	(book-exact已用引擎重新驗證)
เขาเป็นโรคอะไร	kao bpen rok arai	kāuˊ ben rōkˋ aˇ rai	他得了什麼病？	engine-auto	
เขาเป็นโรคเอดส์	kao bpen rok et	kāuˊ ben rōkˋ ētˇ	他得了愛滋病	engine-auto	
ปู่เป็นโรคเบาหวาน	bpoo bpen rok bao waan	būˇ ben rōkˋ bhāu wānˊ	爺爺有糖尿病	engine-auto	
โรคหัวใจ	rok hua jai	rōkˋ hūaˊ jai	心臟病	engine-auto	
เขาเป็นโรคหัวใจ	kao bpen rok hua jai	kāuˊ ben rōkˋ hūaˊ jai	他得了心臟病	engine-auto	
กรอบ	grop	grɔ̄pˇ	酥脆	book-exact	(book-exact已用引擎重新驗證)
ไก่ทอดกรอบ	gai tot grop	gaiˇ tɔ̄tˋ grɔ̄pˇ	脆皮炸雞	engine-auto	
ข้าวหมูกรอบ	kao moo grop	kāuˋ mūˊ grɔ̄pˇ	脆皮燒肉飯	engine-auto	
ชอบกินข้าวหมูกรอบไหมคะ	chop gin kao moo grop mai ka	chɔ̄pˋ gin kāuˋ mūˊ grɔ̄pˇ maiˊ ka~	你喜歡吃脆皮燒肉飯嗎？	engine-auto	
ยิ่งกรอบยิ่งอร่อย	ying grop ying aroi	yingˋ grɔ̄pˇ yingˋ aˇ rɔ̄iˋ	越脆越好吃	engine-auto	
ช่วยทอดกรอบๆ หน่อย	chuay tot grop grop noi	chūayˋ tɔ̄tˋ grɔ̄pˇ grɔ̄pˇ nɔ̄iˇ	麻煩幫忙炸脆一點	engine-auto	
มะระ	ma ra	ma~ ra~	苦瓜	engine-auto	
มีประโยชน์	mee bprayot	mī braˇ yōtˋ	有益 / 有好處	engine-auto	
เล่นเกม	len gem	lēnˋ gēm	玩遊戲	engine-auto	
เล่นเกมออนไลน์	len gem on lai	lēnˋ gēm ɔ̄n lai	線上遊戲	engine-auto	
คิดว่าเล่นเกมมีประโยชน์ไหมคะ	kit wa len gem mee bprayot mai ka	kit~ wāˋ lēnˋ gēm mī braˇ yōtˋ maiˊ ka~	你認為玩遊戲有好處嗎？	engine-auto	
บุหรี่	bu ree	bhuˇ rīˇ	香菸	engine-auto	
คิดว่าบุหรี่มีประโยชน์ไหมคะ	kit wa bu ree mee bprayot mai ka	kit~ wāˋ bhuˇ rīˇ mī braˇ yōtˋ maiˊ ka~	你認為香菸有好處嗎？	engine-auto	
บุหรี่ไม่มีประโยชน์	bu ree mai mee bprayot	bhuˇ rīˇ maiˋ mī braˇ yōtˋ	香菸沒有好處	engine-auto	
ออกกำลังกายมีประโยชน์ไหมคะ	ok gam lang gai mee bprayot mai ka	ɔ̄kˇ gam lang gāi mī braˇ yōtˋ maiˊ ka~	運動有好處嗎？	engine-auto	
เหม็น	men	menˊ	臭	book-exact	(book-exact已用引擎重新驗證)
ทุเรียน	tu rian	tu~ rīan	榴槤	engine-auto	
ทุเรียนเหม็นเกินไป	tu rian men gern bpai	tu~ rīan menˊ gə̄n bai	榴槤太臭了	engine-auto	
ทุเรียนเหม็นไปหน่อย	tu rian men bpai noi	tu~ rīan menˊ bai nɔ̄iˇ	榴槤臭了點	engine-auto	
ทำไมเหม็นอย่างนี้	tam mai men yang nee	tam mai menˊ yāngˋ nī~	為什麼這麼臭	engine-auto	
ควัน	kwan	kwan	煙	engine-auto	
ควันบุหรี่	kwan bu ree	kwan bhuˇ rīˇ	菸煙	engine-auto	
ควันรถ	kwan rot	kwan rot~	車煙	engine-auto	
ควันไฟ	kwan fai	kwan fai	火煙	engine-auto	
ควันดำ	kwan dam	kwan dham	黑煙	engine-auto	
คาว	kao	kāu	腥味	engine-auto	
เหม็นคาว	men kao	menˊ kāu	腥臭	engine-auto	
กลิ่นคาวปลา	glin kao bpla	glinˇ kāu blā	魚腥味	engine-auto	
เหม็นคาวเกินไป ทิ้งเถอะ	men kao gern bpai ting te	menˊ kāu gə̄n bai ting~ təˇ	腥味太重了，丟掉吧	engine-auto	
กลิ่น	glin	glinˇ	氣味	engine-auto	
คุณชอบน้ำหอมกลิ่นนี้ไหม	kun chop nam hom glin nee mai	kun chɔ̄pˋ nām~ hɔ̄mˊ glinˇ nī~ maiˊ	你喜歡這款香水的味道嗎	engine-auto	
กลิ่นอะไร เหม็นทั้งบ้านเลย	glin arai men tang baan loey	glinˇ aˇ rai menˊ tang~ bhānˋ lə̄i	什麼味道？臭得全家都是	engine-auto	
กลิ่นปาก	glin bpaak	glinˇ bākˇ	口臭	engine-auto	
ถ้ากินกระเทียมเยอะเกินไป จะมีกลิ่นปาก	ta gin gra tiam yuh gern bpai ja mee glin bpaak	tāˋ gin graˇ tīam yə~ gə̄n bai jaˇ mī glinˇ bākˇ	如果大蒜吃太多，會有口臭	engine-auto	
กลิ่นตัว	glin dtua	glinˇ dūa	體味	engine-auto	
รสชาติ	rot chat	rot~ chātˋ	味道（口味）	book-exact	(book-exact已用引擎重新驗證)
ดุ	du	dhuˇ	兇	engine-auto	
พ่อเป็นคนดุ	por bpen kon du	pɔ̄ˋ ben kon dhuˇ	爸爸是很兇的人	engine-auto	
พ่อของคุณดุไหมคะ	por kong kun du mai ka	pɔ̄ˋ kɔ̄ngˊ kun dhuˇ maiˊ ka~	你爸爸兇嗎？	engine-auto	
พ่อเป็นคนดุมาก	por bpen kon du maak	pɔ̄ˋ ben kon dhuˇ mākˋ	爸爸是很兇的人（強調）	engine-auto	
เขาโดนพ่อดุบ่อยๆ	kao don por du boy boy	kāuˊ dhōn pɔ̄ˋ dhuˇ bhɔ̄iˇ bhɔ̄iˇ	他常被爸爸罵	engine-auto	
เขาโดนพ่อดุ	kao don por du	kāuˊ dhōn pɔ̄ˋ dhuˇ	他被爸爸罵	engine-auto	
เขาถูกพ่อดุ	kao took por du	kāuˊ tūkˇ pɔ̄ˋ dhuˇ	他被爸爸罵（正式）	engine-auto	
แย่	yae	yɛ̄ˋ	糟糕	engine-auto	
นิสัยแย่	ni sai yae	ni~ saiˊ yɛ̄ˋ	個性很差	engine-auto	
ทำไมคุณนิสัยแย่อย่างนี้	tam mai kun ni sai yae yang nee	tam mai kun ni~ saiˊ yɛ̄ˋ yāngˋ nī~	為什麼你個性這麼糟？	engine-auto	
แย่แล้ว	yae laew	yɛ̄ˋ lɛ̄u~	糟了	engine-auto	
แย่แล้ว ลืมเอากุญแจออกมา	yae laew luem ao goon jae ok ma	yɛ̄ˋ lɛ̄u~ lɯ̄m au gun jɛ̄ ɔ̄kˇ mā	糟了，我忘記帶鑰匙出來	engine-auto	
อาการแย่	aa gaan yae	ā gān yɛ̄ˋ	症狀很糟	engine-auto	
อาการ	aa gaan	ā gān	症狀	engine-auto	
มีอาการยังไงบ้าง	mee aa gaan yang ngai baang	mī ā gān yang ngai bhāngˋ	有哪些症狀？	engine-auto	
มีอาการกี่วันแล้ว	mee aa gaan gee wan laew	mī ā gān gīˇ wan lɛ̄u~	有症狀幾天了？	engine-auto	
มีอาการประมาณ 3-4 วัน	mee aa gaan bpra maan saam see wan	mī ā gān braˇ mān 3-4 wan	大約三、四天	engine-auto	
มีอาการประมาณ 3-4 วันแล้ว	mee aa gaan bpra maan saam see wan laew	mī ā gān braˇ mān 3-4 wan lɛ̄u~	大約三、四天了	engine-auto	
ยุ่ง	yung	yungˋ	很忙	engine-auto	
อาทิตย์นี้คุณยุ่งไหม	atit nee kun yung mai	ā tit~ nī~ kun yungˋ maiˊ	這禮拜你忙嗎？	engine-auto	
คุณกำลังยุ่งอะไรอยู่	kun gam lang yung arai yoo	kun gam lang yungˋ aˇ rai yūˋ	你在忙什麼？	engine-auto	
อย่าไปยุ่งกับเขา	ya bpai yung gap kao	yāˋ bai yungˋ gapˇ kāuˊ	別去管他	engine-auto	
อย่าไปยุ่งเรื่องของคนอื่น	ya bpai yung rueang kong kon eun	yāˋ bai yungˋ rɯ̄angˋ kɔ̄ngˊ kon ɯ̄nˇ	別去管別人的事	engine-auto	
บ้า	ba	bhāˋ	瘋	engine-auto	
ผู้ชายไทยบ้าฟุตบอลมากๆ	poo chai tai ba foot bon mak mak	pūˋ chāi tai bhāˋ fut~ bhɔ̄n mākˋ mākˋ	泰國男人非常瘋足球	engine-auto	
ผู้ชายไต้หวันบ้าฟุตบอลไหม	poo chai dtai wan ba foot bon mai	pūˋ chāi daiˋ wanˊ bhāˋ fut~ bhɔ̄n maiˊ	台灣男人瘋足球嗎？	engine-auto	
ผู้ชายไต้หวันบ้าเบสบอล	poo chai dtai wan ba bet bon	pūˋ chāi daiˋ wanˊ bhāˋ bhētˇ bhɔ̄n	台灣男人瘋棒球	engine-auto	
คนบ้า	kon ba	kon bhāˋ	瘋子	engine-auto	
ร้องเพลง	rong pleng	rɔ̄ng~ plēng	唱歌	engine-auto	
คนบ้าร้องเพลงทั้งวัน	kon ba rong pleng tang wan	kon bhāˋ rɔ̄ng~ plēng tang~ wan	瘋子整天唱歌	engine-auto	
คนบ้างาน	kon ba ngan	kon bhāˋ ngān	工作狂	engine-auto	
แน่นอน	nae non	nɛ̄ˋ nɔ̄n	肯定 / 一定	book-exact	(book-exact已用引擎重新驗證)
ถ้าเมียจับได้ ตายแน่นอน	ta mia jap dai dtai nae non	tāˋ mīa japˇ dhaiˋ dāi nɛ̄ˋ nɔ̄n	如果老婆抓到一定死定了	engine-auto	
แน่ๆ	nae nae	nɛ̄ˋ nɛ̄ˋ	肯定（口語）	engine-auto	
ถ้าเมียจับได้ ตายแน่ๆ	ta mia jap dai dtai nae nae	tāˋ mīa japˇ dhaiˋ dāi nɛ̄ˋ nɛ̄ˋ	如果老婆抓到一定死定了（口語）	engine-auto	
ตายแน่	dtai nae	dāi nɛ̄ˋ	死定了	engine-auto	
ยาบ้า	ya ba	yā bhāˋ	安非他命（瘋藥）	engine-auto	
如果有安非他命一定會被抓	ta mee ya ba took jap nae non	如果有安非他命一定會被抓	如果有安非他命一定會被抓	engine-auto	
如果有安非他命一定會被抓	ta mee ya ba don jap nae non	如果有安非他命一定會被抓	如果有安非他命一定會被抓（口語）	engine-auto	
คิว	cue	kiw	排隊	engine-auto	
ต้องเข้าคิว	dtong kao cue	dɔ̄ngˋ kāuˋ kiw	要排隊	engine-auto	
อย่าแซงคิว	ya saeng cue	yāˋ sɛ̄ng kiw	不要插隊	engine-auto	
ถึงคิวที่เท่าไหร่แล้ว	teung cue tee tao rai laew	tɯngˊ kiw tīˋ tāuˋ raiˇ lɛ̄u~	輪到幾號了	engine-auto	
เป็น	pen	ben	是/活著的	book-exact	(book-exact已用引擎重新驗證)
เป็นโรคอะไร	pen rok arai	ben rōkˋ aˇ rai	得到什麼病？	engine-auto	
เป็นอะไร	pen arai	ben aˇ rai	怎麼了？	engine-auto	
ไม่สบายหรือเปล่า	mai sabai rue plao	maiˋ saˇ bhāi rɯ̄ˊ blāuˇ	是不舒服嗎？	engine-auto	
เป็นอะไร ทำไมไม่มาทำงาน	pen arai thammai mai ma tham ngan	ben aˇ rai tam mai maiˋ mā tam ngān	怎麼了？為什麼沒來上班？	engine-auto	
เป็นอะไร ทำไมไม่พูดกับฉัน	pen arai thammai mai phut kap chan	ben aˇ rai tam mai maiˋ pūtˋ gapˇ chanˊ	怎麼了？為什麼不跟我說話？	engine-auto	
เป็นยังไง	pen yang ngai	ben yang ngai	怎麼樣？	book-exact	(book-exact已用引擎重新驗證)
อยู่เมืองไทยเป็นยังไง สบายดีไหม	yu mueang thai pen yang ngai sabai di mai	yūˋ mɯ̄ang tai ben yang ngai saˇ bhāi dhī maiˊ	在泰國怎麼樣？過得好嗎？	engine-auto	
เรียนภาษาไทยเป็นยังไง	rian phasa thai pen yang ngai	rīan pā sāˊ tai ben yang ngai	學泰文覺得怎麼樣？	engine-auto	
เป็นไปได้	pen pai dai	ben bai dhaiˋ	有可能	engine-auto	
เป็นไปไม่ได้	pen pai mai dai	ben bai maiˋ dhaiˋ	不可能	book-exact	(book-exact已用引擎重新驗證)
พรุ่งนี้ไต้หวันหิมะตก เป็นไปได้หรือเป็นไปไม่ได้	phrung ni tai wan hima tok pen pai dai rue pen pai mai dai	prungˋ nī~ daiˋ wanˊ hiˇ ma~ dokˇ ben bai dhaiˋ rɯ̄ˊ ben bai maiˋ dhaiˋ	明天台灣下雪，有可能還是不可能？	engine-auto	
ทำ	tam	tam	做	engine-auto	
ทำหน้าเครียด	tam na khriat	tam nāˋ krīatˋ	擺臭臉	engine-auto	
หน้า	na	nāˋ	臉	engine-auto	
เครียด	khriat	krīatˋ	緊張、壓力	engine-auto	
ทำงานเครียดมาก	tam ngan khriat mak	tam ngān krīatˋ mākˋ	工作壓力很大	engine-auto	
ทำหน้าซื่อ	tam na sue	tam nāˋ sɯ̄ˋ	擺一副正經（老實）的樣子	engine-auto	
ไม่เครียด	mai khriat	maiˋ krīatˋ	不壓力、不緊張	engine-auto	
หมาตัวนี้ทำหน้าซื่อ	ma tua ni tam na sue	māˊ dūa nī~ tam nāˋ sɯ̄ˋ	這隻狗擺出一副正經的樣子	engine-auto	
ทำหน้าน่ารัก	tam na na rak	tam nāˋ nāˋ rak~	裝可愛、擺出可愛的樣子	engine-auto	
นิสัย	ni sai	ni~ saiˊ	個性	engine-auto	
นิสัยแย่	ni sai yae	ni~ saiˊ yɛ̄ˋ	個性糟糕、壞習慣	engine-auto	
นิสัยไม่ดี	ni sai mai di	ni~ saiˊ maiˋ dhī	個性不好	engine-auto	
โดนตี	don ti	dhōn dī	被打	engine-auto	
โดน	don	dhōn	被（被動）	engine-auto	
ถูกตี	thuk ti	tūkˇ dī	被打（另一種說法）	engine-auto	
อย่าซีเรียส	ya si riat	yāˋ sī rīatˋ	別緊張、別太嚴肅	engine-auto	
สบายๆ	sabai sabai	saˇ bhāi saˇ bhāi	輕鬆	engine-auto	
ไม่เป็นไร	mai pen rai	maiˋ ben rai	沒關係	engine-auto	
ยุ่ง	yung	yungˋ	很忙	engine-auto	
อาทิตย์นี้คุณยุ่งไหม	atit nee kun yung mai	ā tit~ nī~ kun yungˋ maiˊ	這禮拜你忙嗎？	engine-auto	
คุณกำลังยุ่งอะไรอยู่	kun gam lang yung arai yoo	kun gam lang yungˋ aˇ rai yūˋ	你在忙什麼？	engine-auto	
อย่าไปยุ่งกับเขา	ya bpai yung gap kao	yāˋ bai yungˋ gapˇ kāuˊ	別去管他	engine-auto	
อย่าไปยุ่งเรื่องของคนอื่น	ya bpai yung rueang kong kon eun	yāˋ bai yungˋ rɯ̄angˋ kɔ̄ngˊ kon ɯ̄nˇ	別去管別人的事	engine-auto	
บ้า	ba	bhāˋ	瘋	engine-auto	
ผู้ชายไทยบ้าฟุตบอลมากๆ	poo chai tai ba foot bon mak mak	pūˋ chāi tai bhāˋ fut~ bhɔ̄n mākˋ mākˋ	泰國男人非常瘋足球	engine-auto	
ผู้ชายไต้หวันบ้าฟุตบอลไหม	poo chai dtai wan ba foot bon mai	pūˋ chāi daiˋ wanˊ bhāˋ fut~ bhɔ̄n maiˊ	台灣男人瘋足球嗎？	engine-auto	
ผู้ชายไต้หวันบ้าเบสบอล	poo chai dtai wan ba bet bon	pūˋ chāi daiˋ wanˊ bhāˋ bhētˇ bhɔ̄n	台灣男人瘋棒球	engine-auto	
คนบ้า	kon ba	kon bhāˋ	瘋子	engine-auto	
ร้องเพลง	rong pleng	rɔ̄ng~ plēng	唱歌	engine-auto	
คนบ้าร้องเพลงทั้งวัน	kon ba rong pleng tang wan	kon bhāˋ rɔ̄ng~ plēng tang~ wan	瘋子整天唱歌	engine-auto	
คนบ้างาน	kon ba ngan	kon bhāˋ ngān	工作狂	engine-auto	
แน่นอน	nae non	nɛ̄ˋ nɔ̄n	肯定 / 一定	book-exact	(book-exact已用引擎重新驗證)
ถ้าเมียจับได้ ตายแน่นอน	ta mia jap dai dtai nae non	tāˋ mīa japˇ dhaiˋ dāi nɛ̄ˋ nɔ̄n	如果老婆抓到一定死定了	engine-auto	
แน่ๆ	nae nae	nɛ̄ˋ nɛ̄ˋ	肯定（口語）	engine-auto	
ถ้าเมียจับได้ ตายแน่ๆ	ta mia jap dai dtai nae nae	tāˋ mīa japˇ dhaiˋ dāi nɛ̄ˋ nɛ̄ˋ	如果老婆抓到一定死定了（口語）	engine-auto	
ตายแน่	dtai nae	dāi nɛ̄ˋ	死定了	engine-auto	
ยาบ้า	ya ba	yā bhāˋ	安非他命（瘋藥）	engine-auto	
ถ้ามียาบ้า ถูกจับแน่นอน	ta mee ya ba took jap nae non	tāˋ mī yā bhāˋ tūkˇ japˇ nɛ̄ˋ nɔ̄n	如果有安非他命一定會被抓	engine-auto	
ถ้ามียาบ้า โดนจับแน่นอน	ta mee ya ba don jap nae non	tāˋ mī yā bhāˋ dhōn japˇ nɛ̄ˋ nɔ̄n	如果有安非他命一定會被抓（口語）	engine-auto	
คิว	cue	kiw	排隊	engine-auto	
ต้องเข้าคิว	dtong kao cue	dɔ̄ngˋ kāuˋ kiw	要排隊	engine-auto	
อย่าแซงคิว	ya saeng cue	yāˋ sɛ̄ng kiw	不要插隊	engine-auto	
ถึงคิวที่เท่าไหร่แล้ว	teung cue tee tao rai laew	tɯngˊ kiw tīˋ tāuˋ raiˇ lɛ̄u~	輪到幾號了	engine-auto	
เป็นหวัด	bpen wat	ben watˇ	感冒	engine-auto	
เคยเป็นหวัดไหมคะ	koey bpen wat mai ka	kə̄i ben watˇ maiˊ ka~	你感冒過嗎？	engine-auto	
เป็นไข้	bpen kai	ben kaiˋ	發燒	engine-auto	
เป็นไข้หลายวันแล้ว	bpen kai lai wan laew	ben kaiˋ lāiˊ wan lɛ̄u~	發燒好幾天了	engine-auto	
มีไข้สูง	mee kai soong	mī kaiˋ sūngˊ	高燒	engine-auto	
เป็นบ้า	bpen ba	ben bhāˋ	瘋了	engine-auto	
เขาเป็นบ้า	kao bpen ba	kāuˊ ben bhāˋ	他瘋了	engine-auto	
ทำไมเขาเป็นบ้า	tam mai kao bpen ba	tam mai kāuˊ ben bhāˋ	為什麼他瘋了？	engine-auto	
เป็นเพื่อน	bpen puean	ben pɯ̄anˋ	作伴	engine-auto	
ทำงานเป็นเพื่อน	tam ngan bpen puean	tam ngān ben pɯ̄anˋ	陪你做OT	engine-auto	
ไปดูหนังเป็นเพื่อน	bpai doo nang bpen puean	bai dhū nangˊ ben pɯ̄anˋ	陪你去看電影	engine-auto	
เป็นหนี้	bpen nee	ben nīˋ	負債	engine-auto	
ฉันเป็นหนี้เพื่อน	chan bpen nee puean	chanˊ ben nīˋ pɯ̄anˋ	我欠朋友錢	engine-auto	
ฉันเป็นหนี้เขา 500 บาท	chan bpen nee kao ha roi baat	chanˊ ben nīˋ kāuˊ 500 bhātˇ	我欠他500塊	engine-auto	
มีหนี้เยอะ	mee nee yuh	mī nīˋ yə~	負債很多	engine-auto	
เป็นคู่	bpen koo	ben kūˋ	一對	engine-auto	
เป็นอันขาด	bpen an kat	ben an kātˇ	絕對不	engine-auto	
อย่ามาสายเป็นอันขาด	ya ma sai bpen an kat	yāˋ mā sāiˊ ben an kātˇ	絕對不能遲到	engine-auto	
ห้าม...เป็นอันขาด	ham ... bpen an kat	hāmˋ...ben an kātˇ	絕對不准在這裡停下	engine-auto	
หน้าที่	na tee	nāˋ tīˋ	責任 / 任務	engine-auto	
เป็นหน้าที่ของพ่อแม่	bpen na tee kong por mae	ben nāˋ tīˋ kɔ̄ngˊ pɔ̄ˋ mɛ̄ˋ	是父母的責任	engine-auto	
เป็นกันเอง	bpen gan eng	ben gan ēng	很親切的 / 很近人的	engine-auto	
เป็นพิเศษ	bpen pi set	ben pi~ sētˇ	特別的	engine-auto	
อร่อยเป็นพิเศษ	aroi bpen pi set	aˇ rɔ̄iˋ ben pi~ sētˇ	特別好吃	engine-auto	
แพงเป็นพิเศษ	paeng bpen pi set	pɛ̄ng ben pi~ sētˇ	特別貴	engine-auto	
น่า	Na	nāˋ	令人.../值得...	book-exact	(book-exact已用引擎重新驗證)
น่ารัก	Na rak	nāˋ rak~	可愛	engine-auto	
หมาน่ารัก	Ma na rak	māˊ nāˋ rak~	狗狗很可愛	engine-auto	
น่ากิน	Na kin	nāˋ gin	看起來好吃	engine-auto	
อาหารน่ากิน	A han na kin	ā hānˊ nāˋ gin	食物看起來很好吃	engine-auto	
น่าซื้อ	Na sue	nāˋ sɯ̄~	值得買	engine-auto	
ร้านนี้น่าซื้อ	Ran ni na sue	rān~ nī~ nāˋ sɯ̄~	這間店值得買	engine-auto	
น่าอยู่	Na yu	nāˋ yūˋ	宜居/值得住	engine-auto	
ประเทศไทยน่าอยู่	Pra thet Thai na yu	braˇ tētˋ tai nāˋ yūˋ	泰國很宜居	engine-auto	
โรงแรมนี้น่าอยู่	Rong raem ni na yu	rōng rɛ̄m nī~ nāˋ yūˋ	這間飯店很宜居/值得住	engine-auto	
น่าเที่ยว	Na thiao	nāˋ tīauˋ	值得去玩	engine-auto	
เมืองไทยน่าเที่ยว	Mueang Thai na thiao	mɯ̄ang tai nāˋ tīauˋ	泰國城市值得去玩	engine-auto	
น่าคิด	Na khit	nāˋ kit~	值得思考	engine-auto	
เรื่องนี้น่าคิด	Rueang ni na khit	rɯ̄angˋ nī~ nāˋ kit~	這件事值得思考	engine-auto	
น่าเชื่อ	Na chuea	nāˋ chɯ̄aˋ	可信/值得相信	engine-auto	
น่าเบื่อ	Na buea	nāˋ bhɯ̄aˇ	無聊/令人厭倦	engine-auto	
ไม่มีอะไรทำ น่าเบื่อ	Mai mi a rai tham na buea	maiˋ mī aˇ rai tam nāˋ bhɯ̄aˇ	沒什麼事好做，真無聊	engine-auto	
น่าอาย	Na ai	nāˋ āi	丟臉/令人害羞	engine-auto	
ฉันอาย	Chan ai	chanˊ āi	我害羞	engine-auto	
น่ากลัว	Na klua	nāˋ glūa	可怕	engine-auto	
น่าเสียดาย	Na sia dai	nāˋ sīaˊ dhāi	可惜	engine-auto	
ไอติมตกน่าเสียดาย	Ai tim tok na sia dai	ai dim dokˇ nāˋ sīaˊ dhāi	冰淇淋掉了真可惜	engine-auto	
ขี้	khii	kīˋ	大便	engine-auto	
ขี้หนาว	khii nao	kīˋ nāuˊ	怕冷	engine-auto	
ขี้ร้อน	khii ron	kīˋ rɔ̄n~	怕熱	engine-auto	
อาย	ai	āi	害羞	engine-auto	
ขี้อาย	khii ai	kīˋ āi	容易害羞	engine-auto	
ขี้กลัว	khii klua	kīˋ glūa	容易害怕	engine-auto	
เหงา	ngao	ngāuˊ	孤單/寂寞	engine-auto	
ขี้เหงา	khii ngao	kīˋ ngāuˊ	怕寂寞	engine-auto	
ขี้เหนียว	khii niao	kīˋ nīauˊ	小氣	engine-auto	
ขี้เกียจ	khii kiat	kīˋ gīatˇ	懶惰	engine-auto	
โม้	mo	mō~	吹牛	engine-auto	
ขี้โม้	khii mo	kīˋ mō~	愛吹牛	engine-auto	
หึง	hueng	hɯngˊ	吃醋	engine-auto	
ขี้หึง	khii hueng	kīˋ hɯngˊ	愛吃醋	engine-auto	
โมโห	moho	mō hōˊ	生氣	engine-auto	
ขี้โมโห	khii moho	kīˋ mō hōˊ	愛生氣	engine-auto	
ตกใจ	tokchai	dokˇ jai	嚇到	engine-auto	
ขี้ตกใจ	khii tokchai	kīˋ dokˇ jai	容易嚇到	engine-auto	
เมา	mao	māu	喝醉	engine-auto	
ขี้เมา	khii mao	kīˋ māu	酒鬼	engine-auto	
ผัดขี้เมา	phat khii mao	patˇ kīˋ māu	醉鬼炒（料理名）	engine-auto	
มาม่าขี้เมา	mama khii mao	mā māˋ kīˋ māu	醉鬼泡麵	engine-auto	
พริกไทยสด	phrik thai sot	prik~ tai sotˇ	生胡椒	engine-auto	
ขี้เมาทะเล	khii mao thale	kīˋ māu ta~ lē	海鮮醉鬼炒	engine-auto	
ฉันเป็นคนไต้หวัน	Chan pen khon Taiwan	chanˊ ben kon daiˋ wanˊ	我是台灣人	engine-auto	
ฉันเป็นครู	Chan pen khru	chanˊ ben krū	我是老師	engine-auto	
เป็นหวัด	Pen wat	ben watˇ	感冒	engine-auto	
เป็นอะไร	Pen arai	ben aˇ rai	怎麼了	engine-auto	
เป็นอะไร ทำไมดูแปลกๆ	Pen arai thammai du plaek plaek	ben aˇ rai tam mai dhū blɛ̄kˇ blɛ̄kˇ	怎麼了，為什麼看起來怪怪的	engine-auto	
เป็นอะไร ไม่สบายหรือเปล่า	Pen arai mai sabai rue plao	ben aˇ rai maiˋ saˇ bhāi rɯ̄ˊ blāuˇ	怎麼了，是不是不舒服呢	engine-auto	
เป็นยังไง	Pen yang ngai	ben yang ngai	怎麼樣	book-exact	(book-exact已用引擎重新驗證)
เป็นยังไงบ้าง	Pen yang ngai bang	ben yang ngai bhāngˋ	最近怎麼樣	engine-auto	
ไม่เจอกันนาน	Mai choe kan nan	maiˋ jə̄ gan nān	好久不見	engine-auto	
ไม่เจอกันนาน เป็นยังไงบ้าง	Mai choe kan nan pen yang ngai bang	maiˋ jə̄ gan nān ben yang ngai bhāngˋ	好久不見，最近怎麼樣	engine-auto	
สบายดีไหม	Sabai di mai	saˇ bhāi dhī maiˊ	你好嗎	engine-auto	
คิดถึงจังเลย	Khit thueng chang loei	kit~ tɯngˊ jang lə̄i	真想你	engine-auto	
รู้สึกแปลกจัง	Rusuek plaek chang	rū~ sɯkˇ blɛ̄kˇ jang	感覺真奇怪	book-exact	(book-exact已用引擎重新驗證)
เป็นไปได้	Pen pai dai	ben bai dhaiˋ	有可能	engine-auto	
เป็นไปไม่ได้	Pen pai mai dai	ben bai maiˋ dhaiˋ	不可能	book-exact	(book-exact已用引擎重新驗證)
พรุ่งนี้หิมะจะตก เป็นไปได้ หรือ เป็นไปไม่ได้	Phrungni hima cha tok pen pai dai rue pen pai mai dai	prungˋ nī~ hiˇ ma~ jaˇ dokˇ ben bai dhaiˋ rɯ̄ˊ ben bai maiˋ dhaiˋ	明天下雪是有可能還是不可能	engine-auto	
เป็นหวัด	pen wat	ben watˇ	感冒	engine-auto	
เป็นหวัดกี่วันแล้ว	pen wat ki wan laeo	ben watˇ gīˇ wan lɛ̄u~	感冒幾天了	engine-auto	
เป็นหวัด 3 วันแล้ว	pen wat sam wan laeo	ben watˇ 3 wan lɛ̄u~	感冒三天了	engine-auto	
เพิ่งเป็นหวัด 2 3 วันเอง	phoeng pen wat song sam wan eng	pə̄ngˋ ben watˇ 2 3 wan ēng	剛感冒兩三天而已	engine-auto	
แค่เป็นหวัดเอง	khae pen wat eng	kɛ̄ˋ ben watˇ ēng	只感冒而已	engine-auto	
เป็นไข้	pen khai	ben kaiˋ	發燒	engine-auto	
เป็นไข้สูง	pen khai sung	ben kaiˋ sūngˊ	發高燒	engine-auto	
ต้องรีบไปหาหมอ	tong rip pai ha mo	dɔ̄ngˋ rīpˋ bai hāˊ mɔ̄ˊ	必須趕快去看醫生	engine-auto	
เป็นบ้า	pen ba	ben bhāˋ	發瘋	engine-auto	
ผมใกล้จะบ้าแล้ว	phom klai cha ba laeo	pomˊ glaiˋ jaˇ bhāˋ lɛ̄u~	我快要瘋了	engine-auto	
ฉันสบายดี	chan sabai di	chanˊ saˇ bhāi dhī	我很好	engine-auto	
เป็นหนี้	pen ni	ben nīˋ	負債	engine-auto	
คุณเป็นหนี้ผม 2,000 บาท	khun pen ni phom song phan bat	kun ben nīˋ pomˊ 2,000 bhātˇ	你欠我兩千塊 (男)	engine-auto	
คุณเป็นหนี้ฉัน 2,000 บาท	khun pen ni chan song phan bat	kun ben nīˋ chanˊ 2,000 bhātˇ	你欠我兩千塊 (女)	engine-auto	
ฉันเป็นหนี้คุณเมื่อไหร่	chan pen ni khun muearai	chanˊ ben nīˋ kun mɯ̄aˋ raiˇ	我什麼時候欠你錢 (女)	engine-auto	
ผมเป็นหนี้คุณเมื่อไหร่	phom pen ni khun muearai	pomˊ ben nīˋ kun mɯ̄aˋ raiˇ	我什麼時候欠你錢 (男)	engine-auto	
เป็นคู่	pen khu	ben kūˋ	一對	engine-auto	
เล่นเป็นคู่	len pen khu	lēnˋ ben kūˋ	兩個人一組（玩遊戲）	engine-auto	
เป็นอันขาด	pen an khat	ben an kātˇ	絕對	engine-auto	
ห้ามใส่กางเกงขาสั้นเป็นอันขาด	ham sai kangkeng kha san pen an khat	hāmˋ saiˇ gāng gēng kāˊ sanˋ ben an kātˇ	絕對禁止穿短褲	engine-auto	
ห้ามใส่กระโปรงสั้นเป็นอันขาด	ham sai krapong san pen an khat	hāmˋ saiˇ graˇ brōng sanˋ ben an kātˇ	絕對禁止穿短裙	engine-auto	
เป็นหน้าที่	pen na thi	ben nāˋ tīˋ	責任	engine-auto	
ทำความสะอาดเป็นหน้าที่ของใคร	tham khwam sa-at pen na thi khong khrai	tam kwām saˇ ātˇ ben nāˋ tīˋ kɔ̄ngˊ krai	打掃是誰的責任？	engine-auto	
เป็นหน้าที่ของทุกคน	pen na thi khong thuk khon	ben nāˋ tīˋ kɔ̄ngˊ tuk~ kon	是每個人的責任	engine-auto	
เป็นกันเอง	pen kan eng	ben gan ēng	親切的 / 自己人	engine-auto	
ราคานี้เป็นราคาคนกันเอง	rakha ni pen rakha khon kan eng	rā kā nī~ ben rā kā kon gan ēng	這個價格是自己人的價格	engine-auto	
เป็นพิเศษ	pen phi set	ben pi~ sētˇ	特別的	engine-auto	
เรื่องนี้สำคัญเป็นพิเศษ	rueang ni samkhan pen phi set	rɯ̄angˋ nī~ samˊ kan ben pi~ sētˇ	這件事情特別重要	engine-auto	
ขี้เหนียว	Kee Neow	kīˋ nīauˊ	小氣	engine-auto	
ฉันคิดว่าเขาขี้เหนียวเกินไป	Chan khid wa kao kee neow kern pai	chanˊ kit~ wāˋ kāuˊ kīˋ nīauˊ gə̄n bai	我覺得他太小氣了	engine-auto	
เขารวยแต่เขาขี้เหนียวไปหน่อย	Kao ruay tae kao kee neow pai noi	kāuˊ rūay dɛ̄ˇ kāuˊ kīˋ nīauˊ bai nɔ̄iˇ	他很有錢，但他有點小氣	engine-auto	
ขี้โม้	Kee Mo	kīˋ mō~	愛吹牛	engine-auto	
เด็กคนนี้ขี้โม้	Dek kon nee kee mo	dhekˇ kon nī~ kīˋ mō~	這小孩愛吹牛	engine-auto	
โม้ไม่หยุดเลย	Mo mai yud loei	mō~ maiˋ yutˇ lə̄i	吹牛個不停	engine-auto	
ขี้หึง	Kee Hung	kīˋ hɯngˊ	愛吃醋	engine-auto	
แฟนเป็นคนขี้หึง	Fan pen kon kee hung	fɛ̄n ben kon kīˋ hɯngˊ	女朋友是愛吃醋的人	engine-auto	
ขี้โมโห	Kee Mo ho	kīˋ mō hōˊ	愛生氣	engine-auto	
คุณโมโหใคร	Khun mo ho khrai	kun mō hōˊ krai	你生誰的氣	engine-auto	
ใครทำให้เขาโมโห	Khrai tham hai kao mo ho	krai tam haiˋ kāuˊ mō hōˊ	誰讓他生氣	engine-auto	
เขาเป็นคนโมโหง่าย	Kao pen kon mo ho ngai	kāuˊ ben kon mō hōˊ ngāiˋ	他是很容易生氣的人	engine-auto	
เขาเป็นคนขี้โมโห	Kao pen kon kee mo ho	kāuˊ ben kon kīˋ mō hōˊ	他是愛生氣的人	engine-auto	
ขี้ตกใจ	Kee Tok jai	kīˋ dokˇ jai	愛驚嚇	engine-auto	
รู้สึกตกใจมาก	Roo sue k tok jai mak	rū~ sɯkˇ dokˇ jai mākˋ	感到很驚嚇	engine-auto	
เห็นข่าวแล้วรู้สึกตกใจมาก	Hen khao laew roo sue k tok jai mak	henˊ kāuˇ lɛ̄u~ rū~ sɯkˇ dokˇ jai mākˋ	看到新聞了，感到很驚嚇	engine-auto	
ขี้เมา	Kee Mao	kīˋ māu	酒鬼	engine-auto	
พ่อขี้เมา	Phor kee mao	pɔ̄ˋ kīˋ māu	爸爸是酒鬼	engine-auto	
ซื่อ	Sue	sɯ̄ˋ	老實	engine-auto	
ทำหน้าซื่อ	Tham na sue	tam nāˋ sɯ̄ˋ	臉看起來很老實	engine-auto	
นิสัยซื่อมาก	Nisai sue mak	ni~ saiˊ sɯ̄ˋ mākˋ	個性很老實	engine-auto	
เถ้าแก่ร้านนี้นิสัยซื่อมาก	Thao kae ran nee nisai sue mak	tāuˋ gɛ̄ˇ rān~ nī~ ni~ saiˊ sɯ̄ˋ mākˋ	這家店老闆個性很老實	engine-auto	
ซีเรียส	Serious	sī rīatˋ	認真/嚴肅	engine-auto	
อย่าซีเรียสแค่พูดเล่นเอง	Ya serious khae pood len eng	yāˋ sī rīatˋ kɛ̄ˋ pūtˋ lēnˋ ēng	別當真，只是開玩笑而已	engine-auto	
เครียด	Kried	krīatˋ	壓力	engine-auto	
ทำหน้าเครียด	Tham na kried	tam nāˋ krīatˋ	臉看起來很有壓力	engine-auto	
เป็นหนี้เยอะก็เลยเครียด	Pen nee yuer kor loei kried	ben nīˋ yə~ gɔ̄ˋ lə̄i krīatˋ	負債很多所以有壓力	engine-auto	
อากาศ	akat	ā gātˇ	天氣	book-exact	(book-exact已用引擎重新驗證)
ปีหนึ่ง	pi nueng	bī nɯngˇ	一年	engine-auto	
1 ปี	nueng pi	1 bī	一年（正式）	engine-auto	
อบอ้าว	op ao	opˇ āuˋ	悶熱	engine-auto	
ชื้น	chuen	chɯ̄n~	潮濕	engine-auto	
โลก	lok	lōkˋ	地球、世界	engine-auto	
โลกร้อน	lok ron	lōkˋ rɔ̄n~	全球暖化	engine-auto	
ละลาย	la lai	la~ lāi	溶解、融化	engine-auto	
โลกร้อน ทำให้น้ำแข็ง ละลาย	lok ron tham hai nam khaeng la lai	lōkˋ rɔ̄n~ tam haiˋ nām~ kɛngˊ la~ lāi	全球暖化導致冰塊融化	engine-auto	
หน้า	na	nāˋ	季節（口語）、臉、前面	engine-auto	
หน้าร้อน	na ron	nāˋ rɔ̄n~	夏季（口語）	engine-auto	
หน้าหนาว	na nao	nāˋ nāuˊ	冬季（口語）	engine-auto	
ใบไม้	bai mai	bhai mai~	葉子	engine-auto	
ผลิ	phli	pliˇ	綻放、發芽	engine-auto	
หน้าทุเรียน	na thu rian	nāˋ tu~ rīan	榴槤季	engine-auto	
หน้าลำไย	na lam yai	nāˋ lam yai	龍眼季	engine-auto	
อากาศ	akat	ā gātˇ	天氣	book-exact	(book-exact已用引擎重新驗證)
ปีหนึ่ง	pi nueng	bī nɯngˇ	一年	engine-auto	
1 ปี	nueng pi	1 bī	一年（正式）	engine-auto	
อบอ้าว	op ao	opˇ āuˋ	悶熱	engine-auto	
ชื้น	chuen	chɯ̄n~	潮濕	engine-auto	
โลก	lok	lōkˋ	地球、世界	engine-auto	
โลกร้อน	lok ron	lōkˋ rɔ̄n~	全球暖化	engine-auto	
ละลาย	la lai	la~ lāi	溶解、融化	engine-auto	
โลกร้อน ทำให้น้ำแข็ง ละลาย	lok ron tham hai nam khaeng la lai	lōkˋ rɔ̄n~ tam haiˋ nām~ kɛngˊ la~ lāi	全球暖化導致冰塊融化	engine-auto	
หน้า	na	nāˋ	季節（口語）、臉、前面	engine-auto	
หน้าร้อน	na ron	nāˋ rɔ̄n~	夏季（口語）	engine-auto	
หน้าหนาว	na nao	nāˋ nāuˊ	冬季（口語）	engine-auto	
ใบไม้	bai mai	bhai mai~	葉子	engine-auto	
ผลิ	phli	pliˇ	綻放、發芽	engine-auto	
หน้าทุเรียน	na thu rian	nāˋ tu~ rīan	榴槤季	engine-auto	
หน้าลำไย	na lam yai	nāˋ lam yai	龍眼季	engine-auto	
แผ่นดินไหว	phaen din wai	pɛ̄nˇ dhin waiˊ	地震	book-exact	(book-exact已用引擎重新驗證)
ภูเขาไฟระเบิด	phu khao fai ra boet	pū kāuˊ fai ra~ bhə̄tˇ	火山爆發	book-exact	(book-exact已用引擎重新驗證)
ภูเขา	phu khao	pū kāuˊ	山	engine-auto	
ระเบิด	ra boet	ra~ bhə̄tˇ	爆發/炸彈	engine-auto	
ไฟไหม้	fai mai	fai maiˋ	火災	engine-auto	
ช่วยด้วย	chuay duay	chūayˋ dhūayˋ	救命	engine-auto	
สึนามิ	su na mi	sɯˇ nā mi~	海嘯	engine-auto	
ตากแดด	tak daet	dākˇ dhɛ̄tˇ	曬太陽	engine-auto	
แดด	daet	dhɛ̄tˇ	陽光	engine-auto	
ไม่มีแดด	mai mi daet	maiˋ mī dhɛ̄tˇ	沒有陽光	engine-auto	
ตากเสื้อ	tak suea	dākˇ sɯ̄aˋ	晾衣服	engine-auto	
พระอาทิตย์	phra athit	pra~ ā tit~	太陽	book-exact	(book-exact已用引擎重新驗證)
ดูพระอาทิตย์ขึ้น	du phra athit khuen	dhū pra~ ā tit~ kɯnˋ	看日出	engine-auto	
พระจันทร์	phra chan	pra~ jan	月亮	book-exact	(book-exact已用引擎重新驗證)
สีเหลือง	si lueang	sīˊ lɯ̄angˊ	黃色	engine-auto	
เต็ม	tem	dem	滿	engine-auto	
ดาวตก	dao tok	dhāu dokˇ	流星	engine-auto	
ดูดาวตก	du dao tok	dhū dhāu dokˇ	看流星	engine-auto	
ดูหมอ	du mo	dhū mɔ̄ˊ	算命 (看老師)	engine-auto	
กัน	kan	gan	一起/預防	engine-auto	
กินข้าวกัน	kin khao kan	gin kāuˋ gan	一起吃飯	engine-auto	
เสื้อกันหนาว	suea kan nao	sɯ̄aˋ gan nāuˊ	外套/防寒衣	engine-auto	
แว่นกันแดด	waen kan daet	wɛ̄nˋ gan dhɛ̄tˇ	太陽眼鏡	engine-auto	
ครีมกันแดด	khreem kan daet	krīm gan dhɛ̄tˇ	防曬乳	engine-auto	
อาทิตย์หน้าเจอกัน	athit na joe kan	ā tit~ nāˋ jə̄ gan	下週見	engine-auto	
วันนี้ฝันดี	wan ni fan di	wan nī~ fanˊ dhī	今天祝有個好夢	engine-auto	
ขอบคุณมาก	khop khun mak	kɔ̄pˇ kun mākˋ	非常感謝	engine-auto	
ที่ยุโรปหิมะตกหนัก	thi yurop hima tok nak	tīˋ yu~ rōpˋ hiˇ ma~ dokˇ nakˇ	在歐洲雪下得很大	engine-auto	
อากาศเย็นสบาย	akat yen sabai	ā gātˇ yen saˇ bhāi	天氣涼爽	engine-auto	
อากาศไม่หนาวไม่ร้อน	akat mai nao mai ron	ā gātˇ maiˋ nāuˊ maiˋ rɔ̄n~	天氣不冷不熱	engine-auto	
หลายที่ใบไม้จะเปลี่ยนสี	lai thi bai mai cha plian si	lāiˊ tīˋ bhai mai~ jaˇ blīanˇ sīˊ	很多地方葉子會變色	engine-auto	
ทำไมโลกร้อน	thammai lok ron	tam mai lōkˋ rɔ̄n~	為什麼地球暖化	engine-auto	
รีบกินเร็ว	rip kin rew	rīpˋ gin rew	趕快吃	engine-auto	
พอเห็นคุณแล้ว	pho hen khun laeo	pɔ̄ henˊ kun lɛ̄u~	一看到你	engine-auto	
ใจของฉันก็ละลาย	chai khong chan ko lalai	jai kɔ̄ngˊ chanˊ gɔ̄ˋ la~ lāi	我的心就融化了	engine-auto	
อากาศแห้งแล้ง	akat haeng laeng	ā gātˇ hɛ̄ngˋ lɛ̄ng~	天氣乾燥	engine-auto	
ภาคอีสานอากาศแห้งแล้ง	phak isan akat haeng laeng	pākˋ ī sānˊ ā gātˇ hɛ̄ngˋ lɛ̄ng~	東北地區天氣乾燥	engine-auto	
ทั้งร้อนทั้งอบอ้าว	thang ron thang op ao	tang~ rɔ̄n~ tang~ opˇ āuˋ	又熱又悶	engine-auto	
อากาศทั้งร้อนทั้งอบอ้าว	akat thang ron thang op ao	ā gātˇ tang~ rɔ̄n~ tang~ opˇ āuˋ	天氣又熱又悶	engine-auto	
บนภูเขาอากาศชื้นมาก	bon phukhao akat chuen mak	bhon pū kāuˊ ā gātˇ chɯ̄n~ mākˋ	山上天氣非常潮濕	engine-auto	
เสื้อยังชื้นอยู่	suea yang chuen yu	sɯ̄aˋ yang chɯ̄n~ yūˋ	衣服還濕濕的	engine-auto	
วันนี้ไม่มีแดด	wan ni mai mi daet	wan nī~ maiˋ mī dhɛ̄tˇ	今天沒有太陽	engine-auto	
วันนี้มีแดดไหม	wan ni mi daet mai	wan nī~ mī dhɛ̄tˇ maiˊ	今天有太陽嗎	engine-auto	
เสื้อก็เลยยังชื้นอยู่	suea ko loei yang chuen yu	sɯ̄aˋ gɔ̄ˋ lə̄i yang chɯ̄n~ yūˋ	所以衣服還是濕濕的	engine-auto	
พรุ่งนี้จะมีพายุ	phrung ni cha mi phayu	prungˋ nī~ jaˇ mī pā yu~	明天會有暴風雨	engine-auto	
อย่าออกทะเลเป็นอันขาด	ya ok thale pen an khat	yāˋ ɔ̄kˇ ta~ lē ben an kātˇ	絕對不要出海	engine-auto	
วันพุธจะมีไต้ฝุ่น	wan phut cha mi taifun	wan put~ jaˇ mī daiˋ funˇ	星期三會有颱風	engine-auto	
ถ้ามีไต้ฝุ่น	tha mi taifun	tāˋ mī daiˋ funˇ	如果有颱風	engine-auto	
ก็จะหยุดเรียนหยุดงาน	ko cha yut rian yut ngan	gɔ̄ˋ jaˇ yutˇ rīan yutˇ ngān	就會停課停班	engine-auto	
กลัวแผ่นดินไหวไหม	klua phaendin wai mai	glūa pɛ̄nˇ dhin waiˊ maiˊ	怕地震嗎	engine-auto	
แผ่นดินไหวครั้งนี้แรงมาก	phaendin wai khrang ni raeng mak	pɛ̄nˇ dhin waiˊ krang~ nī~ rɛ̄ng mākˋ	這次地震非常強烈	engine-auto	
ภูเขาไฟระเบิด	phukhaofai raboet	pū kāuˊ fai ra~ bhə̄tˇ	火山爆發	book-exact	(book-exact已用引擎重新驗證)
ไม่อยากเจอ	mai yak choe	maiˋ yākˋ jə̄	不想遇到	engine-auto	
ข้างหน้ามีรถระเบิด	khang na mi rot raboet	kāngˋ nāˋ mī rot~ ra~ bhə̄tˇ	前面有車子爆炸	engine-auto	
แปลกจังทำไมมีระเบิด	plaek chang thammai mi raboet	blɛ̄kˇ jang tam mai mī ra~ bhə̄tˇ	真奇怪為什麼有爆炸	engine-auto	
พระอาทิตย์ขึ้น	phra athit khuen	pra~ ā tit~ kɯnˋ	日出	engine-auto	
ไปอาลีซานดูพระอาทิตย์ขึ้น	pai alisan du phra athit khuen	bai ā lī sān dhū pra~ ā tit~ kɯnˋ	去阿里山看日出	engine-auto	
ไปอาลีซานดูพระอาทิตย์ขึ้นกัน	pai alisan du phra athit khuen kan	bai ā lī sān dhū pra~ ā tit~ kɯnˋ gan	一起去阿里山看日出吧	engine-auto	
ผู้ชายแรงเยอะ	phuchai raeng yoe	pūˋ chāi rɛ̄ng yə~	男生力氣大	engine-auto	
บนฟ้ามีเมฆมากๆ	bon fa mi mek mak mak	bhon fā~ mī mēkˋ mākˋ mākˋ	天空有很多雲	engine-auto	
เมฆดำเยอะมาก	mek dam yoe mak	mēkˋ dham yə~ mākˋ	烏雲很多	engine-auto	
ถ้าอยากดูทะเลหมอก	tha yak du thale mok	tāˋ yākˋ dhū ta~ lē mɔ̄kˇ	如果想看雲海	engine-auto	
ช่วยด้วยไฟไหม้ไฟไหม้	chuai duai fai mai fai mai	chūayˋ dhūayˋ fai maiˋ fai maiˋ	救命啊失火了	engine-auto	
ไฟไหม้ที่ไหน	fai mai thi nai	fai maiˋ tīˋ naiˊ	哪裡失火了	engine-auto	
ไฟไหม้บ้าน	fai mai ban	fai maiˋ bhānˋ	房子失火	engine-auto	
ไฟไหม้ห้าง	fai mai hang	fai maiˋ hāngˋ	百貨公司失火	engine-auto	
ถ้าไฟไหม้	tha fai mai	tāˋ fai maiˋ	如果失火	engine-auto	
ต้องโทรหนึ่งเก้าเก้า	tong tho nueng kao kao	dɔ̄ngˋ tōn nɯngˇ gāuˋ gāuˋ	必須打一九九	engine-auto	
ยี่สิบปีที่แล้ว	yi sip pi thi laeo	yīˋ sipˇ bī tīˋ lɛ̄u~	二十年前	engine-auto	
ที่ภูเก็ต	thi phuket	tīˋ pū getˇ	在普吉島	engine-auto	
เคยเกิดสึนามิ	khoei koet su na mi	kə̄i gə̄tˇ sɯˇ nā mi~	曾經發生過海嘯	engine-auto	
ตากเสื้อ	tak suea	dākˇ sɯ̄aˋ	曬衣服	engine-auto	
ตากแดดทั้งวัน	tak daet thang wan	dākˇ dhɛ̄tˇ tang~ wan	曬了一整天的太陽	engine-auto	
แม่กำลังตากปลา	mae kamlang tak pla	mɛ̄ˋ gam lang dākˇ blā	媽媽正在曬魚	engine-auto	
ครีมกันแดดสองยี่ห้อนี้	khrim kan daet song yiho ni	krīm gan dhɛ̄tˇ sɔ̄ngˊ yīˋ hɔ̄ˋ nī~	這兩個牌子的防曬乳	engine-auto	
ต่างกันยังไง	tang kan yangngai	dāngˇ gan yang ngai	有什麼不同	engine-auto	
ถูกจับแน่นอน	thuk chap naenon	tūkˇ japˇ nɛ̄ˋ nɔ̄n	一定會被抓	engine-auto	
อร่อยมาก	aroi mak	aˇ rɔ̄iˋ mākˋ	非常好吃	engine-auto	
ลองกินดู	long kin du	lɔ̄ng gin dhū	試吃看看	engine-auto	
พอแล้ว	pho laeo	pɔ̄ lɛ̄u~	夠了	engine-auto	
ไม่มีเวลา	mai mi wela	maiˋ mī wē lā	沒有時間	engine-auto	
เดี๋ยวเจอกันนะคะ	diao choe kan na kha	dhīauˊ jə̄ gan na~ ka~	待會見	engine-auto	
เปิดเพลงก่อน	poet phleng kon	bə̄tˇ plēng gɔ̄nˇ	先開音樂	engine-auto	
ระวัง	rawang	ra~ wang	小心	engine-auto	
ระวังหมา	rawang ma	ra~ wang māˊ	小心狗	engine-auto	
ระวังรถ	rawang rot	ra~ wang rot~	小心車	engine-auto	
ระวังช้าง	rawang chang	ra~ wang chāng~	小心大象	engine-auto	
ถูกหลอก	thuk lok	tūkˇ lɔ̄kˇ	被騙	engine-auto	
ระวังถูกหลอก	rawang thuk lok	ra~ wang tūkˇ lɔ̄kˇ	小心被騙	engine-auto	
เขาหลอกฉัน	khao lok chan	kāuˊ lɔ̄kˇ chanˊ	他騙我	engine-auto	
ตายแน่	tai nae	dāi nɛ̄ˋ	死定了	engine-auto	
ถ้าคุณหลอกฉันตายแน่ๆ	tha khun lok chan tai nae nae	tāˋ kun lɔ̄kˇ chanˊ dāi nɛ̄ˋ nɛ̄ˋ	如果你騙我死定了	engine-auto	
คุณแน่ใจ	khun nae chai	kun nɛ̄ˋ jai	你確定嗎	book-exact	(book-exact已用引擎重新驗證)
ฉันแน่ใจ	chan nae chai	chanˊ nɛ̄ˋ jai	我確定	engine-auto	
ชัวร์	chua	chūa	確定	engine-auto	
จะแต่งงานชัวร์ยัง	cha taeng ngan chua yang	jaˇ dɛ̄ngˇ ngān chūa yang	確定要結婚了嗎	engine-auto	
ฉันชัวร์มาก	chan chua mak	chanˊ chūa mākˋ	我非常確定	engine-auto	
ไม่แน่ใจ	mai nae chai	maiˋ nɛ̄ˋ jai	不確定	engine-auto	
ไม่ชัวร์	mai chua	maiˋ chūa	不確定	engine-auto	
ตกใจ	tok chai	dokˇ jai	嚇一跳	engine-auto	
ตกใจหมดเลย	tok chai mot loei	dokˇ jai motˇ lə̄i	嚇死我了	book-exact	(book-exact已用引擎重新驗證)
คิดมาก	khit mak	kit~ mākˋ	想太多	engine-auto	
อย่าไปคิดมาก	ya pai khit mak	yāˋ bai kit~ mākˋ	別想太多	engine-auto	
เบียร์ต้องแช่เย็น	bia tong chae yen	bhīa dɔ̄ngˋ chɛ̄ˋ yen	啤酒必須冷藏	engine-auto	
ไม่อย่างนั้น	mai yang nan	maiˋ yāngˋ nan~	否則	engine-auto	
ไม่อย่างนั้นไม่อร่อย	mai yang nan mai aroi	maiˋ yāngˋ nan~ maiˋ aˇ rɔ̄iˋ	否則不好吃	book-exact	(book-exact已用引擎重新驗證)
เลือดไหล	lueat lai	lɯ̄atˋ laiˊ	流血	engine-auto	
อากาศร้อนมาก	akat ron mak	ā gātˇ rɔ̄n~ mākˋ	天氣很熱	engine-auto	
เหงื่อ	nguea	ngɯ̄aˇ	汗	engine-auto	
เหงื่อไหล	nguea lai	ngɯ̄aˇ laiˊ	流汗	engine-auto	
น้ำตา	nam ta	nām~ dā	眼淚	engine-auto	
น้ำตาไหล	nam ta lai	nām~ dā laiˊ	流眼淚	engine-auto	
น้ำลาย	nam lai	nām~ lāi	口水	engine-auto	
น้ำลายไหล	nam lai lai	nām~ lāi laiˊ	流口水	engine-auto	
น้ำมูก	nam muk	nām~ mūkˋ	鼻涕	engine-auto	
น้ำมูกไหล	nam muk lai	nām~ mūkˋ laiˊ	流鼻涕	engine-auto	
น้ำไม่ไหล	nam mai lai	nām~ maiˋ laiˊ	停水	engine-auto	
ห้ามเข้า	ham khao	hāmˋ kāuˋ	禁止進入	engine-auto	
รองเท้าแตะ	rong thao tae	rɔ̄ng tāu~ dɛˇ	拖鞋	engine-auto	
ห้ามใส่รองเท้าแตะ	ham sai rong thao tae	hāmˋ saiˇ rɔ̄ng tāu~ dɛˇ	禁止穿拖鞋	engine-auto	
แตะ	tae	dɛˇ	碰觸	engine-auto	
แตะไหล่	tae lai	dɛˇ laiˇ	碰肩膀	engine-auto	
แตะมือ	tae mue	dɛˇ mɯ̄	碰手	engine-auto	
แตะหัว	tae hua	dɛˇ hūaˊ	碰頭	engine-auto	
ห้ามมาสาย	ham ma sai	hāmˋ mā sāiˊ	禁止遲到	engine-auto	
ห้ามกินเหล้า	ham kin lao	hāmˋ gin lāuˋ	禁止喝酒	engine-auto	
วันพระห้ามกินเหล้า	wan phra ham kin lao	wan pra~ hāmˋ gin lāuˋ	佛日禁止喝酒	engine-auto	
ห้ามสูบบุหรี่	ham sup buri	hāmˋ sūpˇ bhuˇ rīˇ	禁止吸菸	engine-auto	
ห้ามถ่ายรูป	ham thai rup	hāmˋ tāiˇ rūpˋ	禁止拍照	engine-auto	
แบบนี้	baep ni	bhɛ̄pˇ nī~	這樣	engine-auto	
ห้ามทำแบบนี้	ham tham baep ni	hāmˋ tam bhɛ̄pˇ nī~	禁止這樣做	engine-auto	
อย่างนี้	yang ni	yāngˋ nī~	這樣	engine-auto	
ห้ามทำอย่างนี้	ham tham yang ni	hāmˋ tam yāngˋ nī~	禁止這樣做	engine-auto	
เสื้อแบบนี้	suea baep ni	sɯ̄aˋ bhɛ̄pˇ nī~	這種衣服	engine-auto	
อาบน้ำ	ap nam	āpˇ nām~	洗澡	engine-auto	
อาบน้ำวันละ 2 ครั้ง	ap nam wan la song khrang	āpˇ nām~ wan la~ 2 krang~	一天洗兩次澡	engine-auto	
แปรงฟัน	praeng fan	brɛ̄ng fan	刷牙	engine-auto	
หวีผม	wi phom	wīˊ pomˊ	梳頭髮	book-exact	(book-exact已用引擎重新驗證)
แต่งตัว	taeng tua	dɛ̄ngˇ dūa	打扮	book-exact	(book-exact已用引擎重新驗證)
แต่งหน้า	taeng na	dɛ̄ngˇ nāˋ	化妝	book-exact	(book-exact已用引擎重新驗證)
รีบออกจากบ้าน	rip ok chak ban	rīpˋ ɔ̄kˇ jākˇ bhānˋ	趕快出門	book-exact	(book-exact已用引擎重新驗證)
วิ่ง	wing	wingˋ	跑	engine-auto	
วิ่งขึ้นรถ	wing khuen rot	wingˋ kɯnˋ rot~	跑上車	book-exact	(book-exact已用引擎重新驗證)
โชคดีที่มาทัน	chok di thi ma than	chō ka~ dhī tīˋ mā tan	幸好趕上	book-exact	(book-exact已用引擎重新驗證)
แต่งบ้าน	taeng ban	dɛ̄ngˇ bhānˋ	佈置家裡	engine-auto	
แต่งรถ	taeng rot	dɛ̄ngˇ rot~	改裝車	engine-auto	
ตกแต่ง	tok taeng	dokˇ dɛ̄ngˇ	裝飾	engine-auto	
ตกแต่งบ้าน	tok taeng ban	dokˇ dɛ̄ngˇ bhānˋ	裝飾家裡	engine-auto	
ตกแต่งร้าน	tok taeng ran	dokˇ dɛ̄ngˇ rān~	裝飾店面	engine-auto	
แต่งหน้าอ่อน	taeng na on	dɛ̄ngˇ nāˋ ɔ̄nˇ	化淡妝	engine-auto	
สีอ่อน	si on	sīˊ ɔ̄nˇ	淺色	engine-auto	
สีเข้ม	si khem	sīˊ kēmˋ	深色	engine-auto	
แต่งหน้าเข้ม	taeng na khem	dɛ̄ngˇ nāˋ kēmˋ	化濃妝	engine-auto	
แต่งหน้าจัด	taeng na chat	dɛ̄ngˇ nāˋ jatˇ	化濃妝	engine-auto	
เผ็ดจัด	phet chat	petˇ jatˇ	非常辣	engine-auto	
เปรี้ยวจัด	priao chat	brīauˋ jatˇ	非常酸	engine-auto	
เค็มจัด	khem chat	kem jatˇ	非常鹹	engine-auto	
ร้อนจัด	ron chat	rɔ̄n~ jatˇ	非常熱	engine-auto	
เย็นจัด	yen chat	yen jatˇ	非常冷	engine-auto	
หนาวจัด	nao chat	nāuˊ jatˇ	非常冷	engine-auto	
รถติด	rot tit	rot~ ditˇ	塞車	engine-auto	
แต่งตัวเปรี้ยว	taeng tua priao	dɛ̄ngˇ dūa brīauˋ	穿著性感惹火	engine-auto	
แต่งตัวเซ็กซี่	taeng tua seksi	dɛ̄ngˇ dūa sek~ sīˋ	穿著性感	engine-auto	
แต่งตัวเท่	taeng tua the	dɛ̄ngˇ dūa tēˋ	穿著帥氣	engine-auto	
แต่งตัวสุภาพ	taeng tua suphap	dɛ̄ngˇ dūa suˇ pāpˋ	穿著端莊	engine-auto	
พูดสุภาพ	phut suphap	pūtˋ suˇ pāpˋ	說話有禮貌	engine-auto	
แต่งตัวเชย	taeng tua choei	dɛ̄ngˇ dūa chə̄i	穿著老土	engine-auto	
ไม่เห็นถูกเลย	mai hen thuk loei	maiˋ henˊ tūkˇ lə̄i	根本不覺得便宜	engine-auto	
ไม่เห็นสนุกเลย	mai hen sanuk loei	maiˋ henˊ saˇ nuk~ lə̄i	根本不覺得好玩	engine-auto	
ไม่เห็นเป็นไรเลย	mai hen pen rai loei	maiˋ henˊ ben rai lə̄i	根本沒關係	engine-auto	
ไม่เห็นมีอะไรน่าซื้อเลย	mai hen mi arai na suea loei	maiˋ henˊ mī aˇ rai nāˋ sɯ̄~ lə̄i	根本沒什麼好買的	engine-auto	
น่าซื้อ	na suea	nāˋ sɯ̄~	值得買	engine-auto	
แช่เท้า	chae thao	chɛ̄ˋ tāu~	泡腳	engine-auto	
แช่ตู้เย็น	chae tu yen	chɛ̄ˋ dūˋ yen	放冰箱冷藏	engine-auto	
นมต้องแช่ตู้เย็น	nom tong chae tu yen	nom dɔ̄ngˋ chɛ̄ˋ dūˋ yen	牛奶必須放冰箱	engine-auto	
กุ้งแช่น้ำปลา	kung chae nam pla	gungˋ chɛ̄ˋ nām~ blā	魚露生蝦	engine-auto	
น้ำจิ้ม	nam chim	nām~ jimˋ	沾醬	engine-auto	
อาหารแช่แข็ง	ahan chae khaeng	ā hānˊ chɛ̄ˋ kɛngˊ	冷凍食品	engine-auto	
น้ำแข็ง	nam khaeng	nām~ kɛngˊ	冰塊	engine-auto	
ละลายน้ำแข็ง	lalai nam khaeng	la~ lāi nām~ kɛngˊ	解凍	engine-auto	
ระวังเป็นหวัด	rawang pen wat	ra~ wang ben watˇ	小心感冒	engine-auto	
อย่าเชื่อคนอื่นมากเกินไป	ya chuea khon uen mak koen pai	yāˋ chɯ̄aˋ kon ɯ̄nˇ mākˋ gə̄n bai	別太相信別人	engine-auto	
ระวังถูกหลอก	rawang thuk lok	ra~ wang tūkˇ lɔ̄kˇ	小心被騙	engine-auto	
เขาถูกหลอกเงิน	khao thuk lok ngoen	kāuˊ tūkˇ lɔ̄kˇ ngə̄n	他被騙錢	engine-auto	
เขาหลอกฉัน	khao lok chan	kāuˊ lɔ̄kˇ chanˊ	他騙我	engine-auto	
ตกใจ	tok chai	dokˇ jai	嚇一跳	engine-auto	
อย่าทำให้เขาตกใจ	ya tham hai khao tok chai	yāˋ tam haiˋ kāuˊ dokˇ jai	別嚇到他	engine-auto	
เขาเป็นโรคหัวใจ	khao pen rok hua chai	kāuˊ ben rōkˋ hūaˊ jai	他有心臟病	engine-auto	
อุ๊ยเจ็บจังเลย	ui chep chang loei	ui~ jepˇ jang lə̄i	哎呀好痛	engine-auto	
ไม่อย่างนั้น	mai yang nan	maiˋ yāngˋ nan~	否則	engine-auto	
ต้องกินทันที	tong kin than thi	dɔ̄ngˋ gin tan tī	必須馬上吃	engine-auto	
ไม่อย่างนั้นไม่อร่อย	mai yang nan mai aroi	maiˋ yāngˋ nan~ maiˋ aˇ rɔ̄iˋ	否則不好吃	book-exact	(book-exact已用引擎重新驗證)
ต้องจองก่อน	tong chong kon	dɔ̄ngˋ jɔ̄ng gɔ̄nˇ	必須先訂位	engine-auto	
ไม่อย่างนั้นรอนานแน่นอน	mai yang nan ro nan naenon	maiˋ yāngˋ nan~ rɔ̄ nān nɛ̄ˋ nɔ̄n	否則一定等很久	engine-auto	
เลือดไหล	lueat lai	lɯ̄atˋ laiˊ	流血	engine-auto	
แย่แล้วเลือดไหลไม่หยุด	yae laeo lueat lai mai yut	yɛ̄ˋ lɛ̄u~ lɯ̄atˋ laiˊ maiˋ yutˇ	糟了流血不止	engine-auto	
ทำอย่างไรดี	tham yang rai di	tam yāngˋ rai dhī	怎麼辦才好	engine-auto	
ทำยังไงดี	tham yang ngai di	tam yang ngai dhī	怎麼辦	engine-auto	
ไปหาหมอดีกว่า	pai ha mo di kwa	bai hāˊ mɔ̄ˊ dhī gwāˇ	去看醫生比較好	engine-auto	
เหงื่อไหล	nguea lai	ngɯ̄aˇ laiˊ	流汗	engine-auto	
ออกกำลังกาย	ok kamlang kai	ɔ̄kˇ gam lang gāi	運動	engine-auto	
เหงื่อออกง่าย	nguea ok ngai	ngɯ̄aˇ ɔ̄kˇ ngāiˋ	容易出汗	engine-auto	
น้ำตาไหล	nam ta lai	nām~ dā laiˊ	流眼淚	engine-auto	
หนังเรื่องนี้	nang rueang ni	nangˊ rɯ̄angˋ nī~	這部電影	engine-auto	
ดูแล้วน้ำตาไหล	tu laeo nam ta lai	dhū lɛ̄u~ nām~ dā laiˊ	看了會流淚	engine-auto	
ร้องไห้แต่ไม่มีน้ำตา	rong hai tae mai mi nam ta	rɔ̄ng~ haiˋ dɛ̄ˇ maiˋ mī nām~ dā	哭但沒眼淚	engine-auto	
น้ำลายไหล	nam lai lai	nām~ lāi laiˊ	流口水	engine-auto	
อาหารน่ากิน	ahan na kin	ā hānˊ nāˋ gin	食物看起來很好吃	engine-auto	
ไม่น่ากิน	mai na kin	maiˋ nāˋ gin	看起來不好吃	engine-auto	
เห็นแล้วน้ำลายไหล	hen laeo nam lai lai	henˊ lɛ̄u~ nām~ lāi laiˊ	看了就流口水	engine-auto	
มีอาการยังไงบ้าง	mi akan yang ngai bang	mī ā gān yang ngai bhāngˋ	有什麼症狀	engine-auto	
มีน้ำมูกไหม	mi nam muk mai	mī nām~ mūkˋ maiˊ	有流鼻涕嗎	engine-auto	
ไม่มีน้ำมูก	mai mi nam muk	maiˋ mī nām~ mūkˋ	沒有流鼻涕	engine-auto	
ถ้าไม่มีน้ำมูก	tha mai mi nam muk	tāˋ maiˋ mī nām~ mūkˋ	如果沒有流鼻涕	engine-auto	
ก็ไม่ต้องกินยา	ko mai tong kin ya	gɔ̄ˋ maiˋ dɔ̄ngˋ gin yā	就不用吃藥	engine-auto	
น้ำไม่ไหล	nam mai lai	nām~ maiˋ laiˊ	停水	engine-auto	
ช่วยมาดูให้หน่อย	chuai ma tu hai noi	chūayˋ mā dhū haiˋ nɔ̄iˇ	請來幫忙看一下	engine-auto	
หลังจากวันนี้	lang chak wan ni	langˊ jākˇ wan nī~	從今天起	engine-auto	
ห้ามทำแบบนี้	ham tham baep ni	hāmˋ tam bhɛ̄pˇ nī~	禁止這樣做	engine-auto	
ห้ามทำอย่างนี้	ham tham yang ni	hāmˋ tam yāngˋ nī~	禁止這樣做	engine-auto	
ห้ามมาสาย	ham ma sai	hāmˋ mā sāiˊ	禁止遲到	engine-auto	
นี่เป็นคำสั่ง	ni pen kham sang	nīˋ ben kam sangˇ	這是命令	engine-auto	
ห้ามสูบบุหรี่เป็นอันขาด	ham sup buri pen an khat	hāmˋ sūpˇ bhuˇ rīˇ ben an kātˇ	絕對禁止抽菸	engine-auto	
ใกล้จะถึงคริสต์มาสแล้ว	klai cha thueng khritsamat laeo	glaiˋ jaˇ tɯngˊ krit~ mātˋ lɛ̄u~	快到聖誕節了	engine-auto	
ต้องแต่งบ้าน	tong taeng ban	dɔ̄ngˋ dɛ̄ngˇ bhānˋ	要佈置家裡	engine-auto	
ใกล้จะถึงตรุษจีนแล้ว	klai cha thueng trut chin laeo	glaiˋ jaˇ tɯngˊ drutˇ jīn lɛ̄u~	快到春節了	engine-auto	
ผู้ชายไทยบางคน	phuchai thai bang khon	pūˋ chāi tai bhāng kon	一些泰國男生	engine-auto	
แต่งรถ	taeng rot	dɛ̄ngˇ rot~	改裝車	engine-auto	
บางคนชอบแต่งรถ	bang khon chop taeng rot	bhāng kon chɔ̄pˋ dɛ̄ngˇ rot~	有些人喜歡改裝車	engine-auto	
ตกแต่ง	tok taeng	dokˇ dɛ̄ngˇ	裝飾	engine-auto	
ตกแต่งต้องใช้เวลา	tok taeng tong chai wela	dokˇ dɛ̄ngˇ dɔ̄ngˋ chai~ wē lā	裝潢需要時間	engine-auto	
ใช้เวลาประมาณสามอาทิตย์	chai wela praman sam athit	chai~ wē lā braˇ mān sāmˊ ā tit~	大約需要三個星期	engine-auto	
แต่งหน้า	taeng na	dɛ̄ngˇ nāˋ	化妝	book-exact	(book-exact已用引擎重新驗證)
แต่งหน้าเข้ม	taeng na khem	dɛ̄ngˇ nāˋ kēmˋ	化濃妝	engine-auto	
ชอบผู้หญิงแต่งหน้าเข้ม	chop phuying taeng na khem	chɔ̄pˋ pūˋ yingˊ dɛ̄ngˇ nāˋ kēmˋ	喜歡化濃妝的女生	engine-auto	
ผมไม่ค่อยชอบผู้หญิงแต่งหน้าเข้ม	phom mai khoi chop phuying taeng na khem	pomˊ maiˋ kɔ̄iˋ chɔ̄pˋ pūˋ yingˊ dɛ̄ngˇ nāˋ kēmˋ	我不怎麼喜歡化濃妝的女生	engine-auto	
แต่งหน้าอ่อน	taeng na on	dɛ̄ngˇ nāˋ ɔ̄nˇ	化淡妝	engine-auto	
ไม่แต่งหน้าก็สวย	mai taeng na ko suai	maiˋ dɛ̄ngˇ nāˋ gɔ̄ˋ sūayˊ	不化妝也漂亮	engine-auto	
ทำไม่เป็น	tham mai pen	tam maiˋ ben	不會做	engine-auto	
แต่งหน้าเค้ก	taeng na khek	dɛ̄ngˇ nāˋ kēk~	裝飾蛋糕	engine-auto	
แต่งตัว	taeng tua	dɛ̄ngˇ dūa	打扮	book-exact	(book-exact已用引擎重新驗證)
แต่งตัวสุภาพ	taeng tua suphap	dɛ̄ngˇ dūa suˇ pāpˋ	穿著端莊	engine-auto	
ไปวัดต้องแต่งตัวสุภาพ	pai wat tong taeng tua suphap	bai wat~ dɔ̄ngˋ dɛ̄ngˇ dūa suˇ pāpˋ	去寺廟必須穿著端莊	engine-auto	
ไปวัดห้ามแต่งตัวเซ็กซี่	pai wat ham taeng tua seksi	bai wat~ hāmˋ dɛ̄ngˇ dūa sek~ sīˋ	去寺廟禁止穿著性感	engine-auto	
เท่	the	tēˋ	帥氣	engine-auto	
ดาราคนนี้เท่มาก	dara khon ni the mak	dhā rā kon nī~ tēˋ mākˋ	這位明星很帥	engine-auto	
ยิ่งแก่ยิ่งเท่	ying kae ying the	yingˋ gɛ̄ˇ yingˋ tēˋ	越老越帥	engine-auto	
กระเป๋าใบนี้เท่มาก	krapao bai ni the mak	graˇ bāuˊ bhai nī~ tēˋ mākˋ	這個包包很酷	engine-auto	
ไม่เห็นด้วย	mai hen tuai	maiˋ henˊ dhūayˋ	不同意	engine-auto	
กระเป๋าใบนี้ไม่เท่	krapao bai ni mai the	graˇ bāuˊ bhai nī~ maiˋ tēˋ	這個包包不酷	engine-auto	
เชย	choei	chə̄i	俗氣	engine-auto	
ทำไมเชยอย่างนี้	thammai choei yang ni	tam mai chə̄i yāngˋ nī~	為什麼這麼老土	engine-auto	
ถูกแฟนทิ้งไม่เห็นเป็นไรเลย	thuk faen thing mai hen pen rai loei	tūkˇ fɛ̄n ting~ maiˋ henˊ ben rai lə̄i	被情人拋棄根本沒關係	engine-auto	
เต้าหู้เหม็นไม่เห็นอร่อยเลย	taohu men mai hen aroi loei	dāuˋ hūˋ menˊ maiˋ henˊ aˇ rɔ̄iˋ lə̄i	臭豆腐根本不覺得好吃	engine-auto	
เขาว่างมากไม่เห็นยุ่งเลย	khao wang mak mai hen yung loei	kāuˊ wāngˋ mākˋ maiˋ henˊ yungˋ lə̄i	他很閒根本不覺得忙	engine-auto	
แช่ตู้เย็น	chae tu yen	chɛ̄ˋ dūˋ yen	放冰箱冷藏	engine-auto	
ใส่ตู้เย็น	sai tu yen	saiˇ dūˋ yen	放入冰箱	engine-auto	
อย่าลืมแช่ตู้เย็น	ya luem chae tu yen	yāˋ lɯ̄m chɛ̄ˋ dūˋ yen	別忘了放冰箱	engine-auto	
แช่	chae	chɛ̄ˋ	浸泡	engine-auto	
แช่ออนเซ็น	chae onsen	chɛ̄ˋ ɔ̄n sen	泡溫泉	engine-auto	
แช่เท้า	chae thao	chɛ̄ˋ tāu~	泡腳	engine-auto	
ชอบไปญี่ปุ่นแช่ออนเซ็น	chop pai yipun chae onsen	chɔ̄pˋ bai yīˋ bunˇ chɛ̄ˋ ɔ̄n sen	喜歡去日本泡溫泉	engine-auto	
อาบน้ำ	ap nam	āpˇ nām~	洗澡	engine-auto	
คุณอาบน้ำหรือยัง	khun ap nam rue yang	kun āpˇ nām~ rɯ̄ˊ yang	你洗澡了嗎	engine-auto	
ผมอาบน้ำแล้ว	phom ap nam laeo	pomˊ āpˇ nām~ lɛ̄u~	我洗澡了	engine-auto	
ยังไม่อาบน้ำ	yang mai ap nam	yang maiˋ āpˇ nām~	還沒洗澡	engine-auto	
เครื่องทำน้ำอุ่นเสีย	khrueang tham nam un sia	krɯ̄angˋ tam nām~ unˇ sīaˊ	熱水器壞了	engine-auto	
ฉันจะอาบน้ำได้ยังไง	chan cha ap nam dai yang ngai	chanˊ jaˇ āpˇ nām~ dhaiˋ yang ngai	我要怎麼洗澡	engine-auto	
แปรงฟัน	praeng fan	brɛ̄ng fan	刷牙	engine-auto	
ตื่นเช้าล้างหน้าแปรงฟัน	tuen chao lang na praeng fan	dɯ̄nˇ chāu~ lāng~ nāˋ brɛ̄ng fan	早起洗臉刷牙	engine-auto	
ก่อนนอนก็ต้องแปรงฟัน	kon non ko tong praeng fan	gɔ̄nˇ nɔ̄n gɔ̄ˋ dɔ̄ngˋ brɛ̄ng fan	睡前也要刷牙	engine-auto	
ถ้าไม่แปรงฟัน	tha mai praeng fan	tāˋ maiˋ brɛ̄ng fan	如果不刷牙	engine-auto	
กลิ่นปาก	klin pak	glinˇ bākˇ	口臭	engine-auto	
ก็จะมีกลิ่นปาก	ko cha mi klin pak	gɔ̄ˋ jaˇ mī glinˇ bākˇ	就會有口臭	engine-auto	
วิ่ง	wing	wingˋ	跑	engine-auto	
วิ่งเร็วมาก	wing rew mak	wingˋ rew mākˋ	跑很快	engine-auto	
เค้าวิ่งเร็วมาก	khao wing rew mak	kāu~ wingˋ rew mākˋ	他跑得非常快	engine-auto	
วิ่งตามไม่ทัน	wing tam mai than	wingˋ dām maiˋ tan	追不上	engine-auto	
ฉันวิ่งตามเค้าไม่ทัน	chan wing tam khao mai than	chanˊ wingˋ dām kāu~ maiˋ tan	我跑得追不上他	engine-auto	
โอเคมั้ยคะ	o khe mai kha	ō kē mai~ ka~	可以嗎	engine-auto	
เห็น	hen	henˊ	看見	book-exact	(book-exact已用引擎重新驗證)
ขอบคุณมากค่ะ	khop khun mak kha	kɔ̄pˇ kun mākˋ kaˋ	非常感謝	engine-auto	
เดี๋ยวนะคะ	diao na kha	dhīauˊ na~ ka~	等一下喔	engine-auto	
เคยไปแล้ว	khoei pai laeo	kə̄i bai lɛ̄u~	曾經去過了	engine-auto	
ไปแล้ว	pai laeo	bai lɛ̄u~	去過了	engine-auto	
ประตู	pra tu	braˇ dū	門	engine-auto	
ประตูน้ำ	pra tu nam	braˇ dū nām~	水門	engine-auto	
พันทิพย์พลาซ่าประตูน้ำ	phan thip phla sa pra tu nam	pan tip~ plā sāˋ braˇ dū nām~	潘提普廣場水門店	engine-auto	
ตอบนะ	top na	dɔ̄pˇ na~	回答喔	engine-auto	
มากันนะ	ma kan na	mā gan na~	一起來喔	engine-auto	
ถนนข้าวสาร	tha non khao san	taˇ non kāuˋ sānˊ	考山路	book-exact	(book-exact已用引擎重新驗證)
เคยไปค่ะ	khoei pai kha	kə̄i bai kaˋ	曾經去過	engine-auto	
ไปตอนไหน	pai ton nai	bai dɔ̄n naiˊ	什麼時候去的	engine-auto	
ยาวที่สุดนะคะ	yao thi sut na kha	yāu tīˋ sutˇ na~ ka~	最長的喔	engine-auto	
ไปทำไม	pai tham mai	bai tam mai	去做什麼	engine-auto	
ซื้อทองใหม่	suea thong mai	sɯ̄~ tɔ̄ng maiˇ	買新黃金	engine-auto	
เยาวราช	yao wa rat	yāuu rātˋ	耀華力路（唐人街）	engine-auto	
อนุสาวรีย์	a nu sa wa ri	aˇ nu~ sāuˊ rī	紀念碑	book-exact	(book-exact已用引擎重新驗證)
อ้าไปไหนพี่	a pai nai phi	āˋ bai naiˊ pīˋ	哥哥/姐姐去哪裡	engine-auto	
ประเทศ	pra thet	braˇ tētˋ	國家	engine-auto	
คะแนน	kha naen	ka~ nɛ̄n	分數	engine-auto	
สถานีขนส่ง	sa tha ni khon song	saˇ tāˊ nī konˊ songˇ	客運站	book-exact	(book-exact已用引擎重新驗證)
ไปเหนือ	pai nuea	bai nɯ̄aˊ	往北部	engine-auto	
แม่น้ำเจ้าพระยา	mae nam chao phra ya	mɛ̄ˋ nām~ jāuˋ pra~ yā	昭披耶河	engine-auto	
นั่งเรือในน้ำเจ้าพระยาไง	nang ruea nai nam chao phra ya ngai	nangˋ rɯ̄a nai nām~ jāuˋ pra~ yā ngai	在昭披耶河搭船啊	engine-auto	
เจอใช่มั้ย	choe chai mai	jə̄ chaiˋ mai~	找到了對嗎	engine-auto	
ใช่ๆ	chai chai	chaiˋ chaiˋ	是的是的	engine-auto	
แม่น	maen	mɛ̄nˋ	準確	engine-auto	
รอ	ro	rɔ̄	等待	engine-auto	
สะพานตากสิน	sa phan tak sin	saˇ pān dākˇ sinˊ	達信橋	engine-auto	
พิพิธภัณฑ์	phi phit tha phan	pi~ pit~ pan	博物館	book-exact	(book-exact已用引擎重新驗證)
วัด	wat	wat~	寺廟	engine-auto	
มอง	mong	mɔ̄ng	看	engine-auto	
ใครไปคะ	khrai pai kha	krai bai ka~	誰去的	engine-auto	
ไม่เคยไป	mai khoei pai	maiˋ kə̄i bai	不曾去過	engine-auto	
เข้าใจนะคะ	khao chai na kha	kāuˋ jai na~ ka~	懂了嗎	engine-auto	
ซอยสุเทพ	soi su thep	sɔ̄i suˇ tēpˋ	素貼巷	engine-auto	
อาบน้ำให้นะคะ	ap nam hai na kha	āpˇ nām~ haiˋ na~ ka~	幫忙洗澡喔	engine-auto	
ตลาดน้ำ	ta lat nam	daˇ lātˋ nām~	水上市場	engine-auto	
ตลาดรถไฟ	ta lat rot fai	daˇ lātˋ rot~ fai	火車夜市	book-exact	(book-exact已用引擎重新驗證)
รถไฟ	rot fai	rot~ fai	火車	engine-auto	
เจดีย์	che di	jē dhī	佛塔	engine-auto	
เขา	khao	kāuˊ	他 / 山	engine-auto	
เขาไป	khao pai	kāuˊ bai	他去	engine-auto	
ปราสาทหิน	pra sat hin	brā sātˇ hinˊ	石宮	engine-auto	
ปราสาท	pra sat	brā sātˇ	城堡	engine-auto	
น้ำตก	nam tok	nām~ dokˇ	瀑布	engine-auto	
เคยกินมั้ย	khoei kin mai	kə̄i gin mai~	曾經吃過嗎	engine-auto	
น่ากินมั้ย	na kin mai	nāˋ gin mai~	看起來好吃嗎	engine-auto	
ชายทะเล	chai tha le	chāi ta~ lē	海灘	engine-auto	
ชายแดน	chai daen	chāi dhɛ̄n	邊境	engine-auto	
ชายแดนลาว	chai daen lao	chāi dhɛ̄n lāu	寮國邊境	engine-auto	
ชายแดนมาเลเซีย	chai daen ma le sia	chāi dhɛ̄n mā lē sīa	馬來西亞邊境	engine-auto	
ป่าสัก	pa sak	bāˇ sakˇ	巴塞（地名/河川名）	engine-auto	
คิดว่า	Khit wa	kit~ wāˋ	認為、覺得	engine-auto	
เพื่อนคิดว่าเขาโกหก	Phuean khit wa khao kohok	pɯ̄anˋ kit~ wāˋ kāuˊ gō hokˇ	朋友認為他說謊	engine-auto	
ฉันคิดว่าตัวเองยังไม่แก่	Chan khit wa tua eng yang mai kae	chanˊ kit~ wāˋ dūa ēng yang maiˋ gɛ̄ˇ	我認為自己還沒老（女性）	engine-auto	
ผมคิดว่าตัวเองยังไม่แก่	Phom khit wa tua eng yang mai kae	pomˊ kit~ wāˋ dūa ēng yang maiˋ gɛ̄ˇ	我認為自己還沒老（男性）	engine-auto	
เกินไป	Koen pai	gə̄n bai	太過、過度	engine-auto	
แต่งตัวเซ็กซี่เกินไป	Taeng tua sexy koen pai	dɛ̄ngˇ dūa sek~ sīˋ gə̄n bai	穿著太性感了	engine-auto	
แต่งหน้าเข้มเกินไป	Taeng na khem koen pai	dɛ̄ngˇ nāˋ kēmˋ gə̄n bai	化妝太濃了	engine-auto	
ขับรถเร็วเกินไป	Khap rot reo koen pai	kapˇ rot~ rew gə̄n bai	開車太快了	engine-auto	
ไปหน่อย	Pai noi	bai nɔ̄iˇ	有點...、稍微...	engine-auto	
กลิ่นเหม็นไปหน่อย	Klin men pai noi	glinˇ menˊ bai nɔ̄iˇ	氣味有點臭	engine-auto	
รวย	Ruay	rūay	富有	engine-auto	
จน	Chon	jon	窮、貧窮	book-exact	(book-exact已用引擎重新驗證)
ถ้าไม่อยากแก่ต้องออกกำลังกาย	Tha mai yak kae tong ok kamlang kai	tāˋ maiˋ yākˋ gɛ̄ˇ dɔ̄ngˋ ɔ̄kˇ gam lang gāi	如果不想老就要運動	engine-auto	
คนแก่เหนื่อยง่าย	Khon kae nueai ngai	kon gɛ̄ˇ nɯ̄aiˇ ngāiˋ	老人容易累	engine-auto	
เร็ว	rew	rew	快 / 早	engine-auto	
แท็กซี่ขับรถเร็ว ฉันกลัว	thek si khap rot rew chan klua	tɛk~ sīˋ kapˇ rot~ rew chanˊ glūa	計程車開太快了，我害怕。	engine-auto	
คุณพูดเร็วเกินไป ฉันฟังไม่เข้าใจ	khun phut rew koen pai chan fang mai khao chai	kun pūtˋ rew gə̄n bai chanˊ fang maiˋ kāuˋ jai	你說得太快了，我聽不懂。	engine-auto	
ช้า	cha	chā~	慢	book-exact	(book-exact已用引擎重新驗證)
ช่วยพูดช้าๆ หน่อย	chuai phut cha cha noi	chūayˋ pūtˋ chā~ chā~ nɔ̄iˇ	請說慢一點。	engine-auto	
ทำไมอาหารช้าอย่างนี้	tham mai a han cha yang ni	tam mai ā hānˊ chā~ yāngˋ nī~	為什麼菜這麼慢？	engine-auto	
ทำให้ตัวสูงขึ้นอย่างไร	tham hai tua sung khuen yang rai	tam haiˋ dūa sūngˊ kɯnˋ yāngˋ rai	如何讓身體變高？	engine-auto	
ทำให้ตัวสูงขึ้นยังไง	tham hai tua sung khuen yang ngai	tam haiˋ dūa sūngˊ kɯnˋ yang ngai	如何讓身體變高（口語）？	engine-auto	
EQ สูงสำคัญมากนะคะ	EQ sung sam khan mak na kha	EQ sūngˊ samˊ kan mākˋ na~ ka~	EQ高非常重要。	engine-auto	
ตัวเตี้ย	tua tia	dūa dīaˋ	矮	engine-auto	
พี่ชายเตี้ยกว่าน้องชาย	phi chai tia kwa nong chai	pīˋ chāi dīaˋ gwāˇ nɔ̄ng~ chāi	哥哥比弟弟矮。	engine-auto	
ต่ำ	tam	damˇ	低	engine-auto	
ผอม	phom	pɔ̄mˊ	瘦	book-exact	(book-exact已用引擎重新驗證)
ผอมลง 3 กิโล	phom long sam ki lo	pɔ̄mˊ long 3 giˇ lō	瘦了三公斤	engine-auto	
ทำยังไงก็ไม่ผอมลง	tham yang ngai ko mai phom long	tam yang ngai gɔ̄ˋ maiˋ pɔ̄mˊ long	怎麼做都不會瘦	engine-auto	
ฉันคิดว่าเธอหุ่นดีกว่าเมื่อก่อน	chan khit wa thoe hun di kwa muea kon	chanˊ kit~ wāˋ tə̄ hunˇ dhī gwāˇ mɯ̄aˋ gɔ̄nˇ	我覺得妳身材比以前好	engine-auto	
ทั้งเตี้ยทั้งอ้วน	thang tia thang uan	tang~ dīaˋ tang~ ūanˋ	又矮又胖	book-exact	(book-exact已用引擎重新驗證)
อากาศทั้งร้อนทั้งอบอ้าว	akat thang ron thang op ao	ā gātˇ tang~ rɔ̄n~ tang~ opˇ āuˋ	天氣又熱又悶	engine-auto	
ร้องเพลงเป็นแต่เต้นไม่เป็น	rong phleng pen tae ten mai pen	rɔ̄ng~ plēng ben dɛ̄ˇ dēnˋ maiˋ ben	會唱歌但不會跳舞	engine-auto	
เค้าเต้นเหมือนคนบ้าเลย	khao ten muean khon ba loei	kāu~ dēnˋ mɯ̄anˊ kon bhāˋ lə̄i	他跳起舞來像瘋子一樣	engine-auto	
วิธีทำไข่เจียวมีหลายวิธี	withi tham khai chiao mi lai withi	wi~ tī tam kaiˇ jīau mī lāiˊ wi~ tī	煎蛋有很多種做法	engine-auto	
อันตรายมาก	antarai mak	an drāi mākˋ	非常危險	engine-auto	
ทำไมไม่เหมือนในรูปเลย	Tham may may muean nay rup loei	tam mai maiˋ mɯ̄anˊ nai rūpˋ lə̄i	為什麼跟照片完全不一樣	engine-auto	
รู้สึกตื่นเต้นเหมือนกัน	rusuek tuen ten muean kan	rū~ sɯkˇ dɯ̄nˇ dēnˋ mɯ̄anˊ gan	也感到緊張	engine-auto	
ฉันก็ตกใจเหมือนกัน	chan ko tok chai muean kan	chanˊ gɔ̄ˋ dokˇ jai mɯ̄anˊ gan	我也嚇一跳	engine-auto	
ฉันก็กลัวเหมือนกัน	chan ko klua muean kan	chanˊ gɔ̄ˋ glūa mɯ̄anˊ gan	我也害怕	engine-auto	
บางคนเป็นได้แค่เพื่อน	bang khon pen dai khae phuean	bhāng kon ben dhaiˋ kɛ̄ˋ pɯ̄anˋ	有些人只能當朋友	engine-auto	
แค่ 5 บาท	khae ha bat	kɛ̄ˋ 5 bhātˇ	只要 5 塊	engine-auto	
อาการของย่าหนักแค่ไหน	akan khong ya nak khae nai	ā gān kɔ̄ngˊ yāˋ nakˇ kɛ̄ˋ naiˊ	奶奶的病多嚴重	engine-auto	
ระวังถูกหลอก	rawang thuk lok	ra~ wang tūkˇ lɔ̄kˇ	小心被騙	engine-auto	
เหนื่อยเป็นพิเศษ	nueai pen phiset	nɯ̄aiˇ ben pi~ sētˇ	特別累	engine-auto	
ถ้ามีปัญหาอะไร โทรมาได้ทุกเวลานะ	Tha mi pan ha a rai tho ma dai thuk we la na	tāˋ mī ban hāˊ aˇ rai tōn mā dhaiˋ tuk~ wē lā na~	如果有任何問題，隨時都可以打電話來哦	engine-auto	
คุณตั้งใจทำให้ผมตกใจ	Khun tang jai tham hai phom tok jai	kun dangˋ jai tam haiˋ pomˊ dokˇ jai	你故意讓我嚇到了	engine-auto	
คุณตั้งใจทำให้ฉันตกใจ	Khun tang jai tham hai chan tok jai	kun dangˋ jai tam haiˋ chanˊ dokˇ jai	你故意讓我嚇到了 (女)	engine-auto	
คุณตั้งใจหลอกฉัน	Khun tang jai lok chan	kun dangˋ jai lɔ̄kˇ chanˊ	你故意欺騙我	engine-auto	
ทำอะไรก็ต้องตั้งใจ	Tham a rai ko tong tang jai	tam aˇ rai gɔ̄ˋ dɔ̄ngˋ dangˋ jai	做什麼事都要認真	engine-auto	
ผมมีเรื่องสำคัญจะบอกคุณ	Phom mi rueang sam khan ja bok khun	pomˊ mī rɯ̄angˋ samˊ kan jaˇ bhɔ̄kˇ kun	我有重要的事情要告訴你	engine-auto	
ฉันมีเรื่องสำคัญจะบอกคุณ	Chan mi rueang sam khan ja bok khun	chanˊ mī rɯ̄angˋ samˊ kan jaˇ bhɔ̄kˇ kun	我有重要的事情要告訴你 (女)	engine-auto	
คนสำคัญในชีวิต	Khon sam khan nai chi wit	kon samˊ kan nai chī wit~	生命中重要的人	engine-auto	
ถ้ามีปัญหาต้องติดต่อใคร	Tha mi pan ha tong tit to khrai	tāˋ mī ban hāˊ dɔ̄ngˋ ditˇ dɔ̄ˇ krai	如果有問題要聯絡誰	engine-auto	
ผมติดต่อเขาไม่ได้	Phom tit to khao mai dai	pomˊ ditˇ dɔ̄ˇ kāuˊ maiˋ dhaiˋ	我聯絡不到他	engine-auto	
ฉันติดต่อเขาไม่ได้	Chan tit to khao mai dai	chanˊ ditˇ dɔ̄ˇ kāuˊ maiˋ dhaiˋ	我聯絡不到他 (女)	engine-auto	
เสื้อตัวนี้เท่ไหม	Suea tua ni the mai	sɯ̄aˋ dūa nī~ tēˋ maiˊ	這件衣服酷嗎	engine-auto	
คนพิเศษ	Khon phi set	kon pi~ sētˇ	特別的人	engine-auto	
วันพิเศษ	Wan phi set	wan pi~ sētˇ	特別的日子	engine-auto	
อุ่น	un	unˇ	溫水	engine-auto	
ถ้าเจ็บคอ ต้องกินน้ำอุ่นเยอะๆ	tha jep kho tong kin nam un yoe yoe	tāˋ jepˇ kɔ̄ dɔ̄ngˋ gin nām~ unˇ yə~ yə~	如果喉嚨痛，要多喝溫水。	engine-auto	
ช่วยอุ่นให้หน่อย	chuay un hai noi	chūayˋ unˇ haiˋ nɔ̄iˇ	幫我加熱一下。	engine-auto	
ช่วยอุ่นอาหารให้หน่อย	chuay un ahan hai noi	chūayˋ unˇ ā hānˊ haiˋ nɔ̄iˇ	幫我加熱一下食物。	engine-auto	
ช่วยอุ่นอาหารให้หน่อยค่ะ	chuay un ahan hai noi kha	chūayˋ unˇ ā hānˊ haiˋ nɔ̄iˇ kaˋ	幫我加熱一下食物（女性口吻）。	engine-auto	
มีบางที่ ถ้าไปคนเดียว ไม่ปลอดภัย	mi bang thi tha pai khon diao mai plot phai	mī bhāng tīˋ tāˋ bai kon dhīau maiˋ blɔ̄tˇ pai	有些地方一個人去不安全。	engine-auto	
บุหรี่	buri	bhuˇ rīˇ	香菸	engine-auto	
บุหรี่อันตรายไหมคะ	buri antrai mai kha	bhuˇ rīˇ an drāi maiˊ ka~	香菸危險嗎？	engine-auto	
คุณคิดว่าบุหรี่อันตรายไหมคะ	khun khit wa buri antrai mai kha	kun kit~ wāˋ bhuˇ rīˇ an drāi maiˊ ka~	你覺得香菸危險嗎？	engine-auto	
ระเบิด	raboet	ra~ bhə̄tˇ	炸彈	engine-auto	
ภูเขาไฟระเบิด	phukhao fai raboet	pū kāuˊ fai ra~ bhə̄tˇ	火山爆發	book-exact	(book-exact已用引擎重新驗證)
ระเบิดอันตรายไหม	raboet antrai mai	ra~ bhə̄tˇ an drāi maiˊ	炸彈危險嗎？	engine-auto	
พัดลม	phat lom	pat~ lom	電風扇	book-exact	(book-exact已用引擎重新驗證)
หน้ามืด	na muet	nāˋ mɯ̄tˋ	暈眩 / 昏頭	engine-auto	
เคยหน้ามืดไหมคะ	khoei na muet mai kha	kə̄i nāˋ mɯ̄tˋ maiˊ ka~	曾經暈眩過嗎？	engine-auto	
ผมไม่เคยหน้ามืดครับ	phom mai khoei na muet khrap	pomˊ maiˋ kə̄i nāˋ mɯ̄tˋ krap~	我不曾暈眩。	engine-auto	
ม้ามืด	ma muet	mā~ mɯ̄tˋ	黑馬	engine-auto	
ตลาดมืด	talat muet	daˇ lātˋ mɯ̄tˋ	黑市	engine-auto	
ไม่รู้หน้ามืดซื้อมาได้ยังไง	mai ru na muet bue ma dai yang ngai	maiˋ rū~ nāˋ mɯ̄tˋ sɯ̄~ mā dhaiˋ yang ngai	不知道是鬼遮眼，怎麼買得到的。	engine-auto	
รู้สึกโมโห	rusuek moho	rū~ sɯkˇ mō hōˊ	感覺生氣	engine-auto	
รู้สึกเครียด	rusuek khriat	rū~ sɯkˇ krīatˋ	感覺緊張 / 壓力大	engine-auto	
เหงา	ngao	ngāuˊ	寂寞	engine-auto	
รู้สึกเหงา	rusuek ngao	rū~ sɯkˇ ngāuˊ	感覺寂寞	engine-auto	
มีแฟนแล้วก็เลยไม่เหงา	mi faen laeo ko loei mai ngao	mī fɛ̄n lɛ̄u~ gɔ̄ˋ lə̄i maiˋ ngāuˊ	有男朋友了所以不寂寞。	engine-auto	
อาม่า ทำไมไม่รู้สึกอะไรเลย	ama thamai mai rusuek arai loei	ā māˋ tam mai maiˋ rū~ sɯkˇ aˇ rai lə̄i	阿嬤，你怎麼沒感覺？	engine-auto	
ชิน	chin	chin	習慣	engine-auto	
ยังไม่ชินกับคอมเครื่องใหม่	yang mai chin kap khom khrueang mai	yang maiˋ chin gapˇ kɔ̄m krɯ̄angˋ maiˇ	還不習慣新電腦。	engine-auto	
ยังไม่ชินกับอากาศ	yang mai chin kap akat	yang maiˋ chin gapˇ ā gātˇ	還不習慣天氣。	engine-auto	
ใช้บ่อยๆ เดี๋ยวก็ชิน	chai boi boi diao ko chin	chai~ bhɔ̄iˇ bhɔ̄iˇ dhīauˊ gɔ̄ˋ chin	常使用，等一下就習慣了。	engine-auto	
อายุต่างกัน	ayu tang kan	ā yu~ dāngˇ gan	年紀不一樣	engine-auto	
อายุต่างกัน 20 ปี	ayu tang kan yi sip pi	ā yu~ dāngˇ gan 20 bī	年紀差20歲	engine-auto	
ชอบต่างกัน	chop tang kan	chɔ̄pˋ dāngˇ gan	喜歡的不一樣	engine-auto	
2 รูปนี้ ต่างกันตรงไหน	song rup ni tang kan trong nai	2 rūpˋ nī~ dāngˇ gan drong naiˊ	這兩張照片哪裡不一樣？	engine-auto	
กลิ่นอะไร	klin arai	glinˇ aˇ rai	什麼味道？	engine-auto	
กลิ่นแปลกๆ	klin plaek plaek	glinˇ blɛ̄kˇ blɛ̄kˇ	奇怪的味道	engine-auto	
กลิ่นเหม็น	klin men	glinˇ menˊ	臭味	engine-auto	
กลิ่นหอม	klin hom	glinˇ hɔ̄mˊ	香味	engine-auto	
กลิ่นดอกไม้	klin dok mai	glinˇ dhɔ̄kˇ mai~	花香	engine-auto	
กลิ่นปาก	klin pak	glinˇ bākˇ	口臭	engine-auto	
กลิ่นตัว	klin tua	glinˇ dūa	體味	engine-auto	
อาการแย่	akan yae	ā gān yɛ̄ˋ	症狀很糟糕	engine-auto	
มีอาการยังไงบ้าง	mi akan yang ngai bang	mī ā gān yang ngai bhāngˋ	有什麼症狀？	engine-auto	
มีอาการกี่วันแล้ว	mi akan ki wan laeo	mī ā gān gīˇ wan lɛ̄u~	有症狀幾天了？	engine-auto	
อาการหนักไหม	akan nak mai	ā gān nakˇ maiˊ	症狀嚴重嗎？	engine-auto	
ยุ่ง	yung	yungˋ	忙 / 管	engine-auto	
ตอนนี้ยุ่งมาก	ton ni yung mak	dɔ̄n nī~ yungˋ mākˋ	現在很忙	engine-auto	
ยุ่งเรื่องอะไรอยู่	yung rueang arai yu	yungˋ rɯ̄angˋ aˇ rai yūˋ	在忙什麼事？	engine-auto	
อย่ามายุ่งกับผม	ya ma yung kap phom	yāˋ mā yungˋ gapˇ pomˊ	別來管我	engine-auto	
คนบ้างาน	khon ba ngan	kon bhāˋ ngān	工作狂	engine-auto	
ไม่เป็นคนบ้างาน	mai pen khon ba ngan	maiˋ ben kon bhāˋ ngān	不是工作狂	engine-auto	
สามีเป็นคนบ้างาน	sami pen khon ba ngan	sāˊ mī ben kon bhāˋ ngān	老公是工作狂	engine-auto	
อย่าบ้าเกินไป	ya ba koen pai	yāˋ bhāˋ gə̄n bai	別太瘋狂	engine-auto	
อย่าบ้ามากเกินไป	ya ba mak koen pai	yāˋ bhāˋ mākˋ gə̄n bai	別太過分瘋狂	engine-auto	
ถ้ามียาบ้า โดนจับแน่นอน	tha mi ya ba don chap naenon	tāˋ mī yā bhāˋ dhōn japˇ nɛ̄ˋ nɔ̄n	如果有毒品一定被抓	engine-auto	
โรค	rok	rōkˋ	病	book-exact	(book-exact已用引擎重新驗證)
เขาเป็นโรคอะไร	khao pen rok arai	kāuˊ ben rōkˋ aˇ rai	他生什麼病？	engine-auto	
ไม่รู้เขาเป็นโรคอะไร	mai ru khao pen rok arai	maiˋ rū~ kāuˊ ben rōkˋ aˇ rai	不知道他生什麼病	engine-auto	
เขามีโรคอะไร	khao mi rok arai	kāuˊ mī rōkˋ aˇ rai	他有什麼病？	engine-auto	
เป็นโรคเบาหวาน	pen rok bao wan	ben rōkˋ bhāu wānˊ	患有糖尿病	book-exact	(book-exact已用引擎重新驗證)
หึงแน่นอน	hueng naenon	hɯngˊ nɛ̄ˋ nɔ̄n	一定吃醋	engine-auto	
โมโหแน่นอน	moho naenon	mō hōˊ nɛ̄ˋ nɔ̄n	一定生氣	engine-auto	
อยากเป็นคนเก่ง	yak pen khon keng	yākˋ ben kon gēngˇ	想成為厲害的人	engine-auto	
อยากเป็นคนสวย	yak pen khon suai	yākˋ ben kon sūayˊ	想成為漂亮的人	engine-auto	
อยากเป็นหมอ	yak pen mo	yākˋ ben mɔ̄ˊ	想當醫生	engine-auto	
ตอนเด็ก	ton dek	dɔ̄n dhekˇ	小時候	engine-auto	
ตอนเด็กๆ อยากเป็นหมอ	ton dek dek yak pen mo	dɔ̄n dhekˇ dhekˇ yākˋ ben mɔ̄ˊ	小時候想當醫生	engine-auto	
ตอนโต	ton to	dɔ̄n dō	長大後	engine-auto	
อยากเป็นอะไร	yak pen arai	yākˋ ben aˇ rai	想成為什麼	engine-auto	
ตอนโตอยากเป็นอะไรคะ	ton to yak pen arai kha	dɔ̄n dō yākˋ ben aˇ rai ka~	長大後想成為什麼呢	engine-auto	
คนรวย	khon ruai	kon rūay	有錢人	engine-auto	
ตอนโตอยากเป็นคนรวย	ton to yak pen khon ruai	dɔ̄n dō yākˋ ben kon rūay	長大後想成為有錢人	engine-auto	
ทำอย่างไร	tham yang rai	tam yāngˋ rai	怎麼做	engine-auto	
ทำอย่างไรให้รวย	tham yang rai hai ruai	tam yāngˋ rai haiˋ rūay	怎麼做才能變有錢	engine-auto	
ทำอย่างไรให้เก่ง	tham yang rai hai keng	tam yāngˋ rai haiˋ gēngˇ	怎麼做才能變厲害	engine-auto	
ทำอย่างไรให้พูดภาษาไทยได้	tham yang rai hai phut phasa thai dai	tam yāngˋ rai haiˋ pūtˋ pā sāˊ tai dhaiˋ	怎麼做才能說泰語	engine-auto	
พูดภาษาไทยได้	phut phasa thai dai	pūtˋ pā sāˊ tai dhaiˋ	會說泰語	engine-auto	
ทำยังไง	tham yang ngai	tam yang ngai	怎麼做	engine-auto	
พูดบ่อยๆ	phut boi boi	pūtˋ bhɔ̄iˇ bhɔ̄iˇ	常常說	engine-auto	
พูดภาษาไทยบ่อยๆ	phut phasa thai boi boi	pūtˋ pā sāˊ tai bhɔ̄iˇ bhɔ̄iˇ	常常說泰語	engine-auto	
ฟังบ่อยๆ	fang boi boi	fang bhɔ̄iˇ bhɔ̄iˇ	常常聽	engine-auto	
ฟังภาษาไทยบ่อยๆ	fang phasa thai boi boi	fang pā sāˊ tai bhɔ̄iˇ bhɔ̄iˇ	常常聽泰語	engine-auto	
วิธี	withi	wi~ tī	方法	engine-auto	
วิธีอะไร	withi arai	wi~ tī aˇ rai	什麼方法	engine-auto	
มีวิธีอะไร	mi withi arai	mī wi~ tī aˇ rai	有什麼方法	engine-auto	
ดูซีรีส์	tu siri	dhū sī rī	看劇	engine-auto	
ดูซีรีส์ไทย	tu siri thai	dhū sī rī tai	看泰劇	engine-auto	
ฟังเพลง	fang phleng	fang plēng	聽歌	engine-auto	
ฟังเพลงไทย	fang phleng thai	fang plēng tai	聽泰文歌	engine-auto	
เล่นโยคะ	len yokha	lēnˋ yō ka~	做瑜珈	engine-auto	
ออกกำลังกาย	ok kamlang kai	ɔ̄kˇ gam lang gāi	運動	engine-auto	
ไปว่ายน้ำ	pai wai nam	bai wāiˋ nām~	去游泳	engine-auto	
กินอาหารไขมันต่ำ	kin ahan khai man tam	gin ā hānˊ kaiˊ man damˇ	吃低脂食物	engine-auto	
เต้นแอโรบิก	ten aeropik	dēnˋ ɛ̄ rō bhikˇ	跳有氧舞蹈	engine-auto	
ไปฟิตเนส	pai fitnet	bai fit~ nētˋ	去健身房	book-exact	(book-exact已用引擎重新驗證)
ไข่ต้ม	khai tom	kaiˇ domˋ	水煮蛋	engine-auto	
ไข่เจียว	khai chiao	kaiˇ jīau	煎蛋	engine-auto	
กินได้มั้ย	kin dai mai	gin dhaiˋ mai~	可以吃嗎	engine-auto	
กินได้	kin dai	gin dhaiˋ	可以吃	engine-auto	
ไม่เป็นไร	mai pen rai	maiˋ ben rai	沒關係	engine-auto	
ของทอด	khong thot	kɔ̄ngˊ tɔ̄tˋ	炸物	engine-auto	
ไม่ได้	mai dai	maiˋ dhaiˋ	不行	book-exact	(book-exact已用引擎重新驗證)
เรื่องพรุ่งนี้	rueang phrung ni	rɯ̄angˋ prungˋ nī~	明天的事	engine-auto	
มีวิธีอะไรบ้าง	mi withi arai bang	mī wi~ tī aˇ rai bhāngˋ	有什麼方法	engine-auto	
เล่นหุ้น	len hun	lēnˋ hunˋ	玩股票	engine-auto	
ซื้อหุ้น	suea hun	sɯ̄~ hunˋ	買股票	engine-auto	
หุ้น	hun	hunˋ	股票	engine-auto	
หุ้นดี	hun di	hunˋ dhī	股票好	engine-auto	
หุ้นแย่	hun yae	hunˋ yɛ̄ˋ	股票差	engine-auto	
เล่น	len	lēnˋ	玩	engine-auto	
เล่นกีตาร์	len kita	lēnˋ gī dā	彈吉他	engine-auto	
เล่นเกม	len kem	lēnˋ gēm	玩遊戲	engine-auto	
ทำธุรกิจ	tham thurakit	tam tun gitˇ	做生意	engine-auto	
ธุรกิจ	thurakit	tun gitˇ	生意	book-exact	(book-exact已用引擎重新驗證)
ทำธุรกิจที่ไหน	tham thurakit thi nai	tam tun gitˇ tīˋ naiˊ	在哪裡做生意	engine-auto	
ทำธุรกิจอะไร	tham thurakit arai	tam tun gitˇ aˇ rai	做什麼生意	engine-auto	
เมื่อก่อน	muea kon	mɯ̄aˋ gɔ̄nˇ	以前	book-exact	(book-exact已用引擎重新驗證)
แต่เดี๋ยวนี้	tae diao ni	dɛ̄ˇ dhīauˊ nī~	但現在	engine-auto	
แต่เดี๋ยวนี้ผอม	tae diao ni phom	dɛ̄ˇ dhīauˊ nī~ pɔ̄mˊ	但現在瘦	engine-auto	
รวย	ruai	rūay	有錢	engine-auto	
แต่เดี๋ยวนี้รวย	tae diao ni ruai	dɛ̄ˇ dhīauˊ nī~ rūay	但現在有錢	engine-auto	
เมื่อก่อนไม่มีเงิน	muea kon mai mi ngoen	mɯ̄aˋ gɔ̄nˇ maiˋ mī ngə̄n	以前沒有錢	engine-auto	
มีเงินนิดหน่อย	mi ngoen nit noi	mī ngə̄n nit~ nɔ̄iˇ	有一點錢	engine-auto	
ก็มีเงินนิดหน่อย	ko mi ngoen nit noi	gɔ̄ˋ mī ngə̄n nit~ nɔ̄iˇ	也有一點錢	engine-auto	
แต่เดี๋ยวนี้มีเงินนิดหน่อย	tae diao ni mi ngoen nit noi	dɛ̄ˇ dhīauˊ nī~ mī ngə̄n nit~ nɔ̄iˇ	但現在有一點錢	engine-auto	
เมื่อก่อนไม่สวย	muea kon mai suai	mɯ̄aˋ gɔ̄nˇ maiˋ sūayˊ	以前不漂亮	engine-auto	
สวยมาก	suai mak	sūayˊ mākˋ	很漂亮	engine-auto	
แต่เดี๋ยวนี้สวยมาก	tae diao ni suai mak	dɛ̄ˇ dhīauˊ nī~ sūayˊ mākˋ	但現在很漂亮	engine-auto	
เมื่อก่อนไม่เก่ง	muea kon mai keng	mɯ̄aˋ gɔ̄nˇ maiˋ gēngˇ	以前不厲害	engine-auto	
เก่งมาก	keng mak	gēngˇ mākˋ	很厲害	engine-auto	
แต่เดี๋ยวนี้เก่งมาก	tae diao ni keng mak	dɛ̄ˇ dhīauˊ nī~ gēngˇ mākˋ	但現在很厲害	engine-auto	
เมื่อก่อนพูดภาษาไทยไม่ได้	muea kon phut phasa thai mai dai	mɯ̄aˋ gɔ̄nˇ pūtˋ pā sāˊ tai maiˋ dhaiˋ	以前不會說泰語	engine-auto	
พูดได้แล้ว	phut dai laeo	pūtˋ dhaiˋ lɛ̄u~	會說了	engine-auto	
เมื่อก่อนฟังภาษาไทยไม่ได้	muea kon fang phasa thai mai dai	mɯ̄aˋ gɔ̄nˇ fang pā sāˊ tai maiˋ dhaiˋ	以前聽不懂泰語	engine-auto	
แต่เดี๋ยวนี้ฟังได้แล้ว	tae diao ni fang dai laeo	dɛ̄ˇ dhīauˊ nī~ fang dhaiˋ lɛ̄u~	但現在聽得懂了	engine-auto	
เมื่อก่อนอ่านภาษาไทยไม่ได้	muea kon an phasa thai mai dai	mɯ̄aˋ gɔ̄nˇ ānˇ pā sāˊ tai maiˋ dhaiˋ	以前不會讀泰語	engine-auto	
แต่ตอนนี้	tae ton ni	dɛ̄ˇ dɔ̄n nī~	但現在	engine-auto	
ตอนนี้ก็อ่านไม่ได้	ton ni ko an mai dai	dɔ̄n nī~ gɔ̄ˋ ānˇ maiˋ dhaiˋ	現在也不會讀	engine-auto	
เมื่อก่อนทำอาหารไม่เป็น	muea kon tham ahan mai pen	mɯ̄aˋ gɔ̄nˇ tam ā hānˊ maiˋ ben	以前不會做菜	engine-auto	
ทำไม่เป็น	tham mai pen	tam maiˋ ben	不會做	engine-auto	
ไม่หล่อ	mai lo	maiˋ lɔ̄ˇ	不帥	engine-auto	
หล่อ	lo	lɔ̄ˇ	帥	engine-auto	
แต่ไม่หล่อ	tae mai lo	dɛ̄ˇ maiˋ lɔ̄ˇ	但不帥	engine-auto	
แต่ไม่รวย	tae mai ruai	dɛ̄ˇ maiˋ rūay	但沒錢	engine-auto	
สวย	suai	sūayˊ	漂亮	engine-auto	
แต่ไม่เก่ง	tae mai keng	dɛ̄ˇ maiˋ gēngˇ	但不厲害	engine-auto	
เก่ง	keng	gēngˇ	厲害	engine-auto	
เก่งแต่ไม่สวย	keng tae mai suai	gēngˇ dɛ̄ˇ maiˋ sūayˊ	厲害但不漂亮	engine-auto	
รวยแต่ไม่เก่ง	ruai tae mai keng	rūay dɛ̄ˇ maiˋ gēngˇ	有錢但不厲害	engine-auto	
เก่งแต่ไม่รวย	keng tae mai ruai	gēngˇ dɛ̄ˇ maiˋ rūay	厲害但沒錢	engine-auto	
รวยแต่แก่	ruai tae kae	rūay dɛ̄ˇ gɛ̄ˇ	有錢但老	engine-auto	
หนุ่มๆ สาวๆ	num num sao sao	numˇ numˇ sāuˊ sāuˊ	年輕男女	engine-auto	
หนุ่มสาว	num sao	numˇ sāuˊ	年輕男女	engine-auto	
หน้าอ่อน	na on	nāˋ ɔ̄nˇ	看起來年輕（娃娃臉）	engine-auto	
หน้าอ่อนแต่ไม่รวย	na on tae mai ruai	nāˋ ɔ̄nˇ dɛ̄ˇ maiˋ rūay	看起來年輕但沒錢	engine-auto	
หน้าแก่	na kae	nāˋ gɛ̄ˇ	看起來老	engine-auto	
แต่รวยมาก	tae ruai mak	dɛ̄ˇ rūay mākˋ	但很有錢	engine-auto	
เก่า	kao	gāuˇ	舊	engine-auto	
สูง	sung	sūngˊ	高	engine-auto	
ต่ำ	tam	damˇ	低	engine-auto	
เตี้ย	tia	dīaˋ	矮	engine-auto	
คะแนน	kha naen	ka~ nɛ̄n	分數	engine-auto	
คะแนนสูง	kha naen sung	ka~ nɛ̄n sūngˊ	分數高	engine-auto	
คะแนนต่ำ	kha naen tam	ka~ nɛ̄n damˇ	分數低	engine-auto	
ราคา	ra kha	rā kā	價格	book-exact	(book-exact已用引擎重新驗證)
ราคาสูง	ra kha sung	rā kā sūngˊ	價格高	engine-auto	
ราคาต่ำ	ra kha tam	rā kā damˇ	價格低	engine-auto	
ไอคิวต่ำ	ai khiu tam	ai kiw damˇ	智商低	engine-auto	
ไอคิวสูง	ai khiu sung	ai kiw sūngˊ	智商高	engine-auto	
อีคิวต่ำ	i khiu tam	ī kiw damˇ	情商低	engine-auto	
บ้าน	ban	bhānˋ	房子	engine-auto	
กี่ชั้น	ki chan	gīˇ chan~	幾層樓	engine-auto	
สูงกี่ชั้น	sung ki chan	sūngˊ gīˇ chan~	幾層樓高	engine-auto	
สูง 3 ชั้น	sung sam chan	sūngˊ 3 chan~	三層樓高	engine-auto	
บ้านสูง 3 ชั้น	ban sung sam chan	bhānˋ sūngˊ 3 chan~	房子三層樓高	engine-auto	
ชั้นเดียว	chan diao	chan~ dhīau	一層樓	engine-auto	
คนเดียว	khon diao	kon dhīau	一個人	engine-auto	
เอาอันเดียว	ao an diao	au an dhīau	要一個	engine-auto	
ไม่สูง	mai sung	maiˋ sūngˊ	不高	engine-auto	
สูงเท่าไหร่	sung thao rai	sūngˊ tāuˋ raiˇ	多高	engine-auto	
ราคาเท่าไหร่	ra kha thao rai	rā kā tāuˋ raiˇ	多少錢	engine-auto	
ได้	dai	dhaiˋ	得到	engine-auto	
ได้เท่าไหร่	dai thao rai	dhaiˋ tāuˋ raiˇ	得到多少	engine-auto	
ได้คะแนนเท่าไหร่	dai kha naen thao rai	dhaiˋ ka~ nɛ̄n tāuˋ raiˇ	得到幾分	engine-auto	
ได้เงินเท่าไหร่	dai ngoen thao rai	dhaiˋ ngə̄n tāuˋ raiˇ	得到多少錢	engine-auto	
ช้า	cha	chā~	慢	book-exact	(book-exact已用引擎重新驗證)
เร็ว	rew	rew	快	engine-auto	
ขับรถ	khap rot	kapˇ rot~	開車	book-exact	(book-exact已用引擎重新驗證)
ขับรถเร็ว	khap rot rew	kapˇ rot~ rew	開車快	engine-auto	
ขับรถช้า	khap rot cha	kapˇ rot~ chā~	開車慢	engine-auto	
เดินช้า	doen cha	dhə̄n chā~	走得慢	engine-auto	
เดินเร็ว	doen rew	dhə̄n rew	走得快	engine-auto	
ทำเร็ว	tham rew	tam rew	做得快	engine-auto	
ทำช้า	tham cha	tam chā~	做得慢	engine-auto	
มาเร็ว	ma rew	mā rew	來得快	engine-auto	
มาช้า	ma cha	mā chā~	來得慢	engine-auto	
ไปเร็ว	pai rew	bai rew	去得快	engine-auto	
ไปช้า	pai cha	bai chā~	去得慢	engine-auto	
พูดเร็ว	phut rew	pūtˋ rew	說得快	engine-auto	
พูดช้า	phut cha	pūtˋ chā~	說得慢	engine-auto	
พูดช้าๆ หน่อยได้มั้ย	phut cha cha noi dai mai	pūtˋ chā~ chā~ nɔ̄iˇ dhaiˋ mai~	可以說慢一點嗎	engine-auto	
ฟังไม่ทัน	fang mai than	fang maiˋ tan	聽不及(來不及聽)	engine-auto	
พูดอีกที	phut ik thi	pūtˋ īkˇ tī	再說一次	engine-auto	
พูดอีกทีได้ไหม	phut ik thi dai mai	pūtˋ īkˇ tī dhaiˋ maiˊ	可以再說一次嗎	engine-auto	
เวลา	we la	wē lā	時間	engine-auto	
เวลาผ่านไปเร็ว	we la phan pai rew	wē lā pānˇ bai rew	時間過得快	engine-auto	
เวลาผ่านไปช้า	we la phan pai cha	wē lā pānˇ bai chā~	時間過得慢	engine-auto	
ปีนี้	pi ni	bī nī~	今年	engine-auto	
พอ	pho	pɔ̄	夠	engine-auto	
พอแล้ว	pho laeo	pɔ̄ lɛ̄u~	夠了	engine-auto	
นอนดึก	non duek	nɔ̄n dhɯkˇ	晚睡	engine-auto	
ทำงานดึก	tham ngan duek	tam ngān dhɯkˇ	工作到很晚	engine-auto	
กินดึก	kin duek	gin dhɯkˇ	吃宵夜(很晚吃)	engine-auto	
ห้ามนอนดึก	ham non duek	hāmˋ nɔ̄n dhɯkˇ	禁止晚睡	engine-auto	
แก่เร็ว	kae rew	gɛ̄ˇ rew	老得快	engine-auto	
ห้ามกินดึก	ham kin duek	hāmˋ gin dhɯkˇ	禁止太晚吃	engine-auto	
ความเร็ว	khwam rew	kwām rew	速度	engine-auto	
แต่งงานเร็ว	taeng ngan rew	dɛ̄ngˇ ngān rew	早結婚	book-exact	(book-exact已用引擎重新驗證)
แต่งงานช้า	taeng ngan cha	dɛ̄ngˇ ngān chā~	晚結婚	engine-auto	
มีลูก	mi luk	mī lūkˋ	有小孩	engine-auto	
มีลูกเร็ว	mi luk rew	mī lūkˋ rew	這麼早有小孩	engine-auto	
มีลูกช้า	mi luk cha	mī lūkˋ chā~	比較晚有小孩	engine-auto	
ทำงานเร็ว	tham ngan rew	tam ngān rew	工作快	engine-auto	
ทำงานช้า	tham ngan cha	tam ngān chā~	工作慢	engine-auto	
กลับบ้าน	klap ban	glapˇ bhānˋ	回家	engine-auto	
กลับบ้านเร็ว	klap ban rew	glapˇ bhānˋ rew	提早回家	engine-auto	
กลับบ้านช้า	klap ban cha	glapˇ bhānˋ chā~	晚回家	engine-auto	
จะกลับบ้านช้า	cha klap ban cha	jaˇ glapˇ bhānˋ chā~	會晚回家	engine-auto	
ง่าย	ngai	ngāiˋ	容易	engine-auto	
เรียนง่าย	rian ngai	rīan ngāiˋ	容易學	engine-auto	
ไปง่าย	pai ngai	bai ngāiˋ	容易去	engine-auto	
มาง่าย	ma ngai	mā ngāiˋ	容易來	engine-auto	
ยาก	yak	yākˋ	困難	engine-auto	
เรียนยาก	rian yak	rīan yākˋ	難學	engine-auto	
ทำยาก	tham yak	tam yākˋ	難做	engine-auto	
ไปยาก	pai yak	bai yākˋ	難去	engine-auto	
มายาก	ma yak	mā yākˋ	難來	engine-auto	
เหนื่อย	nueai	nɯ̄aiˇ	累	engine-auto	
เหนื่อยง่าย	nueai ngai	nɯ̄aiˇ ngāiˋ	容易累	engine-auto	
แก่แล้ว	kae laeo	gɛ̄ˇ lɛ̄u~	老了	engine-auto	
ตาไม่ดี	ta mai di	dā maiˋ dhī	視力不好	engine-auto	
หูไม่ดี	hu mai di	hūˊ maiˋ dhī	聽力不好	engine-auto	
เมื่อย	mueai	mɯ̄aiˋ	痠痛	engine-auto	
เมื่อยง่าย	mueai ngai	mɯ̄aiˋ ngāiˋ	容易痠痛	engine-auto	
ตรงเวลา	trong we la	drong wē lā	準時	engine-auto	
ไม่ตรงเวลา	mai trong we la	maiˋ drong wē lā	不準時	book-exact	(book-exact已用引擎重新驗證)
กินข้าวตรงเวลา	kin khao trong we la	gin kāuˋ drong wē lā	準時吃飯	engine-auto	
ทำงานตรงเวลา	tham ngan trong we la	tam ngān drong wē lā	準時工作	engine-auto	
มาเรียนภาษาไทยตรงเวลา	ma rian phasa thai trong we la	mā rīan pā sāˊ tai drong wē lā	準時來學泰語	engine-auto	
ผอม	phom	pɔ̄mˊ	瘦	book-exact	(book-exact已用引擎重新驗證)
อยากผอม	yak phom	yākˋ pɔ̄mˊ	想變瘦	engine-auto	
คนไทยอยากผอม	khon thai yak phom	kon tai yākˋ pɔ̄mˊ	泰國人想變瘦	engine-auto	
ก็อยาก	ko yak	gɔ̄ˋ yākˋ	也想	engine-auto	
ก็อยากผอม	ko yak phom	gɔ̄ˋ yākˋ pɔ̄mˊ	也想變瘦	engine-auto	
คนไทยเตี้ย	khon thai tia	kon tai dīaˋ	泰國人矮	engine-auto	
เตี้ยนิดหน่อย	tia nit noi	dīaˋ nit~ nɔ̄iˇ	矮一點	engine-auto	
เตี้ยกว่า	tia kwa	dīaˋ gwāˇ	比較矮	engine-auto	
คนไทยเตี้ยกว่าคนไต้หวัน	khon thai tia kwa khon taiwan	kon tai dīaˋ gwāˇ kon daiˋ wanˊ	泰國人比台灣人矮	engine-auto	
สวยกว่า	suai kwa	sūayˊ gwāˇ	比較漂亮	engine-auto	
เก่งกว่า	keng kwa	gēngˇ gwāˇ	比較厲害	engine-auto	
อร่อยกว่า	aroi kwa	aˇ rɔ̄iˋ gwāˇ	比較好吃	engine-auto	
หอมกว่า	hom kwa	hɔ̄mˊ gwāˇ	比較香	engine-auto	
สดกว่า	sot kwa	sotˇ gwāˇ	比較新鮮	engine-auto	
รวยกว่า	ruai kwa	rūay gwāˇ	比較有錢	engine-auto	
แก่กว่า	kae kwa	gɛ̄ˇ gwāˇ	比較老	engine-auto	
อ่อนกว่า	on kwa	ɔ̄nˇ gwāˇ	比較年輕（臉）	engine-auto	
หนุ่มกว่า	num kwa	numˇ gwāˇ	比較年輕（男）	engine-auto	
สาวกว่า	sao kwa	sāuˊ gwāˇ	比較年輕（女）	engine-auto	
ทั้งเตี้ยทั้งอ้วน	thang tia thang uan	tang~ dīaˋ tang~ ūanˋ	又矮又胖	book-exact	(book-exact已用引擎重新驗證)
ทั้งสวยทั้งเก่ง	thang suai thang keng	tang~ sūayˊ tang~ gēngˇ	又漂亮又厲害	engine-auto	
ทั้งรวยทั้งหล่อ	thang ruai thang lo	tang~ rūay tang~ lɔ̄ˇ	又有錢又帥	engine-auto	
ทั้งไม่สวยทั้งไม่เก่ง	thang mai suai thang mai keng	tang~ maiˋ sūayˊ tang~ maiˋ gēngˇ	既不漂亮也不厲害	engine-auto	
ทั้งถูกทั้งอร่อย	thang thuk thang aroi	tang~ tūkˇ tang~ aˇ rɔ̄iˋ	又便宜又好吃	engine-auto	
ทั้งถูกทั้งดี	thang thuk thang di	tang~ tūkˇ tang~ dhī	又便宜又好	engine-auto	
ทั้งแพง	thang phaeng	tang~ pɛ̄ng	又貴	engine-auto	
ทั้งแพงทั้งไม่อร่อย	thang phaeng thang mai aroi	tang~ pɛ̄ng tang~ maiˋ aˇ rɔ̄iˋ	又貴又難吃	engine-auto	
ทั้งสนุก	thang sanuk	tang~ saˇ nuk~	又好玩	engine-auto	
ทั้งถูกทั้งสนุก	thang thuk thang sanuk	tang~ tūkˇ tang~ saˇ nuk~	又便宜又好玩	engine-auto	
ทั้งถูกทั้งของเยอะ	thang thuk thang khong yoe	tang~ tūkˇ tang~ kɔ̄ngˊ yə~	既便宜東西又多	engine-auto	
คิดว่า	khit wa	kit~ wāˋ	認為	engine-auto	
ฉันคิดว่า	chan khit wa	chanˊ kit~ wāˋ	我認為	engine-auto	
ไม่มี	mai mi	maiˋ mī	沒有	book-exact	(book-exact已用引擎重新驗證)
ตัวเอง	tua eng	dūa ēng	自己	engine-auto	
ฉันคิดว่าตัวเองสวย	chan khit wa tua eng suai	chanˊ kit~ wāˋ dūa ēng sūayˊ	我認為自己漂亮	engine-auto	
ฉันคิดว่าตัวเองผอม	chan khit wa tua eng phom	chanˊ kit~ wāˋ dūa ēng pɔ̄mˊ	我認為自己瘦	engine-auto	
ไม่น่ารักเลย	mai na rak loei	maiˋ nāˋ rak~ lə̄i	一點也不可愛	engine-auto	
ไม่อร่อยเลย	mai aroi loei	maiˋ aˇ rɔ̄iˋ lə̄i	一點也不好吃	engine-auto	
ไม่สนุกเลย	mai sanuk loei	maiˋ saˇ nuk~ lə̄i	一點也不好玩	engine-auto	
ไม่ยากเลย	mai yak loei	maiˋ yākˋ lə̄i	一點也不難	engine-auto	
ไม่ง่ายเลย	mai ngai loei	maiˋ ngāiˋ lə̄i	一點也不簡單	engine-auto	
ไม่เผ็ดเลย	mai phet loei	maiˋ petˇ lə̄i	一點也不辣	engine-auto	
ไม่หิวเลย	mai hiu loei	maiˋ hiwˊ lə̄i	一點也不餓	engine-auto	
ไม่เข้าใจเลย	mai khao chai loei	maiˋ kāuˋ jai lə̄i	一點也不懂	engine-auto	
เกินไป	koen pai	gə̄n bai	太過了	engine-auto	
อิ่มเกินไป	im koen pai	imˇ gə̄n bai	太飽了	engine-auto	
งานหนัก	ngan nak	ngān nakˇ	工作繁重	engine-auto	
งานหนักเกินไป	ngan nak koen pai	ngān nakˇ gə̄n bai	工作太重了	engine-auto	
เฉยๆ	choei choei	chə̄iˊ chə̄iˊ	還好	engine-auto	
ทุกวัน	thuk wan	tuk~ wan	每天	engine-auto	
งานหนักทุกวัน	ngan nak thuk wan	ngān nakˇ tuk~ wan	每天工作繁重	engine-auto	
งานเบา	ngan bao	ngān bhāu	工作輕鬆	engine-auto	
ถือ	thue	tɯ̄ˊ	拿	engine-auto	
ถือของหนัก	thue khong nak	tɯ̄ˊ kɔ̄ngˊ nakˇ	拿重物	engine-auto	
ถือของเบา	thue khong bao	tɯ̄ˊ kɔ̄ngˊ bhāu	拿輕物	engine-auto	
ไปหน่อย	pai noi	bai nɔ̄iˇ	...了一點	engine-auto	
ไกลไปหน่อย	klai pai noi	glai bai nɔ̄iˇ	遠了一點	engine-auto	
แพงไปหน่อย	phaeng pai noi	pɛ̄ng bai nɔ̄iˇ	貴了一點	engine-auto	
รถไฟความเร็วสูง	rot fai khwam rew sung	rot~ fai kwām rew sūngˊ	高鐵	engine-auto	
นั่งรถไฟความเร็วสูง	nang rot fai khwam rew sung	nangˋ rot~ fai kwām rew sūngˊ	搭高鐵	engine-auto	
นั่ง	nang	nangˋ	坐	book-exact	(book-exact已用引擎重新驗證)
ตั้งใจ	tang chai	dangˋ jai	專心	book-exact	(book-exact已用引擎重新驗證)
ตั้งใจทำอะไร	tang chai tham arai	dangˋ jai tam aˇ rai	專心做什麼	engine-auto	
ตั้งใจเรียน	tang chai rian	dangˋ jai rīan	專心學習	engine-auto	
วันนี้จะตั้งใจกลับบ้านเร็ว	wan ni cha tang chai klap ban rew	wan nī~ jaˇ dangˋ jai glapˇ bhānˋ rew	今天會用心早點回家	engine-auto	
ตั้งใจหางาน	tang chai ha ngan	dangˋ jai hāˊ ngān	用心找工作	engine-auto	
ตั้งใจสอน	tang chai son	dangˋ jai sɔ̄nˊ	用心教	engine-auto	
ลูก	luk	lūkˋ	孩子	book-exact	(book-exact已用引擎重新驗證)
ลูกชาย	luk chai	lūkˋ chāi	兒子	engine-auto	
ลูกสาว	luk sao	lūkˋ sāuˊ	女兒	engine-auto	
มีลูกไหม	mi luk mai	mī lūkˋ maiˊ	有小孩嗎	engine-auto	
มีลูกชาย	mi luk chai	mī lūkˋ chāi	有兒子	engine-auto	
มีลูกสาวมั้ย	mi luk sao mai	mī lūkˋ sāuˊ mai~	有女兒嗎	engine-auto	
ขยัน	khayan	kaˇ yanˊ	勤勞	book-exact	(book-exact已用引擎重新驗證)
ทำการบ้าน	tham kan ban	tam gān bhānˋ	寫作業	engine-auto	
น่า รัก จัง	na rak chang	nāˋ rak~ jang	很可愛	engine-auto	
อิ่ม จัง	im chang	imˇ jang	很飽	engine-auto	
อยาก ไป จัง	yak pai chang	yākˋ bai jang	很想去	engine-auto	
อยาก มา จัง	yak ma chang	yākˋ mā jang	很想來	engine-auto	
อยาก เรียน จัง	yak rian chang	yākˋ rīan jang	很想學	engine-auto	
สบาย จัง	sabai chang	saˇ bhāi jang	很舒服	engine-auto	
ตอน ไหน	ton nai	dɔ̄n naiˊ	什麼時候	engine-auto	
ตรง ไหน	trong nai	drong naiˊ	哪裡	engine-auto	
คุย ได้	khui dai	kui dhaiˋ	可以聊	engine-auto	
ไม่ ว่าง	mai wang	maiˋ wāngˋ	沒空	engine-auto	
ตอน นี้ ทำ อะไร อยู่	ton ni tham arai yu	dɔ̄n nī~ tam aˇ rai yūˋ	現在正在做什麼	engine-auto	
ตรง นี้ ทำ อะไร อยู่	trong ni tham arai yu	drong nī~ tam aˇ rai yūˋ	這裡正在做什麼	engine-auto	
ทำ ธุระ	tham thura	tam tu~ ra~	辦事情	engine-auto	
ทำ ธุระ อยู่	tham thura yu	tam tu~ ra~ yūˋ	正在辦事	engine-auto	
สำคัญ มั้ย	samkhan mai	samˊ kan mai~	重要嗎	engine-auto	
สำคัญ มาก	samkhan mak	samˊ kan mākˋ	很重要	engine-auto	
ธุระ สำคัญ	thura samkhan	tu~ ra~ samˊ kan	重要的事情	engine-auto	
วัน สำคัญ	wan samkhan	wan samˊ kan	重要的日子	engine-auto	
วัน เกิด	wan koet	wan gə̄tˇ	生日	engine-auto	
วัน พ่อ	wan pho	wan pɔ̄ˋ	父親節	engine-auto	
วัน แม่	wan mae	wan mɛ̄ˋ	母親節	engine-auto	
วัน แต่ง งาน	wan taeng ngan	wan dɛ̄ngˇ ngān	結婚日	engine-auto	
เรื่อง สำคัญ	rueang samkhan	rɯ̄angˋ samˊ kan	重要的事	engine-auto	
มี เรื่อง สำคัญ	mi rueang samkhan	mī rɯ̄angˋ samˊ kan	有重要的事	engine-auto	
เอกสาร	ek kasan	ēkˇ sānˊ	文件	book-exact	(book-exact已用引擎重新驗證)
คน สำคัญ	khon samkhan	kon samˊ kan	重要的人	engine-auto	
มี ใคร บ้าง	mi khrai bang	mī krai bhāngˋ	有誰呢	engine-auto	
พ่อ แม่	pho mae	pɔ̄ˋ mɛ̄ˋ	父母	engine-auto	
แมว	maeo	mɛ̄u	貓	engine-auto	
ไม่ เข้า ใจ	mai khao chai	maiˋ kāuˋ jai	不明白	engine-auto	
พูด ภาษา อะไร	phut phasa arai	pūtˋ pā sāˊ aˇ rai	說什麼語言	engine-auto	
ปัญหา	panha	ban hāˊ	問題	engine-auto	
ปัญหา ลูก	panha luk	ban hāˊ lūkˋ	孩子的問題	engine-auto	
ไม่ สำคัญ	mai samkhan	maiˋ samˊ kan	不重要	engine-auto	
พูด เล่น	phut len	pūtˋ lēnˋ	開玩笑	engine-auto	
พี่ สาว	phi sao	pīˋ sāuˊ	姐姐	engine-auto	
อยาก รู้ มาก เลย	yak ru mak loei	yākˋ rū~ mākˋ lə̄i	非常想知道	engine-auto	
พูด อะไร อยู่	phut arai yu	pūtˋ aˇ rai yūˋ	正在說什麼	engine-auto	
ครู	khru	krū	老師	engine-auto	
มี น้อง	mi nong	mī nɔ̄ng~	有弟弟妹妹	engine-auto	
เมีย น้อย	mia noi	mīa nɔ̄i~	小老婆 / 情婦	engine-auto	
ลูก ของ เมีย น้อย	luk khong mia noi	lūkˋ kɔ̄ngˊ mīa nɔ̄i~	小老婆的孩子	engine-auto	
พิเศษ	phiset	pi~ sētˇ	特別	engine-auto	
วัน นี้ สวย เป็น พิเศษ	wan ni suai pen phiset	wan nī~ sūayˊ ben pi~ sētˇ	今天特別漂亮	engine-auto	
วัน นี้ เก่ง เป็น พิเศษ	wan ni keng pen phiset	wan nī~ gēngˇ ben pi~ sētˇ	今天特別厲害	engine-auto	
หิว เป็น พิเศษ	hiu pen phiset	hiwˊ ben pi~ sētˇ	特別餓	engine-auto	
คน พิเศษ	khon phiset	kon pi~ sētˇ	特別的人	engine-auto	
มี คน พิเศษ หรือ ยัง	mi khon phiset rue yang	mī kon pi~ sētˇ rɯ̄ˊ yang	有特別的人了嗎	engine-auto	
หลาย คน	lai khon	lāiˊ kon	很多人	engine-auto	
หัว ใจ	hua chai	hūaˊ jai	心	engine-auto	
แฟน	faen	fɛ̄n	情人	engine-auto	
ราคา พิเศษ	rakha phiset	rā kā pi~ sētˇ	特別價格	engine-auto	
กะเพรา หมู	kaphrao mu	gaˇ prāu mūˊ	打拋豬	engine-auto	
หลาย อย่าง	lai yang	lāiˊ yāngˋ	很多種	engine-auto	
สั่ง หลาย อย่าง	sang lai yang	sangˇ lāiˊ yāngˋ	點很多種	engine-auto	
เป็น เรื่อง พิเศษ	pen rueang phiset	ben rɯ̄angˋ pi~ sētˇ	是特別的事	engine-auto	
เรียน พิเศษ	rian phiset	rīan pi~ sētˇ	補習	engine-auto	
เบื่อ	buea	bhɯ̄aˇ	煩 / 無聊	engine-auto	
เบื่อ อะไร	buea arai	bhɯ̄aˇ aˇ rai	煩什麼	engine-auto	
เบื่อ งาน	buea ngan	bhɯ̄aˇ ngān	厭倦工作	engine-auto	
เบื่อ คน	buea khon	bhɯ̄aˇ kon	煩人	engine-auto	
เบื่อ เรียน	buea rian	bhɯ̄aˇ rīan	厭倦學習	engine-auto	
เบื่อ จะ ตาย แล้ว	buea cha tai laeo	bhɯ̄aˇ jaˇ dāi lɛ̄u~	煩死了	engine-auto	
เหนื่อย จะ ตาย แล้ว	nueai cha tai laeo	nɯ̄aiˇ jaˇ dāi lɛ̄u~	累死了	engine-auto	
ร้อน จะ ตาย แล้ว	ron cha tai laeo	rɔ̄n~ jaˇ dāi lɛ̄u~	熱死了	engine-auto	
หนาว จะ ตาย แล้ว	nao cha tai laeo	nāuˊ jaˇ dāi lɛ̄u~	冷死了	engine-auto	
อิ่ม จะ ตาย แล้ว	im cha tai laeo	imˇ jaˇ dāi lɛ̄u~	飽死了	engine-auto	
กิน เบื่อ แล้ว	kin buea laeo	gin bhɯ̄aˇ lɛ̄u~	吃膩了	engine-auto	
ทำ เบื่อ แล้ว	tham buea laeo	tam bhɯ̄aˇ lɛ̄u~	做膩了	engine-auto	
ไป เบื่อ แล้ว	pai buea laeo	bai bhɯ̄aˇ lɛ̄u~	去膩了	engine-auto	
ไป เท่า ไหร่ ก็ ไม่ เบื่อ	pai thao rai ko mai buea	bai tāuˋ raiˇ gɔ̄ˋ maiˋ bhɯ̄aˇ	去幾次都不膩	engine-auto	
กิน เท่า ไหร่ ก็ ไม่ เบื่อ	kin thao rai ko mai buea	gin tāuˋ raiˇ gɔ̄ˋ maiˋ bhɯ̄aˇ	怎麼吃都不膩	engine-auto	
ทำ เท่า ไหร่ ก็ ไม่ เบื่อ	tham thao rai ko mai buea	tam tāuˋ raiˇ gɔ̄ˋ maiˋ bhɯ̄aˇ	怎麼做都不膩	engine-auto	
เบื่อ ที่ สุด	buea thi sut	bhɯ̄aˇ tīˋ sutˇ	最無聊	engine-auto	
สวย ที่ สุด	suai thi sut	sūayˊ tīˋ sutˇ	最漂亮	engine-auto	
ซวย	suai	sūay	倒楣	engine-auto	
ซวย แล้ว	suai laeo	sūay lɛ̄u~	倒楣了	engine-auto	
วัน นี้ สวย ที่ สุด	wan ni suai thi sut	wan nī~ sūayˊ tīˋ sutˇ	今天最漂亮	engine-auto	
วัน นี้ ซวย ที่ สุด	wan ni suai thi sut	wan nī~ sūay tīˋ sutˇ	今天最倒楣	engine-auto	
เซ็ง	seng	seng	掃興 / 鬱悶	engine-auto	
เซ็ง ที่ สุด	seng thi sut	seng tīˋ sutˇ	最掃興	engine-auto	
ทำไม ไม่ เปลี่ยน	thammai mai plian	tam mai maiˋ blīanˇ	為什麼不換	engine-auto	
ไม่ รู้ จะ ทำ อะไร	mai ru cha tham arai	maiˋ rū~ jaˇ tam aˇ rai	不知道要做什麼	engine-auto	
อุ่น	un	unˇ	溫熱	engine-auto	
เวฟ มั้ย	wef mai	wēpˋ mai~	要微波嗎	engine-auto	
เวฟ หน่อย	wef noi	wēpˋ nɔ̄iˇ	微波一下	engine-auto	
เวฟ ให้ หน่อย ได้ มั้ย คะ	wef hai noi dai mai kha	wēpˋ haiˋ nɔ̄iˇ dhaiˋ mai~ ka~	可以幫忙微波嗎？(女)	engine-auto	
เวฟ ให้ หน่อย ได้ มั้ย ครับ	wef hai noi dai mai khrap	wēpˋ haiˋ nɔ̄iˇ dhaiˋ mai~ krap~	可以幫忙微波嗎？(男)	engine-auto	
ยัง อุ่น อยู่	yang un yu	yang unˇ yūˋ	還溫熱著	engine-auto	
ยัง ร้อน อยู่	yang ron yu	yang rɔ̄n~ yūˋ	還熱著	engine-auto	
เครื่อง ทำ น้ำ อุ่น	khrueang tham nam un	krɯ̄angˋ tam nām~ unˇ	熱水器	engine-auto	
เครื่อง ทำ น้ำ ร้อน	khrueang tham nam ron	krɯ̄angˋ tam nām~ rɔ̄n~	飲水機(熱水)	engine-auto	
มืด	muet	mɯ̄tˋ	暗	engine-auto	
ข้าง นอก มืด ไหม	khang nok muet mai	kāngˋ nɔ̄kˋ mɯ̄tˋ maiˊ	外面暗嗎	engine-auto	
เหมือน กัน	muean kan	mɯ̄anˊ gan	一樣	engine-auto	
เหนื่อย เหมือน กัน	nueai muean kan	nɯ̄aiˇ mɯ̄anˊ gan	也一樣累	engine-auto	
อยาก กิน เหมือน กัน	yak kin muean kan	yākˋ gin mɯ̄anˊ gan	也一樣想吃	engine-auto	
ไม่ เข้า ใจ เหมือน กัน	mai khao chai muean kan	maiˋ kāuˋ jai mɯ̄anˊ gan	也一樣不明白	engine-auto	
แพง เกิน ไป	phaeng koen pai	pɛ̄ng gə̄n bai	太貴	engine-auto	
ไกล เกิน ไป	klai koen pai	glai gə̄n bai	太遠	engine-auto	
เหนื่อย เกิน ไป	nueai koen pai	nɯ̄aiˇ gə̄n bai	太累	engine-auto	
สวย เกิน ไป	suai koen pai	sūayˊ gə̄n bai	太漂亮	engine-auto	
สวย จัง อ่ะ	suai chang a	sūayˊ jang aˇ	真漂亮啊	engine-auto	
เก่ง จัง เลย อ่ะ	keng chang loei a	gēngˇ jang lə̄i aˇ	真的很厲害啊	engine-auto	
อร่อย จัง เลย อ่ะ	aroi chang loei a	aˇ rɔ̄iˋ jang lə̄i aˇ	真的很好吃啊	engine-auto	
รวย จัง เลย อ่ะ	ruai chang loei a	rūay jang lə̄i aˇ	真的很有錢啊	engine-auto	
รู้ สึก อะไร	ru suek arai	rū~ sɯkˇ aˇ rai	感覺什麼	engine-auto	
ไม่ รู้ สึก อะไร	mai ru suek arai	maiˋ rū~ sɯkˇ aˇ rai	沒什麼感覺	engine-auto	
คิด ว่า อะไร	khit wa arai	kit~ wāˋ aˇ rai	覺得什麼	engine-auto	
รู้ สึก สนุก	ru suek sanuk	rū~ sɯkˇ saˇ nuk~	覺得好玩	engine-auto	
รู้ สึก ไม่ อยาก กลับ	ru suek mai yak klap	rū~ sɯkˇ maiˋ yākˋ glapˇ	覺得不想回去	engine-auto	
รู้ สึก เบื่อ	ru suek buea	rū~ sɯkˇ bhɯ̄aˇ	覺得無聊	engine-auto	
รู้ สึก อยาก กลับ บ้าน	ru suek yak klap ban	rū~ sɯkˇ yākˋ glapˇ bhānˋ	覺得想回家	engine-auto	
รู้ สึก ไม่ อยาก ทำ งาน	ru suek mai yak tham ngan	rū~ sɯkˇ maiˋ yākˋ tam ngān	覺得不想工作	engine-auto	
รู้ สึก ไม่ อยาก คุย กับ หัว หน้า	ru suek mai yak khui kap hua na	rū~ sɯkˇ maiˋ yākˋ kui gapˇ hūaˊ nāˋ	覺得不想跟主管說話	engine-auto	
รู้ สึก ยาก	ru suek yak	rū~ sɯkˇ yākˋ	覺得難	engine-auto	
รู้ สึก ยาก นิด หน่อย	ru suek yak nit noi	rū~ sɯkˇ yākˋ nit~ nɔ̄iˇ	覺得有點難	engine-auto	
ชิน	chin	chin	習慣	engine-auto	
ชิน แล้ว	chin laeo	chin lɛ̄u~	習慣了	engine-auto	
ชิน หรือ ยัง	chin rue yang	chin rɯ̄ˊ yang	習慣了嗎	engine-auto	
รู้ สึก ชิน แล้ว	ru suek chin laeo	rū~ sɯkˇ chin lɛ̄u~	覺得習慣了	engine-auto	
ต่าง กัน อย่าง ไร	tang kan yang rai	dāngˇ gan yāngˋ rai	有什麼不同	engine-auto	
อัน นี้ กับ อัน นี้ ต่าง กัน ยัง ไง	an ni kap an ni tang kan yang ngai	an nī~ gapˇ an nī~ dāngˇ gan yang ngai	這個和這個有什麼不同	engine-auto	
อัน นี้ กับ อัน นั้น ต่าง กัน ยัง ไง	an ni kap an nan tang kan yang ngai	an nī~ gapˇ an nan~ dāngˇ gan yang ngai	這個和那個有什麼不同	engine-auto	
จาน นี้ กับ จาน นี้ ต่าง กัน ยัง ไง	chan ni kap chan ni tang kan yang ngai	jān nī~ gapˇ jān nī~ dāngˇ gan yang ngai	這盤和這盤有什麼不同	engine-auto	
ชา นม กับ ชา ไทย ต่าง กัน ยัง ไง	cha nom kap cha thai tang kan yang ngai	chā nom gapˇ chā tai dāngˇ gan yang ngai	奶茶和泰式奶茶有什麼不同	engine-auto	
หวาน เหมือน กัน	wan muean kan	wānˊ mɯ̄anˊ gan	一樣甜	engine-auto	
ไม่ ค่อย กิน	mai khoi kin	maiˋ kɔ̄iˋ gin	不常吃	engine-auto	
ชา ไทย	cha thai	chā tai	泰式奶茶	engine-auto	
แก้ว ใหญ่ มาก	kaeo yai mak	gɛ̄uˋ yaiˇ mākˋ	杯子很大	engine-auto	
เวลา ต่าง กัน	wela tang kan	wē lā dāngˇ gan	時差	engine-auto	
กี่ ชั่วโมง	ki chuamong	gīˇ chūaˋ mōng	幾個小時	engine-auto	
เวลา ต่าง กัน กี่ ชั่วโมง	wela tang kan ki chuamong	wē lā dāngˇ gan gīˇ chūaˋ mōng	時差幾個小時	engine-auto	
โรค	rok	rōkˋ	疾病	book-exact	(book-exact已用引擎重新驗證)
เป็น โรค อะไร	pen rok arai	ben rōkˋ aˇ rai	得什麼病	engine-auto	
โรค เอดส์	rok et	rōkˋ ētˇ	愛滋病	engine-auto	
โรค มะเร็ง	rok mareng	rōkˋ ma~ reng	癌症	engine-auto	
โรค เบา หวาน	rok bao wan	rōkˋ bhāu wānˊ	糖尿病	engine-auto	
เป็น อะไร	pen arai	ben aˇ rai	怎麼了	engine-auto	
เป็น ยัง ไง	pen yang ngai	ben yang ngai	怎麼樣	book-exact	(book-exact已用引擎重新驗證)
เป็น ไป ไม่ ได้	pen pai mai dai	ben bai maiˋ dhaiˋ	不可能	book-exact	(book-exact已用引擎重新驗證)
เป็น ไป ได้	pen pai dai	ben bai dhaiˋ	可能	engine-auto	
เครียด	khriat	krīatˋ	壓力大	engine-auto	
รู้ สึก เครียด มาก	ru suek khriat mak	rū~ sɯkˇ krīatˋ mākˋ	覺得壓力很大	engine-auto	
รู้ สึก หิว มาก	ru suek hiu mak	rū~ sɯkˇ hiwˊ mākˋ	覺得很餓	engine-auto	
รู้ สึก หนาว มาก	ru suek nao mak	rū~ sɯkˇ nāuˊ mākˋ	覺得很冷	engine-auto	
รู้ สึก ไม่ สบาย	ru suek mai sabai	rū~ sɯkˇ maiˋ saˇ bhāi	覺得不舒服	engine-auto	
รู้ สึก ไม่ สบาย ใจ	ru suek mai sabai chai	rū~ sɯkˇ maiˋ saˇ bhāi jai	覺得心裡不舒服	engine-auto	
เป็น ยัง ไง บ้าง	pen yang ngai bang	ben yang ngai bhāngˋ	怎麼樣了	engine-auto	
ทำ งาน เป็น ยัง ไง บ้าง	tham ngan pen yang ngai bang	tam ngān ben yang ngai bhāngˋ	工作怎麼樣了	engine-auto	
รู้ สึก เครียด	ru suek khriat	rū~ sɯkˇ krīatˋ	覺得有壓力	engine-auto	
รู้ สึก งาน หนัก	ru suek ngan nak	rū~ sɯkˇ ngān nakˇ	覺得工作繁重	engine-auto	
นิสัย	nisai	ni~ saiˊ	個性	engine-auto	
นิสัย แย่	nisai yae	ni~ saiˊ yɛ̄ˋ	脾氣壞	engine-auto	
อย่า ซีเรียส	ya siriat	yāˋ sī rīatˋ	別太嚴肅	engine-auto	
เครียด	khriat	krīatˋ	壓力大	engine-auto	
เป็น หวัด	pen wat	ben watˇ	感冒	engine-auto	
เป็น ไข้	pen khai	ben kaiˋ	發燒	engine-auto	
ยา แก้ ไข้	ya kae khai	yā gɛ̄ˋ kaiˋ	退燒藥	engine-auto	
ท้อง เสีย	thong sia	tɔ̄ng~ sīaˊ	拉肚子	engine-auto	
ยา แก้ ท้อง เสีย	ya kae thong sia	yā gɛ̄ˋ tɔ̄ng~ sīaˊ	止瀉藥	engine-auto	
ยา แก้ หวัด	ya kae wat	yā gɛ̄ˋ watˇ	感冒藥	engine-auto	
ซื้อ ง่าย	suea ngai	sɯ̄~ ngāiˋ	容易買	engine-auto	
ต้อง ไป ร้าน ขาย ยา	tong pai ran khai ya	dɔ̄ngˋ bai rān~ kāiˊ yā	必須去藥局	engine-auto	
เป็น บ้า	pen ba	ben bhāˋ	發瘋	engine-auto	
เกือบ	kueap	gɯ̄apˇ	幾乎	engine-auto	
เกือบ เป็น บ้า	kueap pen ba	gɯ̄apˇ ben bhāˋ	差點發瘋	engine-auto	
เป็น เพื่อน	pen phuean	ben pɯ̄anˋ	當伴（陪同）	engine-auto	
กิน ข้าว เป็น เพื่อน	kin khao pen phuean	gin kāuˋ ben pɯ̄anˋ	陪吃飯	engine-auto	
ไป กิน ข้าว เป็น เพื่อน	pai kin khao pen phuean	bai gin kāuˋ ben pɯ̄anˋ	去陪吃飯	engine-auto	
มาเรียน เป็น เพื่อน	ma rian pen phuean	mā rīan ben pɯ̄anˋ	陪同來學習	engine-auto	
ไป เมือง ไทย เป็น เพื่อน	pai mueang thai pen phuean	bai mɯ̄ang tai ben pɯ̄anˋ	陪同去泰國	engine-auto	
น่า รัก	na rak	nāˋ rak~	可愛	engine-auto	
น่า กิน	na kin	nāˋ gin	看起來好吃	engine-auto	
น่า อยู่	na yu	nāˋ yūˋ	宜居	engine-auto	
น่า เที่ยว	na thiao	nāˋ tīauˋ	值得去玩	engine-auto	
น่า คิด	na khit	nāˋ kit~	值得思考	engine-auto	
น่า เชื่อ	na chuea	nāˋ chɯ̄aˋ	可信	engine-auto	
ไม่ น่า เชื่อ	mai na chuea	maiˋ nāˋ chɯ̄aˋ	難以置信	engine-auto	
ขี้ หนาว	khi nao	kīˋ nāuˊ	怕冷	engine-auto	
ขี้ ร้อน	khi ron	kīˋ rɔ̄n~	怕熱	engine-auto	
ขี้ อาย	khi ai	kīˋ āi	害羞	engine-auto	
ขี้ กลัว	khi klua	kīˋ glūa	容易害怕（膽小）	engine-auto	
ขี้ เหงา	khi ngao	kīˋ ngāuˊ	怕孤單	engine-auto	
หนาว	nao	nāuˊ	冷	engine-auto	
เหงา	ngao	ngāuˊ	孤單	engine-auto	
ขี้ เหนียว	khi niao	kīˋ nīauˊ	小氣	engine-auto	
ขี้ เกียจ	khi kiat	kīˋ gīatˇ	懶惰	engine-auto	
ขี้ โม้	khi mo	kīˋ mō~	愛吹牛	engine-auto	
ขี้ โมโห	khi moho	kīˋ mō hōˊ	愛生氣	engine-auto	
ขี้ ตก ใจ	khi tok chai	kīˋ dokˇ jai	容易嚇到	engine-auto	
ขี้ เมา	khi mao	kīˋ māu	愛喝酒（酒鬼）	engine-auto	
กลัว ผี	klua phi	glūa pīˊ	怕鬼	engine-auto	
กลัว พูด	klua phut	glūa pūtˋ	害怕說	engine-auto	
กลัว พูด ผิด	klua phut phit	glūa pūtˋ pitˇ	怕說錯	engine-auto	
เรียน ที่ ไหน	rian thi nai	rīan tīˋ naiˊ	在哪裡學的	engine-auto	
น่า อาย	na ai	nāˋ āi	丟臉（不好意思）	engine-auto	
น่า เสีย ดาย	na sia dai	nāˋ sīaˊ dhāi	可惜	engine-auto	
อากาศ	akat	ā gātˇ	天氣	book-exact	(book-exact已用引擎重新驗證)
เดี๋ยว ร้อน เดี๋ยว หนาว	diao ron diao nao	dhīauˊ rɔ̄n~ dhīauˊ nāuˊ	忽冷忽熱	engine-auto	
หน้า ร้อน	na ron	nāˋ rɔ̄n~	夏天	engine-auto	
หน้า หนาว	na nao	nāˋ nāuˊ	冬天	engine-auto	
หน้า ทุเรียน	na thurian	nāˋ tu~ rīan	榴槤季	engine-auto	
หน้า มังคุด	na mangkhut	nāˋ mang kut~	山竹季	engine-auto	
หน้า ร้อน ที่ เมือง ไทย	na ron thi mueang thai	nāˋ rɔ̄n~ tīˋ mɯ̄ang tai	泰國的夏天	engine-auto	
อากาศ เย็น	akat yen	ā gātˇ yen	天氣涼	engine-auto	
เย็น สบาย	yen sabai	yen saˇ bhāi	涼爽	engine-auto	
อากาศ เย็น สบาย	akat yen sabai	ā gātˇ yen saˇ bhāi	天氣涼爽	engine-auto	
แห้ง	haeng	hɛ̄ngˋ	乾	engine-auto	
แห้ง แล้ง	haeng laeng	hɛ̄ngˋ lɛ̄ng~	乾燥（乾旱）	engine-auto	
ชื้น	chuen	chɯ̄n~	潮濕	engine-auto	
อบ อ้าว	op ao	opˇ āuˋ	悶熱	engine-auto	
ระวัง	rawang	ra~ wang	小心	engine-auto	
ระวัง เป็น ไข้	rawang pen khai	ra~ wang ben kaiˋ	小心發燒	engine-auto	
ระวัง เป็น หวัด	rawang pen wat	ra~ wang ben watˇ	小心感冒	engine-auto	
พายุ	phayu	pā yu~	暴風雨	book-exact	(book-exact已用引擎重新驗證)
ใต้ ฝุ่น	taifun	daiˋ funˇ	颱風	engine-auto	
แผ่น ดิน ไหว	phaendin wai	pɛ̄nˇ dhin waiˊ	地震	book-exact	(book-exact已用引擎重新驗證)
ภู เขา ไฟ ระเบิด	phukhaofai raboet	pū kāuˊ fai ra~ bhə̄tˇ	火山爆發	book-exact	(book-exact已用引擎重新驗證)
พระ อาทิตย์	phra athit	pra~ ā tit~	太陽	book-exact	(book-exact已用引擎重新驗證)
พระ อาทิตย์ ขึ้น	phra athit khuen	pra~ ā tit~ kɯnˋ	日出	engine-auto	
พระ อาทิตย์ ตก	phra athit tok	pra~ ā tit~ dokˇ	日落	engine-auto	
ทิศ	thit	tit~	方向	engine-auto	
ทิศ ตะวัน ออก	thit tawan ok	tit~ daˇ wan ɔ̄kˇ	東方	engine-auto	
ทิศ เหนือ	thit nuea	tit~ nɯ̄aˊ	北方	engine-auto	
ทิศ ใต้	thit tai	tit~ daiˋ	南方	engine-auto	
ตะวัน ตก	tawan tok	daˇ wan dokˇ	西方	engine-auto	
ทิศ ตะวัน ตก	thit tawan tok	tit~ daˇ wan dokˇ	西方（方向）	engine-auto	
พระ จันทร์	phra chan	pra~ jan	月亮	book-exact	(book-exact已用引擎重新驗證)
ฟ้า ร้อง	fa rong	fā~ rɔ̄ng~	打雷	engine-auto	
ฟ้า ผ่า	fa pha	fā~ pāˇ	閃電（劈下）	engine-auto	
หิมะ	hima	hiˇ ma~	雪	engine-auto	
หิมะ ตก	hima tok	hiˇ ma~ dokˇ	下雪	engine-auto	
หมอก	mok	mɔ̄kˇ	霧	engine-auto	
เมฆ	mek	mēkˋ	雲	engine-auto	
เมฆ เยอะ	mek yoe	mēkˋ yə~	多雲	engine-auto	
หมอก เยอะ	mok yoe	mɔ̄kˇ yə~	多霧	engine-auto	
ไฟ ไหม้	fai mai	fai maiˋ	火災	engine-auto	
สึนามิ	sunami	sɯˇ nā mi~	海嘯	engine-auto	
ตาก แดด	tak daet	dākˇ dhɛ̄tˇ	曬太陽	engine-auto	
เสื้อ กัน แดด	suea kan daet	sɯ̄aˋ gan dhɛ̄tˇ	防曬外套	engine-auto	
เสื้อ กัน หนาว	suea kan nao	sɯ̄aˋ gan nāuˊ	禦寒外套	engine-auto	
แว่น กัน แดด	waen kan daet	wɛ̄nˋ gan dhɛ̄tˇ	太陽眼鏡	engine-auto	
ครีม กัน แดด	khrim kan daet	krīm gan dhɛ̄tˇ	防曬乳	engine-auto	
ระวัง รถ	rawang rot	ra~ wang rot~	小心車	engine-auto	
ระวัง คน	rawang khon	ra~ wang kon	小心人	engine-auto	
ระวัง ถูก หลอก	rawang thuk lok	ra~ wang tūkˇ lɔ̄kˇ	小心被騙	engine-auto	
ชัวร์	chua	chūa	確定	engine-auto	
ไม่ ชัวร์	mai chua	maiˋ chūa	不確定	engine-auto	
ตก ใจ หมด เลย	tok chai mot loei	dokˇ jai motˇ lə̄i	嚇死我了	book-exact	(book-exact已用引擎重新驗證)
คิด มาก	khit mak	kit~ mākˋ	想太多	engine-auto	
อย่า คิด มาก	ya khit mak	yāˋ kit~ mākˋ	別想太多	engine-auto	
เลือด	lueat	lɯ̄atˋ	血	book-exact	(book-exact已用引擎重新驗證)
เลือด ไหล	lueat lai	lɯ̄atˋ laiˊ	流血	engine-auto	
เหงื่อ	nguea	ngɯ̄aˇ	汗	engine-auto	
เหงื่อ ไหล	nguea lai	ngɯ̄aˇ laiˊ	流汗	engine-auto	
สุขภาพ ไม่ แข็ง แรง	sukhaphap mai khaeng raeng	sukˇ pāpˋ maiˋ kɛngˊ rɛ̄ng	身體不健康	engine-auto	
เหม็น มาก	men mak	menˊ mākˋ	很臭	engine-auto	
ไม่ มี เวลา	mai mi wela	maiˋ mī wē lā	沒時間	engine-auto	
อาบ น้ำ แล้ว ก็ นอน	ap nam laeo ko non	āpˇ nām~ lɛ̄u~ gɔ̄ˋ nɔ̄n	洗澡然後睡覺	engine-auto	
ผิว ดำ	phiu dam	piwˊ dham	皮膚黑	engine-auto	
ผิว ขาว	phiu khao	piwˊ kāuˊ	皮膚白	engine-auto	
ภาค กลาง	phak klang	pākˋ glāng	中部	engine-auto	
ภาค เหนือ	phak nuea	pākˋ nɯ̄aˊ	北部	engine-auto	
ภาค อีสาน	phak isan	pākˋ ī sānˊ	東北	engine-auto	
ภาค ใต้	phak tai	pākˋ daiˋ	南部	engine-auto	
อยู่ ใกล้ พระ อาทิตย์	yu klai phra athit	yūˋ glaiˋ pra~ ā tit~	離太陽近	engine-auto	
ทำ งาน หนัก	tham ngan nak	tam ngān nakˇ	工作繁重	engine-auto	
ทำ งาน ข้าง นอก	tham ngan khang nok	tam ngān kāngˋ nɔ̄kˋ	在外面工作	engine-auto	
ข้าง บ้าน	khang ban	kāngˋ bhānˋ	隔壁	engine-auto	
เมื่อ ก่อน	muea kon	mɯ̄aˋ gɔ̄nˇ	以前	book-exact	(book-exact已用引擎重新驗證)
แช่ เย็น	chae yen	chɛ̄ˋ yen	冷藏	engine-auto	
ตู้ เย็น	tu yen	dūˋ yen	冰箱	engine-auto	
ไม่ อย่าง นั้น	mai yang nan	maiˋ yāngˋ nan~	否則	engine-auto	
ไม่ อร่อย	mai aroi	maiˋ aˇ rɔ̄iˋ	不好吃	engine-auto	
เกลือ	kluea	glɯ̄a	鹽	engine-auto	
แกง จืด	kaeng chuet	gɛ̄ng jɯ̄tˇ	清湯	engine-auto	
รส ชาติ	rot chat	rot~ chātˋ	味道	book-exact	(book-exact已用引擎重新驗證)
ต่าง กัน	tang kan	dāngˇ gan	不同	engine-auto	
เผ็ด นิด หน่อย	phet nit noi	petˇ nit~ nɔ̄iˇ	有點辣	engine-auto	
พริก 1 เม็ด	phrik nueng met	prik~ 1 met~	一顆辣椒	engine-auto	
ห้าม เข้า	ham khao	hāmˋ kāuˋ	禁止進入	engine-auto	
อย่า เข้า	ya khao	yāˋ kāuˋ	不要進去	engine-auto	
รอง เท้า แตะ	rong thao tae	rɔ̄ng tāu~ dɛˇ	拖鞋	engine-auto	
ห้าม มา สาย	ham ma sai	hāmˋ mā sāiˊ	禁止遲到	engine-auto	
ห้าม สูบ บุหรี่	ham sup buri	hāmˋ sūpˇ bhuˇ rīˇ	禁止吸菸	engine-auto	
ห้าม ถ่าย รูป	ham thai rup	hāmˋ tāiˇ rūpˋ	禁止拍照	engine-auto	
ห้าม ทำ แบบ นี้	ham tham baep ni	hāmˋ tam bhɛ̄pˇ nī~	禁止這樣做	engine-auto	
ทำ แบบ นี้	tham baep ni	tam bhɛ̄pˇ nī~	這樣做	engine-auto	
ตื่น นอน	tuen non	dɯ̄nˇ nɔ̄n	起床	engine-auto	
แปรง ฟัน	praeng fan	brɛ̄ng fan	刷牙	engine-auto	
หวี ผม	wi phom	wīˊ pomˊ	梳頭髮	book-exact	(book-exact已用引擎重新驗證)
แต่ง ตัว สวย	taeng tua suai	dɛ̄ngˇ dūa sūayˊ	打扮漂亮	engine-auto	
แต่ง หน้า	taeng na	dɛ̄ngˇ nāˋ	化妝	book-exact	(book-exact已用引擎重新驗證)
รีบ ออก จาก บ้าน	rip ok chak ban	rīpˋ ɔ̄kˇ jākˇ bhānˋ	趕快出門	book-exact	(book-exact已用引擎重新驗證)
วิ่ง ขึ้น รถ	wing khuen rot	wingˋ kɯnˋ rot~	跑上車	book-exact	(book-exact已用引擎重新驗證)
โชค ดี ที่ มา ทัน	chok di thi ma than	chōkˋ dhī tīˋ mā tan	幸好趕上	book-exact	(book-exact已用引擎重新驗證)
แต่ง บ้าน	taeng ban	dɛ̄ngˇ bhānˋ	佈置家裡	engine-auto	
แต่ง รถ	taeng rot	dɛ̄ngˇ rot~	改裝車	engine-auto	
แต่ง หน้า อ่อน	taeng na on	dɛ̄ngˇ nāˋ ɔ̄nˇ	化淡妝	engine-auto	
แต่ง หน้า เข้ม	taeng na khem	dɛ̄ngˇ nāˋ kēmˋ	化濃妝	engine-auto	
แต่ง หน้า จัด	taeng na chat	dɛ̄ngˇ nāˋ jatˇ	化大濃妝	engine-auto	
แต่ง ตัว	taeng tua	dɛ̄ngˇ dūa	打扮	book-exact	(book-exact已用引擎重新驗證)
แต่ง ตัว เปรี้ยว	taeng tua priao	dɛ̄ngˇ dūa brīauˋ	穿著火辣	engine-auto	
แต่ง ตัว เซ็กซี่	taeng tua seksi	dɛ̄ngˇ dūa sek~ sīˋ	穿著性感	engine-auto	
แต่ง ตัว เชย	taeng tua choei	dɛ̄ngˇ dūa chə̄i	穿著俗氣	engine-auto	
แต่ง ตัว สุภาพ	taeng tua suphap	dɛ̄ngˇ dūa suˇ pāpˋ	穿著端莊	engine-auto	
ไม่ เห็น ถูก เลย	mai hen thuk loei	maiˋ henˊ tūkˇ lə̄i	根本不覺得便宜	engine-auto	
ไม่ เห็น สวย เลย	mai hen suai loei	maiˋ henˊ sūayˊ lə̄i	根本不覺得漂亮	engine-auto	
ไม่ เห็น เก่ง เลย	mai hen keng loei	maiˋ henˊ gēngˇ lə̄i	根本不覺得厲害	engine-auto	
ไม่ เห็น อร่อย เลย	mai hen aroi loei	maiˋ henˊ aˇ rɔ̄iˋ lə̄i	根本不覺得好吃	engine-auto	
ไม่ เห็น สนุก เลย	mai hen sanuk loei	maiˋ henˊ saˇ nuk~ lə̄i	根本不覺得好玩	engine-auto	
ไม่ เห็น เป็น ไร เลย	mai hen pen rai loei	maiˋ henˊ ben rai lə̄i	根本沒關係	engine-auto	
ไม่ เห็น มี อะไร น่า ซื้อ เลย	mai hen mi arai na suea loei	maiˋ henˊ mī aˇ rai nāˋ sɯ̄~ lə̄i	根本沒有什麼好買的	engine-auto	
แช่	chae	chɛ̄ˋ	泡	engine-auto	
แช่ น้ำ อุ่น	chae nam un	chɛ̄ˋ nām~ unˇ	泡溫水	engine-auto	
แช่ เท้า	chae thao	chɛ̄ˋ tāu~	泡腳	engine-auto	
แช่ ตู้ เย็น	chae tu yen	chɛ̄ˋ dūˋ yen	放冰箱	engine-auto	
อาหาร แช่ แข็ง	ahan chae khaeng	ā hānˊ chɛ̄ˋ kɛngˊ	冷凍食品	engine-auto	
กรุงเทพ	krung thep	grung tēpˋ	曼谷	engine-auto	
ถนน ข้าว สาร	thanon khao san	taˇ non kāuˋ sānˊ	考山路	book-exact	(book-exact已用引擎重新驗證)
เยาวราช	yaowarat	yāuu rātˋ	耀華力路（唐人街）	engine-auto	
สถานี ขน ส่ง	sathani khon song	saˇ tāˊ nī konˊ songˇ	客運站	book-exact	(book-exact已用引擎重新驗證)
แม่ น้ำ	mae nam	mɛ̄ˋ nām~	河流	engine-auto	
สะพาน	saphan	saˇ pān	橋	book-exact	(book-exact已用引擎重新驗證)
ตลาด น้ำ	talat nam	daˇ lātˋ nām~	水上市場	engine-auto	
น้ำ ตก	nam tok	nām~ dokˇ	瀑布	engine-auto	
ทะเล	thale	ta~ lē	海（海灘）	engine-auto	
เป็นอะไร	pen arai	ben aˇ rai	怎麼了？	engine-auto	
สีหน้าดูแปลกๆ	si na du plaek plaek	sīˊ nāˋ dhū blɛ̄kˇ blɛ̄kˇ	臉色看起來怪怪的	engine-auto	
ไม่สบายหรือเปล่า	mai sabai rue plao	maiˋ saˇ bhāi rɯ̄ˊ blāuˇ	是不是不舒服呢？	engine-auto	
คุณสบายดีไหม	khun sabai di mai	kun saˇ bhāi dhī maiˊ	你好嗎？	engine-auto	
ธุรกิจเป็นยังไงบ้าง	thu ra kit pen yang ngai bang	tun gitˇ ben yang ngai bhāngˋ	生意如何？	engine-auto	
ขายดีไหม	khai di mai	kāiˊ dhī maiˊ	賣得好嗎？	engine-auto	
ขายไม่ค่อยดี	khai mai khoi di	kāiˊ maiˋ kɔ̄iˋ dhī	賣得不太好	engine-auto	
เป็นไปได้	pen pai dai	ben bai dhaiˋ	有可能	engine-auto	
เป็นไปไม่ได้	pen pai mai dai	ben bai maiˋ dhaiˋ	不可能	book-exact	(book-exact已用引擎重新驗證)
พรุ่งนี้ไทเปหิมะจะตกเป็นไปได้ไหม	phrung ni thai pe hi ma cha tok pen pai dai mai	prungˋ nī~ tai bē hiˇ ma~ jaˇ dokˇ ben bai dhaiˋ maiˊ	明天台北下雪有可能嗎？	engine-auto	
ภูเขาไฟระเบิด	phu khao fai ra boet	pū kāuˊ fai ra~ bhə̄tˇ	火山爆發	book-exact	(book-exact已用引擎重新驗證)
ถ้าพรุ่งนี้ภูเขาไฟระเบิดเป็นไปได้ไหมคะ	tha phrung ni phu khao fai ra boet pen pai dai mai kha	tāˋ prungˋ nī~ pū kāuˊ fai ra~ bhə̄tˇ ben bai dhaiˋ maiˊ ka~	如果明天火山爆發有可能嗎？	engine-auto	
อะไรอะไรก็เป็นไปได้	a rai a rai ko pen pai dai	aˇ rai aˇ rai gɔ̄ˋ ben bai dhaiˋ	什麼都有可能	engine-auto	
แผ่นดินไหว	phaen din wai	pɛ̄nˇ dhin waiˊ	地震	book-exact	(book-exact已用引擎重新驗證)
พรุ่งนี้แผ่นดินไหวเป็นไปได้ไหม	phrung ni phaen din wai pen pai dai mai	prungˋ nī~ pɛ̄nˇ dhin waiˊ ben bai dhaiˋ maiˊ	明天地震有可能嗎？	engine-auto	
ที่ไหนไหนเป็นไปได้	thi nai nai pen pai dai	tīˋ naiˊ naiˊ ben bai dhaiˋ	哪裡都有可能	engine-auto	
เป็นไข้กี่วันแล้ว	pen khai ki wan laeo	ben kaiˋ gīˇ wan lɛ̄u~	發燒幾天了？	engine-auto	
มีไข้	mi khai	mī kaiˋ	發燒	engine-auto	
มีไข้สองสามวันแล้ว	mi khai song sam wan laeo	mī kaiˋ sɔ̄ngˊ sāmˊ wan lɛ̄u~	發燒兩三天了	engine-auto	
ไข้สูง	khai sung	kaiˋ sūngˊ	高燒	engine-auto	
เป็นเพื่อน	pen phuean	ben pɯ̄anˋ	陪、作伴	engine-auto	
ไปซื้อของเป็นเพื่อนหน่อย	pai sue khong pen phuean noi	bai sɯ̄~ kɔ̄ngˊ ben pɯ̄anˋ nɔ̄iˇ	陪我去買東西一下	engine-auto	
ไปเป็นเพื่อนไหม	pai pen phuean mai	bai ben pɯ̄anˋ maiˊ	要陪（我）去嗎？	engine-auto	
ไปดูหนังเป็นเพื่อนหน่อย	pai du nang pen phuean noi	bai dhū nangˊ ben pɯ̄anˋ nɔ̄iˇ	陪我看電影一下	engine-auto	
เขาเป็นหนี้ฉัน	khao pen ni chan	kāuˊ ben nīˋ chanˊ	他欠我錢	engine-auto	
เขาเป็นหนี้ฉันห้าร้อยบาท	khao pen ni chan ha roi bat	kāuˊ ben nīˋ chanˊ hāˋ rɔ̄i~ bhātˇ	他欠我五百泰銖	engine-auto	
ตั้งใจฟังนะ	tang chai fang na	dangˋ jai fang na~	專心聽喔	engine-auto	
สนุก	sa nuk	saˇ nuk~	有趣、好玩	engine-auto	
นิสัยของเขา ซื่อมาก	nisai khong khao sue mak	ni~ saiˊ kɔ̄ngˊ kāuˊ sɯ̄ˋ mākˋ	他的個性很老實	engine-auto	
เถ้าแก่ไม่ซื่อ อย่าเชื่อเขา	thao gae mai sue ya chuea khao	tāuˋ gɛ̄ˇ maiˋ sɯ̄ˋ yāˋ chɯ̄aˋ kāuˊ	老闆不老實，不要相信他	engine-auto	
หน้าร้อน	na ron	nāˋ rɔ̄n~	夏天（口語）	engine-auto	
แรง	raeng	rɛ̄ng	強、有力	engine-auto	
แผ่นดินไหวครั้งนี้แรงมาก	phaen din wai khrang ni raeng mak	pɛ̄nˇ dhin waiˊ krang~ nī~ rɛ̄ng mākˋ	這次地震很大（強）	engine-auto	
ไต้หวัน อากาศชื้นมาก	tai wan a gat chuen mak	daiˋ wanˊ ā gātˇ chɯ̄n~ mākˋ	台灣天氣很潮濕	engine-auto	
เสื้อยังชื้นอยู่	suea yang chuen yu	sɯ̄aˋ yang chɯ̄n~ yūˋ	衣服還濕濕（潮濕）的	engine-auto	
ตาก	tak	dākˇ	晾、淋、曬	engine-auto	
ตากแดด	tak daet	dākˇ dhɛ̄tˇ	曬太陽	engine-auto	
ตากแดด ระวังผิวดำ	tak daet ra wang phiu dam	dākˇ dhɛ̄tˇ ra~ wang piwˊ dham	曬太陽，小心皮膚變黑	engine-auto	
แช่ตู้เย็น	Chae tu yen	chɛ̄ˋ dūˋ yen	冰在冰箱	engine-auto	
ไม่เช่นนั้นเสียแน่ๆ	Mai chai nan sia nae nae	maiˋ chēnˋ nan~ sīaˊ nɛ̄ˋ nɛ̄ˋ	不然一定會壞掉	engine-auto	
ไม่เช่นนั้นเสียแน่นอน	Mai chai nan sia nae non	maiˋ chēnˋ nan~ sīaˊ nɛ̄ˋ nɔ̄n	不然絕對會壞掉	engine-auto	
เป็นหวัดน้ำมูกไหล	Pen wat nam muk lai	ben watˇ nām~ mūkˋ laiˊ	感冒流鼻水	engine-auto	
น้ำไม่ไหล	Nam mai lai	nām~ maiˋ laiˊ	沒水了	engine-auto	
ช่วยมาดูให้หน่อย	Chuai ma du hai noi	chūayˋ mā dhū haiˋ nɔ̄iˇ	請來幫我看一下	engine-auto	
ห้ามใส่กระโปรงสั้นเป็นอันขาด	Ham sai kra prong san pen an khat	hāmˋ saiˇ graˇ brōng sanˋ ben an kātˇ	絕對禁止穿短裙	engine-auto	
ห้ามใส่ขาสั้นเป็นอันขาด	Ham sai kha san pen an khat	hāmˋ saiˇ kāˊ sanˋ ben an kātˇ	絕對禁止穿短褲	engine-auto	
ห้ามใส่รองเท้าแตะเป็นอันขาด	Ham sai rong thao tae pen an khat	hāmˋ saiˇ rɔ̄ng tāu~ dɛˇ ben an kātˇ	絕對禁止穿拖鞋	engine-auto	
สุภาพ	Su phap	suˇ pāpˋ	得體、有禮貌	engine-auto	
แต่งตัวสุภาพ	Taeng tua su phap	dɛ̄ngˇ dūa suˇ pāpˋ	穿著得體	engine-auto	
เขาเป็นคนสุภาพ	Khao pen khon su phap	kāuˊ ben kon suˇ pāpˋ	他是個有禮貌的人	engine-auto	
ไม่เห็นสวยเลย	Mai hen suay loei	maiˋ henˊ sūayˊ lə̄i	一點也不漂亮	engine-auto	
ไม่เห็นสนุกเลย	Mai hen sanuk loei	maiˋ henˊ saˇ nuk~ lə̄i	一點也不好玩	engine-auto	
ไม่เห็นแก่เลย	Mai hen kae loei	maiˋ henˊ gɛ̄ˇ lə̄i	一點也不老	engine-auto	
ไม่เห็นสำคัญเลย	Mai hen sam khan loei	maiˋ henˊ samˊ kan lə̄i	一點也不重要	engine-auto	
คนแก่ตกใจง่าย	Khon kae tok chai ngai	kon gɛ̄ˇ dokˇ jai ngāiˋ	老人容易受驚嚇	engine-auto	
เขาเป็นโรคหัวใจ	Khao pen rok hua chai	kāuˊ ben rōkˋ hūaˊ jai	他有心臟病	engine-auto	
อย่าทำให้เขาตกใจ	Ya tham hai khao tok chai	yāˋ tam haiˋ kāuˊ dokˇ jai	不要嚇到他	engine-auto	
คิดมาก	Khit mak	kit~ mākˋ	想太多	engine-auto	
คิดมากผมจะขาว	Khit mak phom cha khao	kit~ mākˋ pomˊ jaˇ kāuˊ	想太多頭髮會變白	engine-auto	
คิดมากก็ไม่มีประโยชน์	Khit mak ko mai mi pra yot	kit~ mākˋ gɔ̄ˋ maiˋ mī braˇ yōtˋ	想太多也沒用	engine-auto	
ตื่นนอน	Tuen non	dɯ̄nˇ nɔ̄n	起床	engine-auto	
ตื่นนอนกี่โมงคะ	Tuen non ki mong kha	dɯ̄nˇ nɔ̄n gīˇ mōng ka~	幾點起床呢	engine-auto	
อาบน้ำ	Ap nam	āpˇ nām~	洗澡	engine-auto	
อาบน้ำหรือยังคะ	Ap nam rue yang kha	āpˇ nām~ rɯ̄ˊ yang ka~	洗澡了嗎	engine-auto	
ล้างหน้า	Lang na	lāng~ nāˋ	洗臉	engine-auto	
คุณจะล้างหน้าก่อนหรืออาบน้ำก่อน	Khun cha lang na kon rue ap nam kon	kun jaˇ lāng~ nāˋ gɔ̄nˇ rɯ̄ˊ āpˇ nām~ gɔ̄nˇ	你要先洗臉還是先洗澡	engine-auto	
แปรงฟัน	Praeng fan	brɛ̄ng fan	刷牙	engine-auto	
ล้างหน้าหรือแปรงฟันก่อน	Lang na rue praeng fan kon	lāng~ nāˋ rɯ̄ˊ brɛ̄ng fan gɔ̄nˇ	先洗臉還是先刷牙	engine-auto	
ล้างหน้าก่อนแล้วก็ไปแปรงฟัน	Lang na kon laeo ko pai praeng fan	lāng~ nāˋ gɔ̄nˇ lɛ̄u~ gɔ̄ˋ bai brɛ̄ng fan	先洗臉然後去刷牙	engine-auto	
ตาก	Tak	dākˇ	曬、晾	engine-auto	
ตัด	Tat	datˇ	剪、切	engine-auto	
ตัดผม	Tat phom	datˇ pomˊ	剪頭髮	engine-auto	
ตัดเสื้อ	Tat suea	datˇ sɯ̄aˋ	裁衣服	engine-auto	
ตากเสื้อ	Tak suea	dākˇ sɯ̄aˋ	曬衣服	engine-auto	
ถึงเวลาเรียนต่อแล้วนะคะ	Thueng wela rian to laeo na kha	tɯngˊ wē lā rīan dɔ̄ˇ lɛ̄u~ na~ ka~	該上課了	engine-auto	
โรง	Rong	rōng	大空間/場所	book-exact	(book-exact已用引擎重新驗證)
โรงเรียน	Rong rian	rōng rīan	學校	engine-auto	
โรงเรียนชื่ออะไร	Rong rian chue arai	rōng rīan chɯ̄ˋ aˇ rai	你的學校叫什麼名字？	engine-auto	
รถโรงเรียน	Rot rong rian	rot~ rōng rīan	校車	engine-auto	
นั่งรถโรงเรียนไปโรงเรียนไหม	Nang rot rong rian pai rong rian mai	nangˋ rot~ rōng rīan bai rōng rīan maiˊ	坐校車去學校嗎？	engine-auto	
ไปโรงเรียนยังไง	Pai rong rian yangngai	bai rōng rīan yang ngai	怎麼去學校？	engine-auto	
นั่งเรือไปโรงเรียน	Nang ruea pai rong rian	nangˋ rɯ̄a bai rōng rīan	坐船去學校	engine-auto	
โรงงาน	Rong ngan	rōng ngān	工廠	engine-auto	
โรงงานเสื้อ	Rong ngan suea	rōng ngān sɯ̄aˋ	成衣廠	engine-auto	
โรงงานรองเท้า	Rong ngan rongthao	rōng ngān rɔ̄ng tāu~	鞋廠	engine-auto	
ไฟไหม้	Fai mai	fai maiˋ	失火/火災	engine-auto	
โรงงานไฟไหม้	Rong ngan fai mai	rōng ngān fai maiˋ	工廠失火	engine-auto	
โรงแรม	Rong raem	rōng rɛ̄m	飯店	engine-auto	
อยู่โรงแรมไหน	Yu rong raem nai	yūˋ rōng rɛ̄m naiˊ	住在（哪一家）飯店？	engine-auto	
โรงแรมติดรถไฟฟ้า	Rong raem tit rot fai fa	rōng rɛ̄m ditˇ rot~ fai fā~	飯店在捷運站旁	engine-auto	
โรงแรมติด BTS	Rong raem tit BTS	rōng rɛ̄m ditˇ BTS	飯店在 BTS 旁	engine-auto	
จองโรงแรม	Chong rong raem	jɔ̄ng rōng rɛ̄m	訂飯店	engine-auto	
จองโรงแรมที่ Agoda	Chong rong raem thi Agoda	jɔ̄ng rōng rɛ̄m tīˋ Agoda	在 Agoda 訂飯店	engine-auto	
จองโรงแรมใน Agoda	Chong rong raem nai Agoda	jɔ̄ng rōng rɛ̄m nai Agoda	在 Agoda 訂飯店 (in)	engine-auto	
จองโรงแรมที่ Booking.com	Chong rong raem thi Booking.com	jɔ̄ng rōng rɛ̄m tīˋ Booking.com	在 Booking.com 訂飯店	engine-auto	
พยาบาล	Phayaban	pa~ yā bhān	照料/護理	book-exact	(book-exact已用引擎重新驗證)
โรงหนัง	Rong nang	rōng nangˊ	電影院	engine-auto	
โรงเบียร์	Rong bia	rōng bhīa	啤酒屋（音樂餐廳）	engine-auto	
ไปโรงเบียร์กันไหม	Pai rong bia kan mai	bai rōng bhīa gan maiˊ	要去啤酒屋嗎？	engine-auto	
ซ่อม	Som	sɔ̄mˋ	維修/修理	book-exact	(book-exact已用引擎重新驗證)
ซ่อมเครื่องบิน	Som khrueangbin	sɔ̄mˋ krɯ̄angˋ bhin	修飛機	engine-auto	
ซ่อมนาฬิกา	Som nalika	sɔ̄mˋ nā li~ gā	修手錶	engine-auto	
ซ่อมคอมพิวเตอร์	Som khomphiutoe	sɔ̄mˋ kɔ̄m piw də̄	修電腦	engine-auto	
โรงซ่อม	Rong som	rōng sɔ̄mˋ	維修場	engine-auto	
โรงซ่อมรถ	Rong som rot	rōng sɔ̄mˋ rot~	修車廠	engine-auto	
ร้านซ่อม	Ran som	rān~ sɔ̄mˋ	維修店	engine-auto	
ร้าน	Ran	rān~	店舖	book-exact	(book-exact已用引擎重新驗證)
ร้านซ่อมนาฬิกา	Ran som nalika	rān~ sɔ̄mˋ nā li~ gā	手錶維修店	engine-auto	
ร้านซ่อมรองเท้า	Ran som rongthao	rān~ sɔ̄mˋ rɔ̄ng tāu~	修鞋店	engine-auto	
ร้านซ่อมมือถือ	Ran som mue thue	rān~ sɔ̄mˋ mɯ̄ tɯ̄ˊ	手機維修店	engine-auto	
โรงพัก	Rong phak	rōng pak~	派出所	engine-auto	
พัก	Phak	pak~	休息	book-exact	(book-exact已用引擎重新驗證)
พักห้านาที	Phak ha nathi	pak~ hāˋ nā tī	休息五分鐘	engine-auto	
โรงพิมพ์	Rong phim	rōng pim	印刷廠	engine-auto	
หนังสือพิมพ์	Nang sue phim	nangˊ sɯ̄ˊ pim	報紙	engine-auto	
โรงพิมพ์เล็ก	Rong phim lek	rōng pim lek~	小印刷廠	engine-auto	
โรงพิมพ์ใหญ่	Rong phim yai	rōng pim yaiˇ	大印刷廠	engine-auto	
คลินิก	Khlinik	kli~ nik~	診所	book-exact	(book-exact已用引擎重新驗證)
คลินิกหมอฟัน	Khlinik mo fan	kli~ nik~ mɔ̄ˊ fan	牙醫診所	engine-auto	
คลินิกฟัน	Khlinik fan	kli~ nik~ fan	牙科診所	engine-auto	
คลินิกหมอตา	Khlinik mo ta	kli~ nik~ mɔ̄ˊ dā	眼科診所（醫生）	engine-auto	
คลินิกตา	Khlinik ta	kli~ nik~ dā	眼科診所	engine-auto	
คลินิกหมอผิวหนัง	Khlinik mo phiu nang	kli~ nik~ mɔ̄ˊ piwˊ nangˊ	皮膚科診所	engine-auto	
คลินิกหมอหัวใจ	Khlinik mo hua chai	kli~ nik~ mɔ̄ˊ hūaˊ jai	心臟科診所	engine-auto	
โรงเรียนรัฐบาล	Rongrian ratthaban	rōng rīan rat~ bhān	公立學校	engine-auto	
รัฐบาล	Ratthaban	rat~ bhān	政府	engine-auto	
แย่	Yae	yɛ̄ˋ	糟糕	engine-auto	
เรียนพิเศษ	Rian phiset	rīan pi~ sētˇ	補習	engine-auto	
เคยไปเรียนพิเศษไหมคะ	Khoei pai rian phiset mai kha	kə̄i bai rīan pi~ sētˇ maiˊ ka~	有去過補習嗎？	engine-auto	
สอบ	Sop	sɔ̄pˇ	考試	engine-auto	
เข้า	Khao	kāuˋ	進入	book-exact	(book-exact已用引擎重新驗證)
สอบกลางเทอม	Sop klang thoem	sɔ̄pˇ glāng tə̄m	期中考	engine-auto	
สอบติด	Sop tit	sɔ̄pˇ ditˇ	考上	engine-auto	
สอบผ่าน	Sop phan	sɔ̄pˇ pānˇ	考試通過	engine-auto	
สอบตก	Sop tok	sɔ̄pˇ dokˇ	考試不及格	engine-auto	
มีการสอบ	Mi kan sop	mī gān sɔ̄pˇ	有考試	engine-auto	
ข้อสอบ	Kho sop	kɔ̄ˋ sɔ̄pˇ	考題	engine-auto	
ข้อสอบยาก	Kho sop yak	kɔ̄ˋ sɔ̄pˇ yākˋ	考題很難	engine-auto	
ปริญญา	Parinya	brin yā	學位	book-exact	(book-exact已用引擎重新驗證)
ปริญญาตรี	Parinya tri	brin yā drī	學士學位	engine-auto	
ปริญญาโท	Parinya tho	brin yā tō	碩士學位	engine-auto	
ปริญญาเอก	Parinya ek	brin yā ēkˇ	博士學位	engine-auto	
ไม้เอก	Mai ek	mai~ ēkˇ	第一聲調符號	engine-auto	
ไม้โท	Mai tho	mai~ tō	第二聲調符號	engine-auto	
ไม้ตรี	Mai tri	mai~ drī	第三聲調符號	engine-auto	
ไม้จัตวา	Mai chattawa	mai~ jatˇ wā	第四聲調符號	engine-auto	
ต่อ	To	dɔ̄ˇ	繼續	engine-auto	
โท	Tho	tō	碩士（簡稱）	engine-auto	
คิดจะ	Khit cha	kit~ jaˇ	打算	engine-auto	
ไปเรียน	Pai rian	bai rīan	去唸書	engine-auto	
เอก	Ek	ēkˇ	博士（簡稱）	book-exact	(book-exact已用引擎重新驗證)
เมืองนอก	Mueang nok	mɯ̄ang nɔ̄kˋ	國外	engine-auto	
คิดจะไปเรียนเอกที่เมืองนอก	Khit cha pai rian ek thi mueang nok	kit~ jaˇ bai rīan ēkˇ tīˋ mɯ̄ang nɔ̄kˋ	打算去國外唸博士	book-exact	(book-exact已用引擎重新驗證)
ผู้จัดการ	Phu chat kan	pūˋ jatˇ gān	經理	engine-auto	
ผู้จัดการเข้าโรงงานตอนไหน	Phu chat kan khao rong ngan ton nai	pūˋ jatˇ gān kāuˋ rōng ngān dɔ̄n naiˊ	經理什麼時候進工廠？	engine-auto	
อาการหนัก	Akan nak	ā gān nakˇ	症狀嚴重	engine-auto	
ชั้น	Chan	chan~	層/年級	engine-auto	
ชั้น 8	Chan paet	chan~ 8	第八層	engine-auto	
ตอนนี้เรียนอยู่ชั้นอะไร	Ton ni rian yu chan arai	dɔ̄n nī~ rīan yūˋ chan~ aˇ rai	現在讀幾年級？	engine-auto	
ปีที่เท่าไหร่	Pi thi thaorai	bī tīˋ tāuˋ raiˇ	第幾年（大學用）	book-exact	(book-exact已用引擎重新驗證)
ตอนนี้เรียนปีที่เท่าไหร่	Ton ni rian pi thi thaorai	dɔ̄n nī~ rīan bī tīˋ tāuˋ raiˇ	現在讀（大學）幾年級？	engine-auto	
อีกสองอาทิตย์เจอกันนะคะ	Ik song athit choe kan na kha	īkˇ sɔ̄ngˊ ā tit~ jə̄ gan na~ ka~	兩週後見	engine-auto	
ฉันเดินไปโรงเรียน	chan doen pai rong rian	chanˊ dhə̄n bai rōng rīan	我走路去學校	engine-auto	
นั่งเรือไปโรงเรียน	nang ruea pai rong rian	nangˋ rɯ̄a bai rōng rīan	搭船去學校	engine-auto	
โรงงาน	rong ngan	rōng ngān	工廠	engine-auto	
โรงงานอยู่เมืองไทย	rong ngan yu mueang thai	rōng ngān yūˋ mɯ̄ang tai	工廠在泰國	engine-auto	
โรงงานอยู่ใกล้ที่ไหน	rong ngan yu klai thi nai	rōng ngān yūˋ glaiˋ tīˋ naiˊ	工廠靠近哪裡？	engine-auto	
โรงงานอยู่แถวไหน	rong ngan yu thaeo nai	rōng ngān yūˋ tɛ̄uˊ naiˊ	工廠在哪一帶？	engine-auto	
คนงาน	khon ngan	kon ngān	工人	engine-auto	
โรงงานมีคนงานกี่คน	rong ngan mi khon ngan ki khon	rōng ngān mī kon ngān gīˇ kon	工廠有幾個工人？	engine-auto	
โรงงานมีคนงานพันคน	rong ngan mi khon ngan phan khon	rōng ngān mī kon ngān pan kon	工廠有一千個工人	engine-auto	
โรงแรม	rong raem	rōng rɛ̄m	飯店/旅館	engine-auto	
เขาพักโรงแรมห้าดาวค่ะ	khao phak rong raem ha dao kha	kāuˊ pak~ rōng rɛ̄m hāˋ dhāu kaˋ	他住五星級飯店	engine-auto	
เขาพักโรงแรมห้าดาว	khao phak rong raem ha dao	kāuˊ pak~ rōng rɛ̄m hāˋ dhāu	他住五星級飯店	engine-auto	
ติด	tit	ditˇ	緊鄰/靠近	engine-auto	
รถติด	rot tit	rot~ ditˇ	塞車	engine-auto	
สถานีรถไฟฟ้า	sa tha ni rot fai fa	saˇ tāˊ nī rot~ fai fā~	捷運站	engine-auto	
โรงแรมติดสถานีรถไฟฟ้า	rong raem tit sa tha ni rot fai fa	rōng rɛ̄m ditˇ saˇ tāˊ nī rot~ fai fā~	飯店緊鄰捷運站	engine-auto	
จองโรงแรมที่ Agoda ถูกกว่า	chong rong raem thi Agoda thuk kwa	jɔ̄ng rōng rɛ̄m tīˋ Agoda tūkˇ gwāˇ	在Agoda訂飯店比較便宜	engine-auto	
จองโรงแรมใน Agoda ถูกกว่า	chong rong raem nai Agoda thuk kwa	jɔ̄ng rōng rɛ̄m nai Agoda tūkˇ gwāˇ	在Agoda訂飯店比較便宜	engine-auto	
อาการ	a kan	ā gān	症狀 / 病情	engine-auto	
หนัก	nak	nakˇ	嚴重 / 重	engine-auto	
โรงบาล	rong ban	rōng bhān	醫院（口語）	engine-auto	
อาการหนักต้องนอนโรงบาล	a kan nak tong non rong ban	ā gān nakˇ dɔ̄ngˋ nɔ̄n rōng bhān	症狀嚴重必須住院（口語）	engine-auto	
แถวนี้มีโรงบาลมั้ย	thaeo ni mi rong ban mai	tɛ̄uˊ nī~ mī rōng bhān mai~	這附近有醫院嗎？（口語）	engine-auto	
ให้ทาง	hai thang	haiˋ tāng	讓路	engine-auto	
พยาบาล	pha ya ban	pa~ yā bhān	護士 / 護理師	book-exact	(book-exact已用引擎重新驗證)
พาเพื่อนไปหาหมอ	pha phuean pai ha mo	pā pɯ̄anˋ bai hāˊ mɔ̄ˊ	帶朋友去看醫生	engine-auto	
เพื่อนฉันอาการเป็นยังไงบ้างคะ	phuean chan a kan pen yang ngai bang kha	pɯ̄anˋ chanˊ ā gān ben yang ngai bhāngˋ ka~	我朋友的狀況怎麼樣？（女性問）	engine-auto	
เพื่อนคุณอาการหนักมาก	phuean khun a kan nak mak	pɯ̄anˋ kun ā gān nakˇ mākˋ	你朋友的症狀非常嚴重	engine-auto	
อาการไม่หนัก	a kan mai nak	ā gān maiˋ nakˇ	症狀不嚴重	engine-auto	
คลินิก	khli nik	kli~ nik~	診所	book-exact	(book-exact已用引擎重新驗證)
คลินิกฟัน	khli nik fan	kli~ nik~ fan	牙科診所	engine-auto	
คลินิกเด็ก	khli nik dek	kli~ nik~ dhekˇ	小兒科診所	engine-auto	
โรงหนัง	rong nang	rōng nangˊ	電影院	engine-auto	
โรงหนังมีหลายแบบ	rong nang mi lai baep	rōng nangˊ mī lāiˊ bhɛ̄pˇ	電影院有好幾種	engine-auto	
เคยไปโรงหนังที่เมืองไทยไหมคะ	khoei pai rong nang thi mueang thai mai kha	kə̄i bai rōng nangˊ tīˋ mɯ̄ang tai maiˊ ka~	去過泰國的電影院嗎？	engine-auto	
โรงพัก	rong phak	rōng pak~	派出所 / 警察局	engine-auto	
คุณต้องไปโรงพัก	khun tong pai rong phak	kun dɔ̄ngˋ bai rōng pak~	你得去派出所	engine-auto	
ทำไมฉันต้องไปโรงพัก	tham mai chan tong pai rong phak	tam mai chanˊ dɔ̄ngˋ bai rōng pak~	為什麼我要去派出所？	engine-auto	
ซ่อมนาฬิกา	som na li ka	sɔ̄mˋ nā li~ gā	修手錶	engine-auto	
ร้านซ่อมนาฬิกา	ran som na li ka	rān~ sɔ̄mˋ nā li~ gā	鐘錶修理店	engine-auto	
เคยไปซ่อมนาฬิกาไหมคะ	khoei pai som na li ka mai kha	kə̄i bai sɔ̄mˋ nā li~ gā maiˊ ka~	去過修手錶嗎？	engine-auto	
ร้านซ่อมรองเท้า	ran som rong thao	rān~ sɔ̄mˋ rɔ̄ng tāu~	鞋子修理店	engine-auto	
รองเท้าเสีย เอาไปซ่อม หรือ ซื้อใหม่	rong thao sia ao pai som rue sue mai	rɔ̄ng tāu~ sīaˊ au bai sɔ̄mˋ rɯ̄ˊ sɯ̄~ maiˇ	鞋子壞了，拿去修還是買新的？	engine-auto	
ร้านซ่อมคอมพิวเตอร์	ran som khom phiu toe	rān~ sɔ̄mˋ kɔ̄m piw də̄	電腦修理店	engine-auto	
ซ่อมไม่เป็นเลย	som mai pen loei	sɔ̄mˋ maiˋ ben lə̄i	完全不會修	engine-auto	
ซ่อมไม่ได้แล้ว ต้องซื้อใหม่	som mai dai laeo tong sue mai	sɔ̄mˋ maiˋ dhaiˋ lɛ̄u~ dɔ̄ngˋ sɯ̄~ maiˇ	修不好了，必須買新的	engine-auto	
โรงพิมพ์	rong phim	rōng pim	印刷廠	engine-auto	
พิมพ์	phim	pim	打字	book-exact	(book-exact已用引擎重新驗證)
ฉันพิมพ์ภาษาจีนช้ามาก	chan phim pha sa chin cha mak	chanˊ pim pā sāˊ jīn chā~ mākˋ	我打中文很慢	engine-auto	
พิมพ์ภาษาจีนช้าไหม	phim pha sa chin cha mai	pim pā sāˊ jīn chā~ maiˊ	你打中文很慢嗎？	engine-auto	
ฉันพิมพ์ภาษาไทยไม่เป็น	chan phim pha sa thai mai pen	chanˊ pim pā sāˊ tai maiˋ ben	我不會打泰文字	engine-auto	
รัฐบาล	rat tha ban	rat~ bhān	政府 / 公立	engine-auto	
โรงเรียนรัฐบาล	rong rian rat tha ban	rōng rīan rat~ bhān	公立學校	engine-auto	
ปิดเทอมเมื่อไหร่	pit thoem muea rai	bitˇ tə̄m mɯ̄aˋ raiˇ	什麼時候放假？	engine-auto	
โรงเรียนรัฐบาลปิดเทอมเมื่อไหร่	rong rian rat tha ban pit thoem muea rai	rōng rīan rat~ bhān bitˇ tə̄m mɯ̄aˋ raiˇ	公立學校什麼時候放假？	engine-auto	
ที่ไต้หวันล่ะคะ โรงเรียนรัฐบาลปิดเทอมเมื่อไหร่คะ	thi tai wan la kha rong rian rat tha ban pit thoem muea rai kha	tīˋ daiˋ wanˊ laˋ ka~ rōng rīan rat~ bhān bitˇ tə̄m mɯ̄aˋ raiˇ ka~	台灣呢？公立學校什麼時候放假呢？	engine-auto	
ปิดเทอมเดือนเจ็ดเดือนแปด	pit thoem duean chet duean paet	bitˇ tə̄m dhɯ̄an jetˇ dhɯ̄an bɛ̄tˇ	七、八月放假	engine-auto	
คนไข้	khon khai	kon kaiˋ	病人	engine-auto	
ไข้	khai	kaiˋ	發燒	engine-auto	
ค่าเทอม	kha thoem	kāˋ tə̄m	學費（學期費）	engine-auto	
ค่าเรียน	kha rian	kāˋ rīan	學費	engine-auto	
สอบกลางเทอมยากมาก	sop klang thoem yak mak	sɔ̄pˇ glāng tə̄m yākˋ mākˋ	期中考非常難	engine-auto	
สอบไม่ผ่าน	sop mai phan	sɔ̄pˇ maiˋ pānˇ	考試不及格	engine-auto	
นักเรียนหลายคนสอบไม่ผ่าน	nak rian lai khon sop mai phan	nak~ rīan lāiˊ kon sɔ̄pˇ maiˋ pānˇ	很多學生考試不及格	engine-auto	
ผู้จัดการ	phu chat kan	pūˋ jatˇ gān	經理 / 經紀人	engine-auto	
ผู้จัดการเข้าโรงงานตรงเวลามาก	phu chat kan khao rong ngan trong we la mak	pūˋ jatˇ gān kāuˋ rōng ngān drong wē lā mākˋ	經理非常準時進工廠	engine-auto	
ดารา	da ra	dhā rā	明星	engine-auto	
ผู้จัดการดารา	phu chat kan da ra	pūˋ jatˇ gān dhā rā	明星的經紀人	engine-auto	
นักร้อง	nak rong	nak~ rɔ̄ng~	歌手	engine-auto	
ผู้จัดการนักร้อง	phu chat kan nak rong	pūˋ jatˇ gān nak~ rɔ̄ng~	歌手的經紀人	engine-auto	
ปริญญา	pa rin ya	brin yā	學位 / 學歷	book-exact	(book-exact已用引擎重新驗證)
เริ่ม	roem	rə̄mˋ	開始	engine-auto	
เริ่มงาน	roem ngan	rə̄mˋ ngān	開始工作 / 上班	engine-auto	
เริ่มงานกี่โมง	roem ngan ki mong	rə̄mˋ ngān gīˇ mōng	幾點開始工作？	engine-auto	
เริ่มงานกี่โมงคะ	roem ngan ki mong kha	rə̄mˋ ngān gīˇ mōng ka~	幾點開始工作呢？（女性語氣）	engine-auto	
ไม่แน่นอน	mai nae non	maiˋ nɛ̄ˋ nɔ̄n	不一定	engine-auto	
เริ่มเรียน	roem rian	rə̄mˋ rīan	開始上課	engine-auto	
เริ่มเรียน 2 ทุ่มครึ่ง	roem rian song thum krueng	rə̄mˋ rīan 2 tumˋ krɯngˋ	晚上八點半開始上課	engine-auto	
เริ่มเรียนภาษาไทยตั้งแต่เมื่อไหร่	roem rian pha sa thai tang tae muea rai	rə̄mˋ rīan pā sāˊ tai dangˋ dɛ̄ˇ mɯ̄aˋ raiˇ	從什麼時候開始學泰文？	engine-auto	
เริ่มเรียนภาษาไทยตั้งแต่เมื่อไหร่คะ	roem rian pha sa thai tang tae muea rai kha	rə̄mˋ rīan pā sāˊ tai dangˋ dɛ̄ˇ mɯ̄aˋ raiˇ ka~	從什麼時候開始學泰文呢？（女性語氣）	engine-auto	
ฉันเริ่มเรียนภาษาไทยตั้งแต่ปีที่แล้ว	chan roem rian pha sa thai tang tae pi thi laeo	chanˊ rə̄mˋ rīan pā sāˊ tai dangˋ dɛ̄ˇ bī tīˋ lɛ̄u~	我從去年開始學泰文	engine-auto	
เริ่มฟังเข้าใจแล้ว	roem fang khao chai laeo	rə̄mˋ fang kāuˋ jai lɛ̄u~	開始聽得懂了	engine-auto	
เริ่มพูดเก่งแล้ว	roem phut keng laeo	rə̄mˋ pūtˋ gēngˇ lɛ̄u~	開始很會講話了	engine-auto	
ไปหาหมอ	pai ha mo	bai hāˊ mɔ̄ˊ	看醫生	engine-auto	
2-3 วันที่แล้ว	song sam wan thi laeo	2-3 wan tīˋ lɛ̄u~	兩三天前	engine-auto	
ประชุม	pra chum	braˇ chum	開會 / 會議	engine-auto	
ประชุมเริ่มกี่โมง	pra chum roem ki mong	braˇ chum rə̄mˋ gīˇ mōng	會議幾點開始？	engine-auto	
เลิก	loek	lə̄kˋ	結束 / 停止 / 戒	engine-auto	
เลิกงาน	loek ngan	lə̄kˋ ngān	下班	engine-auto	
เลิกเรียน	loek rian	lə̄kˋ rīan	下課 / 放學	engine-auto	
เลิกเรียนแล้ว	loek rian laeo	lə̄kˋ rīan lɛ̄u~	下課了 / 放學了	engine-auto	
เลิกกินเหล้า	loek kin lao	lə̄kˋ gin lāuˋ	戒酒	engine-auto	
เลิกสูบบุหรี่	loek sup bu ri	lə̄kˋ sūpˇ bhuˇ rīˇ	戒菸	engine-auto	
สูบ	sup	sūpˇ	抽（菸）	engine-auto	
บุหรี่	bu ri	bhuˇ rīˇ	香菸	engine-auto	
เลิกบุหรี่	loek bu ri	lə̄kˋ bhuˇ rīˇ	戒菸（省略吸）	engine-auto	
เลิกเหล้า	loek lao	lə̄kˋ lāuˋ	戒酒（省略喝）	engine-auto	
เลิกกัน	loek kan	lə̄kˋ gan	分手 / 分開	engine-auto	
ไหว	wai	waiˊ	受得了 / 可以	engine-auto	
เดินไหวไหม	doen wai mai	dhə̄n waiˊ maiˊ	走得動嗎？ / 走得了嗎？	engine-auto	
ขับรถไม่ไหว	khap rot mai wai	kapˇ rot~ maiˋ waiˊ	開車開不動了	engine-auto	
ไม่ไหว	mai wai	maiˋ waiˊ	受不了	engine-auto	
ไม่ไหวแล้ว	mai wai laeo	maiˋ waiˊ lɛ̄u~	受不了了	engine-auto	
กระเป๋าหนัก ถือไม่ไหว	kra pao nak thue mai wai	graˇ bāuˊ nakˇ tɯ̄ˊ maiˋ waiˊ	包包很重，拿不動	engine-auto	
เดินไหว	doen wai	dhə̄n waiˊ	走得動	engine-auto	
ถือไหว	thue wai	tɯ̄ˊ waiˊ	拿得動	engine-auto	
ถือไม่ไหว	thue mai wai	tɯ̄ˊ maiˋ waiˊ	拿不動	engine-auto	
เดินไม่ไหว	doen mai wai	dhə̄n maiˋ waiˊ	走不動	engine-auto	
อิ่มมาก กินไม่ไหว	im mak kin mai wai	imˇ mākˋ gin maiˋ waiˊ	很飽，吃不下	engine-auto	
อิ่มมาก กินไม่ไหวแล้ว	im mak kin mai wai laeo	imˇ mākˋ gin maiˋ waiˊ lɛ̄u~	很飽，吃不下了	engine-auto	
ลา	la	lā	請假 / 告辭	engine-auto	
ลางาน	la ngan	lā ngān	請假（工作）	engine-auto	
ลางานสองอาทิตย์	la ngan song a thit	lā ngān sɔ̄ngˊ ā tit~	請假兩個星期	engine-auto	
ลากิจ	la kit	lā gitˇ	請事假	engine-auto	
ธุรกิจ	thu ra kit	tun gitˇ	生意	book-exact	(book-exact已用引擎重新驗證)
ลาแต่งงาน	la taeng ngan	lā dɛ̄ngˇ ngān	請婚假	engine-auto	
ลาป่วย	la puai	lā būayˇ	請病假	engine-auto	
ป่วย	puai	būayˇ	生病	engine-auto	
เขาป่วยสามวันแล้ว	khao puai sam wan laeo	kāuˊ būayˇ sāmˊ wan lɛ̄u~	他生病三天了	engine-auto	
ลาออก	la ok	lā ɔ̄kˇ	離職	engine-auto	
ไม่ไหวแล้ว ลาออกดีกว่า	mai wai laeo la ok di kwa	maiˋ waiˊ lɛ̄u~ lā ɔ̄kˇ dhī gwāˇ	受不了了，離職比較好	engine-auto	
ลาพักร้อนประจำปี	la phak ron pra cham pi	lā pak~ rɔ̄n~ braˇ jam bī	請特休 / 年假	engine-auto	
พักร้อน	phak ron	pak~ rɔ̄n~	特休 / 消暑	engine-auto	
ประจำปี	pra cham pi	braˇ jam bī	每年的 / 固定的	engine-auto	
ขอลาพักร้อนค่ะ	kho la phak ron kha	kɔ̄ˊ lā pak~ rɔ̄n~ kaˋ	我想請特休（女性語氣）	engine-auto	
ฉันอยากลาพักร้อน	chan yak la phak ron	chanˊ yākˋ lā pak~ rɔ̄n~	我想請特休	engine-auto	
จ่าย	chai	jāiˇ	付 / 支付	engine-auto	
จ่ายเงิน	chai ngat	jāiˇ ngə̄n	付錢	engine-auto	
จ่ายเงินหรือยัง	chai ngat rue yang	jāiˇ ngə̄n rɯ̄ˊ yang	付錢了嗎？	engine-auto	
เงินสด	ngat sot	ngə̄n sotˇ	現金	engine-auto	
จ่ายสด	chai sot	jāiˇ sotˇ	付現	engine-auto	
ต้องจ่ายสดค่ะ	tong chai sot kha	dɔ̄ngˋ jāiˇ sotˇ kaˋ	必須付現	engine-auto	
จ่ายเช็ค	chai chek	jāiˇ chek~	付支票	engine-auto	
ค่า	kha	kāˋ	費用	book-exact	(book-exact已用引擎重新驗證)
จ่ายค่าน้ำ	chai kha nam	jāiˇ kāˋ nām~	付水費	engine-auto	
จ่ายค่าไฟ	chai kha fai	jāiˇ kāˋ fai	付電費	engine-auto	
จ่ายค่าไฟเท่าไหร่คะ	chai kha fai thao rai kha	jāiˇ kāˋ fai tāuˋ raiˇ ka~	電費多少錢？	engine-auto	
ไปจ่ายตลาด	pai chai ta lat	bai jāiˇ daˇ lātˋ	去市場買菜 / 去上街	engine-auto	
ชอบไปจ่ายตลาดไหมคะ	chop pai chai ta lat mai kha	chɔ̄pˋ bai jāiˇ daˇ lātˋ maiˊ ka~	喜歡去市場買菜嗎？	engine-auto	
ชอบไปจ่ายตลาดมาก	chop pai chai ta lat mak	chɔ̄pˋ bai jāiˇ daˇ lātˋ mākˋ	非常喜歡去市場買菜	engine-auto	
วันจ่าย	wan chai	wan jāiˇ	除夕（春節）	engine-auto	
ทอน	thon	tɔ̄n	找錢 / 找	engine-auto	
ต้องทอนเท่าไหร่	tong thon thao rai	dɔ̄ngˋ tɔ̄n tāuˋ raiˇ	要找多少錢？	engine-auto	
ต้องทอนเท่าไหร่	tong thon thao rai	dɔ̄ngˋ tɔ̄n tāuˋ raiˇ	要找多少錢呢？	engine-auto	
ทอนเงิน	thon ngat	tɔ̄n ngə̄n	找（錢）	engine-auto	
ต้องทอน 40 บาท	tong thon si sip bat	dɔ̄ngˋ tɔ̄n 40 bhātˇ	要找40元	engine-auto	
ไม่ต้องทอน	mai tong thon	maiˋ dɔ̄ngˋ tɔ̄n	不用找	engine-auto	
ให้ทิป	hai thip	haiˋ tip~	給小費	engine-auto	
ทิป	thip	tip~	小費	engine-auto	
เงินทอน	ngat thon	ngə̄n tɔ̄n	找回來的錢（名詞）	engine-auto	
นี่เงินทอนค่ะ	ni ngat thon kha	nīˋ ngə̄n tɔ̄n kaˋ	這是找您的錢	engine-auto	
เงินทอน	ngat thon	ngə̄n tɔ̄n	找回來的錢	engine-auto	
เพิ่ม	phoem	pə̄mˋ	增加 / 外加	engine-auto	
สั่งอะไรเพิ่มไหม	sang a rai phoem mai	sangˇ aˇ rai pə̄mˋ maiˊ	還要再點什麼嗎？	engine-auto	
อยากสั่งอะไรเพิ่มไหม	yak sang a rai phoem mai	yākˋ sangˇ aˇ rai pə̄mˋ maiˊ	想要再加點什麼嗎？	engine-auto	
ไม่ต้องแล้ว	mai tong laeo	maiˋ dɔ̄ngˋ lɛ̄u~	不用了	engine-auto	
พอแล้ว	pho laeo	pɔ̄ lɛ̄u~	夠了	engine-auto	
ฉันธุรกิจต้องเพิ่มเงินอีกห้าพันกว่า	chan thu ra kit tong phoem nguen ik ha phan kwa	chanˊ tun gitˇ dɔ̄ngˋ pə̄mˋ ngə̄n īkˇ hāˋ pan gwāˇ	我生意需要再增加五千多元	engine-auto	
กว่า	kwa	gwāˇ	多（放數字後面）	engine-auto	
อายุสามสิบกว่า	a yu sam sip kwa	ā yu~ sāmˊ sipˇ gwāˇ	三十多歲	engine-auto	
เงินหาย	nguen hai	ngə̄n hāiˊ	錢不見了	engine-auto	
หาย	hai	hāiˊ	不見 / 消失 / 痊癒	engine-auto	
เคยเงินหายไหม	khoei nguen hai mai	kə̄i ngə̄n hāiˊ maiˊ	曾經錢不見過嗎？	engine-auto	
กระเป๋าหาย	kra pao hai	graˇ bāuˊ hāiˊ	包包不見了	engine-auto	
หายไปไหนมา	hai pai nai ma	hāiˊ bai naiˊ mā	消失去哪裡了？	engine-auto	
สบายดีไหม	sa bai di mai	saˇ bhāi dhī maiˊ	你好嗎？	engine-auto	
คิดถึงจังเลย	khit thueng chang loei	kit~ tɯngˊ jang lə̄i	好想你喔	engine-auto	
หายเจ็บ	hai chep	hāiˊ jepˇ	不痛了	engine-auto	
เจ็บ	chep	jepˇ	痛	engine-auto	
หายเจ็บหรือยัง	hai chep rue yang	hāiˊ jepˇ rɯ̄ˊ yang	不痛了嗎？ / 痛好了沒？	engine-auto	
หายหิวหรือยัง	hai hiu rue yang	hāiˊ hiwˊ rɯ̄ˊ yang	不餓了嗎？	engine-auto	
ยัง	yang	yang	還沒	engine-auto	
ยังหิว	yang hiu	yang hiwˊ	還很餓	engine-auto	
หายคิดถึงหรือยัง	hai khit thueng rue yang	hāiˊ kit~ tɯngˊ rɯ̄ˊ yang	不想念了嗎？	engine-auto	
หายแล้ว	hai laeo	hāiˊ lɛ̄u~	好了 / 痊癒了	engine-auto	
ประจำ	pra cham	braˇ jam	固定的 / 常常的	engine-auto	
ประจำเดือน	pra cham duean	braˇ jam dhɯ̄an	月經	engine-auto	
ผู้หญิงมีประจำเดือน	phu ying mi pra cham duean	pūˋ yingˊ mī braˇ jam dhɯ̄an	女人有月經	engine-auto	
รถประจำทาง	rot pra cham thang	rot~ braˇ jam tāng	公車（正式）	engine-auto	
รถเมล์	rot me	rot~ mē	公車（口語）	engine-auto	
เคยนั่งรถประจำทางไหมคะ	khoei nang rot pra cham thang mai kha	kə̄i nangˋ rot~ braˇ jam tāng maiˊ ka~	曾搭過公車嗎？	engine-auto	
โรค	rok	rōkˋ	疾病	book-exact	(book-exact已用引擎重新驗證)
โรคเบาหวาน	rok bao wan	rōkˋ bhāu wānˊ	糖尿病	engine-auto	
โรคหัวใจ	rok hua chai	rōkˋ hūaˊ jai	心臟病	engine-auto	
โรคมะเร็ง	rok ma reng	rōkˋ ma~ reng	癌症	engine-auto	
ไม่มีโรคประจำตัวนะคะ	mai mi rok pra cham tua na kha	maiˋ mī rōkˋ braˇ jam dūa na~ ka~	沒有慢性病呢	engine-auto	
ยาประจำบ้าน	ya pra cham ban	yā braˇ jam bhānˋ	家庭常備藥	engine-auto	
ที่บ้านของคุณมียาประจำบ้านไหมคะ	thi ban khon khun mi ya pra cham ban mai kha	tīˋ bhānˋ kɔ̄ngˊ kun mī yā braˇ jam bhānˋ maiˊ ka~	你家有家庭常備藥嗎？	engine-auto	
บ้านผมมียาประจำบ้านครับ	ban phom mi ya pra cham ban khrap	bhānˋ pomˊ mī yā braˇ jam bhānˋ krap~	我家有家庭常備藥（男性自稱）	engine-auto	
สุขภาพ	suk kha phap	sukˇ pāpˋ	健康	book-exact	(book-exact已用引擎重新驗證)
ขอให้สุขภาพแข็งแรง	kho hai suk kha phap khaeng raeng	kɔ̄ˊ haiˋ sukˇ pāpˋ kɛngˊ rɛ̄ng	祝你身體健康	engine-auto	
ลูกค้าประจำ	luk kha pra cham	lūkˋ kā~ braˇ jam	常客	engine-auto	
ร้านประจำ	ran pra cham	rān~ braˇ jam	常去的店	engine-auto	
งานประจำ	ngan pra cham	ngān braˇ jam	正職 / 全職工作	engine-auto	
งานพาร์ทไทม์	ngan phat thaim	ngān pātˋ tai	兼職工作（Part-time）	engine-auto	
มาสายเป็นประจำ	ma sai pen pra cham	mā sāiˊ ben braˇ jam	經常遲到（固定地）	engine-auto	
มาสายประจำ	ma sai pra cham	mā sāiˊ braˇ jam	經常遲到（簡稱）	engine-auto	
ฉันคิดว่า	chan khit wa	chanˊ kit~ wāˋ	我認為（女性自稱）	engine-auto	
ฉันหวังว่า	chan wang wa	chanˊ wangˊ wāˋ	我希望（女性自稱）	engine-auto	
หวัง	wang	wangˊ	希望 / 盼望	engine-auto	
ฉันหวังว่าพรุ่งนี้จะเป็นเศรษฐี	chan wang wa phrung ni cha pen set thi	chanˊ wangˊ wāˋ prungˋ nī~ jaˇ ben srētˇ tīˊ	我希望明天會變成大富翁（女性自稱）	engine-auto	
หาเงิน	ha nguen	hāˊ ngə̄n	賺錢	engine-auto	
นั่น	nan	nanˋ	นั่น	engine-auto	
ก็	ko	gɔ̄ˋ	就	engine-auto	
นี่หมายความว่า	ni mai khwam wa	nīˋ māiˊ kwām wāˋ	這意思是 / 這意味著	engine-auto	
นี่	ni	nīˋ	這	engine-auto	
หมายความ	mai khwam	māiˊ kwām	意思	engine-auto	
นี่หมายความว่าห้ามเข้า	ni mai khwam wa ham khao	nīˋ māiˊ kwām wāˋ hāmˋ kāuˋ	這是禁止進入的意思	engine-auto	
นี่หมายความว่าอะไร	ni mai khwam wa a rai	nīˋ māiˊ kwām wāˋ aˇ rai	這是什麼意思？	engine-auto	
นี่หมายความว่าห้ามจอด	ni mai khwam wa ham chot	nīˋ māiˊ kwām wāˋ hāmˋ jɔ̄tˇ	這是禁止停車的意思	engine-auto	
นี่หมายความว่าห้ามเลี้ยวซ้าย	ni mai khwam wa ham liao sai	nīˋ māiˊ kwām wāˋ hāmˋ līau~ sāi~	這是禁止左轉的意思	engine-auto	
คำนี้หมายความว่าอะไร	kham ni mai khwam wa a rai	kam nī~ māiˊ kwām wāˋ aˇ rai	這個字是什麼意思？	engine-auto	
ไว้	wai	wai~	著（置於動詞後）	engine-auto	
ทิ้งไว้	thing wai	ting~ wai~	丟著（在某處）	engine-auto	
ก่อน	kon	gɔ̄nˇ	先 / 以前	book-exact	(book-exact已用引擎重新驗證)
นอนหลับฝันดีนะคะ อาทิตย์หน้าเจอกันค่ะ ขอบคุณนะคะ	non lap fan di na kha a thit na choe kan kha khop khun na kha	nɔ̄n lapˇ fanˊ dhī na~ ka~ ā tit~ nāˋ jə̄ gan kaˋ kɔ̄pˇ kun na~ ka~	祝大家有個好夢，下週見，謝謝大家	engine-auto	
โรงเรียน	rong rian	rōng rīan	學校	engine-auto	
โรงแรม	rong raem	rōng rɛ̄m	飯店	engine-auto	
โรงงาน	rong ngan	rōng ngān	工廠	engine-auto	
โรงหนัง	rong nang	rōng nangˊ	電影院	engine-auto	
เริ่ม	roem	rə̄mˋ	開始	engine-auto	
เริ่มทำงาน	roem tham ngan	rə̄mˋ tam ngān	開始上班	engine-auto	
เริ่มเรียนภาษาไทย	roem rian pha sa thai	rə̄mˋ rīan pā sāˊ tai	開始學泰文	engine-auto	
เริ่มกี่โมง	roem ki mong	rə̄mˋ gīˇ mōng	幾點開始	engine-auto	
รถไฟฟ้า	rot fai fa	rot~ fai fā~	捷運 / 電車	engine-auto	
ที่ไทเป	thi thai pe	tīˋ tai bē	在台北	engine-auto	
รถไฟฟ้าที่ไทเปเริ่มกี่โมง	rot fai fa thi thai pe roem ki mong	rot~ fai fā~ tīˋ tai bē rə̄mˋ gīˇ mōng	台北的捷運幾點開始？	engine-auto	
รถไฟฟ้าที่ไทเปเริ่มหกโมงเช้า	rot fai fa thi thai pe roem hok mong chao	rot~ fai fā~ tīˋ tai bē rə̄mˋ hokˇ mōng chāu~	台北的捷運早上六點開始	engine-auto	
เริ่มขายเหล้ากี่โมง	roem khai lao ki mong	rə̄mˋ kāiˊ lāuˋ gīˇ mōng	幾點開始賣酒？	engine-auto	
เริ่มขายเหล้าสิบเอ็ดโมง	roem khai lao sip et mong	rə̄mˋ kāiˊ lāuˋ sipˇ etˇ mōng	十一點開始賣酒	engine-auto	
เลิก	loek	lə̄kˋ	結束 / 下班 / 下課 / 戒	engine-auto	
เลิกงาน	loek ngan	lə̄kˋ ngān	下班	engine-auto	
เลิกเรียน	loek rian	lə̄kˋ rīan	下課	engine-auto	
เลิกงานหรือยัง	loek ngan rue yang	lə̄kˋ ngān rɯ̄ˊ yang	下班了嗎？	engine-auto	
เลิกงานแล้ว	loek ngan laeo	lə̄kˋ ngān lɛ̄u~	已經下班了	engine-auto	
ยังไม่เลิกงาน	yang mai loek ngan	yang maiˋ lə̄kˋ ngān	還沒下班	engine-auto	
เลิกเหล้า	loek lao	lə̄kˋ lāuˋ	戒酒	engine-auto	
เลิกบุหรี่	loek buri	lə̄kˋ bhuˇ rīˇ	戒菸	engine-auto	
ตั้งใจจะ	tang chai cha	dangˋ jai jaˇ	打算 / 決定	engine-auto	
ปีนี้ตั้งใจจะเลิก	pi ni tang chai cha loek	bī nī~ dangˋ jai jaˇ lə̄kˋ	今年打算要戒掉...	engine-auto	
ปีนี้ตั้งใจจะเลิกขี้เกียจ	pi ni tang chai cha loek khi kiet	bī nī~ dangˋ jai jaˇ lə̄kˋ kīˋ gīatˇ	今年打算改掉懶惰的習慣	engine-auto	
ปีนี้ตั้งใจจะเลิกมาสาย	pi ni tang chai cha loek ma sai	bī nī~ dangˋ jai jaˇ lə̄kˋ mā sāiˊ	今年打算改掉遲到的習慣	engine-auto	
ปีนี้ตั้งใจจะเลิกตื่นสาย	pi ni tang chai cha loek tuen sai	bī nī~ dangˋ jai jaˇ lə̄kˋ dɯ̄nˇ sāiˊ	今年打算改掉晚起的習慣	engine-auto	
ปีนี้ตั้งใจจะเลิกนอนดึก	pi ni tang chai cha loek non duek	bī nī~ dangˋ jai jaˇ lə̄kˋ nɔ̄n dhɯkˇ	今年打算改掉熬夜的習慣	engine-auto	
ไหว	wai	waiˊ	得（動詞後，表示能力）	engine-auto	
ไม่ไหว	mai wai	maiˋ waiˊ	不行了 / 受不了 / ...不了	engine-auto	
เดินไม่ไหวแล้ว	doen mai wai laeo	dhə̄n maiˋ waiˊ lɛ̄u~	走不了了 / 走不動了	engine-auto	
อยากกลับโรงแรม	yak klap rong raem	yākˋ glapˇ rōng rɛ̄m	想回飯店	engine-auto	
เดินไม่ไหวแล้ว อยากกลับโรงแรม	doen mai wai laeo yak klap rong raem	dhə̄n maiˋ waiˊ lɛ̄u~ yākˋ glapˇ rōng rɛ̄m	走不了了，想回飯店	engine-auto	
อิ่มมาก กินไม่ไหวแล้ว	im mak kin mai wai laeo	imˇ mākˋ gin maiˋ waiˊ lɛ̄u~	很飽，吃不下了	engine-auto	
เช้าเกินไป ตื่นไม่ไหวค่ะ	chao koen pai tuen mai wai kha	chāu~ gə̄n bai dɯ̄nˇ maiˋ waiˊ kaˋ	太早了，起不來（女）	engine-auto	
วันนี้ลา	wan ni la	wan nī~ lā	今天請假	engine-auto	
ลาไปไหน	la pai nai	lā bai naiˊ	請假去哪裡？	engine-auto	
ลาไปหาหมอ	la pai ha mo	lā bai hāˊ mɔ̄ˊ	請假去看醫生	engine-auto	
ลาไปเที่ยว	la pai thiao	lā bai tīauˋ	請假去玩	engine-auto	
จ่ายเงินหรือยังคะ	chai ngoen rue yang kha	jāiˇ ngə̄n rɯ̄ˊ yang ka~	付錢了嗎？（女）	engine-auto	
จ่ายก่อนค่ะ	chai kon kha	jāiˇ gɔ̄nˇ kaˋ	先付錢（女）	engine-auto	
ทุกเดือนต้องจ่ายค่าอะไรบ้าง	thuk duean tong chai kha a rai bang	tuk~ dhɯ̄an dɔ̄ngˋ jāiˇ kāˋ aˇ rai bhāngˋ	每個月需要繳一些什麼費用？	engine-auto	
ค่าเช่า	kha chao	kāˋ chāuˋ	租金	engine-auto	
จ่ายค่าน้ำ	chai kha nam	jāiˇ kāˋ nām~	付水費	engine-auto	
จ่ายค่าไฟ	chai kha fai	jāiˇ kāˋ fai	付電費	engine-auto	
จ่ายค่ามือถือ	chai kha mue thue	jāiˇ kāˋ mɯ̄ tɯ̄ˊ	付手機費	engine-auto	
จ่ายค่าเช่า	chai kha chao	jāiˇ kāˋ chāuˋ	付租金	engine-auto	
เลี้ยงหมา	liang ma	līang~ māˊ	養狗	engine-auto	
เลี้ยงแมว	liang maeo	līang~ mɛ̄u	養貓	engine-auto	
จ่ายค่าอาหารแมว	chai kha a han maeo	jāiˇ kāˋ ā hānˊ mɛ̄u	付貓飼料費	engine-auto	
จ่ายค่าอาหารหมา	chai kha a han ma	jāiˇ kāˋ ā hānˊ māˊ	付狗飼料費	engine-auto	
กลาง	klang	glāng	中 / 中間	engine-auto	
เดือนละเท่าไหร่	duean la thao rai	dhɯ̄an la~ tāuˋ raiˇ	每個月多少錢？	engine-auto	
ทอน	thon	tɔ̄n	找（錢）	engine-auto	
ไม่ต้องทอนค่ะ	mai tong thon kha	maiˋ dɔ̄ngˋ tɔ̄n kaˋ	不用找（女）	engine-auto	
เพิ่ม	phoem	pə̄mˋ	加	engine-auto	
เติม	toem	də̄m	加 / 補滿	engine-auto	
เติมข้าว	toem khao	də̄m kāuˋ	續飯	engine-auto	
เพิ่มข้าว	phoem khao	pə̄mˋ kāuˋ	加飯	engine-auto	
เติมโค้กฟรี	toem khok fri	də̄m kōk~ frī	免費續杯可樂	engine-auto	
เพิ่มเส้น	phoem sen	pə̄mˋ sēnˋ	加麵	engine-auto	
ถ้ามีอาหารเช้า ต้องเพิ่มเงินเท่าไหร่คะ	tha mi a han chao tong phoem ngoen thao rai kha	tāˋ mī ā hānˊ chāu~ dɔ̄ngˋ pə̄mˋ ngə̄n tāuˋ raiˇ ka~	如果有早餐，要加多少錢？（女）	engine-auto	
ต้องเพิ่มเงินสองร้อย	tong phoem ngoen song roi	dɔ̄ngˋ pə̄mˋ ngə̄n sɔ̄ngˊ rɔ̄i~	需要加錢二百	engine-auto	
หาย	hai	hāiˊ	不見了 / 好了	engine-auto	
มือถือหาย	mue thue hai	mɯ̄ tɯ̄ˊ hāiˊ	手機不見了	engine-auto	
กระเป๋าตังหาย	kra pao tang hai	graˇ bāuˊ dang hāiˊ	錢包不見了	engine-auto	
กุญแจหาย	kun chae hai	gun jɛ̄ hāiˊ	鑰匙不見了	engine-auto	
หายไม่สบายแล้ว	hai mai sa bai laeo	hāiˊ maiˋ saˇ bhāi lɛ̄u~	病好了 / 痊癒了	engine-auto	
หายแล้ว	hai laeo	hāiˊ lɛ̄u~	好了	engine-auto	
หายหรือยัง	hai rue yang	hāiˊ rɯ̄ˊ yang	好了嗎？	engine-auto	
หายหรือยังคะ	hai rue yang kha	hāiˊ rɯ̄ˊ yang ka~	好了嗎？（女）	engine-auto	
หายเร็วๆ นะคะ	hai reo reo na kha	hāiˊ rew rew na~ ka~	早日康復（女）	engine-auto	
ประจำ	pra cham	braˇ jam	固定 / 常年的	engine-auto	
ลูกค้าประจำ	luk kha pra cham	lūkˋ kā~ braˇ jam	常客	engine-auto	
ร้านประจำ	ran pra cham	rān~ braˇ jam	常去的店	engine-auto	
มีร้านประจำไหม	mi ran pra cham mai	mī rān~ braˇ jam maiˊ	有常去的店嗎？	engine-auto	
ฉันคิดว่า	chan khit wa	chanˊ kit~ wāˋ	我覺得 / 我認為	engine-auto	
ผมคิดว่า	phom khit wa	pomˊ kit~ wāˋ	我覺得 / 我認為（男）	engine-auto	
คิดว่าศุกร์นี้หยุด	khit wa suk ni yut	kit~ wāˋ sukˇ nī~ yutˇ	覺得這禮拜五會停班	engine-auto	
คิดว่าศุกร์นี้ไม่หยุด	khit wa suk ni mai yut	kit~ wāˋ sukˇ nī~ maiˋ yutˇ	覺得這禮拜五不會停班	engine-auto	
ฉันคิดว่าศุกร์นี้หยุด	chan khit wa suk ni yut	chanˊ kit~ wāˋ sukˇ nī~ yutˇ	我覺得這禮拜五會停班	engine-auto	
ไม่หยุด	mai yut	maiˋ yutˇ	不停 / 不放假	engine-auto	
ฉันหวังว่า	chan wang wa	chanˊ wangˊ wāˋ	我希望	engine-auto	
นี่หมายความว่า	ni maikhwam wa	nīˋ māiˊ kwām wāˋ	這意味著	engine-auto	
นักร้อง	nak rong	nak~ rɔ̄ng~	歌手	engine-auto	
นักข่าว	nak khao	nak~ kāuˇ	記者	engine-auto	
วันนี้เรียนอะไร	wan ni rian a rai	wan nī~ rīan aˇ rai	今天學什麼？	engine-auto	
เริ่ม	roem	rə̄mˋ	開始	engine-auto	
ตัก	tak	dakˇ	舀 / 盛	engine-auto	
ตักข้าว	tak khao	dakˇ kāuˋ	盛飯	engine-auto	
ตักน้ำ	tak nam	dakˇ nām~	舀水 / 舀湯	engine-auto	
ทำอาหาร	tham a han	tam ā hānˊ	做飯 / 做菜	engine-auto	
ตักข้าวใส่จาน	tak khao sai chan	dakˇ kāuˋ saiˇ jān	盛飯裝盤	engine-auto	
ใส่	sai	saiˇ	放 / 穿 / 戴	engine-auto	
ใส่เสื้อ	sai suea	saiˇ sɯ̄aˋ	穿衣服	engine-auto	
ใส่กางเกง	sai kangkeng	saiˇ gāng gēng	穿褲子	engine-auto	
ทำไมต้องเรียน	tham mai tong rian	tam mai dɔ̄ngˋ rīan	為什麼要學？	engine-auto	
คุณตักถึงไหม	khun tak thueng mai	kun dakˇ tɯngˊ maiˊ	你盛得到嗎？ / 你夾得到嗎？	engine-auto	
คุณตักถึงไหมคะ	khun tak thueng mai kha	kun dakˇ tɯngˊ maiˊ ka~	你盛得到嗎？（女）	engine-auto	
ช่วยตักให้หน่อยค่ะ	chuai tak hai noi kha	chūayˋ dakˇ haiˋ nɔ̄iˇ kaˋ	幫我盛一下（女）	engine-auto	
ไปกินบุฟเฟต์	pai kin buf fe	bai gin bhupˇ fē	去吃自助餐 / 百匯	engine-auto	
กินอาหารเช้า	kin a han chao	gin ā hānˊ chāu~	吃早餐	engine-auto	
ไปตักอาหาร	pai tak a han	bai dakˇ ā hānˊ	去夾菜 / 去盛菜	engine-auto	
ผมไปตักอาหาร	phom pai tak a han	pomˊ bai dakˇ ā hānˊ	我去夾菜 / 我去拿菜（男）	engine-auto	
คุณจองโต๊ะ	khun chong to	kun jɔ̄ng do~	你佔位 / 你訂位	engine-auto	
ฉันไปตักอาหาร คุณไปจองโต๊ะค่ะ	chan pai tak a han khun pai chong to kha	chanˊ bai dakˇ ā hānˊ kun bai jɔ̄ng do~ kaˋ	我去拿菜，你先去佔位。（女）	engine-auto	
ดึง	dueng	dhɯng	拉	engine-auto	
ดึงประตู	dueng pratu	dhɯng braˇ dū	拉門	engine-auto	
ดึงออกมาดู	dueng ok ma du	dhɯng ɔ̄kˇ mā dhū	拉出來看	engine-auto	
ดึงลิ้นชัก	dueng lin chak	dhɯng lin~ chak~	拉抽屜	engine-auto	
ลิ้นชัก	lin chak	lin~ chak~	抽屜	engine-auto	
ลิ้น	lin	lin~	舌頭	engine-auto	
อยู่ในลิ้นชัก	yu nai lin chak	yūˋ nai lin~ chak~	在抽屜裡	engine-auto	
แก้วอยู่ในลิ้นชัก	kaeo yu nai lin chak	gɛ̄uˋ yūˋ nai lin~ chak~	杯子在抽屜裡	engine-auto	
ชาอยู่ในลิ้นชัก	cha yu nai lin chak	chā yūˋ nai lin~ chak~	茶在抽屜裡	engine-auto	
ขนมอยู่ในลิ้นชัก	khanom yu nai lin chak	kaˇ nom yūˋ nai lin~ chak~	點心 / 零食在抽屜裡	engine-auto	
โดราเอมอนอยู่ในลิ้นชัก	doraemon yu nai lin chak	dhō rā ē mɔ̄n yūˋ nai lin~ chak~	哆啦A夢在抽屜裡	engine-auto	
ลิ้นชักซ้ายบน	lin chak sai bon	lin~ chak~ sāi~ bhon	左上的抽屜	engine-auto	
อยู่ในลิ้นชักขวาล่าง	yu nai lin chak khwa lang	yūˋ nai lin~ chak~ kwāˊ lāngˋ	在右下的抽屜裡	engine-auto	
หยิบ	yip	yipˇ	拿	engine-auto	
เอา	ao	au	拿 / 要	book-exact	(book-exact已用引擎重新驗證)
ไปเอาโต๊ะ	pai ao to	bai au do~	去拿桌子	engine-auto	
ไปเอาเก้าอี้	pai ao kao i	bai au gāuˋ īˋ	去拿椅子	engine-auto	
หยิบของ	yip khong	yipˇ kɔ̄ngˊ	拿東西	engine-auto	
สูงเกินไป ฉันหยิบไม่ถึงค่ะ	sung koen pai chan yip mai thueng kha	sūngˊ gə̄n bai chanˊ yipˇ maiˋ tɯngˊ kaˋ	太高了，我拿不到 (女)	engine-auto	
ช่วยหยิบให้หน่อยครับ	chuai yip hai noi khrap	chūayˋ yipˇ haiˋ nɔ̄iˇ krap~	幫我拿一下 (男)	engine-auto	
ช่วยหยิบให้หน่อยค่ะ	chuai yip hai noi kha	chūayˋ yipˇ haiˋ nɔ̄iˇ kaˋ	幫我拿一下 (女)	engine-auto	
ไปหยิบเสื้อผ้า	pai yip suea pha	bai yipˇ sɯ̄aˋ pāˋ	去拿衣服	engine-auto	
ไปหยิบเงิน	pai yip ngoen	bai yipˇ ngə̄n	去拿錢	engine-auto	
เคี้ยว	khiao	kīau~	嚼 / 咬	engine-auto	
เขียว	khiao	kīauˊ	綠色	engine-auto	
เคี้ยวข้าว	khiao khao	kīau~ kāuˋ	嚼飯	engine-auto	
เคี้ยวหมาก	khiao mak	kīau~ mākˇ	嚼檳榔	engine-auto	
เวลานั่งรถไฟฟ้า	wela nang rot fai fa	wē lā nangˋ rot~ fai fā~	搭捷運的時候	engine-auto	
กอด	kot	gɔ̄tˇ	抱	engine-auto	
กอดอก	kot ok	gɔ̄ dhɔ̄kˇ	抱胸	engine-auto	
กอดให้แน่น	kot hai naen	gɔ̄tˇ haiˋ nɛ̄nˋ	抱緊	engine-auto	
แน่น	naen	nɛ̄nˋ	緊 / 擁擠	engine-auto	
กางเกงแน่นมากค่ะ	kangkeng naen mak kha	gāng gēng nɛ̄nˋ mākˋ kaˋ	褲子很緊 (女)	engine-auto	
รองเท้าแน่นมากค่ะ	rong thaeo naen mak kha	rɔ̄ng tāu~ nɛ̄nˋ mākˋ kaˋ	鞋子很緊 (女)	engine-auto	
เก็บตัง	gep tang	gepˇ dang	收錢 / 買單	engine-auto	
เก็บ	gep	gepˇ	收起來 / 撿	engine-auto	
หยิบ	yip	yipˇ	拿	engine-auto	
ย้าย	yai	yāi~	搬 / 遷移	engine-auto	
ย้ายเข้า	yai khao	yāi~ kāuˋ	搬進去	engine-auto	
ย้ายเข้าเมื่อไหร่	yai khao muearai	yāi~ kāuˋ mɯ̄aˋ raiˇ	什麼時候搬進去？	engine-auto	
ย้ายเข้าอาทิตย์หน้าได้ไหม	yai khao athit na dai mai	yāi~ kāuˋ ā tit~ nāˋ dhaiˋ maiˊ	下禮拜搬進去可以嗎？	engine-auto	
ย้ายเข้าเดือนหน้าได้ไหม	yai khao duean na dai mai	yāi~ kāuˋ dhɯ̄an nāˋ dhaiˋ maiˊ	下個月搬進去可以嗎？	engine-auto	
ย้ายออก	yai ok	yāi~ ɔ̄kˇ	搬走	engine-auto	
ย้ายบ้าน	yai ban	yāi~ bhānˋ	搬家	engine-auto	
ย้ายงาน	yai ngan	yāi~ ngān	換工作	engine-auto	
ย้ายตำแหน่ง	yai tamnaeng	yāi~ dam nɛ̄ngˇ	調職	engine-auto	
เปลี่ยนงาน	plian ngan	blīanˇ ngān	換工作	engine-auto	
เปลี่ยนตำแหน่ง	plian tamnaeng	blīanˇ dam nɛ̄ngˇ	變更職位 / 調職	engine-auto	
ย้ายไปข้างนอกได้ไหมครับ	yai pai khang nok dai mai khrap	yāi~ bai kāngˋ nɔ̄kˋ dhaiˋ maiˊ krap~	移到外面可以嗎？	engine-auto	
ย้ายไปข้างในได้ไหมครับ	yai pai khang nai dai mai khrap	yāi~ bai kāngˋ nai dhaiˋ maiˊ krap~	移到裡面可以嗎？	engine-auto	
ย้ายไปข้างบนได้ไหมครับ	yai pai khang bon dai mai khrap	yāi~ bai kāngˋ bhon dhaiˋ maiˊ krap~	移到上面可以嗎？	engine-auto	
แทน	thaen	tɛ̄n	代替	engine-auto	
สอนแทน	son thaen	sɔ̄nˊ tɛ̄n	代課	engine-auto	
ตัวแทน	tua thaen	dūa tɛ̄n	代表 / 代理商	engine-auto	
เป็นตัวแทนไต้หวัน	pen tua thaen taiwan	ben dūa tɛ̄n daiˋ wanˊ	作為台灣代表	engine-auto	
มีตัวแทนที่เมืองไทย	mi tua thaen thi mueang thai	mī dūa tɛ̄n tīˋ mɯ̄ang tai	在泰國有代理商	engine-auto	
ใช้ A แทน B	chai A thaen B	chai~ A tɛ̄n B	用 A 代替 B	engine-auto	
ใช้ซีอิ๊วแทนน้ำปลา	chai si iu thaen nampla	chai~ sī iw~ tɛ̄n nām~ blā	用醬油代替魚露	engine-auto	
ใช้มือถือแทนกล้อง	chai mue thue thaen klong	chai~ mɯ̄ tɯ̄ˊ tɛ̄n glɔ̄ngˋ	用手機代替相機	engine-auto	
ใช้ไฟฟ้าแทนน้ำมัน	chai fai fa thaen nam man	chai~ fai fā~ tɛ̄n nām~ man	用電代替油	engine-auto	
หมายเลข	mai lek	māiˊ lēkˋ	號碼	engine-auto	
เบอร์	boe	bhə̄	號碼	engine-auto	
เลข	lek	lēkˋ	數字 / 號碼	engine-auto	
เลขไทย	lek thai	lēkˋ tai	泰文數字	engine-auto	
ซื้อตั๋ว	sue tua	sɯ̄~ dūaˊ	買門票 / 買車票	engine-auto	
จอดรถ	chawt rot	jɔ̄tˇ rot~	停車	engine-auto	
ทะเบียนรถ	thabian rot	ta~ bhīan rot~	車牌	engine-auto	
ทะเบียนบ้าน	thabian ban	ta~ bhīan bhānˋ	戶籍 / 戶口名簿	engine-auto	
จำ	cham	jam	記 / 記住 (用腦記)	engine-auto	
เตรียม	triam	drīam	準備	engine-auto	
เตรียมขนมไปด้วย	triam khanom pai duai	drīam kaˇ nom bai dhūayˋ	準備零食去	engine-auto	
ด้วย	duai	dhūayˋ	語氣詞 (表示叫、命令別人做事)	engine-auto	
ไปซื้อด้วยนะ	pai sue duai na	bai sɯ̄~ dhūayˋ na~	記得去買喔	engine-auto	
กินข้าวด้วยนะ	kin khao duai na	gin kāuˋ dhūayˋ na~	記得吃飯喔	engine-auto	
เตรียมขนมไปด้วยนะ	triam khanom pai duai na	drīam kaˇ nom bai dhūayˋ na~	記得準備零食去喔	engine-auto	
เตรียมตัวไป	triam tua pai	drīam dūa bai	準備去	engine-auto	
เตรียมตัวไปเที่ยวเมืองไทย	triam tua pai thiao mueang thai	drīam dūa bai tīauˋ mɯ̄ang tai	準備去泰國玩	engine-auto	
เตรียมพร้อมหรือยัง	triam phrom rue yang	drīam prɔ̄m~ rɯ̄ˊ yang	準備好了嗎	engine-auto	
พร้อม	phrom	prɔ̄m~	準備好	engine-auto	
พร้อมหรือยังครับ	phrom rue yang khrap	prɔ̄m~ rɯ̄ˊ yang krap~	準備好了嗎？(男)	engine-auto	
พร้อมหรือยังคะ	phrom rue yang kha	prɔ̄m~ rɯ̄ˊ yang ka~	準備好了嗎？(女)	engine-auto	
วันศุกร์นี้มีพายุ	wan suk ni mi phayu	wan sukˇ nī~ mī pā yu~	這個星期五有颱風	engine-auto	
เซ็น	sen	sen	簽 / 簽名	engine-auto	
เซ็นชื่อ	sen chue	sen chɯ̄ˋ	簽名 (動詞)	engine-auto	
เซ็นสัญญาเช่า	sen sanya chao	sen sanˊ yā chāuˋ	簽租約	engine-auto	
เซ็นกี่ปี	sen ki pi	sen gīˇ bī	簽幾年	engine-auto	
เซ็นกี่ปีคะ	sen ki pi kha	sen gīˇ bī ka~	簽幾年呢？(女)	engine-auto	
ลายเซ็น	lai sen	lāi sen	親筆簽名 / 筆跡 (名詞)	engine-auto	
ขอ	kho	kɔ̄ˊ	請求 / 請	engine-auto	
ขอลายเซ็นหน่อยค่ะ	kho lai sen noi kha	kɔ̄ˊ lāi sen nɔ̄iˇ kaˋ	可以給我簽名嗎？(女)	engine-auto	
สองปี	song pi	sɔ̄ngˊ bī	兩年	engine-auto	
สองปีที่ผ่านมา	song pi thi phan ma	sɔ̄ngˊ bī tīˋ pānˇ mā	過去這兩年	engine-auto	
ผ่าน	phan	pānˇ	通過 / 經過 / 合格	engine-auto	
ร้านนี้ไม่ผ่านค่ะ	ran ni mai phan kha	rān~ nī~ maiˋ pānˇ kaˋ	這家店不合格 (女)	engine-auto	
เลิกงาน	loek ngan	lə̄kˋ ngān	下班	engine-auto	
ผ่านรถไฟฟ้าไหม	phan rot fai fa mai	pānˇ rot~ fai fā~ maiˊ	會經過捷運嗎？	engine-auto	
ติดรถ	tit rot	ditˇ rot~	搭便車	engine-auto	
รถติด	rot tit	rot~ ditˇ	塞車	engine-auto	
ติด	tit	ditˇ	黏 / 貼	engine-auto	
ติดรถได้ไหมคะ	tit rot dai mai kha	ditˇ rot~ dhaiˋ maiˊ ka~	可以搭便車嗎？(女)	engine-auto	
เตรียมตัวแต่งงาน	triam tua taengngan	drīam dūa dɛ̄ngˇ ngān	準備結婚 (包含身心準備)	engine-auto	
เตรียมแต่งงาน	triam taengngan	drīam dɛ̄ngˇ ngān	準備結婚 (單純準備婚禮)	engine-auto	
ทำหน้า	tham na	tam nāˋ	做臉 / 整容 / 臉部美容	engine-auto	
ทุกอย่างพร้อมแล้ว	thuk yang phrom laeo	tuk~ yāngˋ prɔ̄m~ lɛ̄u~	一切都準備好了	engine-auto	
ชอบทุกอย่าง	chop thuk yang	chɔ̄pˋ tuk~ yāngˋ	什麼都喜歡 / 喜歡每一樣	engine-auto	
มีทุกอย่าง	mi thuk yang	mī tuk~ yāngˋ	什麼都有 / 應有盡有	engine-auto	
แต่ยังขาดเงิน	tae yang khat ngoen	dɛ̄ˇ yang kātˇ ngə̄n	但還缺錢	engine-auto	
ขาด	khat	kātˇ	缺 / 缺少 / 缺席	engine-auto	
ขาดเรียน	khat rian	kātˇ rīan	缺課 / 曠課	engine-auto	
อาทิตย์ที่แล้วขาดเรียน	athit thi laeo khat rian	ā tit~ tīˋ lɛ̄u~ kātˇ rīan	上週缺課	engine-auto	
ขาดงาน	khat ngan	kātˇ ngān	曠工 / 沒去上班	engine-auto	
ขาดต้มยำค่ะ	khat tom yam kha	kātˇ domˋ yam kaˋ	少了酸辣湯 (女)	engine-auto	
ขาดหนึ่งคน	khat nueng khon	kātˇ nɯngˇ kon	少了一個人	engine-auto	
บังเอิญ	bang oen	bhang ə̄n	剛好 / 碰巧 / 偶然	engine-auto	
บังเอิญเจอ	bang oen choe	bhang ə̄n jə̄	碰巧遇到	engine-auto	
บังเอิญเจอนักเรียน	bang oen choe nak rian	bhang ə̄n jə̄ nak~ rīan	碰巧遇到學生	engine-auto	
บังเอิญมาก	bang oen mak	bhang ə̄n mākˋ	很巧 / 非常巧	engine-auto	
บังเอิญมากค่ะ	bang oen mak kha	bhang ə̄n mākˋ kaˋ	很巧啊 (女)	engine-auto	
ช่วยตักต้มยำกุ้งให้หน่อย	chuai tak tom yam kung hai noi	chūayˋ dakˇ domˋ yam gungˋ haiˋ nɔ̄iˇ	請幫忙舀冬蔭功	engine-auto	
ช่วยตักส้มตำให้หน่อย	chuai tak som tam hai noi	chūayˋ dakˇ somˋ dam haiˋ nɔ̄iˇ	請幫忙舀涼拌木瓜絲	engine-auto	
ฉันตักไม่ถึง	chan tak mai thueng	chanˊ dakˇ maiˋ tɯngˊ	我舀不到	engine-auto	
ดึง	dueng	dhɯng	拉	engine-auto	
ดึงเสื้อ	dueng suea	dhɯng sɯ̄aˋ	拉衣服	engine-auto	
ดึงประตู	dueng pratu	dhɯng braˇ dū	拉門	engine-auto	
ไปออกกำลังกาย	pai ok kamlang kai	bai ɔ̄kˇ gam lang gāi	去運動	engine-auto	
ดึงแรงๆ	dueng raeng raeng	dhɯng rɛ̄ng rɛ̄ng	用力拉	engine-auto	
ดึงประตูไม่ออก	dueng pratu mai ok	dhɯng braˇ dū maiˋ ɔ̄kˇ	拉不開門	engine-auto	
ดึงลิ้นชัก	dueng lin chak	dhɯng lin~ chak~	拉開抽屜	engine-auto	
ลิ้นชัก	lin chak	lin~ chak~	抽屜	engine-auto	
กุญแจอยู่ที่ไหน	kunchae yu thi nai	gun jɛ̄ yūˋ tīˋ naiˊ	鑰匙在哪裡	engine-auto	
กุญแจอยู่ในลิ้นชัก	kunchae yu nai lin chak	gun jɛ̄ yūˋ nai lin~ chak~	鑰匙在抽屜裡	engine-auto	
เอาเงินเก็บไว้ในลิ้นชัก	ao ngoen kep wai nai lin chak	au ngə̄n gepˇ wai~ nai lin~ chak~	把錢收在抽屜裡	engine-auto	
เอาเงินเก็บไว้ที่ไหน	ao ngoen kep wai thi nai	au ngə̄n gepˇ wai~ tīˋ naiˊ	把錢收在哪裡	engine-auto	
เก็บไว้ในแบงค์	kep wai nai baeng	gepˇ wai~ nai bhɛ̄ng	存在銀行裡	engine-auto	
หยิบ	yip	yipˇ	拿取	engine-auto	
มือถืออยู่ไหน	mue thue yu nai	mɯ̄ tɯ̄ˊ yūˋ naiˊ	手機在哪裡	engine-auto	
ใครหยิบไป	khrai yip pai	krai yipˇ bai	誰拿走了	engine-auto	
ใครหยิบมือถือไป	khrai yip mue thue pai	krai yipˇ mɯ̄ tɯ̄ˊ bai	誰拿走手機了	engine-auto	
ช่วยหยิบให้หน่อย	chuai yip hai noi	chūayˋ yipˇ haiˋ nɔ̄iˇ	請幫忙拿一下	engine-auto	
ช่วยหยิบปากกาสีฟ้าให้หน่อย	chuai yip pakka si fa hai noi	chūayˋ yipˇ bākˇ gā sīˊ fā~ haiˋ nɔ̄iˇ	請幫忙拿藍色原子筆	engine-auto	
หยิบเก้าอี้	yip kaoi	yipˇ gāuˋ īˋ	拿椅子	engine-auto	
ช่วยหยิบทิชชู่ให้หน่อย	chuai yip thichu hai noi	chūayˋ yipˇ tit~ chūˋ haiˋ nɔ̄iˇ	請幫忙拿衛生紙	engine-auto	
เคี้ยว	khiao	kīau~	嚼	engine-auto	
เคี้ยวช้าๆหน่อย	khiao cha cha noi	kīau~ chā~ chā~ nɔ̄iˇ	嚼慢一點	engine-auto	
อย่าเคี้ยวเร็วเกินไป	ya khiao reo koen pai	yāˋ kīau~ rew gə̄n bai	別嚼太快	engine-auto	
เคี้ยวหมาก	khiao mak	kīau~ mākˇ	嚼檳榔	engine-auto	
เคี้ยวหมากทำให้เป็นมะเร็งได้	khiao mak tham hai pen mareng dai	kīau~ mākˇ tam haiˋ ben ma~ reng dhaiˋ	嚼檳榔會致癌	engine-auto	
ไม่ค่อยมีคนเคี้ยวหมากแล้ว	mai khoi mi khon khiao mak laeo	maiˋ kɔ̄iˋ mī kon kīau~ mākˇ lɛ̄u~	不太有人嚼檳榔了	engine-auto	
เมื่อยปาก	mueai pak	mɯ̄aiˋ bākˇ	嘴巴痠	engine-auto	
กอด	kot	gɔ̄tˇ	抱	engine-auto	
ฉันเครียดมากเลย	chan khriat mak loei	chanˊ krīatˋ mākˋ lə̄i	我壓力很大	engine-auto	
ไม่เครียดเลย	mai khriat loei	maiˋ krīatˋ lə̄i	一點都不覺得有壓力	engine-auto	
มีความสุขทุกวัน	mi khwam suk thuk wan	mī kwām sukˇ tuk~ wan	每天都很開心	engine-auto	
ให้ฉันกอดหน่อย	hai chan kot noi	haiˋ chanˊ gɔ̄tˇ nɔ̄iˇ	讓我抱一下	engine-auto	
ขอหน่อย	kho noi	kɔ̄ˊ nɔ̄iˇ	給我一點	engine-auto	
ขอเงินหน่อย	kho ngoen noi	kɔ̄ˊ ngə̄n nɔ̄iˇ	給我一點錢	engine-auto	
ขอกอดหน่อย	kho kot noi	kɔ̄ˊ gɔ̄tˇ nɔ̄iˇ	讓我抱一下	engine-auto	
ไม่เป็นไร สู้ๆนะ	mai pen rai su su na	maiˋ ben rai sūˋ sūˋ na~	沒關係加油喔	engine-auto	
กอดๆ ไม่เป็นไร สู้ๆนะ	kot kot mai pen rai su su na	gɔ̄tˇ gɔ̄tˇ maiˋ ben rai sūˋ sūˋ na~	抱抱沒關係加油喔	engine-auto	
กอดให้แน่น	kot hai naen	gɔ̄tˇ haiˋ nɛ̄nˋ	抱緊一點	engine-auto	
กอดแน่น	kot naen	gɔ̄tˇ nɛ̄nˋ	抱緊	engine-auto	
เลิกงาน	loek ngan	lə̄kˋ ngān	下班	engine-auto	
บนรถไฟฟ้าคนแน่นมาก	bon rot faifa khon naen mak	bhon rot~ fai fā~ kon nɛ̄nˋ mākˋ	捷運上人很擠	engine-auto	
บนรถเมล์คนแน่นมาก	bon rot me khon naen mak	bhon rot~ mē kon nɛ̄nˋ mākˋ	公車上人很擠	engine-auto	
คนแน่นมาก	khon naen mak	kon nɛ̄nˋ mākˋ	人非常擁擠	engine-auto	
วันนี้อยู่บ้าน	wan ni yu ban	wan nī~ yūˋ bhānˋ	今天待在家	engine-auto	
ขี่มอเตอร์ไซค์	khi motoesai	kīˇ mɔ̄ də̄ sai	騎機車	engine-auto	
ย้าย	yai	yāi~	搬移	engine-auto	
ร้านนี้ย้ายไปไหน	ran ni yai pai nai	rān~ nī~ yāi~ bai naiˊ	這家店搬去ไหน	engine-auto	
เขาย้ายออกไปนานหรือยัง	khao yai ok pai nan rue yang	kāuˊ yāi~ ɔ̄kˇ bai nān rɯ̄ˊ yang	他搬出去很久了嗎	engine-auto	
ย้ายออกไป	yai ok pai	yāi~ ɔ̄kˇ bai	搬走	engine-auto	
เขาย้ายไปตั้งแต่เดือนที่แล้ว	khao yai pai tang tae duean thi laeo	kāuˊ yāi~ bai dangˋ dɛ̄ˇ dhɯ̄an tīˋ lɛ̄u~	他從上個月就搬走了	engine-auto	
ย้ายบ้าน	yai ban	yāi~ bhānˋ	搬家	engine-auto	
ย้ายเข้า	yai khao	yāi~ kāuˋ	搬進來	engine-auto	
ย้ายงาน	yai ngan	yāi~ ngān	換工作	engine-auto	
ย้ายตำแหน่ง	yai tamnaeng	yāi~ dam nɛ̄ngˇ	調職	engine-auto	
เขามีตำแหน่งอะไร	khao mi tamnaeng arai	kāuˊ mī dam nɛ̄ngˇ aˇ rai	他是什麼職位	engine-auto	
ตำแหน่งผู้จัดการ	tamnaeng phu chat kan	dam nɛ̄ngˇ pūˋ jatˇ gān	經理職位	engine-auto	
ตำแหน่งแม่บ้าน	tamnaeng mae ban	dam nɛ̄ngˇ mɛ̄ˋ bhānˋ	清潔員職位	engine-auto	
แทน	thaen	tɛ̄n	代替	engine-auto	
ปากกาน้ำเงิน	pakka namngoen	bākˇ gā nām~ ngə̄n	藍筆	engine-auto	
ใช้ปากกาดำแทนก็ได้	chai pakka dam thaen ko dai	chai~ bākˇ gā dham tɛ̄n gɔ̄ˋ dhaiˋ	用黑筆代替也可以	engine-auto	
ใช้ปากกาดำแทนไม่ได้	chai pakka dam thaen mai dai	chai~ bākˇ gā dham tɛ̄n maiˋ dhaiˋ	不能用黑筆代替	engine-auto	
ใช้ซีอิ๊วแทนน้ำปลาได้ไหม	chai si-io thaen nampla dai mai	chai~ sī iw~ tɛ̄n nām~ blā dhaiˋ maiˊ	可以用醬油代替魚露嗎	engine-auto	
รอแป๊บนึง	ro paep nueng	rɔ̄ bɛ̄p~ nɯng	等一下	engine-auto	
แป๊บนะ	paep na	bɛ̄p~ na~	等等	engine-auto	
ขอเชิญหมายเลข 123	kho choen mai lek nueng song sam	kɔ̄ˊ chə̄n māiˊ lēkˋ 123	請一二三號	engine-auto	
ที่เคาน์เตอร์ 1	thi khao toe nueng	tīˋ kāu də̄ 1	在一號櫃檯	engine-auto	
ตอนนี้ถึงหมายเลขที่เท่าไหร่แล้วคะ	ton ni thueng mai lek thi thao rai laeo kha	dɔ̄n nī~ tɯngˊ māiˊ lēkˋ tīˋ tāuˋ raiˇ lɛ̄u~ ka~	現在到幾號了	engine-auto	
ตอนนี้ถึงหมายเลขอะไรแล้วคะ	ton ni thueng mai lek arai laeo kha	dɔ̄n nī~ tɯngˊ māiˊ lēkˋ aˇ rai lɛ̄u~ ka~	現在到幾號了	engine-auto	
ทะเบียนบ้าน	thabian ban	ta~ bhīan bhānˋ	戶口名簿	engine-auto	
ทะเบียนแต่งงาน	thabian taeng ngan	ta~ bhīan dɛ̄ngˇ ngān	結婚登記	engine-auto	
ทะเบียนรถ	thabian rot	ta~ bhīan rot~	車牌	engine-auto	
จำเลขทะเบียนรถได้ไหม	cham lek thabian rot dai mai	jam lēkˋ ta~ bhīan rot~ dhaiˋ maiˊ	記得車牌號碼嗎	engine-auto	
เตรียมตัวไปเที่ยว	triam tua pai thiao	drīam dūa bai tīauˋ	準備去旅遊	engine-auto	
เตรียมอาหารเช้า	triam ahan chao	drīam ā hānˊ chāu~	準備早餐	engine-auto	
ไข่กระทะ	khai kratha	kaiˇ graˇ ta~	平底鍋煎蛋	engine-auto	
พร้อม	phrom	prɔ̄m~	準備好	engine-auto	
อาหารเย็นพร้อมแล้ว	ahan yen phrom laeo	ā hānˊ yen prɔ̄m~ lɛ̄u~	晚餐準備好了	engine-auto	
กินได้แล้ว	kin dai laeo	gin dhaiˋ lɛ̄u~	可以吃了	engine-auto	
พร้อมประชุมหรือยัง	phrom prachum rue yang	prɔ̄m~ braˇ chum rɯ̄ˊ yang	準備好開會了嗎	engine-auto	
ฉันพร้อมแล้ว	chan phrom laeo	chanˊ prɔ̄m~ lɛ̄u~	我準備好了	engine-auto	
ยังไม่พร้อม	yang mai phrom	yang maiˋ prɔ̄m~	還沒準備好	engine-auto	
ผมพร้อมเริ่มงานใหม่แล้ว	phom phrom roem ngan mai laeo	pomˊ prɔ̄m~ rə̄mˋ ngān maiˇ lɛ̄u~	我準備好開始新工作了	engine-auto	
เซ็นชื่อตรงนี้ค่ะ	sen chue trong ni kha	sen chɯ̄ˋ drong nī~ kaˋ	請在這裡簽名	engine-auto	
เซ็นสัญญาซื้อบ้าน	sen sanya sue ban	sen sanˊ yā sɯ̄~ bhānˋ	簽買房合約	engine-auto	
ขอลายเซ็นหน่อยได้ไหมคะ	kho lai sen noi dai mai kha	kɔ̄ˊ lāi sen nɔ̄iˇ dhaiˋ maiˊ ka~	可以請你簽名嗎	engine-auto	
ขาดเงิน	khat ngoen	kātˇ ngə̄n	缺錢	engine-auto	
ทอนเงินขาด	thon ngoen khat	tɔ̄n ngə̄n kātˇ	找零少給了	engine-auto	
ทอนเงินขาด 1000 บาท	thon ngoen khat nueng phan bat	tɔ̄n ngə̄n kātˇ 1000 bhātˇ	找錢少了一千泰銖	engine-auto	
ถ้าขาดอะไรก็บอกนะ	tha khat arai ko bok na	tāˋ kātˇ aˇ rai gɔ̄ˋ bhɔ̄kˇ na~	如果缺什麼就說喔	engine-auto	
กระดาษขาด	kradat khat	graˇ dhātˇ kātˇ	紙破了	engine-auto	
แบงค์ขาด	baeng khat	bhɛ̄ng kātˇ	鈔票破了	engine-auto	
เสื้อขาด	suea khat	sɯ̄aˋ kātˇ	衣服破了	engine-auto	
บังเอิญ	bang-oen	bhang ə̄n	偶然碰巧	engine-auto	
ฉันบังเอิญผ่านมาแถวนี้	chan bang-oen phan ma thaeo ni	chanˊ bhang ə̄n pānˇ mā tɛ̄uˊ nī~	我碰巧經過這附近	engine-auto	
บังเอิญเจอเพื่อนใหม่	bang-oen choe phuean mai	bhang ə̄n jə̄ pɯ̄anˋ maiˇ	碰巧遇到新朋友	engine-auto	
บังเอิญเจอแฟนเก่า	bang-oen choe faen kao	bhang ə̄n jə̄ fɛ̄n gāuˇ	碰巧遇到前任	engine-auto	
บนสะพานลอย	bon saphan loi	bhon saˇ pān lɔ̄i	在天橋上	engine-auto	
8 เดือนที่ผ่านมา	paet duean thi phan ma	8 dhɯ̄an tīˋ pānˇ mā	過去八個月	engine-auto	
ภาษาไทยก้าวหน้าเยอะ	phasa thai kao na yoe	pā sāˊ tai gāuˋ nāˋ yə~	泰語進步很多	engine-auto	
เรื่องที่ผ่านมา	rueang thi phan ma	rɯ̄angˋ tīˋ pānˇ mā	過去的事情	engine-auto	
วันนี้มีนัด	wan ni mi nat	wan nī~ mī nat~	今天有約	engine-auto	
ถ้าเขาไม่มาผิดนัด	tha khao mai ma phit nat	tāˋ kāuˊ maiˋ mā pitˇ nat~	如果他不來就是爽約	engine-auto	
ห้ามผิดนัด	ham phit nat	hāmˋ pitˇ nat~	禁止爽約	engine-auto	
นัดกับเพื่อน	nat kap phuean	nat~ gapˇ pɯ̄anˋ	和朋友約	engine-auto	
วันนี้นัดกับเพื่อนค่ะ	wan ni nat kap phuean kha	wan nī~ nat~ gapˇ pɯ̄anˋ kaˋ	今天和朋友有約	engine-auto	
มีนัดกับใคร	mi nat kap khrai	mī nat~ gapˇ krai	和誰有約	engine-auto	
นัดกี่โมง	nat ki mong	nat~ gīˇ mōng	約幾點	engine-auto	
ตลาดนัด	talat nat	daˇ lātˋ nat~	市集夜市	engine-auto	
ภาษี	phasi	pā sīˊ	稅	engine-auto	
เสียภาษี	sia phasi	sīaˊ pā sīˊ	繳稅	engine-auto	
จ่าย	chai	jāiˇ	支付	engine-auto	
แถม	thaem	tɛ̄mˊ	贈送	engine-auto	
ซื้อ 1 แถม 1	sue nueng thaem nueng	sɯ̄~ 1 tɛ̄mˊ 1	買一送一	engine-auto	
ซื้ออันใหญ่แถมอันเล็ก	sue an yai thaem an lek	sɯ̄~ an yaiˇ tɛ̄mˊ an lek~	買大的送小的	engine-auto	
ซื้อ 2 แถม 1	sue song thaem nueng	sɯ̄~ 2 tɛ̄mˊ 1	買二送一	engine-auto	
ฟรี	fri	frī	免費	engine-auto	
ของแถม	khong thaem	kɔ̄ngˊ tɛ̄mˊ	贈品	engine-auto	
มีของแถมเยอะมาก	mi khong thaem yoe mak	mī kɔ̄ngˊ tɛ̄mˊ yə~ mākˋ	有很多贈品	engine-auto	
ฝัน	fan	fanˊ	夢	engine-auto	
เคยฝันร้าย	khoei fan rai	kə̄i fanˊ rāi~	曾經做噩夢	engine-auto	
ฝันกลางวัน	fan klang wan	fanˊ glāng wan	白日夢	engine-auto	
ฝันไปเถอะ	fan pai thoe	fanˊ bai təˇ	做夢吧	engine-auto	
กินเถอะ	kin thoe	gin təˇ	吃吧	engine-auto	
ไปเถอะ	pai thoe	bai təˇ	走吧	engine-auto	
มาเถอะ	มาเถอะ	mā təˇ	來吧	engine-auto	
หยิบ	yip	yipˇ	拿	engine-auto	
อาหารไต้หวันมีอะไรอร่อยบ้าง	ahan taiwan mi arai aroi bang	ā hānˊ daiˋ wanˊ mī aˇ rai aˇ rɔ̄iˋ bhāngˋ	台灣食物有什麼好吃的	engine-auto	
ดีกันนะ	di kan na	dhī gan na~	和好吧	engine-auto	
ตั้งตัว	tang tua	dangˋ dūa	立足	engine-auto	
ตั้งใจ	tang chai	dangˋ jai	專心用心	book-exact	(book-exact已用引擎重新驗證)
ตั้งโรงงาน	tang rong ngan	dangˋ rōng ngān	設立工廠	engine-auto	
เขาไปตั้งโรงงานที่เมืองไทย	khao pai tang rong ngan thi mueang thai	kāuˊ bai dangˋ rōng ngān tīˋ mɯ̄ang tai	他去泰國設立工廠	engine-auto	
ตั้งนาฬิกา	tang nalika	dangˋ nā li~ gā	設鬧鐘	engine-auto	
ตั้งเวลา	tang wela	dangˋ wē lā	設定時間	engine-auto	
ตั้งตัวแทนขาย	tang tua thaen khai	dangˋ dūa tɛ̄n kāiˊ	設立銷售代理	engine-auto	
ตัวแทน	tua thaen	dūa tɛ̄n	代表代理	engine-auto	
ตัวแทนขาย	tua thaen khai	dūa tɛ̄n kāiˊ	銷售代理	engine-auto	
ตัวแทนโรงเรียน	tua thaen rong rian	dūa tɛ̄n rōng rīan	學校代表	engine-auto	
ตั้งใจเรียน	tang chai rian	dangˋ jai rīan	專心學習	engine-auto	
ผลิต	phalit	paˇ lit~	生產製造	engine-auto	
โรงงานผลิตสินค้า	rong ngan phalit sinkha	rōng ngān paˇ lit~ sinˊ kā~	工廠生產商品	engine-auto	
สินค้า	sinkha	sinˊ kā~	商品	engine-auto	
เซเว่นขายสินค้าอะไร	sewen khai sinkha arai	sē wēnˋ kāiˊ sinˊ kā~ aˇ rai	便利商店賣什麼商品	engine-auto	
ผลิตสายไฟ	phalit sai fai	paˇ lit~ sāiˊ fai	生產電線	engine-auto	
สายไฟ	sai fai	sāiˊ fai	電線	engine-auto	
เขาหลอกคุณ	khao lok khun	kāuˊ lɔ̄kˇ kun	เขาหลอกคุณ	engine-auto	
ลอง	long	lɔ̄ng	嘗試	engine-auto	
ลองชิม	long chim	lɔ̄ng chim	試吃	engine-auto	
ลองชิมได้มั้ยคะ	long chim dai mai kha	lɔ̄ng chim dhaiˋ mai~ ka~	可以試吃嗎	engine-auto	
ลองใส่	long sai	lɔ̄ng saiˇ	試穿	engine-auto	
ต้องลองใส่ก่อน	tong long sai kon	dɔ̄ngˋ lɔ̄ng saiˇ gɔ̄nˇ	必須先試穿	engine-auto	
ลองคิดดูสิ	long khit du si	lɔ̄ng kit~ dhū siˇ	試著想想看	engine-auto	
ลองเรียน	long rian	lɔ̄ng rīan	試學試聽	engine-auto	
ลองใจ	long chai	lɔ̄ng jai	試探心意	engine-auto	
ห้องลองเสื้อ	hong long suea	hɔ̄ngˋ lɔ̄ng sɯ̄aˋ	試衣間	engine-auto	
มีห้องลองเสื้อไหมคะ	mi hong long suea mai kha	mī hɔ̄ngˋ lɔ̄ng sɯ̄aˋ maiˊ ka~	有試衣間嗎	engine-auto	
ลองอยู่ก่อนแต่ง	long yu kon taeng	lɔ̄ng yūˋ gɔ̄nˇ dɛ̄ngˇ	試婚同居	engine-auto	
ทำได้	tham dai	tam dhaiˋ	做得到	engine-auto	
ออกแบบแล้วก็ผลิตด้วย	ok baep laeo ko phalit duai	ɔ̄kˇ bhɛ̄pˇ lɛ̄u~ gɔ̄ˋ paˇ lit~ dhūayˋ	設計並且製造	engine-auto	
ออกแบบ	ok baep	ɔ̄kˇ bhɛ̄pˇ	設計	engine-auto	
อย่าทำแบบนี้	ya tham baep ni	yāˋ tam bhɛ̄pˇ nī~	別這樣做	engine-auto	
แล้วก็	laeo ko	lɛ̄u~ gɔ̄ˋ	然後	engine-auto	
แล้วค่อย	laeo khoi	lɛ̄u~ kɔ̄iˋ	然後才	engine-auto	
กินข้าวแล้วค่อยไปอาบน้ำ	กินข้าวแล้วค่อยไปอาบน้ำ	gin kāuˋ lɛ̄u~ kɔ̄iˋ bai āpˇ nām~	吃飯然後才去洗澡	engine-auto	
เรื่องนี้อธิบายยากนะ	rueang ni athibai yak na	rɯ̄angˋ nī~ aˇ ti~ bhāi yākˋ na~	這件事很難解釋	book-exact	(book-exact已用引擎重新驗證)
แบบ	baep	bhɛ̄pˇ	款式樣式這樣	engine-auto	
จำได้	cham dai	jam dhaiˋ	記得	engine-auto	
อยาก	yak	yākˋ	想要	engine-auto	
ห้ามทำแบบนี้	ham tham baep ni	hāmˋ tam bhɛ̄pˇ nī~	禁止這樣做	engine-auto	
ชอบแบบไหน	chop baep nai	chɔ̄pˋ bhɛ̄pˇ naiˊ	喜歡哪種款式	engine-auto	
วันศุกร์หน้าเจอกันค่ะ	wan suk na choe kan kha	wan sukˇ nāˋ jə̄ gan kaˋ	下週五見	engine-auto	
วันนี้ขอบคุณค่ะ	wan ni khop khun kha	wan nī~ kɔ̄pˇ kun kaˋ	今天謝謝	engine-auto	
นัด	nat	nat~	約/預約	engine-auto	
อย่าลืมวันนี้เรามีนัดกันนะ	ya luem wan ni rao mi nat gan na	yāˋ lɯ̄m wan nī~ rāu mī nat~ gan na~	別忘了今天我們有約喔	engine-auto	
ผิดนัด	phit nat	pitˇ nat~	爽約/失約	engine-auto	
นัดแล้วแต่ผิดนัด	nat laeo tae phit nat	nat~ lɛ̄u~ dɛ̄ˇ pitˇ nat~	約了卻爽約	engine-auto	
อาหารเช้า	ahan chao	ā hānˊ chāu~	早餐	engine-auto	
ภาษี	phasi	pā sīˊ	稅	engine-auto	
ไม่ต้องเสียภาษี	mai tong sia phasi	maiˋ dɔ̄ngˋ sīaˊ pā sīˊ	不用繳稅	engine-auto	
ไม่ต้องจ่ายภาษี	mai tong jai phasi	maiˋ dɔ̄ngˋ jāiˇ pā sīˊ	不用付稅	engine-auto	
ต้องเสียภาษี 5%	tong sia phasi ha poesen	dɔ̄ngˋ sīaˊ pā sīˊ 5%	必須繳納5%的稅	engine-auto	
โรงแรม 5 ดาว	rongraem ha dao	rōng rɛ̄m 5 dhāu	五星級飯店	engine-auto	
แถม	thaem	tɛ̄mˊ	贈送/贈品	engine-auto	
ซื้อ 1 แถม 1	sue nueng thaem nueng	sɯ̄~ 1 tɛ̄mˊ 1	買一送一	engine-auto	
คุณซื้อเยอะ	khun sue yoe	kun sɯ̄~ yə~	你買很多	engine-auto	
ฉันแถมให้ 2 ลูก	chan thaem hai song luk	chanˊ tɛ̄mˊ haiˋ 2 lūkˋ	我多送你兩顆	engine-auto	
ถ้าซื้อเยอะ	tha sue yoe	tāˋ sɯ̄~ yə~	如果買很多	engine-auto	
ของแถม	khong thaem	kɔ̄ngˊ tɛ̄mˊ	贈品	engine-auto	
มีของแถมให้นะคะ	mi khong thaem hai na kha	mī kɔ̄ngˊ tɛ̄mˊ haiˋ na~ ka~	有贈品給您喔	engine-auto	
ฝันร้าย	fan rai	fanˊ rāi~	噩夢	engine-auto	
เคยฝันร้าย	khoei fan rai	kə̄i fanˊ rāi~	曾經做過噩夢	engine-auto	
ฝันกลางวัน	fan klang wan	fanˊ glāng wan	白日夢	engine-auto	
เคยฝันกลางวันมั้ย	khoei fan klang wan mai	kə̄i fanˊ glāng wan mai~	曾經做過白日夢嗎	engine-auto	
สินค้าไต้หวัน	sinkha taiwan	sinˊ kā~ daiˋ wanˊ	台灣商品	engine-auto	
สินค้าไต้หวันมีอะไรบ้าง	sinkha taiwan mi arai bang	sinˊ kā~ daiˋ wanˊ mī aˇ rai bhāngˋ	台灣商品有什麼	engine-auto	
ตั้ง	tang	dangˋ	設立/設定	engine-auto	
โรงงาน	rongngan	rōng ngān	工廠	engine-auto	
นักธุรกิจชาวไต้หวัน	nak thurakit chao taiwan	nak~ tun gitˇ chāu daiˋ wanˊ	台灣商人	engine-auto	
ไปตั้งโรงงานที่เมืองไทย	pai tang rongngan thi mueang thai	bai dangˋ rōng ngān tīˋ mɯ̄ang tai	去泰國設立工廠	engine-auto	
ตั้งนาฬิกา	tang nalika	dangˋ nā li~ gā	設鬧鐘	engine-auto	
เมื่อคืนลืมตั้งนาฬิกา	muea khuen luem tang nalika	mɯ̄aˋ kɯ̄n lɯ̄m dangˋ nā li~ gā	昨晚忘記設鬧鐘	engine-auto	
ฉันตั้งนาฬิกา	tang nalika	chanˊ dangˋ nā li~ gā	我設鬧鐘	engine-auto	
ก็เลยตื่นสาย	ko loei tuen sai	gɔ̄ˋ lə̄i dɯ̄nˇ sāiˊ	所以晚起了	engine-auto	
ตัวแทน	tuathaen	dūa tɛ̄n	代表/代理	engine-auto	
ตัวแทนโรงเรียน	tuathaen rongrian	dūa tɛ̄n rōng rīan	學校代表	engine-auto	
เขาเป็นตัวแทนโรงเรียน	khao pen tuathaen rongrian	kāuˊ ben dūa tɛ̄n rōng rīan	他是學校代表	engine-auto	
ตั้งตัวแทนขายที่เมืองไทย	tang tuathaen khai thi mueang thai	dangˋ dūa tɛ̄n kāiˊ tīˋ mɯ̄ang tai	在泰國設立銷售代理	engine-auto	
ผลิต	phalit	paˇ lit~	生產/製造	engine-auto	
โรงงานของคุณผลิตสินค้าอะไร	rongngan khong khun phalit sinkha arai	rōng ngān kɔ̄ngˊ kun paˇ lit~ sinˊ kā~ aˇ rai	你的工廠生產什麼產品	engine-auto	
โรงงานของฉันผลิตสายไฟ	rongngan khong chan phalit sai fai	rōng ngān kɔ̄ngˊ chanˊ paˇ lit~ sāiˊ fai	我的工廠生產電線	engine-auto	
ออกแบบ	okbaep	ɔ̄kˇ bhɛ̄pˇ	設計	engine-auto	
ออกแบบรถ	okbaep rot	ɔ̄kˇ bhɛ̄pˇ rot~	設計汽車	engine-auto	
ออกแบบบ้าน	okbaep ban	ɔ̄kˇ bhɛ̄pˇ bhānˋ	設計房子	engine-auto	
ออกแบบเสื้อ	okbaep suea	ɔ̄kˇ bhɛ̄pˇ sɯ̄aˋ	設計衣服	engine-auto	
นักออกแบบ	nak okbaep	nak~ ɔ̄kˇ bhɛ̄pˇ	設計師	engine-auto	
ฉันไม่ใช่นักออกแบบ	chan mai chai nak okbaep	chanˊ maiˋ chaiˋ nak~ ɔ̄kˇ bhɛ̄pˇ	我不是設計師	engine-auto	
ถ้าอยากซื้อของเด็ก	tha yak sue khong dek	tāˋ yākˋ sɯ̄~ kɔ̄ngˊ dhekˇ	如果想買小孩的東西	engine-auto	
คุณจะทำยังไง	khun cha tham yangngai	kun jaˇ tam yang ngai	你會怎麼做	engine-auto	
ลอง	long	lɔ̄ng	嘗試	engine-auto	
ขอลองชิมหน่อยได้ไหมคะ	kho long chim noi dai mai kha	kɔ̄ˊ lɔ̄ng chim nɔ̄iˇ dhaiˋ maiˊ ka~	可以讓我試吃一下嗎	engine-auto	
ขอลองใส่หน่อยได้ไหมคะ	kho long sai noi dai mai kha	kɔ̄ˊ lɔ̄ng saiˇ nɔ̄iˇ dhaiˋ maiˊ ka~	可以讓我試穿一下嗎	engine-auto	
ลองใจ	long chai	lɔ̄ng jai	試探心意	engine-auto	
ฉันแค่ลองใจคุณ	chan khae long chai khun	chanˊ kɛ̄ˋ lɔ̄ng jai kun	我只是在試探你的心意	engine-auto	
ห้องลองอยู่ด้านหลัง	hong long yu dan lang	hɔ̄ngˋ lɔ̄ng yūˋ dhānˋ langˊ	試衣間在後面	engine-auto	
สู้ไม่สู้	su mai su	sūˋ maiˋ sūˋ	比不比得上 / 拼不拼	engine-auto	
A สู้ B ไม่ได้	A su B mai dai	A sūˋ B maiˋ dhaiˋ	A比不上B	engine-auto	
ฉันสู้เขาไม่ได้	chan su khao mai dai	chanˊ sūˋ kāuˊ maiˋ dhaiˋ	我比不上他	engine-auto	
แพ้ยาอะไร	phae ya arai	pɛ̄~ yā aˇ rai	對什麼藥物過敏	engine-auto	
ไม่แพ้ยาอะไร	mai phae ya arai	maiˋ pɛ̄~ yā aˇ rai	沒有對什麼藥物過敏	engine-auto	
แพ้อาหารทะเล	phae ahan thale	pɛ̄~ ā hānˊ ta~ lē	對海鮮過敏	engine-auto	
ไม่แพ้อากาศ	mai phae akat	maiˋ pɛ̄~ ā gātˇ	不對天氣過敏	engine-auto	
แพ้ควันบุหรี่	phae khwan buri	pɛ̄~ kwan bhuˇ rīˇ	對菸味過敏	engine-auto	
อาการ	akan	ā gān	症狀	engine-auto	
ควันธูป	khwan thup	kwan tūpˋ	香的煙	engine-auto	
แพ้ควันธูป	phae khwan thup	pɛ̄~ kwan tūpˋ	對香的煙過敏	engine-auto	
น้ำตาไหล	nam ta lai	nām~ dā laiˊ	流眼淚	engine-auto	
แพ้ท้อง	phae thong	pɛ̄~ tɔ̄ng~	害喜 / 孕吐	engine-auto	
ยังไม่แต่งงาน	yang mai taeng ngan	yang maiˋ dɛ̄ngˇ ngān	還沒結婚	engine-auto	
แพ้ท้องหนัก	phae thong nak	pɛ̄~ tɔ̄ng~ nakˇ	害喜很嚴重	engine-auto	
แพ้ท้องหนัก 3 เดือน	phae thong nak sam duean	pɛ̄~ tɔ̄ng~ nakˇ 3 dhɯ̄an	嚴重害喜三個月	engine-auto	
แพ้น้ำตาผู้หญิง	phae nam ta phuying	pɛ̄~ nām~ dā pūˋ yingˊ	對女人的眼淚沒轍	engine-auto	
สู้ๆ	su su	sūˋ sūˋ	加油	book-exact	(book-exact已用引擎重新驗證)
อย่ายอมแพ้นะ	ya yom phae na	yāˋ yɔ̄m pɛ̄~ na~	別認輸喔 / 別放棄喔	engine-auto	
ยังไม่ยอมแพ้	yang mai yom phae	yang maiˋ yɔ̄m pɛ̄~	還沒認輸 / 還沒放棄	engine-auto	
หวังว่า	wang wa	wangˊ wāˋ	希望	engine-auto	
ผิดหวัง	phit wang	pitˇ wangˊ	失望	engine-auto	
เคยผิดหวัง	khoei phit wang	kə̄i pitˇ wangˊ	曾經失望過	engine-auto	
สิ้นหวัง	sin wang	sinˋ wangˊ	絕望	engine-auto	
ฉันสิ้นหวังแล้ว	chan sin wang laeo	chanˊ sinˋ wangˊ lɛ̄u~	我絕望了	engine-auto	
สบายๆ สู้ๆ นะ อย่ายอมแพ้	sabai sabai su su na ya yom phae	saˇ bhāi saˇ bhāi sūˋ sūˋ na~ yāˋ yɔ̄m pɛ̄~	放輕鬆，加油喔，別放棄	engine-auto	
หวังดีกับ	wang di kap	wangˊ dhī gapˇ	為...好 / 對...有善意	engine-auto	
พ่อแม่หวังดีกับลูก	pho mae wang di kap luk	pɔ̄ˋ mɛ̄ˋ wangˊ dhī gapˇ lūkˋ	父母為孩子好	engine-auto	
ฉันหวังดีกับคุณ	chan wang di kap khun	chanˊ wangˊ dhī gapˇ kun	我為你好	engine-auto	
ไม่เคยมีหวัง	mai khoei mi wang	maiˋ kə̄i mī wangˊ	從未抱有希望	engine-auto	
ซื้อใหม่	sue mai	sɯ̄~ maiˇ	買新的	engine-auto	
ไปแบงค์ฝากเงิน	pai baeng fak ngoen	bai bhɛ̄ng fākˇ ngə̄n	去銀行存錢	engine-auto	
ฝากของ	fak khong	fākˇ kɔ̄ngˊ	寄放物品	engine-auto	
ที่ฝากของ	thi fak khong	tīˋ fākˇ kɔ̄ngˊ	寄放物品的地方	engine-auto	
ฝากความหวัง	fak khwam wang	fākˇ kwām wangˊ	寄託希望	engine-auto	
ฝากความคิดถึง	fak khwam khitthueng	fākˇ kwām kit~ tɯngˊ	轉達思念 / 代為問候	engine-auto	
ฝากความคิดถึงให้เขาด้วย	fak khwam khitthueng hai khao duai	fākˇ kwām kit~ tɯngˊ haiˋ kāuˊ dhūayˋ	請幫我轉達對他的問候	engine-auto	
ฝากซื้อของได้มั้ย	fak sue khong dai mai	fākˇ sɯ̄~ kɔ̄ngˊ dhaiˋ mai~	可以幫我買東西嗎	engine-auto	
ซื้อมาฝาก	sue ma fak	sɯ̄~ mā fākˇ	買來送人 / 伴手禮	engine-auto	
ฉันซื้อมาฝากจากญี่ปุ่น	chan sue ma fak chak yipun	chanˊ sɯ̄~ mā fākˇ jākˇ yīˋ bunˇ	我從日本買來送你的	engine-auto	
ขอบคุณค่ะ	khop khun kha	kɔ̄pˇ kun kaˋ	謝謝	engine-auto	
ของฝากจากไทย	khong fak chak thai	kɔ̄ngˊ fākˇ jākˇ tai	來自泰國的伴手禮	engine-auto	
ของฝากจากไต้หวัน	khong fak chak taiwan	kɔ̄ngˊ fākˇ jākˇ daiˋ wanˊ	來自台灣的伴手禮	engine-auto	
เอาใจ	ao chai	au jai	討好 / 迎合	engine-auto	
เอาใจยาก	ao chai yak	au jai yākˋ	很難討好	engine-auto	
เอาใจเก่ง	ao chai keng	au jai gēngˇ	很會討好人 / 很貼心	engine-auto	
ไม่ใช่	mai chai	maiˋ chaiˋ	不是	engine-auto	
เอาแต่ใจตัวเอง	ao tae chai tua eng	au dɛ̄ˇ jai dūa ēng	任性 / 以自我為中心	engine-auto	
ฉันไม่ใช่คนเอาแต่ใจตัวเอง	chan mai chai khon ao tae chai tua eng	chanˊ maiˋ chaiˋ kon au dɛ̄ˇ jai dūa ēng	我不是任性的人	engine-auto	
เยี่ยม	yiam	yīamˋ	探望	engine-auto	
มาเยี่ยมเพื่อน	ma yiam phuean	mā yīamˋ pɯ̄anˋ	來探望朋友	engine-auto	
เยี่ยมไข้	yiam khai	yīamˋ kaiˋ	探病	engine-auto	
ฉันจะไปเยี่ยมไข้ค่ะ	chan cha pai yiam khai kha	chanˊ jaˇ bai yīamˋ kaiˋ kaˋ	我要去探病	engine-auto	
เยี่ยมมาก	yiam mak	yīamˋ mākˋ	非常棒	engine-auto	
ชอบกินปลาหมึกค่ะ	chop kin pla muek kha	chɔ̄pˋ gin blā mɯkˇ kaˋ	喜歡吃魷魚/章魚	engine-auto	
ไว้ผมยาว	wai phom yao	wai~ pomˊ yāu	留長髮	engine-auto	
ไว้เปีย	wai pia	wai~ bīa	留辮子	engine-auto	
ไม่เคยไว้เปีย	mai khoei wai pia	maiˋ kə̄i wai~ bīa	從沒留過辮子	engine-auto	
ไว้ใจไม่ได้	wai chai mai dai	wai~ jai maiˋ dhaiˋ	不可信任	engine-auto	
ถักเปียเป็น	thak pia pen	takˇ bīa ben	會綁辮子	engine-auto	
ฉันรับรองว่า	chan rap rong wa	chanˊ rap~ rɔ̄ng wāˋ	我保證...	engine-auto	
เขาเป็นคนไว้ใจได้	khao pen khon wai chai dai	kāuˊ ben kon wai~ jai dhaiˋ	他是個可以信任的人	book-exact	(book-exact已用引擎重新驗證)
ไปเช้าเย็นกลับ	pai chao yen klap	bai chāu~ yen glapˇ	當天來回	engine-auto	
ไปเช้าเย็นกลับได้ค่ะ ไม่เสียเวลาค่ะ	pai chao yen klap dai kha mai sia wela kha	bai chāu~ yen glapˇ dhaiˋ kaˋ maiˋ sīaˊ wē lā kaˋ	可以當天來回，不浪費時間	engine-auto	
คนหาเช้ากินค่ำ	khon ha chao kin kham	kon hāˊ chāu~ gin kamˋ	朝不保夕的人 / 靠打零工度日	engine-auto	
ชีวิตลำบาก	chiwit lambak	chī wit~ lam bhākˇ	生活困苦	engine-auto	
เห็นด้วย	hen duai	henˊ dhūayˋ	同意	engine-auto	
ความรักทำให้คนตาบอด	khwam rak tham hai khon ta bot	kwām rak~ tam haiˋ kon dā bhɔ̄tˇ	愛情使人盲目	engine-auto	
ดาวน์โหลด	daolot	dhāu lōtˇ	下載 (Download)	engine-auto	
โหลด	lot	lōtˇ	下載 / 載入	engine-auto	
อัปโหลด	aplot_	apˇ lōtˇ	上傳 (Upload)	engine-auto	
สู้	su	sūˋ	奮鬥 / 戰勝	engine-auto	
แมวกำลังสู้กัน	maeo kamlang su kan	mɛ̄u gam lang sūˋ gan	貓正在打架	engine-auto	
สู้ค่ะ	su kha	sūˋ kaˋ	加油	engine-auto	
มีแขนข้างเดียว	mi khaen khang diao	mī kɛ̄nˊ kāngˋ dhīau	只有一隻手臂	engine-auto	
เขาสู้ชีวิตมาก	khao su chiwit mak	kāuˊ sūˋ chī wit~ mākˋ	他為生活奮鬥 / 他很努力	engine-auto	
สู้ๆนะ	su su na	sūˋ sūˋ na~	加油喔	engine-auto	
สู้ไม่ได้	su mai dai	sūˋ maiˋ dhaiˋ	比不上	engine-auto	
ผมสู้เขาไม่ได้	phom su khao mai dai	pomˊ sūˋ kāuˊ maiˋ dhaiˋ	我比不上他（男）	engine-auto	
ฉันสู้เขาไม่ได้	chan su khao mai dai	chanˊ sūˋ kāuˊ maiˋ dhaiˋ	我比不上他（女）	engine-auto	
พี่สาวสวยสู้น้องสาวไม่ได้	phi sao suai su nong sao mai dai	pīˋ sāuˊ sūayˊ sūˋ nɔ̄ng~ sāuˊ maiˋ dhaiˋ	姐姐漂亮但比不上妹妹	engine-auto	
ร้านนี้อร่อยสู้ร้านนั้นไม่ได้	ran ni aroi su ran nan mai dai	rān~ nī~ aˇ rɔ̄iˋ sūˋ rān~ nan~ maiˋ dhaiˋ	這家店好吃但比不上那家店	engine-auto	
แพ้	phae	pɛ̄~	輸 / 過敏	engine-auto	
ผมแพ้เขาแล้ว	phom phae khao laeo	pomˊ pɛ̄~ kāuˊ lɛ̄u~	我輸給他了（男）	engine-auto	
ฉันแพ้เขาแล้ว	chan phae khao laeo	chanˊ pɛ̄~ kāuˊ lɛ̄u~	我輸給他了（女）	engine-auto	
สู้ๆนะอย่ายอมแพ้	su su na ya yom phae	sūˋ sūˋ na~ yāˋ yɔ̄m pɛ̄~	加油喔，不要認輸	engine-auto	
ฉันจะไม่ยอมแพ้	chan cha mai yom phae	chanˊ jaˇ maiˋ yɔ̄m pɛ̄~	我不會認輸（女）	engine-auto	
เคยแพ้ยาอะไรมั้ย	khoei phae ya arai mai	kə̄i pɛ̄~ yā aˇ rai mai~	曾經對什麼藥物過敏嗎	engine-auto	
ฉันไม่เคยแพ้ยาอะไร	chan mai khoei phae ya arai	chanˊ maiˋ kə̄i pɛ̄~ yā aˇ rai	我沒有對任何藥物過敏	engine-auto	
เขาแพ้อาหารทะเล	khao phae ahan thale	kāuˊ pɛ̄~ ā hānˊ ta~ lē	他對海鮮過敏	engine-auto	
แฟนแพ้อากาศ	faen phae akat	fɛ̄n pɛ̄~ ā gātˇ	另一半對天氣過敏	engine-auto	
แพ้ควัน	phae khwan	pɛ̄~ kwan	對煙霧過敏	engine-auto	
แพ้ควันบุหรี่	phae khwan buri	pɛ̄~ kwan bhuˇ rīˇ	對香菸煙霧過敏	engine-auto	
แพ้ควันธูป	phae khwan thup	pɛ̄~ kwan tūpˋ	對線香煙霧過敏	engine-auto	
ควันรถ	khwan rot	kwan rot~	車子的廢氣	engine-auto	
ควันดำ	khwan dam	kwan dham	黑煙	engine-auto	
ควันไฟ	khwan fai	kwan fai	火的煙霧	engine-auto	
ควันบุหรี่	khwan buri	kwan bhuˇ rīˇ	香菸的煙霧	engine-auto	
ควันธูป	khwan thup	kwan tūpˋ	線香的煙霧	engine-auto	
แพ้ควันอะไร	phae khwan arai	pɛ̄~ kwan aˇ rai	對什麼煙霧過敏	engine-auto	
รัฐบาลสั่งห้ามจุดธูป	ratthaban sang ham chut thup	rat~ bhān sangˇ hāmˋ jutˇ tūpˋ	政府下令禁止點香	engine-auto	
สุขสันต์วันเกิด	suk san wan koet	sukˇ sanˊ wan gə̄tˇ	生日快樂	engine-auto	
ชีวิตบางครั้งก็ผิดหวัง	chiwit bang khrang ko phit wang	chī wit~ bhāng krang~ gɔ̄ˋ pitˇ wangˊ	人生有時也會經歷失望	engine-auto	
คิดว่ากินได้หรือกินไม่ได้คะ	khit wa kin dai rue kin mai dai kha	kit~ wāˋ gin dhaiˋ rɯ̄ˊ gin maiˋ dhaiˋ ka~	覺得可以吃還是不能吃呢	engine-auto	
ทำต่อ	tham to	tam dɔ̄ˇ	繼續做	engine-auto	
ทำต่อไม่ได้แล้ว	tham to mai dai laeo	tam dɔ̄ˇ maiˋ dhaiˋ lɛ̄u~	不能繼續做了	engine-auto	
เอาใจ	ao chai	au jai	討好	engine-auto	
พระเอกเอาใจนางเอก	phra ek ao chai nang ek	pra~ ēkˇ au jai nāng ēkˇ	男主角討好女主角	engine-auto	
ไม่ต้องทำเป็นเอาใจฉัน	mai tong tham pen ao chai chan	maiˋ dɔ̄ngˋ tam ben au jai chanˊ	不用假裝來討好我	engine-auto	
คุณไม่ต้องทำเป็นเอาใจ	khun mai tong tham pen ao chai	kun maiˋ dɔ̄ngˋ tam ben au jai	你不需要假裝來討好	engine-auto	
เอาแต่ใจตัวเอง	ao tae chai tua eng	au dɛ̄ˇ jai dūa ēng	任性	engine-auto	
อย่าเอาแต่ใจตัวเอง	ya ao tae chai tua eng	yāˋ au dɛ̄ˇ jai dūa ēng	別任性	engine-auto	
เอาแต่ใจตัวเองไม่ดี	ao tae chai tua eng mai di	au dɛ̄ˇ jai dūa ēng maiˋ dhī	任性是不好的	engine-auto	
ทำไมเอาแต่ใจตัวเองอย่างนี้	thammai ao tae chai tua eng yang ni	tam mai au dɛ̄ˇ jai dūa ēng yāngˋ nī~	為什麼這麼任性	engine-auto	
ทำไมเอาแต่ใจตัวเองแบบนี้	thammai ao tae chai tua eng baep ni	tam mai au dɛ̄ˇ jai dūa ēng bhɛ̄pˇ nī~	為什麼這麼任性	engine-auto	
ก็ไม่ดีเลย	ko mai di loei	gɔ̄ˋ maiˋ dhī lə̄i	一點都不好	engine-auto	
เยี่ยม	yiam	yīamˋ	探望 / 優秀	engine-auto	
เพื่อนไม่สบาย	phuean mai sabai	pɯ̄anˋ maiˋ saˇ bhāi	朋友不舒服	engine-auto	
เพื่อนเป็นไข้	phuean pen khai	pɯ̄anˋ ben kaiˋ	朋友發燒	engine-auto	
เยี่ยมไข้	yiam khai	yīamˋ kaiˋ	探病	engine-auto	
ไปเยี่ยมไข้เพื่อน	pai yiam khai phuean	bai yīamˋ kaiˋ pɯ̄anˋ	去探望生病的朋友	engine-auto	
เก็บของขวัญไว้ดีๆนะ	kep khong khwan wai di di na	gepˇ kɔ̄ngˊ kwanˊ wai~ dhī dhī na~	把禮物收好喔	engine-auto	
เอากุญแจไว้ในลิ้นชัก	ao kunchae wai nai lin chak	au gun jɛ̄ wai~ nai lin~ chak~	把鑰匙放在抽屜裡	engine-auto	
ไว้ใจ	wai chai	wai~ jai	信任	engine-auto	
เขาไม่ซื่อไว้ใจไม่ได้	khao mai suea wai chai mai dai	kāuˊ maiˋ sɯ̄ˋ wai~ jai maiˋ dhaiˋ	他不誠實，不能信任	engine-auto	
หยิบเงินในลิ้นชัก	yip ngoen nai lin chak	yipˇ ngə̄n nai lin~ chak~	拿抽屜裡的錢	engine-auto	
อย่าไว้ใจเค้า	ya wai chai khao	yāˋ wai~ jai kāu~	別信任他	engine-auto	
เลิกกัน	loek kan	lə̄kˋ gan	分手	engine-auto	
เขาเห็นแก่ตัว	khao hen kae tua	kāuˊ henˊ gɛ̄ˇ dūa	他很自私	engine-auto	
ผมรับรองว่าเขาเป็นคนไว้ใจได้	phom rap rong wa khao pen khon wai chai dai	pomˊ rap~ rɔ̄ng wāˋ kāuˊ ben kon wai~ jai dhaiˋ	我保證他是個可靠的人	engine-auto	
รับรอง	rap rong	rap~ rɔ̄ng	保證	engine-auto	
ผมรับรองว่าเขาต้องมาแน่ๆ	phom rap rong wa khao tong ma nae nae	pomˊ rap~ rɔ̄ng wāˋ kāuˊ dɔ̄ngˋ mā nɛ̄ˋ nɛ̄ˋ	我保證他一定會來	engine-auto	
ฉันรับรองว่าราคานี้ไม่แพง	chan rap rong wa rakha ni mai phaeng	chanˊ rap~ rɔ̄ng wāˋ rā kā nī~ maiˋ pɛ̄ng	我保證這個價格不貴	engine-auto	
หาเช้ากินค่ำ	ha chao kin kham	hāˊ chāu~ gin kamˋ	賺一天吃一天	engine-auto	
ลำบากนิดหน่อย	lambak nit noi	lam bhākˇ nit~ nɔ̄iˇ	有點辛苦	engine-auto	
เงินเดือน 20,000 บาท	ngoen duean song muen bat	ngə̄n dhɯ̄an 20,000 bhātˇ	薪水兩萬泰銖	engine-auto	
ไม่ลำบากเลย	mai lambak loei	maiˋ lam bhākˇ lə̄i	一點都不辛苦	engine-auto	
ความรักทำให้คนตาบอด	khwam rak tham hai khon ta bot	kwām rak~ tam haiˋ kon dā bhɔ̄tˇ	愛情使人盲目	engine-auto	
เด็กคนนี้ตาบอดตั้งแต่เกิด	dek khon ni ta bot tang tae koet	dhekˇ kon nī~ dā bhɔ̄tˇ dangˋ dɛ̄ˇ gə̄tˇ	這個小孩從出生就失明	engine-auto	
ฝากกระเป๋าเดินทางที่โรงแรม	fak krapao doen thang thi rong raem	fākˇ graˇ bāuˊ dhə̄n tāng tīˋ rōng rɛ̄m	在飯店寄放行李	engine-auto	
เคยฝากกระเป๋าที่โรงแรมไหมคะ	khoei fak krapao thi rong raem mai kha	kə̄i fākˇ graˇ bāuˊ tīˋ rōng rɛ̄m maiˊ ka~	曾經在飯店寄放過行李嗎	engine-auto	
ช่วยฉันซื้อได้ไหม	chuai chan suea dai mai	chūayˋ chanˊ sɯ̄~ dhaiˋ maiˊ	可以幫我買嗎	engine-auto	
ฝากซื้อหน่อยได้ไหม	fak suea noi dai mai	fākˇ sɯ̄~ nɔ̄iˇ dhaiˋ maiˊ	可以幫忙買嗎	engine-auto	
นี่ของฝากจากไต้หวัน	ni khong fak chak taiwan	nīˋ kɔ̄ngˊ fākˇ jākˇ daiˋ wanˊ	這是來自台灣的伴手禮	engine-auto	
ฉันซื้อมาฝากคุณ	chan suea ma fak khun	chanˊ sɯ̄~ mā fākˇ kun	我買來送你的（女）	engine-auto	
เสาร์นี้ว่างไหม	sao ni wang mai	sāuˊ nī~ wāngˋ maiˊ	這個星期六有空嗎	book-exact	(book-exact已用引擎重新驗證)
เสาร์นี้ไม่ได้	sao ni mai dai	sāuˊ nī~ maiˋ dhaiˋ	這個星期六不行	engine-auto	
ลูกใกล้จะสอบแล้ว	luk klai cha sop laeo	lūkˋ glaiˋ jaˇ sɔ̄pˇ lɛ̄u~	孩子快要考試了	engine-auto	
แต่เสาร์หน้าว่างนะ	tae sao na wang na	dɛ̄ˇ sāuˊ nāˋ wāngˋ na~	但下個星期六有空喔	engine-auto	
มีอะไรให้ช่วยล่ะ	mi arai hai chuai la	mī aˇ rai haiˋ chūayˋ laˋ	有什麼需要幫忙的嗎	engine-auto	
พอดีซื้อคอนโดใหม่	pho di suea khondo mai	pɔ̄ dhī sɯ̄~ kɔ̄n dhō maiˇ	剛好買了新公寓	engine-auto	
ย้ายบ้าน	yai ban	yāi~ bhānˋ	搬家	engine-auto	
ว่างมาช่วยย้ายบ้านไหม	wang ma chuai yai ban mai	wāngˋ mā chūayˋ yāi~ bhānˋ maiˊ	有空來幫忙搬家嗎	engine-auto	
อ้าว หรอ	ao ro	āuˋ rɔ̄ˊ	真的嗎	engine-auto	
ซื้อที่ไทยหรอ	suea thi thai ro	sɯ̄~ tīˋ tai rɔ̄ˊ	在泰國買的嗎	engine-auto	
นึกว่าซื้อที่ไต้หวัน	nuek wa suea thi taiwan	nɯk~ wāˋ sɯ̄~ tīˋ daiˋ wanˊ	以為在台灣買的	engine-auto	
จะบ้าหรอ	cha ba ro	jaˇ bhāˋ rɔ̄ˊ	瘋了嗎	engine-auto	
ไต้หวันบ้านราคาแพงจะตาย	taiwan ban rakha phaeng cha tai	daiˋ wanˊ bhānˋ rā kā pɛ̄ng jaˇ dāi	台灣的房子貴得要命	engine-auto	
ฝันไปเถอะ	fan pai thoe	fanˊ bai təˇ	作夢吧	engine-auto	
ใครจะไปซื้อไหว	khrai cha pai suea wai	krai jaˇ bai sɯ̄~ waiˊ	誰買得起啊	engine-auto	
ซื้อราคาเท่าไหร่ล่ะ	suea rakha thao rai la	sɯ̄~ rā kā tāuˋ raiˇ laˋ	買多少錢呢	book-exact	(book-exact已用引擎重新驗證)
ประมาณ 5 ล้านกว่า	praman ha lan kwa	braˇ mān 5 lān~ gwāˇ	大約五百多萬	engine-auto	
พร้อมเข้าอยู่ได้ทันที	phrom khao yu dai than thi	prɔ̄m~ kāuˋ yūˋ dhaiˋ tan tī	可以馬上入住	engine-auto	
มีไมโครเวฟกับตู้เย็นแถมให้ด้วยนะคะ	mi mai khro wef kap tu yen thaem hai duai na kha	mī mai krō wēpˋ gapˇ dūˋ yen tɛ̄mˊ haiˋ dhūayˋ na~ ka~	有微波爐，連同冰箱也有送喔	engine-auto	
โหย เยี่ยมมากเลย	hoi yiam mak loei	hōiˊ yīamˋ mākˋ lə̄i	哇，非常棒	book-exact	(book-exact已用引擎重新驗證)
โหย แพงมากเลย	hoi phaeng mak loei	hōiˊ pɛ̄ng mākˋ lə̄i	哇，非常貴	engine-auto	
โหย น่ารักมากเลย	hoi na rak mak loei	hōiˊ nāˋ rak~ mākˋ lə̄i	哇，非常可愛	engine-auto	
มีรถประจำทาง	mi rot pracham thang	mī rot~ braˇ jam tāng	有公車	engine-auto	
มีรถประจำทางผ่านหลายสายเลย	mi rot pracham thang phan lai sai loei	mī rot~ braˇ jam tāng pānˇ lāiˊ sāiˊ lə̄i	有很多公車路線經過	engine-auto	
โหยฟังแล้วอยากย้ายไปอยู่ด้วยเลย	hoi fang laeo yak yai pai yu duai loei	hōiˊ fang lɛ̄u~ yākˋ yāi~ bai yūˋ dhūayˋ lə̄i	哇，聽了想跟著搬過去住	engine-auto	
โรงเรียนลูกอยู่ใกล้แถวนั้นพอดี	rong rian luk yu klai thaeo nan pho di	rōng rīan lūkˋ yūˋ glaiˋ tɛ̄uˊ nan~ pɔ̄ dhī	孩子的學校剛好在那附近	engine-auto	
ลูกเรียนอยู่ชั้นไหนแล้วเนี่ย	luk rian yu chan nai laeo nia	lūkˋ rīan yūˋ chan~ naiˊ lɛ̄u~ nīaˋ	孩子現在念幾年級了呢	engine-auto	
ตอนนี้ต้องไปเรียนพิเศษทุกวันเลย	ton ni tong pai rian phiset thuk wan loei	dɔ̄n nī~ dɔ̄ngˋ bai rīan pi~ sētˇ tuk~ wan lə̄i	現在每天都要去補習	engine-auto	
เวลาผ่านไปเร็วเนอะ	wela phan pai rew noe	wē lā pānˇ bai rew nē aˇ	時間過得很快捏	engine-auto	
ตกลงจะย้ายวันไหน	tok long cha yai wan nai	dokˇ long jaˇ yāi~ wan naiˊ	決定哪天搬家	engine-auto	
ก็โทรมานัดอีกทีแล้วกัน	ko tho ma nat ik thi laeo kan	gɔ̄ˋ tōn mā nat~ īkˇ tī lɛ̄u~ gan	那就再打電話來約吧	engine-auto	
เราจะได้เตรียมลางานไว้ก่อน	rao cha dai triam la ngan wai kon	rāu jaˇ dhaiˋ drīam lā ngān wai~ gɔ̄nˇ	我們才能先準備請假	engine-auto	
ขอบใจนะ	khop chai na	kɔ̄pˇ jai na~	謝謝喔	engine-auto	
หวังว่าจะไม่ผิดนัดนะ	wang wa cha mai phit nat na	wangˊ wāˋ jaˇ maiˋ pitˇ nat~ na~	希望不會爽約喔	engine-auto	
รับรองว่าไม่ผิดนัดแน่นอน	rap rong wa mai phit nat naenon	rap~ rɔ̄ng wāˋ maiˋ pitˇ nat~ nɛ̄ˋ nɔ̄n	保證絕對不會爽約	engine-auto	
คนอย่างเราไว้ใจได้	khon yang rao wai chai dai	kon yāngˋ rāu wai~ jai dhaiˋ	像我們這樣的人很可靠	engine-auto	
งั้นถ้าย้ายบ้านเสร็จแล้ว	ngan tha yai ban set laeo	ngan~ tāˋ yāi~ bhānˋ sretˇ lɛ̄u~	那麼如果搬完家了	engine-auto	
เดี๋ยวพาไปเลี้ยงข้าวนะ	diao pha pai liang khao na	dhīauˊ pā bai līang~ kāuˋ na~	待會帶你去吃飯 (請客)	engine-auto	
อยากกินอะไรคิดไว้เลย	yak kin arai khit wai loei	yākˋ gin aˇ rai kit~ wai~ lə̄i	想吃什麼先想好	engine-auto	
แต่ห้ามแพงเกินไปนะ	tae ham phaeng koen pai na	dɛ̄ˇ hāmˋ pɛ̄ng gə̄n bai na~	但不能太貴喔	engine-auto	
เราไม่ใช่เศรษฐี	rao mai chai setthi	rāu maiˋ chaiˋ srētˇ tīˊ	我們不是有錢人	engine-auto	
พอดี	pho di	pɔ̄ dhī	剛好	engine-auto	
พอดีผู้จัดการมีประชุมสำคัญ	pho di phu chat kan mi pra chum sam khan	pɔ̄ dhī pūˋ jatˇ gān mī braˇ chum samˊ kan	剛好經理有重要的會議	engine-auto	
มีนัด	mi nat	mī nat~	有約	engine-auto	
พอดีมีนัดกับเพื่อน	pho di mi nat kap phuan	pɔ̄ dhī mī nat~ gapˇ pɯ̄anˋ	剛好我有跟朋友約了	engine-auto	
ก็เลยไปไม่ได้	ko loei pai mai dai	gɔ̄ˋ lə̄i bai maiˋ dhaiˋ	所以不能去	engine-auto	
ทำอาหารกินเอง	tham a han kin eng	tam ā hānˊ gin ēng	自己煮菜/做飯	engine-auto	
ทำอาหารกินเองไหมคะ	tham a han kin eng mai kha	tam ā hānˊ gin ēng maiˊ ka~	有自己煮菜嗎	engine-auto	
ทำอาหารกินเองค่ะ	tham a han kin eng kha	tam ā hānˊ gin ēng kaˋ	自己煮菜	engine-auto	
เติมเก้าห้า	toem kao ha	də̄m gāuˋ hāˋ	加 95	engine-auto	
เติมเต็ม	toem tem	də̄m dem	加滿	engine-auto	
ไม่ต้องเติมอะไรแล้ว	mai tong toem a rai laeo	maiˋ dɔ̄ngˋ də̄m aˇ rai lɛ̄u~	不用再加什麼了	engine-auto	
นึกว่า	nuek wa	nɯk~ wāˋ	以為	engine-auto	
ฉันนึกว่าเขาป่วย	chan nuek wa khao puai	chanˊ nɯk~ wāˋ kāuˊ būayˇ	我以為他生病	engine-auto	
ป่วย	puai	būayˇ	生病	engine-auto	
ลาป่วย	la puai	lā būayˇ	請病假	engine-auto	
เขาหน้าอ่อนมาก	khao na on mak	kāuˊ nāˋ ɔ̄nˇ mākˋ	他臉看起來很年輕	engine-auto	
ฉันนึกว่าเขาอายุแค่ 20	chan nuek wa khao ayu khae yi sip	chanˊ nɯk~ wāˋ kāuˊ ā yu~ kɛ̄ˋ 20	我以為他年紀只20歲 (女)	engine-auto	
ผมนึกว่าเขาอายุแค่ 30	phom nuek wa khao ayu khae sam sip	pomˊ nɯk~ wāˋ kāuˊ ā yu~ kɛ̄ˋ 30	我以為他年紀只30歲 (男)	engine-auto	
ย้ายไป	yai pai	yāi~ bai	移民去	engine-auto	
ฉันนึกว่าเขาย้ายไปอยู่เมืองไทย	chan nuek wa khao yai pai yu mueang thai	chanˊ nɯk~ wāˋ kāuˊ yāi~ bai yūˋ mɯ̄ang tai	我以為他移民去泰國了	engine-auto	
พอ	pho	pɔ̄	一...就...	engine-auto	
พอนึกได้	pho nuek dai	pɔ̄ nɯk~ dhaiˋ	一想起來	engine-auto	
พอตื่นขึ้นมาก็เล่นมือถือเลย	pho tuen khuen ma ko len mue thue loei	pɔ̄ dɯ̄nˇ kɯnˋ mā gɔ̄ˋ lēnˋ mɯ̄ tɯ̄ˊ lə̄i	一醒來就玩手機	engine-auto	
ต้องทำทันที	tong tham than thi	dɔ̄ngˋ tam tan tī	必須馬上做	engine-auto	
ต้องรีบทำทันที	tong rip tham than thi	dɔ̄ngˋ rīpˋ tam tan tī	必須趕快馬上做	engine-auto	
พอนึกได้ ต้องรีบทำทันที	pho nuek dai tong rip tham than thi	pɔ̄ nɯk~ dhaiˋ dɔ̄ngˋ rīpˋ tam tan tī	一想起來，必須趕快馬上做	engine-auto	
นึกไม่ออก เอากุญแจไว้ที่ไหน	nuek mai ok ao kunchae wai thi nai	nɯk~ maiˋ ɔ̄kˇ au gun jɛ̄ wai~ tīˋ naiˊ	想不起來把鑰匙放在哪裡	engine-auto	
นึกไม่ออกว่าเอากุญแจไว้ที่ไหน	nuek mai ok wa ao kunchae wai thi nai	nɯk~ maiˋ ɔ̄kˇ wāˋ au gun jɛ̄ wai~ tīˋ naiˊ	想不起來把鑰匙放在哪裡 (帶連接詞)	engine-auto	
นอกจาก	nok chak	nɔ̄kˋ jākˇ	除了...以外	engine-auto	
นอกจากราคาถูกแล้ว ยังซื้อหนึ่งแถมหนึ่ง	nok chak ra kha thuk laeo yang sue nueng thaem nueng	nɔ̄kˋ jākˇ rā kā tūkˇ lɛ̄u~ yang sɯ̄~ nɯngˇ tɛ̄mˊ nɯngˇ	除了價格很便宜以外，還買一送一	engine-auto	
อาหารไต้หวันนอกจากเต้าหู้เหม็น	a han tai wan nok chak tao hu men	ā hānˊ daiˋ wanˊ nɔ̄kˋ jākˇ dāuˋ hūˋ menˊ	台灣的食物除了臭豆腐以外	engine-auto	
อย่างอื่นก็อร่อยนะ	yang uen ko a roi na	yāngˋ ɯ̄nˇ gɔ̄ˋ aˇ rɔ̄iˋ na~	其他也很好吃喔	engine-auto	
บะหมี่เนื้อก็อร่อย	ba mi nuea ko a roi	bhaˇ mīˇ nɯ̄a~ gɔ̄ˋ aˇ rɔ̄iˋ	牛肉麵也很好吃	engine-auto	
สระว่ายน้ำ	sa wai nam	sraˇ wāiˋ nām~	游泳池	engine-auto	
สระ	sa	sraˇ	池	engine-auto	
ว่ายน้ำ	wai nam	wāiˋ nām~	游泳	engine-auto	
สระว่ายน้ำโรงแรมนี้	sa wai nam rong raem ni	sraˇ wāiˋ nām~ rōng rɛ̄m nī~	這間旅館的游泳池	engine-auto	
ออกแบบสวยมาก	ok baep suai mak	ɔ̄kˇ bhɛ̄pˇ sūayˊ mākˋ	設計得很漂亮	engine-auto	
คอนโดที่เมืองไทย	khon do thi mueang thai	kɔ̄n dhō tīˋ mɯ̄ang tai	在泰國的公寓	engine-auto	
เยี่ยมมากเลย	yiam mak loei	yīamˋ mākˋ lə̄i	太棒了	engine-auto	
เยี่ยม	yiam	yīamˋ	拜訪/很棒	engine-auto	
ทั้ง...และ...	thang lae	tang~...lɛ~...	既...又...	engine-auto	
ที่เที่ยว	thi thiao	tīˋ tīauˋ	旅遊景點	engine-auto	
เมืองไทยมีที่เที่ยวเยอะ	mueang thai mi thi thiao yoet	mɯ̄ang tai mī tīˋ tīauˋ yə~	泰國有很多旅遊景點	engine-auto	
มีทั้งน้ำตก	mi thang nam tok	mī tang~ nām~ dokˇ	既有瀑布	engine-auto	
ภูเขาและทะเล	phu khao lae tha le	pū kāuˊ lɛ~ ta~ lē	山和海	engine-auto	
สาย	sai	sāiˊ	號/線/條/遲到	engine-auto	
ต้องนั่งรถเมล์สาย 36	tong nang rot me sai sam sip hok	dɔ̄ngˋ nangˋ rot~ mē sāiˊ 36	必須搭36號公車	engine-auto	
ต้องนั่งรถไฟฟ้าสายไหน	tong nang rot fai fa sai nai	dɔ̄ngˋ nangˋ rot~ fai fā~ sāiˊ naiˊ	必須搭捷運哪一條線	engine-auto	
แป๊บ	paep	bɛ̄p~	一下下 / 一些些	engine-auto	
แป๊บ แป๊บ	paep paep	bɛ̄p~ bɛ̄p~	一下下 / 一些些	engine-auto	
โต	to	dō	長大	engine-auto	
แป๊บแป๊บโตเป็นสาวแล้ว	paep paep to pen sao laeo	bɛ̄p~ bɛ̄p~ dō ben sāuˊ lɛ̄u~	一下下就長大變成年輕人了 (女)	engine-auto	
แป๊บแป๊บ 2 ทุ่มครึ่งแล้ว	paep paep song thum khrueng laeo	bɛ̄p~ bɛ̄p~ 2 tumˋ krɯngˋ lɛ̄u~	一下下就晚上八點半了	engine-auto	
ตกลง	tok long	dokˇ long	決定 / 到底 / 好啊 / 行啊	engine-auto	
ตกลงเราจะไปเที่ยวที่ไหนกัน	tok long rao cha pai thiao thi nai kan	dokˇ long rāu jaˇ bai tīauˋ tīˋ naiˊ gan	到底我們要去哪裡玩呢	engine-auto	
เขาตกลงทำสัญญา 2 ปี	khao tok long tham sanya song pi	kāuˊ dokˇ long tam sanˊ yā 2 bī	他決定簽合約兩年	engine-auto	
ตกลงฉันเห็นด้วย	tok long chan hen duai	dokˇ long chanˊ henˊ dhūayˋ	好啊，我同意 (女)	engine-auto	
ไม่กล้า	mai kla	maiˋ glāˋ	不敢	engine-auto	
ฉันไม่กล้ารับรองว่า	chan mai kla rap rong wa	chanˊ maiˋ glāˋ rap~ rɔ̄ng wāˋ	我不敢保證 (女)	engine-auto	
ทันเวลา	than wela	tan wē lā	來得及	engine-auto	
จะเสร็จทันเวลาไหม	cha set than wela mai	jaˇ sretˇ tan wē lā maiˊ	會來得及完成嗎	engine-auto	
ฉันไม่กล้ารับรองว่าจะเสร็จทันเวลาไหม	chan mai kla rap rong wa cha set than wela mai	chanˊ maiˋ glāˋ rap~ rɔ̄ng wāˋ jaˇ sretˇ tan wē lā maiˊ	我不敢保證會來得及完成嗎 (女)	engine-auto	
เขาเป็นเศรษฐีของเมืองไทย	khao pen setthi khong mueang thai	kāuˊ ben srētˇ tīˊ kɔ̄ngˊ mɯ̄ang tai	他是泰國的富翁	engine-auto	
เฟอร์นิเจอร์ที่นี่ทั้งถูกสวยและดี	foe ni choe thi ni thang thuk suai lae di	fə̄ ni~ jə̄ tīˋ nīˋ tang~ tūkˇ sūayˊ lɛ~ dhī	這裡的傢俱既便宜、漂亮、又好	engine-auto	
โรงงานผลิตเฟอร์นิเจอร์	rong ngan phalit foe ni choe	rōng ngān paˇ lit~ fə̄ ni~ jə̄	傢俱生產工廠	engine-auto	
ซื้อบ้านแถมเฟอร์นิเจอร์	sue ban thaem foe ni choe	sɯ̄~ bhānˋ tɛ̄mˊ fə̄ ni~ jə̄	買房送傢俱	engine-auto	
จะซื้อบ้านไหม	cha sue ban mai	jaˇ sɯ̄~ bhānˋ maiˊ	要買房子嗎	engine-auto	
ขอคิดดูก่อน	kho khit du kon	kɔ̄ˊ kit~ dhū gɔ̄nˇ	讓我考慮一下	engine-auto	
ทำงานเพื่อลูก	tham ngan phuea luk	tam ngān pɯ̄aˋ lūkˋ	為了小孩工作	engine-auto	
ทำงานเพื่อลูกสี่คน	tham ngan phuea luk si khon	tam ngān pɯ̄aˋ lūkˋ sīˇ kon	為了四個小孩工作	engine-auto	
มาเรียนภาษาไทยเพื่อที่จะทำงาน	ma rian phasa thai phuea thi cha tham ngan	mā rīan pā sāˊ tai pɯ̄aˋ tīˋ jaˇ tam ngān	來上泰文為了要工作	engine-auto	
ไปกินจิ้มจุ่มกัน	pai kin chim chum kan	bai gin jimˋ jumˇ gan	我們去吃東北陶罐火鍋吧	engine-auto	
จิ้มจุ่ม	chim chum	jimˋ jumˇ	東北陶罐火鍋	engine-auto	
ที่... แถว...	thi thaeo	tīˋ... tɛ̄uˊ...	在...附近...	engine-auto	
เต่า	tao	dāuˇ	烏龜	engine-auto	
ฮัลโหล	han lo	han hōnˊ	餵/哈囉	engine-auto	
เฮ้ย	hoei	hə̄i~	喂	engine-auto	
แก	kae	gɛ̄	你 (朋友、平輩間用)	engine-auto	
วะ	wa	wa~	啊/啦 (語氣助詞，平輩用)	engine-auto	
แกอยู่ไหนวะ	kae yu nai wa	gɛ̄ yūˋ naiˊ wa~	你在哪裡啊	engine-auto	
อย่าลืมนะ	ya luem na	yāˋ lɯ̄m na~	別忘了喔	engine-auto	
เย็นนี้เรามีนัดกัน	yen ni rao mi nat kan	yen nī~ rāu mī nat~ gan	今天晚上我們有約喔	engine-auto	
แมว	maeo	mɛ̄u	貓/貓咪	engine-auto	
จำได้สิ	cham dai si	jam dhaiˋ siˇ	記得啊	engine-auto	
สิ	si	siˇ	啊/當然 (語氣助詞)	engine-auto	
สิ้นเดือนเงินเดือนออกแล้ว	sin duan ngoen duan ok laeo	sinˋ dhɯ̄an ngə̄n dhɯ̄an ɔ̄kˇ lɛ̄u~	月底發薪水了	engine-auto	
สรุปกินจิ้มจุ่มใช่ป่ะ	sarup kin chim chum chai pa	srupˇ gin jimˋ jumˇ chaiˋ baˇ	所以是要吃東北陶罐火鍋對吧	engine-auto	
ร้านแถวไหนอ่ะ	ran thaeo nai a	rān~ tɛ̄uˊ naiˊ aˇ	餐廳在哪一帶啊	engine-auto	
อ่ะ	a	aˇ	啊 (語氣助詞)	engine-auto	
ร้านประจำ	ran pracham	rān~ braˇ jam	常去的店 / 老地方	engine-auto	
เดี๋ยวพาไปกินร้านประจำ	diao pha pai kin ran pracham	dhīauˊ pā bai gin rān~ braˇ jam	等一下帶你去吃常去的店	engine-auto	
ร้านอยู่ข้างข้างโรงหนังเอง	ran yu khang khang rong nang eng	rān~ yūˋ kāngˋ kāngˋ rōng nangˊ ēng	餐廳就在電影院旁邊而已	engine-auto	
โห	ho	hōˊ	哇 / 吼 (嘆詞)	engine-auto	
สักที	sak thi	sakˇ tī	終於 / 一次	engine-auto	
อยากกินมานานแล้ว	yak kin ma nan laeo	yākˋ gin mā nān lɛ̄u~	想吃很久了	engine-auto	
แก	kae	gɛ̄	你 (平輩用)	engine-auto	
จองโต๊ะ	chong to	jɔ̄ng do~	訂位 / 訂桌	engine-auto	
ไว้	wai	wai~	著 / 事先	engine-auto	
แกจองโต๊ะไว้แล้วหรือยัง	kae chong to wai laeo rue yang	gɛ̄ jɔ̄ng do~ wai~ lɛ̄u~ rɯ̄ˊ yang	你訂位了沒有	engine-auto	
จองแล้วตอนทุ่มนึง	chong laeo ton thum nueng	jɔ̄ng lɛ̄u~ dɔ̄n tumˋ nɯng	訂了，在晚上七點	engine-auto	
งั้นเจอกันที่ร้านเลยนะ	ngan cheo kan thi ran loei na	ngan~ jə̄ gan tīˋ rān~ lə̄i na~	那就在餐廳見面囉	engine-auto	
ที่โต๊ะอาหาร	thi to a han	tīˋ do~ ā hānˊ	在餐桌	engine-auto	
สั่งอะไรดี	sang a rai di	sangˇ aˇ rai dhī	點什麼好呢	engine-auto	
อยากกินอะไร	yak kin a rai	yākˋ gin aˇ rai	想吃什麼	engine-auto	
แล้วแต่เลย	laeo tae loei	lɛ̄u~ dɛ̄ˇ lə̄i	隨便你	engine-auto	
แล้วแต่	laeo tae	lɛ̄u~ dɛ̄ˇ	隨便	engine-auto	
ตามใจแก	tam chai kae	dām jai gɛ̄	隨你	engine-auto	
งั้น	ngan	ngan~	那麼	engine-auto	
ฉัน	chan	chanˊ	我	engine-auto	
ชุดเนื้อหนึ่ง	chut nuea nueng	chut~ nɯ̄a~ nɯngˇ	牛肉套餐一份	engine-auto	
ชุดหมูหนึ่ง	chut mu nueng	chut~ mūˊ nɯngˇ	豬肉套餐一份	engine-auto	
ชุดทะเลหนึ่ง	chut thale nueng	chut~ ta~ lē nɯngˇ	海鮮套餐一份	engine-auto	
อาหารทะเลที่นี่สดไหมอ่ะ	a han thale thi ni sot mai a	ā hānˊ ta~ lē tīˋ nīˋ sotˇ maiˊ aˇ	這裡的海鮮新鮮嗎	engine-auto	
ฉันกลัวแพ้	chan klua phae	chanˊ glūa pɛ̄~	我怕過敏	engine-auto	
ฉันเป็นลูกค้าประจำร้านนี้	chan pen luk kha pracham ran ni	chanˊ ben lūkˋ kā~ braˇ jam rān~ nī~	我是這間店的常客	engine-auto	
ลูกค้า	luk kha	lūkˋ kā~	顧客	engine-auto	
ลูกค้าประจำ	luk kha pracham	lūkˋ kā~ braˇ jam	常客	engine-auto	
ร้านนี้รับรองว่าทั้งอร่อยทั้งสดอร่อย ไว้ใจได้	ran ni rap rong wa thang a roi thang sot a roi wai chai dai	rān~ nī~ rap~ rɔ̄ng wāˋ tang~ aˇ rɔ̄iˋ tang~ sotˇ aˇ rɔ̄iˋ wai~ jai dhaiˋ	這間店保證既好吃又新鮮，可以信任	engine-auto	
ใช่ป่ะ	chai pa	chaiˋ baˇ	對不對	engine-auto	
เด็กเสิร์ฟ	dek soep	dhekˇ sə̄pˇ	服務生	engine-auto	
ทำไมเราฟังเด็กเสิร์ฟคุยกันไม่ค่อยเข้าใจเลย	thammai rao fang dek soep khui kan mai khoei khao chai loei	tam mai rāu fang dhekˇ sə̄pˇ kui gan maiˋ kɔ̄iˋ kāuˋ jai lə̄i	為什麼我聽服務生聊天，不太懂啊	engine-auto	
เด็กผู้ชาย	dek phu chai	dhekˇ pūˋ chāi	男生	engine-auto	
เด็กผู้หญิง	dek phu ying	dhekˇ pūˋ yingˊ	女生	engine-auto	
เด็กปั๊ม	dek pam	dhekˇ bam~	加油站員工	engine-auto	
ปั๊ม	pam	bam~	加油站	engine-auto	
อ๋อ	o	ɔ̄ˊ	哦 (驚嘆詞)	engine-auto	
เจ้าของร้าน	chao khong ran	jāuˋ kɔ̄ngˊ rān~	老闆 / 店東	engine-auto	
เจ้าของ	chao khong	jāuˋ kɔ̄ngˊ	主人 / 擁有者	engine-auto	
ในกรุงเทพ	nai krungthep	nai grung tēpˋ	在曼谷	engine-auto	
มีคนอีสานเยอะไหมอ่ะ	mi khon isan yoet mai a	mī kon ī sānˊ yə~ maiˊ aˇ	有很多東北部人嗎	engine-auto	
ก็เยอะนะ	ko yoet na	gɔ̄ˋ yē aˇ na~	也很多喔	engine-auto	
เข้ามา	khao ma	kāuˋ mā	進來	engine-auto	
ที่เข้ามาทำงาน	thi khao ma	tīˋ kāuˋ mā tam ngān	進來工作的人	engine-auto	
คนหาเช้ากินค่ำ	khon ha chao kin kham	kon hāˊ chāu~ gin kamˋ	日薪族 / 勉強糊口的人	engine-auto	
ชีวิตลำบาก	chiwit lambak	chī wit~ lam bhākˇ	生活艱難	engine-auto	
เช่น	chen	chēnˋ	例如	engine-auto	
แม่บ้าน	mae ban	mɛ̄ˋ bhānˋ	清潔工 / 打雜阿姨	book-exact	(book-exact已用引擎重新驗證)
เช่นแม่บ้าน	chen mae ban	chēnˋ mɛ̄ˋ bhānˋ	例如清潔工	engine-auto	
คนขับแท็กซี่	khon khap thaeksi	kon kapˇ tɛk~ sīˋ	計程車司機	engine-auto	
ยาม	yam	yām	警衛 / 保全	engine-auto	
อยู่อีสานหางานยากใช่ไหม	yu isan ha ngan yak chai mai	yūˋ ī sānˊ hāˊ ngān yākˋ chaiˋ maiˊ	住東北部找工作很難是嗎	engine-auto	
เออ	oe	ə̄	呃 / 喔	engine-auto	
อาหารมาแล้ว	ahan ma laeo	ā hānˊ mā lɛ̄u~	菜來了	engine-auto	
ดีกว่า	di kwa	dhī gwāˇ	比較好 / 更好	engine-auto	
เราเริ่มกินกันเลยดีกว่า	rao roem kin kan loei di kwa	rāu rə̄mˋ gin gan lə̄i dhī gwāˇ	我們開始吃吧	engine-auto	
อย่าเพิ่ง	ya phoeng	yāˋ pə̄ngˋ	先別 / 先不要	engine-auto	
อย่าเพิ่งอย่าเพิ่ง	ya phoeng ya phoeng	yāˋ pə̄ngˋ yāˋ pə̄ngˋ	先別先別	engine-auto	
ขอถ่ายรูปก่อน	kho thai rup kon	kɔ̄ˊ tāiˇ rūpˋ gɔ̄nˇ	讓我先拍照	engine-auto	
จะสั่งเหล้าไหม	cha sang lao mai	jaˇ sangˇ lāuˋ maiˊ	要點酒嗎	engine-auto	
ฉันเลิกกินเหล้านานแล้ว	chan loek kin lao nan laeo	chanˊ lə̄kˋ gin lāuˋ nān lɛ̄u~	我戒酒很久了	engine-auto	
เอาถ้วยมา	ao thuay ma	au tūayˋ mā	拿碗來	engine-auto	
เดี๋ยวฉันตักให้	diao chan tak hai	dhīauˊ chanˊ dakˇ haiˋ	等一下我幫你舀	engine-auto	
ขอบใจ	khop chai	kɔ̄pˇ jai	謝謝 (平輩用)	engine-auto	
ขอบใจมากนะ	khop chai mak na	kɔ̄pˇ jai mākˋ na~	很謝謝你喔	engine-auto	
ระวังร้อนนะ	rawang ron na	ra~ wang rɔ̄n~ na~	小心燙喔	engine-auto	
ค่อยๆ	khoi khoi	kɔ̄iˋ kɔ̄iˋ	慢慢地	engine-auto	
ค่อยๆ กิน	khoi khoi kin	kɔ̄iˋ kɔ̄iˋ gin	慢慢吃	engine-auto	
เคี้ยว	khiao	kīau~	咀嚼	engine-auto	
ช้าๆ	cha cha	chā~ chā~	慢慢地 (二字)	engine-auto	
เคี้ยวช้าๆ	khiao cha cha	kīau~ chā~ chā~	慢慢咀嚼	engine-auto	
ช่วยหยิบทิชชู่ให้หน่อย	chuay yip thitchu hai noi	chūayˋ yipˇ tit~ chūˋ haiˋ nɔ̄iˇ	幫拿一下面紙	engine-auto	
โห ผู้หญิงที่ไว้ผมยาว นั่งโต๊ะข้างๆ	ho phu ying thi wai phom yao nang to khang khang	hōˊ pūˋ yingˊ tīˋ wai~ pomˊ yāu nangˋ do~ kāngˋ kāngˋ	坐在隔壁桌留長頭髮的女生	engine-auto	
คนนั้นนะสูบบุหรี่ เราไม่ชอบเลย	khon nan na sup buri rao mai chop loei	kon nan~ na~ sūpˇ bhuˇ rīˇ rāu maiˋ chɔ̄pˋ lə̄i	那個人抽菸，我完全不喜歡	engine-auto	
เราแพ้ควันบุหรี่	rao phae khwan buri	rāu pɛ̄~ kwan bhuˇ rīˇ	我對菸過敏	engine-auto	
โห น้ำจิ้มอร่อยมากเลย	ho nam chim aroi mak loei	hōˊ nām~ jimˋ aˇ rɔ̄iˋ mākˋ lə̄i	沾醬非常好吃	engine-auto	
อยากซื้อเป็นของฝาก	yak seu pen khong fak	yākˋ sɯ̄~ ben kɔ̄ngˊ fākˇ	想要買當伴手禮	engine-auto	
ให้เพื่อนที่ไต้หวัน	hai phuan thi tai wan	haiˋ pɯ̄anˋ tīˋ daiˋ wanˊ	給台灣的朋友	engine-auto	
ได้สิ เขามีขาย	dai si khao mi khai	dhaiˋ siˇ kāuˊ mī kāiˊ	可以啊，他有賣	engine-auto	
มันเก็บไว้ได้นานไหมอ่ะ	man kep wai dai nan mai a	man gepˇ wai~ dhaiˋ nān maiˊ aˇ	它能放很久嗎	engine-auto	
เก็บไว้ได้ถึงปีหน้า	kep wai dai theung pi na	gepˇ wai~ dhaiˋ tɯngˊ bī nāˋ	可以留到明年	engine-auto	
เรียกเขาเช็คบิลเลยไหม	riak khao chek bin loei mai	rīakˋ kāuˊ chek~ bhin lə̄i maiˊ	叫他來結帳吧	engine-auto	
อิ่มมาก กินไม่ไหวแล้ว	im mak kin mai wai laeo	imˇ mākˋ gin maiˋ waiˊ lɛ̄u~	好飽喔，吃不下了	engine-auto	
โอเค น้องๆ เช็คบิลค่ะ	o khe nong nong chek bin kha	ō kē nɔ̄ng~ nɔ̄ng~ chek~ bhin kaˋ	OK，服務生，結帳	engine-auto	
เด็กเสิร์ฟ	dek soep	dhekˇ sə̄pˇ	服務生	engine-auto	
รอเงินทอนสักครู่นะคะ	ro ngoen thon sak khru na kha	rɔ̄ ngə̄n tɔ̄n sakˇ krūˋ na~ ka~	請稍等找零	engine-auto	
ไม่ต้องทอนค่ะ	mai tong thon kha	maiˋ dɔ̄ngˋ tɔ̄n kaˋ	不用找	engine-auto	
ให้ทิป	hai thip	haiˋ tip~	給你小費	engine-auto	
สรุป	sarup	srupˇ	總結	engine-auto	
สรุปกินจิ้มจุ่มป่ะ	sarup kin chim chum pa	srupˇ gin jimˋ jumˇ baˇ	結論是吃泰式小土鍋嗎？	engine-auto	
สรุปว่าเราจะไปดูทะเลหมอกกันนะ	sarup wa rao cha pai du thale mok kan na	srupˇ wāˋ rāu jaˇ bai dhū ta~ lē mɔ̄kˇ gan na~	結論是我們要一起去看雲海喔	engine-auto	
ไปดูทะเลหมอกกันนะ	pai du thale mok kan na	bai dhū ta~ lē mɔ̄kˇ gan na~	一起去看雲海喔	engine-auto	
ข่าว	khao	kāuˇ	新聞	engine-auto	
ข่าวเขียนว่าอะไรบ้าง	khao khian wa arai bang	kāuˇ kīanˊ wāˋ aˇ rai bhāngˋ	新聞寫了些什麼	engine-auto	
ข่าวพูดว่าอะไรบ้าง	khao phut wa arai bang	kāuˇ pūtˋ wāˋ aˇ rai bhāngˋ	新聞說了些什麼	engine-auto	
ช่วย	chuai	chūayˋ	請 / 幫忙	engine-auto	
ให้ฟังหน่อย	hai fang noi	haiˋ fang nɔ̄iˇ	讓（我）聽一下	engine-auto	
ช่วยสรุปให้ฟังหน่อย	chuai sarup hai fang noi	chūayˋ srupˇ haiˋ fang nɔ̄iˇ	請幫我總結一下	engine-auto	
เช่น	chen	chēnˋ	例如	engine-auto	
สินค้า	sinkha	sinˊ kā~	商品	engine-auto	
เสียภาษี	sia phasi	sīaˊ pā sīˊ	付稅	engine-auto	
ภาษี	phasi	pā sīˊ	稅	engine-auto	
ต่ำมาก	tam mak	damˇ mākˋ	非常低	engine-auto	
เช่นผักเสียภาษีต่ำมาก	chen phak sia phasi tam mak	chēnˋ pakˇ sīaˊ pā sīˊ damˇ mākˋ	例如青菜付稅非常低	engine-auto	
ไต้หวันมีของอร่อย	taiwan mi khong aroi	daiˋ wanˊ mī kɔ̄ngˊ aˇ rɔ̄iˋ	台灣有好吃的東西	engine-auto	
หลายอย่าง	lai yang	lāiˊ yāngˋ	好幾種 / 許多	engine-auto	
หลายอย่างเช่น	lai yang chen	lāiˊ yāngˋ chēnˋ	好幾種 例如	engine-auto	
โรงเรียนรัฐบาล	rongrian ratthaban	rōng rīan rat~ bhān	公立學校	engine-auto	
ครูโรงเรียนรัฐบาล	khru rongrian ratthaban	krū rōng rīan rat~ bhān	公立學校的老師	engine-auto	
ค่าเทอม	kha thoem	kāˋ tə̄m	學費	engine-auto	
ค่าเทอมแพงไหม	kha thoem phaeng mai	kāˋ tə̄m pɛ̄ng maiˊ	學費貴嗎	engine-auto	
ค่าเทอมแพงมาก	kha thoem phaeng mak	kāˋ tə̄m pɛ̄ng mākˋ	學費很貴	engine-auto	
โรงบาล	rongban	rōng bhān	醫院（口語）	engine-auto	
ค่าหมอแพง	kha mo phaeng	kāˋ mɔ̄ˊ pɛ̄ng	看診費貴	engine-auto	
ตั้งโรงงาน	tang rongngan	dangˋ rōng ngān	設立工廠	engine-auto	
ผลิต	phalit	paˇ lit~	生產	engine-auto	
โรงงานอยู่ภาคตะวันออก	rongngan yu phak tawan ok	rōng ngān yūˋ pākˋ daˇ wan ɔ̄kˇ	工廠在東部	engine-auto	
โรงพัก	rongphak	rōng pak~	派出所	engine-auto	
เมื่อก่อนของหายต้องไปโรงพัก	muea kon khong hai tong pai rongphak	mɯ̄aˋ gɔ̄nˇ kɔ̄ngˊ hāiˊ dɔ̄ngˋ bai rōng pak~	以前東西不見必須去派出所	engine-auto	
แต่เดี๋ยวนี้ไม่ต้องไปโรงพักก็ได้	tae diao ni mai tong pai rongphak ko dai	dɛ̄ˇ dhīauˊ nī~ maiˋ dɔ̄ngˋ bai rōng pak~ gɔ̄ˋ dhaiˋ	但是現在不用去派出所也可以	engine-auto	
ปริญญา	parinya	brin yā	學歷	book-exact	(book-exact已用引擎重新驗證)
ก็ไปเรียนต่อปริญญาโท	ko pai rian tor parinya tho	gɔ̄ˋ bai rīan dɔ̄ˇ brin yā tō	就去繼續唸碩士	engine-auto	
ปริญญาโท	parinya tho	brin yā tō	碩士學位	engine-auto	
เรียนต่อปริญญาโทที่เมืองนอก	rian tor parinya tho thi mueang nok	rīan dɔ̄ˇ brin yā tō tīˋ mɯ̄ang nɔ̄kˋ	在國外繼續唸碩士	engine-auto	
เขาสอบได้คะแนนสูงที่สุด	khao sop dai khanan sung thi sut	kāuˊ sɔ̄pˇ dhaiˋ ka~ nɛ̄n sūngˊ tīˋ sutˇ	他考試得到最高分	engine-auto	
ข้อสอบยากมาก	kho sop yak mak	kɔ̄ˋ sɔ̄pˇ yākˋ mākˋ	考題非常難	engine-auto	
ซ่อมไม่ได้แล้ว	som mai dai laeo	sɔ̄mˋ maiˋ dhaiˋ lɛ̄u~	修不好了	engine-auto	
ต้องซื้อใหม่	tong su mai	dɔ̄ngˋ sɯ̄~ maiˇ	必須買新的	engine-auto	
ค่าซ่อมเท่าไร แพงไหม	kha som thao rai phaeng mai	kāˋ sɔ̄mˋ tāuˋ rai pɛ̄ng maiˊ	修理費多少？貴嗎？	engine-auto	
เริ่ม	roem	rə̄mˋ	開始	engine-auto	
เริ่มหิวแล้ว	roem hiu laeo	rə̄mˋ hiwˊ lɛ̄u~	開始餓了	engine-auto	
เริ่มมีความรัก	roem mi khwam rak	rə̄mˋ mī kwām rak~	開始有愛情	engine-auto	
เลิก	loek	lə̄kˋ	停止／戒掉	engine-auto	
ฉันเลิกเหล้าไม่ได้	chan loek lao mai dai	chanˊ lə̄kˋ lāuˋ maiˋ dhaiˋ	我無法戒酒	engine-auto	
ไหว	wai	waiˊ	受得住	engine-auto	
ซื้อไม่ไหว	sue mai wai	sɯ̄~ maiˋ waiˊ	買不起	engine-auto	
ฉันซื้อไหว	chan sue wai	chanˊ sɯ̄~ waiˊ	我買得起	engine-auto	
ลา	la	lā	請假	engine-auto	
ขอลากิจไปทำธุระ	kho la kit pai tham thura	kɔ̄ˊ lā gitˇ bai tam tu~ ra~	請事假去辦事	engine-auto	
ลาออก	la ok	lā ɔ̄kˇ	離職	engine-auto	
ลาพักร้อน	la phak ron	lā pak~ rɔ̄n~	請年休假	engine-auto	
ปีนี้ลาพักร้อนได้ 15 วัน	pi ni la phak ron dai 15 wan	bī nī~ lā pak~ rɔ̄n~ dhaiˋ 15 wan	今年可以請年休假15天	engine-auto	
ประจำ	pra tsam	braˇ jam	常常	engine-auto	
ทำไมมาสายประจำ	tham mai ma sai pra tsam	tam mai mā sāiˊ braˇ jam	為什麼常常遲到	engine-auto	
ลูกค้าประจำ	luk kha pra tsam	lūkˋ kā~ braˇ jam	常客	engine-auto	
ฉันเป็นลูกค้าประจำที่นี่	chan pen luk kha pra tsam thi ni	chanˊ ben lūkˋ kā~ braˇ jam tīˋ nīˋ	我是這裡的常客	engine-auto	
งานประจำเงินเดือนสูง	ngan pra tsam ngoen duean sung	ngān braˇ jam ngə̄n dhɯ̄an sūngˊ	正職薪水很高	engine-auto	
จ่ายค่าอาหาร	tsai kha a han	jāiˇ kāˋ ā hānˊ	付餐費	engine-auto	
ลืมจ่ายค่าอาหาร	luem tsai kha a han	lɯ̄m jāiˇ kāˋ ā hānˊ	忘記付餐費	engine-auto	
ยังไม่จ่ายภาษี	yang mai tsai pha si	yang maiˋ jāiˇ pā sīˊ	還沒付稅	engine-auto	
ไม่ต้องใช้เงินสด	mai tong tsai ngoen sot	maiˋ dɔ̄ngˋ chai~ ngə̄n sotˇ	不用現金	engine-auto	
จ่ายผ่านมือถือ	tsai phan mue thue	jāiˇ pānˇ mɯ̄ tɯ̄ˊ	透過手機支付	engine-auto	
เถ้าแก่ ยังไม่ทอนเงินนะคะ	thao kae yang mai thon ngoen na kha	tāuˋ gɛ̄ˇ yang maiˋ tɔ̄n ngə̄n na~ ka~	老闆，還沒找錢喔	engine-auto	
ขอโทษ ขอโทษ ผมลืมทอนเงิน	kho thot kho thot phom luem thon ngoen	kɔ̄ˊ tōtˋ kɔ̄ˊ tōtˋ pomˊ lɯ̄m tɔ̄n ngə̄n	對不起，對不起，我忘記找錢了	engine-auto	
นี่ เงินทอนครับ	ni ngoen thon khrap	nīˋ ngə̄n tɔ̄n krap~	這是找的錢	engine-auto	
เพิ่ม	phem	pə̄mˋ	增加	engine-auto	
จะสั่งอะไรเพิ่มไหมคะ	ja sang arai phem mai kha	jaˇ sangˇ aˇ rai pə̄mˋ maiˊ ka~	還要再點什麼嗎？	engine-auto	
ต้มยำกุ้งเพิ่มค่ะ	tom yam kung phem kha	domˋ yam gungˋ pə̄mˋ kaˋ	加點冬陰功（酸辣蝦湯）	engine-auto	
ไปกินบุฟเฟต์	pai kin bupfe	bai gin bhupˇ fē	去吃吃到飽	engine-auto	
ต้องจ่ายเพิ่มเก้าสิบเก้าบาท	tong chai phem kao sip kao bat	dɔ̄ngˋ jāiˇ pə̄mˋ gāuˋ sipˇ gāuˋ bhātˇ	需要再加付 99 銖	engine-auto	
กุญแจหายแล้ว	kunjae hai laew	gun jɛ̄ hāiˊ lɛ̄u~	鑰匙不見了	engine-auto	
ทำยังไงดี	tham yang ngai di	tam yang ngai dhī	怎麼辦才好	engine-auto	
มือถือหาย	mue thue hai	mɯ̄ tɯ̄ˊ hāiˊ	手機不見了	engine-auto	
หายไปไหนมา	hai pai nai ma	hāiˊ bai naiˊ mā	消失去哪裡了？	engine-auto	
ไม่เจอกันนาน	mai cheo kan nan	maiˋ jə̄ gan nān	好久不見	engine-auto	
ตัก	tak	dakˇ	舀 / 夾	engine-auto	
อย่าตักเยอะเกินไป	ya tak yoe koen pai	yāˋ dakˇ yə~ gə̄n bai	別舀太多	engine-auto	
หยิบ	yip	yipˇ	拿	engine-auto	
ช่วยหยิบทิชชู่ให้หน่อย	chuai yip thit chu hai noi	chūayˋ yipˇ tit~ chūˋ haiˋ nɔ̄iˇ	請幫我拿一下衛生紙	engine-auto	
ลิ้นชัก	lin chak	lin~ chak~	抽屜	engine-auto	
ช่วยหยิบเอกสารในลิ้นชักให้หน่อย	chuai yip ek kasan nai lin chak hai noi	chūayˋ yipˇ ēkˇ sānˊ nai lin~ chak~ haiˋ nɔ̄iˇ	請幫我拿一下抽屜裡的文件	engine-auto	
ดึง	dueng	dhɯng	拉	engine-auto	
ดึงไม่ออก	dueng mai ok	dhɯng maiˋ ɔ̄kˇ	拉不出來	engine-auto	
ฉันช่วยคุณดึง	chan chuai khun dueng	chanˊ chūayˋ kun dhɯng	我幫你拉	engine-auto	
เคี้ยว	khiao	kīau~	嚼	engine-auto	
คุณยายชอบเคี้ยวหมาก	khun yai chop khiao mak	kun yāi chɔ̄pˋ kīau~ mākˇ	外婆喜歡嚼檳榔	engine-auto	
แน่น	naen	nɛ̄nˋ	緊 / 擁擠	engine-auto	
บนรถเมล์คนแน่นมาก	bon rot me khon naen mak	bhon rot~ mē kon nɛ̄nˋ mākˋ	公車上人非常擁擠	engine-auto	
ถ้าจับไม่แน่น	tha chap mai naen	tāˋ japˇ maiˋ nɛ̄nˋ	如果抓不緊	engine-auto	
อาจตกได้	at tok dai	ātˇ dokˇ dhaiˋ	可能會掉下去	engine-auto	
กอด	kot	gɔ̄tˇ	抱	engine-auto	
แม่กอดลูก	mae kot luk	mɛ̄ˋ gɔ̄tˇ lūkˋ	媽媽抱小孩	engine-auto	
พระเอกกอดนางเอก	phra ek kot nang ek	pra~ ēkˇ gɔ̄tˇ nāng ēkˇ	男主角抱女主角	engine-auto	
ย้าย	yai	yāi~	搬 / 搬家	engine-auto	
เตรียมตัวย้ายเข้าบ้านใหม่	triam tua yai khao ban mai	drīam dūa yāi~ kāuˋ bhānˋ maiˇ	準備搬進新家	engine-auto	
หลังแต่งงานก็ย้ายมาอยู่ไต้หวัน	lang taeng ngan ko yai ma yu tai wan	langˊ dɛ̄ngˇ ngān gɔ̄ˋ yāi~ mā yūˋ daiˋ wanˊ	結婚後就搬來台灣住	engine-auto	
ตำแหน่ง	tam naeng	dam nɛ̄ngˇ	職位	engine-auto	
ตำแหน่งผู้จัดการ	tam naeng phu chat kan	dam nɛ̄ngˇ pūˋ jatˇ gān	經理職位	engine-auto	
ตำแหน่งผู้ช่วย	tam naeng phu chuai	dam nɛ̄ngˇ pūˋ chūayˋ	助理職位	engine-auto	
ตำแหน่งแม่บ้าน	tam naeng mae ban	dam nɛ̄ngˇ mɛ̄ˋ bhānˋ	房務 / 清潔人員職位	engine-auto	
แทน	thaen	tɛ̄n	代替	engine-auto	
ใช้ปากกาดำแทนก็ได้	chai pakka dam thaen ko dai	chai~ bākˇ gā dham tɛ̄n gɔ̄ˋ dhaiˋ	用黑色筆代替也可以	engine-auto	
เอาปลานึ่งมะนาวแทนได้ไหมคะ	ao pla nueng manao thaen dai mai kha	au blā nɯngˋ ma~ nāu tɛ̄n dhaiˋ maiˊ ka~	拿檸檬蒸魚代替可以嗎？	engine-auto	
ครูพูดเร็ว	khru phut reu	krū pūtˋ rew	老師說得很快	engine-auto	
ถึงหมายเลข 84 หรือยังครับ	thueng mai lek 84 rue yang khrap	tɯngˊ māiˊ lēkˋ 84 rɯ̄ˊ yang krap~	到 84 號了嗎？	engine-auto	
ขอหมายเลขบัญชีด้วย	kho mai lek ban chi duai	kɔ̄ˊ māiˊ lēkˋ bhan chī dhūayˋ	請給我帳戶號碼	engine-auto	
เตรียม	triam	drīam	準備	engine-auto	
เตรียมตัวไปเที่ยว	triam tua pai thiao	drīam dūa bai tīauˋ	準備去玩	engine-auto	
เตรียมเอกสาร	triam ek kasan	drīam ēkˇ sānˊ	準備文件	engine-auto	
พร้อม	phrom	prɔ̄m~	準備好	engine-auto	
อาหารพร้อมแล้ว	a han phrom laew	ā hānˊ prɔ̄m~ lɛ̄u~	餐點準備好了	engine-auto	
พร้อมออกเดินทางแล้ว	phrom ok doen thang laew	prɔ̄m~ ɔ̄kˇ dhə̄n tāng lɛ̄u~	準備好要出發了	engine-auto	
นัด	nat	nat~	約定	engine-auto	
วันนี้ 1 ทุ่ม	wan ni nueng thum	wan nī~ 1 tumˋ	今天晚上七點	engine-auto	
มีนัดดูหนังกับเพื่อน	mi nat du nang kap phuen	mī nat~ dhū nangˊ gapˇ pɯ̄anˋ	有跟朋友約去看電影	engine-auto	
แต่เพื่อนผิดนัด	tae phuen phit nat	dɛ̄ˇ pɯ̄anˋ pitˇ nat~	但朋友違約（放鴿子）	engine-auto	
ภาษี	pha si	pā sīˊ	稅金	engine-auto	
ต้องจ่ายภาษีกี่เปอร์เซ็นต์	tong chai pha si ki po sen	dɔ̄ngˋ jāiˇ pā sīˊ gīˇ bə̄ sen	要付幾%的稅	engine-auto	
แถม	thaem	tɛ̄mˊ	贈送	engine-auto	
ซื้อจานแถมแก้ว	su chan thaem kaew	sɯ̄~ jān tɛ̄mˊ gɛ̄uˋ	買盤子送杯子	engine-auto	
ซื้อ 10,000 บาท	su nueng muen bat	sɯ̄~ 10,000 bhātˇ	買滿 10,000 銖	engine-auto	
รับฟรีของแถม 3 ชิ้น	rap fri khong thaem sam chin	rap~ frī kɔ̄ngˊ tɛ̄mˊ 3 chin~	免費獲得 3 件贈品	engine-auto	
ตั้งโรงงาน	ttang rong ngan	dangˋ rōng ngān	設立工廠	engine-auto	
ความฝันของยูจุนคืออะไรคะ	khwam fan khong yu jun khue a rai kha	kwām fanˊ kɔ̄ngˊ yū jun kɯ̄ aˇ rai ka~	你的夢想是什麼呢	engine-auto	
ตั้งใจ	ttang chai	dangˋ jai	認真	book-exact	(book-exact已用引擎重新驗證)
ตั้งนาฬิกา	ttang na li ka	dangˋ nā li~ gā	設定鬧鐘	engine-auto	
ตีห้า	ti ha	dī hāˋ	凌晨五點	engine-auto	
เจ็ดโมงเช้า	chet mong chao	jetˇ mōng chāu~	早上七點	engine-auto	
ตั้งนาฬิกาเจ็ดโมงเช้า	ttang na li ka chet mong chao	dangˋ nā li~ gā jetˇ mōng chāu~	設定早上七點鬧鐘	engine-auto	
ผลิต	pha lit	paˇ lit~	生產	engine-auto	
ขาย	khai	kāiˊ	賣	engine-auto	
ในประเทศ	nai pra thet	nai braˇ tētˋ	國內	engine-auto	
ผลิตขายในประเทศ	pha lit khai nai pra thet	paˇ lit~ kāiˊ nai braˇ tētˋ	內銷生產	engine-auto	
โรงงาน	rong ngan	rōng ngān	工廠	engine-auto	
เครื่องใช้ไฟฟ้า	khrueang chai fai fa	krɯ̄angˋ chai~ fai fā~	家電	engine-auto	
ผู้ป่วย	phu puai	pūˋ būayˇ	病人	engine-auto	
ออกแบบ	ok baep	ɔ̄kˇ bhɛ̄pˇ	設計	engine-auto	
ออกแบบเยี่ยมมาก	ok baep yiam mak	ɔ̄kˇ bhɛ̄pˇ yīamˋ mākˋ	設計得非常讚	engine-auto	
ออกแบบก่อนแล้วค่อยผลิต	ok baep kon laeo khoi pha lit	ɔ̄kˇ bhɛ̄pˇ gɔ̄nˇ lɛ̄u~ kɔ̄iˋ paˇ lit~	先設計然後再生產	engine-auto	
ขับรถ	khap rot	kapˇ rot~	開車	book-exact	(book-exact已用引擎重新驗證)
ตั้งแต่วันแรกที่เจอเขา	ttang tae wan raek thi cheo khao	dangˋ dɛ̄ˇ wan rɛ̄kˋ tīˋ jə̄ kāuˊ	從遇到他的第一天起	engine-auto	
ลองชิมดู ผมรับรองว่าคุณจะติดใจ	long chim du phom rap rong wa khun cha tit chai	lɔ̄ng chim dhū pomˊ rap~ rɔ̄ng wāˋ kun jaˇ ditˇ jai	試吃看看，我保證你會上癮	engine-auto	
ฉันรับรองว่าเขาเป็นคนไว้ใจได้	chan rap rong wa khao pen khon wai chai dai	chanˊ rap~ rɔ̄ng wāˋ kāuˊ ben kon wai~ jai dhaiˋ	我保證他是值得信任的人	engine-auto	
อย่าลองใจเขาบ่อย	ya long chai khao boi	yāˋ lɔ̄ng jai kāuˊ bhɔ̄iˇ	別常常試探他	engine-auto	
คุณลองคิดดูซิ	khun long khit du si	kun lɔ̄ng kit~ dhū si~	你試著想想看吧	engine-auto	
ทำไมเขามาเอาใจคุณ	tham mai khao ma ao chai khun	tam mai kāuˊ mā au jai kun	為什麼他會來討好你	engine-auto	
ฉันคิดว่าเขาไว้ใจได้	chan khit wa khao wai chai dai	chanˊ kit~ wāˋ kāuˊ wai~ jai dhaiˋ	我認為他可以信任	engine-auto	
เริ่มนะคะ	roem na ka	rə̄mˋ na~ ka~	開始喔	engine-auto	
สู้	su	sūˋ	拼 / 加油	engine-auto	
สู้ๆ นะ	su su na	sūˋ sūˋ na~	加油喔	engine-auto	
สู้ๆ นะ อย่ายอมแพ้ ค่ะ	su su na ya yom phae kha	sūˋ sūˋ na~ yāˋ yɔ̄m pɛ̄~ kaˋ	加油喔，不要放棄（女性敬語）	engine-auto	
แพ้	phae	pɛ̄~	輸 / 過敏	engine-auto	
ยา	ya	yā	藥	book-exact	(book-exact已用引擎重新驗證)
แพ้ยา	phae ya	pɛ̄~ yā	對藥過敏	engine-auto	
แพ้ยาอะไรมั้ยคะ	phae ya a rai mai ka	pɛ̄~ yā aˇ rai mai~ ka~	對什麼藥過敏嗎？	engine-auto	
ไม่มีค่ะ	mai mi ka	maiˋ mī kaˋ	沒有	engine-auto	
ไม่แพ้ค่ะ	mai phae ka	maiˋ pɛ̄~ kaˋ	不會過敏	engine-auto	
อากาศ	a kat	ā gātˇ	天氣 / 空氣	book-exact	(book-exact已用引擎重新驗證)
แพ้อากาศ	phae a kat	pɛ̄~ ā gātˇ	對天氣過敏	engine-auto	
แพ้อากาศค่ะ	phae a kat ka	pɛ̄~ ā gātˇ kaˋ	對天氣過敏（女性敬語）	engine-auto	
ธูป	thup	tūpˋ	香（線香）	engine-auto	
ควัน	khwan	kwan	煙	engine-auto	
ควันธูป	khwan thup	kwan tūpˋ	線香煙霧	engine-auto	
แพ้ควันธูป	phae khwan thup	pɛ̄~ kwan tūpˋ	對線香煙霧過敏	engine-auto	
ไม่แพ้ควันธูป	mai phae khwan thup	maiˋ pɛ̄~ kwan tūpˋ	不會對線香煙霧過敏	engine-auto	
บุหรี่	bu ri	bhuˇ rīˇ	香菸	engine-auto	
ควันบุหรี่	khwan bu ri	kwan bhuˇ rīˇ	菸味 / 二手菸	engine-auto	
แพ้ควันบุหรี่	phae khwan bu ri	pɛ̄~ kwan bhuˇ rīˇ	對二手菸過敏	engine-auto	
ไม่แพ้ควันบุหรี่	mai phae khwan bu ri	maiˋ pɛ̄~ kwan bhuˇ rīˇ	不會對二手菸過敏	engine-auto	
ไม่แพ้ควันบุหรี่ค่ะ	mai phae khwan bu ri ka	maiˋ pɛ̄~ kwan bhuˇ rīˇ kaˋ	不會對二手菸過敏（女性敬語）	engine-auto	
ทีม	thim	tīm	隊伍	engine-auto	
ทีมเอ	thim e	tīm ē	A隊	engine-auto	
ทีมบี	thim bi	tīm bhī	B隊	engine-auto	
ทีมเอแพ้ทีมบี	thim e phae thim bi	tīm ē pɛ̄~ tīm bhī	A隊輸給B隊	engine-auto	
คะแนน	kha naen	ka~ nɛ̄n	分數 / 得分	engine-auto	
แพ้ 3 คะแนน	phae sam kha naen	pɛ̄~ 3 ka~ nɛ̄n	輸了3分	engine-auto	
เยี่ยม	yiam	yīamˋ	拜訪 / 讚	engine-auto	
จาก	chak	jākˇ	來自 / 從	engine-auto	
เมืองไทย	mueang thai	mɯ̄ang tai	泰國	engine-auto	
ไต้หวัน	tai wan	daiˋ wanˊ	台灣	engine-auto	
รสชาติ	rot chat	rot~ chātˋ	味道 / 風味	book-exact	(book-exact已用引擎重新驗證)
หวัง	wang	wangˊ	希望	engine-auto	
ผิดหวัง	phit wang	pitˇ wangˊ	失望	engine-auto	
คุณทำให้ฉันผิดหวัง	khun tham hai chan phit wang	kun tam haiˋ chanˊ pitˇ wangˊ	你讓我失望	engine-auto	
มีความฝัน	mi khwam fan	mī kwām fanˊ	有夢想	engine-auto	
มีความหวัง	mi khwam wang	mī kwām wangˊ	有希望	engine-auto	
มีความฝันก็มีความหวัง	mi khwam fan ko mi khwam wang	mī kwām fanˊ gɔ̄ˋ mī kwām wangˊ	有夢想就有希望	engine-auto	
ฉันหวังว่าคุณจะมีความสุข	chan wang wa khun ja mi khwam suk	chanˊ wangˊ wāˋ kun jaˇ mī kwām sukˇ	我希望你會幸福	engine-auto	
ฉันหวังว่าคุณจะเข้าใจ	chan wang wa khun ja khao jai	chanˊ wangˊ wāˋ kun jaˇ kāuˋ jai	我希望你會了解	engine-auto	
คบ	khop	kop~	交往	derived	
นึกว่า	nuek wa	nɯk~ wāˋ	以為	engine-auto	
ฉันนึกว่าคุณมีแฟนแล้ว	chan nuek wa khun mi faen laeo	chanˊ nɯk~ wāˋ kun mī fɛ̄n lɛ̄u~	我以為你已經有對象了	engine-auto	
เขาลอยกันนานแล้ว	khao loek kan nan laeo	kāuˊ lɔ̄i gan nān lɛ̄u~	他們分手很久了	engine-auto	
ฉันนึกว่าเขาลอยกันนานแล้ว	chan nuek wa khao loek kan nan laeo	chanˊ nɯk~ wāˋ kāuˊ lɔ̄i gan nān lɛ̄u~	我以為他們分手很久了	engine-auto	
เอาแต่ใจตัวเอง	ao tae jai tua eng	au dɛ̄ˇ jai dūa ēng	任性	engine-auto	
ลูกสาวเอาแต่ใจตัวเอง	luk sao ao tae jai tua eng	lūkˋ sāuˊ au dɛ̄ˇ jai dūa ēng	女兒很任性	engine-auto	
ไม่มีใครเอาแต่ใจตัวเอง	mai mi khrai ao tae jai tua eng	maiˋ mī krai au dɛ̄ˇ jai dūa ēng	沒有人任性	engine-auto	
น้องสาวเอาแต่ใจตัวเอง	nong sao ao tae jai tua eng	nɔ̄ng~ sāuˊ au dɛ̄ˇ jai dūa ēng	妹妹很任性	engine-auto	
หลานสาวเอาแต่ใจตัวเอง	lan sao ao tae jai tua eng	lānˊ sāuˊ au dɛ̄ˇ jai dūa ēng	孫女很任性	engine-auto	
หมายความว่า	mai khwam wa	māiˊ kwām wāˋ	意思是	engine-auto	
คุณพูดแบบนี้หมายความว่าอะไร	khun phut baep ni mai khwam wa arai	kun pūtˋ bhɛ̄pˇ nī~ māiˊ kwām wāˋ aˇ rai	你說這樣是什麼意思	engine-auto	
คำนี้หมายความว่าอะไรคะ	kham ni mai khwam wa arai kha	kam nī~ māiˊ kwām wāˋ aˇ rai ka~	這個字是什麼意思？	engine-auto	
คำนี้หมายความว่ากินข้าว	kham ni mai khwam wa kin khao	kam nī~ māiˊ kwām wāˋ gin kāuˋ	這個字的意思是吃飯	engine-auto	
ไว้ใจ	wai jai	wai~ jai	信任	engine-auto	
อยากลาออก	yak la ok	yākˋ lā ɔ̄kˇ	想要離職	engine-auto	
อย่าลาออก	ya la ok	yāˋ lā ɔ̄kˇ	別離職	engine-auto	
เดี๋ยวก็ได้กินแล้ว	diao ko dai kin laeo	dhīauˊ gɔ̄ˋ dhaiˋ gin lɛ̄u~	等一下就可以吃了	engine-auto	
บังเอิญ	bang oen	bhang ə̄n	剛好	engine-auto	
บังเอิญกลับบ้านทางเดียวกัน	bang oen klap ban thang diao kan	bhang ə̄n glapˇ bhānˋ tāng dhīau gan	剛好同路回家	engine-auto	
รับรองว่า	rap rong wa	rap~ rɔ̄ng wāˋ	保證	engine-auto	
แล้วค่อย	laeo khoi	lɛ̄u~ kɔ̄iˋ	然後再	engine-auto	
แล้วค่อยไป	laeo khoi pai	lɛ̄u~ kɔ̄iˋ bai	然後再去	engine-auto	
อาบน้ำ แปรงฟันก่อน	ap nam praeng fan kon	āpˇ nām~ brɛ̄ng fan gɔ̄nˇ	先洗澡、刷牙	engine-auto	
แล้วค่อยนอน	laeo khoi non	lɛ̄u~ kɔ̄iˋ nɔ̄n	然後再睡覺	engine-auto	
เท่ดีค่ะ	the di kha	tēˋ dhī kaˋ	挺帥的	engine-auto	
ลำบาก	lam bak	lam bhākˇ	辛苦	engine-auto	
คนหาเช้ากินค่ำ	khon ha chao kin kham	kon hāˊ chāu~ gin kamˋ	討生活的人	engine-auto	
ชีวิตลำบาก	chi wit lam bak	chī wit~ lam bhākˇ	生活很辛苦	engine-auto	
ลำบาก แต่ ฉันจะไม่ยอมแพ้	lam bak tae chan cha mai yom phae	lam bhākˇ dɛ̄ˇ chanˊ jaˇ maiˋ yɔ̄m pɛ̄~	雖然辛苦，但我不會放棄	engine-auto	
ตาบอด	ta bot	dā bhɔ̄tˇ	瞎眼	engine-auto	
ความรักทำให้คนตาบอด	khwam rak tham hai khon ta bot	kwām rak~ tam haiˋ kon dā bhɔ̄tˇ	愛情讓人盲目	engine-auto	
เขาตาบอด	khao ta bot	kāuˊ dā bhɔ̄tˇ	他瞎了	engine-auto	
มองเห็น	mong hen	mɔ̄ng henˊ	看得見	engine-auto	
มองไม่เห็น	mong mai hen	mɔ̄ng maiˋ henˊ	看不到	engine-auto	
มองอะไรก็ไม่เห็น	mong arai ko mai hen	mɔ̄ng aˇ rai gɔ̄ˋ maiˋ henˊ	什麼都看不見	engine-auto	
เขาตาบอด มองอะไรก็ไม่เห็น	khao ta bot mong arai ko mai hen	kāuˊ dā bhɔ̄tˇ mɔ̄ng aˇ rai gɔ̄ˋ maiˋ henˊ	他瞎了，什麼都看不見	engine-auto	
ตาบอดเหรอ	ta bot lo	dā bhɔ̄tˇ hēˊ rɔ̄	眼睛瞎了嗎	engine-auto	
ก็อยู่ตรงนั้นเอง	ko yu trong nan eng	gɔ̄ˋ yūˋ drong nan~ ēng	就在那邊而已	engine-auto	
ขึ้น	khuen	kɯnˋ	上	engine-auto	
ขึ้นเครื่องบิน	khuen khrueang bin	kɯnˋ krɯ̄angˋ bhin	上飛機	engine-auto	
ขึ้นไปข้างบน	khuen pai khang bon	kɯnˋ bai kāngˋ bhon	上去樓上	engine-auto	
ลง	long	long	下	book-exact	(book-exact已用引擎重新驗證)
ลงบันได	long ban dai	long bhan dhai	下樓梯	engine-auto	
ออก	ok	ɔ̄kˇ	出 / 看得出來	engine-auto	
อ่านออกไหม	an ok mai	ānˇ ɔ̄kˇ maiˊ	讀得出嗎	engine-auto	
ทำ	tham	tam	做	engine-auto	
ทำนา	tham na	tam nā	務農 / 做田	engine-auto	
ขึ้นเวที	khuen we thi	kɯnˋ wē tī	上台	engine-auto	
ขึ้นเขา	khuen khao	kɯnˋ kāuˊ	上山	engine-auto	
ขับรถ	khap rot	kapˇ rot~	開車	book-exact	(book-exact已用引擎重新驗證)
เดินเขา	doen khao	dhə̄n kāuˊ	爬山 / 健行	engine-auto	
เดินขึ้นเขา	doen khuen khao	dhə̄n kɯnˋ kāuˊ	步行上山	engine-auto	
นั่งแท็กซี่	nang thaeksi	nangˋ tɛk~ sīˋ	坐計程車	engine-auto	
ไม่มีคนเก็บเงิน	mai mi khon kep ngoen	maiˋ mī kon gepˇ ngə̄n	沒有人收錢	engine-auto	
เร็วๆ หน่อย	reo reo noi	rew rew nɔ̄iˇ	快一點	engine-auto	
ขึ้นเป็นหัวหน้า	khuen pen hua na	kɯnˋ ben hūaˊ nāˋ	升為主管	engine-auto	
ฉันขึ้นเป็นหัวหน้าแล้ว	chan khuen pen hua na laeo	chanˊ kɯnˋ ben hūaˊ nāˋ lɛ̄u~	我升為主管了	engine-auto	
ยินดีด้วย	yin di duai	yin dhī dhūayˋ	恭喜	engine-auto	
พอนึกขึ้นได้	pho nuek khuen dai	pɔ̄ nɯk~ kɯnˋ dhaiˋ	一想起來	engine-auto	
พอตื่นขึ้นมาก็เล่นมือถือเลย	pho tuen khuen ma ko len mue thue loei	pɔ̄ dɯ̄nˇ kɯnˋ mā gɔ̄ˋ lēnˋ mɯ̄ tɯ̄ˊ lə̄i	一起床就玩手機	engine-auto	
นึกขึ้นได้	nuek khuen dai	nɯk~ kɯnˋ dhaiˋ	想起來	engine-auto	
นึกไม่ออก	nuek mai ok	nɯk~ maiˋ ɔ̄kˇ	想不起來	engine-auto	
พอน้ำหนักขึ้น	pho nam nak khuen	pɔ̄ nām~ nakˇ kɯnˋ	一體重增加	engine-auto	
น้ำหนัก	nam nak	nām~ nakˇ	體重	engine-auto	
น้ำหนักขึ้น	nam nak khuen	nām~ nakˇ kɯnˋ	體重增加	engine-auto	
น้ำหนักไม่ขึ้น	nam nak mai khuen	nām~ nakˇ maiˋ kɯnˋ	體重沒增加	engine-auto	
ไม่กินข้าวเย็น	mai kin khao yen	maiˋ gin kāuˋ yen	不吃晚餐	engine-auto	
ราคาแพงขึ้น	ra kha phaeng khuen	rā kā pɛ̄ng kɯnˋ	價格變貴	engine-auto	
แพงขึ้น	phaeng khuen	pɛ̄ng kɯnˋ	變貴	engine-auto	
ตัวสูงขึ้น	tua sung khuen	dūa sūngˊ kɯnˋ	長高 / 身材變高	engine-auto	
สูงขึ้น	sung khuen	sūngˊ kɯnˋ	變高	engine-auto	
ไม่สูงขึ้นแล้ว	mai sung khuen laeo	maiˋ sūngˊ kɯnˋ lɛ̄u~	已經沒有變高了	engine-auto	
สบายใจขึ้น	sabai chai khuen	saˇ bhāi jai kɯnˋ	心情輕鬆起來	engine-auto	
ตอนนี้ยากขึ้น	ton ni yak khuen	dɔ̄n nī~ yākˋ kɯnˋ	現在變難了	engine-auto	
ลง	long	long	下 / 降 / 降下	book-exact	(book-exact已用引擎重新驗證)
ลงทุน	long thun	long tun	投資	engine-auto	
ทุน	thun	tun	資金 / 資本 / 本錢	book-exact	(book-exact已用引擎重新驗證)
ลงทุนซื้อหุ้น	long thun su hun	long tun sɯ̄~ hunˋ	投資買股票	engine-auto	
ลงทุนเปิดร้าน	long thun poet ran	long tun bə̄tˇ rān~	投資開店	engine-auto	
ถ้ามีเงิน คุณจะลงทุนอะไร	tha mi ngoen khun cha long thun arai	tāˋ mī ngə̄n kun jaˇ long tun aˇ rai	如果有錢，你要投資什麼	engine-auto	
ตั้งโรงงาน	tang rong ngan	dangˋ rōng ngān	設廠 / 建工廠	engine-auto	
ต้องมีทุน	tong mi thun	dɔ̄ngˋ mī tun	要有資金 / 必須有資本	engine-auto	
ลงโทษ	long thot	long tōtˋ	處罰 / 懲罰	engine-auto	
ขอโทษ	kho thot	kɔ̄ˊ tōtˋ	對不起	engine-auto	
โดนลงโทษ	don long thot	dhōn long tōtˋ	被處罰	engine-auto	
เคยถูกลงโทษค่ะ	khei thuk long thot kha	kə̄i tūkˇ long tōtˋ kaˋ	曾被處罰過	engine-auto	
ลงมือทำ	long mue tham	long mɯ̄ tam	動手做 / 親自做	engine-auto	
ชอบพูด แต่ไม่ชอบลงมือทำ	chop phut tae mai chop long mue tham	chɔ̄pˋ pūtˋ dɛ̄ˇ maiˋ chɔ̄pˋ long mɯ̄ tam	喜歡說，但不喜歡動手做	engine-auto	
ลงมือทำเอง	long mue tham eng	long mɯ̄ tam ēng	自己親自做	engine-auto	
ลงหนังสือพิมพ์	long nang sue phim	long nangˊ sɯ̄ˊ pim	登報 / 上報紙	engine-auto	
ลงโฆษณา	long kho sa na	long kōtˋ nā	刊登廣告 / 下廣告	engine-auto	
โฆษณา	kho sa na	kōtˋ nā	廣告	engine-auto	
เคยดูโฆษณาไทยไหม	khei du kho sa na thai mai	kə̄i dhū kōtˋ nā tai maiˊ	曾看過泰國廣告嗎	engine-auto	
น้ำตาไหล	nam ta lai	nām~ dā laiˊ	流眼淚 / 掉眼淚	engine-auto	
ต้องลงโฆษณา	tong long kho sa na	dɔ̄ngˋ long kōtˋ nā	必須刊登廣告	engine-auto	
ลงทะเบียน	long thabian	long ta~ bhīan	註冊／登記／掛號	engine-auto	
ลงทะเบียนอีเมล	long thabian email	long ta~ bhīan ī mēn	註冊電子郵件	engine-auto	
ลงทะเบียนเรียน	long thabian rian	long ta~ bhīan rīan	報名上課	engine-auto	
แย่ลง	yae long	yɛ̄ˋ long	變差	engine-auto	
อาการแย่ลง	akan yae long	ā gān yɛ̄ˋ long	症狀變差	engine-auto	
ภาษาจีนแย่ลง	phasa chin yae long	pā sāˊ jīn yɛ̄ˋ long	中文變差	engine-auto	
ผอมลง	phom long	pɔ̄mˊ long	變瘦	engine-auto	
อากาศเย็นลงแล้ว	akat yen long laew	ā gātˇ yen long lɛ̄u~	天氣變涼了	engine-auto	
วันเสาร์อากาศจะเย็นลง	wan sao akat cha yen long	wan sāuˊ ā gātˇ jaˇ yen long	星期六天氣會變涼	engine-auto	
ราคาถูกลง	raka thuk long	rā kā tūkˇ long	價格變便宜	engine-auto	
ราคาแพงขึ้น	raka phaeng khuen	rā kā pɛ̄ng kɯnˋ	價格變貴	engine-auto	
ลงพุง	long phung	long pung	發福／大肚腩	engine-auto	
มีพุง	mi phung	mī pung	有小腹	engine-auto	
พุงใหญ่	phung yai	pung yaiˇ	肚子很大	engine-auto	
ออก	ok	ɔ̄kˇ	出／發	engine-auto	
ออกไปข้างนอก	ok pai khang nok	ɔ̄kˇ bai kāngˋ nɔ̄kˋ	出去外面	engine-auto	
ออกเสียงชัด	ok siang chat	ɔ̄kˇ sīangˊ chat~	發音清楚	engine-auto	
ออกเงิน	ok ngoen	ɔ̄kˇ ngə̄n	出錢	engine-auto	
ไปกินข้าวกัน	pai kin khao kan	bai gin kāuˋ gan	一起去吃飯	engine-auto	
คุณไม่ต้องออกเงิน	khun mai tong ok ngoen	kun maiˋ dɔ̄ngˋ ɔ̄kˇ ngə̄n	你不用出錢	engine-auto	
ฉันออกเงินเอง	chan ok ngoen eng	chanˊ ɔ̄kˇ ngə̄n ēng	我自己出錢	engine-auto	
ออกโทรทัศน์	ok thorathat	ɔ̄kˇ tōn tat~	上電視	engine-auto	
เคยออกโทรทัศน์มั้ยคะ	khey ok thorathat mai kha	kə̄i ɔ̄kˇ tōn tat~ mai~ ka~	有曾經上過電視嗎	engine-auto	
วันนี้ออกจากบ้านแล้ว	wan ni ok chak ban laew	wan nī~ ɔ̄kˇ jākˇ bhānˋ lɛ̄u~	今天出門了	engine-auto	
ออกไปทำอะไร	ok pai tham arai	ɔ̄kˇ bai tam aˇ rai	出去幹嘛	engine-auto	
ออกไปทำงาน	ok pai tham ngan	ɔ̄kˇ bai tam ngān	出去工作	engine-auto	
ลาออก	la ok	lā ɔ̄kˇ	離職	engine-auto	
ออกจากงาน	ok chak ngan	ɔ̄kˇ jākˇ ngān	離職／離開工作	engine-auto	
เขาออกจากงาน 3 เดือนที่แล้วแล้ว	khao ok chak ngan sam duan thi laew laew	kāuˊ ɔ̄kˇ jākˇ ngān 3 dhɯ̄an tīˋ lɛ̄u~ lɛ̄u~	他三個月前就離職了	engine-auto	
เหงื่อออก	ngua ok	ngɯ̄aˇ ɔ̄kˇ	出汗／流汗	engine-auto	
เหงื่อไหล	ngua lai	ngɯ̄aˇ laiˊ	流汗	engine-auto	
เลือดไหล	luat lai	lɯ̄atˋ laiˊ	流血	engine-auto	
เลือดออก	luat ok	lɯ̄atˋ ɔ̄kˇ	流血／出血	engine-auto	
เงินเดือนออกวันที่เท่าไหร่	ngoen duan ok wan thi thao rai	ngə̄n dhɯ̄an ɔ̄kˇ wan tīˋ tāuˋ raiˇ	幾號發薪水	engine-auto	
เงินเดือนออกวันที่ 30	ngoen duan ok wan thi sam sip	ngə̄n dhɯ̄an ɔ̄kˇ wan tīˋ 30	30號發薪水	engine-auto	
รถออกกี่โมง	rot ok ki mong	rot~ ɔ̄kˇ gīˇ mōng	車子幾點開	engine-auto	
รถออกบ่ายโมง	rot ok bai mong	rot~ ɔ̄kˇ bhāiˇ mōng	車子下午一點開	engine-auto	
เรือออกวันละ 5 เที่ยว	rua ok wan la ha thiao	rɯ̄a ɔ̄kˇ wan la~ 5 tīauˋ	船一天有五班	engine-auto	
รถมีกี่เที่ยว	rot mi ki thiao	rot~ mī gīˇ tīauˋ	車子有幾班	engine-auto	
เที่ยวสุดท้าย	thiao sut thai	tīauˋ sutˇ tāi~	最後一班	engine-auto	
ทำตัวดี	tham tua di	tam dūa dhī	行為端正	engine-auto	
ต้องทำตัวดีนะ	tong tham tua di na	dɔ̄ngˋ tam dūa dhī na~	要表現好喔	engine-auto	
ทำตัวดีๆ	tham tua di di	tam dūa dhī dhī	表現好好的	engine-auto	
อย่าทำตัวไม่ดี	ya tham tua mai di	yāˋ tam dūa maiˋ dhī	別表現不好	engine-auto	
ทำตัว	tham tua	tam dūa	表現／做出行為	engine-auto	
ทำใจ	tham chai	tam jai	調適心情／接受	engine-auto	
ทำใจแล้ว	tham chai laew	tam jai lɛ̄u~	已經接受了	engine-auto	
ทำใจไม่ได้	tham chai mai dai	tam jai maiˋ dhaiˋ	無法接受	engine-auto	
ทำตามหน้าที่	tham tam na thi	tam dām nāˋ tīˋ	按職責做	engine-auto	
ทำจากอะไร	tham chak arai	tam jākˇ aˇ rai	用什麼做的	engine-auto	
ทำจากข้าวเหนียวกับเลือดหมู	tham chak khao niao kap luat mu	tam jākˇ kāuˋ nīauˊ gapˇ lɯ̄atˋ mūˊ	用糯米和豬血做的	engine-auto	
ทำจากอะไรคะ	tham chak arai kha	tam jākˇ aˇ rai ka~	是用什麼做的呢	engine-auto	
ทำอะไรไม่ถูก	tham arai mai thuk	tam aˇ rai maiˋ tūkˇ	手足無措	engine-auto	
ตื่นเต้น	tuen ten	dɯ̄nˇ dēnˋ	緊張	engine-auto	
ทำร้าย	tham rai	tam rāi~	傷害	engine-auto	
ทำร้ายตัวเอง	tham rai tua eng	tam rāi~ dūa ēng	傷害自己	engine-auto	
ทำร้ายคนอื่น	tham rai khon uen	tam rāi~ kon ɯ̄nˇ	傷害別人	engine-auto	
ทำร้ายจิตใจ	tham rai chit chai	tam rāi~ jitˇ jai	傷害心靈	engine-auto	
ทำร้ายร่างกาย	tham rai rang kai	tam rāi~ rāngˋ gāi	傷害身體	engine-auto	
เขาทำร้ายร่างกายฉัน	khao tham rai rang kai chan	kāuˊ tam rāi~ rāngˋ gāi chanˊ	他傷害我的身體	engine-auto	
ทำความเข้าใจกัน	tham khwam khao chai kan	tam kwām kāuˋ jai gan	互相理解	engine-auto	
ขึ้นอยู่กับ	khuen yu kap	kɯnˋ yūˋ gapˇ	取決於	engine-auto	
ขึ้นอยู่กับเวลา	khuen yu kap wela	kɯnˋ yūˋ gapˇ wē lā	看時間而定	engine-auto	
ขึ้นอยู่กับเงิน	khuen yu kap ngoen	kɯnˋ yūˋ gapˇ ngə̄n	看錢而定	engine-auto	
ขึ้นอยู่กับอากาศ	khuen yu kap akat	kɯnˋ yūˋ gapˇ ā gātˇ	看天氣而定	engine-auto	
ตกลงว่ายังไง	tok long wa yang ngai	dokˇ long wāˋ yang ngai	到底怎麼樣	engine-auto	
ตกลงจะไปมั้ย	tok long cha pai mai	dokˇ long jaˇ bai mai~	到底要去嗎	engine-auto	
ตกลงจะกินอะไร	tok long cha kin arai	dokˇ long jaˇ gin aˇ rai	到底要吃什麼	engine-auto	
รัฐบาลออกข่าว	rat tha ban ok khao	rat~ bhān ɔ̄kˇ kāuˇ	政府發布新聞	engine-auto	
รัฐบาลออกกฎหมายใหม่	rat tha ban ok kot mai mai	rat~ bhān ɔ̄kˇ gotˇ māiˊ maiˇ	政府頒布新法律	book-exact	(book-exact已用引擎重新驗證)
รับ	rap	rap~	接／收	engine-auto	
คนขับรถ	khon khap rot	kon kapˇ rot~	司機	engine-auto	
ยาม	yam	yām	警衛	engine-auto	
ไม่ได้เก่งอะไร	mai dai keng arai	maiˋ dhaiˋ gēngˇ aˇ rai	沒有多厲害	engine-auto	
เพิ่งเรียนเอง	phoeng rian eng	pə̄ngˋ rīan ēng	才剛開始學而已	engine-auto	
มืออาชีพ	mue achip	mɯ̄ ā chīpˋ	專業人士／職業的	engine-auto	
นักมวยมืออาชีพ	nak muai mue achip	nak~ mūay mɯ̄ ā chīpˋ	職業拳擊手	engine-auto	
เขาเป็นนักมวยมืออาชีพ	khao pen nak muai mue achip	kāuˊ ben nak~ mūay mɯ̄ ā chīpˋ	他是職業拳擊手	engine-auto	
นักกีฬา	nak kila	nak~ gī lā	運動員	engine-auto	
รายได้	rai dai	rāi dhaiˋ	收入	engine-auto	
รายได้สูง	rai dai sung	rāi dhaiˋ sūngˊ	收入高	engine-auto	
นักกีฬามืออาชีพรายได้สูง	nak kila mue achip rai dai sung	nak~ gī lā mɯ̄ ā chīpˋ rāi dhaiˋ sūngˊ	職業運動員收入高	engine-auto	
อาชีพ	achip	ā chīpˋ	職業	engine-auto	
เขาทำอาชีพอะไร	khao tham achip arai	kāuˊ tam ā chīpˋ aˇ rai	他從事什麼職業？	engine-auto	
ฝีมือ	fi mue	fīˊ mɯ̄	手藝／技術	engine-auto	
ฝีมือดี	fi mue di	fīˊ mɯ̄ dhī	手藝好／技術好	engine-auto	
พ่อครัว	pho khrua	pɔ̄ˋ krūa	男廚師	engine-auto	
พ่อครัวร้านนี้ฝีมือดี	pho khrua ran ni fi mue di	pɔ̄ˋ krūa rān~ nī~ fīˊ mɯ̄ dhī	這家店的廚師手藝很好	engine-auto	
ช่างภาพ	chang phap	chāngˋ pāpˋ	攝影師	engine-auto	
ช่างภาพคนนี้ฝีมือดี	chang phap khon ni fi mue di	chāngˋ pāpˋ kon nī~ fīˊ mɯ̄ dhī	這位攝影師技術很好	engine-auto	
ถ่ายรูป	thai rup	tāiˇ rūpˋ	拍照	engine-auto	
ถ่ายภาพ	thai phap	tāiˇ pāpˋ	攝影／拍照	engine-auto	
ถ่ายรูปสวยมาก	thai rup suai mak	tāiˇ rūpˋ sūayˊ mākˋ	照片拍得很漂亮	engine-auto	
ถ่ายภาพสวยมาก	thai phap suai mak	tāiˇ pāpˋ sūayˊ mākˋ	照片拍得很漂亮	engine-auto	
ฝีเท้า	fi thao	fīˊ tāu~	腳上功夫／球技	engine-auto	
นักฟุตบอลคนนี้ฝีเท้าดี	nak futbon khon ni fi thao di	nak~ fut~ bhɔ̄n kon nī~ fīˊ tāu~ dhī	這位足球員球技很好	engine-auto	
ฝีปาก	fi pak	fīˊ bākˇ	口才	engine-auto	
มีชื่อเสียง	mi chue siang	mī chɯ̄ˋ sīangˊ	有名／知名	engine-auto	
ดารา	dara	dhā rā	明星	engine-auto	
เป็นดาราที่มีชื่อเสียง	pen dara thi mi chue siang	ben dhā rā tīˋ mī chɯ̄ˋ sīangˊ	是知名明星	engine-auto	
เขาเป็นดาราดัง	khao pen dara dang	kāuˊ ben dhā rā dhang	他是當紅明星	engine-auto	
นางแบบ	nang baep	nāng bhɛ̄pˇ	女模特兒	engine-auto	
นายแบบ	nai baep	nāi bhɛ̄pˇ	男模特兒	engine-auto	
เป็นนางแบบที่มีชื่อเสียง	pen nang baep thi mi chue siang	ben nāng bhɛ̄pˇ tīˋ mī chɯ̄ˋ sīangˊ	是知名女模特兒	engine-auto	
นักการเมือง	nak kan mueang	nak~ gān mɯ̄ang	政治人物	engine-auto	
เป็นนักการเมืองที่มีชื่อเสียง	pen nak kan mueang thi mi chue siang	ben nak~ gān mɯ̄ang tīˋ mī chɯ̄ˋ sīangˊ	是知名政治人物	engine-auto	
ช่างแต่งหน้า	chang taeng na	chāngˋ dɛ̄ngˇ nāˋ	化妝師	engine-auto	
เป็นช่างแต่งหน้าที่มีชื่อเสียง	pen chang taeng na thi mi chue siang	ben chāngˋ dɛ̄ngˇ nāˋ tīˋ mī chɯ̄ˋ sīangˊ	是知名化妝師	engine-auto	
ดัง	dang	dhang	有名／熱門	engine-auto	
รายการ	rai kan	rāi gān	節目	engine-auto	
รายการนี้ดังมาก ใครๆ ก็ดู	rai kan ni dang mak khrai khrai ko du	rāi gān nī~ dhang mākˋ krai krai gɔ̄ˋ dhū	這個節目很紅，大家都看	engine-auto	
ข่าวนี้ดังมาก ใครๆ ก็รู้	khao ni dang mak khrai khrai ko ru	kāuˇ nī~ dhang mākˋ krai krai gɔ̄ˋ rū~	這則新聞很轟動，大家都知道	engine-auto	
นักร้องบนเวที	nak rong bon wethi	nak~ rɔ̄ng~ bhon wē tī	舞台上的歌手	engine-auto	
นักร้องบนเวทีชื่ออะไร	nak rong bon wethi chue arai	nak~ rɔ̄ng~ bhon wē tī chɯ̄ˋ aˇ rai	舞台上的歌手叫什麼名字？	engine-auto	
ไว้ใจ	wai chai	wai~ jai	信任	engine-auto	
นักการเมืองไว้ใจได้ไหม	nak kan mueang wai chai dai mai	nak~ gān mɯ̄ang wai~ jai dhaiˋ maiˊ	政治人物可以信任嗎？	engine-auto	
นักการเมืองไว้ใจไม่ได้	nak kan mueang wai chai mai dai	nak~ gān mɯ̄ang wai~ jai maiˋ dhaiˋ	政治人物不能信任	engine-auto	
ช่างซ่อม	chang som	chāngˋ sɔ̄mˋ	維修師傅	engine-auto	
ช่วยเรียกช่างซ่อมให้หน่อย	chuai riak chang som hai noi	chūayˋ rīakˋ chāngˋ sɔ̄mˋ haiˋ nɔ̄iˇ	請幫我叫維修師傅	engine-auto	
เริ่มงานเก้าโมงเช้า	raem ngan kao mong chao	rə̄mˋ ngān gāuˋ mōng chāu~	早上九點開始上班	engine-auto	
ค่าจ้าง	kha chang	kāˋ jāngˋ	工資／酬勞	engine-auto	
ประมาณ	praman	braˇ mān	大約	engine-auto	
ชั่วโมงละ	chua mong la	chūaˋ mōng la~	每小時	engine-auto	
สั่ง	sang	sangˇ	點餐／下令	engine-auto	
สั่งไปนานแล้วแต่ยังไม่มาเสิร์ฟ	sang pai nan laeo tae yang mai ma soep	sangˇ bai nān lɛ̄u~ dɛ̄ˇ yang maiˋ mā sə̄pˇ	點很久了但還沒送來	engine-auto	
ช่วยดูให้หน่อย	chuai du hai noi	chūayˋ dhū haiˋ nɔ̄iˇ	請幫我看一下	engine-auto	
เสิร์ฟลูกเทนนิส	soep luk tennis	sə̄pˇ lūkˋ tēn nit~	發網球	engine-auto	
ฝากเงิน	fak ngoen	fākˇ ngə̄n	存錢	engine-auto	
เปิดบัญชี	poet banchi	bə̄tˇ bhan chī	開戶	engine-auto	
ครัว	khrua	krūa	廚房／廚	book-exact	(book-exact已用引擎重新驗證)
แม่ครัว	mae khrua	mɛ̄ˋ krūa	女廚師	engine-auto	
แม่ครัวฝีมือดี	mae khrua fi mue di	mɛ̄ˋ krūa fīˊ mɯ̄ dhī	女廚師手藝很好	engine-auto	
ครอบครัว	khrop khrua	krɔ̄pˋ krūa	家庭	engine-auto	
ครอบครัวของฉัน	khrop khrua khong chan	krɔ̄pˋ krūa kɔ̄ngˊ chanˊ	我的家庭（女性）	engine-auto	
ครอบครัวใหญ่	khrop khrua yai	krɔ̄pˋ krūa yaiˇ	大家庭	engine-auto	
ครอบครัวเล็ก	khrop khrua lek	krɔ̄pˋ krūa lek~	小家庭	engine-auto	
ครอบครัวของฉันเป็นครอบครัวเล็ก	khrop khrua khong chan pen khrop khrua lek	krɔ̄pˋ krūa kɔ̄ngˊ chanˊ ben krɔ̄pˋ krūa lek~	我的家庭是小家庭（女性）	engine-auto	
ห้องครัว	hong khrua	hɔ̄ngˋ krūa	廚房	engine-auto	
แม่ทำอาหารอยู่ในครัว	mae tham ahan yu nai khrua	mɛ̄ˋ tam ā hānˊ yūˋ nai krūa	媽媽正在廚房做飯	engine-auto	
ผู้ช่วย	phu chuai	pūˋ chūayˋ	助理	engine-auto	
ตำแหน่ง	tamnaeng	dam nɛ̄ngˇ	職位	engine-auto	
ผู้จัดการใหญ่	phu chat kan yai	pūˋ jatˇ gān yaiˇ	總經理	engine-auto	
เข้าประชุม	khao prachum	kāuˋ braˇ chum	參加會議／進會議室	engine-auto	
ผู้ประกาศข่าว	phu prakat khao	pūˋ braˇ gātˇ kāuˇ	新聞主播／播報員	engine-auto	
ผู้ประกาศข่าวต้องออกเสียงชัด	phu prakat khao tong ok siang chat	pūˋ braˇ gātˇ kāuˇ dɔ̄ngˋ ɔ̄kˇ sīangˊ chat~	新聞主播必須發音清楚	engine-auto	
ประกาศ	prakat	braˇ gātˇ	宣布／公告／廣播	engine-auto	
ประกาศหยุดเรียน	prakat yut rian	braˇ gātˇ yutˇ rīan	宣布停課	engine-auto	
ประกาศแต่งงาน	prakat taeng ngan	braˇ gātˇ dɛ̄ngˇ ngān	宣布結婚	engine-auto	
กำลังจะปิด	kamlang cha pit	gam lang jaˇ bitˇ	即將關門	engine-auto	
ห้างกำลังจะปิดแล้ว	hang kamlang cha pit laeo	hāngˋ gam lang jaˇ bitˇ lɛ̄u~	百貨公司快關門了	engine-auto	
ประกาศห้างกำลังจะปิดแล้ว	prakat hang kamlang cha pit laeo	braˇ gātˇ hāngˋ gam lang jaˇ bitˇ lɛ̄u~	廣播百貨公司快關門了	engine-auto	
ค้า	kha	kā~	買賣／交易	book-exact	(book-exact已用引擎重新驗證)
ยาบ้า	ya ba	yā bhāˋ	安非他命	engine-auto	
สินค้า	sinkha	sinˊ kā~	商品	engine-auto	
สินค้านำเข้า	sinkha nam khao	sinˊ kā~ nam kāuˋ	進口商品	engine-auto	
ร้านค้า	ran kha	rān~ kā~	商店	engine-auto	
ปากซอยมีร้านค้าเยอะ	pak soi mi ran kha yoe	bākˇ sɔ̄i mī rān~ kā~ yə~	巷口有很多商店	engine-auto	
พ่อค้า	pho kha	pɔ̄ˋ kā~	男商人／男攤販	engine-auto	
พ่อค้าหมูในตลาด	pho kha mu nai talat	pɔ̄ˋ kā~ mūˊ nai daˇ lātˋ	市場裡賣豬肉的男攤販	engine-auto	
แม่ค้า	mae kha	mɛ̄ˋ kā~	女商人／女攤販	engine-auto	
แม่ค้าใจดี	mae kha chai di	mɛ̄ˋ kā~ jai dhī	老闆娘很大方／人很好	engine-auto	
ลูกค้า	luk kha	lūkˋ kā~	顧客	engine-auto	
ท่องเที่ยว	thong thiao	tɔ̄ngˋ tīauˋ	旅遊	engine-auto	
นักท่องเที่ยว	nak thong thiao	nak~ tɔ̄ngˋ tīauˋ	遊客／旅客	engine-auto	
ยังไม่เคยไปเชียงใหม่	yang mai khoei pai chiang mai	yang maiˋ kə̄i bai chīang maiˇ	還沒去過清邁	engine-auto	
ต้องไปเชียงใหม่	tong pai chiang mai	dɔ̄ngˋ bai chīang maiˇ	一定要去清邁	engine-auto	
ไปแค่พัทยา	pai khae phatthaya	bai kɛ̄ˋ pat~ yā	只去了芭達雅	engine-auto	
รายการท่องเที่ยว	rai kan thong thiao	rāi gān tɔ̄ngˋ tīauˋ	旅遊節目	engine-auto	
ก็อยากไปเที่ยวทันทีเลย	ko yak pai thiao thanthi loei	gɔ̄ˋ yākˋ bai tīauˋ tan tī lə̄i	就馬上想去旅行	engine-auto	
ข้าราชการ	kha ratchakan	kāˋ rātˋ gān	公務員	engine-auto	
บางคน	bang khon	bhāng kon	有些人	engine-auto	
ข้าราชการบางคน	kha ratchakan bang khon	kāˋ rātˋ gān bhāng kon	有些公務員	engine-auto	
รับเงินใต้โต๊ะ	rap ngoen tai to	rap~ ngə̄n daiˋ do~	收受賄賂	engine-auto	
ให้เงินใต้โต๊ะ	hai ngoen tai to	haiˋ ngə̄n daiˋ do~	行賄	engine-auto	
เงินเดือนสูง	ngoen duean sung	ngə̄n dhɯ̄an sūngˊ	薪水高	engine-auto	
โรงพัก	rong phak	rōng pak~	警察局／派出所	engine-auto	
หน้าที่	na thi	nāˋ tīˋ	職責／任務	engine-auto	
นายจ้าง	nai chang	nāi jāngˋ	雇主	engine-auto	
นายจ้างใจร้อน	nai chang chai ron	nāi jāngˋ jai rɔ̄n~	雇主性子急	engine-auto	
ลูกจ้าง	luk chang	lūkˋ jāngˋ	受雇者／員工	engine-auto	
ลูกจ้างไม่ซื่อ	luk chang mai sue	lūkˋ jāngˋ maiˋ sɯ̄ˋ	員工不老實	engine-auto	
ได้ค่าจ้างวันละเท่าไหร่	dai kha chang wan la thao rai	dhaiˋ kāˋ jāngˋ wan la~ tāuˋ raiˇ	一天的工資是多少？	engine-auto	
ได้ค่าจ้างวันละไม่เท่าไหร่	dai kha chang wan la mai thao rai	dhaiˋ kāˋ jāngˋ wan la~ maiˋ tāuˋ raiˇ	一天拿不到多少工資	engine-auto	
หัวหน้า	hua na	hūaˊ nāˋ	主管／領隊	engine-auto	
หัวหน้าห้อง	hua na hong	hūaˊ nāˋ hɔ̄ngˋ	班長	engine-auto	
มาถึง	ma thueng	mā tɯngˊ	抵達	engine-auto	
คนแรก	khon raek	kon rɛ̄kˋ	第一個人	engine-auto	
ทุกวัน	thuk wan	tuk~ wan	每天	engine-auto	
หัวหน้าห้องมาถึงคนแรกทุกวัน	hua na hong ma thueng khon raek thuk wan	hūaˊ nāˋ hɔ̄ngˋ mā tɯngˊ kon rɛ̄kˋ tuk~ wan	班長每天第一個到	engine-auto	
รอง	rong	rɔ̄ng	副／次一級	engine-auto	
รองหัวหน้า	rong hua na	rɔ̄ng hūaˊ nāˋ	副主管	engine-auto	
รองผู้จัดการ	rong phu chat kan	rɔ̄ng pūˋ jatˇ gān	副經理	engine-auto	
รองเท้า	rong thao	rɔ̄ng tāu~	鞋子	engine-auto	
ชาม	cham	chām	碗	engine-auto	
กินสามชามค่ะ	kin sam cham kha	gin sāmˊ chām kaˋ	吃三碗（女性禮貌）	engine-auto	
ชามเล็ก	cham lek	chām lek~	小碗	engine-auto	
ชามใหญ่	cham yai	chām yaiˇ	大碗	engine-auto	
เอาชามเล็กหรือชามใหญ่	ao cham lek rue cham yai	au chām lek~ rɯ̄ˊ chām yaiˇ	要小碗還是大碗？	engine-auto	
เอากี่ชาม	ao ki cham	au gīˇ chām	要幾碗？	engine-auto	
ถ้วย	thuai	tūayˋ	小碗／杯	engine-auto	
ถ้วยน้ำจิ้ม	thuai nam chim	tūayˋ nām~ jimˋ	沾醬碟	engine-auto	
ถ้วยกาแฟ	thuai kafae	tūayˋ gā fɛ̄	咖啡杯	engine-auto	
เอาข้าวหนึ่งถ้วย	ao khao nueng thuai	au kāuˋ nɯngˇ tūayˋ	要一碗飯	engine-auto	
ไม้	mai	mai~	串	engine-auto	
หมูปิ้งสามไม้	mu ping sam mai	mūˊ bingˋ sāmˊ mai~	三串烤豬肉	engine-auto	
ผมเอาหมูปิ้งสามไม้ครับ	phom ao mu ping sam mai khrap	pomˊ au mūˊ bingˋ sāmˊ mai~ krap~	我要三串烤豬肉（男性禮貌）	engine-auto	
สามไม้ห้าสิบ	sam mai ha sip	sāmˊ mai~ hāˋ sipˇ	三串五十元	engine-auto	
ช้อน	chon	chɔ̄n~	湯匙	engine-auto	
ช้อนกินข้าว	chon kin khao	chɔ̄n~ gin kāuˋ	吃飯用的湯匙	engine-auto	
ช้อนกาแฟ	chon kafae	chɔ̄n~ gā fɛ̄	咖啡匙	engine-auto	
ช้อนโต	chon to	chɔ̄n~ dō	大湯匙	engine-auto	
ช้อนชา	chon cha	chɔ̄n~ chā	茶匙／小湯匙	engine-auto	
ส้อม	som	sɔ̄mˋ	叉子	engine-auto	
คัน	khan	kan	把／輛	engine-auto	
ช้อนสองคัน	chon song khan	chɔ̄n~ sɔ̄ngˊ kan	兩支湯匙	engine-auto	
ส้อมสองคัน	som song khan	sɔ̄mˋ sɔ̄ngˊ kan	兩支叉子	engine-auto	
คู่	khu	kūˋ	雙／對	engine-auto	
ช้อนส้อมหนึ่งคู่	chon som nueng khu	chɔ̄n~ sɔ̄mˋ nɯngˇ kūˋ	一副湯匙和叉子	engine-auto	
ตะเกียบ	takiap	daˇ gīapˇ	筷子	engine-auto	
ใช้ตะเกียบกินข้าว	chai takiap kin khao	chai~ daˇ gīapˇ gin kāuˋ	用筷子吃飯	engine-auto	
ตะเกียบหนึ่งคู่	takiap nueng khu	daˇ gīapˇ nɯngˇ kūˋ	一雙筷子	engine-auto	
รองเท้าหนึ่งคู่	rong thao nueng khu	rɔ̄ng tāu~ nɯngˇ kūˋ	一雙鞋	engine-auto	
รองเท้าคู่นี้คู่ละเท่าไหร่	rong thao khu ni khu la thao rai	rɔ̄ng tāu~ kūˋ nī~ kūˋ la~ tāuˋ raiˇ	這雙鞋一雙多少錢？	engine-auto	
ห่อ	ho	hɔ̄ˇ	包	engine-auto	
ข้าวเหนียวสี่ห่อ	khao niao si ho	kāuˋ nīauˊ sīˇ hɔ̄ˇ	四包糯米飯	engine-auto	
เอาข้าวเหนียวสี่ห่อ	ao khao niao si ho	au kāuˋ nīauˊ sīˇ hɔ̄ˇ	要四包糯米飯	engine-auto	
มาม่าห่อต้มยำ	mama ho tom yam	mā māˋ hɔ̄ˇ domˋ yam	一包冬蔭功口味泡麵	engine-auto	
เอาห่อต้มยำ	ao ho tom yam	au hɔ̄ˇ domˋ yam	要冬蔭功口味那包	engine-auto	
ห่อละเท่าไหร่	ho la thao rai	hɔ̄ˇ la~ tāuˋ raiˇ	一包多少錢？	engine-auto	
กระดาษสองแผ่น	kradat song phaen	graˇ dhātˇ sɔ̄ngˊ pɛ̄nˇ	兩張紙	engine-auto	
ขอกระดาษสองแผ่น	kho kradat song phaen	kɔ̄ˊ graˇ dhātˇ sɔ̄ngˊ pɛ̄nˇ	請給我兩張紙	engine-auto	
ขนมปังแผ่น	khanom pang phaen	kaˇ nom bang pɛ̄nˇ	吐司片	engine-auto	
ผมชอบกินขนมปังแผ่นครับ	phom chop kin khanom pang phaen khrap	pomˊ chɔ̄pˋ gin kaˇ nom bang pɛ̄nˇ krap~	我喜歡吃吐司（男性禮貌）	engine-auto	
กินครั้งละกี่แผ่น	kin khrang la ki phaen	gin krang~ la~ gīˇ pɛ̄nˇ	一次吃幾片？	engine-auto	
กินสองแผ่น	kin song phaen	gin sɔ̄ngˊ pɛ̄nˇ	吃兩片	engine-auto	
ก้อน	kon	gɔ̄nˋ	塊	engine-auto	
ขนมปังสิบก้อน	khanom pang sip kon	kaˇ nom bang sipˇ gɔ̄nˋ	十個麵包	engine-auto	
มีขนมปังสิบก้อน	mi khanom pang sip kon	mī kaˇ nom bang sipˇ gɔ̄nˋ	有十個麵包	engine-auto	
ถ่าน	than	tānˇ	電池／木炭	engine-auto	
ถ่านสามเอ	than sam e	tānˇ sāmˊ ē	AAA 電池	engine-auto	
ถ่านสามเอสองก้อน	than sam e song kon	tānˇ sāmˊ ē sɔ̄ngˊ gɔ̄nˋ	兩顆 AAA 電池	engine-auto	
ใช้ถ่านกี่ก้อน	chai than ki kon	chai~ tānˇ gīˇ gɔ̄nˋ	要用幾顆電池？	engine-auto	
เบียร์กระป๋องใหญ่	bia krapong yai	bhīa graˇ bɔ̄ngˊ yaiˇ	大罐啤酒	engine-auto	
เบียร์กระป๋องเล็ก	bia krapong lek	bhīa graˇ bɔ̄ngˊ lek~	小罐啤酒	engine-auto	
เอาเบียร์กระป๋องใหญ่หรือกระป๋องเล็ก	ao bia krapong yai rue krapong lek	au bhīa graˇ bɔ̄ngˊ yaiˇ rɯ̄ˊ graˇ bɔ̄ngˊ lek~	要大罐啤酒還是小罐啤酒？	engine-auto	
ชอบกินปลากระป๋อง	chop kin pla krapong	chɔ̄pˋ gin blā graˇ bɔ̄ngˊ	喜歡吃魚罐頭	engine-auto	
ทูน่ากระป๋อง	thuna krapong	tū nāˋ graˇ bɔ̄ngˊ	鮪魚罐頭	engine-auto	
ลิ้นจี่กระป๋อง	linchi krapong	lin~ jīˇ graˇ bɔ̄ngˊ	荔枝罐頭	engine-auto	
ผืน	phuen	pɯ̄nˊ	條／幅	engine-auto	
แพ็ก	phaek	pɛk~	組／包	engine-auto	
มาม่าหนึ่งแพ็กมีหกซอง	mama nueng phaek mi hok song	mā māˋ nɯngˇ pɛk~ mī hokˇ sɔ̄ng	一組泡麵有六包	engine-auto	
เครื่อง	khrueang	krɯ̄angˋ	台	book-exact	(book-exact已用引擎重新驗證)
คอมพิวเตอร์หนึ่งเครื่อง	khom phiw toe nueng khrueang	kɔ̄m piw də̄ nɯngˇ krɯ̄angˋ	一台電腦	engine-auto	
ผมมีคอมพิวเตอร์หนึ่งเครื่องครับ	phom mi khom phiw toe nueng khrueang khrap	pomˊ mī kɔ̄m piw də̄ nɯngˇ krɯ̄angˋ krap~	我有一台電腦（男性禮貌）	engine-auto	
มือถือสองเครื่อง	mue thue song khrueang	mɯ̄ tɯ̄ˊ sɔ̄ngˊ krɯ̄angˋ	兩支手機	engine-auto	
เครื่องซักผ้า	khrueang sak pha	krɯ̄angˋ sak~ pāˋ	洗衣機	engine-auto	
ไอโฟนรุ่นสิบสอง	ai fon run sip song	ai fōn runˋ sipˇ sɔ̄ngˊ	iPhone 12 型號	engine-auto	
สาย	sai	sāiˊ	路／線	engine-auto	
รถเมล์สายสองเจ็ดเจ็ด	rot me sai song chet chet	rot~ mē sāiˊ sɔ̄ngˊ jetˇ jetˇ	277 路公車	engine-auto	
รถเมล์สายเจ็ดสิบสี่	rot me sai chet sip si	rot~ mē sāiˊ jetˇ sipˇ sīˇ	74 路公車	engine-auto	
หลัง	lang	langˊ	棟	engine-auto	
บ้านหลังนี้สวย	ban lang ni suai	bhānˋ langˊ nī~ sūayˊ	這棟房子很漂亮	engine-auto	
มีบ้านสองหลัง	mi ban song lang	mī bhānˋ sɔ̄ngˊ langˊ	有兩棟房子	engine-auto	
ลำ	lam	lam	艘／架	engine-auto	
เรือห้าลำ	ruea ha lam	rɯ̄a hāˋ lam	五艘船	engine-auto	
เครื่องบินลำใหญ่	khrueang bin lam yai	krɯ̄angˋ bhin lam yaiˇ	大型飛機	engine-auto	
รถคันนี้สีแดง	rot khan ni si daeng	rot~ kan nī~ sīˊ dhɛ̄ng	這輛車是紅色的	engine-auto	
มีรถหนึ่งคัน	mi rot nueng khan	mī rot~ nɯngˇ kan	有一輛車	engine-auto	
แห่ง	haeng	hɛ̄ngˇ	處	engine-auto	
โรงแรมสามแห่ง	rong raem sam haeng	rōng rɛ̄m sāmˊ hɛ̄ngˇ	三間飯店	engine-auto	
อยากได้เงิน	yak dai ngoen	yākˋ dhaiˋ ngə̄n	想要錢	engine-auto	
อยากได้ความสุข	yak dai khwam suk	yākˋ dhaiˋ kwām sukˇ	想得到幸福	engine-auto	
คนแบบนี้	khon baep ni	kon bhɛ̄pˇ nī~	這種人	engine-auto	
นาฬิกาแบบนี้	nalika baep ni	nā li~ gā bhɛ̄pˇ nī~	這種手錶／時鐘	engine-auto	
ไม่ชอบนาฬิกาแบบนี้	mai chop nalika baep ni	maiˋ chɔ̄pˋ nā li~ gā bhɛ̄pˇ nī~	不喜歡這種手錶	engine-auto	
มื้อ	mue	mɯ̄~	餐	engine-auto	
กินข้าววันละสามมื้อ	kin khao wan la sam mue	gin kāuˋ wan la~ sāmˊ mɯ̄~	一天吃三餐	engine-auto	
มื้อเช้า	mue chao	mɯ̄~ chāu~	早餐	engine-auto	
มื้อกลางวัน	mue klang wan	mɯ̄~ glāng wan	午餐	engine-auto	
มื้อเย็น	mue yen	mɯ̄~ yen	晚餐	engine-auto	
มื้อดึก	mue duek	mɯ̄~ dhɯkˇ	宵夜	engine-auto	
คำ	kham	kam	口	engine-auto	
กินสองคำ	kin song kham	gin sɔ̄ngˊ kam	吃兩口	engine-auto	
กินคำใหญ่	kin kham yai	gin kam yaiˇ	吃一大口	engine-auto	
กินคำเล็กๆ	kin kham lek lek	gin kam lek~ lek~	小口吃	engine-auto	
กินสองคำก็อิ่มแล้ว	kin song kham ko im laeo	gin sɔ̄ngˊ kam gɔ̄ˋ imˇ lɛ̄u~	吃兩口就飽了	engine-auto	
รถคันแรกที่ฉันซื้อ	rot khan raek thi chan sue	rot~ kan rɛ̄kˋ tīˋ chanˊ sɯ̄~	我買的第一輛車	engine-auto	
ก็คือยี่ห้อนี้	ko khue yiho ni	gɔ̄ˋ kɯ̄ yīˋ hɔ̄ˋ nī~	就是這個品牌	engine-auto	
รถคันแรกที่ฉันซื้อก็คือยี่ห้อนี้	rot khan raek thi chan sue ko khue yiho ni	rot~ kan rɛ̄kˋ tīˋ chanˊ sɯ̄~ gɔ̄ˋ kɯ̄ yīˋ hɔ̄ˋ nī~	我買的第一輛車就是這個品牌	engine-auto	
